00001	5-11
00002	5-11
00003	5-11
00004	5-11
00005	5-11
00006	5-11
00007	5-11
00008	5-11
00009	5-11
00010	5-11
00011	5-11
00012	5-11
00013	5-11
00014	5-11
00015	5-11
00016	5-11
00017	5-11
00018	5-11
00019	5-11
00020	5-11
00021	5-11
00022	5-11
00023	5-11
00024	5-11
00025	5-11
00026	5-11
00027	5-11
00028	5-11
00029	5-11
00030	5-11
00031	5-11
00032	5-11
00033	5-11
00034	5-11
00035	5-11
00036	5-11
00037	5-11
00038	5-11
00039	5-11
00040	5-11
00041	5-11
00042	5-11
00043	5-11
00044	5-11
00045	5-11
00046	5-11
00047	5-11
00048	5-11
00049	5-11
00050	5-11
00051	5-11
00052	5-11
00053	5-11
00054	5-11
00055	5-11
00056	5-11
00057	5-11
00058	5-11
00059	5-11
00060	5-11
00061	5-11
00062	5-11
00063	5-11
00064	5-11
00065	5-11
00066	5-11
00067	5-11
00068	5-11
00069	5-11
00070	5-11
00071	5-11
00072	5-11
00073	5-11
00074	5-11
00075	5-11
00076	5-11
00077	5-11
00078	5-11
00079	5-11
00080	5-11
00081	5-11
00082	5-11
00083	5-11
00084	5-11
00085	5-11
00086	5-11
00087	5-11
00088	5-11
00089	5-11
00090	5-11
00091	5-11
00092	5-11
00093	5-11
00094	5-11
00095	5-11
00096	5-11
00097	5-11
00098	5-11
00099	5-11
00100	5-11
00101	5-11
00102	5-11
00103	5-11
00104	5-11
00105	5-11
00106	5
00107	5-11
00108	5-11
00109	5-11
00110	5-11
00111	5-11
00112	5-11
00113	5-11
00114	5-11
00115	5-11
00116	5-11
00117	5-11
00118	5-11
00119	5-11
00120	5-11
00121	5-11
00122	5-11
00123	5-11
00124	5-11
00125	5-11
00126	5-11
00127	5-11
00128	5-11
00129	5-11
00130	5-11
00131	5-11
00132	5-11
00133	5-11
00134	5-11
00135	5-11
00136	5-11
00137	5-11
00138	5-11
00139	5-11
00140	5-11
00141	5-11
00142	5-11
00143	5-11
00144	5-11
00145	5-11
00146	5-11
00147	5-11
00148	5-11
00149	5-11
00150	5-11
00151	5-11
00152	5-11
00153	5-11
00154	5-11
00155	5-11
00156	5-11
00157	5-11
00158	5-11
00159	5-11
00160	5-11
00161	5-11
00162	5-11
00163	5-11
00164	5-11
00165	5-11
00166	5-11
00167	5-11
00168	5-11
00169	5-11
00170	5-11
00171	5-11
00172	5-11
00173	5-11
00174	5-11
00175	5-11
00176	5-11
00177	5-11
00178	5-11
00179	5-11
00180	5-11
00181	5-11
00182	5-11
00183	5-11
00184	5-11
00185	5-11
00186	5-11
00187	5-11
00188	5-11
00189	5-11
00190	5-11
00191	5-11
00192	5-11
00193	5-11
00194	5-11
00195	5-11
00196	5-11
00197	5-11
00198	5-11
00199	5-11
00200	5-11
00201	5-11
00202	5-11
00203	5-11
00204	5-11
00205	5-11
00206	5-11
00207	5-11
00208	5-11
00209	5-11
00210	5-11
00211	5-11
00212	5-11
00213	100MEDIA
00214	100MEDIA
00215	100MEDIA
00216	100MEDIA
00217	100MEDIA
00218	100MEDIA
00219	100MEDIA
00220	100MEDIA
00221	100MEDIA
00222	100MEDIA
00223	100MEDIA
00224	100MEDIA
00225	100MEDIA
00226	100MEDIA
00227	100MEDIA
00228	100MEDIA
00229	100MEDIA
00230	100MEDIA
00231	100MEDIA
00232	100MEDIA
00233	100MEDIA
00234	100MEDIA
00235	100MEDIA
00236	100MEDIA
00237	100MEDIA
00238	100MEDIA
00239	100MEDIA
00240	100MEDIA
00241	100MEDIA
00242	100MEDIA
00243	100MEDIA
00244	100MEDIA
00245	100MEDIA
00246	100MEDIA
00247	100MEDIA
00248	100MEDIA
00249	100MEDIA
00250	100MEDIA
00251	100MEDIA
00252	100MEDIA
00253	100MEDIA
00254	100MEDIA
00255	100MEDIA
00256	100MEDIA
00257	100MEDIA
00258	100MEDIA
00259	100MEDIA
00260	100MEDIA
00261	100MEDIA
00262	100MEDIA
00263	100MEDIA
00264	100MEDIA
00265	100MEDIA
00266	100MEDIA
00267	100MEDIA
00268	100MEDIA
00269	100MEDIA
00270	100MEDIA
00271	100MEDIA
00272	100MEDIA
00273	100MEDIA
00274	100MEDIA
00275	100MEDIA
00276	100MEDIA
00277	100MEDIA
00278	100MEDIA
00279	100MEDIA
00280	100MEDIA
00281	100MEDIA
00282	100MEDIA
00283	100MEDIA
00284	100MEDIA
00285	100MEDIA
00286	100MEDIA
00287	100MEDIA
00288	100MEDIA
00289	100MEDIA
00290	100MEDIA
00291	100MEDIA
00292	100MEDIA
00293	100MEDIA
00294	100MEDIA
00295	100MEDIA
00296	100MEDIA
00297	100MEDIA
00298	100MEDIA
00299	100MEDIA
00300	100MEDIA
00301	100MEDIA
00302	100MEDIA
00303	100MEDIA
00304	100MEDIA
00305	100MEDIA
00306	100MEDIA
00307	100MEDIA
00308	100MEDIA
00309	100MEDIA
00310	100MEDIA
00311	100MEDIA
00312	100MEDIA
00313	100MEDIA
00314	100MEDIA
00315	100MEDIA
00316	100MEDIA
00317	100MEDIA
00318	100MEDIA
00319	100MEDIA
00320	100MEDIA
00321	100MEDIA
00322	100MEDIA
00323	100MEDIA
00324	100MEDIA
00325	100MEDIA
00326	100MEDIA
00327	100MEDIA
00328	100MEDIA
00329	100MEDIA
00330	100MEDIA
00331	100MEDIA
00332	100MEDIA
00333	100MEDIA
00334	100MEDIA
00335	100MEDIA
00336	100MEDIA
00337	100MEDIA
00338	100MEDIA
00339	100MEDIA
00340	100MEDIA
00341	100MEDIA
00342	100MEDIA
00343	100MEDIA
00344	100MEDIA
00345	100MEDIA
00346	100MEDIA
00347	100MEDIA
00348	100MEDIA
00349	100MEDIA
00350	100MEDIA
00351	100MEDIA
00352	100MEDIA
00353	100MEDIA
00354	100MEDIA
00355	100MEDIA
00356	100MEDIA
00357	100MEDIA
00358	100MEDIA
00359	100MEDIA
00360	100MEDIA
00361	100MEDIA
00362	100MEDIA
00363	100MEDIA
00364	100MEDIA
00365	100MEDIA
00366	100MEDIA
00367	100MEDIA
00368	100MEDIA
00369	100MEDIA
00370	100MEDIA
00371	100MEDIA
00372	100MEDIA
00373	100MEDIA
00374	100MEDIA
00375	100MEDIA
00376	100MEDIA
00377	100MEDIA
00378	100MEDIA
00379	100MEDIA
00380	100MEDIA
00381	100MEDIA
00382	100MEDIA
00383	100MEDIA
00384	100MEDIA
00385	100MEDIA
00386	100MEDIA
00387	100MEDIA
00388	100MEDIA
00389	100MEDIA
00390	100MEDIA
00391	100MEDIA
00392	100MEDIA
00393	100MEDIA
00394	100MEDIA
00395	100MEDIA
00396	100MEDIA
00397	100MEDIA
00398	100MEDIA
00399	100MEDIA
00400	100MEDIA
00401	100MEDIA
00402	100MEDIA
00403	100MEDIA
00404	100MEDIA
00405	100MEDIA
00406	100MEDIA
00407	100MEDIA
00408	100MEDIA
00409	100MEDIA
00410	100MEDIA
00411	100MEDIA
00412	100MEDIA
00413	100MEDIA
00414	100MEDIA
00415	100MEDIA
00416	100MEDIA
00417	100MEDIA
00418	100MEDIA
00419	100MEDIA
00420	100MEDIA
00421	100MEDIA
00422	100MEDIA
00423	100MEDIA
00424	100MEDIA
00425	100MEDIA
00426	100MEDIA
00427	100MEDIA
00428	100MEDIA
00429	100MEDIA
00430	100MEDIA
00431	100MEDIA
00432	100MEDIA
00433	100MEDIA
00434	100MEDIA
00435	100MEDIA
00436	100MEDIA
00437	100MEDIA
00438	100MEDIA
00439	100MEDIA
00440	100MEDIA
00441	100MEDIA
00442	100MEDIA
00443	100MEDIA
00444	100MEDIA
00445	100MEDIA
00446	100MEDIA
00447	100MEDIA
00448	100MEDIA
00449	100MEDIA
00450	100MEDIA
00451	100MEDIA
00452	100MEDIA
00453	100MEDIA
00454	100MEDIA
00455	100MEDIA
00456	100MEDIA
00457	100MEDIA
00458	100MEDIA
00459	100MEDIA
00460	100MEDIA
00461	100MEDIA
00462	100MEDIA
00463	100MEDIA
00464	100MEDIA
00465	100MEDIA
00466	100MEDIA
00467	100MEDIA
00468	100MEDIA
00469	100MEDIA
00470	100MEDIA
00471	100MEDIA
00472	100MEDIA
00473	100MEDIA
00474	100MEDIA
00475	100MEDIA
00476	100MEDIA
00477	100MEDIA
00478	100MEDIA
00479	100MEDIA
00480	100MEDIA
00481	100MEDIA
00482	100MEDIA
00483	100MEDIA
00484	100MEDIA
00485	100MEDIA
00486	100MEDIA
00487	100MEDIA
00488	100MEDIA
00489	100MEDIA
00490	100MEDIA
00491	100MEDIA
00492	100MEDIA
00493	100MEDIA
00494	100MEDIA
00495	100MEDIA
00496	100MEDIA
00497	100MEDIA
00498	100MEDIA
00499	100MEDIA
00500	100MEDIA
00501	100MEDIA
00502	100MEDIA
00503	100MEDIA
00504	100MEDIA
00505	100MEDIA
00506	100MEDIA
00507	100MEDIA
00508	100MEDIA
00509	100MEDIA
00510	100MEDIA
00511	100MEDIA
00512	100MEDIA
00513	100MEDIA
00514	100MEDIA
00515	100MEDIA
00516	100MEDIA
00517	100MEDIA
00518	100MEDIA
00519	100MEDIA
00520	100MEDIA
00521	100MEDIA
00522	100MEDIA
00523	101MEDIA
00524	101MEDIA
00525	101MEDIA
00526	101MEDIA
00527	101MEDIA
00528	101MEDIA
00529	101MEDIA
00530	101MEDIA
00531	101MEDIA
00532	101MEDIA
00533	101MEDIA
00534	101MEDIA
00535	101MEDIA
00536	101MEDIA
00537	101MEDIA
00538	101MEDIA
00539	101MEDIA
00540	101MEDIA
00541	101MEDIA
00542	101MEDIA
00543	101MEDIA
00544	101MEDIA
00545	101MEDIA
00546	101MEDIA
00547	101MEDIA
00548	101MEDIA
00549	101MEDIA
00550	101MEDIA
00551	5-13
00552	5-13
00553	5-13
00554	5-13
00555	5-13
00556	5-13
00557	5-13
00558	5-13
00559	5-13
00560	5-13
00561	5-13
00562	5-13
00563	5-13
00564	5-13
00565	5-13
00566	5-13
00567	5-13
00568	5-13
00569	5-13
00570	5-13
00571	5-13
00572	5-13
00573	5-13
00574	5-13
00575	5-13
00576	5-13
00577	5-13
00578	5-13
00579	5-13
00580	5-13
00581	5-13
00582	5-13
00583	5-13
00584	5-13
00585	5-13
00586	5-13
00587	5-13
00588	5-13
00589	5-13
00590	5-13
00591	5-13
00592	5-13
00593	5-13
00594	5-13
00595	5-13
00596	5-13
00597	5-13
00598	5-13
00599	5-13
00600	5-13
00601	5-13
00602	5-13
00603	5-13
00604	5-13
00605	5-13
00606	5-13
00607	5-13
00608	5-13
00609	5-13
00610	5-13
00611	5-13
00612	5-13
00613	5-13
00614	5-13
00615	5-13
00616	5-13
00617	5-13
00618	5-13
00619	5-13
00620	5-13
00621	5-13
00622	5-13
00623	5-13
00624	5-13
00625	5-13
00626	5-13
00627	5-13
00628	5-13
00629	5-13
00630	5-13
00631	5-13
00632	5-13
00633	5-13
00634	5-13
00635	5-13
00636	5-13
00637	5-13
00638	5-13
00639	5-13
00640	5-13
00641	5-13
00642	5-13
00643	5-13
00644	5-13
00645	5-13
00646	5-13
00647	5-13
00648	5-13
00649	5-13
00650	5-13
00651	5-13
00652	5-13
00653	5-13
00654	5-13
00655	5-13
00656	5-13
00657	5-13
00658	5-13
00659	5-13
00660	5-13
00661	5-13
00662	5-13
00663	5-13
00664	5-13
00665	5-13
00666	5-13
00667	5-13
00668	5-13
00669	5-13
00670	5-13
00671	5-13
00672	5-13
00673	5-13
00674	5-13
00675	5-13
00676	5-13
00677	5-13
00678	5-13
00679	5-13
00680	5-13
00681	5-13
00682	5-13
00683	5-13
00684	5-13
00685	5-13
00686	5-13
00687	5-13
00688	5-13
00689	5-13
00690	5-13
00691	5-13
00692	5-13
00693	5-13
00694	5-13
00695	5-13
00696	5-13
00697	5-13
00698	5-13
00699	5-13
00700	5-13
00701	5-13
00702	5-13
00703	5-13
00704	5-13
00705	5-13
00706	5-13
00707	5-13
00708	5-13
00709	5-13
00710	5-13
00711	5-13
00712	5-13
00713	5-13
00714	5-13
00715	5-13
00716	5-13
00717	5-13
00718	5-13
00719	5-13
00720	5-13
00721	5-13
00722	5-13
00723	5-13
00724	5-13
00725	5-13
00726	5-13
00727	5-13
00728	5-13
00729	5-13
00730	5-13
00731	5-13
00732	5-13
00733	5-13
00734	5-13
00735	5-13
00736	5-13
00737	5-13
00738	5-13
00739	5-13
00740	5-13
00741	5-13
00742	5-13
00743	5-13
00744	5-13
00745	5-13
00746	5-13
00747	5-13
00748	5-13
00749	5-13
00750	5-13
00751	5-13
00752	5-13
00753	5-13
00754	5-13
00755	5-13
00756	5-13
00757	5-13
00758	5-13
00759	5-13
00760	5-13
00761	5-13
00762	5-13
00763	5-13
00764	5-13
00765	5-13
00766	5-13
00767	5-13
00768	5-13
00769	5-13
00770	5-13
00771	5-13
00772	5-13
00773	5-13
00774	5-13
00775	5-13
00776	5-13
00777	5-13
00778	5-13
00779	5-13
00780	5-13
00781	5-13
00782	5-13
00783	5-13
00784	5-13
00785	5-13
00786	5-13
00787	5-13
00788	5-13
00789	5-13
00790	5-13
00791	5-13
00792	5-13
00793	5-13
00794	5-13
00795	5-13
00796	5-13
00797	5-13
00798	5-13
00799	5-13
00800	5-13
00801	5-13
00802	5-13
00803	5-13
00804	5-13
00805	5-13
00806	5-13
00807	5-13
00808	5-13
00809	5-13
00810	5-13
00811	5-14 (2)
00812	5-14 (2)
00813	5-14 (2)
00814	5-14 (2)
00815	5-14 (2)
00816	5-14 (2)
00817	5-14 (2)
00818	5-14 (2)
00819	5-14 (2)
00820	5-14 (2)
00821	5-14 (2)
00822	5-14 (2)
00823	5-14 (2)
00824	5-14 (2)
00825	5-14 (2)
00826	5-14 (2)
00827	5-14 (2)
00828	5-14 (2)
00829	5-14 (2)
00830	5-14 (2)
00831	5-14 (2)
00832	5-14 (2)
00833	5-14 (2)
00834	5-14 (2)
00835	5-14 (2)
00836	5-14 (2)
00837	5-14 (2)
00838	5-14 (2)
00839	5-14 (2)
00840	5-14 (2)
00841	5-14 (2)
00842	5-14 (2)
00843	5-14 (2)
00844	5-14 (2)
00845	5-14 (2)
00846	5-14 (2)
00847	5-14 (2)
00848	5-14 (2)
00849	5-14 (2)
00850	5-14 (2)
00851	5-14 (2)
00852	5-14 (2)
00853	5-14 (2)
00854	5-14
00855	5-14
00856	5-14
00857	5-14
00858	5-14
00859	5-14
00860	5-14
00861	5-14
00862	5-14
00863	5-14
00864	5-14
00865	5-14
00866	5-14
00867	5-14
00868	5-14
00869	5-14
00870	5-14
00871	5-14
00872	5-14
00873	5-14
00874	5-14
00875	5-14
00876	5-14
00877	5-14
00878	5-14
00879	5-14
00880	5-14
00881	5-14
00882	5-14
00883	5-14
00884	5-14
00885	5-14
00886	5-14
00887	5-14
00888	5-14
00889	5-14
00890	5-14
00891	5-14
00892	5-14
00893	5-14
00894	5-14
00895	5-14
00896	5-14
00897	5-14
00898	5-14
00899	5-14
00900	5-14
00901	5-14
00902	5-14
00903	5-14
00904	5-14
00905	5-14
00906	5-14
00907	5-14
00908	5-14
00909	5-14
00910	5-14
00911	5-14
00912	5-14
00913	5-14
00914	5-14
00915	5-14
00916	5-14
00917	5-14
00918	5-14
00919	5-14
00920	5-14
00921	5-14
00922	5-14
00923	5-14
00924	5-14
00925	5-14
00926	5-14
00927	5-14
00928	5-14
00929	5-14
00930	5-14
00931	5-14
00932	5-14
00933	5-14
00934	5-14
00935	5-14
00936	5-14
00937	5-14
00938	5-14
00939	5-14
00940	5-14
00941	5-14
00942	5-14
00943	5-14
00944	5-14
00945	5-14
00946	5-14
00947	5-14
00948	5-14
00949	5-14
00950	5-14
00951	5-14
00952	5-14
00953	5-14
00954	5-14
00955	5-14
00956	5-14
00957	5-14
00958	5-14
00959	5-14
00960	5-14
00961	5-14
00962	5-14
00963	5-14
00964	5-14
00965	5-14
00966	5-14
00967	5-14
00968	5-14
00969	5-14
00970	5-14
00971	5-14
00972	5-14
00973	5-14
00974	5-14
00975	5-14
00976	5-14
00977	5-14
00978	5-14
00979	5-14
00980	5-14
00981	5-14
00982	5-14
00983	5-14
00984	5-14
00985	5-14
00986	5-14
00987	5-14
00988	5-14
00989	5-14
00990	5-14
00991	5-14
00992	5-14
00993	5-14
00994	5-14
00995	5-14
00996	5-14
00997	5-14
00998	5-14
00999	5-14
01000	5-14
01001	5-14
01002	5-14
01003	5-14
01004	5-14
01005	5-14
01006	5-14
01007	5-14
01008	5-14
01009	5-14
01010	5-14
01011	5-14
01012	5-14
01013	5-14
01014	5-14
01015	5-14
01016	5-14
01017	5-14
01018	5-14
01019	5-14
01020	5-14
01021	5-14
01022	5-14
01023	5-14
01024	5-14
01025	5-14
01026	5-14
01027	5-14
01028	5-14
01029	5-14
01030	5-14
01031	5-14
01032	5-14
01033	5-14
01034	5-14
01035	5-14
01036	5-14
01037	5-14
01038	5-14
01039	5-14
01040	5-14
01041	5-14
01042	5-14
01043	5-14
01044	5-14
01045	5-14
01046	5-14
01047	5-14
01048	5-14
01049	5-14
01050	5-14
01051	5-14
01052	5-14
01053	5-14
01054	5-14
01055	5-14
01056	5-14
01057	5-14
01058	5-14
01059	5-14
01060	5-14
01061	5-14
01062	5-14
01063	5-14
01064	5-14
01065	5-14
01066	5-14
01067	5-14
01068	5-14
01069	5-14
01070	5-14
01071	5-14
01072	5-14
01073	5-14
01074	5-14
01075	5-14
01076	5-14
01077	5-14
01078	5-14
01079	5-14
01080	5-14
01081	5-14
01082	5-14
01083	5-14
01084	5-14
01085	5-14
01086	5-14
01087	5-14
01088	5-14
01089	5-14
01090	5-14
01091	5-14
01092	5-14
01093	5-14
01094	5-14
01095	5-14
01096	5-14
01097	5-14
01098	5-14
01099	5-14
01100	5-14
01101	5-14
01102	5-14
01103	5-14
01104	5-14
01105	5-14
01106	5-14
01107	5-14
01108	5-14
01109	5-14
01110	5-14
01111	5-14
01112	5-14
01113	5-14
01114	5-14
01115	5-14
01116	5-14
01117	5-14
01118	5-14
01119	5-14
01120	5-14
01121	5-14
01122	5-14
01123	5-14
01124	5-14
01125	5-14
01126	5-14
01127	5-14
01128	5-14
01129	5-14
01130	5-14
01131	5-14
01132	5-14
01133	5-14
01134	5-14
01135	5-14
01136	5-14
01137	5-14
01138	5-14
01139	5-14
01140	5-14
01141	5-14
01142	5-14
01143	5-14
01144	5-14
01145	5-14
01146	5-14
01147	5-14
01148	5-14
01149	5-14
01150	5-14
01151	5-14
01152	5-14
01153	5-14
01154	5-14
01155	5-14
01156	5-14
01157	5-14
01158	5-14
01159	5-14
01160	5-14
01161	5-14
01162	5-14
01163	5-14
01164	5-14
01165	5-15 (3)
01166	5-15 (3)
01167	5-15 (3)
01168	5-15 (3)
01169	5-15 (3)
01170	5-15 (3)
01171	5-15 (3)
01172	5-15 (3)
01173	5-15 (3)
01174	5-15 (3)
01175	5-15 (3)
01176	5-15 (3)
01177	5-15 (3)
01178	5-15 (3)
01179	5-15 (3)
01180	5-15 (3)
01181	5-15 (3)
01182	5-15 (3)
01183	5-15 (3)
01184	5-15 (3)
01185	5-15 (3)
01186	5-15 (3)
01187	5-15 (3)
01188	5-15 (3)
01189	5-15 (3)
01190	5-15 (3)
01191	5-15 (3)
01192	5-15 (3)
01193	5-15 (2)
01194	5-15 (2)
01195	5-15 (2)
01196	5-15 (2)
01197	5-15 (2)
01198	5-15 (2)
01199	5-15 (2)
01200	5-15 (2)
01201	5-15 (2)
01202	5-15 (2)
01203	5-15 (2)
01204	5-15 (2)
01205	5-15 (2)
01206	5-15 (2)
01207	5-15 (2)
01208	5-15 (2)
01209	5-15 (2)
01210	5-15 (2)
01211	5-15 (2)
01212	5-15 (2)
01213	5-15 (2)
01214	5-15 (2)
01215	5-15 (2)
01216	5-15 (2)
01217	5-15 (2)
01218	5-15 (2)
01219	5-15 (2)
01220	5-15 (2)
01221	5-15 (2)
01222	5-15 (2)
01223	5-15 (2)
01224	5-15 (2)
01225	5-15 (2)
01226	5-15 (2)
01227	5-15 (2)
01228	5-15 (2)
01229	5-15 (2)
01230	5-15 (2)
01231	5-15 (2)
01232	5-15 (2)
01233	5-15 (2)
01234	5-15 (2)
01235	5-15 (2)
01236	5-15 (2)
01237	5-15 (2)
01238	5-15 (2)
01239	5-15 (2)
01240	5-15 (2)
01241	5-15 (2)
01242	5-15 (2)
01243	5-15 (2)
01244	5-15 (2)
01245	5-15 (2)
01246	5-15 (2)
01247	5-15 (2)
01248	5-15 (2)
01249	5-15 (2)
01250	5-15 (2)
01251	5-15 (2)
01252	5-15 (2)
01253	5-15 (2)
01254	5-15 (2)
01255	5-15 (2)
01256	5-15 (2)
01257	5-15 (2)
01258	5-15 (2)
01259	5-15 (2)
01260	5-15 (2)
01261	5-15 (2)
01262	5-15 (2)
01263	5-15 (2)
01264	5-15 (2)
01265	5-15 (2)
01266	5-15 (2)
01267	5-15 (2)
01268	5-15 (2)
01269	5-15 (2)
01270	5-15 (2)
01271	5-15 (2)
01272	5-15 (2)
01273	5-15 (2)
01274	5-15 (2)
01275	5-15 (2)
01276	5-15 (2)
01277	5-15 (2)
01278	5-15 (2)
01279	5-15 (2)
01280	5-15 (2)
01281	5-15 (2)
01282	5-15 (2)
01283	5-15 (2)
01284	5-15 (2)
01285	5-15 (2)
01286	5-15 (2)
01287	5-15 (2)
01288	5-15 (2)
01289	5-15 (2)
01290	5-15 (2)
01291	5-15 (2)
01292	5-15 (2)
01293	5-15 (2)
01294	5-15 (2)
01295	5-15 (2)
01296	5-15 (2)
01297	5-15 (2)
01298	5-15 (2)
01299	5-15 (2)
01300	5-15 (2)
01301	5-15 (2)
01302	5-15 (2)
01303	5-15 (2)
01304	5-15 (2)
01305	5-15 (2)
01306	5-15 (2)
01307	5-15 (2)
01308	5-15 (2)
01309	5-15 (2)
01310	5-15 (2)
01311	5-15 (2)
01312	5-15 (2)
01313	5-15 (2)
01314	5-15 (2)
01315	5-15 (2)
01316	5-15 (2)
01317	5-15 (2)
01318	5-15 (2)
01319	5-15 (2)
01320	5-15 (2)
01321	5-15 (2)
01322	5-15 (2)
01323	5-15 (2)
01324	5-15 (2)
01325	5-15 (2)
01326	5-15 (2)
01327	5-15 (2)
01328	5-15 (2)
01329	5-15 (2)
01330	5-15 (2)
01331	5-15 (2)
01332	5-15 (2)
01333	5-15 (2)
01334	5-15 (2)
01335	5-15 (2)
01336	5-15 (2)
01337	5-15 (2)
01338	5-15 (2)
01339	5-15 (2)
01340	5-15 (2)
01341	5-15 (2)
01342	5-15 (2)
01343	5-15 (2)
01344	5-15 (2)
01345	5-15 (2)
01346	5-15 (2)
01347	5-15 (2)
01348	5-15 (2)
01349	5-15 (2)
01350	5-15 (2)
01351	5-15 (2)
01352	5-15 (2)
01353	5-15 (2)
01354	5-15 (2)
01355	5-15 (2)
01356	5-15 (2)
01357	5-15 (2)
01358	5-15 (2)
01359	5-15 (2)
01360	5-15 (2)
01361	5-15 (2)
01362	5-15 (2)
01363	5-15 (2)
01364	5-15 (2)
01365	5-15 (2)
01366	5-15 (2)
01367	5-15 (2)
01368	5-15 (2)
01369	5-15 (2)
01370	5-15 (2)
01371	5-15 (2)
01372	5-15 (2)
01373	5-15 (2)
01374	5-15 (2)
01375	5-15 (2)
01376	5-15 (2)
01377	5-15 (2)
01378	5-15 (2)
01379	5-15 (2)
01380	5-15 (2)
01381	5-15 (2)
01382	5-15 (2)
01383	5-15 (2)
01384	5-15 (2)
01385	5-15 (2)
01386	5-15 (2)
01387	5-15 (2)
01388	5-15 (2)
01389	5-15 (2)
01390	5-15 (2)
01391	5-15 (2)
01392	5-15 (2)
01393	5-15 (2)
01394	5-15 (2)
01395	5-15 (2)
01396	5-15 (2)
01397	5-15 (2)
01398	5-15 (2)
01399	5-15 (2)
01400	5-15 (2)
01401	5-15 (2)
01402	5-15 (2)
01403	5-15 (2)
01404	5-15 (2)
01405	5-15 (2)
01406	5-15 (2)
01407	5-15 (2)
01408	5-15 (2)
01409	5-15 (2)
01410	5-15 (2)
01411	5-15 (2)
01412	5-15 (2)
01413	5-15 (2)
01414	5-15 (2)
01415	5-15 (2)
01416	5-15 (2)
01417	5-15 (2)
01418	5-15 (2)
01419	5-15 (2)
01420	5-15 (2)
01421	5-15 (2)
01422	5-15 (2)
01423	5-15 (2)
01424	5-15 (2)
01425	5-15 (2)
01426	5-15 (2)
01427	5-15 (2)
01428	5-15 (2)
01429	5-15 (2)
01430	5-15 (2)
01431	5-15 (2)
01432	5-15 (2)
01433	5-15 (2)
01434	5-15 (2)
01435	5-15 (2)
01436	5-15 (2)
01437	5-15 (2)
01438	5-15 (2)
01439	5-15 (2)
01440	5-15 (2)
01441	5-15 (2)
01442	5-15 (2)
01443	5-15 (2)
01444	5-15 (2)
01445	5-15 (2)
01446	5-15 (2)
01447	5-15 (2)
01448	5-15 (2)
01449	5-15 (2)
01450	5-15 (2)
01451	5-15 (2)
01452	5-15 (2)
01453	5-15 (2)
01454	5-15 (2)
01455	5-15 (2)
01456	5-15 (2)
01457	5-15 (2)
01458	5-15 (2)
01459	5-15 (2)
01460	5-15 (2)
01461	5-15 (2)
01462	5-15 (2)
01463	5-15 (2)
01464	5-15 (2)
01465	5-15 (2)
01466	5-15 (2)
01467	5-15 (2)
01468	5-15 (2)
01469	5-15 (2)
01470	5-15 (2)
01471	5-15 (2)
01472	5-15 (2)
01473	5-15 (2)
01474	5-15 (2)
01475	5-15 (2)
01476	5-15 (2)
01477	5-15 (2)
01478	5-15 (2)
01479	5-15 (2)
01480	5-15 (2)
01481	5-15 (2)
01482	5-15 (2)
01483	5-15 (2)
01484	5-15 (2)
01485	5-15 (2)
01486	5-15 (2)
01487	5-15 (2)
01488	5-15 (2)
01489	5-15 (2)
01490	5-15 (2)
01491	5-15 (2)
01492	5-15 (2)
01493	5-15 (2)
01494	5-15 (2)
01495	5-15 (2)
01496	5-15 (2)
01497	5-15 (2)
01498	5-15 (2)
01499	5-15 (2)
01500	5-15
01501	5-15
01502	5-15
01503	5-15
01504	5-15
01505	5-15
01506	5-15
01507	5-15
01508	5-15
01509	5-15
01510	5-15
01511	5-15
01512	5-15
01513	5-15
01514	5-15
01515	5-15
01516	5-15
01517	5-15
01518	5-15
01519	5-15
01520	5-15
01521	5-15
01522	5-15
01523	5-15
01524	5-15
01525	5-15
01526	5-15
01527	5-15
01528	5-15
01529	5-15
01530	5-15
01531	5-15
01532	5-15
01533	5-15
01534	5-15
01535	5-15
01536	5-15
01537	5-15
01538	5-15
01539	5-15
01540	5-15
01541	5-15
01542	5-15
01543	5-15
01544	5-15
01545	5-15
01546	5-15
01547	5-15
01548	5-15
01549	5-15
01550	5-15
01551	5-15
01552	5-15
01553	5-15
01554	5-15
01555	5-15
01556	5-15
01557	5-15
01558	5-15
01559	5-15
01560	5-15
01561	5-15
01562	5-15
01563	5-15
01564	5-15
01565	5-15
01566	5-15
01567	5-15
01568	5-15
01569	5-15
01570	5-15
01571	5-15
01572	5-15
01573	5-15
01574	5-15
01575	5-15
01576	5-15
01577	5-15
01578	5-15
01579	5-15
01580	5-15
01581	5-15
01582	5-15
01583	5-15
01584	5-15
01585	5-15
01586	5-15
01587	5-15
01588	5-15
01589	5-15
01590	5-15
01591	5-15
01592	5-15
01593	5-15
01594	5-15
01595	5-15
01596	5-15
01597	5-15
01598	5-15
01599	5-15
01600	5-15
01601	5-15
01602	5-15
01603	5-15
01604	5-15
01605	5-15
01606	5-15
01607	5-15
01608	5-15
01609	5-15
01610	5-15
01611	5-15
01612	5-15
01613	5-15
01614	5-15
01615	5-15
01616	5-15
01617	5-15
01618	5-15
01619	5-15
01620	5-15
01621	5-15
01622	5-15
01623	5-15
01624	5-15
01625	5-15
01626	5-15
01627	5-15
01628	5-15
01629	5-15
01630	5-15
01631	5-15
01632	5-15
01633	5-15
01634	5-15
01635	5-15
01636	5-15
01637	5-15
01638	5-15
01639	5-15
01640	5-15
01641	5-15
01642	5-15
01643	5-15
01644	5-15
01645	5-15
01646	5-15
01647	5-15
01648	5-15
01649	5-15
01650	5-15
01651	5-15
01652	5-15
01653	5-15
01654	5-15
01655	5-15
01656	5-15
01657	5-15
01658	5-15
01659	5-15
01660	5-15
01661	5-15
01662	5-15
01663	5-15
01664	5-15
01665	5-15
01666	5-15
01667	5-15
01668	5-15
01669	5-15
01670	5-15
01671	5-15
01672	5-15
01673	5-15
01674	5-15
01675	5-15
01676	5-15
01677	5-15
01678	5-15
01679	5-15
01680	5-15
01681	5-15
01682	5-15
01683	5-15
01684	5-15
01685	5-15
01686	5-15
01687	5-15
01688	5-15
01689	5-15
01690	5-15
01691	5-15
01692	5-15
01693	5-15
01694	5-15
01695	5-15
01696	5-15
01697	5-15
01698	5-15
01699	5-15
01700	5-15
01701	5-15
01702	5-15
01703	5-15
01704	5-15
01705	5-15
01706	5-15
01707	5-15
01708	5-15
01709	5-15
01710	5-15
01711	5-15
01712	5-15
01713	5-15
01714	5-15
01715	5-15
01716	5-15
01717	5-15
01718	5-15
01719	5-15
01720	5-15
01721	5-15
01722	5-15
01723	5-15
01724	5-15
01725	5-15
01726	5-15
01727	5-15
01728	5-15
01729	5-15
01730	5-15
01731	5-15
01732	5-15
01733	5-15
01734	5-15
01735	5-15
01736	5-15
01737	5-15
01738	5-15
01739	5-15
01740	5-15
01741	5-15
01742	5-15
01743	5-15
01744	5-15
01745	5-15
01746	5-15
01747	5-15
01748	5-15
01749	5-15
01750	5-15
01751	5-15
01752	5-15
01753	5-15
01754	5-15
01755	5-15
01756	5-15
01757	5-15
01758	5-15
01759	5-15
01760	5-15
01761	5-15
01762	5-15
01763	5-15
01764	5-15
01765	5-15
01766	5-15
01767	5-15
01768	5-15
01769	5-15
01770	5-15
01771	5-15
01772	5-15
01773	5-15
01774	5-15
01775	5-15
01776	5-15
01777	5-15
01778	5-15
01779	5-15
01780	5-15
01781	5-15
01782	5-15
01783	5-15
01784	5-15
01785	5-15
01786	5-15
01787	5-15
01788	5-15
01789	5-15
01790	5-15
01791	5-15
01792	5-15
01793	5-15
01794	5-15
01795	5-15
01796	5-15
01797	5-15
01798	5-17 (2)
01799	5-17 (2)
01800	5-17 (2)
01801	5-17 (2)
01802	5-17 (2)
01803	5-17 (2)
01804	5-17 (2)
01805	5-17 (2)
01806	5-17 (2)
01807	5-17 (2)
01808	5-17 (2)
01809	5-17 (2)
01810	5-17 (2)
01811	5-17 (2)
01812	5-17 (2)
01813	5-17 (2)
01814	5-17 (2)
01815	5-17 (2)
01816	5-17 (2)
01817	5-17 (2)
01818	5-17 (2)
01819	5-17 (2)
01820	5-17 (2)
01821	5-17 (2)
01822	5-17 (2)
01823	5-17 (2)
01824	5-17 (2)
01825	5-17 (2)
01826	5-17 (2)
01827	5-17 (2)
01828	5-17 (2)
01829	5-17 (2)
01830	5-17 (2)
01831	5-17 (2)
01832	5-17 (2)
01833	5-20 (2)
01834	5-20 (2)
01835	5-20 (2)
01836	5-20 (2)
01837	5-20 (2)
01838	5-20 (2)
01839	5-20 (2)
01840	5-20 (2)
01841	5-20 (2)
01842	5-20 (2)
01843	5-20 (2)
01844	5-20 (2)
01845	5-20 (2)
01846	5-20 (2)
01847	5-20 (2)
01848	5-20 (2)
01849	5-20 (2)
01850	5-20 (2)
01851	5-20 (2)
01852	5-20 (2)
01853	5-20 (2)
01854	5-20 (2)
01855	5-20 (2)
01856	5-20 (2)
01857	5-20 (2)
01858	5-20 (2)
01859	5-20 (2)
01860	5-20 (2)
01861	5-20 (2)
01862	5-20 (2)
01863	5-20 (2)
01864	5-20 (2)
01865	5-20 (2)
01866	5-20 (2)
01867	5-20 (2)
01868	5-20 (2)
01869	5-20 (2)
01870	5-20 (2)
01871	5-20 (2)
01872	5-20 (2)
01873	5-20 (2)
01874	5-20 (2)
01875	5-20 (2)
01876	5-20 (2)
01877	5-20 (2)
01878	5-20 (2)
01879	5-20 (2)
01880	5-20 (2)
01881	5-20 (2)
01882	5-20 (2)
01883	5-20 (2)
01884	5-20 (2)
01885	5-20 (2)
01886	5-20 (2)
01887	5-20 (2)
01888	5-20 (2)
01889	5-20 (2)
01890	5-20 (2)
01891	5-20 (2)
01892	5-20 (2)
01893	5-20 (2)
01894	5-20 (2)
01895	5-20 (2)
01896	5-20 (2)
01897	5-20 (2)
01898	5-20 (2)
01899	5-20 (2)
01900	5-20 (2)
01901	5-20 (2)
01902	5-20 (2)
01903	5-20 (2)
01904	5-20 (2)
01905	5-20 (2)
01906	5-20 (2)
01907	5-20 (2)
01908	5-20 (2)
01909	5-20 (2)
01910	5-20 (2)
01911	5-20 (2)
01912	5-20 (2)
01913	5-20 (2)
01914	5-20 (2)
01915	5-20 (2)
01916	5-20 (2)
01917	5-20 (2)
01918	5-20 (2)
01919	5-20 (2)
01920	5-20 (2)
01921	5-20 (2)
01922	5-20 (2)
01923	5-20 (2)
01924	5-20 (2)
01925	5-20 (2)
01926	5-20 (2)
01927	5-20 (2)
01928	5-20 (2)
01929	5-20 (2)
01930	5-20 (2)
01931	5-20 (2)
01932	5-20 (2)
01933	5-20 (2)
01934	5-20 (2)
01935	5-20 (2)
01936	5-20 (2)
01937	5-20 (2)
01938	5-20 (2)
01939	5-20 (2)
01940	5-20 (2)
01941	5-20 (2)
01942	5-20 (2)
01943	5-20 (2)
01944	5-20 (2)
01945	5-20 (2)
01946	5-20 (2)
01947	5-20 (2)
01948	5-20 (2)
01949	5-20 (2)
01950	5-20 (2)
01951	5-20 (2)
01952	5-20
01953	5-20
01954	5-20
01955	5-20
01956	5-20
01957	5-20
01958	5-20
01959	5-20
01960	5-20
01961	5-20
01962	5-20
01963	5-20
01964	5-20
01965	5-20
01966	5-20
01967	5-20
01968	5-20
01969	5-20
01970	5-20
01971	5-20
01972	5-20
01973	5-20
01974	5-20
01975	5-20
01976	5-20
01977	5-20
01978	5-20
01979	5-20
01980	5-20
01981	5-20
01982	5-20
01983	5-20
01984	5-20
01985	5-20
01986	5-20
01987	5-20
01988	5-20
01989	5-20
01990	5-20
01991	5-20
01992	5-20
01993	5-20
01994	5-20
01995	5-20
01996	5-20
01997	5-20
01998	5-20
01999	5-20
02000	5-20
02001	5-20
02002	5-20
02003	5-20
02004	5-20
02005	5-20
02006	5-20
02007	5-20
02008	5-20
02009	5-20
02010	5-20
02011	5-20
02012	5-20
02013	5-20
02014	5-20
02015	5-20
02016	5-20
02017	5-20
02018	5-20
02019	5-20
02020	5-20
02021	5-20
02022	5-20
02023	5-20
02024	5-20
02025	5-20
02026	5-20
02027	5-20
02028	5-20
02029	5-20
02030	5-20
02031	5-20
02032	5-20
02033	5-20
02034	5-20
02035	5-20
02036	5-20
02037	5-20
02038	5-20
02039	5-20
02040	5-20
02041	5-20
02042	5-20
02043	5-20
02044	5-20
02045	5-20
02046	5-20
02047	5-20
02048	5-20
02049	5-20
02050	5-20
02051	5-20
02052	5-20
02053	5-20
02054	5-20
02055	5-20
02056	5-20
02057	5-20
02058	5-20
02059	5-20
02060	5-20
02061	5-20
02062	5-20
02063	5-20
02064	5-20
02065	5-20
02066	5-20
02067	5-20
02068	5-20
02069	5-20
02070	5-20
02071	5-20
02072	5-20
02073	5-20
02074	5-20
02075	5-20
02076	5-20
02077	5-20
02078	5-20
02079	5-20
02080	5-20
02081	5-20
02082	5-20
02083	5-20
02084	5-20
02085	5-20
02086	5-20
02087	5-20
02088	5-20
02089	5-20
02090	5-20
02091	5-20
02092	5-20
02093	5-20
02094	5-20
02095	5-20
02096	5-20
02097	5-20
02098	5-20
02099	5-20
02100	5-20
02101	5-20
02102	5-20
02103	5-20
02104	5-20
02105	5-20
02106	5-20
02107	5-20
02108	5-20
02109	5-20
02110	5-20
02111	5-20
02112	5-20
02113	5-20
02114	5-20
02115	5-20
02116	5-20
02117	5-20
02118	5-20
02119	5-20
02120	5-20
02121	5-20
02122	5-20
02123	5-20
02124	5-20
02125	5-20
02126	5-20
02127	5-20
02128	5-20
02129	5-20
02130	5-20
02131	5-20
02132	5-20
02133	5-20
02134	5-20
02135	5-20
02136	5-20
02137	5-20
02138	5-20
02139	5-20
02140	5-20
02141	5-20
02142	5-20
02143	5-20
02144	5-20
02145	5-20
02146	5-20
02147	5-20
02148	5-20
02149	5-20
02150	5-20
02151	5-20
02152	5-20
02153	5-20
02154	5-20
02155	5-20
02156	5-20
02157	5-20
02158	5-20
02159	5-20
02160	5-20
02161	5-20
02162	5-20
02163	5-20
02164	5-20
02165	5-20
02166	5-20
02167	5-20
02168	5-20
02169	5-20
02170	5-20
02171	5-20
02172	5-20
02173	5-20
02174	5-20
02175	5-20
02176	5-20
02177	5-20
02178	5-20
02179	5-20
02180	5-20
02181	5-20
02182	5-20
02183	5-20
02184	5-20
02185	5-20
02186	5-20
02187	5-20
02188	5-20
02189	5-20
02190	5-20
02191	5-20
02192	5-20
02193	5-20
02194	5-20
02195	5-20
02196	5-20
02197	5-20
02198	5-20
02199	5-20
02200	5-20
02201	5-20
02202	5-20
02203	5-20
02204	5-20
02205	5-20
02206	5-20
02207	5-20
02208	5-20
02209	5-20
02210	5-20
02211	5-20
02212	5-20
02213	5-20
02214	5-20
02215	5-20
02216	5-20
02217	5-20
02218	5-20
02219	5-20
02220	5-20
02221	5-20
02222	5-20
02223	5-20
02224	5-20
02225	5-20
02226	5-20
02227	5-20
02228	5-20
02229	5-20
02230	5-20
02231	5-20
02232	5-20
02233	5-20
02234	5-20
02235	5-20
02236	5-20
02237	5-20
02238	5-20
02239	5-20
02240	5-20
02241	5-20
02242	5-20
02243	5-20
02244	5-20
02245	5-20
02246	5-20
02247	5-20
02248	5-20
02249	5-20
02250	5-20
02251	5-20
02252	5-20
02253	5-20
02254	5-20
02255	5-20
02256	5-20
02257	5-20
02258	5-20
02259	5-20
02260	5-20
02261	5-20
02262	5-20
02263	5-20
02264	5-28 (2)
02265	shibiao (2)
02266	shibiao (2)
02267	5-28 (2)
02268	shibiao
02269	shibiao (2)
02270	shibiao
02271	shibiao
02272	shibiao
02273	shibiao (2)
02274	shibiao (2)
02275	5-28 (2)
02276	5-28 (2)
02277	5-28 (2)
02278	5-28 (2)
02279	5-28 (2)
02280	5-28 (2)
02281	5-28 (2)
02282	5-28 (2)
02283	5-28 (2)
02284	5-28 (2)
02285	5-28 (2)
02286	5-28 (2)
02287	5-28 (2)
02288	5-28 (2)
02289	5-28 (2)
02290	5-28 (2)
02291	5-28 (2)
02292	5-28 (2)
02293	5-28 (2)
02294	5-28 (2)
02295	5-28 (2)
02296	5-28 (2)
02297	5-28 (2)
02298	5-28 (2)
02299	5-28 (2)
02300	5-28 (2)
02301	5-28 (2)
02302	5-28 (2)
02303	5-28 (2)
02304	5-28 (2)
02305	5-28 (2)
02306	5-28 (2)
02307	5-28 (2)
02308	5-28 (2)
02309	5-28 (2)
02310	5-28 (2)
02311	5-28 (2)
02312	5-28 (2)
02313	5-28 (2)
02314	5-28 (2)
02315	5-28 (2)
02316	5-28 (2)
02317	5-28 (2)
02318	5-28 (2)
02319	5-28 (2)
02320	5-28 (2)
02321	5-28 (2)
02322	5-28 (2)
02323	5-28 (2)
02324	5-28 (2)
02325	5-28 (2)
02326	5-28 (2)
02327	5-28 (2)
02328	5-28 (2)
02329	5-28 (2)
02330	5-28 (2)
02331	5-28 (2)
02332	5-28 (2)
02333	5-28 (2)
02334	5-28 (2)
02335	5-28 (2)
02336	5-28 (2)
02337	5-28 (2)
02338	5-28 (2)
02339	5-28 (2)
02340	5-28 (2)
02341	5-28 (2)
02342	5-28 (2)
02343	5-28 (2)
02344	5-28 (2)
02345	5-28 (2)
02346	5-28 (2)
02347	5-28 (2)
02348	5-28 (2)
02349	5-28 (2)
02350	5-28 (2)
02351	5-28 (2)
02352	5-28 (2)
02353	5-28 (2)
02354	5-28 (2)
02355	5-28 (2)
02356	5-28 (2)
02357	5-28 (2)
02358	5-28 (2)
02359	5-28 (2)
02360	5-28 (2)
02361	5-28 (2)
02362	5-28 (2)
02363	5-28 (2)
02364	5-28 (2)
02365	5-28 (2)
02366	5-28 (2)
02367	5-28 (2)
02368	5-28 (2)
02369	5-28 (2)
02370	5-28 (2)
02371	5-28 (2)
02372	5-28 (2)
02373	5-28 (2)
02374	5-28 (2)
02375	5-28 (2)
02376	5-28 (2)
02377	5-28 (2)
02378	5-28 (2)
02379	5-28 (2)
02380	5-28 (2)
02381	5-28 (2)
02382	5-28 (2)
02383	5-28 (2)
02384	5-28 (2)
02385	5-28 (2)
02386	5-28 (2)
02387	5-28 (2)
02388	5-28 (2)
02389	5-28 (2)
02390	5-28 (2)
02391	5-28 (2)
02392	5-28
02393	5-28
02394	5-28
02395	5-28
02396	5-28
02397	5-28
02398	5-28
02399	5-28
02400	5-28
02401	5-28
02402	5-28
02403	5-28
02404	5-28
02405	5-28
02406	5-28
02407	5-28
02408	5-28
02409	5-28
02410	5-28
02411	5-28
02412	5-28
02413	5-28
02414	5-28
02415	5-28
02416	5-28
02417	5-28
02418	5-28
02419	5-28
02420	5-28
02421	5-28
02422	5-28
02423	5-28
02424	5-28
02425	5-28
02426	5-28
02427	5-28
02428	5-28
02429	5-28
02430	5-28
02431	5-28
02432	5-28
02433	5-28
02434	5-28
02435	5-28
02436	5-28
02437	5-28
02438	5-28
02439	5-28
02440	5-28
02441	5-28
02442	5-28
02443	5-28
02444	5-28
02445	5-28
02446	5-28
02447	5-28
02448	5-28
02449	5-28
02450	5-28
02451	5-28
02452	5-28
02453	5-28
02454	5-28
02455	5-28
02456	5-28
02457	5-28
02458	5-28
02459	5-28
02460	5-28
02461	5-28
02462	5-28
02463	5-28
02464	5-28
02465	5-28
02466	5-28
02467	5-28
02468	5-28
02469	5-28
02470	5-28
02471	5-28
02472	5-28
02473	5-28
02474	5-28
02475	5-28
02476	5-28
02477	5-28
02478	5-28
02479	5-28
02480	5-28
02481	5-28
02482	5-28
02483	5-28
02484	5-28
02485	5-28
02486	5-28
02487	5-28
02488	5-28
02489	5-28
02490	5-28
02491	5-28
02492	5-28
02493	5-28
02494	5-28
02495	5-28
02496	5-28
02497	5-28
02498	5-28
02499	5-28
02500	5-28
02501	5-28
02502	5-28
02503	5-28
02504	5-28
02505	5-28
02506	5-28
02507	5-28
02508	5-28
02509	5-28
02510	5-28
02511	5-28
02512	5-28
02513	5-28
02514	5-28
02515	5-28
02516	5-28
02517	5-28
02518	5-28
02519	5-28
02520	5-28
02521	5-28
02522	5-28
02523	5-28
02524	5-28
02525	5-28
02526	5-28
02527	5-28
02528	5-28
02529	5-28
02530	5-28
02531	5-28
02532	5-28
02533	5-28
02534	5-28
02535	5-28
02536	5-28
02537	5-28
02538	5-28
02539	5-28
02540	5-28
02541	5-28
02542	5-28
02543	5-28
02544	5-28
02545	5-28
02546	5-28
02547	5-28
02548	5-28
02549	5-28
02550	5-28
02551	5-28
02552	5-28
02553	5-28
02554	5-28
02555	5-28
02556	5-28
02557	5-28
02558	5-28
02559	5-28
02560	5-28
02561	5-28
02562	5-28
02563	5-28
02564	5-28
02565	5-28
02566	5-28
02567	5-28
02568	5-28
02569	5-28
02570	5-28
02571	5-28
02572	5-28
02573	5-28
02574	5-28
02575	5-28
02576	5-28
02577	5-28
02578	5-28
02579	5-28
02580	5-28
02581	5-28
02582	5-28
02583	5-28
02584	5-28
02585	5-28
02586	5-28
02587	5-28
02588	5-28
02589	5-28
02590	5-28
02591	5-28
02592	5-28
02593	5-28
02594	5-28
02595	5-28
02596	5-28
02597	5-28
02598	5-28
02599	5-28
02600	5-28
02601	5-28
02602	5-28
02603	5-28
02604	5-28
02605	5-28
02606	5-28
02607	5-28
02608	5-28
02609	5-28
02610	5-28
02611	5-28
02612	5-28
02613	5-28
02614	5-28
02615	5-28
02616	5-28
02617	5-28
02618	5-28
02619	5-28
02620	5-28
02621	5-28
02622	5-28
02623	5-28
02624	5-28
02625	5-28
02626	5-28
02627	5-28
02628	5-28
02629	5-28
02630	5-28
02631	5-28
02632	5-28
02633	5-28
02634	5-28
02635	5-28
02636	5-28
02637	5-28
02638	5-28
02639	5-28
02640	5-28
02641	5-28
02642	5-28
02643	5-28
02644	5-28
02645	5-28
02646	5-28
02647	5-28
02648	5-28
02649	5-28
02650	5-28
02651	5-28
02652	5-28
02653	5-28
02654	5-28
02655	5-28
02656	5-28
02657	5-28
02658	5-28
02659	5-28
02660	5-28
02661	5-28
02662	5-28
02663	5-28
02664	5-28
02665	5-28
02666	5-28
02667	5-28
02668	5-28
02669	5-28
02670	5-28
02671	5-28
02672	5-28
02673	5-28
02674	5-28
02675	5-28
02676	5-28
02677	5-28
02678	5-28
02679	5-28
02680	5-28
02681	5-28
02682	5-28
02683	5-28
02684	5-28
02685	5-28
02686	5-28
02687	5-28
02688	5-28
02689	5-28
02690	5-28
02691	5-28
02692	5-28
02693	5-28
02694	5-28
02695	5-28
02696	5-28
02697	5-28
02698	5-28
02699	5-28
02700	5-28
02701	5-28
02702	5-28
02703	5-28
02704	5-29
02705	5-29
02706	5-29
02707	5-29
02708	5-29
02709	5-29
02710	5-29
02711	5-29
02712	5-29
02713	5-29
02714	5-29
02715	5-29
02716	5-29
02717	5-29
02718	5-29
02719	5-29
02720	5-29
02721	5-29
02722	5-29
02723	5-29
02724	5-29
02725	5-29
02726	5-29
02727	5-29
02728	5-29
02729	5-29
02730	5-29
02731	5-29
02732	5-29
02733	5-29
02734	5-29
02735	5-29
02736	5-29
02737	5-29
02738	5-29
02739	5-29
02740	5-29
02741	5-29
02742	5-29
02743	5-29
02744	5-29
02745	5-29
02746	5-29
02747	5-29
02748	5-29
02749	5-29
02750	5-29
02751	5-29
02752	5-29
02753	5-29
02754	5-29
02755	5-29
02756	5-29
02757	5-29
02758	5-29
02759	5-29
02760	5-29
02761	5-29
02762	5-29
02763	5-29
02764	5-29
02765	5-29
02766	5-29
02767	5-29
02768	5-29
02769	5-29
02770	5-29
02771	5-29
02772	5-29
02773	5-29
02774	5-29
02775	5-29
02776	5-29
02777	5-29
02778	5-29
02779	5-29
02780	5-29
02781	5-29
02782	5-29
02783	5-29
02784	5-29
02785	5-29
02786	5-29
02787	5-29
02788	5-29
02789	5-29
02790	5-29
02791	5-29
02792	5-29
02793	5-29
02794	5-29
02795	5-29
02796	5-29
02797	5-29
02798	5-29
02799	5-29
02800	5-29
02801	5-29
02802	5-29
02803	5-29
02804	5-29
02805	5-29
02806	5-29
02807	5-29
02808	5-29
02809	5-29
02810	5-29
02811	5-29
02812	5-29
02813	5-29
02814	5-29
02815	5-29
02816	5-29
02817	5-29
02818	5-29
02819	5-29
02820	5-29
02821	5-29
02822	5-29
02823	5-29
02824	5-29
02825	5-29
02826	5-29
02827	5-29
02828	5-29
02829	5-29
02830	5-29
02831	5-29
02832	5-29
02833	5-29
02834	5-29
02835	5-29
02836	5-29
02837	5-29
02838	5-29
02839	5-29
02840	5-29
02841	5-29
02842	5-29
02843	5-29
02844	5-29
02845	5-29
02846	5-29
02847	5-29
02848	5-29
02849	5-29
02850	5-29
02851	5-29
02852	5-29
02853	5-29
02854	5-29
02855	5-29
02856	5-29
02857	5-29
02858	5-29
02859	5-29
02860	5-29
02861	5-29
02862	5-29
02863	5-29
02864	5-29
02865	5-29
02866	5-29
02867	5-29
02868	5-29
02869	5-29
02870	5-29
02871	5-29
02872	5-29
02873	5-29
02874	5-29
02875	5-29
02876	5-29
02877	5-29
02878	5-29
02879	5-29
02880	5-29
02881	5-29
02882	5-29
02883	5-29
02884	5-29
02885	5-29
02886	5-29
02887	5-29
02888	5-29
02889	5-29
02890	5-29
02891	5-29
02892	5-29
02893	5-29
02894	5-29
02895	5-29
02896	5-29
02897	5-29
02898	5-29
02899	5-29
02900	5-29
02901	5-29
02902	5-29
02903	5-29
02904	5-29
02905	5-29
02906	5-29
02907	5-29
02908	5-29
02909	5-29
02910	5-29
02911	5-29
02912	5-29
02913	5-29
02914	5-29
02915	5-29
02916	5-29
02917	5-29
02918	5-29
02919	5-29
02920	5-29
02921	5-29
02922	5-29
02923	5-30 (2)
02924	5-30 (2)
02925	5-30 (2)
02926	5-30 (2)
02927	5-30 (2)
02928	5-30 (2)
02929	5-30 (2)
02930	5-30 (2)
02931	5-30 (2)
02932	5-30 (2)
02933	5-30 (2)
02934	5-30 (2)
02935	5-30 (2)
02936	5-30 (2)
02937	5-30 (2)
02938	5-30 (2)
02939	5-30 (2)
02940	5-30 (2)
02941	5-30 (2)
02942	5-30 (2)
02943	5-30 (2)
02944	5-30 (2)
02945	5-30 (2)
02946	5-30 (2)
02947	5-30 (2)
02948	5-30 (2)
02949	5-30 (2)
02950	5-30 (2)
02951	5-30 (2)
02952	5-30 (2)
02953	5-30 (2)
02954	5-30 (2)
02955	5-30 (2)
02956	5-30 (2)
02957	5-30 (2)
02958	5-30 (2)
02959	5-30 (2)
02960	5-30 (2)
02961	5-30 (2)
02962	5-30 (2)
02963	5-30 (2)
02964	5-30 (2)
02965	5-30 (2)
02966	5-30 (2)
02967	5-30 (2)
02968	5-30 (2)
02969	5-30 (2)
02970	5-30 (2)
02971	5-30 (2)
02972	5-30 (2)
02973	5-30 (2)
02974	5-30 (2)
02975	5-30 (2)
02976	5-30 (2)
02977	5-30 (2)
02978	5-30 (2)
02979	5-30 (2)
02980	5-30 (2)
02981	5-30 (2)
02982	5-30 (2)
02983	5-30 (2)
02984	5-30 (2)
02985	5-30 (2)
02986	5-30 (2)
02987	5-30 (2)
02988	5-30 (2)
02989	5-30 (2)
02990	5-30 (2)
02991	5-30 (2)
02992	5-30 (2)
02993	5-30 (2)
02994	5-30 (2)
02995	5-30 (2)
02996	5-30 (2)
02997	5-30 (2)
02998	5-30 (2)
02999	5-30 (2)
03000	5-30 (2)
03001	5-30 (2)
03002	5-30 (2)
03003	5-30 (2)
03004	5-30 (2)
03005	5-30 (2)
03006	5-30 (2)
03007	5-30 (2)
03008	5-30 (2)
03009	5-30 (2)
03010	5-30 (2)
03011	5-30 (2)
03012	5-30 (2)
03013	5-30 (2)
03014	5-30 (2)
03015	5-30 (2)
03016	5-30 (2)
03017	5-30 (2)
03018	5-30 (2)
03019	5-30 (2)
03020	5-30 (2)
03021	5-30 (2)
03022	5-30 (2)
03023	5-30 (2)
03024	5-30 (2)
03025	5-30 (2)
03026	5-30 (2)
03027	5-30 (2)
03028	5-30 (2)
03029	5-30 (2)
03030	5-30 (2)
03031	5-30 (2)
03032	5-30 (2)
03033	5-30 (2)
03034	5-30 (2)
03035	5-30 (2)
03036	5-30 (2)
03037	5-30 (2)
03038	5-30 (2)
03039	5-30 (2)
03040	5-30 (2)
03041	5-30 (2)
03042	5-30 (2)
03043	5-30 (2)
03044	5-30 (2)
03045	5-30 (2)
03046	5-30 (2)
03047	5-30 (2)
03048	5-30 (2)
03049	5-30 (2)
03050	5-30 (2)
03051	5-30 (2)
03052	5-30 (2)
03053	5-30 (2)
03054	5-30 (2)
03055	5-30 (2)
03056	5-30 (2)
03057	5-30 (2)
03058	5-30 (2)
03059	5-30 (2)
03060	5-30 (2)
03061	5-30 (2)
03062	5-30 (2)
03063	5-30 (2)
03064	5-30 (2)
03065	5-30 (2)
03066	5-30 (2)
03067	5-30 (2)
03068	5-30 (2)
03069	5-30 (2)
03070	5-30 (2)
03071	5-30 (2)
03072	5-30 (2)
03073	5-30 (2)
03074	5-30 (2)
03075	5-30 (2)
03076	5-30 (2)
03077	5-30 (2)
03078	5-30 (2)
03079	5-30 (2)
03080	5-30
03081	5-30
03082	5-30
03083	5-30
03084	5-30
03085	5-30
03086	5-30
03087	5-30
03088	5-30
03089	5-30
03090	5-30
03091	5-30
03092	5-30
03093	5-30
03094	5-30
03095	5-30
03096	5-30
03097	5-30
03098	5-30
03099	5-30
03100	5-30
03101	5-30
03102	5-30
03103	5-30
03104	5-30
03105	5-30
03106	5-30
03107	5-30
03108	5-30
03109	5-30
03110	5-30
03111	5-30
03112	5-30
03113	5-30
03114	5-30
03115	5-30
03116	5-30
03117	5-30
03118	5-30
03119	5-30
03120	5-30
03121	5-30
03122	5-30
03123	5-30
03124	5-30
03125	5-30
03126	5-30
03127	5-30
03128	5-30
03129	5-30
03130	5-30
03131	5-30
03132	5-30
03133	5-30
03134	5-30
03135	5-30
03136	5-30
03137	5-30
03138	5-30
03139	5-30
03140	5-30
03141	5-30
03142	5-30
03143	5-30
03144	5-30
03145	5-30
03146	5-30
03147	5-30
03148	5-30
03149	5-30
03150	5-30
03151	5-30
03152	5-30
03153	5-30
03154	5-30
03155	5-30
03156	5-30
03157	5-30
03158	5-30
03159	5-30
03160	5-30
03161	5-30
03162	5-30
03163	5-30
03164	5-30
03165	5-30
03166	5-30
03167	5-30
03168	5-30
03169	5-30
03170	5-30
03171	5-30
03172	5-30
03173	5-30
03174	5-30
03175	5-30
03176	5-30
03177	5-30
03178	5-30
03179	5-30
03180	5-30
03181	5-30
03182	5-30
03183	5-30
03184	5-30
03185	5-30
03186	5-30
03187	5-30
03188	5-30
03189	5-30
03190	5-30
03191	5-30
03192	5-30
03193	5-30
03194	5-30
03195	5-30
03196	5-30
03197	5-30
03198	5-30
03199	5-30
03200	5-30
03201	5-30
03202	5-30
03203	5-30
03204	5-30
03205	5-30
03206	5-30
03207	5-30
03208	5-30
03209	5-30
03210	5-30
03211	5-30
03212	5-30
03213	5-30
03214	5-30
03215	5-30
03216	5-30
03217	5-30
03218	5-30
03219	5-30
03220	5-30
03221	5-30
03222	5-30
03223	5-30
03224	5-30
03225	5-30
03226	5-30
03227	5-30
03228	5-30
03229	5-30
03230	5-30
03231	5-30
03232	5-30
03233	5-30
03234	5-30
03235	5-30
03236	5-30
03237	5-30
03238	5-30
03239	5-30
03240	5-30
03241	5-30
03242	5-30
03243	5-30
03244	5-30
03245	5-30
03246	5-30
03247	5-30
03248	5-30
03249	5-30
03250	5-30
03251	5-30
03252	5-30
03253	5-30
03254	5-30
03255	5-30
03256	5-30
03257	5-30
03258	5-30
03259	5-30
03260	5-30
03261	5-30
03262	5-30
03263	5-30
03264	5-30
03265	5-30
03266	5-30
03267	5-30
03268	5-30
03269	5-30
03270	5-30
03271	5-30
03272	5-30
03273	5-30
03274	5-30
03275	5-30
03276	5-30
03277	5-30
03278	5-30
03279	5-30
03280	5-30
03281	5-30
03282	5-30
03283	5-30
03284	5-30
03285	5-30
03286	5-30
03287	5-30
03288	5-30
03289	5-30
03290	5-30
03291	5-30
03292	5-30
03293	5-30
03294	5-30
03295	5-30
03296	5-30
03297	5-30
03298	5-30
03299	5-30
03300	5-30
03301	5-30
03302	5-30
03303	5-30
03304	5-30
03305	5-30
03306	5-30
03307	5-30
03308	5-30
03309	5-30
03310	5-30
03311	5-30
03312	5-30
03313	5-30
03314	5-30
03315	5-30
03316	5-30
03317	5-30
03318	5-30
03319	5-30
03320	5-30
03321	5-30
03322	5-30
03323	5-30
03324	5-30
03325	5-30
03326	5-30
03327	5-30
03328	5-30
03329	5-30
03330	5-30
03331	5-30
03332	5-30
03333	5-30
03334	5-30
03335	5-30
03336	5-30
03337	5-30
03338	5-30
03339	5-30
03340	5-30
03341	5-30
03342	5-30
03343	5-30
03344	5-30
03345	5-30
03346	5-30
03347	5-30
03348	5-30
03349	5-30
03350	5-30
03351	5-30
03352	5-30
03353	5-30
03354	5-30
03355	5-30
03356	5-30
03357	5-30
03358	5-30
03359	5-30
03360	5-30
03361	5-30
03362	5-30
03363	5-30
03364	5-30
03365	5-30
03366	5-30
03367	5-30
03368	5-30
03369	5-30
03370	5-30
03371	5-30
03372	5-30
03373	5-30
03374	5-30
03375	5-30
03376	5-30
03377	5-30
03378	5-30
03379	5-30
03380	5-30
03381	5-30
03382	5-30
03383	5-30
03384	5-30
03385	5-30
03386	5-30
03387	5-30
03388	5-30
03389	5-30
03390	5-30
03391	5-8
03392	5-8
03393	5-8
03394	5-8
03395	5-8
03396	5-8
03397	5-8
03398	5-8
03399	5-8
03400	5-8
03401	5-8
03402	5-8
03403	5-8
03404	5-8
03405	5-8
03406	5-8
03407	5-8
03408	5-8
03409	5-8
03410	5-8
03411	5-8
03412	5-8
03413	5-8
03414	5-8
03415	5-8
03416	5-8
03417	5-8
03418	5-8
03419	5-8
03420	5-8
03421	5-8
03422	5-8
03423	5-8
03424	5-8
03425	5-8
03426	5-8
03427	5-8
03428	5-8
03429	5-8
03430	5-8
03431	5-8
03432	5-8
03433	5-8
03434	5-8
03435	5-8
03436	5-8
03437	5-8
03438	5-8
03439	5-8
03440	5-8
03441	5-8
03442	5-8
03443	5-8
03444	5-8
03445	5-8
03446	5-8
03447	5-8
03448	5-8
03449	5-8
03450	5-8
03451	5-8
03452	5-8
03453	5-8
03454	5-8
03455	5-8
03456	5-8
03457	5-8
03458	5-8
03459	5-8
03460	5-8
03461	5-8
03462	5-8
03463	5-8
03464	5-8
03465	5-8
03466	5-8
03467	5-8
03468	5-8
03469	5-8
03470	5-8
03471	5-8
03472	5-8
03473	5-8
03474	5-8
03475	5-8
03476	5-8
03477	5-8
03478	5-8
03479	5-8
03480	5-8
03481	5-8
03482	5-8
03483	5-8
03484	5-8
03485	5-8
03486	5-8
03487	5-17
03488	5-17
03489	5-17
03490	5-17
03491	5-17
03492	5-17
03493	5-17
03494	5-17
03495	5-17
03496	5-17
03497	5-17
03498	5-17
03499	5-17
03500	5-17
03501	5-17
03502	5-17
03503	5-17
03504	5-17
03505	5-17
03506	5-17
03507	5-17
03508	5-17
03509	5-17
03510	5-17
03511	5-17
03512	5-17
03513	5-17
03514	5-17
03515	5-17
03516	5-17
03517	5-17
03518	5-17
03519	5-17
03520	5-17
03521	5-17
03522	5-17
03523	5-17
03524	5-17
03525	5-17
03526	5-17
03527	5-17
03528	5-17
03529	5-17
03530	5-17
03531	5-17
03532	5-17
03533	5-17
03534	5-17
03535	5-17
03536	5-17
03537	5-17
03538	5-17
03539	5-17
03540	5-17
03541	5-17
03542	5-17
03543	5-17
03544	5-17
03545	5-17
03546	5-17
03547	5-17
03548	5-17
03549	5-17
03550	5-17
03551	5-17
03552	5-17
03553	5-17
03554	5-17
03555	5-17
03556	5-17
03557	5-17
03558	5-17
03559	5-17
03560	5-17
03561	5-17
03562	5-17
03563	5-17
03564	5-17
03565	5-17
03566	5-17
03567	5-17
03568	5-17
03569	5-17
03570	5-17
03571	5-17
03572	5-17
03573	5-17
03574	5-17
03575	5-17
03576	5-17
03577	5-17
03578	5-17
03579	5-17
03580	5-17
03581	5-17
03582	5-17
03583	5-17
03584	5-17
03585	5-17
03586	5-17
03587	5-17
03588	5-17
03589	5-17
03590	5-17
03591	5-17
03592	5-17
03593	5-17
03594	5-17
03595	5-17
03596	5-17
03597	5-17
03598	5-17
03599	5-17
03600	5-17
03601	5-17
03602	5-17
03603	5-17
03604	5-17
03605	5-17
03606	5-17
03607	5-17
03608	5-17
03609	5-17
03610	5-17
03611	5-17
03612	5-17
03613	5-17
03614	5-17
03615	5-17
03616	5-17
03617	5-17
03618	5-17
03619	5-17
03620	5-17
03621	5-17
03622	5-17
03623	5-17
03624	5-17
03625	5-17
03626	5-17
03627	5-17
03628	5-17
03629	5-17
03630	5-17
03631	5-17
03632	5-17
03633	5-17
03634	5-17
03635	5-17
03636	5-17
03637	5-17
03638	5-17
03639	5-17
03640	5-17
03641	5-17
03642	5-17
03643	5-17
03644	5-17
03645	5-17
03646	5-17
03647	5-17
03648	5-17
03649	5-17
03650	5-17
03651	5-17
03652	5-17
03653	5-17
03654	5-17
03655	5-17
03656	5-17
03657	5-17
03658	5-17
03659	5-17
03660	5-17
03661	5-17
03662	5-17
03663	5-17
03664	5-17
03665	5-17
03666	5-17
03667	5-17
03668	5-17
03669	5-17
03670	5-17
03671	5-17
03672	5-17
03673	5-17
03674	5-17
03675	5-17
03676	5-17
03677	5-17
03678	5-17
03679	5-17
03680	5-17
03681	5-17
03682	5-17
03683	5-17
03684	5-17
03685	5-17
03686	5-17
03687	5-17
03688	5-17
03689	5-17
03690	5-17
03691	5-17
03692	5-17
03693	5-17
03694	5-17
03695	5-17
03696	5-17
03697	5-17
03698	5-17
03699	5-17
03700	5-17
03701	5-17
03702	5-17
03703	5-17
03704	5-17
03705	5-17
03706	5-17
03707	5-17
03708	5-17
03709	5-17
03710	5-17
03711	5-17
03712	5-17
03713	5-17
03714	5-17
03715	5-17
03716	5-17
03717	5-17
03718	5-17
03719	5-17
03720	5-17
03721	5-17
03722	5-17
03723	5-17
03724	5-17
03725	5-17
03726	5-17
03727	5-17
03728	5-17
03729	5-17
03730	5-17
03731	5-17
03732	5-17
03733	5-17
03734	5-17
03735	5-17
03736	5-17
03737	5-17
03738	5-17
03739	5-17
03740	5-17
03741	5-17
03742	5-17
03743	5-17
03744	5-17
03745	5-17
03746	5-17
03747	5-17
03748	5-17
03749	5-17
03750	5-17
03751	5-17
03752	5-17
03753	5-17
03754	5-17
03755	5-17
03756	5-17
03757	5-17
03758	5-17
03759	5-17
03760	5-17
03761	5-17
03762	5-17
03763	5-17
03764	5-17
03765	5-17
03766	5-17
03767	5-17
03768	5-17
03769	5-17
03770	5-17
03771	5-17
03772	5-17
03773	5-17
03774	5-17
03775	5-17
03776	5-17
03777	5-17
03778	5-17
03779	5-17
03780	5-17
03781	5-17
03782	5-17
03783	5-17
03784	5-17
03785	5-17
03786	5-17
03787	5-17
03788	5-17
03789	5-17
03790	5-17
03791	5-17
03792	5-17
03793	6-1(1)
03794	6-1(1)
03795	6-1(1)
03796	6-1(1)
03797	6-1(1)
03798	6-1(1)
03799	6-1(1)
03800	6-1(1)
03801	6-1(1)
03802	6-1(1)
03803	6-1(1)
03804	6-1(1)
03805	6-1(1)
03806	6-1(1)
03807	6-1(1)
03808	6-1(1)
03809	6-1(1)
03810	6-1(1)
03811	6-1(1)
03812	6-1(1)
03813	6-1(1)
03814	6-1(1)
03815	6-1(1)
03816	6-1(1)
03817	6-1(1)
03818	6-1(1)
03819	6-1(1)
03820	6-1(1)
03821	6-1(1)
03822	6-1(1)
03823	6-1(1)
03824	6-1(1)
03825	6-1(1)
03826	6-1(1)
03827	6-1(1)
03828	6-1(1)
03829	6-1(1)
03830	6-1(1)
03831	6-1(1)
03832	6-1(1)
03833	6-1(1)
03834	6-1(1)
03835	6-1(1)
03836	6-1(1)
03837	6-1(1)
03838	6-1(1)
03839	6-1(1)
03840	6-1(1)
03841	6-1(1)
03842	6-1(1)
03843	6-1(1)
03844	6-1(1)
03845	6-1(1)
03846	6-1(1)
03847	6-1(1)
03848	6-1(1)
03849	6-1(1)
03850	6-1(1)
03851	6-1(1)
03852	6-1(1)
03853	6-1(1)
03854	6-1(1)
03855	6-1(1)
03856	6-1(1)
03857	6-1(1)
03858	6-1(1)
03859	6-1(1)
03860	6-1(1)
03861	6-1(1)
03862	6-1(1)
03863	6-1(1)
03864	6-1(1)
03865	6-1(1)
03866	6-1(1)
03867	6-1(1)
03868	6-1(1)
03869	6-1(1)
03870	6-1(1)
03871	6-1(1)
03872	6-1(1)
03873	6-1(1)
03874	6-1(1)
03875	6-1(1)
03876	6-1(1)
03877	6-1(1)
03878	6-1(1)
03879	6-1(1)
03880	6-1(1)
03881	6-1(1)
03882	6-1(1)
03883	6-1(1)
03884	6-1(1)
03885	6-1(1)
03886	6-1(1)
03887	6-1(1)
03888	6-1(1)
03889	6-1(1)
03890	6-1(1)
03891	6-1(1)
03892	6-1(1)
03893	6-1(1)
03894	6-1(1)
03895	6-1(1)
03896	6-1(1)
03897	6-1(1)
03898	6-1(1)
03899	6-1(1)
03900	6-1(1)
03901	6-1(1)
03902	6-1(1)
03903	6-1(1)
03904	6-1(1)
03905	6-1(1)
03906	6-1(1)
03907	6-1(1)
03908	6-1(1)
03909	6-1(1)
03910	6-1(1)
03911	6-1(1)
03912	6-1(1)
03913	6-1(1)
03914	6-1(1)
03915	6-1(1)
03916	6-1(1)
03917	6-1(1)
03918	6-1(1)
03919	6-1(1)
03920	6-1(1)
03921	6-1(1)
03922	6-1(1)
03923	6-1(1)
03924	6-1(1)
03925	6-1(1)
03926	6-1(1)
03927	6-1(1)
03928	6-1(1)
03929	6-1(1)
03930	6-1(1)
03931	6-1(1)
03932	6-1(1)
03933	6-1(1)
03934	6-1(1)
03935	6-1(1)
03936	6-1(1)
03937	6-1(1)
03938	6-1(1)
03939	6-1(1)
03940	6-1(1)
03941	6-1(1)
03942	6-1(1)
03943	6-1(1)
03944	6-1(1)
03945	6-1(1)
03946	6-1(1)
03947	6-1(1)
03948	6-1(1)
03949	6-1(1)
03950	6-1(1)
03951	6-1(1)
03952	6-1(1)
03953	6-1(1)
03954	6-1(1)
03955	6-1(1)
03956	6-1(1)
03957	6-1(1)
03958	6-1(1)
03959	6-1(1)
03960	6-1(1)
03961	6-1(1)
03962	6-1(1)
03963	6-1(1)
03964	6-1(1)
03965	6-1(1)
03966	6-1(1)
03967	6-1(1)
03968	6-1(1)
03969	6-1(1)
03970	6-1(1)
03971	6-1(1)
03972	6-1(1)
03973	6-1(1)
03974	6-1(1)
03975	6-1(1)
03976	6-1(1)
03977	6-1(1)
03978	6-1(1)
03979	6-1(1)
03980	6-1(1)
03981	6-1(1)
03982	6-1(1)
03983	6-1(1)
03984	6-1(1)
03985	6-1(1)
03986	6-1(1)
03987	6-1(1)
03988	6-1(1)
03989	6-1(1)
03990	6-1(1)
03991	6-1(1)
03992	6-1(1)
03993	6-1(1)
03994	6-1(1)
03995	6-1(1)
03996	6-1(1)
03997	6-1(1)
03998	6-1(1)
03999	6-1(1)
04000	6-1(1)
04001	6-1(1)
04002	6-1(1)
04003	6-1(1)
04004	6-1(1)
04005	6-1(1)
04006	6-1(1)
04007	6-1(1)
04008	6-1(1)
04009	6-1(1)
04010	6-1(1)
04011	6-1(1)
04012	6-1(1)
04013	6-1(1)
04014	6-1(1)
04015	6-1(1)
04016	6-1(1)
04017	6-1(1)
04018	6-1(1)
04019	6-1(1)
04020	6-1(1)
04021	6-1(1)
04022	6-1(1)
04023	6-1(1)
04024	6-1(1)
04025	6-1(1)
04026	6-1(1)
04027	6-1(1)
04028	6-1(1)
04029	6-1(1)
04030	6-1(1)
04031	6-1(1)
04032	6-1(1)
04033	6-1(1)
04034	6-1(1)
04035	6-1(1)
04036	6-1(1)
04037	6-1(1)
04038	6-1(1)
04039	6-1(1)
04040	6-1(1)
04041	6-1(1)
04042	6-1(1)
04043	6-1(1)
04044	6-1(1)
04045	6-1(1)
04046	6-1(1)
04047	6-1(1)
04048	6-1(1)
04049	6-1(1)
04050	6-1(1)
04051	6-1(1)
04052	6-1(1)
04053	6-1(1)
04054	6-1(1)
04055	6-1(1)
04056	6-1(1)
04057	6-1(1)
04058	6-1(1)
04059	6-1(1)
04060	6-1(1)
04061	6-1(1)
04062	6-1(1)
04063	6-1(1)
04064	6-1(1)
04065	6-1(1)
04066	6-1(1)
04067	6-1(1)
04068	6-1(1)
04069	6-1(1)
04070	6-1(1)
04071	6-1(1)
04072	6-1(1)
04073	6-1(1)
04074	6-1(1)
04075	6-1(1)
04076	6-1(1)
04077	6-1(1)
04078	6-1(1)
04079	6-1(1)
04080	6-1(1)
04081	6-1(1)
04082	6-1(1)
04083	6-1(1)
04084	6-1 (2)
04085	6-1 (2)
04086	6-1 (2)
04087	6-1 (2)
04088	6-1 (2)
04089	6-1 (2)
04090	6-1 (2)
04091	6-1 (2)
04092	6-1 (2)
04093	6-1 (2)
04094	6-1 (2)
04095	6-1 (2)
04096	6-1 (2)
04097	6-1 (2)
04098	6-1 (2)
04099	6-1 (2)
04100	6-1 (2)
04101	6-1 (2)
04102	6-1 (2)
04103	6-1 (2)
04104	6-1 (2)
04105	6-1 (2)
04106	6-1 (2)
04107	6-1 (2)
04108	6-1 (2)
04109	6-1 (2)
04110	6-1 (2)
04111	6-1 (2)
04112	6-1 (2)
04113	6-1 (2)
04114	6-1 (2)
04115	6-1 (2)
04116	6-1 (2)
04117	6-1 (2)
04118	6-1 (2)
04119	6-1 (2)
04120	6-1 (2)
04121	6-1 (2)
04122	6-1 (2)
04123	6-1 (2)
04124	6-1 (2)
04125	6-1 (2)
04126	6-1 (2)
04127	6-1 (2)
04128	6-1 (2)
04129	6-1 (2)
04130	6-1 (2)
04131	6-1 (2)
04132	6-1 (2)
04133	6-1 (2)
04134	6-1 (2)
04135	6-1 (2)
04136	6-1 (2)
04137	6-1 (2)
04138	6-1 (2)
04139	6-1 (2)
04140	6-1 (2)
04141	6-1 (2)
04142	6-1 (2)
04143	6-1 (2)
04144	6-1 (2)
04145	6-1 (2)
04146	6-1 (2)
04147	6-1 (2)
04148	6-1 (2)
04149	6-1 (2)
04150	6-1 (2)
04151	6-1 (2)
04152	6-1 (2)
04153	6-1 (2)
04154	6-1 (2)
04155	6-1 (2)
04156	6-1 (2)
04157	6-1 (2)
04158	6-1 (2)
04159	6-1 (2)
04160	6-1 (2)
04161	6-1 (2)
04162	6-1 (2)
04163	6-1 (2)
04164	6-1 (2)
04165	6-1 (2)
04166	6-1 (2)
04167	6-1 (2)
04168	6-1 (2)
04169	6-1 (2)
04170	6-1 (2)
04171	6-1 (2)
04172	6-1 (2)
04173	6-1 (2)
04174	6-1 (2)
04175	6-1 (2)
04176	6-1 (2)
04177	6-1 (2)
04178	6-1 (2)
04179	6-1 (2)
04180	6-1 (2)
04181	6-1 (2)
04182	6-1 (2)
04183	6-1 (2)
04184	6-1 (2)
04185	6-1 (2)
04186	6-1 (2)
04187	6-1 (2)
04188	6-1 (2)
04189	6-1 (2)
04190	6-1 (2)
04191	6-1 (2)
04192	6-1 (2)
04193	6-1 (2)
04194	6-1 (2)
04195	6-1 (2)
04196	6-1 (2)
04197	6-1 (2)
04198	6-1 (2)
04199	6-1 (2)
04200	6-1 (2)
04201	6-1 (2)
04202	6-1 (2)
04203	6-1 (2)
04204	6-1 (2)
04205	6-1 (2)
04206	6-1 (2)
04207	6-1 (2)
04208	6-1 (2)
04209	6-1 (2)
04210	6-1 (2)
04211	6-1 (2)
04212	6-1 (2)
04213	6-1 (2)
04214	6-1 (2)
04215	6-1 (2)
04216	6-1 (2)
04217	6-1 (2)
04218	6-1 (2)
04219	6-1 (2)
04220	6-1 (2)
04221	6-1 (2)
04222	6-1 (2)
04223	6-1 (2)
04224	6-1 (2)
04225	6-1 (2)
04226	6-1 (2)
04227	6-1 (2)
04228	6-1 (2)
04229	6-1 (2)
04230	6-1 (2)
04231	6-1 (2)
04232	6-1 (2)
04233	6-1 (2)
04234	6-1 (2)
04235	6-1 (2)
04236	6-1 (2)
04237	6-1 (2)
04238	6-1 (2)
04239	6-1 (2)
04240	6-1 (2)
04241	6-1 (2)
04242	6-1 (2)
04243	6-1 (2)
04244	6-1 (2)
04245	6-1 (2)
04246	6-1 (2)
04247	6-1 (2)
04248	6-1 (2)
04249	6-1 (2)
04250	6-1 (2)
04251	6-1 (2)
04252	6-1 (2)
04253	6-1 (2)
04254	6-1 (2)
04255	6-1 (2)
04256	6-1 (2)
04257	6-1 (2)
04258	6-1 (2)
04259	6-1 (2)
04260	6-1 (2)
04261	6-1 (2)
04262	6-1 (2)
04263	6-1 (2)
04264	6-1 (2)
04265	6-1 (2)
04266	6-1 (2)
04267	6-1 (2)
04268	6-1 (2)
04269	6-1 (2)
04270	6-1 (2)
04271	6-1 (2)
04272	6-1 (2)
04273	6-1 (2)
04274	6-1 (2)
04275	6-1 (2)
04276	6-1 (2)
04277	6-1 (2)
04278	6-1 (2)
04279	6-1 (2)
04280	6-1 (2)
04281	6-1 (2)
04282	6-1 (2)
04283	6-1 (2)
04284	6-1 (2)
04285	6-1 (2)
04286	6-1 (2)
04287	6-1 (2)
04288	6-1 (2)
04289	6-1 (2)
04290	6-1 (2)
04291	6-1 (2)
04292	6-1 (2)
04293	6-1 (2)
04294	6-1 (2)
04295	6-1 (2)
04296	6-1 (2)
04297	6-1 (2)
04298	6-1 (2)
04299	6-1 (2)
04300	6-1 (2)
04301	6-1 (2)
04302	6-1 (2)
04303	6-1 (2)
04304	6-1 (2)
04305	6-1 (2)
04306	6-1 (2)
04307	6-10 (2)
04308	6-10 (2)
04309	6-10 (2)
04310	6-10 (2)
04311	6-10 (2)
04312	6-10 (2)
04313	6-10 (2)
04314	6-10 (2)
04315	6-10 (2)
04316	6-10 (2)
04317	6-10 (2)
04318	6-10 (2)
04319	6-10 (2)
04320	6-10 (2)
04321	6-10 (2)
04322	6-10 (2)
04323	6-10 (2)
04324	6-10 (2)
04325	6-10 (2)
04326	6-10 (2)
04327	6-10 (2)
04328	6-10 (2)
04329	6-10 (2)
04330	6-10 (2)
04331	6-10 (2)
04332	6-10 (2)
04333	6-10 (2)
04334	6-10 (2)
04335	6-10 (2)
04336	6-10 (2)
04337	6-10 (2)
04338	6-10 (2)
04339	6-10 (2)
04340	6-10 (2)
04341	6-10 (2)
04342	6-10 (2)
04343	6-10 (2)
04344	6-10 (2)
04345	6-10 (2)
04346	6-10 (2)
04347	6-10 (2)
04348	6-10 (2)
04349	6-10 (2)
04350	6-10 (2)
04351	6-10 (2)
04352	6-10 (2)
04353	6-10 (2)
04354	6-10 (2)
04355	6-10 (2)
04356	6-10 (2)
04357	6-10 (2)
04358	6-10 (2)
04359	6-10 (2)
04360	6-10 (2)
04361	6-10 (2)
04362	6-10 (2)
04363	6-10 (2)
04364	6-10 (2)
04365	6-10 (2)
04366	6-10 (2)
04367	6-10 (2)
04368	6-10 (2)
04369	6-10 (2)
04370	6-10 (2)
04371	6-10 (2)
04372	6-10 (2)
04373	6-10 (2)
04374	6-10 (2)
04375	6-10 (2)
04376	6-10 (2)
04377	6-10 (2)
04378	6-10 (2)
04379	6-10 (2)
04380	6-10 (2)
04381	6-10 (2)
04382	6-10 (2)
04383	6-10 (2)
04384	6-10 (2)
04385	6-10 (2)
04386	6-10 (2)
04387	6-10 (2)
04388	6-10 (2)
04389	6-10 (2)
04390	6-10 (2)
04391	6-10 (2)
04392	6-10 (2)
04393	6-10 (2)
04394	6-10 (2)
04395	6-10 (2)
04396	6-10 (2)
04397	6-10 (2)
04398	6-10 (2)
04399	6-10 (2)
04400	6-10 (2)
04401	6-10 (2)
04402	6-10 (2)
04403	6-10 (2)
04404	6-10 (2)
04405	6-10 (2)
04406	6-10 (2)
04407	6-10 (2)
04408	6-10 (2)
04409	6-10 (2)
04410	6-10 (2)
04411	6-10 (2)
04412	6-10 (2)
04413	6-10 (2)
04414	6-10 (2)
04415	6-10 (2)
04416	6-10 (2)
04417	6-10 (2)
04418	6-10 (2)
04419	6-10 (2)
04420	6-10 (2)
04421	6-10 (2)
04422	6-10 (2)
04423	6-10 (2)
04424	6-10 (2)
04425	6-10 (2)
04426	6-10 (2)
04427	6-10 (2)
04428	6-10 (2)
04429	6-10 (2)
04430	6-10 (2)
04431	6-10 (2)
04432	6-10 (2)
04433	6-10 (2)
04434	6-10 (2)
04435	6-10 (2)
04436	6-10 (2)
04437	6-10 (2)
04438	6-10 (2)
04439	6-10 (2)
04440	6-10 (2)
04441	6-10 (2)
04442	6-10 (2)
04443	6-10 (2)
04444	6-10 (2)
04445	6-10 (2)
04446	6-10 (2)
04447	6-10 (2)
04448	6-10 (2)
04449	6-10 (2)
04450	6-10 (2)
04451	6-10 (2)
04452	6-10 (2)
04453	6-10 (2)
04454	6-10 (2)
04455	6-10 (2)
04456	6-10 (2)
04457	6-10 (2)
04458	6-10 (2)
04459	6-10 (2)
04460	6-10 (2)
04461	6-10 (2)
04462	6-10 (2)
04463	6-10 (2)
04464	6-10 (2)
04465	6-10 (2)
04466	6-10 (2)
04467	6-10
04468	6-10
04469	6-10
04470	6-10
04471	6-10
04472	6-10
04473	6-10
04474	6-10
04475	6-10
04476	6-10
04477	6-10
04478	6-10
04479	6-10
04480	6-10
04481	6-10
04482	6-10
04483	6-10
04484	6-10
04485	6-10
04486	6-10
04487	6-10
04488	6-10
04489	6-10
04490	6-10
04491	6-10
04492	6-10
04493	6-10
04494	6-10
04495	6-10
04496	6-10
04497	6-10
04498	6-10
04499	6-10
04500	6-10
04501	6-10
04502	6-10
04503	6-10
04504	6-10
04505	6-10
04506	6-10
04507	6-10
04508	6-10
04509	6-10
04510	6-10
04511	6-10
04512	6-10
04513	6-10
04514	6-10
04515	6-10
04516	6-10
04517	6-10
04518	6-10
04519	6-10
04520	6-10
04521	6-10
04522	6-10
04523	6-10
04524	6-10
04525	6-10
04526	6-10
04527	6-10
04528	6-10
04529	6-10
04530	6-10
04531	6-10
04532	6-10
04533	6-10
04534	6-10
04535	6-10
04536	6-10
04537	6-10
04538	6-10
04539	6-10
04540	6-10
04541	6-10
04542	6-10
04543	6-10
04544	6-10
04545	6-10
04546	6-10
04547	6-10
04548	6-10
04549	6-10
04550	6-10
04551	6-10
04552	6-10
04553	6-10
04554	6-10
04555	6-10
04556	6-10
04557	6-10
04558	6-10
04559	6-10
04560	6-10
04561	6-10
04562	6-10
04563	6-10
04564	6-10
04565	6-10
04566	6-10
04567	6-10
04568	6-10
04569	6-10
04570	6-10
04571	6-10
04572	6-10
04573	6-10
04574	6-10
04575	6-10
04576	6-10
04577	6-10
04578	6-10
04579	6-10
04580	6-10
04581	6-10
04582	6-10
04583	6-10
04584	6-10
04585	6-10
04586	6-10
04587	6-10
04588	6-10
04589	6-10
04590	6-10
04591	6-10
04592	6-10
04593	6-10
04594	6-10
04595	6-10
04596	6-10
04597	6-10
04598	6-10
04599	6-10
04600	6-10
04601	6-10
04602	6-10
04603	6-10
04604	6-10
04605	6-10
04606	6-10
04607	6-10
04608	6-10
04609	6-10
04610	6-10
04611	6-10
04612	6-10
04613	6-10
04614	6-10
04615	6-10
04616	6-10
04617	6-10
04618	6-10
04619	6-10
04620	6-10
04621	6-10
04622	6-10
04623	6-10
04624	6-10
04625	6-10
04626	6-10
04627	6-10
04628	6-10
04629	6-10
04630	6-10
04631	6-10
04632	6-10
04633	6-10
04634	6-10
04635	6-10
04636	6-10
04637	6-10
04638	6-10
04639	6-10
04640	6-10
04641	6-10
04642	6-10
04643	6-10
04644	6-10
04645	6-10
04646	6-10
04647	6-10
04648	6-10
04649	6-10
04650	6-10
04651	6-10
04652	6-10
04653	6-10
04654	6-10
04655	6-10
04656	6-10
04657	6-10
04658	6-10
04659	6-10
04660	6-10
04661	6-10
04662	6-10
04663	6-10
04664	6-10
04665	6-10
04666	6-10
04667	6-10
04668	6-10
04669	6-10
04670	6-10
04671	6-10
04672	6-10
04673	6-10
04674	6-10
04675	6-10
04676	6-10
04677	6-10
04678	6-10
04679	6-10
04680	6-10
04681	6-10
04682	6-10
04683	6-10
04684	6-10
04685	6-10
04686	6-10
04687	6-10
04688	6-10
04689	6-10
04690	6-10
04691	6-10
04692	6-10
04693	6-10
04694	6-10
04695	6-10
04696	6-10
04697	6-10
04698	6-10
04699	6-10
04700	6-10
04701	6-10
04702	6-10
04703	6-10
04704	6-10
04705	6-10
04706	6-10
04707	6-10
04708	6-10
04709	6-10
04710	6-10
04711	6-10
04712	6-10
04713	6-10
04714	6-10
04715	6-10
04716	6-10
04717	6-10
04718	6-10
04719	6-10
04720	6-10
04721	6-10
04722	6-10
04723	6-10
04724	6-10
04725	6-10
04726	6-10
04727	6-10
04728	6-10
04729	6-10
04730	6-10
04731	6-10
04732	6-10
04733	6-10
04734	6-10
04735	6-10
04736	6-10
04737	6-10
04738	6-10
04739	6-10
04740	6-10
04741	6-10
04742	6-10
04743	6-10
04744	6-10
04745	6-10
04746	6-10
04747	6-10
04748	6-10
04749	6-10
04750	6-10
04751	6-10
04752	6-10
04753	6-10
04754	6-10
04755	6-10
04756	6-10
04757	6-10
04758	6-10
04759	6-3
04760	6-3
04761	6-3
04762	6-3
04763	6-3
04764	6-3
04765	6-3
04766	6-3
04767	6-3
04768	6-3
04769	6-3
04770	6-3
04771	6-3
04772	6-3
04773	6-3
04774	6-3
04775	6-3
04776	6-3
04777	6-3
04778	6-3
04779	6-3
04780	6-3
04781	6-3
04782	6-3
04783	6-3
04784	6-3
04785	6-3
04786	6-3
04787	6-3
04788	6-3
04789	6-3
04790	6-3
04791	6-3
04792	6-3
04793	6-3
04794	6-3
04795	6-3
04796	6-3
04797	6-3
04798	6-3
04799	6-3
04800	6-3
04801	6-3
04802	6-3
04803	6-3
04804	6-3
04805	6-3
04806	6-3
04807	6-3
04808	6-3
04809	6-3
04810	6-3
04811	6-3
04812	6-3
04813	6-3
04814	6-3
04815	6-3
04816	6-3
04817	6-3
04818	6-3
04819	6-3
04820	6-3
04821	6-3
04822	6-3
04823	6-3
04824	6-3
04825	6-3
04826	6-3
04827	6-3
04828	6-3
04829	6-3
04830	6-3
04831	6-3
04832	6-3
04833	6-3
04834	6-3
04835	6-3
04836	6-3
04837	6-3
04838	6-3
04839	6-3
04840	6-3
04841	6-3
04842	6-3
04843	6-3
04844	6-3
04845	6-3
04846	6-3
04847	6-3
04848	6-3
04849	6-3
04850	6-3
04851	6-3
04852	6-3
04853	6-3
04854	6-3
04855	6-3
04856	6-3
04857	6-3
04858	6-3
04859	6-3
04860	6-3
04861	6-3
04862	6-3
04863	6-3
04864	6-3
04865	6-3
04866	6-3
04867	6-3
04868	6-3
04869	6-3
04870	6-3
04871	6-3
04872	6-3
04873	6-3
04874	6-3
04875	6-3
04876	6-3
04877	6-3
04878	6-3
04879	6-3
04880	6-3
04881	6-3
04882	6-3
04883	6-3
04884	6-3
04885	6-3
04886	6-3
04887	6-3
04888	6-3
04889	6-3
04890	6-3
04891	6-3
04892	6-3
04893	6-3
04894	6-3
04895	6-3
04896	6-3
04897	6-3
04898	6-3
04899	6-3
04900	6-3
04901	6-3
04902	6-3
04903	6-3
04904	6-3
04905	6-3
04906	6-3
04907	6-3
04908	6-3
04909	6-3
04910	6-3
04911	6-3
04912	6-3
04913	6-3
04914	6-3
04915	6-3
04916	6-3
04917	6-3
04918	6-3
04919	6-3
04920	6-3
04921	6-3
04922	6-3
04923	6-3
04924	6-3
04925	6-3
04926	6-3
04927	6-3
04928	6-3
04929	6-3
04930	6-3
04931	6-3
04932	6-3
04933	6-3
04934	6-3
04935	6-3
04936	6-3
04937	6-3
04938	6-3
04939	6-3
04940	6-3
04941	6-3
04942	6-3
04943	6-3
04944	6-3
04945	6-3
04946	6-3
04947	6-3
04948	6-3
04949	6-3
04950	6-3
04951	6-3
04952	6-3
04953	6-3
04954	6-3
04955	6-3
04956	6-3
04957	6-3
04958	6-3
04959	6-3
04960	6-3
04961	6-3
04962	6-3
04963	6-3
04964	6-3
04965	6-3
04966	6-3
04967	6-3
04968	6-3
04969	6-3
04970	6-3
04971	6-3
04972	6-3
04973	6-3
04974	6-3
04975	6-3
04976	6-3
04977	6-3
04978	6-3
04979	6-3
04980	6-3
04981	6-3
04982	6-3
04983	6-3
04984	6-3
04985	6-3
04986	6-3
04987	6-3
04988	6-3
04989	6-3
04990	6-3
04991	6-3
04992	6-3
04993	6-3
04994	6-3
04995	6-3
04996	6-3
04997	6-3
04998	6-3
04999	6-3
05000	6-3
05001	6-3
05002	6-3
05003	6-3
05004	6-3
05005	6-3
05006	6-3
05007	6-3
05008	6-3
05009	6-3
05010	6-3
05011	6-3
05012	6-3
05013	6-3
05014	6-3
05015	6-3
05016	6-3
05017	6-3
05018	6-3
05019	6-3
05020	6-3
05021	6-3
05022	6-3
05023	6-3
05024	6-3
05025	6-3
05026	6-3
05027	6-3
05028	6-4 (2)
05029	6-4 (2)
05030	6-4 (2)
05031	6-4 (2)
05032	6-4 (2)
05033	6-4 (2)
05034	6-4 (2)
05035	6-4 (2)
05036	6-4 (2)
05037	6-4 (2)
05038	6-4 (2)
05039	6-4 (2)
05040	6-4 (2)
05041	6-4 (2)
05042	6-4 (2)
05043	6-4 (2)
05044	6-4 (2)
05045	6-4 (2)
05046	6-4 (2)
05047	6-4 (2)
05048	6-4 (2)
05049	6-4 (2)
05050	6-4 (2)
05051	6-4 (2)
05052	6-4 (2)
05053	6-4 (2)
05054	6-4 (2)
05055	6-4 (2)
05056	6-4 (2)
05057	6-4 (2)
05058	6-4 (2)
05059	6-4 (2)
05060	6-4 (2)
05061	6-4 (2)
05062	6-4 (2)
05063	6-4 (2)
05064	6-4 (2)
05065	6-4 (2)
05066	6-4 (2)
05067	6-4 (2)
05068	6-4 (2)
05069	6-4 (2)
05070	6-4 (2)
05071	6-4 (2)
05072	6-4 (2)
05073	6-4 (2)
05074	6-4 (2)
05075	6-4 (2)
05076	6-4 (2)
05077	6-4 (2)
05078	6-4 (2)
05079	6-4 (2)
05080	6-4 (2)
05081	6-4 (2)
05082	6-4 (2)
05083	6-4 (2)
05084	6-4 (2)
05085	6-4 (2)
05086	6-4 (2)
05087	6-4 (2)
05088	6-4 (2)
05089	6-4 (2)
05090	6-4 (2)
05091	6-4 (2)
05092	6-4 (2)
05093	6-4 (2)
05094	6-4 (2)
05095	6-4 (2)
05096	6-4 (2)
05097	6-4 (2)
05098	6-4 (2)
05099	6-4 (2)
05100	6-4 (2)
05101	6-4 (2)
05102	6-4 (2)
05103	6-4 (2)
05104	6-4 (2)
05105	6-4 (2)
05106	6-4 (2)
05107	6-4 (2)
05108	6-4 (2)
05109	6-4 (2)
05110	6-4 (2)
05111	6-4 (2)
05112	6-4 (2)
05113	6-4 (2)
05114	6-4 (2)
05115	6-4 (2)
05116	6-4 (2)
05117	6-4 (2)
05118	6-4 (2)
05119	6-4 (2)
05120	6-4 (2)
05121	6-4 (2)
05122	6-4 (2)
05123	6-4 (2)
05124	6-4 (2)
05125	6-4 (2)
05126	6-4 (2)
05127	6-4 (2)
05128	6-4 (2)
05129	6-4 (2)
05130	6-4 (2)
05131	6-4 (2)
05132	6-4 (2)
05133	6-4 (2)
05134	6-4 (2)
05135	6-4 (2)
05136	6-4 (2)
05137	6-4 (2)
05138	6-4 (2)
05139	6-4 (2)
05140	6-4 (2)
05141	6-4 (2)
05142	6-4 (2)
05143	6-4 (2)
05144	6-4 (2)
05145	6-4 (2)
05146	6-4 (2)
05147	6-4 (2)
05148	6-4 (2)
05149	6-4 (2)
05150	6-4 (2)
05151	6-4 (2)
05152	6-4 (2)
05153	6-4 (2)
05154	6-4 (2)
05155	6-4 (2)
05156	6-4 (2)
05157	6-4 (2)
05158	6-4 (2)
05159	6-4 (2)
05160	6-4 (2)
05161	6-4 (2)
05162	6-4 (2)
05163	6-4
05164	6-4
05165	6-4
05166	6-4
05167	6-4
05168	6-4
05169	6-4
05170	6-4
05171	6-4
05172	6-4
05173	6-4
05174	6-4
05175	6-4
05176	6-4
05177	6-4
05178	6-4
05179	6-4
05180	6-4
05181	6-4
05182	6-4
05183	6-4
05184	6-4
05185	6-4
05186	6-4
05187	6-4
05188	6-4
05189	6-4
05190	6-4
05191	6-4
05192	6-4
05193	6-4
05194	6-4
05195	6-4
05196	6-4
05197	6-4
05198	6-4
05199	6-4
05200	6-4
05201	6-4
05202	6-4
05203	6-4
05204	6-4
05205	6-4
05206	6-4
05207	6-4
05208	6-4
05209	6-4
05210	6-4
05211	6-4
05212	6-4
05213	6-4
05214	6-4
05215	6-4
05216	6-4
05217	6-4
05218	6-4
05219	6-4
05220	6-4
05221	6-4
05222	6-4
05223	6-4
05224	6-4
05225	6-4
05226	6-4
05227	6-4
05228	6-4
05229	6-4
05230	6-4
05231	6-4
05232	6-4
05233	6-4
05234	6-4
05235	6-4
05236	6-4
05237	6-4
05238	6-4
05239	6-4
05240	6-4
05241	6-4
05242	6-4
05243	6-4
05244	6-4
05245	6-4
05246	6-4
05247	6-4
05248	6-4
05249	6-4
05250	6-4
05251	6-4
05252	6-4
05253	6-4
05254	6-4
05255	6-4
05256	6-4
05257	6-4
05258	6-4
05259	6-4
05260	6-4
05261	6-4
05262	6-4
05263	6-4
05264	6-4
05265	6-4
05266	6-4
05267	6-4
05268	6-4
05269	6-4
05270	6-4
05271	6-4
05272	6-4
05273	6-4
05274	6-4
05275	6-4
05276	6-4
05277	6-4
05278	6-4
05279	6-4
05280	6-4
05281	6-4
05282	6-4
05283	6-4
05284	6-4
05285	6-4
05286	6-4
05287	6-4
05288	6-4
05289	6-4
05290	6-4
05291	6-4
05292	6-4
05293	6-4
05294	6-4
05295	6-4
05296	6-4
05297	6-4
05298	6-4
05299	6-4
05300	6-4
05301	6-4
05302	6-4
05303	6-4
05304	6-4
05305	6-4
05306	6-4
05307	6-4
05308	6-4
05309	6-4
05310	6-4
05311	6-4
05312	6-4
05313	6-4
05314	6-4
05315	6-4
05316	6-4
05317	6-4
05318	6-4
05319	6-4
05320	6-4
05321	6-4
05322	6-4
05323	6-4
05324	6-4
05325	6-4
05326	6-4
05327	6-4
05328	6-4
05329	6-4
05330	6-4
05331	6-4
05332	6-4
05333	6-4
05334	6-4
05335	6-4
05336	6-4
05337	6-4
05338	6-4
05339	6-4
05340	6-4
05341	6-4
05342	6-4
05343	6-4
05344	6-4
05345	6-4
05346	6-4
05347	6-4
05348	6-4
05349	6-4
05350	6-4
05351	6-4
05352	6-4
05353	6-4
05354	6-4
05355	6-4
05356	6-4
05357	6-4
05358	6-4
05359	6-4
05360	6-4
05361	6-4
05362	6-4
05363	6-4
05364	6-4
05365	6-4
05366	6-4
05367	6-4
05368	6-4
05369	6-4
05370	6-4
05371	6-4
05372	6-4
05373	6-4
05374	6-4
05375	6-4
05376	6-4
05377	6-4
05378	6-4
05379	6-4
05380	6-4
05381	6-4
05382	6-4
05383	6-4
05384	6-4
05385	6-4
05386	6-4
05387	6-4
05388	6-4
05389	6-4
05390	6-4
05391	6-4
05392	6-4
05393	6-4
05394	6-4
05395	6-4
05396	6-4
05397	6-4
05398	6-4
05399	6-4
05400	6-4
05401	6-4
05402	6-4
05403	6-4
05404	6-4
05405	6-4
05406	6-4
05407	6-4
05408	6-4
05409	6-4
05410	6-4
05411	6-4
05412	6-4
05413	6-4
05414	6-4
05415	6-4
05416	6-4
05417	6-4
05418	6-4
05419	6-4
05420	6-4
05421	6-4
05422	6-4
05423	6-4
05424	6-4
05425	6-4
05426	6-4
05427	6-4
05428	6-4
05429	6-4
05430	6-4
05431	6-4
05432	6-4
05433	6-4
05434	6-4
05435	6-4
05436	6-4
05437	6-4
05438	6-4
05439	6-4
05440	6-4
05441	6-4
05442	6-4
05443	6-4
05444	6-4
05445	6-4
05446	6-4
05447	6-4
05448	6-4
05449	6-4
05450	6-4
05451	6-4
05452	6-4
05453	6-4
05454	6-4
05455	6-4
05456	6-4
05457	6-4
05458	6-4
05459	6-4
05460	6-4
05461	6-4
05462	6-4
05463	6-4
05464	6-4
05465	6-4
05466	6-4
05467	6-4
05468	6-4
05469	6-4
05470	6-4
05471	6-4
05472	6-5 (4)
05473	6-5 (4)
05474	6-5 (4)
05475	6-5 (4)
05476	6-5 (4)
05477	6-5 (4)
05478	6-5 (4)
05479	6-5 (4)
05480	6-5 (4)
05481	6-5 (4)
05482	6-5 (4)
05483	6-5 (4)
05484	6-5 (4)
05485	6-5 (4)
05486	6-5 (4)
05487	6-5 (4)
05488	6-5 (4)
05489	6-5 (4)
05490	6-5 (4)
05491	6-5 (4)
05492	6-5 (4)
05493	6-5 (4)
05494	6-5 (4)
05495	6-5 (4)
05496	6-5 (4)
05497	6-5 (4)
05498	6-5 (4)
05499	6-5 (4)
05500	6-5 (4)
05501	6-5 (4)
05502	6-5 (4)
05503	6-5 (4)
05504	6-5 (4)
05505	6-5 (4)
05506	6-5 (4)
05507	6-5 (4)
05508	6-5 (4)
05509	6-5 (4)
05510	6-5 (4)
05511	6-5 (4)
05512	6-5 (4)
05513	6-5 (4)
05514	6-5 (4)
05515	6-5 (4)
05516	6-5 (4)
05517	6-5 (4)
05518	6-5 (4)
05519	6-5 (4)
05520	6-5 (4)
05521	6-5 (4)
05522	6-5 (4)
05523	6-5 (4)
05524	6-5 (4)
05525	6-5 (4)
05526	6-5 (4)
05527	6-5 (4)
05528	6-5 (4)
05529	6-5 (4)
05530	6-5 (4)
05531	6-5 (4)
05532	6-5 (4)
05533	6-5 (4)
05534	6-5 (4)
05535	6-5 (4)
05536	6-5 (4)
05537	6-5 (4)
05538	6-5 (4)
05539	6-5 (4)
05540	6-5 (4)
05541	6-5 (4)
05542	6-5 (4)
05543	6-5 (4)
05544	6-5 (4)
05545	6-5 (4)
05546	6-5 (4)
05547	6-5 (4)
05548	6-5 (4)
05549	6-5 (4)
05550	6-5 (4)
05551	6-5 (4)
05552	6-5 (4)
05553	6-5 (4)
05554	6-5 (4)
05555	6-5 (4)
05556	6-5 (4)
05557	6-5 (4)
05558	6-5 (4)
05559	6-5 (4)
05560	6-5 (4)
05561	6-5 (4)
05562	6-5 (4)
05563	6-5 (4)
05564	6-5 (4)
05565	6-5 (4)
05566	6-5 (4)
05567	6-5 (4)
05568	6-5 (4)
05569	6-5 (4)
05570	6-5 (4)
05571	6-5 (4)
05572	6-5 (4)
05573	6-5 (4)
05574	6-5 (4)
05575	6-5 (4)
05576	6-5 (4)
05577	6-5 (2)
05578	6-5 (2)
05579	6-5 (2)
05580	6-5 (2)
05581	6-5 (2)
05582	6-5 (2)
05583	6-5 (2)
05584	6-5 (2)
05585	6-5 (2)
05586	6-5 (2)
05587	6-5 (2)
05588	6-5 (2)
05589	6-5 (2)
05590	6-5 (2)
05591	6-5 (2)
05592	6-5 (2)
05593	6-5 (2)
05594	6-5 (2)
05595	6-5 (2)
05596	6-5 (2)
05597	6-5 (2)
05598	6-5 (2)
05599	6-5 (2)
05600	6-5 (2)
05601	6-5 (2)
05602	6-5 (2)
05603	6-5 (2)
05604	6-5 (2)
05605	6-5 (2)
05606	6-5 (2)
05607	6-5 (2)
05608	6-5 (2)
05609	6-5 (2)
05610	6-5 (2)
05611	6-5 (2)
05612	6-5 (2)
05613	6-5 (2)
05614	6-5 (2)
05615	6-5 (2)
05616	6-5 (2)
05617	6-5 (2)
05618	6-5 (2)
05619	6-5 (2)
05620	6-5 (2)
05621	6-5 (2)
05622	6-5 (2)
05623	6-5 (2)
05624	6-5 (2)
05625	6-5 (2)
05626	6-5 (2)
05627	6-5 (2)
05628	6-5 (2)
05629	6-5 (2)
05630	6-5 (2)
05631	6-5 (2)
05632	6-5 (2)
05633	6-5 (2)
05634	6-5 (2)
05635	6-5 (2)
05636	6-5 (2)
05637	6-5 (2)
05638	6-5 (2)
05639	6-5 (2)
05640	6-5 (2)
05641	6-5 (2)
05642	6-5 (2)
05643	6-5 (2)
05644	6-5 (2)
05645	6-5 (2)
05646	6-5 (2)
05647	6-5 (2)
05648	6-5 (2)
05649	6-5 (2)
05650	6-5 (2)
05651	6-5 (2)
05652	6-5 (2)
05653	6-5 (2)
05654	6-5 (2)
05655	6-5 (2)
05656	6-5 (2)
05657	6-5 (2)
05658	6-5 (2)
05659	6-5 (2)
05660	6-5 (2)
05661	6-5 (2)
05662	6-5 (2)
05663	6-5 (2)
05664	6-5 (2)
05665	6-5 (2)
05666	6-5 (2)
05667	6-5 (2)
05668	6-5 (2)
05669	6-5 (2)
05670	6-5 (2)
05671	6-5 (2)
05672	6-5 (2)
05673	6-5 (2)
05674	6-5 (2)
05675	6-5 (2)
05676	6-5 (2)
05677	6-5 (2)
05678	6-5 (2)
05679	6-5 (2)
05680	6-5 (2)
05681	6-5 (2)
05682	6-5 (2)
05683	6-5 (2)
05684	6-5 (2)
05685	6-5 (2)
05686	6-5 (2)
05687	6-5 (2)
05688	6-5 (2)
05689	6-5 (2)
05690	6-5 (2)
05691	6-5 (2)
05692	6-5 (2)
05693	6-5 (2)
05694	6-5 (2)
05695	6-5 (2)
05696	6-5 (2)
05697	6-5 (2)
05698	6-5 (2)
05699	6-5 (2)
05700	6-5 (2)
05701	6-5 (2)
05702	6-5 (2)
05703	6-5 (2)
05704	6-5 (2)
05705	6-5 (2)
05706	6-5 (2)
05707	6-5 (2)
05708	6-5 (2)
05709	6-5 (2)
05710	6-5 (2)
05711	6-5 (2)
05712	6-5 (2)
05713	6-5 (2)
05714	6-5 (2)
05715	6-5 (2)
05716	6-5 (2)
05717	6-5 (2)
05718	6-5 (2)
05719	6-5 (2)
05720	6-5 (2)
05721	6-5 (2)
05722	6-5 (2)
05723	6-5 (2)
05724	6-5 (2)
05725	6-5 (2)
05726	6-5 (2)
05727	6-5 (2)
05728	6-5 (2)
05729	6-5 (2)
05730	6-5 (2)
05731	6-5 (2)
05732	6-5 (2)
05733	6-5 (2)
05734	6-5 (2)
05735	6-5 (2)
05736	6-5 (2)
05737	6-5 (2)
05738	6-5 (2)
05739	6-5 (2)
05740	6-5 (2)
05741	6-5 (2)
05742	6-5 (2)
05743	6-5 (2)
05744	6-5 (2)
05745	6-5 (2)
05746	6-5 (2)
05747	6-5 (2)
05748	6-5 (2)
05749	6-5 (2)
05750	6-5 (2)
05751	6-5 (2)
05752	6-5 (2)
05753	6-5 (2)
05754	6-5 (2)
05755	6-5 (2)
05756	6-5 (2)
05757	6-5 (2)
05758	6-5 (2)
05759	6-5 (2)
05760	6-5 (2)
05761	6-5 (2)
05762	6-5 (2)
05763	6-5 (2)
05764	6-5 (2)
05765	6-5 (2)
05766	6-5 (2)
05767	6-5 (2)
05768	6-5 (2)
05769	6-5 (2)
05770	6-5 (2)
05771	6-5 (2)
05772	6-5 (2)
05773	6-5 (2)
05774	6-5 (2)
05775	6-5 (2)
05776	6-5 (2)
05777	6-5 (2)
05778	6-5 (2)
05779	6-5 (2)
05780	6-5 (2)
05781	6-5 (2)
05782	6-5 (2)
05783	6-5 (2)
05784	6-5 (2)
05785	6-5 (2)
05786	6-5 (2)
05787	6-5 (2)
05788	6-5 (2)
05789	6-5 (2)
05790	6-5 (2)
05791	6-5 (2)
05792	6-5 (2)
05793	6-5 (2)
05794	6-5 (2)
05795	6-5 (2)
05796	6-5 (2)
05797	6-5 (2)
05798	6-5 (2)
05799	6-5 (2)
05800	6-5 (2)
05801	6-5 (2)
05802	6-5 (2)
05803	6-5 (2)
05804	6-5 (2)
05805	6-5 (2)
05806	6-5 (2)
05807	6-5 (2)
05808	6-5 (2)
05809	6-5 (2)
05810	6-5 (2)
05811	6-5 (2)
05812	6-5 (2)
05813	6-5 (2)
05814	6-5 (2)
05815	6-5 (2)
05816	6-5 (2)
05817	6-5 (2)
05818	6-5 (2)
05819	6-5 (2)
05820	6-5 (2)
05821	6-5 (2)
05822	6-5 (2)
05823	6-5 (2)
05824	6-5 (2)
05825	6-5 (2)
05826	6-5 (2)
05827	6-5 (2)
05828	6-5 (2)
05829	6-5 (2)
05830	6-5 (2)
05831	6-5 (2)
05832	6-5 (2)
05833	6-5 (2)
05834	6-5 (2)
05835	6-5 (2)
05836	6-5 (2)
05837	6-5 (2)
05838	6-5 (2)
05839	6-5 (2)
05840	6-5 (2)
05841	6-5 (2)
05842	6-5 (2)
05843	6-5 (2)
05844	6-5 (2)
05845	6-5 (2)
05846	6-5 (2)
05847	6-5 (2)
05848	6-5 (2)
05849	6-5 (2)
05850	6-5 (2)
05851	6-5 (2)
05852	6-5 (2)
05853	6-5 (2)
05854	6-5 (2)
05855	6-5 (2)
05856	6-5 (2)
05857	6-5 (2)
05858	6-5 (2)
05859	6-5 (2)
05860	6-5 (2)
05861	6-5 (2)
05862	6-5 (2)
05863	6-5 (2)
05864	6-5 (2)
05865	6-5 (2)
05866	6-5 (2)
05867	6-5 (2)
05868	6-5 (2)
05869	6-5 (2)
05870	6-5 (2)
05871	6-5 (2)
05872	6-5 (2)
05873	6-5 (2)
05874	6-5 (2)
05875	6-5 (2)
05876	6-5 (2)
05877	6-5 (2)
05878	6-5 (2)
05879	6-5 (2)
05880	6-5 (2)
05881	6-5 (2)
05882	6-5 (2)
05883	6-5 (2)
05884	6-5 (2)
05885	6-5 (2)
05886	6-5 (2)
05887	6-5 (2)
05888	6-5 (2)
05889	6-5 (2)
05890	6-5 (2)
05891	6-5 (2)
05892	6-5 (2)
05893	6-5 (2)
05894	6-5 (2)
05895	6-5 (2)
05896	6-5 (2)
05897	6-5 (2)
05898	6-5 (2)
05899	6-5 (2)
05900	6-5 (2)
05901	6-5 (3)
05902	6-5 (3)
05903	6-5 (3)
05904	6-5 (3)
05905	6-5 (3)
05906	6-5 (3)
05907	6-5 (3)
05908	6-5 (3)
05909	6-5 (3)
05910	6-5 (3)
05911	6-5 (3)
05912	6-5 (3)
05913	6-5 (3)
05914	6-5 (3)
05915	6-5 (3)
05916	6-5 (3)
05917	6-5 (3)
05918	6-5 (3)
05919	6-5 (3)
05920	6-5 (3)
05921	6-5 (3)
05922	6-5 (3)
05923	6-5 (3)
05924	6-5 (3)
05925	6-5 (3)
05926	6-5 (3)
05927	6-5 (3)
05928	6-5 (3)
05929	6-5 (3)
05930	6-5 (3)
05931	6-5 (3)
05932	6-5 (3)
05933	6-5 (3)
05934	6-5 (3)
05935	6-5 (3)
05936	6-5 (3)
05937	6-5 (3)
05938	6-5 (3)
05939	6-5 (3)
05940	6-5 (3)
05941	6-5 (3)
05942	6-5 (3)
05943	6-5 (3)
05944	6-5 (3)
05945	6-5 (3)
05946	6-5 (3)
05947	6-5 (3)
05948	6-5 (3)
05949	6-5 (3)
05950	6-5 (3)
05951	6-5 (3)
05952	6-5 (3)
05953	6-5 (3)
05954	6-5 (3)
05955	6-5 (3)
05956	6-5 (3)
05957	6-5 (3)
05958	6-5 (3)
05959	6-5 (3)
05960	6-5 (3)
05961	6-5 (3)
05962	6-5 (3)
05963	6-5 (3)
05964	6-5 (3)
05965	6-5 (3)
05966	6-5 (3)
05967	6-5 (3)
05968	6-5 (3)
05969	6-5 (3)
05970	6-5 (3)
05971	6-5 (3)
05972	6-5 (3)
05973	6-5 (3)
05974	6-5 (3)
05975	6-5 (3)
05976	6-5 (3)
05977	6-5 (3)
05978	6-5 (3)
05979	6-5 (3)
05980	6-5 (3)
05981	6-5 (3)
05982	6-5 (3)
05983	6-5 (3)
05984	6-5 (3)
05985	6-5 (3)
05986	6-5 (3)
05987	6-5 (3)
05988	6-5 (3)
05989	6-5 (3)
05990	6-5 (3)
05991	6-5 (3)
05992	6-5 (3)
05993	6-5 (3)
05994	6-5 (3)
05995	6-5 (3)
05996	6-5 (3)
05997	6-5 (3)
05998	6-5 (3)
05999	6-5 (3)
06000	6-5 (3)
06001	6-5 (3)
06002	6-5 (3)
06003	6-5 (3)
06004	6-5 (3)
06005	6-5 (3)
06006	6-5 (3)
06007	6-5 (3)
06008	6-5 (3)
06009	6-5 (3)
06010	6-5 (3)
06011	6-5 (3)
06012	6-5 (3)
06013	6-5 (3)
06014	6-5 (3)
06015	6-5 (3)
06016	6-5 (3)
06017	6-5 (3)
06018	6-5 (3)
06019	6-5 (3)
06020	6-5 (3)
06021	6-5 (3)
06022	6-5 (3)
06023	6-5 (3)
06024	6-5 (3)
06025	6-5 (3)
06026	6-5 (3)
06027	6-5 (3)
06028	6-5 (3)
06029	6-5 (3)
06030	6-5 (3)
06031	6-5 (3)
06032	6-5 (3)
06033	6-5 (3)
06034	6-5 (3)
06035	6-5 (3)
06036	6-5 (3)
06037	6-5 (3)
06038	6-5 (3)
06039	6-5 (3)
06040	6-5 (3)
06041	6-5 (3)
06042	6-5 (3)
06043	6-5 (3)
06044	6-5 (3)
06045	6-5 (3)
06046	6-5 (3)
06047	6-5 (3)
06048	6-5 (3)
06049	6-5 (3)
06050	6-5 (3)
06051	6-5 (3)
06052	6-5 (3)
06053	6-5 (3)
06054	6-5 (3)
06055	6-5 (3)
06056	6-5 (3)
06057	6-5 (3)
06058	6-5 (3)
06059	6-5 (3)
06060	6-5 (3)
06061	6-5 (3)
06062	6-5 (3)
06063	6-5 (3)
06064	6-5 (3)
06065	6-5 (3)
06066	6-5 (3)
06067	6-5 (3)
06068	6-5 (3)
06069	6-5 (3)
06070	6-5 (3)
06071	6-5 (3)
06072	6-5 (3)
06073	6-5 (3)
06074	6-5 (3)
06075	6-5 (3)
06076	6-5 (3)
06077	6-5 (3)
06078	6-5 (3)
06079	6-5 (3)
06080	6-5 (3)
06081	6-5 (3)
06082	6-5 (3)
06083	6-5 (3)
06084	6-5 (3)
06085	6-5 (3)
06086	6-5 (3)
06087	6-5 (3)
06088	6-5 (3)
06089	6-5 (3)
06090	6-5 (3)
06091	6-5 (3)
06092	6-5 (3)
06093	6-5 (3)
06094	6-5 (3)
06095	6-5 (3)
06096	6-5 (3)
06097	6-5 (3)
06098	6-5 (3)
06099	6-5 (3)
06100	6-5 (3)
06101	6-5 (3)
06102	6-5 (3)
06103	6-5 (3)
06104	6-5 (3)
06105	6-5 (3)
06106	6-5 (3)
06107	6-5 (3)
06108	6-5 (3)
06109	6-5 (3)
06110	6-5 (3)
06111	6-5 (3)
06112	6-5 (3)
06113	6-5 (3)
06114	6-5 (3)
06115	6-5 (3)
06116	6-5 (3)
06117	6-5 (3)
06118	6-5 (3)
06119	6-5 (3)
06120	6-5 (3)
06121	6-5 (3)
06122	6-5 (3)
06123	6-5 (3)
06124	6-5 (3)
06125	6-5 (3)
06126	6-5 (3)
06127	6-5 (3)
06128	6-5 (3)
06129	6-5 (3)
06130	6-5 (3)
06131	6-5 (3)
06132	6-5 (3)
06133	6-5 (3)
06134	6-5 (3)
06135	6-5 (3)
06136	6-5 (3)
06137	6-5 (3)
06138	6-5 (3)
06139	6-5 (3)
06140	6-5 (3)
06141	6-5 (3)
06142	6-5 (3)
06143	6-5 (3)
06144	6-5 (3)
06145	6-5 (3)
06146	6-5 (3)
06147	6-5 (3)
06148	6-5 (3)
06149	6-5 (3)
06150	6-5 (3)
06151	6-5 (3)
06152	6-5 (3)
06153	6-5 (3)
06154	6-5 (3)
06155	6-5 (3)
06156	6-5 (3)
06157	6-5 (3)
06158	6-5 (3)
06159	6-5 (3)
06160	6-5 (3)
06161	6-5 (3)
06162	6-5 (3)
06163	6-5 (3)
06164	6-5 (3)
06165	6-5 (3)
06166	6-5 (3)
06167	6-5 (3)
06168	6-5 (3)
06169	6-5 (3)
06170	6-5 (3)
06171	6-5 (3)
06172	6-5 (3)
06173	6-5 (3)
06174	6-5 (3)
06175	6-5 (3)
06176	6-5 (3)
06177	6-5 (3)
06178	6-5 (3)
06179	6-5 (3)
06180	6-5 (3)
06181	6-5 (3)
06182	6-5 (3)
06183	6-5 (3)
06184	6-5 (3)
06185	6-5 (3)
06186	6-5 (3)
06187	6-5 (3)
06188	6-5 (3)
06189	6-5 (3)
06190	6-5 (3)
06191	6-5 (3)
06192	6-5 (3)
06193	6-5 (3)
06194	6-5 (3)
06195	6-5 (3)
06196	6-5 (3)
06197	6-5 (3)
06198	6-5 (3)
06199	6-5 (3)
06200	6-5 (3)
06201	6-5 (3)
06202	6-5 (3)
06203	6-5 (3)
06204	6-5 (3)
06205	6-5 (3)
06206	6-5 (3)
06207	6-5 (3)
06208	6-5 (3)
06209	6-5 (3)
06210	6-5 (3)
06211	6-5 (3)
06212	6-5
06213	6-5
06214	6-5
06215	6-5
06216	6-5
06217	6-5
06218	6-5
06219	6-5
06220	6-5
06221	6-5
06222	6-5
06223	6-5
06224	6-5
06225	6-5
06226	6-5
06227	6-5
06228	6-5
06229	6-5
06230	6-5
06231	6-5
06232	6-5
06233	6-5
06234	6-5
06235	6-5
06236	6-5
06237	6-5
06238	6-5
06239	6-5
06240	6-5
06241	6-5
06242	6-5
06243	6-5
06244	6-5
06245	6-5
06246	6-5
06247	6-5
06248	6-5
06249	6-5
06250	6-5
06251	6-5
06252	6-5
06253	6-5
06254	6-5
06255	6-5
06256	6-5
06257	6-5
06258	6-5
06259	6-5
06260	6-5
06261	6-5
06262	6-5
06263	6-5
06264	6-5
06265	6-5
06266	6-5
06267	6-5
06268	6-5
06269	6-5
06270	6-5
06271	6-5
06272	6-5
06273	6-5
06274	6-5
06275	6-5
06276	6-5
06277	6-5
06278	6-5
06279	6-5
06280	6-5
06281	6-5
06282	6-5
06283	6-5
06284	6-5
06285	6-5
06286	6-5
06287	6-5
06288	6-5
06289	6-5
06290	6-5
06291	6-5
06292	6-5
06293	6-5
06294	6-5
06295	6-5
06296	6-5
06297	6-5
06298	6-5
06299	6-5
06300	6-5
06301	6-5
06302	6-5
06303	6-5
06304	6-5
06305	6-5
06306	6-5
06307	6-5
06308	6-5
06309	6-5
06310	6-5
06311	6-5
06312	6-5
06313	6-5
06314	6-5
06315	6-5
06316	6-5
06317	6-5
06318	6-5
06319	6-5
06320	6-5
06321	6-5
06322	6-5
06323	6-5
06324	6-5
06325	6-5
06326	6-5
06327	6-5
06328	6-5
06329	6-5
06330	6-5
06331	6-5
06332	6-5
06333	6-5
06334	6-5
06335	6-5
06336	6-5
06337	6-5
06338	6-5
06339	6-5
06340	6-5
06341	6-5
06342	6-5
06343	6-5
06344	6-5
06345	6-5
06346	6-5
06347	6-5
06348	6-5
06349	6-5
06350	6-5
06351	6-5
06352	6-5
06353	6-5
06354	6-5
06355	6-5
06356	6-5
06357	6-5
06358	6-5
06359	6-5
06360	6-5
06361	6-5
06362	6-5
06363	6-5
06364	6-5
06365	6-5
06366	6-5
06367	6-5
06368	6-5
06369	6-5
06370	6-5
06371	6-5
06372	6-5
06373	6-5
06374	6-5
06375	6-5
06376	6-5
06377	6-5
06378	6-5
06379	6-5
06380	6-5
06381	6-5
06382	6-5
06383	6-5
06384	6-5
06385	6-5
06386	6-5
06387	6-5
06388	6-5
06389	6-5
06390	6-5
06391	6-5
06392	6-5
06393	6-5
06394	6-5
06395	6-5
06396	6-5
06397	6-5
06398	6-5
06399	6-5
06400	6-5
06401	6-5
06402	6-5
06403	6-5
06404	6-5
06405	6-5
06406	6-5
06407	6-5
06408	6-5
06409	6-5
06410	6-5
06411	6-5
06412	6-5
06413	6-5
06414	6-5
06415	6-5
06416	6-5
06417	6-5
06418	6-5
06419	6-5
06420	6-5
06421	6-5
06422	6-5
06423	6-5
06424	6-5
06425	6-5
06426	6-5
06427	6-5
06428	6-5
06429	6-5
06430	6-5
06431	6-5
06432	6-5
06433	6-5
06434	6-5
06435	6-5
06436	6-5
06437	6-5
06438	6-5
06439	6-5
06440	6-5
06441	6-5
06442	6-5
06443	6-5
06444	6-5
06445	6-5
06446	6-5
06447	6-5
06448	6-5
06449	6-5
06450	6-5
06451	6-5
06452	6-5
06453	6-5
06454	6-5
06455	6-5
06456	6-5
06457	6-5
06458	6-5
06459	6-5
06460	6-5
06461	6-5
06462	6-5
06463	6-5
06464	6-5
06465	6-5
06466	6-5
06467	6-5
06468	6-5
06469	6-5
06470	6-5
06471	6-5
06472	6-5
06473	6-5
06474	6-5
06475	6-5
06476	6-5
06477	6-5
06478	6-5
06479	6-5
06480	6-5
06481	6-5
06482	6-5
06483	6-5
06484	6-5
06485	6-5
06486	6-5
06487	6-5
06488	6-5
06489	6-5
06490	6-5
06491	6-5
06492	6-5
06493	6-5
06494	6-5
06495	6-5
06496	6-5
06497	6-5
06498	6-5
06499	6-5
06500	6-5
06501	6-5
06502	6-5
06503	6-5
06504	6-5
06505	6-5
06506	6-5
06507	6-5
06508	6-5
06509	6-5
06510	6-5
06511	6-5
06512	6-5
06513	6-5
06514	6-5
06515	6-5
06516	6-5
06517	6-5
06518	6-5
06519	6-5
06520	6-5
06521	6-5
06522	6-5
06523	6-5
06524	6-6 (2)
06525	6-6 (2)
06526	6-6 (2)
06527	6-6 (2)
06528	6-6 (2)
06529	6-6 (2)
06530	6-6 (2)
06531	6-6 (2)
06532	6-6 (2)
06533	6-6 (2)
06534	6-6 (2)
06535	6-6 (2)
06536	6-6 (2)
06537	6-6 (2)
06538	6-6 (2)
06539	6-6 (2)
06540	6-6 (2)
06541	6-6 (2)
06542	6-6 (2)
06543	6-6 (2)
06544	6-6 (2)
06545	6-6 (2)
06546	6-6 (2)
06547	6-6 (2)
06548	6-6 (2)
06549	6-6 (2)
06550	6-6 (2)
06551	6-6 (2)
06552	6-6 (2)
06553	6-6 (2)
06554	6-6 (2)
06555	6-6 (2)
06556	6-6 (2)
06557	6-6 (2)
06558	6-6 (2)
06559	6-6 (2)
06560	6-6 (2)
06561	6-6 (2)
06562	6-6 (2)
06563	6-6 (2)
06564	6-6 (2)
06565	6-6 (2)
06566	6-6 (2)
06567	6-6 (2)
06568	6-6 (2)
06569	6-6 (2)
06570	6-6 (2)
06571	6-6 (2)
06572	6-6 (2)
06573	6-6 (2)
06574	6-6 (2)
06575	6-6 (2)
06576	6-6 (2)
06577	6-6 (2)
06578	6-6 (2)
06579	6-6 (2)
06580	6-6 (2)
06581	6-6 (2)
06582	6-6 (2)
06583	6-6 (2)
06584	6-6 (2)
06585	6-6 (2)
06586	6-6 (2)
06587	6-6 (2)
06588	6-6 (2)
06589	6-6 (2)
06590	6-6 (2)
06591	6-6 (2)
06592	6-6 (2)
06593	6-6 (2)
06594	6-6 (2)
06595	6-6 (2)
06596	6-6 (2)
06597	6-6 (2)
06598	6-6 (2)
06599	6-6 (2)
06600	6-6 (2)
06601	6-6 (2)
06602	6-6 (2)
06603	6-6 (2)
06604	6-6 (2)
06605	6-6 (2)
06606	6-6 (2)
06607	6-6 (2)
06608	6-6 (2)
06609	6-6 (2)
06610	6-6 (2)
06611	6-6 (2)
06612	6-6 (2)
06613	6-6 (2)
06614	6-6 (2)
06615	6-6 (2)
06616	6-6 (2)
06617	6-6 (2)
06618	6-6 (2)
06619	6-6 (2)
06620	6-6 (2)
06621	6-6 (2)
06622	6-6 (2)
06623	6-6 (2)
06624	6-6 (2)
06625	6-6 (2)
06626	6-6 (2)
06627	6-6 (2)
06628	6-6 (2)
06629	6-6 (2)
06630	6-6 (2)
06631	6-6 (2)
06632	6-6 (2)
06633	6-6 (2)
06634	6-6 (2)
06635	6-6 (2)
06636	6-6 (2)
06637	6-6 (2)
06638	6-6 (2)
06639	6-6 (2)
06640	6-6 (2)
06641	6-6 (2)
06642	6-6 (2)
06643	6-6 (2)
06644	6-6 (2)
06645	6-6 (2)
06646	6-6 (2)
06647	6-6 (2)
06648	6-6 (2)
06649	6-6 (2)
06650	6-6 (2)
06651	6-6 (2)
06652	6-6 (2)
06653	6-6 (2)
06654	6-6 (2)
06655	6-6 (2)
06656	6-6 (2)
06657	6-6 (2)
06658	6-6 (2)
06659	6-6 (2)
06660	6-6 (2)
06661	6-6 (2)
06662	6-6 (2)
06663	6-6 (2)
06664	6-6 (2)
06665	6-6 (2)
06666	6-6 (2)
06667	6-6 (2)
06668	6-6 (2)
06669	6-6 (2)
06670	6-6 (2)
06671	6-6 (2)
06672	6-6 (2)
06673	6-6 (2)
06674	6-6 (2)
06675	6-6 (2)
06676	6-6 (2)
06677	6-6 (2)
06678	6-6 (2)
06679	6-6 (2)
06680	6-6 (2)
06681	6-6 (2)
06682	6-6 (2)
06683	6-6 (2)
06684	6-6 (2)
06685	6-6 (2)
06686	6-6 (2)
06687	6-6 (2)
06688	6-6 (2)
06689	6-6 (2)
06690	6-6 (2)
06691	6-6 (2)
06692	6-6 (2)
06693	6-6 (2)
06694	6-6 (2)
06695	6-6 (2)
06696	6-6 (2)
06697	6-6 (2)
06698	6-6 (2)
06699	6-6 (2)
06700	6-6 (2)
06701	6-6 (2)
06702	6-6 (2)
06703	6-6 (2)
06704	6-6 (2)
06705	6-6 (2)
06706	6-6 (2)
06707	6-6 (2)
06708	6-6 (2)
06709	6-6 (2)
06710	6-6 (2)
06711	6-6 (2)
06712	6-6 (2)
06713	6-6 (2)
06714	6-6 (2)
06715	6-6 (2)
06716	6-6 (2)
06717	6-6 (2)
06718	6-6 (2)
06719	6-6 (2)
06720	6-6 (2)
06721	6-6 (2)
06722	6-6 (2)
06723	6-6 (2)
06724	6-6 (2)
06725	6-6 (2)
06726	6-6 (2)
06727	6-6 (2)
06728	6-6 (2)
06729	6-6 (2)
06730	6-6 (2)
06731	6-6 (2)
06732	6-6 (2)
06733	6-6 (2)
06734	6-6 (2)
06735	6-6
06736	6-6
06737	6-6
06738	6-6
06739	6-6
06740	6-6
06741	6-6
06742	6-6
06743	6-6
06744	6-6
06745	6-6
06746	6-6
06747	6-6
06748	6-6
06749	6-6
06750	6-6
06751	6-6
06752	6-6
06753	6-6
06754	6-6
06755	6-6
06756	6-6
06757	6-6
06758	6-6
06759	6-6
06760	6-6
06761	6-6
06762	6-6
06763	6-6
06764	6-6
06765	6-6
06766	6-6
06767	6-6
06768	6-6
06769	6-6
06770	6-6
06771	6-6
06772	6-6
06773	6-6
06774	6-6
06775	6-6
06776	6-6
06777	6-6
06778	6-6
06779	6-6
06780	6-6
06781	6-6
06782	6-6
06783	6-6
06784	6-6
06785	6-6
06786	6-6
06787	6-6
06788	6-6
06789	6-6
06790	6-6
06791	6-6
06792	6-6
06793	6-6
06794	6-6
06795	6-6
06796	6-6
06797	6-6
06798	6-6
06799	6-6
06800	6-6
06801	6-6
06802	6-6
06803	6-6
06804	6-6
06805	6-6
06806	6-6
06807	6-6
06808	6-6
06809	6-6
06810	6-6
06811	6-6
06812	6-6
06813	6-6
06814	6-6
06815	6-6
06816	6-6
06817	6-6
06818	6-6
06819	6-6
06820	6-6
06821	6-6
06822	6-6
06823	6-6
06824	6-6
06825	6-6
06826	6-6
06827	6-6
06828	6-6
06829	6-6
06830	6-6
06831	6-6
06832	6-6
06833	6-6
06834	6-6
06835	6-6
06836	6-6
06837	6-6
06838	6-6
06839	6-6
06840	6-6
06841	6-6
06842	6-6
06843	6-6
06844	6-6
06845	6-6
06846	6-6
06847	6-6
06848	6-6
06849	6-6
06850	6-6
06851	6-6
06852	6-6
06853	6-6
06854	6-6
06855	6-6
06856	6-6
06857	6-6
06858	6-6
06859	6-6
06860	6-6
06861	6-6
06862	6-6
06863	6-6
06864	6-6
06865	6-6
06866	6-6
06867	6-6
06868	6-6
06869	6-6
06870	6-6
06871	6-6
06872	6-6
06873	6-6
06874	6-6
06875	6-6
06876	6-6
06877	6-6
06878	6-6
06879	6-6
06880	6-6
06881	6-6
06882	6-6
06883	6-6
06884	6-6
06885	6-6
06886	6-6
06887	6-6
06888	6-6
06889	6-6
06890	6-6
06891	6-6
06892	6-6
06893	6-6
06894	6-6
06895	6-6
06896	6-6
06897	6-6
06898	6-6
06899	6-6
06900	6-6
06901	6-6
06902	6-6
06903	6-6
06904	6-6
06905	6-6
06906	6-6
06907	6-6
06908	6-6
06909	6-6
06910	tupian
06911	6-6
06912	6-6
06913	6-6
06914	tupian
06915	6-6
06916	tupian
06917	tupian
06918	6-6
06919	6-6
06920	tupian
06921	tupian
06922	6-6
06923	tupian
06924	6-6
06925	6-6
06926	6-6
06927	6-6
06928	6-6
06929	tupian
06930	6-6
06931	6-6
06932	6-6
06933	6-6
06934	6-6
06935	6-6
06936	tupian
06937	6-6
06938	tupian
06939	6-6
06940	6-6
06941	6-6
06942	6-6
06943	6-6
06944	6-6
06945	6-6
06946	tupian
06947	tupian
06948	6-6
06949	6-6
06950	6-6
06951	6-6
06952	tupian
06953	6-6
06954	tupian
06955	tupian
06956	tupian
06957	tupian
06958	tupian
06959	tupian
06960	tupian
06961	tupian
06962	tupian
06963	tupian
06964	tupian
06965	tupian
06966	tupian
06967	6-6
06968	tupian
06969	tupian
06970	tupian
06971	tupian
06972	6-6
06973	tupian
06974	tupian
06975	tupian
06976	tupian
06977	6-6
06978	tupian
06979	6-6
06980	tupian
06981	6-6
06982	6-6
06983	6-6
06984	6-6
06985	6-6
06986	6-6
06987	6-6
06988	tupian
06989	6-6
06990	6-6
06991	6-6
06992	tupian
06993	6-6
06994	6-6
06995	tupian
06996	tupian
06997	6-6
06998	tupian
06999	tupian
07000	tupian
07001	tupian
07002	tupian
07003	tupian
07004	tupian
07005	tupian
07006	tupian
07007	tupian
07008	tupian
07009	tupian
07010	6-6
07011	tupian
07012	tupian
07013	tupian
07014	tupian
07015	tupian
07016	tupian
07017	tupian
07018	tupian
07019	tupian
07020	tupian
07021	tupian
07022	tupian
07023	6-6
07024	6-6
07025	tupian
07026	6-6
07027	tupian
07028	6-6
07029	tupian
07030	tupian
07031	tupian
07032	tupian
07033	6-6
07034	6-6
07035	tupian
07036	tupian
07037	tupian
07038	6-6
07039	6-6
07040	6-6
07041	tupian
07042	tupian
07043	tupian
07044	tupian
07045	tupian
07046	tupian
07047	6-8 (2)
07048	6-8 (2)
07049	6-8 (2)
07050	6-8 (2)
07051	6-8 (2)
07052	6-8 (2)
07053	6-8 (2)
07054	6-8 (2)
07055	6-8 (2)
07056	6-8 (2)
07057	6-8 (2)
07058	6-8 (2)
07059	6-8 (2)
07060	6-8 (2)
07061	6-8 (2)
07062	6-8 (2)
07063	6-8 (2)
07064	6-8 (2)
07065	6-8 (2)
07066	6-8 (2)
07067	6-8 (2)
07068	6-8 (2)
07069	6-8 (2)
07070	6-8 (2)
07071	6-8 (2)
07072	6-8 (2)
07073	6-8 (2)
07074	6-8 (2)
07075	6-8 (2)
07076	6-8 (2)
07077	6-8 (2)
07078	6-8 (2)
07079	6-8 (2)
07080	6-8 (2)
07081	6-8 (2)
07082	6-8 (2)
07083	6-8 (2)
07084	6-8 (2)
07085	6-8 (2)
07086	6-8 (2)
07087	6-8 (2)
07088	6-8 (2)
07089	6-8 (2)
07090	6-8 (2)
07091	6-8 (2)
07092	6-8 (2)
07093	6-8 (2)
07094	6-8 (2)
07095	6-8 (2)
07096	6-8 (2)
07097	6-8 (2)
07098	6-8 (2)
07099	6-8 (2)
07100	6-8 (2)
07101	6-8 (2)
07102	6-8 (2)
07103	6-8 (2)
07104	6-8 (2)
07105	6-8 (2)
07106	6-8 (2)
07107	6-8 (2)
07108	6-8 (2)
07109	6-8 (2)
07110	6-8 (2)
07111	6-8 (2)
07112	6-8 (2)
07113	6-8 (2)
07114	6-8 (2)
07115	6-8 (2)
07116	6-8 (2)
07117	6-8 (2)
07118	6-8 (2)
07119	6-8 (2)
07120	6-8 (2)
07121	6-8 (2)
07122	6-8 (2)
07123	6-8 (2)
07124	6-8 (2)
07125	6-8 (2)
07126	6-8 (2)
07127	6-8 (2)
07128	6-8 (2)
07129	6-8 (2)
07130	6-8 (2)
07131	6-8 (2)
07132	6-8 (2)
07133	6-8 (2)
07134	6-8 (2)
07135	6-8 (2)
07136	6-8 (2)
07137	6-8 (2)
07138	6-8 (2)
07139	6-8 (2)
07140	6-8 (2)
07141	6-8 (2)
07142	6-8 (2)
07143	6-8 (2)
07144	6-8 (2)
07145	6-8 (2)
07146	6-8 (2)
07147	6-8 (2)
07148	6-8 (2)
07149	6-8 (2)
07150	6-8 (2)
07151	6-8 (2)
07152	6-8 (2)
07153	6-8 (2)
07154	6-8 (2)
07155	6-8 (2)
07156	6-8 (2)
07157	6-8 (2)
07158	6-8 (2)
07159	6-8 (2)
07160	6-8 (2)
07161	6-8 (2)
07162	6-8 (2)
07163	6-8 (2)
07164	6-8 (2)
07165	6-8 (2)
07166	6-8 (2)
07167	6-8 (2)
07168	6-8 (2)
07169	6-8 (2)
07170	6-8 (2)
07171	6-8 (2)
07172	6-8 (2)
07173	6-8 (2)
07174	6-8 (2)
07175	6-8 (2)
07176	6-8 (2)
07177	6-8 (2)
07178	6-8 (2)
07179	6-8 (2)
07180	6-8 (2)
07181	6-8 (2)
07182	6-8 (2)
07183	6-8 (2)
07184	6-8 (2)
07185	6-8 (2)
07186	6-8 (2)
07187	6-8 (2)
07188	6-8 (2)
07189	6-8 (2)
07190	6-8 (2)
07191	6-8 (2)
07192	6-8 (2)
07193	6-8 (2)
07194	6-8 (2)
07195	6-8 (2)
07196	6-8 (2)
07197	6-8 (2)
07198	6-8 (2)
07199	6-8 (2)
07200	6-8 (2)
07201	6-8 (2)
07202	6-8 (2)
07203	6-8 (2)
07204	6-8 (2)
07205	6-8 (2)
07206	6-8 (2)
07207	6-8 (2)
07208	6-8 (2)
07209	6-8 (2)
07210	6-8 (2)
07211	6-8 (2)
07212	6-8 (2)
07213	6-8 (2)
07214	6-8 (2)
07215	6-8 (2)
07216	6-8 (2)
07217	6-8 (2)
07218	6-8 (2)
07219	6-8 (2)
07220	6-8 (2)
07221	6-8 (2)
07222	6-8 (2)
07223	6-8 (2)
07224	6-8 (2)
07225	6-8 (2)
07226	6-8 (2)
07227	6-8 (2)
07228	6-8 (2)
07229	6-8 (2)
07230	6-8 (2)
07231	6-8 (2)
07232	6-8 (2)
07233	6-8 (2)
07234	6-8 (2)
07235	6-8 (2)
07236	6-8 (2)
07237	6-8 (2)
07238	6-8 (2)
07239	6-8 (2)
07240	6-8 (2)
07241	6-8 (2)
07242	6-8 (2)
07243	6-8 (2)
07244	6-8 (2)
07245	6-8 (2)
07246	6-8 (2)
07247	6-8 (2)
07248	6-8 (2)
07249	6-8 (2)
07250	6-8 (2)
07251	6-8 (2)
07252	6-8 (2)
07253	6-8 (2)
07254	6-8 (2)
07255	6-8 (2)
07256	6-8 (2)
07257	6-8 (2)
07258	6-8 (2)
07259	6-8 (2)
07260	6-8 (2)
07261	6-8 (2)
07262	6-8 (2)
07263	6-8 (2)
07264	6-8 (2)
07265	6-8 (2)
07266	6-8 (2)
07267	6-8 (2)
07268	6-8 (2)
07269	6-8 (2)
07270	6-8 (2)
07271	6-8 (2)
07272	6-8 (2)
07273	6-8 (2)
07274	6-8 (2)
07275	6-8 (2)
07276	6-8 (2)
07277	6-8 (2)
07278	6-8 (2)
07279	6-8 (2)
07280	6-8 (2)
07281	6-8 (2)
07282	6-8 (2)
07283	6-8 (2)
07284	6-8 (2)
07285	6-8 (2)
07286	6-8 (2)
07287	6-8 (2)
07288	6-8 (2)
07289	6-8 (2)
07290	6-8 (2)
07291	6-8 (2)
07292	6-8 (2)
07293	6-8 (2)
07294	6-8 (2)
07295	6-8 (2)
07296	6-8 (2)
07297	6-8 (2)
07298	6-8 (2)
07299	6-8 (2)
07300	6-8 (2)
07301	6-8 (2)
07302	6-8 (2)
07303	6-8 (2)
07304	6-8 (2)
07305	6-8 (2)
07306	6-8 (2)
07307	6-8 (2)
07308	6-8 (2)
07309	6-8 (2)
07310	6-8 (2)
07311	6-8 (2)
07312	6-8 (2)
07313	6-8 (2)
07314	6-8 (2)
07315	6-8 (2)
07316	6-8 (2)
07317	6-8 (2)
07318	6-8 (2)
07319	6-8 (2)
07320	6-8 (2)
07321	6-8 (2)
07322	6-8 (2)
07323	6-8 (2)
07324	6-8 (2)
07325	6-8 (2)
07326	6-8 (2)
07327	6-8 (2)
07328	6-8 (2)
07329	6-8 (2)
07330	6-8 (2)
07331	6-8 (2)
07332	6-8 (2)
07333	6-8 (2)
07334	6-8 (2)
07335	6-8 (2)
07336	6-8 (2)
07337	6-8 (2)
07338	6-8 (2)
07339	6-8 (2)
07340	6-8 (2)
07341	6-8 (2)
07342	6-8 (2)
07343	6-8 (2)
07344	6-8 (2)
07345	6-8 (2)
07346	6-8 (2)
07347	6-8 (2)
07348	6-8 (2)
07349	6-8 (2)
07350	6-8 (2)
07351	6-8 (2)
07352	6-8 (2)
07353	6-8 (2)
07354	6-8 (2)
07355	6-8 (2)
07356	6-8 (2)
07357	6-8
07358	6-8
07359	6-8
07360	6-8
07361	6-8
07362	6-8
07363	6-8
07364	6-8
07365	6-8
07366	6-8
07367	6-8
07368	6-8
07369	6-8
07370	6-8
07371	6-8
07372	6-8
07373	6-8
07374	6-8
07375	6-8
07376	6-8
07377	6-8
07378	6-8
07379	6-8
07380	6-8
07381	6-8
07382	6-8
07383	6-8
07384	6-8
07385	6-8
07386	6-8
07387	6-8
07388	6-8
07389	6-8
07390	6-8
07391	6-8
07392	6-8
07393	6-8
07394	6-8
07395	6-8
07396	6-8
07397	6-8
07398	6-8
07399	6-8
07400	6-8
07401	6-8
07402	6-8
07403	6-8
07404	6-8
07405	6-8
07406	6-8
07407	6-8
07408	6-8
07409	6-8
07410	6-8
07411	6-8
07412	6-8
07413	6-8
07414	6-8
07415	6-8
07416	6-8
07417	6-8
07418	6-8
07419	6-8
07420	6-8
07421	6-8
07422	6-8
07423	6-8
07424	6-8
07425	6-8
07426	6-8
07427	6-8
07428	6-8
07429	6-8
07430	6-8
07431	6-8
07432	6-8
07433	6-8
07434	6-8
07435	6-8
07436	6-8
07437	6-8
07438	6-8
07439	6-8
07440	6-8
07441	6-8
07442	6-8
07443	6-8
07444	6-8
07445	6-8
07446	6-8
07447	6-8
07448	6-8
07449	6-8
07450	6-8
07451	6-8
07452	6-8
07453	6-8
07454	6-8
07455	6-8
07456	6-8
07457	6-8
07458	6-8
07459	6-8
07460	6-8
07461	6-8
07462	6-8
07463	6-8
07464	6-8
07465	6-8
07466	6-8
07467	6-8
07468	6-8
07469	6-8
07470	6-8
07471	6-8
07472	6-8
07473	6-8
07474	6-8
07475	6-8
07476	6-8
07477	6-8
07478	6-8
07479	6-8
07480	6-8
07481	6-8
07482	6-8
07483	6-8
07484	6-8
07485	6-8
07486	6-8
07487	6-8
07488	6-8
07489	6-9 (2)
07490	6-9 (2)
07491	6-9 (2)
07492	6-9 (2)
07493	6-9 (2)
07494	6-9 (2)
07495	6-9 (2)
07496	6-9 (2)
07497	6-9 (2)
07498	6-9 (2)
07499	6-9 (2)
07500	6-9 (2)
07501	6-9 (2)
07502	6-9 (2)
07503	6-9 (2)
07504	6-9 (2)
07505	6-9 (2)
07506	6-9 (2)
07507	6-9 (2)
07508	6-9 (2)
07509	6-9 (2)
07510	6-9 (2)
07511	6-9 (2)
07512	6-9 (2)
07513	6-9 (2)
07514	6-9 (2)
07515	6-9 (2)
07516	6-9 (2)
07517	6-9 (2)
07518	6-9 (2)
07519	6-9 (2)
07520	6-9 (2)
07521	6-9 (2)
07522	6-9 (2)
07523	6-9 (2)
07524	6-9 (2)
07525	6-9 (2)
07526	6-9 (2)
07527	6-9 (2)
07528	6-9 (2)
07529	6-9 (2)
07530	6-9 (2)
07531	6-9 (2)
07532	6-9 (2)
07533	6-9 (2)
07534	6-9 (2)
07535	6-9 (2)
07536	6-9 (2)
07537	6-9 (2)
07538	6-9 (2)
07539	6-9 (2)
07540	6-9 (2)
07541	6-9 (2)
07542	6-9 (2)
07543	6-9 (2)
07544	6-9 (2)
07545	6-9 (2)
07546	6-9 (2)
07547	6-9 (2)
07548	6-9 (2)
07549	6-9 (2)
07550	6-9 (2)
07551	6-9 (2)
07552	6-9 (2)
07553	6-9 (2)
07554	6-9 (2)
07555	6-9 (2)
07556	6-9 (2)
07557	6-9 (2)
07558	6-9 (2)
07559	6-9 (2)
07560	6-9 (2)
07561	6-9 (2)
07562	6-9 (2)
07563	6-9 (2)
07564	6-9 (2)
07565	6-9 (2)
07566	6-9 (2)
07567	6-9 (2)
07568	6-9 (2)
07569	6-9 (2)
07570	6-9 (2)
07571	6-9 (2)
07572	6-9 (2)
07573	6-9 (2)
07574	6-9 (2)
07575	6-9 (2)
07576	6-9 (2)
07577	6-9 (2)
07578	6-9 (2)
07579	6-9 (2)
07580	6-9 (2)
07581	6-9 (2)
07582	6-9 (2)
07583	6-9 (2)
07584	6-9 (2)
07585	6-9 (2)
07586	6-9 (2)
07587	6-9 (2)
07588	6-9 (2)
07589	6-9 (2)
07590	6-9 (2)
07591	6-9 (2)
07592	6-9 (2)
07593	6-9 (2)
07594	6-9 (2)
07595	6-9 (2)
07596	6-9 (2)
07597	6-9 (2)
07598	6-9 (2)
07599	6-9 (2)
07600	6-9 (2)
07601	6-9 (2)
07602	6-9 (2)
07603	6-9 (2)
07604	6-9 (2)
07605	6-9 (2)
07606	6-9 (2)
07607	6-9 (2)
07608	6-9 (2)
07609	6-9 (2)
07610	6-9 (2)
07611	6-9 (2)
07612	6-9 (2)
07613	6-9 (2)
07614	6-9 (2)
07615	6-9 (2)
07616	6-9 (2)
07617	6-9 (2)
07618	6-9 (2)
07619	6-9 (2)
07620	6-9 (2)
07621	6-9 (2)
07622	6-9 (2)
07623	6-9 (2)
07624	6-9 (2)
07625	6-9 (2)
07626	6-9 (2)
07627	6-9 (2)
07628	6-9 (2)
07629	6-9 (2)
07630	6-9 (2)
07631	6-9 (2)
07632	6-9 (2)
07633	6-9 (2)
07634	6-9 (2)
07635	6-9 (2)
07636	6-9 (2)
07637	6-9 (2)
07638	6-9 (2)
07639	6-9 (2)
07640	6-9 (2)
07641	6-9 (2)
07642	6-9 (2)
07643	6-9 (2)
07644	6-9 (2)
07645	6-9 (2)
07646	6-9 (2)
07647	6-9 (2)
07648	6-9 (2)
07649	6-9 (2)
07650	6-9 (2)
07651	6-9 (2)
07652	6-9 (2)
07653	6-9 (2)
07654	6-9 (2)
07655	6-9 (2)
07656	6-9 (2)
07657	6-9 (2)
07658	6-9 (2)
07659	6-9 (2)
07660	6-9 (2)
07661	6-9 (2)
07662	6-9 (2)
07663	6-9 (2)
07664	6-9 (2)
07665	6-9 (2)
07666	6-9 (2)
07667	6-9 (2)
07668	6-9 (2)
07669	6-9 (2)
07670	6-9 (2)
07671	6-9 (2)
07672	6-9 (2)
07673	6-9 (2)
07674	6-9 (2)
07675	6-9 (2)
07676	6-9 (2)
07677	6-9 (2)
07678	6-9 (2)
07679	6-9 (2)
07680	6-9 (2)
07681	6-9 (2)
07682	6-9 (2)
07683	6-9 (2)
07684	6-9 (2)
07685	6-9 (2)
07686	6-9 (2)
07687	6-9 (2)
07688	6-9 (2)
07689	6-9
07690	6-9
07691	6-9
07692	6-9
07693	6-9
07694	6-9
07695	6-9
07696	6-9
07697	6-9
07698	6-9
07699	6-9
07700	6-9
07701	6-9
07702	6-9
07703	6-9
07704	6-9
07705	6-9
07706	6-9
07707	6-9
07708	6-9
07709	6-9
07710	6-9
07711	6-9
07712	6-9
07713	6-9
07714	6-9
07715	6-9
07716	6-9
07717	6-9
07718	6-9
07719	6-9
07720	6-9
07721	6-9
07722	6-9
07723	6-9
07724	6-9
07725	6-9
07726	6-9
07727	6-9
07728	6-9
07729	6-9
07730	6-9
07731	6-9
07732	6-9
07733	6-9
07734	6-9
07735	6-9
07736	6-9
07737	6-9
07738	6-9
07739	6-9
07740	6-9
07741	6-9
07742	6-9
07743	6-9
07744	6-9
07745	6-9
07746	6-9
07747	6-9
07748	6-9
07749	6-9
07750	6-9
07751	6-9
07752	6-9
07753	6-9
07754	6-9
07755	6-9
07756	6-9
07757	6-9
07758	6-9
07759	6-9
07760	6-9
07761	6-9
07762	6-9
07763	6-9
07764	6-9
07765	6-9
07766	6-9
07767	6-9
07768	6-9
07769	6-9
07770	6-9
07771	6-9
07772	6-9
07773	6-9
07774	6-9
07775	6-9
07776	6-9
07777	6-9
07778	6-9
07779	6-9
07780	6-9
07781	6-9
07782	6-9
07783	6-9
07784	6-9
07785	6-9
07786	6-9
07787	6-9
07788	6-9
07789	6-9
07790	6-9
07791	6-9
07792	6-9
07793	6-9
07794	6-9
07795	6-9
07796	6-9
07797	6-9
07798	6-9
07799	6-9
07800	6-9
07801	6-9
07802	6-9
07803	6-9
07804	6-9
07805	6-9
07806	6-9
07807	6-9
07808	6-9
07809	6-9
07810	6-9
07811	6-9
07812	6-9
07813	6-9
07814	6-9
07815	6-9
07816	6-9
07817	6-9
07818	6-9
07819	6-9
07820	6-9
07821	6-9
07822	6-9
07823	6-9
07824	6-9
07825	6-9
07826	6-9
07827	6-9
07828	6-9
07829	6-9
07830	6-9
07831	6-9
07832	6-9
07833	6-9
07834	6-9
07835	6-9
07836	6-9
07837	6-9
07838	6-9
07839	6-9
07840	6-9
07841	6-9
07842	6-9
07843	6-9
07844	6-9
07845	6-9
07846	6-9
07847	6-9
07848	6-9
07849	6-9
07850	6-9
07851	6-9
07852	6-9
07853	6-9
07854	6-9
07855	6-9
07856	6-9
07857	6-9
07858	6-9
07859	6-9
07860	6-9
07861	6-9
07862	6-9
07863	6-9
07864	6-9
07865	6-9
07866	6-9
07867	6-9
07868	6-9
07869	6-9
07870	6-9
07871	6-9
07872	6-9
07873	6-9
07874	6-9
07875	6-9
07876	6-9
07877	6-9
07878	6-9
07879	6-9
07880	6-9
07881	6-9
07882	6-9
07883	6-9
07884	6-9
07885	6-9
07886	6-9
07887	6-9
07888	6-9
07889	6-9
07890	6-9
07891	6-9
07892	6-9
07893	6-9
07894	6-9
07895	6-9
07896	6-9
07897	6-9
07898	6-9
07899	6-9
07900	6-9
07901	6-9
07902	6-9
07903	6-9
07904	6-9
07905	6-9
07906	6-9
07907	6-9
07908	6-9
07909	6-9
07910	6-9
07911	6-9
07912	6-9
07913	6-9
07914	6-9
07915	6-9
07916	6-9
07917	6-9
07918	6-9
07919	6-9
07920	6-9
07921	6-9
07922	6-9
07923	6-9
07924	6-9
07925	6-9
07926	6-9
07927	6-9
07928	6-9
07929	6-9
07930	6-9
07931	6-9
07932	6-9
07933	6-9
07934	6-9
07935	6-9
07936	6-9
07937	6-9
07938	6-9
07939	6-9
07940	6-9
07941	6-9
07942	6-9
07943	6-9
07944	6-9
07945	6-9
07946	6-9
07947	6-9
07948	6-9
07949	6-9
07950	6-9
07951	6-9
07952	6-9
07953	6-9
07954	6-9
07955	6-9
07956	6-9
07957	6-9
07958	6-9
07959	6-9
07960	6-9
07961	6-9
07962	6-9
07963	6-9
07964	6-9
07965	6-9
07966	6-9
07967	6-9
07968	6-9
07969	6-9
07970	6-9
07971	6-9
07972	6-9
07973	6-9
07974	6-9
07975	6-9
07976	6-9
07977	6-9
07978	6-9
07979	6-9
07980	6-9
07981	6-9
07982	6-9
07983	6-9
07984	6-9
07985	6-9
07986	6-9
07987	6-9
07988	6-9
07989	6-9
07990	6-9
07991	6-9
07992	6-9
07993	6-9
07994	6-9
07995	6-9
07996	6-9
07997	6-9
07998	6-9
07999	A
08000	modalA
08001	modalA
08002	modalA
08003	modalA
08004	cheliu2-2
08005	A
08006	modalA
08007	A
08008	modalA
08009	modalA
08010	cheliu2-3
08011	modalA
08012	modalA
08013	A
08014	modalA
08015	modalA
08016	modalA
08017	modalA
08018	modalA
08019	A
08020	modalA
08021	modalA
08022	modalA
08023	modalA
08024	modalA
08025	modalA
08026	modalA
08027	modalA
08028	modalA
08029	modalA
08030	A
08031	modalA
08032	modalA
08033	modalA
08034	modalA
08035	modalA
08036	modalA
08037	A
08038	modalA
08039	modalA
08040	modalA
08041	modalA
08042	modalA
08043	A
08044	modalA
08045	A
08046	modalA
08047	modalA
08048	A
08049	A
08050	modalA
08051	A
08052	modalA
08053	modalA
08054	A
08055	modalA
08056	modalA
08057	modalA
08058	A
08059	modalA
08060	A
08061	modalA
08062	modalA
08063	modalA
08064	modalA
08065	modalA
08066	modalA
08067	modalA
08068	modalA
08069	modalA
08070	A
08071	modalA
08072	A
08073	modalA
08074	modalA
08075	modalA
08076	modalA
08077	modalA
08078	modalA
08079	modalA
08080	A
08081	A
08082	modalA
08083	modalA
08084	cheliu2-3
08085	A
08086	modalA
08087	modalA
08088	modalA
08089	A
08090	A
08091	modalA
08092	cheliu2-3
08093	A
08094	modalA
08095	modalA
08096	A
08097	modalA
08098	modalA
08099	modalA
08100	modalA
08101	A
08102	A
08103	modalA
08104	modalA
08105	modalA
08106	modalA
08107	A
08108	modalA
08109	modalA
08110	A
08111	modalA
08112	modalA
08113	modalA
08114	modalA
08115	modalA
08116	A
08117	modalA
08118	A
08119	A
08120	A
08121	modalA
08122	A
08123	A
08124	modalA
08125	modalA
08126	modalA
08127	modalA
08128	modalA
08129	modalA
08130	A
08131	modalA
08132	modalA
08133	modalA
08134	A
08135	modelA_1
08136	modalA
08137	modalA
08138	modalA
08139	A
08140	modalA
08141	A
08142	modalA
08143	A
08144	cheliu2-3
08145	modalA
08146	A
08147	modalA
08148	modalA
08149	modalA
08150	modalA
08151	modalA
08152	modalA
08153	modalA
08154	cheliu2-3
08155	modalA
08156	modalA
08157	modalA
08158	modalA
08159	modalA
08160	modalA
08161	modalA
08162	modalA
08163	modelA_1
08164	modalA
08165	modalA
08166	modalA
08167	madalA
08168	modalA
08169	modalA
08170	modalA
08171	modalA
08172	modalA
08173	modalA
08174	A
08175	modalA
08176	modalA
08177	modalA
08178	modalA
08179	modalA
08180	modalA
08181	A
08182	modalA
08183	modalA
08184	modalA
08185	modalA
08186	modalA
08187	modalA
08188	A
08189	modalA
08190	modalA
08191	A
08192	modalA
08193	A
08194	A
08195	modalA
08196	modalA
08197	modalA
08198	modalA
08199	modalA
08200	A
08201	modalA
08202	A
08203	modalA
08204	modalA
08205	modalA
08206	modalA
08207	A
08208	modalA
08209	modalA
08210	modalA
08211	modalA
08212	modalA
08213	modalA
08214	modalA
08215	modalA
08216	modalA
08217	A
08218	A
08219	modalA
08220	modalA
08221	modalA
08222	modalA
08223	A
08224	A
08225	modalA
08226	modalA
08227	modalA
08228	A
08229	modalA
08230	A
08231	A
08232	modalA
08233	modalA
08234	modalA
08235	modalA
08236	modalA
08237	modalA
08238	A
08239	modalA
08240	modalA
08241	modalA
08242	modalA
08243	A
08244	modalA
08245	modalA
08246	A
08247	A
08248	modalA
08249	A
08250	modalA
08251	A
08252	modalA
08253	modalA
08254	modalA
08255	A
08256	modalA
08257	modalA
08258	modalA
08259	cheliu2-3
08260	modalA
08261	modalA
08262	modalA
08263	modalA
08264	modalA
08265	modalA
08266	modalA
08267	modalA
08268	modalA
08269	modalA
08270	modalA
08271	modalA
08272	modalA
08273	modalA
08274	modalA
08275	modalA
08276	A
08277	modalA
08278	modalA
08279	A
08280	modalA
08281	modalA
08282	modalA
08283	modalA
08284	modalA
08285	A
08286	A
08287	modalA
08288	modalA
08289	modalA
08290	A
08291	modalA
08292	modalA
08293	modalA
08294	modalA
08295	modalA
08296	modalA
08297	modalA
08298	modalA
08299	modalA
08300	modalA
08301	modalA
08302	modalA
08303	modalA
08304	modalA
08305	9
08306	modalA
08307	A
08308	A
08309	modalA
08310	modalA
08311	modalA
08312	modalA
08313	modalA
08314	modalA
08315	modalA
08316	modalA
08317	A
08318	modalA
08319	A
08320	modalA
08321	A
08322	A
08323	1
08324	modalA
08325	modalA
08326	modalA
08327	modalA
08328	A
08329	modalA
08330	modalA
08331	modalA
08332	A
08333	modalA
08334	modalA
08335	modalA
08336	modalA
08337	modalA
08338	modalA
08339	modalA
08340	modalA
08341	modalA
08342	modalA
08343	modalA
08344	modalA
08345	modalA
08346	modalA
08347	modalA
08348	modalA
08349	A
08350	modalA
08351	A
08352	cheliu2-2
08353	modalA
08354	modalA
08355	modalA
08356	modalA
08357	cheliu2-3
08358	modalA
08359	modalA
08360	modalA
08361	modalA
08362	modalA
08363	modalA
08364	modalA
08365	modalA
08366	A
08367	modalA
08368	A
08369	modalA
08370	modalA
08371	modalA
08372	A
08373	modalA
08374	modalA
08375	modalA
08376	modalA
08377	modalA
08378	modalA
08379	modalA
08380	modalA
08381	A
08382	modalA
08383	A
08384	A
08385	modalA
08386	modalA
08387	modalA
08388	A
08389	modalA
08390	modalA
08391	modalA
08392	modalA
08393	image
08394	A
08395	modalA
08396	modalA
08397	modalA
08398	modalA
08399	modalA
08400	modalA
08401	A
08402	A
08403	A
08404	modalA
08405	modalA
08406	modalA
08407	modalA
08408	modalA
08409	A
08410	modalA
08411	modalA
08412	modalA
08413	modalA
08414	A
08415	modalA
08416	A
08417	modalA
08418	A
08419	modalA
08420	A
08421	A
08422	modalA
08423	modalA
08424	modalA
08425	modalA
08426	1
08427	modalA
08428	A
08429	A
08430	A
08431	A
08432	modalA
08433	modalA
08434	modalA
08435	modalA
08436	modalA
08437	modalA
08438	modalA
08439	modalA
08440	modalA
08441	modalA
08442	modalA
08443	A
08444	modalA
08445	modalA
08446	modalA
08447	modalA
08448	modalA
08449	modalA
08450	A
08451	modalA
08452	modalA
08453	cheliu2-3
08454	A
08455	modalA
08456	modalA
08457	modalA
08458	modalA
08459	A
08460	A
08461	A
08462	modalA
08463	modalA
08464	modalA
08465	A
08466	modalA
08467	modalA
08468	modalA
08469	cheliu2-3
08470	modalA
08471	A
08472	modalA
08473	A
08474	modalA
08475	modalA
08476	modalA
08477	A
08478	modalA
08479	modalA
08480	modalA
08481	modalA
08482	modalA
08483	modalA
08484	modalA
08485	modalA
08486	modalA
08487	A
08488	modalA
08489	modalA
08490	modalA
08491	modalA
08492	modalA
08493	modalA
08494	modalA
08495	modalA
08496	modelA_1
08497	modalA
08498	A
08499	modalA
08500	modalA
08501	modalA
08502	modalA
08503	modalA
08504	modalA
08505	modalA
08506	A
08507	A
08508	A
08509	modalA
08510	A
08511	modalA
08512	modalA
08513	A
08514	modalA
08515	A
08516	modalA
08517	modalA
08518	A
08519	modalA
08520	modalA
08521	A
08522	modalA
08523	A
08524	modalA
08525	A
08526	A
08527	modalA
08528	A
08529	modalA
08530	modalA
08531	modalA
08532	A
08533	modalA
08534	modalA
08535	A
08536	modalA
08537	A
08538	modalA
08539	modalA
08540	A
08541	modalA
08542	modalA
08543	modalA
08544	A
08545	modalA
08546	modalA
08547	A
08548	modalA
08549	modalA
08550	modalA
08551	modalA
08552	modalA
08553	modalA
08554	modalA
08555	modalA
08556	A
08557	modalA
08558	modalA
08559	modalA
08560	modalA
08561	modalA
08562	A
08563	A
08564	A
08565	modalA
08566	modalA
08567	A
08568	modalA
08569	modalA
08570	modalA
08571	2356
08572	1
08573	A
08574	modalA
08575	modalA
08576	A
08577	A
08578	modalA
08579	modalA
08580	modalA
08581	modalA
08582	modalA
08583	modalA
08584	A
08585	modalA
08586	A
08587	cheliu2-3
08588	modalA
08589	cheliu2-3
08590	modalA
08591	modalA
08592	modalA
08593	modalA
08594	modalA
08595	modalA
08596	modalA
08597	modalA
08598	modalA
08599	modalA
08600	A
08601	modalA
08602	modalA
08603	modalA
08604	A
08605	modalA
08606	modalA
08607	modalA
08608	modalA
08609	modalA
08610	modalA
08611	modalA
08612	A
08613	A
08614	modalA
08615	image
08616	modalA
08617	modalA
08618	modalA
08619	modalA
08620	modalA
08621	modalA
08622	modalA
08623	modalA
08624	modalA
08625	A
08626	modalA
08627	modalA
08628	A
08629	modalA
08630	modalA
08631	modalA
08632	modalA
08633	A
08634	modalA
08635	modalA
08636	modalA
08637	modalA
08638	modalA
08639	modalA
08640	modalA
08641	modalA
08642	modelA_1
08643	modalA
08644	modalA
08645	modalA
08646	A
08647	modalA
08648	A
08649	modalA
08650	cheliu2-3
08651	modalA
08652	modalA
08653	A
08654	modalA
08655	A
08656	modalA
08657	modalA
08658	A
08659	modalA
08660	modalA
08661	modalA
08662	A
08663	modalA
08664	modalA
08665	A
08666	A
08667	modalA
08668	A
08669	modalA
08670	modalA
08671	modalA
08672	A
08673	modalA
08674	modalA
08675	modalA
08676	modalA
08677	A
08678	modalA
08679	A
08680	modalA
08681	modalA
08682	modalA
08683	A
08684	modalA
08685	modalA
08686	A
08687	modalA
08688	A
08689	modalA
08690	A
08691	modalA
08692	A
08693	modalA
08694	A
08695	modalA
08696	A
08697	modalA
08698	A
08699	modalA
08700	modalA
08701	modalA
08702	modalA
08703	modalA
08704	modalA
08705	modalA
08706	modalA
08707	A
08708	modalA
08709	modalA
08710	modalA
08711	modalA
08712	A
08713	modalA
08714	A
08715	modalA
08716	modalA
08717	A
08718	modalA
08719	A
08720	modalA
08721	modalA
08722	modalA
08723	modalA
08724	modalA
08725	modalA
08726	A
08727	modalA
08728	modalA
08729	modalA
08730	modalA
08731	modalA
08732	modalA
08733	modalA
08734	modalA
08735	cheliu2-2
08736	modalA
08737	A
08738	modalA
08739	A
08740	A
08741	modalA
08742	modelA_1
08743	modalA
08744	modalA
08745	modalA
08746	modalA
08747	A
08748	modalA
08749	modalA
08750	modalA
08751	modalA
08752	modalA
08753	modalA
08754	modalA
08755	modalA
08756	A
08757	A
08758	modalA
08759	modalA
08760	modalA
08761	modalA
08762	modalA
08763	A
08764	modalA
08765	modalA
08766	modalA
08767	modalA
08768	modalA
08769	modalA
08770	modalA
08771	modalA
08772	modalA
08773	modalA
08774	modalA
08775	modalA
08776	modalA
08777	modalA
08778	modalA
08779	modalA
08780	modalA
08781	modalA
08782	A
08783	modalA
08784	modalA
08785	A
08786	modalA
08787	modalA
08788	modalA
08789	modalA
08790	modalA
08791	A
08792	modalA
08793	A
08794	A
08795	modalA
08796	cheliu2-2
08797	A
08798	modalA
08799	A
08800	modalA
08801	modalA
08802	modalA
08803	A
08804	modalA
08805	A
08806	modalA
08807	modalA
08808	modalA
08809	A
08810	modalA
08811	modalA
08812	modalA
08813	A
08814	modalA
08815	modalA
08816	modalA
08817	modalA
08818	1
08819	modalA
08820	A
08821	modalA
08822	A
08823	modalA
08824	modalA
08825	modalA
08826	modalA
08827	modalA
08828	modalA
08829	modalA
08830	modalA
08831	modalA
08832	modalA
08833	modalA
08834	A
08835	modalA
08836	modalA
08837	modalA
08838	modalA
08839	modalA
08840	modalA
08841	A
08842	modalA
08843	modalA
08844	modalA
08845	A
08846	modalA
08847	A
08848	modalA
08849	modalA
08850	modalA
08851	A
08852	A
08853	A
08854	modalA
08855	modalA
08856	modalA
08857	modalA
08858	A
08859	modalA
08860	modalA
08861	modalA
08862	modalA
08863	modalA
08864	modalA
08865	modalA
08866	modalA
08867	A
08868	modalA
08869	modalA
08870	modalA
08871	A
08872	modalA
08873	modalA
08874	modalA
08875	modalA
08876	cheliu2-1
08877	modalA
08878	modalA
08879	modalA
08880	A
08881	modalA
08882	modalA
08883	modalA
08884	modalA
08885	modalA
08886	A
08887	A
08888	modalA
08889	modalA
08890	modalA
08891	modalA
08892	modalA
08893	A
08894	modalA
08895	A
08896	modalA
08897	A
08898	modalA
08899	modalA
08900	modalA
08901	modalA
08902	modalA
08903	modalA
08904	A
08905	modalA
08906	modalA
08907	modalA
08908	modalA
08909	modalA
08910	A
08911	modalA
08912	modalA
08913	modalA
08914	modalA
08915	modalA
08916	modalA
08917	modalA
08918	A
08919	A
08920	modalA
08921	modalA
08922	modalA
08923	modalA
08924	A
08925	modalA
08926	modalA
08927	modalA
08928	modalA
08929	modalA
08930	modalA
08931	modalA
08932	modalA
08933	modalA
08934	modalA
08935	modalA
08936	modalA
08937	modalA
08938	modalA
08939	modalA
08940	modalA
08941	modalA
08942	modalA
08943	modalA
08944	A
08945	modalA
08946	1
08947	modalA
08948	modalA
08949	modalA
08950	A
08951	modalA
08952	A
08953	modalA
08954	modalA
08955	modalA
08956	modalA
08957	A
08958	modalA
08959	modalA
08960	A
08961	modalA
08962	modalA
08963	A
08964	A
08965	A
08966	A
08967	modalA
08968	modalA
08969	A
08970	modalA
08971	modalA
08972	modalA
08973	modalA
08974	cheliu2-2
08975	A
08976	modalA
08977	modalA
08978	A
08979	A
08980	A
08981	modalA
08982	A
08983	modalA
08984	modalA
08985	A
08986	A
08987	A
08988	A
08989	modalA
08990	modalA
08991	modalA
08992	modalA
08993	modalA
08994	modalA
08995	modalA
08996	modalA
08997	modalA
08998	modalA
08999	2
09000	modalA
09001	A
09002	A
09003	modalA
09004	modalA
09005	A
09006	modalA
09007	A
09008	modalA
09009	modalA
09010	cheliu2-1
09011	modalA
09012	modalA
09013	modalA
09014	modalA
09015	A
09016	A
09017	modalA
09018	A
09019	modalA
09020	modalA
09021	modalA
09022	madalA
09023	modalA
09024	A
09025	modalA
09026	A
09027	modalA
09028	A
09029	modalA
09030	modalA
09031	modalA
09032	A
09033	modalA
09034	modalA
09035	modalA
09036	modalA
09037	modalA
09038	modalA
09039	modalA
09040	modalA
09041	A
09042	modelA_1
09043	A
09044	modalA
09045	modalA
09046	modalA
09047	A
09048	modalA
09049	modalA
09050	modalA
09051	modalA
09052	modalA
09053	modalA
09054	A
09055	modalA
09056	modalA
09057	cheliu2-2
09058	modalA
09059	A
09060	modalA
09061	modalA
09062	cheliu2-3
09063	A
09064	modalA
09065	123
09066	modalA
09067	modalA
09068	modalA
09069	modalA
09070	modalA
09071	A
09072	modalA
09073	modalA
09074	modalA
09075	modalA
09076	modalA
09077	modalA
09078	modalA
09079	modalA
09080	modalA
09081	A
09082	modalA
09083	A
09084	modalA
09085	modalA
09086	modalA
09087	modalA
09088	modalA
09089	modalA
09090	modalA
09091	modalA
09092	cheliu2-1
09093	modalA
09094	modalA
09095	modalA
09096	modalA
09097	modalA
09098	A
09099	modalA
09100	A
09101	modalA
09102	modalA
09103	modalA
09104	A
09105	A
09106	modalA
09107	A
09108	A
09109	modalA
09110	modalA
09111	modalA
09112	modalA
09113	modalA
09114	A
09115	modalA
09116	A
09117	modalA
09118	modalA
09119	modalA
09120	modalA
09121	modalA
09122	modalA
09123	modalA
09124	modalA
09125	A
09126	modalA
09127	modalA
09128	modalA
09129	modalA
09130	modalA
09131	modalA
09132	A
09133	modalA
09134	modalA
09135	cheliu2-3
09136	modalA
09137	modalA
09138	modalA
09139	modalA
09140	modalA
09141	modalA
09142	A
09143	modalA
09144	modalA
09145	modalA
09146	A
09147	modalA
09148	modalA
09149	modalA
09150	modalA
09151	A
09152	modalA
09153	modalA
09154	A
09155	modalA
09156	modalA
09157	modalA
09158	modalA
09159	modalA
09160	modalA
09161	modalA
09162	modalA
09163	A
09164	modalA
09165	modalA
09166	modalA
09167	modalA
09168	modalA
09169	modalA
09170	modalA
09171	A
09172	modalA
09173	A
09174	A
09175	A
09176	modalA
09177	modalA
09178	modalA
09179	modalA
09180	modalA
09181	modalA
09182	modalA
09183	modalA
09184	modalA
09185	modalA
09186	modalA
09187	A
09188	modalA
09189	modalA
09190	modalA
09191	modalA
09192	modalA
09193	modalA
09194	modalA
09195	modalA
09196	A
09197	modalA
09198	A
09199	A
09200	modalA
09201	A
09202	modalA
09203	modalA
09204	modalA
09205	modalA
09206	modalA
09207	modalA
09208	modalA
09209	modalA
09210	A
09211	modalA
09212	modalA
09213	modalA
09214	modalA
09215	modalA
09216	modalA
09217	modalA
09218	modalA
09219	cheliu2-3
09220	cheliu2-1
09221	modalA
09222	A
09223	modalA
09224	A
09225	modalA
09226	modalA
09227	A
09228	modalA
09229	modalA
09230	modalA
09231	A
09232	A
09233	modalA
09234	modalA
09235	modalA
09236	modalA
09237	modalA
09238	A
09239	modalA
09240	A
09241	modalA
09242	modalA
09243	modalA
09244	modalA
09245	A
09246	modalA
09247	modalA
09248	modalA
09249	modalA
09250	A
09251	modalA
09252	modalA
09253	A
09254	modalA
09255	modalA
09256	modalA
09257	modalA
09258	modalA
09259	modalA
09260	A
09261	modalA
09262	A
09263	modalA
09264	A
09265	A
09266	modalA
09267	cheliu2-1
09268	A
09269	modalA
09270	A
09271	modelA_1
09272	A
09273	modalA
09274	modalA
09275	modalA
09276	modalA
09277	A
09278	A
09279	A
09280	modalA
09281	modalA
09282	modalA
09283	A
09284	A
09285	A
09286	modalA
09287	modalA
09288	modalA
09289	modalA
09290	modalA
09291	modalA
09292	A
09293	A
09294	modalA
09295	A
09296	A
09297	modalA
09298	modalA
09299	modalA
09300	modalA
09301	modalA
09302	modalA
09303	modalA
09304	modalA
09305	modalA
09306	A
09307	modalA
09308	modalA
09309	modalA
09310	A
09311	A
09312	modalA
09313	A
09314	modalA
09315	modalA
09316	modalA
09317	modalA
09318	modalA
09319	modalA
09320	modalA
09321	modalA
09322	modalA
09323	modalA
09324	modalA
09325	modalA
09326	modalA
09327	modalA
09328	modalA
09329	modalA
09330	modalA
09331	modalA
09332	A
09333	modalA
09334	modalA
09335	modalA
09336	modalA
09337	modalA
09338	modalA
09339	A
09340	modalA
09341	modalA
09342	modalA
09343	modalA
09344	modalA
09345	modalA
09346	modalA
09347	modalA
09348	modalA
09349	modalA
09350	cheliu2-3
09351	modalA
09352	modalA
09353	modalA
09354	modalA
09355	modalA
09356	modalA
09357	modalA
09358	modalA
09359	modalA
09360	modalA
09361	A
09362	modalA
09363	modalA
09364	modalA
09365	modalA
09366	modalA
09367	modalA
09368	modalA
09369	modalA
09370	A
09371	modalA
09372	modalA
09373	modalA
09374	modalA
09375	modalA
09376	modalA
09377	modalA
09378	modalA
09379	A
09380	modalA
09381	modalA
09382	modalA
09383	modalA
09384	modalA
09385	modalA
09386	modalA
09387	A
09388	modalA
09389	modalA
09390	modalA
09391	modalA
09392	A
09393	modalA
09394	A
09395	modalA
09396	A
09397	modalA
09398	modalA
09399	modalA
09400	modalA
09401	modalA
09402	modalA
09403	modalA
09404	modalA
09405	A
09406	modalA
09407	modalA
09408	modalA
09409	modalA
09410	modalA
09411	modalA
09412	A
09413	A
09414	modalA
09415	modalA
09416	modalA
09417	A
09418	cheliu2-2
09419	modalA
09420	A
09421	modalA
09422	modalA
09423	modalA
09424	A
09425	modalA
09426	modalA
09427	A
09428	modalA
09429	modalA
09430	modalA
09431	modalA
09432	modalA
09433	A
09434	A
09435	modalA
09436	modalA
09437	modalA
09438	modalA
09439	modalA
09440	A
09441	cheliu2-3
09442	A
09443	modalA
09444	modalA
09445	modalA
09446	modalA
09447	modalA
09448	modalA
09449	modalA
09450	modalA
09451	modalA
09452	modalA
09453	modalA
09454	cheliu2-3
09455	modalA
09456	A
09457	modalA
09458	modalA
09459	A
09460	modalA
09461	modalA
09462	modalA
09463	modalA
09464	A
09465	modalA
09466	modalA
09467	modalA
09468	modalA
09469	modalA
09470	A
09471	modalA
09472	modalA
09473	modalA
09474	A
09475	modalA
09476	modalA
09477	modalA
09478	modalA
09479	modalA
09480	A
09481	A
09482	modalA
09483	modalA
09484	A
09485	modalA
09486	modalA
09487	A
09488	A
09489	modalA
09490	modalA
09491	A
09492	A
09493	modalA
09494	modalA
09495	A
09496	modalA
09497	A
09498	modalA
09499	modalA
09500	modalA
09501	modalA
09502	modalA
09503	modalA
09504	modalA
09505	modalA
09506	A
09507	modalA
09508	A
09509	modalA
09510	cheliu2-3
09511	modalA
09512	modalA
09513	cheliu2-3
09514	modalA
09515	modalA
09516	modalA
09517	modalA
09518	modalA
09519	modalA
09520	modalA
09521	modalA
09522	modalA
09523	modalA
09524	modalA
09525	modalA
09526	modalA
09527	modalA
09528	modalA
09529	modalA
09530	modalA
09531	modalA
09532	modalA
09533	modalA
09534	modalA
09535	modalA
09536	modalA
09537	A
09538	A
09539	modalA
09540	cheliu2-3
09541	modalA
09542	modalA
09543	modalA
09544	A
09545	A
09546	modalA
09547	A
09548	modalA
09549	A
09550	modalA
09551	A
09552	A
09553	A
09554	modalA
09555	modalA
09556	modalA
09557	A
09558	modalA
09559	modalA
09560	A
09561	modalA
09562	modalA
09563	modalA
09564	modalA
09565	modalA
09566	A
09567	modalA
09568	A
09569	modalA
09570	A
09571	modalA
09572	A
09573	modalA
09574	A
09575	modalA
09576	modalA
09577	modalA
09578	modalA
09579	A
09580	modalA
09581	modalA
09582	modalA
09583	modalA
09584	modalA
09585	modalA
09586	A
09587	modalA
09588	modalA
09589	modalA
09590	modalA
09591	modalA
09592	modalA
09593	modalA
09594	modalA
09595	cheliu2-3
09596	modalA
09597	A
09598	modalA
09599	modalA
09600	modalA
09601	modalA
09602	A
09603	modalA
09604	modalA
09605	modalA
09606	modalA
09607	A
09608	modalA
09609	modalA
09610	A
09611	modalA
09612	modalA
09613	modalA
09614	modalA
09615	modalA
09616	modalA
09617	modalA
09618	modalA
09619	modalA
09620	modalA
09621	modalA
09622	modalA
09623	modalA
09624	modalA
09625	modalA
09626	cheliu2-3
09627	modalA
09628	modalA
09629	modalA
09630	image
09631	A
09632	A
09633	modalA
09634	A
09635	A
09636	modalA
09637	modalA
09638	modalA
09639	modalA
09640	modalA
09641	modalA
09642	modalA
09643	modalA
09644	A
09645	A
09646	modalA
09647	modelA_1
09648	modalA
09649	A
09650	modalA
09651	modalA
09652	A
09653	modalA
09654	modalA
09655	modalA
09656	modalA
09657	modalA
09658	modalA
09659	cheliu2-2
09660	modalA
09661	1
09662	modalA
09663	A
09664	modalA
09665	modalA
09666	modalA
09667	modalA
09668	modalA
09669	modalA
09670	modalA
09671	modalA
09672	modalA
09673	modalA
09674	A
09675	modalA
09676	modalA
09677	modalA
09678	modalA
09679	modalA
09680	A
09681	modalA
09682	modalA
09683	modalA
09684	A
09685	modalA
09686	modalA
09687	modalA
09688	modalA
09689	modalA
09690	A
09691	modalA
09692	modalA
09693	modalA
09694	modalA
09695	cheliu2-3
09696	modalA
09697	modalA
09698	modalA
09699	modalA
09700	A
09701	modalA
09702	modalA
09703	modalA
09704	modalA
09705	modalA
09706	A
09707	modalA
09708	modalA
09709	modalA
09710	A
09711	modalA
09712	A
09713	modalA
09714	A
09715	A
09716	modalA
09717	modalA
09718	modalA
09719	modalA
09720	modalA
09721	modalA
09722	modalA
09723	cheliu2-3
09724	modalA
09725	modalA
09726	modalA
09727	modalA
09728	modalA
09729	modalA
09730	modalA
09731	modalA
09732	A
09733	modalA
09734	modalA
09735	modalA
09736	A
09737	A
09738	modalA
09739	modalA
09740	modalA
09741	modalA
09742	A
09743	A
09744	modalA
09745	modalA
09746	modalA
09747	A
09748	modalA
09749	modalA
09750	modalA
09751	modalA
09752	modalA
09753	modalA
09754	modalA
09755	modalA
09756	modalA
09757	A
09758	modalA
09759	modalA
09760	modalA
09761	modalA
09762	A
09763	A
09764	cheliu2-3
09765	modalA
09766	modalA
09767	modalA
09768	modalA
09769	modalA
09770	6
09771	modalA
09772	modalA
09773	A
09774	modalA
09775	modalA
09776	modalA
09777	A
09778	modalA
09779	A
09780	modalA
09781	modalA
09782	modalA
09783	modalA
09784	modalA
09785	modalA
09786	modalA
09787	modalA
09788	A
09789	modalA
09790	modalA
09791	modalA
09792	modalA
09793	modalA
09794	A
09795	modalA
09796	modalA
09797	modalA
09798	A
09799	A
09800	modalA
09801	modalA
09802	modalA
09803	A
09804	modalA
09805	A
09806	modalA
09807	modalA
09808	modalA
09809	modalA
09810	modalA
09811	modalA
09812	modalA
09813	A
09814	modalA
09815	modalA
09816	modalA
09817	modalA
09818	modalA
09819	modalA
09820	A
09821	modalA
09822	modalA
09823	modalA
09824	modalA
09825	modalA
09826	modalA
09827	modalA
09828	modalA
09829	modalA
09830	B
09831	image
09832	39_120m45_2
09833	image
09834	image
09835	image
09836	322_100_45_3
09837	B
09838	B
09839	B
09840	B
09841	B
09842	B
09843	B
09844	B
09845	B
09846	39_120m45_2
09847	B
09848	image
09849	image
09850	B
09851	B
09852	image
09853	image
09854	322_100_30_1
09855	image
09856	image
09857	image
09858	B
09859	image
09860	B
09861	B
09862	B
09863	A
09864	B
09865	image
09866	B
09867	B
09868	B
09869	B
09870	B
09871	image
09872	B
09873	B
09874	image
09875	319_80m_30_2
09876	B
09877	image
09878	B
09879	B
09880	image
09881	322_100_30_1
09882	B
09883	319_120m_30_1
09884	39_120m45_2
09885	image
09886	image
09887	39_120m45_2
09888	B
09889	B
09890	B
09891	B
09892	B
09893	B
09894	B
09895	B
09896	B
09897	image
09898	B
09899	39_120m45_2
09900	B
09901	B
09902	B
09903	B
09904	B
09905	B
09906	B
09907	B
09908	39_120m45_2
09909	image
09910	B
09911	image
09912	B
09913	322_100_30_1
09914	B
09915	B
09916	B
09917	B
09918	B
09919	image
09920	322_100_30_4
09921	B
09922	B
09923	A
09924	B
09925	39_120m45_2
09926	B
09927	B
09928	image
09929	B
09930	B
09931	B
09932	image
09933	B
09934	B
09935	B
09936	B
09937	B
09938	B
09939	321_100_30_3
09940	B
09941	B
09942	B
09943	image
09944	B
09945	B
09946	B
09947	B
09948	B
09949	B
09950	B
09951	A
09952	B
09953	image
09954	image
09955	B
09956	image
09957	B
09958	B
09959	B
09960	B
09961	B
09962	image
09963	B
09964	39_120m45_2
09965	B
09966	B
09967	image
09968	322_100_30_4
09969	B
09970	B
09971	image
09972	B
09973	321_80_15
09974	image
09975	image
09976	316_100_30
09977	B
09978	B
09979	B
09980	B
09981	B
09982	A
09983	B
09984	image
09985	B
09986	310_80m45night1
09987	B
09988	39_120m45_2
09989	image
09990	319_120m_30_3
09991	319_120m_30_3
09992	B
09993	B
09994	B
09995	B
09996	B
09997	B
09998	B
09999	310_80m45night1
10000	B
10001	B
10002	B
10003	B
10004	B
10005	39_120m45_2
10006	image
10007	B
10008	B
10009	B
10010	B
10011	B
10012	image
10013	B
10014	B
10015	B
10016	image
10017	image
10018	B
10019	319_120m_30_3
10020	B
10021	310_80m45night1
10022	B
10023	image
10024	B
10025	321_80_45_2
10026	B
10027	39_120m45_2
10028	B
10029	B
10030	B
10031	B
10032	image
10033	B
10034	B
10035	B
10036	B
10037	B
10038	B
10039	B
10040	B
10041	A
10042	B
10043	image
10044	B
10045	B
10046	image
10047	B
10048	B
10049	B
10050	B
10051	B
10052	image
10053	image
10054	B
10055	image
10056	B
10057	B
10058	B
10059	B
10060	321_100_30_3
10061	321_100_30_2
10062	319_80m_30_2
10063	B
10064	B
10065	B
10066	B
10067	B
10068	B
10069	B
10070	zzccvv
10071	B
10072	310_80m45night1
10073	image
10074	B
10075	image
10076	A
10077	B
10078	B
10079	image
10080	B
10081	image
10082	B
10083	B
10084	image
10085	image
10086	B
10087	B
10088	B
10089	B
10090	image
10091	image
10092	B
10093	B
10094	B
10095	321_80_45_2
10096	B
10097	B
10098	image
10099	image
10100	B
10101	B
10102	B
10103	321_80_45_2
10104	B
10105	B
10106	B
10107	B
10108	B
10109	B
10110	B
10111	310_80m45night1
10112	image
10113	B
10114	B
10115	B
10116	B
10117	B
10118	B
10119	B
10120	321_80_45_2
10121	B
10122	B
10123	image
10124	image
10125	image
10126	B
10127	B
10128	image
10129	B
10130	B
10131	B
10132	image
10133	B
10134	B
10135	B
10136	image
10137	B
10138	B
10139	B
10140	B
10141	B
10142	B
10143	B
10144	A
10145	B
10146	image
10147	B
10148	B
10149	image
10150	B
10151	A
10152	310_80m45night1
10153	image
10154	B
10155	A
10156	image
10157	B
10158	image
10159	B
10160	B
10161	B
10162	image
10163	image
10164	B
10165	image
10166	B
10167	B
10168	39_120m45_2
10169	B
10170	313_120m30_1
10171	image
10172	B
10173	image
10174	39_120m45_2
10175	B
10176	image
10177	image
10178	B
10179	image
10180	B
10181	B
10182	39_120m45_2
10183	B
10184	image
10185	B
10186	B
10187	B
10188	B
10189	image
10190	B
10191	B
10192	image
10193	B
10194	A
10195	image
10196	B
10197	image
10198	39_120m45_1
10199	B
10200	image
10201	B
10202	319_120m_30_3
10203	image
10204	B
10205	image
10206	B
10207	B
10208	310_80m45night1
10209	zzccvv
10210	B
10211	B
10212	B
10213	B
10214	B
10215	image
10216	B
10217	B
10218	B
10219	B
10220	B
10221	B
10222	B
10223	B
10224	B
10225	image
10226	B
10227	B
10228	image
10229	39_120m45_2
10230	B
10231	B
10232	image
10233	B
10234	B
10235	B
10236	image
10237	B
10238	B
10239	image
10240	313_120m30_1
10241	B
10242	image
10243	B
10244	A
10245	B
10246	B
10247	image
10248	B
10249	B
10250	B
10251	B
10252	B
10253	B
10254	B
10255	B
10256	image
10257	B
10258	image
10259	B
10260	B
10261	B
10262	B
10263	image
10264	B
10265	B
10266	B
10267	B
10268	B
10269	image
10270	B
10271	B
10272	A
10273	B
10274	B
10275	B
10276	image
10277	B
10278	B
10279	B
10280	B
10281	B
10282	B
10283	B
10284	B
10285	B
10286	321_100_30_3
10287	B
10288	image
10289	A
10290	39_120m45_2
10291	B
10292	B
10293	319_80m_30_2
10294	image
10295	image
10296	B
10297	B
10298	B
10299	B
10300	A
10301	B
10302	B
10303	B
10304	B
10305	B
10306	B
10307	B
10308	B
10309	image
10310	image
10311	B
10312	316_100_15
10313	B
10314	321_80_15
10315	39_120m45_2
10316	B
10317	B
10318	310_80m45night1
10319	B
10320	B
10321	B
10322	image
10323	B
10324	B
10325	B
10326	B
10327	B
10328	B
10329	B
10330	B
10331	B
10332	B
10333	310_80m45night1
10334	310_80m45night1
10335	B
10336	image
10337	B
10338	322_100_30_1
10339	B
10340	B
10341	B
10342	B
10343	B
10344	image
10345	B
10346	B
10347	A
10348	B
10349	image
10350	B
10351	B
10352	319_120m_30_1
10353	image
10354	B
10355	39_120m45_1
10356	image
10357	B
10358	image
10359	B
10360	B
10361	B
10362	B
10363	319_80m_30_2
10364	B
10365	image
10366	B
10367	B
10368	B
10369	B
10370	B
10371	B
10372	39_120m45_1
10373	B
10374	B
10375	B
10376	image
10377	B
10378	B
10379	image
10380	B
10381	image
10382	image
10383	B
10384	B
10385	B
10386	B
10387	B
10388	image
10389	322_100_45_2
10390	B
10391	B
10392	B
10393	B
10394	321_80_45_2
10395	319_120m_30_3
10396	B
10397	B
10398	322_100_30_1
10399	322_100_45_2
10400	B
10401	B
10402	B
10403	B
10404	B
10405	B
10406	B
10407	B
10408	B
10409	313_120m30_1
10410	319_100_45
10411	B
10412	B
10413	A
10414	B
10415	B
10416	B
10417	image
10418	B
10419	B
10420	322_120_15_2
10421	B
10422	B
10423	B
10424	B
10425	image
10426	B
10427	image
10428	B
10429	B
10430	B
10431	B
10432	image
10433	image
10434	B
10435	B
10436	B
10437	B
10438	image
10439	B
10440	image
10441	B
10442	B
10443	B
10444	B
10445	B
10446	B
10447	B
10448	image
10449	B
10450	B
10451	image
10452	B
10453	B
10454	B
10455	image
10456	B
10457	B
10458	B
10459	39_120m45_2
10460	B
10461	B
10462	B
10463	B
10464	B
10465	image
10466	B
10467	B
10468	B
10469	B
10470	B
10471	B
10472	B
10473	image
10474	B
10475	B
10476	B
10477	B
10478	321_80_45_2
10479	B
10480	B
10481	image
10482	A
10483	B
10484	B
10485	B
10486	322_100_45_2
10487	image
10488	B
10489	image
10490	B
10491	B
10492	B
10493	B
10494	B
10495	B
10496	image
10497	B
10498	B
10499	B
10500	image
10501	B
10502	image
10503	B
10504	321_80_45_2
10505	B
10506	B
10507	image
10508	image
10509	39_120m45_2
10510	image
10511	321_100_30_3
10512	B
10513	B
10514	B
10515	39_120m45_2
10516	39_120m45_2
10517	image
10518	B
10519	B
10520	image
10521	39_120m45_2
10522	B
10523	A
10524	B
10525	B
10526	image
10527	313_120m30_1
10528	A
10529	B
10530	B
10531	B
10532	B
10533	B
10534	B
10535	image
10536	B
10537	B
10538	B
10539	B
10540	B
10541	B
10542	B
10543	image
10544	B
10545	B
10546	image
10547	image
10548	B
10549	B
10550	image
10551	310_80m45night1
10552	B
10553	image
10554	image
10555	A
10556	image
10557	B
10558	B
10559	zzccvv
10560	B
10561	B
10562	B
10563	B
10564	B
10565	319_120m_30_3
10566	B
10567	39_120m45_2
10568	B
10569	B
10570	B
10571	B
10572	B
10573	B
10574	image
10575	B
10576	B
10577	B
10578	B
10579	B
10580	B
10581	B
10582	B
10583	A
10584	image
10585	B
10586	310_80m45night1
10587	image
10588	image
10589	B
10590	B
10591	image
10592	B
10593	B
10594	image
10595	image
10596	B
10597	B
10598	B
10599	image
10600	B
10601	39_120m45_2
10602	image
10603	B
10604	image
10605	A
10606	B
10607	B
10608	B
10609	B
10610	B
10611	B
10612	B
10613	B
10614	image
10615	image
10616	image
10617	image
10618	B
10619	B
10620	B
10621	B
10622	B
10623	B
10624	A
10625	B
10626	B
10627	B
10628	B
10629	A
10630	B
10631	B
10632	B
10633	B
10634	A
10635	B
10636	image
10637	B
10638	B
10639	B
10640	B
10641	image
10642	B
10643	image
10644	image
10645	B
10646	image
10647	B
10648	image
10649	B
10650	B
10651	image
10652	B
10653	B
10654	322_100_30_1
10655	image
10656	B
10657	B
10658	B
10659	image
10660	image
10661	B
10662	B
10663	image
10664	image
10665	321_80_45_2
10666	B
10667	B
10668	B
10669	B
10670	B
10671	B
10672	image
10673	B
10674	B
10675	B
10676	39_120m45_2
10677	A
10678	B
10679	B
10680	B
10681	B
10682	B
10683	image
10684	image
10685	image
10686	B
10687	B
10688	B
10689	image
10690	image
10691	image
10692	B
10693	B
10694	B
10695	image
10696	B
10697	B
10698	B
10699	B
10700	B
10701	B
10702	B
10703	313_120m30_1
10704	B
10705	B
10706	B
10707	image
10708	B
10709	321_120_15_1
10710	B
10711	B
10712	B
10713	A
10714	image
10715	B
10716	image
10717	B
10718	313_120m30_1
10719	B
10720	B
10721	B
10722	B
10723	image
10724	image
10725	image
10726	image
10727	A
10728	B
10729	B
10730	image
10731	B
10732	B
10733	322_100_30_1
10734	B
10735	A
10736	B
10737	B
10738	B
10739	B
10740	A
10741	image
10742	A
10743	image
10744	B
10745	B
10746	B
10747	39_120m45_1
10748	B
10749	B
10750	B
10751	B
10752	321_100_30_3
10753	image
10754	B
10755	B
10756	B
10757	image
10758	B
10759	B
10760	B
10761	B
10762	321_80_45_2
10763	B
10764	B
10765	B
10766	B
10767	B
10768	B
10769	image
10770	B
10771	321_80_45_2
10772	B
10773	image
10774	B
10775	B
10776	B
10777	B
10778	B
10779	B
10780	B
10781	B
10782	image
10783	image
10784	A
10785	322_100_45_3
10786	310_80m45night1
10787	B
10788	B
10789	image
10790	B
10791	B
10792	321_100_30_4
10793	B
10794	image
10795	image
10796	A
10797	B
10798	B
10799	322_100_30_1
10800	B
10801	B
10802	321_100_30_2
10803	image
10804	B
10805	39_120m45_2
10806	B
10807	image
10808	B
10809	39_120m45_2
10810	310_80m45night1
10811	B
10812	image
10813	B
10814	B
10815	B
10816	B
10817	B
10818	B
10819	B
10820	B
10821	B
10822	image
10823	B
10824	A
10825	319_80m_30_2
10826	image
10827	39_120m45_2
10828	image
10829	B
10830	B
10831	B
10832	B
10833	B
10834	A
10835	B
10836	B
10837	B
10838	image
10839	B
10840	B
10841	B
10842	319_80m_30_2
10843	B
10844	322_100_30_1
10845	322_100_30_1
10846	316_100_15
10847	B
10848	B
10849	image
10850	B
10851	319_120m_30_3
10852	B
10853	B
10854	B
10855	B
10856	B
10857	B
10858	B
10859	B
10860	B
10861	B
10862	A
10863	B
10864	B
10865	B
10866	zzccvv
10867	image
10868	B
10869	B
10870	B
10871	B
10872	B
10873	B
10874	B
10875	B
10876	image
10877	B
10878	B
10879	B
10880	A
10881	A
10882	B
10883	A
10884	321_80_15
10885	321_80_15
10886	image
10887	image
10888	B
10889	B
10890	B
10891	image
10892	image
10893	B
10894	image
10895	image
10896	B
10897	B
10898	image
10899	B
10900	B
10901	B
10902	B
10903	B
10904	B
10905	B
10906	B
10907	image
10908	B
10909	B
10910	B
10911	B
10912	B
10913	B
10914	39_120m45_2
10915	B
10916	322_100_30_4
10917	B
10918	B
10919	B
10920	B
10921	B
10922	image
10923	B
10924	A
10925	B
10926	B
10927	B
10928	image
10929	B
10930	B
10931	B
10932	B
10933	B
10934	B
10935	310_80m45night1
10936	321_80_45_2
10937	B
10938	B
10939	B
10940	322_120_15_3
10941	322_120_15_3
10942	B
10943	B
10944	322_100_30_1
10945	B
10946	B
10947	B
10948	B
10949	B
10950	B
10951	B
10952	B
10953	B
10954	B
10955	B
10956	39_120m45_2
10957	B
10958	B
10959	B
10960	B
10961	image
10962	image
10963	B
10964	319_120m_30_1
10965	B
10966	B
10967	image
10968	39_120m45_2
10969	B
10970	B
10971	B
10972	B
10973	image
10974	image
10975	B
10976	B
10977	A
10978	B
10979	image
10980	B
10981	B
10982	B
10983	B
10984	B
10985	image
10986	image
10987	B
10988	B
10989	B
10990	B
10991	B
10992	B
10993	B
10994	B
10995	A
10996	image
10997	B
10998	B
10999	B
11000	image
11001	B
11002	B
11003	B
11004	321_80_45_2
11005	image
11006	319_120m_30_3
11007	39_120m45_2
11008	B
11009	B
11010	B
11011	image
11012	image
11013	322_120_15_2
11014	image
11015	B
11016	B
11017	B
11018	B
11019	B
11020	B
11021	B
11022	B
11023	image
11024	image
11025	A
11026	B
11027	B
11028	B
11029	image
11030	B
11031	image
11032	322_100_30_1
11033	B
11034	B
11035	B
11036	B
11037	image
11038	B
11039	B
11040	319_120m_30_3
11041	B
11042	A
11043	A
11044	image
11045	B
11046	B
11047	B
11048	B
11049	B
11050	image
11051	B
11052	B
11053	B
11054	B
11055	B
11056	B
11057	B
11058	B
11059	B
11060	B
11061	322_100_30_1
11062	image
11063	B
11064	image
11065	image
11066	image
11067	image
11068	B
11069	B
11070	image
11071	image
11072	B
11073	B
11074	319_80m_30_2
11075	B
11076	B
11077	image
11078	B
11079	B
11080	image
11081	B
11082	B
11083	image
11084	B
11085	image
11086	B
11087	B
11088	B
11089	B
11090	B
11091	image
11092	B
11093	B
11094	322_80_45
11095	B
11096	319_120m_30_3
11097	B
11098	B
11099	A
11100	B
11101	B
11102	image
11103	image
11104	B
11105	B
11106	B
11107	322_100_30_4
11108	39_120m45_2
11109	B
11110	B
11111	B
11112	B
11113	B
11114	B
11115	B
11116	B
11117	B
11118	image
11119	B
11120	B
11121	image
11122	B
11123	B
11124	B
11125	image
11126	B
11127	image
11128	B
11129	B
11130	B
11131	B
11132	B
11133	image
11134	A
11135	B
11136	B
11137	B
11138	B
11139	B
11140	B
11141	B
11142	B
11143	B
11144	B
11145	B
11146	B
11147	B
11148	B
11149	B
11150	B
11151	image
11152	B
11153	B
11154	B
11155	B
11156	B
11157	image
11158	B
11159	B
11160	B
11161	B
11162	image
11163	image
11164	B
11165	image
11166	B
11167	319_120m_30_3
11168	image
11169	B
11170	B
11171	image
11172	B
11173	image
11174	B
11175	B
11176	B
11177	B
11178	39_120m45_2
11179	image
11180	A
11181	image
11182	B
11183	B
11184	B
11185	B
11186	B
11187	B
11188	B
11189	B
11190	image
11191	B
11192	B
11193	B
11194	image
11195	B
11196	B
11197	B
11198	B
11199	B
11200	B
11201	B
11202	B
11203	B
11204	310_80m45night1
11205	A
11206	B
11207	B
11208	image
11209	image
11210	B
11211	B
11212	B
11213	B
11214	B
11215	B
11216	image
11217	image
11218	B
11219	B
11220	B
11221	B
11222	B
11223	B
11224	B
11225	B
11226	B
11227	B
11228	B
11229	B
11230	B
11231	B
11232	image
11233	B
11234	A
11235	B
11236	310_80m45night1
11237	B
11238	39_120m45_2
11239	B
11240	B
11241	B
11242	image
11243	B
11244	B
11245	B
11246	image
11247	B
11248	322_100_30_1
11249	image
11250	310_80m45night1
11251	B
11252	image
11253	B
11254	image
11255	322_120_15_1
11256	B
11257	B
11258	B
11259	B
11260	B
11261	B
11262	B
11263	B
11264	B
11265	B
11266	A
11267	image
11268	B
11269	B
11270	39_120m45_2
11271	B
11272	313_120m30_1
11273	image
11274	B
11275	B
11276	B
11277	B
11278	B
11279	B
11280	B
11281	B
11282	B
11283	B
11284	B
11285	B
11286	39_120m45_1
11287	B
11288	322_120_15_1
11289	image
11290	B
11291	B
11292	image
11293	B
11294	B
11295	B
11296	image
11297	B
11298	image
11299	310_80m45night1
11300	A
11301	B
11302	B
11303	B
11304	image
11305	B
11306	B
11307	B
11308	B
11309	image
11310	B
11311	B
11312	zzccvv
11313	B
11314	image
11315	B
11316	B
11317	image
11318	B
11319	B
11320	image
11321	39_120m45_2
11322	B
11323	image
11324	B
11325	B
11326	image
11327	B
11328	B
11329	B
11330	B
11331	B
11332	image
11333	B
11334	image
11335	B
11336	39_120m45_2
11337	image
11338	B
11339	B
11340	B
11341	B
11342	B
11343	B
11344	B
11345	B
11346	B
11347	image
11348	B
11349	B
11350	B
11351	B
11352	image
11353	B
11354	B
11355	39_120m45_1
11356	image
11357	image
11358	B
11359	B
11360	B
11361	B
11362	B
11363	image
11364	319_120m_30_3
11365	B
11366	B
11367	B
11368	B
11369	image
11370	B
11371	B
11372	B
11373	322_100_45_2
11374	322_120_15_2
11375	B
11376	image
11377	image
11378	image
11379	B
11380	B
11381	B
11382	B
11383	321_100_30_3
11384	B
11385	B
11386	B
11387	B
11388	B
11389	B
11390	B
11391	B
11392	B
11393	image
11394	B
11395	image
11396	B
11397	image
11398	B
11399	image
11400	image
11401	B
11402	B
11403	B
11404	313_120m30_3
11405	B
11406	B
11407	image
11408	image
11409	B
11410	B
11411	B
11412	319_80m_30_2
11413	image
11414	B
11415	B
11416	B
11417	B
11418	A
11419	B
11420	B
11421	B
11422	B
11423	B
11424	image
11425	image
11426	image
11427	B
11428	B
11429	B
11430	image
11431	image
11432	B
11433	321_80_45_2
11434	B
11435	B
11436	image
11437	B
11438	322_100_30_1
11439	image
11440	B
11441	B
11442	image
11443	A
11444	B
11445	image
11446	B
11447	B
11448	image
11449	B
11450	image
11451	B
11452	A
11453	image
11454	B
11455	B
11456	B
11457	321_100_30_2
11458	B
11459	image
11460	B
11461	B
11462	B
11463	B
11464	zzccvv
11465	B
11466	B
11467	B
11468	B
11469	B
11470	image
11471	B
11472	B
11473	image
11474	B
11475	B
11476	B
11477	B
11478	image
11479	B
11480	image
11481	B
11482	image
11483	B
11484	B
11485	B
11486	B
11487	image
11488	B
11489	319_120m_30_1
11490	B
11491	B
11492	B
11493	A
11494	B
11495	image
11496	B
11497	B
11498	B
11499	B
11500	image
11501	image
11502	B
11503	B
11504	B
11505	B
11506	39_120m45_2
11507	image
11508	image
11509	B
11510	B
11511	B
11512	B
11513	B
11514	B
11515	B
11516	B
11517	310_80m45night1
11518	A
11519	B
11520	image
11521	A
11522	319_80m_30_2
11523	B
11524	B
11525	B
11526	image
11527	image
11528	B
11529	319_120m_30_3
11530	B
11531	310_80m45night1
11532	B
11533	image
11534	image
11535	B
11536	B
11537	B
11538	B
11539	B
11540	B
11541	image
11542	B
11543	B
11544	B
11545	B
11546	B
11547	B
11548	B
11549	B
11550	B
11551	B
11552	B
11553	B
11554	B
11555	image
11556	B
11557	B
11558	B
11559	B
11560	B
11561	B
11562	image
11563	image
11564	B
11565	B
11566	B
11567	B
11568	B
11569	39_120m45_2
11570	image
11571	B
11572	image
11573	B
11574	B
11575	B
11576	B
11577	B
11578	B
11579	image
11580	image
11581	B
11582	B
11583	B
11584	B
11585	image
11586	B
11587	image
11588	B
11589	image
11590	B
11591	B
11592	B
11593	B
11594	B
11595	B
11596	B
11597	B
11598	B
11599	B
11600	B
11601	image
11602	B
11603	B
11604	B
11605	319_120m_30_1
11606	B
11607	B
11608	B
11609	B
11610	image
11611	B
11612	B
11613	B
11614	B
11615	B
11616	B
11617	B
11618	B
11619	image
11620	B
11621	image
11622	B
11623	image
11624	B
11625	321_80_45_2
11626	B
11627	319_120m_30_3
11628	B
11629	image
11630	B
11631	B
11632	image
11633	image
11634	B
11635	image
11636	321_80_45_2
11637	zzccvv
11638	B
11639	39_120m45_2
11640	B
11641	B
11642	39_120m45_2
11643	A
11644	B
11645	image
11646	B
11647	image
11648	zzccvv
11649	B
11650	B
11651	B
11652	B
11653	image
11654	B
11655	image
11656	B
11657	B
11658	B
11659	image
11660	B
11661	B
11662	image
11663	B
11664	B
11665	B
11666	image
11667	B
11668	image
11669	B
11670	B
11671	B
11672	B
11673	A
11674	image
11675	B
11676	image
11677	B
11678	B
11679	B
11680	B
11681	B
11682	B
11683	39_120m45_2
11684	39_120m45_2
11685	B
11686	B
11687	image
11688	image
11689	B
11690	B
11691	B
11692	B
11693	B
11694	B
11695	B
11696	321_100_15_3
11697	B
11698	B
11699	image
11700	image
11701	B
11702	B
11703	image
11704	B
11705	319_80m_30_2
11706	B
11707	B
11708	B
11709	B
11710	39_120m45_2
11711	B
11712	B
11713	B
11714	39_120m45_2
11715	B
11716	B
11717	B
11718	B
11719	B
11720	image
11721	B
11722	B
11723	image
11724	B
11725	B
11726	B
11727	310_80m45night1
11728	B
11729	B
11730	B
11731	B
11732	B
11733	B
11734	A
11735	B
11736	B
11737	image
11738	B
11739	B
11740	B
11741	B
11742	322_80_45
11743	B
11744	B
11745	313_120m30_1
11746	B
11747	image
11748	B
11749	B
11750	B
11751	B
11752	image
11753	image
11754	B
11755	39_120m45_2
11756	A
11757	B
11758	39_120m45_2
11759	A
11760	B
11761	B
11762	B
11763	B
11764	B
11765	image
11766	319_120m_30_3
11767	B
11768	B
11769	B
11770	B
11771	B
11772	image
11773	B
11774	B
11775	image
11776	B
11777	B
11778	A
11779	image
11780	B
11781	A
11782	B
11783	B
11784	B
11785	B
11786	B
11787	B
11788	B
11789	B
11790	B
11791	39_120m45_2
11792	image
11793	B
11794	B
11795	B
11796	B
11797	B
11798	321_100_30_3
11799	image
11800	B
11801	B
11802	B
11803	B
11804	B
11805	319_120m_30_3
11806	B
11807	image
11808	322_100_30_4
11809	B
11810	39_120m45_2
11811	B
11812	B
11813	316_100_45m_2
11814	B
11815	B
11816	B
11817	B
11818	B
11819	B
11820	B
11821	B
11822	image
11823	B
11824	image
11825	319_80m_30_2
11826	B
11827	B
11828	B
11829	image
11830	B
11831	B
11832	B
11833	B
11834	B
11835	A
11836	image
11837	A
11838	image
11839	B
11840	B
11841	B
11842	B
11843	image
11844	B
11845	image
11846	B
11847	image
11848	B
11849	B
11850	image
11851	322_100_30_1
11852	B
11853	B
11854	image
11855	image
11856	image
11857	B
11858	B
11859	image
11860	B
11861	B
11862	B
11863	B
11864	B
11865	319_120m_30_3
11866	B
11867	B
11868	B
11869	B
11870	image
11871	B
11872	image
11873	B
11874	B
11875	321_80_45_2
11876	B
11877	B
11878	B
11879	B
11880	B
11881	image
11882	B
11883	B
11884	B
11885	B
11886	B
11887	B
11888	B
11889	B
11890	B
11891	B
11892	B
11893	B
11894	B
11895	B
11896	B
11897	B
11898	B
11899	B
11900	39_120m45_2
11901	B
11902	B
11903	B
11904	image
11905	B
11906	B
11907	B
11908	B
11909	B
11910	B
11911	B
11912	A
11913	B
11914	B
11915	B
11916	image
11917	B
11918	image
11919	B
11920	image
11921	39_120m45_2
11922	B
11923	image
11924	B
11925	B
11926	image
11927	B
11928	image
11929	B
11930	B
11931	B
11932	B
11933	B
11934	B
11935	B
11936	image
11937	319_80m_30_2
11938	B
11939	B
11940	B
11941	B
11942	B
11943	B
11944	B
11945	B
11946	B
11947	B
11948	image
11949	image
11950	A
11951	image
11952	B
11953	B
11954	A
11955	A
11956	B
11957	B
11958	B
11959	image
11960	B
11961	image
11962	39_120m45_1
11963	B
11964	B
11965	B
11966	319_80m_30_2
11967	B
11968	B
11969	313_120m30_3
11970	310_80m45night1
11971	B
11972	B
11973	B
11974	B
11975	B
11976	image
11977	B
11978	322_100_30_1
11979	39_120m45_2
11980	B
11981	B
11982	B
11983	B
11984	B
11985	B
11986	image
11987	image
11988	B
11989	319_120m_30_3
11990	B
11991	image
11992	image
11993	B
11994	B
11995	B
11996	B
11997	B
11998	image
11999	image
12000	B
12001	image
12002	B
12003	B
12004	image
12005	A
12006	B
12007	A
12008	B
12009	B
12010	A
12011	322_100_30_1
12012	319_80m_30_2
12013	image
12014	B
12015	image
12016	B
12017	B
12018	B
12019	image
12020	B
12021	B
12022	B
12023	B
12024	B
12025	B
12026	B
12027	image
12028	39_120m45_2
12029	B
12030	B
12031	B
12032	image
12033	B
12034	B
12035	B
12036	B
12037	B
12038	image
12039	A
12040	B
12041	B
12042	B
12043	B
12044	B
12045	B
12046	B
12047	image
12048	B
12049	B
12050	B
12051	B
12052	B
12053	B
12054	image
12055	image
12056	B
12057	image
12058	B
12059	319_120m_30_3
12060	B
12061	310_80m45night1
12062	B
12063	B
12064	image
12065	316_100_45m_2
12066	319_120m_30_1
12067	image
12068	image
12069	B
12070	zzccvv
12071	A
12072	image
12073	B
12074	B
12075	image
12076	image
12077	image
12078	image
12079	image
12080	B
12081	A
12082	image
12083	image
12084	B
12085	B
12086	B
12087	B
12088	B
12089	image
12090	B
12091	A
12092	B
12093	B
12094	B
12095	B
12096	image
12097	B
12098	B
12099	B
12100	B
12101	B
12102	B
12103	B
12104	B
12105	321_80_45_2
12106	B
12107	image
12108	B
12109	B
12110	image
12111	B
12112	B
12113	B
12114	39_120m45_2
12115	B
12116	B
12117	322_100_30_1
12118	B
12119	B
12120	B
12121	B
12122	B
12123	B
12124	B
12125	image
12126	B
12127	322_100_30_4
12128	B
12129	image
12130	B
12131	B
12132	B
12133	39_120m45_2
12134	B
12135	B
12136	B
12137	B
12138	321_80_45_2
12139	image
12140	image
12141	A
12142	B
12143	B
12144	B
12145	B
12146	B
12147	B
12148	image
12149	image
12150	B
12151	image
12152	B
12153	B
12154	image
12155	B
12156	B
12157	322_100_30_4
12158	B
12159	B
12160	B
12161	B
12162	B
12163	B
12164	B
12165	B
12166	39_120m45_2
12167	image
12168	B
12169	310_80m45night1
12170	B
12171	B
12172	B
12173	A
12174	image
12175	B
12176	image
12177	image
12178	B
12179	B
12180	B
12181	image
12182	B
12183	321_100_30_2
12184	B
12185	B
12186	B
12187	B
12188	B
12189	B
12190	B
12191	B
12192	319_120m_30_3
12193	image
12194	B
12195	B
12196	B
12197	B
12198	319_120m_30_3
12199	B
12200	B
12201	B
12202	B
12203	image
12204	image
12205	B
12206	B
12207	B
12208	B
12209	B
12210	B
12211	A
12212	A
12213	image
12214	B
12215	image
12216	image
12217	image
12218	39_120m45_2
12219	B
12220	image
12221	B
12222	B
12223	B
12224	image
12225	B
12226	B
12227	B
12228	B
12229	B
12230	image
12231	A
12232	B
12233	B
12234	B
12235	B
12236	A
12237	image
12238	319_120m_30_3
12239	image
12240	image
12241	B
12242	image
12243	image
12244	B
12245	B
12246	B
12247	B
12248	B
12249	322_80_45
12250	B
12251	B
12252	B
12253	image
12254	B
12255	B
12256	B
12257	image
12258	322_100_30_1
12259	B
12260	image
12261	B
12262	39_120m45_2
12263	image
12264	B
12265	B
12266	B
12267	image
12268	B
12269	B
12270	zzccvv
12271	image
12272	B
12273	image
12274	B
12275	B
12276	B
12277	image
12278	image
12279	B
12280	image
12281	image
12282	image
12283	B
12284	B
12285	image
12286	B
12287	image
12288	B
12289	B
12290	B
12291	B
12292	B
12293	B
12294	B
12295	B
12296	B
12297	B
12298	39_120m45_2
12299	B
12300	B
12301	B
12302	B
12303	B
12304	B
12305	B
12306	B
12307	B
12308	B
12309	B
12310	image
12311	39_120m45_2
12312	B
12313	310_80m45night1
12314	image
12315	B
12316	B
12317	B
12318	zzccvv
12319	image
12320	image
12321	B
12322	B
12323	image
12324	B
12325	A
12326	image
12327	B
12328	B
12329	B
12330	B
12331	321_80_45_2
12332	image
12333	B
12334	319_120m_30_1
12335	B
12336	B
12337	B
12338	B
12339	image
12340	B
12341	B
12342	B
12343	B
12344	B
12345	B
12346	B
12347	image
12348	image
12349	B
12350	B
12351	B
12352	319_120m_30_1
12353	B
12354	B
12355	B
12356	B
12357	B
12358	B
12359	B
12360	B
12361	B
12362	B
12363	image
12364	B
12365	B
12366	B
12367	B
12368	B
12369	image
12370	image
12371	39_120m45_2
12372	B
12373	B
12374	B
12375	B
12376	B
12377	313_120m30_1
12378	B
12379	B
12380	B
12381	B
12382	A
12383	B
12384	image
12385	image
12386	B
12387	B
12388	B
12389	B
12390	B
12391	39_120m45_2
12392	A
12393	image
12394	B
12395	B
12396	B
12397	image
12398	B
12399	310_80m45night1
12400	B
12401	B
12402	B
12403	B
12404	B
12405	image
12406	B
12407	B
12408	B
12409	B
12410	B
12411	image
12412	image
12413	B
12414	B
12415	B
12416	322_100_30_1
12417	B
12418	image
12419	B
12420	B
12421	image
12422	B
12423	B
12424	319_120m_30_1
12425	B
12426	B
12427	B
12428	B
12429	image
12430	image
12431	B
12432	B
12433	B
12434	B
12435	image
12436	B
12437	B
12438	B
12439	B
12440	321_100_30_2
12441	B
12442	image
12443	B
12444	B
12445	B
12446	319_80m_30_2
12447	B
12448	image
12449	B
12450	B
12451	B
12452	319_80m_30_2
12453	313_120m30_3
12454	image
12455	B
12456	B
12457	image
12458	B
12459	B
12460	image
12461	B
12462	B
12463	B
12464	image
12465	B
12466	B
12467	B
12468	B
12469	A
12470	B
12471	B
12472	39_120m45_2
12473	B
12474	B
12475	B
12476	B
12477	B
12478	B
12479	B
12480	B
12481	image
12482	image
12483	B
12484	image
12485	B
12486	image
12487	B
12488	image
12489	B
12490	B
12491	B
12492	B
12493	B
12494	B
12495	B
12496	image
12497	B
12498	A
12499	B
12500	B
12501	B
12502	B
12503	image
12504	B
12505	B
12506	B
12507	image
12508	39_120m45_2
12509	image
12510	B
12511	321_100_30_2
12512	39_120m45_1
12513	image
12514	B
12515	B
12516	A
12517	B
12518	B
12519	B
12520	B
12521	310_80m45night1
12522	image
12523	B
12524	B
12525	B
12526	image
12527	image
12528	B
12529	B
12530	39_120m45_2
12531	B
12532	B
12533	B
12534	image
12535	B
12536	B
12537	A
12538	B
12539	B
12540	image
12541	B
12542	B
12543	B
12544	B
12545	B
12546	B
12547	image
12548	B
12549	B
12550	39_120m45_2
12551	B
12552	B
12553	B
12554	image
12555	B
12556	B
12557	A
12558	310_80m45night1
12559	B
12560	image
12561	image
12562	image
12563	image
12564	B
12565	B
12566	B
12567	B
12568	B
12569	B
12570	321_100_30_4
12571	B
12572	321_80_45_2
12573	322_100_30_1
12574	image
12575	322_120_15_2
12576	image
12577	B
12578	B
12579	B
12580	B
12581	B
12582	39_120m45_2
12583	B
12584	B
12585	B
12586	A
12587	image
12588	image
12589	B
12590	B
12591	B
12592	B
12593	B
12594	image
12595	B
12596	B
12597	B
12598	B
12599	image
12600	image
12601	B
12602	39_120m45_2
12603	B
12604	B
12605	B
12606	B
12607	image
12608	B
12609	B
12610	322_80_45
12611	B
12612	B
12613	B
12614	B
12615	B
12616	B
12617	image
12618	image
12619	B
12620	B
12621	B
12622	B
12623	B
12624	B
12625	image
12626	B
12627	B
12628	B
12629	B
12630	B
12631	B
12632	B
12633	B
12634	image
12635	B
12636	B
12637	B
12638	B
12639	image
12640	image
12641	B
12642	319_120m_30_3
12643	B
12644	B
12645	B
12646	B
12647	39_120m45_2
12648	B
12649	image
12650	B
12651	B
12652	image
12653	B
12654	B
12655	B
12656	B
12657	310_80m45night1
12658	321_80_45_2
12659	B
12660	39_120m45_2
12661	B
12662	310_80m45night1
12663	B
12664	B
12665	B
12666	B
12667	313_120m30_1
12668	B
12669	316_100_15
12670	B
12671	image
12672	B
12673	313_120m30_1
12674	B
12675	B
12676	B
12677	B
12678	B
12679	B
12680	image
12681	image
12682	image
12683	B
12684	B
12685	image
12686	B
12687	B
12688	B
12689	B
12690	image
12691	321_80_45_2
12692	A
12693	B
12694	image
12695	B
12696	B
12697	image
12698	B
12699	image
12700	image
12701	B
12702	B
12703	B
12704	image
12705	B
12706	B
12707	321_80_45_2
12708	B
12709	B
12710	B
12711	B
12712	B
12713	B
12714	319_120m_30_1
12715	B
12716	image
12717	B
12718	image
12719	B
12720	B
12721	B
12722	319_120m_30_1
12723	B
12724	39_120m45_2
12725	B
12726	B
12727	image
12728	B
12729	B
12730	B
12731	B
12732	B
12733	B
12734	image
12735	B
12736	B
12737	B
12738	B
12739	B
12740	B
12741	B
12742	B
12743	A
12744	B
12745	B
12746	B
12747	image
12748	B
12749	image
12750	B
12751	B
12752	B
12753	313_120m30_1
12754	322_100_30_1
12755	A
12756	A
12757	image
12758	B
12759	B
12760	B
12761	B
12762	B
12763	B
12764	319_120m_30_1
12765	B
12766	B
12767	B
12768	319_120m_30_3
12769	B
12770	image
12771	image
12772	B
12773	image
12774	image
12775	image
12776	319_120m_30_3
12777	B
12778	B
12779	B
12780	B
12781	B
12782	B
12783	B
12784	B
12785	image
12786	B
12787	image
12788	B
12789	B
12790	B
12791	39_120m45_2
12792	image
12793	B
12794	B
12795	B
12796	image
12797	321_100_30_2
12798	B
12799	B
12800	B
12801	B
12802	B
12803	B
12804	B
12805	B
12806	B
12807	B
12808	image
12809	B
12810	B
12811	316_100_15
12812	319_120m_30_1
12813	39_120m45_1
12814	B
12815	image
12816	B
12817	B
12818	B
12819	B
12820	image
12821	319_80m_30_2
12822	B
12823	B
12824	B
12825	B
12826	B
12827	B
12828	B
12829	image
12830	image
12831	B
12832	B
12833	B
12834	B
12835	image
12836	B
12837	B
12838	B
12839	B
12840	B
12841	image
12842	321_100_30_2
12843	B
12844	B
12845	B
12846	B
12847	image
12848	B
12849	B
12850	B
12851	B
12852	image
12853	A
12854	image
12855	B
12856	B
12857	B
12858	B
12859	B
12860	B
12861	319_120m_30_3
12862	image
12863	B
12864	image
12865	321_100_30_3
12866	B
12867	B
12868	B
12869	B
12870	B
12871	B
12872	B
12873	B
12874	B
12875	B
12876	image
12877	B
12878	image
12879	B
12880	B
12881	B
12882	319_120m_30_1
12883	image
12884	322_120_15_3
12885	B
12886	image
12887	B
12888	B
12889	B
12890	B
12891	image
12892	B
12893	B
12894	B
12895	image
12896	image
12897	310_80m45night1
12898	image
12899	image
12900	B
12901	B
12902	image
12903	B
12904	B
12905	image
12906	zzccvv
12907	B
12908	321_80_45_2
12909	B
12910	B
12911	A
12912	image
12913	B
12914	image
12915	A
12916	B
12917	B
12918	B
12919	B
12920	39_120m45_2
12921	B
12922	319_80m_30_2
12923	B
12924	image
12925	B
12926	B
12927	image
12928	image
12929	B
12930	B
12931	B
12932	B
12933	319_80m_30_2
12934	B
12935	B
12936	B
12937	B
12938	B
12939	B
12940	B
12941	B
12942	B
12943	319_120m_30_3
12944	313_120m30_1
12945	B
12946	B
12947	B
12948	B
12949	B
12950	B
12951	B
12952	B
12953	B
12954	B
12955	B
12956	B
12957	B
12958	B
12959	image
12960	B
12961	319_80m_30_2
12962	B
12963	B
12964	B
12965	B
12966	B
12967	image
12968	image
12969	image
12970	image
12971	B
12972	B
12973	image
12974	313_120m30_1
12975	B
12976	B
12977	B
12978	B
12979	B
12980	B
12981	B
12982	39_120m45_1
12983	B
12984	B
12985	B
12986	A
12987	B
12988	321_80_45_2
12989	B
12990	B
12991	B
12992	B
12993	B
12994	319_120m_30_1
12995	image
12996	B
12997	B
12998	B
12999	B
13000	B
13001	B
13002	B
13003	image
13004	B
13005	B
13006	B
13007	B
13008	B
13009	B
13010	image
13011	B
13012	B
13013	B
13014	B
13015	316_100_45m_2
13016	B
13017	313_120m30_1
13018	322_100_30_4
13019	B
13020	image
13021	39_120m45_2
13022	322_120_15_3
13023	322_120_15_2
13024	B
13025	image
13026	B
13027	322_120_15_3
13028	B
13029	image
13030	B
13031	image
13032	image
13033	B
13034	B
13035	B
13036	B
13037	B
13038	image
13039	image
13040	B
13041	B
13042	B
13043	image
13044	image
13045	B
13046	B
13047	B
13048	B
13049	B
13050	322_80_45
13051	B
13052	B
13053	B
13054	image
13055	313_120m30_3
13056	image
13057	B
13058	B
13059	316_100_30
13060	B
13061	image
13062	B
13063	B
13064	image
13065	B
13066	B
13067	B
13068	B
13069	B
13070	B
13071	image
13072	B
13073	B
13074	B
13075	image
13076	B
13077	B
13078	B
13079	319_80m_30_2
13080	image
13081	B
13082	B
13083	A
13084	B
13085	B
13086	B
13087	B
13088	39_120m45_1
13089	B
13090	B
13091	B
13092	310_80m45night1
13093	39_120m45_2
13094	B
13095	image
13096	image
13097	B
13098	image
13099	B
13100	image
13101	B
13102	B
13103	B
13104	image
13105	B
13106	B
13107	B
13108	321_100_30_2
13109	B
13110	B
13111	B
13112	B
13113	313_120m30_1
13114	B
13115	image
13116	B
13117	image
13118	B
13119	B
13120	B
13121	B
13122	B
13123	B
13124	39_120m45_1
13125	B
13126	B
13127	B
13128	B
13129	B
13130	B
13131	B
13132	B
13133	image
13134	B
13135	B
13136	image
13137	image
13138	39_120m45_2
13139	image
13140	B
13141	B
13142	B
13143	310_80m45night1
13144	image
13145	B
13146	B
13147	B
13148	B
13149	B
13150	B
13151	B
13152	B
13153	B
13154	B
13155	B
13156	B
13157	B
13158	B
13159	B
13160	B
13161	B
13162	B
13163	image
13164	image
13165	B
13166	B
13167	B
13168	B
13169	image
13170	B
13171	B
13172	B
13173	image
13174	B
13175	322_100_30_1
13176	image
13177	B
13178	image
13179	B
13180	B
13181	B
13182	A
13183	B
13184	B
13185	B
13186	image
13187	image
13188	image
13189	B
13190	B
13191	B
13192	B
13193	B
13194	B
13195	39_120m45_2
13196	image
13197	image
13198	image
13199	319_120m_30_1
13200	B
13201	316_100_15
13202	image
13203	B
13204	B
13205	B
13206	B
13207	B
13208	image
13209	image
13210	39_120m45_2
13211	image
13212	image
13213	B
13214	B
13215	B
13216	B
13217	image
13218	B
13219	B
13220	B
13221	B
13222	B
13223	image
13224	B
13225	B
13226	image
13227	image
13228	B
13229	B
13230	image
13231	B
13232	B
13233	B
13234	B
13235	B
13236	B
13237	321_80_45_2
13238	image
13239	B
13240	B
13241	image
13242	B
13243	B
13244	B
13245	B
13246	B
13247	B
13248	B
13249	B
13250	B
13251	B
13252	B
13253	319_120m_30_3
13254	zzccvv
13255	B
13256	B
13257	39_120m45_2
13258	B
13259	B
13260	image
13261	B
13262	321_80_45_2
13263	B
13264	A
13265	B
13266	321_80_45_2
13267	B
13268	319_80m_30_2
13269	B
13270	39_120m45_2
13271	B
13272	39_120m45_2
13273	B
13274	image
13275	B
13276	image
13277	B
13278	image
13279	image
13280	image
13281	B
13282	B
13283	B
13284	B
13285	B
13286	B
13287	B
13288	B
13289	B
13290	B
13291	image
13292	B
13293	B
13294	B
13295	B
13296	image
13297	B
13298	image
13299	322_120_15_1
13300	B
13301	B
13302	B
13303	B
13304	B
13305	B
13306	B
13307	image
13308	B
13309	B
13310	B
13311	image
13312	B
13313	B
13314	B
13315	B
13316	B
13317	B
13318	B
13319	A
13320	B
13321	B
13322	321_80_45_2
13323	B
13324	B
13325	image
13326	B
13327	B
13328	image
13329	310_80m45night1
13330	B
13331	B
13332	B
13333	image
13334	319_80m_30_2
13335	B
13336	B
13337	image
13338	image
13339	image
13340	B
13341	B
13342	image
13343	B
13344	B
13345	B
13346	B
13347	39_120m45_2
13348	B
13349	B
13350	B
13351	image
13352	B
13353	B
13354	B
13355	B
13356	B
13357	B
13358	322_100_30_1
13359	image
13360	39_120m45_2
13361	B
13362	B
13363	B
13364	B
13365	B
13366	image
13367	B
13368	321_100_15_3
13369	B
13370	B
13371	image
13372	B
13373	B
13374	image
13375	B
13376	image
13377	image
13378	B
13379	B
13380	B
13381	B
13382	image
13383	B
13384	image
13385	B
13386	B
13387	B
13388	B
13389	image
13390	B
13391	313_120m30_1
13392	B
13393	B
13394	B
13395	B
13396	image
13397	B
13398	A
13399	B
13400	B
13401	B
13402	B
13403	313_120m30_1
13404	image
13405	B
13406	39_120m45_1
13407	321_100_15_3
13408	B
13409	B
13410	B
13411	B
13412	image
13413	B
13414	B
13415	B
13416	B
13417	image
13418	B
13419	B
13420	B
13421	B
13422	B
13423	image
13424	39_120m45_2
13425	B
13426	B
13427	image
13428	B
13429	image
13430	A
13431	B
13432	B
13433	B
13434	B
13435	image
13436	B
13437	B
13438	B
13439	A
13440	B
13441	319_80m_30_2
13442	B
13443	image
13444	B
13445	B
13446	B
13447	B
13448	319_120m_30_3
13449	B
13450	image
13451	322_120_15_1
13452	B
13453	B
13454	image
13455	B
13456	B
13457	B
13458	B
13459	image
13460	B
13461	image
13462	image
13463	image
13464	B
13465	B
13466	B
13467	B
13468	B
13469	B
13470	B
13471	B
13472	A
13473	image
13474	39_120m45_2
13475	B
13476	B
13477	image
13478	B
13479	B
13480	B
13481	B
13482	B
13483	B
13484	B
13485	image
13486	B
13487	B
13488	B
13489	image
13490	image
13491	B
13492	A
13493	image
13494	B
13495	B
13496	A
13497	B
13498	B
13499	B
13500	B
13501	B
13502	B
13503	B
13504	image
13505	B
13506	B
13507	A
13508	B
13509	image
13510	B
13511	A
13512	B
13513	B
13514	B
13515	321_100_15_3
13516	B
13517	B
13518	B
13519	39_120m45_2
13520	image
13521	B
13522	B
13523	image
13524	B
13525	B
13526	B
13527	image
13528	B
13529	image
13530	image
13531	B
13532	B
13533	B
13534	B
13535	image
13536	B
13537	B
13538	319_120m_30_3
13539	B
13540	image
13541	B
13542	image
13543	image
13544	B
13545	zzccvv
13546	B
13547	image
13548	B
13549	B
13550	B
13551	B
13552	B
13553	B
13554	B
13555	B
13556	B
13557	B
13558	B
13559	B
13560	B
13561	image
13562	B
13563	B
13564	39_120m45_1
13565	B
13566	B
13567	B
13568	B
13569	B
13570	B
13571	image
13572	B
13573	B
13574	B
13575	B
13576	322_80_45
13577	image
13578	B
13579	image
13580	image
13581	B
13582	B
13583	319_80m_30_2
13584	39_120m45_2
13585	image
13586	B
13587	B
13588	39_120m45_1
13589	image
13590	B
13591	39_120m45_2
13592	B
13593	B
13594	B
13595	B
13596	B
13597	B
13598	image
13599	image
13600	image
13601	B
13602	B
13603	B
13604	B
13605	image
13606	image
13607	B
13608	B
13609	image
13610	B
13611	B
13612	316_100_45m_2
13613	B
13614	B
13615	321_80_45_2
13616	B
13617	image
13618	B
13619	B
13620	316_100_30
13621	image
13622	B
13623	322_100_30_1
13624	image
13625	image
13626	39_120m45_2
13627	B
13628	B
13629	B
13630	B
13631	B
13632	B
13633	B
13634	B
13635	A
13636	B
13637	B
13638	322_120_15_1
13639	B
13640	B
13641	B
13642	image
13643	B
13644	B
13645	310_80m45night1
13646	B
13647	image
13648	B
13649	319_80m_30_2
13650	B
13651	B
13652	319_120m_30_3
13653	B
13654	B
13655	B
13656	39_120m45_2
13657	319_120m_30_1
13658	B
13659	B
13660	B
13661	image
13662	image
13663	B
13664	B
13665	B
13666	319_80m_30_2
13667	B
13668	B
13669	B
13670	B
13671	B
13672	B
13673	B
13674	B
13675	B
13676	B
13677	B
13678	image
13679	image
13680	image
13681	322_100_30_1
13682	B
13683	B
13684	image
13685	B
13686	322_120_15_2
13687	B
13688	B
13689	B
13690	B
13691	B
13692	B
13693	B
13694	B
13695	B
13696	image
13697	B
13698	B
13699	B
13700	zzccvv
13701	B
13702	B
13703	B
13704	image
13705	B
13706	B
13707	image
13708	image
13709	B
13710	B
13711	image
13712	B
13713	B
13714	B
13715	image
13716	B
13717	B
13718	B
13719	B
13720	B
13721	B
13722	image
13723	B
13724	B
13725	image
13726	B
13727	B
13728	B
13729	B
13730	B
13731	B
13732	image
13733	image
13734	39_120m45_2
13735	image
13736	B
13737	B
13738	B
13739	39_120m45_2
13740	B
13741	39_120m45_2
13742	B
13743	B
13744	A
13745	image
13746	B
13747	B
13748	B
13749	B
13750	B
13751	image
13752	B
13753	image
13754	B
13755	B
13756	image
13757	310_80m45night1
13758	B
13759	39_120m45_2
13760	A
13761	B
13762	image
13763	319_120m_30_3
13764	zzccvv
13765	B
13766	B
13767	321_100_30_2
13768	B
13769	image
13770	B
13771	B
13772	image
13773	B
13774	B
13775	B
13776	image
13777	B
13778	image
13779	B
13780	image
13781	321_80_45_2
13782	B
13783	B
13784	B
13785	310_80m45night1
13786	B
13787	B
13788	image
13789	B
13790	image
13791	B
13792	B
13793	image
13794	B
13795	image
13796	39_120m45_1
13797	B
13798	zzccvv
13799	319_120m_30_3
13800	B
13801	B
13802	A
13803	B
13804	B
13805	B
13806	image
13807	B
13808	B
13809	B
13810	319_120m_30_1
13811	image
13812	B
13813	B
13814	B
13815	B
13816	image
13817	B
13818	B
13819	B
13820	39_120m45_2
13821	B
13822	B
13823	B
13824	B
13825	A
13826	B
13827	B
13828	310_80m45night1
13829	B
13830	image
13831	313_120m30_1
13832	image
13833	B
13834	image
13835	B
13836	B
13837	B
13838	B
13839	B
13840	B
13841	image
13842	B
13843	B
13844	B
13845	B
13846	B
13847	B
13848	image
13849	A
13850	A
13851	B
13852	B
13853	B
13854	B
13855	B
13856	B
13857	B
13858	B
13859	B
13860	image
13861	image
13862	image
13863	B
13864	B
13865	image
13866	B
13867	313_120m30_1
13868	B
13869	B
13870	B
13871	A
13872	image
13873	B
13874	B
13875	B
13876	B
13877	B
13878	B
13879	B
13880	B
13881	B
13882	B
13883	321_100_30_3
13884	image
13885	B
13886	B
13887	B
13888	313_120m30_1
13889	B
13890	image
13891	B
13892	B
13893	B
13894	B
13895	image
13896	image
13897	B
13898	B
13899	B
13900	316_100_15
13901	B
13902	A
13903	B
13904	B
13905	B
13906	B
13907	B
13908	B
13909	B
13910	B
13911	310_80m45night1
13912	image
13913	image
13914	B
13915	B
13916	B
13917	image
13918	B
13919	B
13920	image
13921	B
13922	A
13923	B
13924	A
13925	A
13926	image
13927	B
13928	B
13929	B
13930	B
13931	319_80m_30_2
13932	image
13933	B
13934	B
13935	B
13936	B
13937	B
13938	B
13939	322_100_30_1
13940	B
13941	B
13942	39_120m45_2
13943	B
13944	322_100_30_1
13945	B
13946	B
13947	B
13948	B
13949	B
13950	B
13951	B
13952	B
13953	B
13954	B
13955	B
13956	image
13957	image
13958	B
13959	B
13960	B
13961	B
13962	321_100_30_3
13963	B
13964	image
13965	B
13966	image
13967	image
13968	B
13969	B
13970	B
13971	B
13972	319_120m_30_3
13973	B
13974	image
13975	B
13976	image
13977	B
13978	image
13979	310_80m45night1
13980	B
13981	39_120m45_1
13982	B
13983	B
13984	B
13985	B
13986	319_80m_30_2
13987	image
13988	B
13989	B
13990	B
13991	39_120m45_2
13992	B
13993	image
13994	image
13995	B
13996	B
13997	B
13998	B
13999	B
14000	image
14001	A
14002	B
14003	319_120m_30_3
14004	319_120m_30_1
14005	B
14006	B
14007	B
14008	image
14009	A
14010	B
14011	B
14012	B
14013	B
14014	B
14015	B
14016	B
14017	B
14018	B
14019	310_80m45night1
14020	B
14021	B
14022	B
14023	image
14024	image
14025	B
14026	B
14027	B
14028	B
14029	B
14030	B
14031	B
14032	B
14033	B
14034	B
14035	B
14036	B
14037	B
14038	B
14039	B
14040	image
14041	B
14042	image
14043	B
14044	B
14045	B
14046	316_100_15
14047	B
14048	39_120m45_2
14049	image
14050	B
14051	B
14052	39_120m45_2
14053	B
14054	B
14055	image
14056	B
14057	321_120_15_1
14058	B
14059	image
14060	A
14061	B
14062	image
14063	B
14064	39_120m45_2
14065	B
14066	B
14067	B
14068	B
14069	B
14070	image
14071	B
14072	B
14073	image
14074	B
14075	B
14076	39_120m45_2
14077	B
14078	B
14079	B
14080	39_120m45_2
14081	B
14082	B
14083	B
14084	B
14085	39_120m45_2
14086	B
14087	B
14088	B
14089	B
14090	B
14091	B
14092	B
14093	B
14094	B
14095	image
14096	B
14097	B
14098	B
14099	B
14100	image
14101	316_100_45m_2
14102	39_120m45_1
14103	image
14104	image
14105	B
14106	B
14107	image
14108	B
14109	B
14110	39_120m45_2
14111	B
14112	B
14113	39_120m45_2
14114	B
14115	image
14116	B
14117	B
14118	310_80m45night1
14119	B
14120	B
14121	319_120m_30_3
14122	B
14123	B
14124	B
14125	B
14126	B
14127	B
14128	B
14129	313_120m30_1
14130	image
14131	B
14132	B
14133	B
14134	B
14135	B
14136	313_120m30_1
14137	B
14138	B
14139	319_120m_30_1
14140	B
14141	B
14142	image
14143	B
14144	B
14145	B
14146	B
14147	image
14148	image
14149	39_120m45_2
14150	B
14151	B
14152	321_100_30_2
14153	B
14154	image
14155	322_120_15_3
14156	B
14157	image
14158	B
14159	B
14160	B
14161	B
14162	B
14163	B
14164	B
14165	B
14166	image
14167	B
14168	B
14169	B
14170	B
14171	B
14172	image
14173	B
14174	B
14175	B
14176	B
14177	B
14178	321_100_30_4
14179	B
14180	image
14181	B
14182	B
14183	322_80_45
14184	B
14185	B
14186	image
14187	B
14188	B
14189	B
14190	B
14191	image
14192	B
14193	B
14194	313_120m30_3
14195	B
14196	39_120m45_2
14197	B
14198	B
14199	B
14200	39_120m45_2
14201	B
14202	B
14203	B
14204	B
14205	B
14206	B
14207	B
14208	image
14209	image
14210	zzccvv
14211	B
14212	image
14213	image
14214	B
14215	B
14216	313_120m30_3
14217	image
14218	B
14219	B
14220	B
14221	B
14222	B
14223	image
14224	B
14225	B
14226	B
14227	321_100_30_2
14228	319_80m_30_2
14229	B
14230	B
14231	B
14232	image
14233	B
14234	B
14235	39_120m45_2
14236	B
14237	B
14238	B
14239	B
14240	B
14241	322_100_30_4
14242	B
14243	image
14244	B
14245	B
14246	image
14247	B
14248	image
14249	B
14250	319_80m_30_2
14251	B
14252	B
14253	image
14254	B
14255	image
14256	B
14257	image
14258	B
14259	A
14260	B
14261	B
14262	B
14263	B
14264	B
14265	B
14266	image
14267	image
14268	B
14269	39_120m45_2
14270	39_120m45_1
14271	image
14272	B
14273	B
14274	B
14275	B
14276	B
14277	B
14278	A
14279	B
14280	B
14281	B
14282	image
14283	B
14284	B
14285	A
14286	image
14287	image
14288	B
14289	B
14290	B
14291	B
14292	B
14293	image
14294	B
14295	image
14296	B
14297	image
14298	B
14299	B
14300	image
14301	B
14302	B
14303	image
14304	319_80m_30_2
14305	image
14306	B
14307	B
14308	B
14309	B
14310	B
14311	B
14312	B
14313	image
14314	B
14315	B
14316	B
14317	B
14318	image
14319	B
14320	B
14321	39_120m45_1
14322	B
14323	B
14324	B
14325	B
14326	B
14327	39_120m45_1
14328	B
14329	B
14330	B
14331	B
14332	B
14333	322_100_30_1
14334	B
14335	image
14336	B
14337	B
14338	B
14339	B
14340	B
14341	B
14342	B
14343	image
14344	B
14345	image
14346	B
14347	B
14348	B
14349	image
14350	B
14351	B
14352	B
14353	image
14354	image
14355	image
14356	image
14357	B
14358	B
14359	B
14360	B
14361	321_100_30_2
14362	39_120m45_2
14363	A
14364	B
14365	B
14366	image
14367	B
14368	image
14369	B
14370	B
14371	image
14372	B
14373	B
14374	B
14375	B
14376	B
14377	B
14378	B
14379	B
14380	image
14381	B
14382	39_120m45_2
14383	B
14384	B
14385	B
14386	B
14387	B
14388	319_120m_30_1
14389	image
14390	B
14391	B
14392	B
14393	B
14394	B
14395	B
14396	B
14397	B
14398	B
14399	B
14400	B
14401	B
14402	B
14403	B
14404	image
14405	B
14406	image
14407	B
14408	B
14409	B
14410	B
14411	B
14412	39_120m45_2
14413	image
14414	B
14415	B
14416	B
14417	B
14418	B
14419	B
14420	image
14421	B
14422	39_120m45_2
14423	image
14424	B
14425	B
14426	image
14427	B
14428	B
14429	B
14430	B
14431	B
14432	B
14433	image
14434	B
14435	B
14436	B
14437	image
14438	B
14439	B
14440	B
14441	B
14442	319_80m_30_2
14443	B
14444	B
14445	B
14446	B
14447	image
14448	B
14449	A
14450	B
14451	B
14452	B
14453	B
14454	image
14455	B
14456	B
14457	B
14458	39_120m45_2
14459	zzccvv
14460	image
14461	B
14462	image
14463	321_80_45_2
14464	A
14465	B
14466	B
14467	B
14468	image
14469	B
14470	B
14471	image
14472	image
14473	B
14474	B
14475	322_100_30_1
14476	A
14477	B
14478	B
14479	B
14480	B
14481	image
14482	image
14483	B
14484	B
14485	B
14486	image
14487	image
14488	B
14489	39_120m45_2
14490	image
14491	B
14492	319_120m_30_3
14493	B
14494	B
14495	B
14496	B
14497	319_80m_30_2
14498	image
14499	B
14500	B
14501	A
14502	B
14503	B
14504	B
14505	39_120m45_2
14506	B
14507	B
14508	B
14509	B
14510	B
14511	39_120m45_2
14512	B
14513	B
14514	B
14515	B
14516	B
14517	B
14518	B
14519	B
14520	B
14521	B
14522	A
14523	B
14524	B
14525	B
14526	B
14527	B
14528	B
14529	B
14530	B
14531	319_80m_30_2
14532	A
14533	B
14534	313_120m30_1
14535	image
14536	B
14537	image
14538	B
14539	39_120m45_2
14540	B
14541	B
14542	B
14543	image
14544	B
14545	319_120m_30_3
14546	image
14547	B
14548	image
14549	image
14550	B
14551	image
14552	B
14553	B
14554	B
14555	B
14556	image
14557	321_100_30_3
14558	B
14559	A
14560	image
14561	B
14562	A
14563	B
14564	313_120m30_3
14565	B
14566	image
14567	B
14568	B
14569	B
14570	B
14571	B
14572	B
14573	B
14574	B
14575	B
14576	B
14577	image
14578	316_100_15
14579	B
14580	B
14581	B
14582	B
14583	B
14584	B
14585	A
14586	image
14587	B
14588	B
14589	image
14590	B
14591	image
14592	B
14593	B
14594	B
14595	image
14596	B
14597	B
14598	321_80_45_2
14599	B
14600	B
14601	image
14602	A
14603	image
14604	image
14605	B
14606	B
14607	321_100_15_3
14608	B
14609	image
14610	B
14611	B
14612	B
14613	B
14614	image
14615	319_120m_30_3
14616	image
14617	B
14618	B
14619	B
14620	B
14621	B
14622	B
14623	B
14624	B
14625	B
14626	B
14627	B
14628	B
14629	A
14630	image
14631	B
14632	B
14633	image
14634	B
14635	B
14636	image
14637	B
14638	B
14639	B
14640	image
14641	image
14642	322_80_45
14643	B
14644	39_120m45_2
14645	image
14646	B
14647	B
14648	image
14649	B
14650	B
14651	B
14652	image
14653	B
14654	B
14655	image
14656	B
14657	image
14658	B
14659	B
14660	B
14661	A
14662	B
14663	B
14664	B
14665	321_100_30_4
14666	zzccvv
14667	A
14668	B
14669	B
14670	B
14671	image
14672	B
14673	B
14674	B
14675	B
14676	B
14677	B
14678	39_120m45_2
14679	B
14680	image
14681	B
14682	B
14683	B
14684	B
14685	B
14686	B
14687	B
14688	image
14689	image
14690	B
14691	B
14692	321_100_30_3
14693	B
14694	image
14695	image
14696	image
14697	B
14698	B
14699	B
14700	B
14701	B
14702	B
14703	B
14704	B
14705	B
14706	B
14707	B
14708	B
14709	B
14710	B
14711	B
14712	B
14713	B
14714	B
14715	39_120m45_2
14716	B
14717	B
14718	B
14719	B
14720	310_80m45night1
14721	B
14722	B
14723	B
14724	B
14725	B
14726	B
14727	image
14728	39_120m45_2
14729	image
14730	image
14731	321_100_30_2
14732	B
14733	B
14734	B
14735	321_80_45_2
14736	B
14737	B
14738	B
14739	B
14740	B
14741	B
14742	image
14743	B
14744	B
14745	B
14746	image
14747	A
14748	310_80m45night1
14749	B
14750	B
14751	B
14752	image
14753	B
14754	image
14755	image
14756	B
14757	image
14758	B
14759	B
14760	39_120m45_1
14761	B
14762	B
14763	image
14764	B
14765	image
14766	321_80_45_2
14767	B
14768	B
14769	B
14770	B
14771	B
14772	B
14773	B
14774	B
14775	39_120m45_2
14776	B
14777	321_80_45_2
14778	B
14779	B
14780	image
14781	image
14782	B
14783	B
14784	A
14785	B
14786	B
14787	39_120m45_2
14788	B
14789	B
14790	B
14791	39_120m45_2
14792	image
14793	image
14794	B
14795	319_120m_30_3
14796	B
14797	image
14798	image
14799	B
14800	B
14801	B
14802	B
14803	A
14804	B
14805	image
14806	322_100_30_4
14807	322_80_45
14808	image
14809	B
14810	B
14811	image
14812	B
14813	image
14814	B
14815	B
14816	B
14817	B
14818	B
14819	B
14820	B
14821	image
14822	B
14823	B
14824	image
14825	B
14826	B
14827	B
14828	image
14829	B
14830	B
14831	image
14832	image
14833	B
14834	B
14835	B
14836	B
14837	B
14838	image
14839	image
14840	B
14841	B
14842	B
14843	B
14844	B
14845	B
14846	B
14847	B
14848	A
14849	B
14850	image
14851	B
14852	A
14853	321_100_30_2
14854	B
14855	B
14856	B
14857	B
14858	B
14859	B
14860	B
14861	B
14862	39_120m45_1
14863	B
14864	A
14865	A
14866	B
14867	B
14868	B
14869	image
14870	B
14871	B
14872	B
14873	B
14874	B
14875	321_80_15
14876	B
14877	B
14878	B
14879	B
14880	B
14881	B
14882	B
14883	B
14884	B
14885	B
14886	313_120m30_1
14887	B
14888	39_120m45_2
14889	319_80m_30_2
14890	B
14891	image
14892	B
14893	B
14894	image
14895	39_120m45_2
14896	B
14897	B
14898	B
14899	image
14900	B
14901	A
14902	B
14903	B
14904	B
14905	B
14906	B
14907	B
14908	B
14909	39_120m45_1
14910	B
14911	B
14912	B
14913	B
14914	A
14915	B
14916	B
14917	B
14918	image
14919	B
14920	39_120m45_2
14921	B
14922	B
14923	image
14924	image
14925	image
14926	321_100_30_1
14927	B
14928	B
14929	B
14930	image
14931	B
14932	image
14933	B
14934	image
14935	B
14936	image
14937	B
14938	B
14939	B
14940	B
14941	image
14942	image
14943	B
14944	B
14945	B
14946	B
14947	B
14948	B
14949	B
14950	B
14951	B
14952	39_120m45_1
14953	B
14954	322_100_30_1
14955	B
14956	B
14957	B
14958	B
14959	A
14960	B
14961	image
14962	B
14963	B
14964	image
14965	B
14966	B
14967	B
14968	B
14969	image
14970	zzccvv
14971	B
14972	B
14973	B
14974	image
14975	image
14976	B
14977	B
14978	B
14979	39_120m45_2
14980	B
14981	B
14982	B
14983	B
14984	B
14985	B
14986	B
14987	B
14988	B
14989	B
14990	B
14991	B
14992	319_80m_30_2
14993	B
14994	B
14995	B
14996	B
14997	B
14998	B
14999	image
15000	image
15001	B
15002	B
15003	B
15004	B
15005	B
15006	image
15007	A
15008	B
15009	image
15010	B
15011	image
15012	B
15013	B
15014	B
15015	image
15016	image
15017	A
15018	B
15019	image
15020	B
15021	B
15022	B
15023	316_100_30
15024	image
15025	B
15026	B
15027	B
15028	image
15029	B
15030	B
15031	B
15032	B
15033	B
15034	A
15035	image
15036	B
15037	B
15038	B
15039	B
15040	A
15041	319_120m_30_1
15042	319_80m_30_2
15043	B
15044	B
15045	B
15046	B
15047	B
15048	B
15049	B
15050	B
15051	B
15052	B
15053	B
15054	B
15055	B
15056	B
15057	321_80_45_2
15058	319_80m_30_2
15059	B
15060	B
15061	B
15062	B
15063	B
15064	B
15065	B
15066	image
15067	image
15068	B
15069	B
15070	B
15071	image
15072	B
15073	B
15074	B
15075	B
15076	image
15077	B
15078	B
15079	B
15080	B
15081	B
15082	319_80m_30_2
15083	image
15084	image
15085	B
15086	B
15087	B
15088	B
15089	A
15090	image
15091	A
15092	image
15093	B
15094	B
15095	B
15096	image
15097	B
15098	A
15099	B
15100	B
15101	B
15102	A
15103	image
15104	B
15105	image
15106	A
15107	B
15108	B
15109	B
15110	39_120m45_2
15111	B
15112	B
15113	image
15114	B
15115	B
15116	B
15117	B
15118	310_80m45night1
15119	B
15120	image
15121	B
15122	B
15123	A
15124	B
15125	image
15126	B
15127	B
15128	B
15129	image
15130	image
15131	B
15132	B
15133	B
15134	B
15135	image
15136	image
15137	B
15138	B
15139	B
15140	B
15141	B
15142	B
15143	B
15144	B
15145	B
15146	B
15147	B
15148	image
15149	B
15150	B
15151	B
15152	B
15153	B
15154	B
15155	B
15156	322_100_30_1
15157	image
15158	B
15159	image
15160	B
15161	B
15162	A
15163	B
15164	39_120m45_2
15165	B
15166	B
15167	image
15168	B
15169	B
15170	B
15171	A
15172	B
15173	310_80m45night1
15174	image
15175	313_120m30_1
15176	image
15177	B
15178	B
15179	B
15180	B
15181	B
15182	B
15183	B
15184	B
15185	image
15186	B
15187	319_80m_30_2
15188	39_120m45_2
15189	B
15190	B
15191	B
15192	B
15193	322_100_30_4
15194	B
15195	B
15196	319_120m_30_1
15197	B
15198	B
15199	B
15200	B
15201	B
15202	39_120m45_1
15203	B
15204	B
15205	39_120m45_2
15206	B
15207	B
15208	B
15209	B
15210	310_80m45night1
15211	B
15212	B
15213	image
15214	B
15215	B
15216	image
15217	319_120m_30_3
15218	image
15219	B
15220	image
15221	B
15222	B
15223	B
15224	B
15225	B
15226	image
15227	B
15228	B
15229	image
15230	B
15231	B
15232	39_120m45_2
15233	B
15234	B
15235	image
15236	zzccvv
15237	B
15238	B
15239	B
15240	B
15241	image
15242	B
15243	image
15244	B
15245	B
15246	image
15247	B
15248	B
15249	image
15250	B
15251	B
15252	B
15253	39_120m45_2
15254	B
15255	B
15256	B
15257	B
15258	322_80_45
15259	B
15260	image
15261	39_120m45_2
15262	B
15263	B
15264	image
15265	B
15266	B
15267	B
15268	B
15269	B
15270	image
15271	image
15272	B
15273	B
15274	B
15275	39_120m45_2
15276	39_120m45_2
15277	B
15278	image
15279	B
15280	B
15281	A
15282	B
15283	image
15284	B
15285	image
15286	310_80m45night1
15287	B
15288	B
15289	B
15290	B
15291	319_120m_30_3
15292	A
15293	B
15294	B
15295	B
15296	B
15297	B
15298	B
15299	image
15300	B
15301	B
15302	image
15303	B
15304	B
15305	319_80m_30_2
15306	B
15307	image
15308	A
15309	B
15310	B
15311	image
15312	B
15313	image
15314	B
15315	image
15316	B
15317	B
15318	image
15319	B
15320	B
15321	A
15322	B
15323	B
15324	B
15325	B
15326	B
15327	B
15328	B
15329	image
15330	image
15331	image
15332	319_120m_30_3
15333	B
15334	A
15335	image
15336	310_80m45night1
15337	B
15338	B
15339	A
15340	image
15341	image
15342	B
15343	B
15344	A
15345	B
15346	39_120m45_2
15347	B
15348	B
15349	B
15350	image
15351	image
15352	B
15353	B
15354	image
15355	B
15356	B
15357	image
15358	B
15359	image
15360	B
15361	39_120m45_2
15362	image
15363	B
15364	B
15365	B
15366	B
15367	B
15368	B
15369	B
15370	image
15371	B
15372	image
15373	image
15374	B
15375	B
15376	B
15377	image
15378	B
15379	B
15380	image
15381	B
15382	B
15383	B
15384	319_120m_30_3
15385	image
15386	B
15387	B
15388	B
15389	B
15390	B
15391	313_120m30_3
15392	B
15393	B
15394	321_80_45_2
15395	B
15396	B
15397	B
15398	B
15399	B
15400	B
15401	image
15402	B
15403	B
15404	B
15405	image
15406	B
15407	image
15408	B
15409	B
15410	322_100_30_1
15411	B
15412	image
15413	B
15414	B
15415	image
15416	image
15417	B
15418	image
15419	image
15420	B
15421	310_80m45night1
15422	image
15423	B
15424	321_80_45_2
15425	image
15426	B
15427	B
15428	322_80_45
15429	B
15430	B
15431	B
15432	B
15433	322_100_30_1
15434	313_120m30_1
15435	image
15436	B
15437	image
15438	B
15439	image
15440	image
15441	B
15442	B
15443	321_80_45_2
15444	B
15445	image
15446	image
15447	B
15448	B
15449	image
15450	B
15451	image
15452	B
15453	B
15454	B
15455	B
15456	image
15457	B
15458	B
15459	B
15460	B
15461	39_120m45_2
15462	B
15463	B
15464	B
15465	B
15466	B
15467	B
15468	B
15469	B
15470	B
15471	image
15472	B
15473	B
15474	B
15475	B
15476	B
15477	310_80m45night1
15478	B
15479	image
15480	B
15481	image
15482	B
15483	B
15484	A
15485	B
15486	B
15487	B
15488	image
15489	B
15490	B
15491	B
15492	image
15493	B
15494	B
15495	39_120m45_1
15496	B
15497	B
15498	B
15499	A
15500	B
15501	B
15502	B
15503	B
15504	B
15505	B
15506	B
15507	B
15508	B
15509	image
15510	A
15511	image
15512	B
15513	image
15514	B
15515	B
15516	image
15517	B
15518	B
15519	image
15520	B
15521	image
15522	A
15523	A
15524	zzccvv
15525	39_120m45_2
15526	B
15527	B
15528	B
15529	B
15530	B
15531	B
15532	B
15533	B
15534	B
15535	B
15536	B
15537	B
15538	image
15539	B
15540	B
15541	B
15542	B
15543	B
15544	B
15545	B
15546	B
15547	321_120_15_1
15548	B
15549	A
15550	image
15551	B
15552	319_120m_30_3
15553	B
15554	B
15555	image
15556	319_120m_30_3
15557	B
15558	B
15559	B
15560	B
15561	B
15562	B
15563	B
15564	B
15565	B
15566	B
15567	image
15568	B
15569	B
15570	B
15571	B
15572	B
15573	image
15574	B
15575	322_100_30_1
15576	B
15577	B
15578	322_120_15_1
15579	B
15580	B
15581	B
15582	B
15583	B
15584	321_80_45_2
15585	B
15586	B
15587	B
15588	B
15589	B
15590	B
15591	313_120m30_1
15592	B
15593	310_80m45night1
15594	B
15595	B
15596	B
15597	39_120m45_2
15598	B
15599	image
15600	B
15601	B
15602	B
15603	B
15604	B
15605	B
15606	A
15607	321_80_45_2
15608	image
15609	B
15610	B
15611	A
15612	B
15613	B
15614	B
15615	image
15616	B
15617	image
15618	B
15619	image
15620	310_80m45night1
15621	image
15622	B
15623	B
15624	image
15625	B
15626	B
15627	B
15628	B
15629	B
15630	B
15631	B
15632	B
15633	B
15634	B
15635	39_120m45_1
15636	B
15637	B
15638	image
15639	B
15640	B
15641	image
15642	B
15643	39_120m45_1
15644	B
15645	B
15646	image
15647	image
15648	319_120m_30_3
15649	B
15650	B
15651	image
15652	image
15653	B
15654	B
15655	B
15656	B
15657	B
15658	image
15659	B
15660	image
15661	image
15662	B
15663	B
15664	B
15665	39_120m45_2
15666	B
15667	B
15668	B
15669	image
15670	B
15671	B
15672	B
15673	B
15674	image
15675	B
15676	39_120m45_2
15677	image
15678	B
15679	B
15680	310_80m45night1
15681	B
15682	39_120m45_2
15683	image
15684	B
15685	B
15686	image
15687	B
15688	B
15689	B
15690	image
15691	B
15692	322_100_45_2
15693	322_100_30_1
15694	B
15695	322_100_45_2
15696	image
15697	B
15698	B
15699	B
15700	B
15701	319_120m_30_1
15702	B
15703	B
15704	322_100_30_1
15705	B
15706	image
15707	B
15708	B
15709	B
15710	B
15711	B
15712	B
15713	image
15714	B
15715	B
15716	321_80_45_2
15717	B
15718	319_80m_30_2
15719	B
15720	B
15721	image
15722	B
15723	B
15724	B
15725	B
15726	B
15727	B
15728	B
15729	B
15730	B
15731	image
15732	image
15733	B
15734	B
15735	image
15736	B
15737	image
15738	39_120m45_2
15739	B
15740	B
15741	B
15742	image
15743	B
15744	image
15745	B
15746	B
15747	image
15748	B
15749	B
15750	image
15751	B
15752	B
15753	313_120m30_3
15754	B
15755	B
15756	B
15757	B
15758	B
15759	image
15760	B
15761	B
15762	322_100_45_2
15763	A
15764	B
15765	B
15766	B
15767	B
15768	B
15769	A
15770	B
15771	B
15772	image
15773	B
15774	319_80m_30_2
15775	B
15776	B
15777	B
15778	319_120m_30_3
15779	B
15780	B
15781	image
15782	B
15783	B
15784	B
15785	B
15786	B
15787	B
15788	B
15789	B
15790	image
15791	zzccvv
15792	A
15793	B
15794	image
15795	zzccvv
15796	B
15797	B
15798	B
15799	B
15800	B
15801	image
15802	B
15803	image
15804	319_80m_30_2
15805	B
15806	B
15807	B
15808	B
15809	B
15810	B
15811	B
15812	B
15813	39_120m45_2
15814	B
15815	image
15816	B
15817	B
15818	B
15819	B
15820	B
15821	39_120m45_1
15822	B
15823	B
15824	image
15825	B
15826	B
15827	B
15828	B
15829	B
15830	B
15831	B
15832	B
15833	321_100_30_3
15834	image
15835	B
15836	image
15837	B
15838	image
15839	B
15840	image
15841	B
15842	B
15843	B
15844	B
15845	321_80_45_2
15846	B
15847	B
15848	B
15849	image
15850	B
15851	image
15852	B
15853	B
15854	B
15855	B
15856	B
15857	image
15858	B
15859	image
15860	B
15861	image
15862	image
15863	A
15864	B
15865	image
15866	image
15867	B
15868	B
15869	B
15870	B
15871	310_80m45night1
15872	image
15873	B
15874	B
15875	image
15876	B
15877	image
15878	B
15879	B
15880	image
15881	321_80_45_2
15882	image
15883	B
15884	image
15885	B
15886	B
15887	B
15888	B
15889	316_100_15
15890	B
15891	B
15892	image
15893	B
15894	image
15895	A
15896	A
15897	B
15898	B
15899	B
15900	image
15901	B
15902	B
15903	image
15904	322_100_30_1
15905	image
15906	B
15907	319_120m_30_1
15908	B
15909	A
15910	image
15911	B
15912	B
15913	image
15914	image
15915	B
15916	B
15917	B
15918	B
15919	B
15920	B
15921	B
15922	B
15923	B
15924	B
15925	B
15926	B
15927	B
15928	B
15929	B
15930	image
15931	316_100_45m_2
15932	image
15933	B
15934	B
15935	B
15936	B
15937	B
15938	B
15939	B
15940	B
15941	B
15942	image
15943	B
15944	B
15945	B
15946	B
15947	B
15948	B
15949	image
15950	B
15951	image
15952	B
15953	image
15954	B
15955	B
15956	A
15957	B
15958	B
15959	322_80_45
15960	B
15961	B
15962	B
15963	image
15964	B
15965	image
15966	B
15967	B
15968	image
15969	A
15970	image
15971	image
15972	B
15973	B
15974	B
15975	A
15976	B
15977	B
15978	B
15979	image
15980	B
15981	B
15982	B
15983	B
15984	B
15985	322_80_45
15986	B
15987	image
15988	B
15989	B
15990	B
15991	B
15992	B
15993	B
15994	B
15995	B
15996	B
15997	image
15998	B
15999	image
16000	39_120m45_2
16001	319_80m_30_2
16002	B
16003	B
16004	B
16005	B
16006	image
16007	B
16008	image
16009	B
16010	B
16011	322_100_45_2
16012	B
16013	B
16014	B
16015	image
16016	image
16017	B
16018	image
16019	image
16020	B
16021	B
16022	image
16023	image
16024	B
16025	B
16026	B
16027	B
16028	B
16029	B
16030	B
16031	B
16032	B
16033	B
16034	image
16035	B
16036	B
16037	B
16038	B
16039	B
16040	image
16041	B
16042	B
16043	image
16044	B
16045	image
16046	B
16047	B
16048	image
16049	B
16050	B
16051	B
16052	39_120m45_1
16053	image
16054	image
16055	image
16056	B
16057	B
16058	B
16059	B
16060	B
16061	B
16062	B
16063	B
16064	image
16065	B
16066	B
16067	image
16068	B
16069	image
16070	B
16071	B
16072	image
16073	B
16074	B
16075	B
16076	B
16077	B
16078	321_100_30_3
16079	B
16080	B
16081	B
16082	B
16083	39_120m45_2
16084	B
16085	B
16086	B
16087	image
16088	B
16089	B
16090	B
16091	39_120m45_1
16092	B
16093	image
16094	B
16095	B
16096	B
16097	image
16098	B
16099	B
16100	B
16101	A
16102	B
16103	image
16104	image
16105	B
16106	B
16107	B
16108	B
16109	B
16110	A
16111	B
16112	B
16113	zzccvv
16114	319_120m_30_3
16115	B
16116	B
16117	B
16118	B
16119	A
16120	B
16121	B
16122	B
16123	310_80m45night1
16124	B
16125	B
16126	B
16127	B
16128	image
16129	B
16130	image
16131	image
16132	B
16133	B
16134	image
16135	B
16136	B
16137	B
16138	B
16139	image
16140	B
16141	B
16142	B
16143	B
16144	B
16145	B
16146	B
16147	image
16148	image
16149	B
16150	B
16151	322_80_45
16152	B
16153	B
16154	B
16155	B
16156	39_120m45_2
16157	B
16158	B
16159	B
16160	B
16161	B
16162	image
16163	B
16164	B
16165	image
16166	310_80m45night1
16167	B
16168	B
16169	B
16170	B
16171	319_120m_30_2
16172	B
16173	B
16174	B
16175	322_100_45_2
16176	B
16177	B
16178	39_120m45_1
16179	B
16180	B
16181	image
16182	B
16183	B
16184	B
16185	image
16186	B
16187	B
16188	39_120m45_2
16189	image
16190	A
16191	B
16192	B
16193	319_120m_30_3
16194	B
16195	B
16196	image
16197	B
16198	B
16199	B
16200	B
16201	B
16202	B
16203	39_120m45_2
16204	B
16205	B
16206	B
16207	322_120_15_1
16208	image
16209	B
16210	B
16211	image
16212	image
16213	B
16214	B
16215	image
16216	B
16217	B
16218	319_80m_30_2
16219	B
16220	B
16221	B
16222	B
16223	B
16224	image
16225	image
16226	B
16227	B
16228	B
16229	B
16230	image
16231	B
16232	B
16233	B
16234	image
16235	B
16236	image
16237	B
16238	B
16239	B
16240	B
16241	image
16242	B
16243	B
16244	image
16245	B
16246	B
16247	B
16248	image
16249	B
16250	B
16251	B
16252	image
16253	image
16254	B
16255	B
16256	B
16257	image
16258	B
16259	image
16260	B
16261	B
16262	B
16263	B
16264	B
16265	A
16266	B
16267	B
16268	39_120m45_2
16269	B
16270	B
16271	B
16272	image
16273	B
16274	B
16275	image
16276	B
16277	image
16278	B
16279	B
16280	B
16281	B
16282	B
16283	B
16284	image
16285	image
16286	B
16287	310_80m45night1
16288	image
16289	B
16290	B
16291	B
16292	image
16293	B
16294	B
16295	B
16296	B
16297	B
16298	322_100_30_1
16299	B
16300	319_80m_30_2
16301	313_120m30_1
16302	B
16303	image
16304	B
16305	B
16306	B
16307	image
16308	B
16309	39_120m45_2
16310	B
16311	B
16312	B
16313	B
16314	image
16315	B
16316	B
16317	B
16318	B
16319	319_120m_30_3
16320	image
16321	B
16322	B
16323	39_120m45_2
16324	image
16325	B
16326	image
16327	39_120m45_2
16328	B
16329	image
16330	B
16331	image
16332	B
16333	B
16334	B
16335	B
16336	319_80m_30_2
16337	B
16338	image
16339	B
16340	B
16341	319_120m_30_3
16342	B
16343	B
16344	B
16345	A
16346	image
16347	image
16348	321_100_15_3
16349	B
16350	B
16351	B
16352	B
16353	image
16354	B
16355	B
16356	B
16357	B
16358	B
16359	A
16360	image
16361	B
16362	B
16363	322_100_45_2
16364	B
16365	B
16366	B
16367	image
16368	B
16369	B
16370	B
16371	B
16372	image
16373	B
16374	B
16375	image
16376	322_100_30_1
16377	B
16378	B
16379	image
16380	image
16381	image
16382	image
16383	39_120m45_2
16384	image
16385	B
16386	B
16387	B
16388	image
16389	B
16390	B
16391	image
16392	image
16393	B
16394	B
16395	B
16396	B
16397	39_120m45_2
16398	39_120m45_1
16399	B
16400	B
16401	B
16402	B
16403	B
16404	A
16405	image
16406	B
16407	image
16408	B
16409	322_100_30_1
16410	B
16411	316_100_15
16412	B
16413	B
16414	B
16415	B
16416	A
16417	B
16418	B
16419	B
16420	B
16421	319_80m_30_2
16422	B
16423	B
16424	B
16425	A
16426	B
16427	B
16428	B
16429	B
16430	B
16431	image
16432	B
16433	B
16434	B
16435	image
16436	B
16437	B
16438	image
16439	B
16440	B
16441	B
16442	B
16443	B
16444	B
16445	B
16446	B
16447	B
16448	B
16449	321_100_30_4
16450	B
16451	B
16452	B
16453	B
16454	B
16455	B
16456	39_120m45_2
16457	B
16458	B
16459	B
16460	B
16461	image
16462	B
16463	313_120m30_1
16464	B
16465	image
16466	B
16467	image
16468	B
16469	B
16470	A
16471	B
16472	image
16473	image
16474	B
16475	B
16476	B
16477	B
16478	B
16479	322_100_30_1
16480	image
16481	B
16482	B
16483	image
16484	image
16485	B
16486	B
16487	B
16488	image
16489	B
16490	image
16491	B
16492	39_120m45_2
16493	B
16494	B
16495	B
16496	B
16497	B
16498	B
16499	B
16500	B
16501	B
16502	image
16503	B
16504	B
16505	319_80m_30_2
16506	image
16507	B
16508	B
16509	image
16510	B
16511	B
16512	B
16513	B
16514	B
16515	image
16516	B
16517	B
16518	B
16519	B
16520	image
16521	image
16522	39_120m45_2
16523	zzccvv
16524	39_120m45_2
16525	B
16526	B
16527	image
16528	B
16529	A
16530	image
16531	B
16532	B
16533	B
16534	image
16535	B
16536	310_80m45night1
16537	image
16538	B
16539	B
16540	B
16541	B
16542	B
16543	B
16544	B
16545	image
16546	B
16547	A
16548	B
16549	B
16550	B
16551	B
16552	image
16553	A
16554	B
16555	B
16556	image
16557	B
16558	B
16559	B
16560	image
16561	B
16562	B
16563	B
16564	image
16565	image
16566	B
16567	B
16568	B
16569	B
16570	B
16571	B
16572	B
16573	322_100_45_2
16574	321_80_15
16575	B
16576	B
16577	B
16578	322_100_45_2
16579	B
16580	image
16581	B
16582	image
16583	B
16584	B
16585	B
16586	A
16587	B
16588	322_120_15_3
16589	image
16590	image
16591	B
16592	image
16593	39_120m45_2
16594	image
16595	B
16596	B
16597	B
16598	B
16599	B
16600	B
16601	image
16602	B
16603	B
16604	319_120m_30_1
16605	B
16606	B
16607	313_120m30_3
16608	B
16609	39_120m45_2
16610	B
16611	image
16612	image
16613	B
16614	image
16615	image
16616	B
16617	B
16618	B
16619	image
16620	image
16621	B
16622	image
16623	B
16624	B
16625	image
16626	image
16627	39_120m45_2
16628	322_120_15_1
16629	B
16630	B
16631	B
16632	39_120m45_2
16633	image
16634	319_80m_30_2
16635	B
16636	image
16637	B
16638	B
16639	B
16640	B
16641	321_80_15
16642	B
16643	B
16644	image
16645	image
16646	B
16647	B
16648	B
16649	B
16650	B
16651	B
16652	B
16653	B
16654	B
16655	B
16656	image
16657	B
16658	image
16659	A
16660	B
16661	B
16662	B
16663	B
16664	B
16665	B
16666	B
16667	B
16668	39_120m45_2
16669	B
16670	B
16671	B
16672	B
16673	image
16674	310_80m45night1
16675	image
16676	image
16677	B
16678	B
16679	B
16680	B
16681	B
16682	B
16683	B
16684	image
16685	B
16686	B
16687	39_120m45_1
16688	zzccvv
16689	image
16690	image
16691	B
16692	image
16693	B
16694	B
16695	B
16696	image
16697	B
16698	B
16699	B
16700	B
16701	image
16702	B
16703	image
16704	B
16705	B
16706	B
16707	B
16708	B
16709	B
16710	B
16711	B
16712	B
16713	A
16714	B
16715	B
16716	321_100_30_3
16717	B
16718	A
16719	B
16720	321_100_30_3
16721	B
16722	image
16723	B
16724	B
16725	B
16726	image
16727	B
16728	316_100_15
16729	image
16730	image
16731	B
16732	B
16733	B
16734	B
16735	B
16736	B
16737	image
16738	B
16739	B
16740	image
16741	B
16742	B
16743	322_100_30_1
16744	39_120m45_2
16745	B
16746	B
16747	B
16748	B
16749	image
16750	B
16751	B
16752	39_120m45_2
16753	39_120m45_2
16754	319_80m_30_2
16755	B
16756	313_120m30_1
16757	B
16758	B
16759	B
16760	image
16761	image
16762	319_80m_30_2
16763	B
16764	319_120m_30_3
16765	B
16766	39_120m45_2
16767	B
16768	322_100_45_4
16769	image
16770	B
16771	B
16772	322_120_15_2
16773	image
16774	B
16775	B
16776	B
16777	B
16778	image
16779	B
16780	B
16781	B
16782	B
16783	image
16784	B
16785	B
16786	B
16787	319_120m_30_3
16788	B
16789	image
16790	B
16791	B
16792	B
16793	B
16794	39_120m45_2
16795	image
16796	B
16797	B
16798	B
16799	B
16800	316_100_15
16801	image
16802	image
16803	B
16804	image
16805	B
16806	image
16807	B
16808	B
16809	321_100_30_4
16810	image
16811	B
16812	B
16813	B
16814	B
16815	image
16816	B
16817	image
16818	B
16819	image
16820	B
16821	B
16822	image
16823	321_80_45_2
16824	313_120m30_1
16825	B
16826	B
16827	B
16828	B
16829	B
16830	image
16831	image
16832	image
16833	B
16834	B
16835	B
16836	image
16837	B
16838	B
16839	B
16840	39_120m45_1
16841	image
16842	B
16843	B
16844	B
16845	321_80_45_2
16846	B
16847	B
16848	B
16849	B
16850	319_80m_30_2
16851	B
16852	B
16853	B
16854	B
16855	B
16856	B
16857	image
16858	B
16859	316_100_15
16860	A
16861	B
16862	B
16863	B
16864	B
16865	image
16866	B
16867	B
16868	image
16869	B
16870	B
16871	B
16872	A
16873	B
16874	B
16875	B
16876	B
16877	B
16878	B
16879	319_120m_30_3
16880	image
16881	image
16882	313_120m30_1
16883	B
16884	B
16885	B
16886	image
16887	322_120_15_2
16888	B
16889	image
16890	B
16891	B
16892	B
16893	B
16894	B
16895	B
16896	B
16897	B
16898	B
16899	B
16900	B
16901	B
16902	B
16903	319_120m_30_3
16904	B
16905	image
16906	B
16907	B
16908	B
16909	image
16910	B
16911	313_120m30_3
16912	image
16913	B
16914	B
16915	B
16916	B
16917	B
16918	B
16919	B
16920	B
16921	B
16922	image
16923	39_120m45_2
16924	B
16925	B
16926	316_100_30
16927	B
16928	B
16929	321_80_45_2
16930	B
16931	B
16932	image
16933	B
16934	B
16935	B
16936	image
16937	B
16938	image
16939	image
16940	B
16941	zzccvv
16942	B
16943	image
16944	B
16945	39_120m45_1
16946	B
16947	B
16948	B
16949	B
16950	image
16951	B
16952	B
16953	image
16954	B
16955	B
16956	B
16957	B
16958	image
16959	image
16960	310_80m45night1
16961	image
16962	B
16963	B
16964	B
16965	B
16966	image
16967	B
16968	B
16969	B
16970	B
16971	B
16972	B
16973	B
16974	A
16975	322_100_30_1
16976	B
16977	B
16978	image
16979	B
16980	B
16981	B
16982	image
16983	B
16984	B
16985	B
16986	B
16987	B
16988	B
16989	image
16990	39_120m45_1
16991	B
16992	B
16993	image
16994	313_120m30_3
16995	B
16996	B
16997	B
16998	B
16999	B
17000	B
17001	B
17002	B
17003	B
17004	B
17005	B
17006	B
17007	B
17008	B
17009	B
17010	image
17011	image
17012	B
17013	B
17014	B
17015	B
17016	image
17017	B
17018	B
17019	B
17020	image
17021	B
17022	B
17023	B
17024	B
17025	B
17026	B
17027	B
17028	A
17029	39_120m45_1
17030	B
17031	B
17032	B
17033	B
17034	A
17035	39_120m45_2
17036	B
17037	B
17038	B
17039	image
17040	B
17041	B
17042	39_120m45_1
17043	B
17044	B
17045	B
17046	B
17047	B
17048	B
17049	B
17050	B
17051	39_120m45_2
17052	image
17053	B
17054	B
17055	313_120m30_3
17056	B
17057	B
17058	B
17059	image
17060	B
17061	B
17062	B
17063	B
17064	B
17065	321_100_30_3
17066	image
17067	B
17068	321_80_45_2
17069	B
17070	B
17071	B
17072	B
17073	B
17074	image
17075	B
17076	39_120m45_1
17077	B
17078	B
17079	313_120m30_3
17080	B
17081	image
17082	313_120m30_3
17083	B
17084	B
17085	image
17086	B
17087	B
17088	B
17089	B
17090	B
17091	B
17092	B
17093	image
17094	B
17095	B
17096	B
17097	A
17098	B
17099	B
17100	B
17101	image
17102	B
17103	B
17104	321_80_45_2
17105	B
17106	B
17107	B
17108	image
17109	B
17110	B
17111	image
17112	B
17113	B
17114	B
17115	B
17116	B
17117	B
17118	image
17119	A
17120	image
17121	322_100_30_1
17122	B
17123	B
17124	319_80m_30_2
17125	image
17126	B
17127	B
17128	B
17129	B
17130	B
17131	B
17132	B
17133	B
17134	B
17135	B
17136	B
17137	image
17138	B
17139	A
17140	image
17141	319_120m_30_3
17142	39_120m45_2
17143	B
17144	B
17145	322_100_30_1
17146	image
17147	image
17148	B
17149	39_120m45_1
17150	image
17151	B
17152	B
17153	B
17154	313_120m30_1
17155	B
17156	B
17157	39_120m45_2
17158	B
17159	B
17160	B
17161	image
17162	B
17163	319_120m_30_3
17164	image
17165	image
17166	B
17167	B
17168	image
17169	image
17170	A
17171	B
17172	image
17173	B
17174	B
17175	B
17176	310_80m45night1
17177	A
17178	B
17179	B
17180	B
17181	321_80_45_2
17182	image
17183	B
17184	B
17185	B
17186	B
17187	B
17188	316_100_15
17189	B
17190	B
17191	image
17192	B
17193	319_80m_30_2
17194	image
17195	319_80m_30_2
17196	image
17197	B
17198	B
17199	image
17200	B
17201	B
17202	B
17203	B
17204	321_80_45_2
17205	B
17206	image
17207	B
17208	B
17209	B
17210	B
17211	B
17212	zzccvv
17213	39_120m45_2
17214	B
17215	B
17216	B
17217	B
17218	B
17219	image
17220	B
17221	B
17222	B
17223	B
17224	image
17225	B
17226	B
17227	image
17228	B
17229	B
17230	B
17231	image
17232	B
17233	B
17234	A
17235	B
17236	image
17237	B
17238	321_100_30_2
17239	B
17240	image
17241	B
17242	B
17243	B
17244	322_100_30_1
17245	image
17246	B
17247	image
17248	B
17249	B
17250	B
17251	321_80_45_2
17252	B
17253	B
17254	B
17255	image
17256	B
17257	A
17258	B
17259	image
17260	B
17261	B
17262	B
17263	B
17264	B
17265	B
17266	B
17267	B
17268	B
17269	image
17270	B
17271	39_120m45_2
17272	B
17273	B
17274	B
17275	B
17276	B
17277	B
17278	B
17279	B
17280	39_120m45_2
17281	B
17282	B
17283	B
17284	B
17285	B
17286	B
17287	B
17288	image
17289	B
17290	39_120m45_1
17291	A
17292	B
17293	B
17294	B
17295	B
17296	B
17297	319_120m_30_1
17298	B
17299	image
17300	A
17301	B
17302	B
17303	B
17304	B
17305	image
17306	B
17307	image
17308	B
17309	image
17310	B
17311	B
17312	B
17313	image
17314	B
17315	B
17316	B
17317	image
17318	B
17319	B
17320	B
17321	image
17322	322_120_15_3
17323	B
17324	B
17325	image
17326	B
17327	B
17328	322_100_45_2
17329	B
17330	B
17331	B
17332	B
17333	image
17334	B
17335	B
17336	B
17337	image
17338	image
17339	B
17340	B
17341	B
17342	B
17343	310_80m45night1
17344	B
17345	zzccvv
17346	B
17347	B
17348	image
17349	image
17350	B
17351	B
17352	image
17353	B
17354	image
17355	B
17356	B
17357	B
17358	B
17359	B
17360	image
17361	39_120m45_1
17362	image
17363	319_120m_30_1
17364	B
17365	B
17366	B
17367	B
17368	B
17369	image
17370	39_120m45_2
17371	A
17372	image
17373	B
17374	B
17375	B
17376	316_100_15
17377	image
17378	310_80m45night1
17379	B
17380	B
17381	image
17382	B
17383	B
17384	B
17385	B
17386	B
17387	image
17388	B
17389	B
17390	B
17391	image
17392	B
17393	A
17394	B
17395	B
17396	B
17397	B
17398	B
17399	B
17400	image
17401	image
17402	image
17403	image
17404	B
17405	B
17406	B
17407	B
17408	B
17409	B
17410	B
17411	B
17412	B
17413	B
17414	B
17415	B
17416	B
17417	B
17418	B
17419	image
17420	B
17421	image
17422	B
17423	B
17424	B
17425	322_100_30_4
17426	B
17427	image
17428	image
17429	B
17430	B
17431	B
17432	B
17433	B
17434	B
17435	B
17436	B
17437	B
17438	B
17439	B
17440	B
17441	image
17442	B
17443	319_120m_30_3
17444	B
17445	B
17446	B
17447	B
17448	B
17449	310_80m45night1
17450	image
17451	B
17452	B
17453	B
17454	B
17455	B
17456	B
17457	B
17458	image
17459	39_120m45_2
17460	B
17461	B
17462	B
17463	B
17464	image
17465	image
17466	B
17467	image
17468	B
17469	image
17470	B
17471	B
17472	A
17473	39_120m45_2
17474	image
17475	image
17476	image
17477	A
17478	B
17479	B
17480	image
17481	B
17482	B
17483	image
17484	B
17485	B
17486	B
17487	B
17488	B
17489	image
17490	B
17491	319_80m_30_2
17492	image
17493	B
17494	B
17495	image
17496	B
17497	image
17498	B
17499	B
17500	321_80_45_2
17501	B
17502	B
17503	B
17504	B
17505	B
17506	B
17507	B
17508	319_120m_30_1
17509	image
17510	B
17511	image
17512	B
17513	B
17514	B
17515	B
17516	B
17517	image
17518	image
17519	image
17520	B
17521	image
17522	A
17523	image
17524	39_120m45_2
17525	image
17526	image
17527	B
17528	B
17529	322_80_45
17530	B
17531	313_120m30_3
17532	B
17533	B
17534	image
17535	image
17536	B
17537	B
17538	316_100_15
17539	39_120m45_2
17540	B
17541	B
17542	39_120m45_2
17543	B
17544	B
17545	B
17546	39_120m45_2
17547	B
17548	313_120m30_1
17549	image
17550	B
17551	B
17552	B
17553	image
17554	image
17555	B
17556	A
17557	B
17558	310_80m45night1
17559	B
17560	B
17561	319_120m_30_3
17562	B
17563	321_80_15
17564	B
17565	image
17566	B
17567	B
17568	B
17569	B
17570	image
17571	image
17572	B
17573	B
17574	B
17575	B
17576	B
17577	image
17578	B
17579	B
17580	B
17581	image
17582	image
17583	B
17584	313_120m30_3
17585	B
17586	B
17587	B
17588	image
17589	image
17590	image
17591	image
17592	B
17593	B
17594	B
17595	B
17596	B
17597	A
17598	B
17599	image
17600	B
17601	B
17602	B
17603	image
17604	B
17605	319_120m_30_1
17606	39_120m45_2
17607	B
17608	B
17609	B
17610	image
17611	B
17612	B
17613	image
17614	B
17615	image
17616	B
17617	319_120m_30_3
17618	image
17619	image
17620	B
17621	B
17622	image
17623	B
17624	B
17625	B
17626	B
17627	image
17628	B
17629	B
17630	B
17631	B
17632	B
17633	B
17634	A
17635	B
17636	B
17637	B
17638	image
17639	B
17640	B
17641	321_100_30_3
17642	B
17643	B
17644	B
17645	39_120m45_2
17646	39_120m45_2
17647	B
17648	39_120m45_2
17649	image
17650	B
17651	B
17652	B
17653	image
17654	B
17655	322_100_30_1
17656	image
17657	B
17658	B
17659	B
17660	image
17661	B
17662	B
17663	B
17664	B
17665	B
17666	B
17667	B
17668	image
17669	image
17670	B
17671	B
17672	A
17673	image
17674	image
17675	image
17676	B
17677	image
17678	B
17679	B
17680	39_120m45_2
17681	B
17682	A
17683	image
17684	B
17685	B
17686	B
17687	B
17688	image
17689	B
17690	image
17691	B
17692	image
17693	B
17694	A
17695	B
17696	B
17697	B
17698	B
17699	B
17700	image
17701	B
17702	image
17703	39_120m45_2
17704	B
17705	A
17706	B
17707	B
17708	B
17709	image
17710	A
17711	39_120m45_1
17712	310_80m45night1
17713	B
17714	B
17715	image
17716	B
17717	39_120m45_2
17718	B
17719	B
17720	B
17721	B
17722	B
17723	B
17724	image
17725	image
17726	image
17727	B
17728	zzccvv
17729	image
17730	image
17731	B
17732	B
17733	B
17734	B
17735	B
17736	image
17737	B
17738	B
17739	321_100_30_1
17740	B
17741	A
17742	B
17743	image
17744	image
17745	B
17746	image
17747	image
17748	image
17749	B
17750	B
17751	B
17752	B
17753	B
17754	B
17755	B
17756	B
17757	B
17758	image
17759	B
17760	B
17761	B
17762	B
17763	B
17764	image
17765	316_100_45m_2
17766	B
17767	B
17768	B
17769	B
17770	image
17771	image
17772	B
17773	B
17774	B
17775	B
17776	B
17777	B
17778	B
17779	B
17780	39_120m45_2
17781	B
17782	B
17783	B
17784	image
17785	B
17786	B
17787	B
17788	316_100_15
17789	310_80m45night1
17790	B
17791	B
17792	B
17793	image
17794	B
17795	B
17796	319_120m_30_2
17797	39_120m45_1
17798	B
17799	B
17800	B
17801	B
17802	image
17803	322_100_30_4
17804	B
17805	B
17806	B
17807	B
17808	B
17809	image
17810	B
17811	B
17812	310_80m45night1
17813	B
17814	B
17815	image
17816	B
17817	B
17818	B
17819	B
17820	39_120m45_2
17821	B
17822	B
17823	B
17824	A
17825	image
17826	B
17827	B
17828	image
17829	B
17830	B
17831	image
17832	B
17833	A
17834	image
17835	B
17836	B
17837	B
17838	B
17839	image
17840	B
17841	B
17842	B
17843	image
17844	321_100_30_4
17845	B
17846	B
17847	image
17848	A
17849	B
17850	B
17851	B
17852	319_120m_30_3
17853	B
17854	image
17855	B
17856	image
17857	B
17858	B
17859	B
17860	B
17861	B
17862	B
17863	B
17864	image
17865	B
17866	B
17867	B
17868	B
17869	B
17870	B
17871	image
17872	image
17873	B
17874	B
17875	321_80_15
17876	B
17877	B
17878	B
17879	B
17880	B
17881	image
17882	313_120m30_1
17883	B
17884	319_80m_30_2
17885	B
17886	319_120m_30_3
17887	B
17888	B
17889	B
17890	321_80_45_2
17891	B
17892	image
17893	319_80m_30_2
17894	B
17895	image
17896	B
17897	B
17898	B
17899	B
17900	B
17901	B
17902	A
17903	image
17904	image
17905	A
17906	B
17907	B
17908	B
17909	image
17910	B
17911	B
17912	B
17913	B
17914	B
17915	319_80m_30_2
17916	B
17917	B
17918	B
17919	image
17920	A
17921	B
17922	B
17923	image
17924	image
17925	B
17926	image
17927	B
17928	B
17929	B
17930	zzccvv
17931	322_120_15_1
17932	B
17933	B
17934	image
17935	B
17936	image
17937	B
17938	B
17939	B
17940	B
17941	B
17942	B
17943	image
17944	B
17945	39_120m45_2
17946	B
17947	B
17948	image
17949	image
17950	B
17951	image
17952	B
17953	B
17954	B
17955	B
17956	image
17957	310_80m45night1
17958	B
17959	B
17960	B
17961	316_100_30
17962	B
17963	image
17964	39_120m45_2
17965	B
17966	image
17967	image
17968	image
17969	322_100_30_1
17970	316_100_30
17971	B
17972	39_120m45_2
17973	B
17974	B
17975	B
17976	313_120m30_3
17977	image
17978	B
17979	B
17980	image
17981	B
17982	39_120m45_2
17983	B
17984	B
17985	B
17986	B
17987	316_100_15
17988	B
17989	image
17990	321_80_45_2
