id,rgb_gt,ir_gt,class_id,label_iou,center_shift_over_rgb_sqrt_area,rgb_gt_candidate_degree_at_01,ir_gt_candidate_degree_at_01,unique_gt_pair_at_01,label_assignment_margin,rgb_hit,ir_hit,rgb_prediction_index,ir_prediction_index,rgb_confidence,ir_confidence,rgb_candidate_iou,ir_own_iou,ir_direct_rgb_iou,any_same_class_rough_conf05,any_any_class_rough_conf05,any_same_class_iou50_conf05,rgb_luminance
010010,0,0,0,1.0,0.0,1,1,True,1.0,True,True,0,0,0.8320896029472351,0.8762597441673279,0.8609476864499197,0.9326226203322691,0.9326226203322691,True,True,True,29.12224006652832
010010,1,1,0,1.0,0.0,1,1,True,1.0,True,True,1,5,0.8302994966506958,0.7955817580223083,0.689995529067365,0.897581535463685,0.897581535463685,True,True,True,29.12224006652832
010010,2,2,0,1.0,0.0,1,1,True,1.0,True,True,3,1,0.8079352378845215,0.8499550819396973,0.8032673674336889,0.8088149362179664,0.8088149362179664,True,True,True,29.12224006652832
010010,3,3,0,1.0,0.0,2,2,False,0.8850623546192025,True,True,5,3,0.7844606637954712,0.8349172472953796,0.6493578722285639,0.7649471340103557,0.7649471340103557,True,True,True,29.12224006652832
010010,4,4,0,1.0,0.0,2,2,False,0.8850623546192025,True,True,2,2,0.8212239742279053,0.8490411639213562,0.7825920696269604,0.9094621024857765,0.9094621024857765,True,True,True,29.12224006652832
010010,5,5,0,1.0,0.0,1,1,True,1.0,False,True,,6,,0.6751384735107422,,0.7931923994664634,0.7931923994664634,False,False,False,29.12224006652832
010010,6,6,0,1.0,0.0,1,1,True,1.0,True,True,4,4,0.8067155480384827,0.8192195296287537,0.854120822683048,0.9084580297506607,0.9084580297506607,True,True,True,29.12224006652832
010011,0,0,0,1.0,0.0,2,2,False,0.8775509862074876,True,True,1,2,0.8485316634178162,0.795240044593811,0.6628002536093737,0.622529000203841,0.622529000203841,True,True,True,33.54759979248047
010011,1,1,0,1.0,0.0,2,2,False,0.8775509862074876,False,False,,,,,,,,True,True,False,33.54759979248047
010011,2,2,0,1.0,0.0,1,1,True,1.0,True,True,0,1,0.8488258719444275,0.8288795948028564,0.8827668076402145,0.9236417325628683,0.9236417325628683,True,True,True,33.54759979248047
010011,3,3,0,1.0,0.0,1,1,True,1.0,True,True,2,0,0.7393313050270081,0.8879973292350769,0.5225886424254609,0.7968394515509816,0.7968394515509816,True,True,True,33.54759979248047
010015,0,0,0,1.0,0.0,1,1,True,1.0,True,True,0,0,0.7865615487098694,0.7908756732940674,0.7221621923370842,0.7505794945912394,0.7505794945912394,True,True,True,31.81648826599121
010021,0,0,0,1.0,0.0,1,1,True,1.0,True,True,3,2,0.6487934589385986,0.7849564552307129,0.8554914445707681,0.9192505061345113,0.9192505061345113,True,True,True,26.393573760986328
010021,1,1,0,1.0,0.0,2,2,False,0.6321332146352886,True,True,1,1,0.7105367183685303,0.8057917356491089,0.847805236385066,0.7663049508536816,0.7663049508536816,True,True,True,26.393573760986328
010021,2,2,0,1.0,0.0,2,2,False,0.6321332146352886,True,True,0,0,0.7959641218185425,0.8103734254837036,0.8651577071798031,0.8488933435732863,0.8488933435732863,True,True,True,26.393573760986328
010047,0,0,0,1.0,0.0,1,1,True,1.0,True,True,0,1,0.8349653482437134,0.8505566120147705,0.8375941054618503,0.7976879787843866,0.7976879787843866,True,True,True,36.98990249633789
010047,1,1,0,1.0,0.0,1,1,True,1.0,True,True,2,2,0.7777238488197327,0.8435001969337463,0.8311504203033864,0.846196516984922,0.846196516984922,True,True,True,36.98990249633789
010047,2,2,0,1.0,0.0,1,1,True,1.0,True,True,1,0,0.8335012197494507,0.8881381750106812,0.8478873782507769,0.8678471604458959,0.8678471604458959,True,True,True,36.98990249633789
010047,3,3,0,1.0,0.0,1,1,True,1.0,False,False,,,,,,,,True,True,False,36.98990249633789
010054,0,0,0,1.0,0.0,1,1,True,0.9621404808691785,True,True,0,0,0.8230120539665222,0.8377533555030823,0.7646834985955875,0.7471114903524948,0.7471114903524948,True,True,True,38.48004913330078
010054,1,1,0,1.0,0.0,1,1,True,0.9621404808691785,True,True,1,1,0.7260096073150635,0.7878023982048035,0.5824704296762528,0.8162736072223216,0.8162736072223216,True,True,True,38.48004913330078
010062,0,0,0,1.0,0.0,1,1,True,1.0,True,True,1,4,0.8411746025085449,0.8605061173439026,0.8958517134747056,0.8538044522572539,0.8538044522572539,True,True,True,26.68997573852539
010062,1,1,0,1.0,0.0,1,1,True,1.0,True,True,0,2,0.8530489802360535,0.8738976120948792,0.9418883229404225,0.8422623053134601,0.8422623053134601,True,True,True,26.68997573852539
010062,2,2,0,1.0,0.0,1,1,True,1.0,True,True,2,1,0.8321785926818848,0.8767040967941284,0.7096679061886614,0.7894076145056944,0.7894076145056944,True,True,True,26.68997573852539
010062,3,3,0,1.0,0.0,1,1,True,1.0,True,True,3,3,0.7825050950050354,0.8672887682914734,0.809254471094083,0.8012356267431091,0.8012356267431091,True,True,True,26.68997573852539
010062,4,4,0,1.0,0.0,1,1,True,1.0,True,True,4,0,0.7559587359428406,0.8852583169937134,0.7987249751427445,0.7365240717600021,0.7365240717600021,True,True,True,26.68997573852539
010071,0,0,0,1.0,0.0,1,1,True,1.0,True,True,0,0,0.8390909433364868,0.8859413862228394,0.5897172188744582,0.6722605488867349,0.6722605488867349,True,True,True,31.751283645629883
010071,1,1,0,1.0,0.0,1,1,True,1.0,True,True,2,1,0.7538214921951294,0.8665935397148132,0.7557657926181822,0.8120550293148389,0.8120550293148389,True,True,True,31.751283645629883
010071,2,2,0,1.0,0.0,1,1,True,1.0,True,True,1,2,0.8155887722969055,0.858893871307373,0.6641004627761818,0.6672614778768347,0.6672614778768347,True,True,True,31.751283645629883
010076,0,0,0,1.0,0.0,2,2,False,0.6875176249492674,True,False,3,,0.759966254234314,,0.609206367875948,,,True,True,True,43.28327560424805
010076,1,1,0,1.0,0.0,2,2,False,0.6875176249492674,False,True,,5,,0.6262935996055603,,0.8243512595926294,0.8243512595926294,True,True,False,43.28327560424805
010076,2,2,0,1.0,0.0,1,1,True,0.9241811436280382,True,True,2,0,0.803758442401886,0.8547084331512451,0.9308301849397115,0.7171060023000191,0.7171060023000191,True,True,True,43.28327560424805
010076,3,3,0,1.0,0.0,1,1,True,0.9068352868910405,True,True,0,4,0.8160921335220337,0.7519623637199402,0.8068982448766052,0.7685783684186103,0.7685783684186103,True,True,True,43.28327560424805
010076,4,4,0,1.0,0.0,1,1,True,0.9068352868910405,True,True,1,3,0.8069697022438049,0.8069615364074707,0.8297489969549569,0.632469944589665,0.632469944589665,True,True,True,43.28327560424805
010076,5,5,0,1.0,0.0,1,1,True,1.0,False,True,,2,,0.8321435451507568,,0.5873909760522548,0.5873909760522548,True,True,True,43.28327560424805
010088,0,0,0,1.0,0.0,2,2,False,0.8151599995722612,True,True,5,7,0.7708622813224792,0.7729478478431702,0.7424273177292819,0.7540519271760944,0.7540519271760944,True,True,True,31.787525177001953
010088,1,1,0,1.0,0.0,2,2,False,0.8151599995722612,True,True,3,5,0.7901444435119629,0.7929835319519043,0.6848020116374925,0.7406897473991693,0.7406897473991693,True,True,True,31.787525177001953
010088,2,2,0,1.0,0.0,1,1,True,1.0,True,True,1,1,0.8317738175392151,0.8443087935447693,0.7746654773037484,0.8834133400932292,0.8834133400932292,True,True,True,31.787525177001953
010088,3,3,0,1.0,0.0,2,2,False,0.8641032270663164,True,True,0,0,0.8415616154670715,0.854094922542572,0.8405178904326887,0.8457584393759296,0.8457584393759296,True,True,True,31.787525177001953
010088,4,4,0,1.0,0.0,2,2,False,0.8641032270663164,True,True,9,9,0.6582772135734558,0.727200448513031,0.6593804611619977,0.7479186631699173,0.7479186631699173,True,True,True,31.787525177001953
010088,5,5,0,1.0,0.0,2,2,False,0.8340643881455801,True,True,7,6,0.7549434304237366,0.7780141830444336,0.7179140295111598,0.8038361540889923,0.8038361540889923,True,True,True,31.787525177001953
010088,6,6,0,1.0,0.0,2,2,False,0.8340643881455801,True,True,6,8,0.7640907764434814,0.7424458265304565,0.6832611681151669,0.8788472417851109,0.8788472417851109,True,True,True,31.787525177001953
010088,7,7,0,1.0,0.0,1,1,True,0.9233755980726821,True,True,2,2,0.8197047114372253,0.8383122086524963,0.6558845583473817,0.7634482307687227,0.7634482307687227,True,True,True,31.787525177001953
010088,8,8,0,1.0,0.0,1,1,True,0.9233755980726821,True,True,4,3,0.7894604802131653,0.8203663229942322,0.8561880943978859,0.7910285031385743,0.7910285031385743,True,True,True,31.787525177001953
010088,9,9,0,1.0,0.0,1,1,True,1.0,True,True,8,4,0.7384998798370361,0.817326545715332,0.5890711942443512,0.566904444641174,0.566904444641174,True,True,True,31.787525177001953
010100,0,0,0,1.0,0.0,1,1,True,0.9540590677953138,True,True,0,0,0.7883049249649048,0.8367906808853149,0.568392359855106,0.5499432802368849,0.5499432802368849,True,True,True,29.56603240966797
010100,1,1,0,1.0,0.0,1,1,True,0.9321658110500045,True,True,2,2,0.7368649840354919,0.7869005799293518,0.5517798065227603,0.5799934253402341,0.5799934253402341,True,True,True,29.56603240966797
010100,2,2,0,1.0,0.0,1,1,True,0.909129524183312,True,False,4,,0.4508899748325348,,0.624491665932866,,,True,True,True,29.56603240966797
010100,3,3,0,1.0,0.0,1,1,True,0.909129524183312,True,True,1,1,0.7836666703224182,0.8207705020904541,0.775814620009106,0.8316559345616262,0.8316559345616262,True,True,True,29.56603240966797
010106,0,0,0,1.0,0.0,1,1,True,0.9715757072257984,True,True,1,0,0.8349655866622925,0.8933114409446716,0.7749027192369534,0.8746254762983184,0.8746254762983184,True,True,True,45.4731330871582
010106,1,1,0,1.0,0.0,1,1,True,0.9715757072257984,True,True,2,4,0.755244791507721,0.8333399295806885,0.8336763232179556,0.8512607755566295,0.8512607755566295,True,True,True,45.4731330871582
010106,2,2,0,1.0,0.0,2,2,False,0.6496792884314608,True,True,4,6,0.699003279209137,0.7842671275138855,0.6927764269135411,0.7172206631047037,0.7172206631047037,True,True,True,45.4731330871582
010106,3,3,0,1.0,0.0,2,2,False,0.6730987481275013,True,True,3,3,0.7467638850212097,0.846579909324646,0.7143053004689427,0.7203329417376115,0.7203329417376115,True,True,True,45.4731330871582
010106,4,4,0,1.0,0.0,1,1,True,0.9894663145085253,True,True,5,1,0.5386177897453308,0.8791321516036987,0.5887165895122879,0.9105687678738168,0.9105687678738168,True,True,True,45.4731330871582
010106,5,5,0,1.0,0.0,1,1,True,0.9999999720381361,False,True,,5,,0.7877757549285889,,0.746936262763453,0.746936262763453,False,False,False,45.4731330871582
010106,6,6,0,1.0,0.0,1,1,True,1.0,True,True,0,2,0.8444153070449829,0.8542472720146179,0.9103545141565954,0.8672843139810131,0.8672843139810131,True,True,True,45.4731330871582
010106,7,7,0,1.0,0.0,3,3,False,0.6496792884314608,False,False,,,,,,,,True,True,True,45.4731330871582
010124,0,0,0,1.0,0.0,1,1,True,1.0,True,True,0,0,0.8506468534469604,0.8426202535629272,0.8496149728090316,0.7291163168195921,0.7291163168195921,True,True,True,37.152225494384766
010128,0,0,0,1.0,0.0,1,1,True,1.0,True,True,0,0,0.8522306084632874,0.8916220664978027,0.7545924012586609,0.7782267493725136,0.7782267493725136,True,True,True,32.90871810913086
010128,1,1,0,1.0,0.0,2,2,False,0.8915853691666079,True,False,1,,0.8452608585357666,,0.6958108597491657,,,True,True,True,32.90871810913086
010128,2,2,0,1.0,0.0,2,2,False,0.8915853691666079,True,True,4,4,0.7462397813796997,0.7943600416183472,0.8550986907791445,0.513962308393128,0.513962308393128,True,True,True,32.90871810913086
010128,3,3,0,1.0,0.0,1,1,True,1.0,True,True,2,3,0.8243694305419922,0.8203034996986389,0.7681064253685154,0.8382460397138654,0.8382460397138654,True,True,True,32.90871810913086
010128,4,4,0,1.0,0.0,1,1,True,1.0,True,True,3,2,0.7805444598197937,0.8351627588272095,0.8212551351759737,0.8656944388718147,0.8656944388718147,True,True,True,32.90871810913086
010128,5,5,0,1.0,0.0,1,1,True,1.0,False,True,5,1,0.6588355898857117,0.8395904302597046,0.4589344049327308,0.6919355446412317,0.6919355446412317,True,True,False,32.90871810913086
010213,0,0,0,1.0,0.0,1,1,True,1.0,True,True,0,1,0.8675069212913513,0.8468557000160217,0.9449293755721255,0.772850586161975,0.772850586161975,True,True,True,35.23415756225586
010213,1,1,0,1.0,0.0,1,1,True,1.0,False,True,,3,,0.8227529525756836,,0.735125200957561,0.735125200957561,False,False,False,35.23415756225586
010213,2,2,0,1.0,0.0,1,1,True,1.0,True,True,2,0,0.8203578591346741,0.8493074774742126,0.7751503992708366,0.7698603155404997,0.7698603155404997,True,True,True,35.23415756225586
010213,3,3,0,1.0,0.0,2,2,False,0.8579429808022614,True,True,4,2,0.7094072103500366,0.8290345072746277,0.763696211351405,0.6767818543531882,0.6767818543531882,True,True,True,35.23415756225586
010213,4,4,0,1.0,0.0,2,2,False,0.6612032333456659,True,True,1,4,0.8302081227302551,0.791287362575531,0.7098738946562303,0.5821503689722829,0.5821503689722829,True,True,True,35.23415756225586
010213,5,5,0,1.0,0.0,3,3,False,0.6612032333456659,True,True,3,5,0.7638413906097412,0.54054856300354,0.8480783861954306,0.7176342692615691,0.7176342692615691,True,True,True,35.23415756225586
010215,0,0,0,1.0,0.0,1,1,True,1.0,True,True,0,0,0.851075291633606,0.8954378962516785,0.872623074869299,0.8213770192726705,0.8213770192726705,True,True,True,28.07386589050293
010215,1,1,0,1.0,0.0,3,3,False,0.8723783226664333,True,True,1,3,0.8309752345085144,0.803781270980835,0.7701508947866531,0.785027044383951,0.785027044383951,True,True,True,28.07386589050293
010215,2,2,0,1.0,0.0,2,2,False,0.8723783226664333,True,True,4,4,0.7569668889045715,0.7968765497207642,0.7553095478556875,0.697694485910439,0.697694485910439,True,True,True,28.07386589050293
010215,3,3,0,1.0,0.0,2,2,False,0.8968553198952944,True,True,2,2,0.8162113428115845,0.8040919303894043,0.7802849024323799,0.863955033277885,0.863955033277885,True,True,True,28.07386589050293
010215,4,4,0,1.0,0.0,1,1,True,1.0,True,True,3,1,0.7670023441314697,0.8730475306510925,0.6230145760547483,0.6841709558297963,0.6841709558297963,True,True,True,28.07386589050293
010241,0,0,0,1.0,0.0,1,1,True,1.0,True,True,0,2,0.8550910949707031,0.8470700979232788,0.8744673963681302,0.7530486056047919,0.7530486056047919,True,True,True,38.44820785522461
010241,1,1,0,1.0,0.0,1,1,True,1.0,True,True,2,0,0.8099350929260254,0.8673015236854553,0.8401996768960135,0.7861761475348338,0.7861761475348338,True,True,True,38.44820785522461
010241,2,2,0,1.0,0.0,1,1,True,1.0,True,True,1,1,0.8141847848892212,0.848419189453125,0.8125242286523785,0.9029996120302706,0.9029996120302706,True,True,True,38.44820785522461
010246,0,0,0,1.0,0.0,1,1,True,1.0,True,True,0,0,0.8238500952720642,0.8537124991416931,0.8013938844597127,0.7160453219125268,0.7160453219125268,True,True,True,32.778167724609375
010246,1,1,0,1.0,0.0,1,1,True,1.0,True,True,1,1,0.7868593335151672,0.8158905506134033,0.6732518011866119,0.8231941073822409,0.8231941073822409,True,True,True,32.778167724609375
010249,0,0,0,1.0,0.0,1,1,True,1.0,True,True,1,4,0.8155328035354614,0.8324745297431946,0.820820125442281,0.6470507415836197,0.6470507415836197,True,True,True,36.47888946533203
010249,1,1,0,1.0,0.0,1,1,True,1.0,True,True,0,0,0.8423730134963989,0.8572812080383301,0.8926695026013034,0.7602561129238496,0.7602561129238496,True,True,True,36.47888946533203
010249,2,2,0,1.0,0.0,2,2,False,0.8312860041785669,True,True,5,6,0.7989519238471985,0.8064858913421631,0.6589170349934539,0.6644021907079917,0.6644021907079917,True,True,True,36.47888946533203
010249,3,3,0,1.0,0.0,2,2,False,0.8312860041785669,True,True,2,1,0.8077876567840576,0.8462300300598145,0.844443780227471,0.7982224670073806,0.7982224670073806,True,True,True,36.47888946533203
010249,4,4,0,1.0,0.0,1,1,True,0.9013498346578204,True,True,4,2,0.7993502616882324,0.8401579260826111,0.7443814453817903,0.8450504955096747,0.8450504955096747,True,True,True,36.47888946533203
010249,5,5,0,1.0,0.0,1,1,True,0.9013498346578204,True,True,3,3,0.8050197958946228,0.8378502130508423,0.8362444902587772,0.85391487054738,0.85391487054738,True,True,True,36.47888946533203
010249,6,6,0,1.0,0.0,1,1,True,1.0,False,True,,5,,0.8116486668586731,,0.8631534298254991,0.8631534298254991,False,False,False,36.47888946533203
010290,0,0,0,1.0,0.0,1,1,True,1.0,True,True,0,0,0.8286528587341309,0.8616237044334412,0.791255829526742,0.8421533306522572,0.8421533306522572,True,True,True,38.95091247558594
010290,1,1,0,1.0,0.0,2,2,False,0.7705226231143917,False,True,,2,,0.3992554545402527,,0.7620731587021201,0.7620731587021201,True,True,True,38.95091247558594
010290,2,2,0,1.0,0.0,2,2,False,0.7705226231143917,True,True,1,1,0.7479995489120483,0.7234504818916321,0.7477046185322103,0.6842547865788923,0.6842547865788923,True,True,True,38.95091247558594
010310,0,0,0,1.0,0.0,2,2,False,0.8290554224974828,True,False,5,,0.7071875333786011,,0.5348273764838684,,,True,True,True,34.775054931640625
010310,1,1,0,1.0,0.0,2,2,False,0.8290554224974828,False,False,,,,,,,,True,True,False,34.775054931640625
010310,2,2,0,1.0,0.0,1,1,True,1.0,True,True,4,2,0.816231369972229,0.8474318385124207,0.8661511067511863,0.9074559198530548,0.9074559198530548,True,True,True,34.775054931640625
010310,3,3,0,1.0,0.0,1,1,True,1.0,True,True,1,1,0.8436528444290161,0.8806549310684204,0.9028020498968574,0.8422262095820005,0.8422262095820005,True,True,True,34.775054931640625
010310,4,4,0,1.0,0.0,1,1,True,1.0,True,True,3,0,0.8298373818397522,0.8898047804832458,0.7950468739587262,0.825962936028831,0.825962936028831,True,True,True,34.775054931640625
010310,5,5,0,1.0,0.0,2,2,False,0.7751690125894939,True,True,2,3,0.8335303664207458,0.8157894015312195,0.8710546783551876,0.7423435218977634,0.7423435218977634,True,True,True,34.775054931640625
010310,6,6,0,1.0,0.0,2,2,False,0.7751690125894939,True,True,0,4,0.8475570678710938,0.8072633743286133,0.7220078347685636,0.7512993190395992,0.7512993190395992,True,True,True,34.775054931640625
010347,0,0,0,1.0,0.0,1,1,True,1.0,True,True,0,1,0.8343022465705872,0.8708546757698059,0.7287862038234946,0.819458680320307,0.819458680320307,True,True,True,29.311342239379883
010347,1,1,0,1.0,0.0,1,1,True,0.9278041247530978,True,True,3,3,0.7355262637138367,0.8276195526123047,0.7467064266782716,0.7261901235732512,0.7261901235732512,True,True,True,29.311342239379883
010347,2,2,0,1.0,0.0,2,2,False,0.8988704282921651,True,False,4,,0.7311888337135315,,0.6298355378918321,,,True,True,True,29.311342239379883
010347,3,3,0,1.0,0.0,2,2,False,0.8988704282921651,True,True,2,2,0.7728824019432068,0.8412432670593262,0.7594258660917924,0.7559197383642254,0.7559197383642254,True,True,True,29.311342239379883
010347,4,4,0,1.0,0.0,1,1,True,1.0,True,True,1,0,0.8299893736839294,0.8757529258728027,0.7801492130232511,0.8187338148040583,0.8187338148040583,True,True,True,29.311342239379883
010352,0,0,0,1.0,0.0,1,1,True,1.0,True,True,0,0,0.8576697707176208,0.8523306250572205,0.8328211287103794,0.7463916054202521,0.7463916054202521,True,True,True,35.1240348815918
010352,1,1,0,1.0,0.0,2,2,False,0.8139397048415526,True,True,1,1,0.7948423027992249,0.8293492197990417,0.8377423337320545,0.7248902480537849,0.7248902480537849,True,True,True,35.1240348815918
010352,2,2,0,1.0,0.0,2,2,False,0.8139397048415526,True,True,2,2,0.7032056450843811,0.7771096229553223,0.7390239477961175,0.8773896362284404,0.8773896362284404,True,True,True,35.1240348815918
010363,0,0,0,1.0,0.0,1,1,True,1.0,True,True,2,2,0.825538694858551,0.8619949221611023,0.8541594566633431,0.73926135082995,0.73926135082995,True,True,True,38.771759033203125
010363,1,1,0,1.0,0.0,1,1,True,1.0,True,True,0,0,0.8639905452728271,0.8845659494400024,0.8802194835145052,0.8548859780973529,0.8548859780973529,True,True,True,38.771759033203125
010363,2,2,0,1.0,0.0,1,1,True,0.9182191100851094,True,True,1,1,0.8391402363777161,0.8732625246047974,0.702749291668303,0.7469886781355884,0.7469886781355884,True,True,True,38.771759033203125
010363,3,3,0,1.0,0.0,1,1,True,0.9182191100851094,True,True,3,3,0.7473333477973938,0.8281291723251343,0.7065702587965225,0.7914914349877381,0.7914914349877381,True,True,True,38.771759033203125
010371,0,0,0,1.0,0.0,1,1,True,1.0,True,True,0,0,0.8487420082092285,0.8790767788887024,0.7691571929648541,0.8439515930424082,0.8439515930424082,True,True,True,38.133365631103516
010371,1,1,0,1.0,0.0,1,1,True,1.0,True,True,1,1,0.8454509973526001,0.8706991076469421,0.7307466789210235,0.7396382134474033,0.7396382134474033,True,True,True,38.133365631103516
010371,2,2,0,1.0,0.0,1,1,True,1.0,True,True,2,2,0.8314223289489746,0.8680527210235596,0.8522075307032119,0.7672296242023926,0.7672296242023926,True,True,True,38.133365631103516
010446,0,0,0,1.0,0.0,1,1,True,1.0,True,True,4,0,0.7721256613731384,0.8565289378166199,0.6303620621253168,0.8681382438415195,0.8681382438415195,True,True,True,29.843843460083008
010446,1,1,0,1.0,0.0,2,2,False,0.867074276284537,True,True,2,1,0.8194860219955444,0.8440735340118408,0.845325217895422,0.8212530792277023,0.8212530792277023,True,True,True,29.843843460083008
010446,2,2,0,1.0,0.0,2,2,False,0.867074276284537,True,True,3,4,0.7967089414596558,0.81463223695755,0.7062466511738353,0.7606936084672581,0.7606936084672581,True,True,True,29.843843460083008
010446,3,3,0,1.0,0.0,1,1,True,1.0,True,True,1,3,0.8212429881095886,0.8191176056861877,0.8863776816226691,0.8873089254593581,0.8873089254593581,True,True,True,29.843843460083008
010446,4,4,0,1.0,0.0,1,1,True,1.0,True,True,0,2,0.8505153059959412,0.8430260419845581,0.9404002212126997,0.9070621173532716,0.9070621173532716,True,True,True,29.843843460083008
010451,0,0,0,1.0,0.0,1,1,True,1.0,True,True,0,0,0.8516340255737305,0.8843227028846741,0.8913586748808384,0.8329266061842888,0.8329266061842888,True,True,True,34.79497528076172
010451,1,1,0,1.0,0.0,1,1,True,0.985283016371013,True,True,3,7,0.8150545954704285,0.8100244998931885,0.7943340898395497,0.898802348258928,0.898802348258928,True,True,True,34.79497528076172
010451,2,2,0,1.0,0.0,1,1,True,0.985283016371013,True,True,1,4,0.8262472152709961,0.8431414365768433,0.76387545946144,0.7219348303405758,0.7219348303405758,True,True,True,34.79497528076172
010451,3,3,0,1.0,0.0,1,1,True,1.0,True,True,2,3,0.8169390559196472,0.8520030975341797,0.8902053574894426,0.8221790277266391,0.8221790277266391,True,True,True,34.79497528076172
010451,4,4,0,1.0,0.0,1,1,True,1.0,True,True,6,1,0.7392373085021973,0.8545299768447876,0.7944142255593301,0.8026530046954933,0.8026530046954933,True,True,True,34.79497528076172
010451,5,5,0,1.0,0.0,2,2,False,0.7246368109594937,False,True,,2,,0.8543714284896851,,0.9173732207710739,0.9173732207710739,True,True,True,34.79497528076172
010451,6,6,0,1.0,0.0,2,2,False,0.7246368109594937,True,True,4,5,0.804663896560669,0.8184133172035217,0.8317882596897113,0.8560106420715357,0.8560106420715357,True,True,True,34.79497528076172
010451,7,7,0,1.0,0.0,1,1,True,1.0,True,True,5,6,0.7766449451446533,0.810905933380127,0.9179481851851482,0.8543077031341869,0.8543077031341869,True,True,True,34.79497528076172
010453,0,0,0,1.0,0.0,1,1,True,1.0,True,True,2,0,0.8440386652946472,0.8596478700637817,0.8923029312252804,0.7841814988409309,0.7841814988409309,True,True,True,27.733760833740234
010453,1,1,0,1.0,0.0,1,1,True,1.0,True,True,1,1,0.8524693846702576,0.8559780716896057,0.9248302870778335,0.8953453956222678,0.8953453956222678,True,True,True,27.733760833740234
010453,2,2,0,1.0,0.0,1,1,True,1.0,True,True,0,2,0.8546305298805237,0.8430997133255005,0.6869636914936514,0.8569297518787332,0.8569297518787332,True,True,True,27.733760833740234
010453,3,3,0,1.0,0.0,1,1,True,0.9494428674043699,False,True,,3,,0.7519734501838684,,0.7085512278775516,0.7085512278775516,False,False,False,27.733760833740234
010453,4,4,0,1.0,0.0,1,1,True,0.9494428674043699,False,False,,,,,,,,False,False,False,27.733760833740234
010467,0,0,0,1.0,0.0,1,1,True,1.0,True,True,2,2,0.8363494873046875,0.8866394758224487,0.8919738961176285,0.8300847923149445,0.8300847923149445,True,True,True,33.23905944824219
010467,1,1,0,1.0,0.0,1,1,True,1.0,True,True,3,5,0.836159348487854,0.7900874614715576,0.7140691904790561,0.8206511965276077,0.8206511965276077,True,True,True,33.23905944824219
010467,2,2,0,1.0,0.0,1,1,True,1.0,True,True,1,1,0.8480135202407837,0.8872822523117065,0.8251238350933975,0.8371365196784625,0.8371365196784625,True,True,True,33.23905944824219
010467,3,3,0,1.0,0.0,1,1,True,1.0,True,True,0,0,0.8574706315994263,0.8955706357955933,0.6392641345814386,0.8267799459729125,0.8267799459729125,True,True,True,33.23905944824219
010467,4,4,0,1.0,0.0,1,1,True,1.0,True,True,4,4,0.8122329711914062,0.8637997508049011,0.782339172457951,0.7811332294415193,0.7811332294415193,True,True,True,33.23905944824219
010467,5,5,0,1.0,0.0,1,1,True,1.0,True,True,5,3,0.7804117202758789,0.8828108310699463,0.7976911490245346,0.895583090627451,0.895583090627451,True,True,True,33.23905944824219
010481,0,0,0,1.0,0.0,1,1,True,0.9361948178436607,True,True,0,0,0.8614816069602966,0.908692479133606,0.8289753513153448,0.8127957154759785,0.8127957154759785,True,True,True,35.77665328979492
010481,1,1,0,1.0,0.0,1,1,True,0.9361948178436607,True,True,1,1,0.8386340141296387,0.8963390588760376,0.6958206864294114,0.7403141127109986,0.7403141127109986,True,True,True,35.77665328979492
010481,2,2,0,1.0,0.0,1,1,True,1.0,True,True,2,2,0.6969883441925049,0.8927496671676636,0.7392432164390529,0.8413812338944238,0.8413812338944238,True,True,True,35.77665328979492
010511,0,0,0,1.0,0.0,1,1,True,1.0,True,True,0,0,0.8299952745437622,0.862642765045166,0.6320794028733435,0.6221202559202011,0.6221202559202011,True,True,True,28.758726119995117
010511,1,1,0,1.0,0.0,1,1,True,1.0,True,True,2,2,0.7877536416053772,0.8251760005950928,0.542419157438963,0.5485545486729573,0.5485545486729573,True,True,True,28.758726119995117
010511,2,2,0,1.0,0.0,1,1,True,0.971753628959173,True,True,4,3,0.7311571836471558,0.8226795196533203,0.7044469487187899,0.8205306359301365,0.8205306359301365,True,True,True,28.758726119995117
010511,3,3,0,1.0,0.0,1,1,True,0.9252327073828339,True,True,3,5,0.7707979083061218,0.44926193356513977,0.6335939984064402,0.766992936454193,0.766992936454193,True,True,True,28.758726119995117
010511,4,4,0,1.0,0.0,1,1,True,0.9252327073828339,True,True,1,1,0.798965573310852,0.8344606161117554,0.7589801236699516,0.8569189555635272,0.8569189555635272,True,True,True,28.758726119995117
010511,5,5,0,1.0,0.0,1,1,True,1.0,True,True,5,4,0.6704072952270508,0.8137171268463135,0.6711185254859248,0.6780028568566822,0.6780028568566822,True,True,True,28.758726119995117
010512,0,0,0,1.0,0.0,2,2,False,0.6541141147468976,True,True,6,5,0.5877074599266052,0.6496638059616089,0.7478649266789068,0.5964371194957564,0.5964371194957564,True,True,True,34.912315368652344
010512,1,1,0,1.0,0.0,2,2,False,0.6541141147468976,True,True,5,4,0.7121833562850952,0.7443755269050598,0.5791208397458013,0.5659300627877296,0.5659300627877296,True,True,True,34.912315368652344
010512,2,2,0,1.0,0.0,1,1,True,0.9141426169801962,True,True,2,0,0.8023453950881958,0.8692294955253601,0.6327925466073091,0.5348149062625518,0.5348149062625518,True,True,True,34.912315368652344
010512,3,3,0,1.0,0.0,1,1,True,1.0,True,True,0,1,0.8496145606040955,0.8681197166442871,0.8615253866777509,0.787136494643735,0.787136494643735,True,True,True,34.912315368652344
010512,4,4,0,1.0,0.0,2,2,False,0.8128616113689321,True,True,4,6,0.7393441200256348,0.4178239405155182,0.6934371974448406,0.6659975513733113,0.6659975513733113,True,True,True,34.912315368652344
010512,5,5,0,1.0,0.0,2,2,False,0.8128616113689321,True,True,3,3,0.7730516195297241,0.7933921217918396,0.6933066627467998,0.8144696232269858,0.8144696232269858,True,True,True,34.912315368652344
010512,6,6,0,1.0,0.0,1,1,True,0.994456083936968,True,True,1,2,0.8412728905677795,0.8350510597229004,0.931779835148013,0.9246806258585575,0.9246806258585575,True,True,True,34.912315368652344
010519,0,0,0,1.0,0.0,3,3,False,0.7776885188508356,True,True,0,0,0.8329228758811951,0.8502548336982727,0.9251268896398118,0.8812667535599731,0.8812667535599731,True,True,True,47.12702560424805
010519,1,1,0,1.0,0.0,2,2,False,0.7776885188508356,True,True,3,2,0.7504913210868835,0.815133273601532,0.7786062921047275,0.7750022120618058,0.7750022120618058,True,True,True,47.12702560424805
010519,2,2,0,1.0,0.0,2,2,False,0.8787209106664298,True,True,2,1,0.7885529398918152,0.8237965106964111,0.7552113349702689,0.7316695885293061,0.7316695885293061,True,True,True,47.12702560424805
010519,3,3,0,1.0,0.0,1,1,True,1.0,True,True,1,3,0.793857216835022,0.8133923411369324,0.5830475975221503,0.6791623064179318,0.6791623064179318,True,True,True,47.12702560424805
010530,0,0,0,1.0,0.0,1,1,True,0.9150889109034396,True,True,3,2,0.8424866199493408,0.8384633660316467,0.8557217139566738,0.8241658795673058,0.8241658795673058,True,True,True,29.861759185791016
010530,1,1,0,1.0,0.0,1,1,True,0.9150889109034396,False,False,,,,,,,,False,False,False,29.861759185791016
010530,2,2,0,1.0,0.0,1,1,True,1.0,True,True,0,0,0.8667331337928772,0.8873111605644226,0.8212836833847796,0.7785789906123808,0.7785789906123808,True,True,True,29.861759185791016
010530,3,3,0,1.0,0.0,1,1,True,1.0,True,True,2,1,0.8432320356369019,0.8479062914848328,0.668391316818559,0.6379112948074749,0.6379112948074749,True,True,True,29.861759185791016
010530,4,4,0,1.0,0.0,1,1,True,1.0,True,True,1,3,0.8562658429145813,0.8263217210769653,0.9342030336489717,0.7709729307358415,0.7709729307358415,True,True,True,29.861759185791016
010559,0,0,0,1.0,0.0,1,1,True,1.0,True,True,2,0,0.8011046051979065,0.8439551591873169,0.7558218489879857,0.5578851319009936,0.5578851319009936,True,True,True,39.50655746459961
010559,1,1,0,1.0,0.0,2,2,False,0.8433608300624054,True,True,1,1,0.817013680934906,0.840369701385498,0.8739291947229235,0.7271772352736898,0.7271772352736898,True,True,True,39.50655746459961
010559,2,2,0,1.0,0.0,2,2,False,0.8433608300624054,True,True,0,2,0.8333567976951599,0.8336221575737,0.843024422468026,0.720616286301585,0.720616286301585,True,True,True,39.50655746459961
010559,3,3,0,1.0,0.0,2,2,False,0.8862622182145811,True,True,5,6,0.769278347492218,0.7629239559173584,0.7023127040814364,0.8060308553907213,0.8060308553907213,True,True,True,39.50655746459961
010559,4,4,0,1.0,0.0,2,2,False,0.8862622182145811,True,True,3,5,0.7847311496734619,0.7768134474754333,0.8934483180702641,0.8373372922742741,0.8373372922742741,True,True,True,39.50655746459961
010559,5,5,0,1.0,0.0,1,1,True,1.0,True,True,4,4,0.7731574773788452,0.7881321907043457,0.8076750312639124,0.8206239667842814,0.8206239667842814,True,True,True,39.50655746459961
010559,6,6,0,1.0,0.0,1,1,True,1.0,True,True,6,3,0.7515520453453064,0.8012165427207947,0.81534689517796,0.8130277723495919,0.8130277723495919,True,True,True,39.50655746459961
010565,0,0,0,1.0,0.0,1,1,True,0.9569458336060066,True,True,1,2,0.8102250695228577,0.8310527801513672,0.7620126889509448,0.9037035779270396,0.9037035779270396,True,True,True,33.55961990356445
010565,1,1,0,1.0,0.0,1,1,True,0.9569458336060066,True,True,2,1,0.8072479367256165,0.8422239422798157,0.8477615715269979,0.8600860917780007,0.8600860917780007,True,True,True,33.55961990356445
010565,2,2,0,1.0,0.0,1,1,True,1.0,True,True,0,0,0.8574020266532898,0.8792532682418823,0.8134958424868146,0.9051686995110615,0.9051686995110615,True,True,True,33.55961990356445
010567,0,0,0,1.0,0.0,1,1,True,1.0,True,True,0,1,0.8443281054496765,0.8541380763053894,0.7420028066245337,0.7292521242348381,0.7292521242348381,True,True,True,26.329771041870117
010567,1,1,0,1.0,0.0,1,1,True,1.0,False,True,,3,,0.8422366380691528,,0.7603680742059002,0.7603680742059002,False,False,False,26.329771041870117
010567,2,2,0,1.0,0.0,1,1,True,0.913464860870254,False,True,,4,,0.8361304998397827,,0.7737425597798889,0.7737425597798889,True,True,False,26.329771041870117
010567,3,3,0,1.0,0.0,1,1,True,0.913464860870254,True,True,2,2,0.8189446330070496,0.8470609188079834,0.6598677842759789,0.8333028512734767,0.8333028512734767,True,True,True,26.329771041870117
010567,4,4,0,1.0,0.0,1,1,True,1.0,True,True,1,0,0.8436731696128845,0.8768118619918823,0.9397150263031109,0.8808922404470181,0.8808922404470181,True,True,True,26.329771041870117
010569,0,0,0,1.0,0.0,2,2,False,0.7548771119402744,True,True,2,2,0.769447386264801,0.7529981732368469,0.6460198764445085,0.5866204876664771,0.5866204876664771,True,True,True,33.19305419921875
010569,1,1,0,1.0,0.0,2,2,False,0.7548771119402744,True,False,3,,0.4670904278755188,,0.668969043597923,,,True,True,True,33.19305419921875
010569,2,2,0,1.0,0.0,1,1,True,1.0,True,True,1,1,0.8172934055328369,0.8619503974914551,0.7408038063019106,0.8633250907198501,0.8633250907198501,True,True,True,33.19305419921875
010569,3,3,0,1.0,0.0,1,1,True,1.0,True,True,0,0,0.8346299529075623,0.8639577627182007,0.8077376343065988,0.8727607317285075,0.8727607317285075,True,True,True,33.19305419921875
010572,0,0,0,1.0,0.0,2,2,False,0.8949174091681931,True,True,0,2,0.8652068972587585,0.8332270979881287,0.8219177772155288,0.8082237946745298,0.8082237946745298,True,True,True,37.76146697998047
010572,1,1,0,1.0,0.0,2,2,False,0.8949174091681931,True,True,1,3,0.8257338404655457,0.8328604698181152,0.773062257484895,0.8228710789025417,0.8228710789025417,True,True,True,37.76146697998047
010572,2,2,0,1.0,0.0,1,1,True,0.9374122918637615,True,True,2,1,0.8097978234291077,0.8435941338539124,0.8082455614840554,0.8706108144164505,0.8706108144164505,True,True,True,37.76146697998047
010572,3,3,0,1.0,0.0,1,1,True,1.0,True,True,3,0,0.7899135947227478,0.8765312433242798,0.8263217983866845,0.8420203249180953,0.8420203249180953,True,True,True,37.76146697998047
010572,4,4,0,1.0,0.0,1,1,True,1.0,True,True,4,4,0.7859500646591187,0.8118398189544678,0.7859698722128224,0.7260320418575436,0.7260320418575436,True,True,True,37.76146697998047
010594,0,0,0,1.0,0.0,1,1,True,1.0,True,True,0,0,0.8651286363601685,0.8861603140830994,0.9559711493617306,0.8091340994767522,0.8091340994767522,True,True,True,34.8256950378418
010594,1,1,0,1.0,0.0,1,1,True,1.0,True,True,1,1,0.8319002985954285,0.8740170001983643,0.7524417431343453,0.860191409628269,0.860191409628269,True,True,True,34.8256950378418
040002,0,0,0,1.0,0.0,1,1,True,1.0,True,True,3,7,0.7568746209144592,0.6651185154914856,0.5302675461109867,0.5669402765130456,0.5669402765130456,True,True,True,40.48073959350586
040002,1,1,0,1.0,0.0,1,1,True,1.0,True,False,5,,0.6821491718292236,,0.6905254435089103,,,True,True,True,40.48073959350586
040002,2,2,0,1.0,0.0,1,1,True,0.9473671046863427,True,True,0,1,0.8679912090301514,0.81348717212677,0.7922999021235287,0.8323884406774905,0.8323884406774905,True,True,True,40.48073959350586
040002,3,3,0,1.0,0.0,1,1,True,1.0,True,True,7,6,0.39499855041503906,0.7630844116210938,0.8718474402869638,0.7888868372396267,0.7888868372396267,True,True,True,40.48073959350586
040002,4,4,0,1.0,0.0,1,1,True,0.9473671046863427,True,True,2,2,0.7649041414260864,0.810410737991333,0.8547137829203498,0.9207557626962717,0.9207557626962717,True,True,True,40.48073959350586
040002,5,5,0,1.0,0.0,1,1,True,0.9155705814702952,True,True,4,0,0.7382657527923584,0.8201621770858765,0.793770685911842,0.872037767483271,0.872037767483271,True,True,True,40.48073959350586
040002,6,6,0,1.0,0.0,1,1,True,0.9155705814702952,True,True,6,4,0.6553215980529785,0.7900283336639404,0.7453785871192209,0.889705771627829,0.889705771627829,True,True,True,40.48073959350586
040002,7,7,0,1.0,0.0,1,1,True,0.9159380616227809,False,True,,5,,0.7816128134727478,,0.8561804998963771,0.8561804998963771,True,True,True,40.48073959350586
040002,8,8,0,1.0,0.0,1,1,True,0.9159380616227809,True,True,1,3,0.7832187414169312,0.7988425493240356,0.5941524972945783,0.8706099418534516,0.8706099418534516,True,True,True,40.48073959350586
040012,0,0,0,1.0,0.0,2,2,False,0.8712123242018491,True,True,6,1,0.7970895767211914,0.8680968284606934,0.7670937310469753,0.8078361964844288,0.8078361964844288,True,True,True,17.24700927734375
040012,1,1,0,1.0,0.0,2,2,False,0.8712123242018491,True,True,0,4,0.8427544832229614,0.8434534668922424,0.7123306206669995,0.801429957366214,0.801429957366214,True,True,True,17.24700927734375
040012,2,2,0,1.0,0.0,1,1,True,0.9619852601749284,True,True,2,7,0.8293293118476868,0.8320602774620056,0.624068386089203,0.702711153086007,0.702711153086007,True,True,True,17.24700927734375
040012,3,3,0,1.0,0.0,1,1,True,0.9497287608251035,True,True,5,0,0.8037076592445374,0.8773291110992432,0.5962807659806376,0.8302728404780744,0.8302728404780744,True,True,True,17.24700927734375
040012,4,4,0,1.0,0.0,1,1,True,0.9497287608251035,True,True,1,3,0.8336685299873352,0.8565946221351624,0.7332078841767193,0.7466630783861917,0.7466630783861917,True,True,True,17.24700927734375
040012,5,5,0,1.0,0.0,1,1,True,0.9852013181255128,True,True,7,2,0.7961166501045227,0.8639175891876221,0.813421919227879,0.8536906208684264,0.8536906208684264,True,True,True,17.24700927734375
040012,6,6,0,1.0,0.0,1,1,True,0.9852013181255128,True,True,4,6,0.8171020150184631,0.8366480469703674,0.7681984468542039,0.8852779243378409,0.8852779243378409,True,True,True,17.24700927734375
040012,7,7,0,1.0,0.0,1,1,True,0.984164042184909,True,True,9,9,0.7586031556129456,0.4611082077026367,0.5317452161780281,0.6267141403365307,0.6267141403365307,True,True,True,17.24700927734375
040012,8,8,0,1.0,0.0,1,1,True,0.984164042184909,True,True,3,8,0.8235448598861694,0.8016529083251953,0.7428052583490076,0.851746794542218,0.851746794542218,True,True,True,17.24700927734375
040012,9,9,0,1.0,0.0,1,1,True,1.0,True,True,8,5,0.7766748666763306,0.8391091823577881,0.8104984005668904,0.7178684169548767,0.7178684169548767,True,True,True,17.24700927734375
040012,10,10,0,1.0,0.0,1,1,True,1.0,False,True,,10,,0.3480410575866699,,0.5189693998564431,0.5189693998564431,False,False,False,17.24700927734375
040020,0,0,0,1.0,0.0,1,1,True,1.0,True,True,0,3,0.8675850033760071,0.8068979382514954,0.7176696251052154,0.5627709827166635,0.5627709827166635,True,True,True,40.62337112426758
040020,1,1,0,1.0,0.0,1,1,True,1.0,True,True,2,0,0.8317800760269165,0.8800109028816223,0.7846507914814976,0.7835537765154864,0.7835537765154864,True,True,True,40.62337112426758
040020,2,2,0,1.0,0.0,1,1,True,1.0,True,True,3,1,0.7828128337860107,0.8765625357627869,0.6533299952002908,0.7745047586850646,0.7745047586850646,True,True,True,40.62337112426758
040020,3,3,0,1.0,0.0,1,1,True,1.0,True,True,1,2,0.8393304347991943,0.8605362176895142,0.8651544064562198,0.6833989925093222,0.6833989925093222,True,True,True,40.62337112426758
040021,0,0,0,1.0,0.0,1,1,True,0.9197798327774113,True,True,1,1,0.8406866788864136,0.8630754351615906,0.842626359810232,0.6386593978973413,0.6386593978973413,True,True,True,50.18379211425781
040021,1,1,0,1.0,0.0,1,1,True,0.9197798327774113,True,True,2,2,0.8266602754592896,0.8534660935401917,0.7836243020672276,0.8191920130629852,0.8191920130629852,True,True,True,50.18379211425781
040021,2,2,0,1.0,0.0,1,1,True,1.0,True,True,0,0,0.8584553599357605,0.8807636499404907,0.8554989117889492,0.7905748377982482,0.7905748377982482,True,True,True,50.18379211425781
040037,0,0,0,1.0,0.0,1,1,True,1.0,True,True,0,0,0.8521137833595276,0.8836382031440735,0.9145165656526745,0.7689612716381415,0.7689612716381415,True,True,True,24.86431884765625
040059,0,0,0,1.0,0.0,1,1,True,1.0,True,True,0,0,0.8166112303733826,0.8668193817138672,0.8277449924401392,0.7762890889603694,0.7762890889603694,True,True,True,41.375186920166016
040059,1,1,0,1.0,0.0,1,1,True,1.0,True,True,2,1,0.372431218624115,0.8309009075164795,0.6652367393770096,0.7566103016815309,0.7566103016815309,True,True,True,41.375186920166016
040064,0,0,0,1.0,0.0,1,1,True,1.0,True,True,1,1,0.7478591799736023,0.7527465224266052,0.8257386707384695,0.7938216215977654,0.7938216215977654,True,True,True,38.956295013427734
040064,1,1,0,1.0,0.0,1,1,True,1.0,True,True,0,0,0.8473111987113953,0.8263732194900513,0.8563552741180858,0.5992873588773714,0.5992873588773714,True,True,True,38.956295013427734
040070,0,0,0,1.0,0.0,1,1,True,1.0,True,True,1,3,0.7937691807746887,0.2998296320438385,0.5625823261145017,0.6010659232905429,0.6010659232905429,True,True,True,36.902381896972656
040070,1,1,0,1.0,0.0,1,1,True,1.0,True,True,3,2,0.6708353161811829,0.698024332523346,0.7445860307639814,0.5127549178096218,0.5127549178096218,True,True,True,36.902381896972656
040070,2,2,0,1.0,0.0,1,1,True,1.0,True,True,0,1,0.8377906680107117,0.7537223696708679,0.8654328580385385,0.6969637455120067,0.6969637455120067,True,True,True,36.902381896972656
040070,3,3,0,1.0,0.0,1,1,True,1.0,True,True,2,0,0.7834954857826233,0.8113066554069519,0.8823167339806683,0.8094899773941101,0.8094899773941101,True,True,True,36.902381896972656
040073,0,0,0,1.0,0.0,1,1,True,1.0,True,True,0,0,0.8650233149528503,0.8045430183410645,0.7359120491764078,0.6600376229352966,0.6600376229352966,True,True,True,51.42679214477539
040074,0,0,0,1.0,0.0,2,2,False,0.8955580037190553,True,True,1,1,0.8422865271568298,0.8581618070602417,0.7028552697757187,0.7346865083428832,0.7346865083428832,True,True,True,36.992218017578125
040074,1,1,0,1.0,0.0,2,2,False,0.8955580037190553,True,True,0,2,0.8496649861335754,0.8443294167518616,0.6165014053025643,0.6199237553761431,0.6199237553761431,True,True,True,36.992218017578125
040074,2,2,0,1.0,0.0,1,1,True,1.0,True,True,2,0,0.8140662312507629,0.8793752193450928,0.6224012381527866,0.706485136367106,0.706485136367106,True,True,True,36.992218017578125
040082,0,0,0,1.0,0.0,1,1,True,1.0,True,True,0,0,0.8224040269851685,0.8150999546051025,0.9146205572952933,0.6968476290770884,0.6968476290770884,True,True,True,22.610916137695312
040089,0,0,0,1.0,0.0,1,1,True,1.0,True,True,1,1,0.8132114410400391,0.8171587586402893,0.5518737754411374,0.6056283447410041,0.6056283447410041,True,True,True,44.3776741027832
040089,1,1,0,1.0,0.0,1,1,True,1.0,True,True,0,0,0.8294191956520081,0.8376861214637756,0.7189914158747482,0.6519149712493282,0.6519149712493282,True,True,True,44.3776741027832
040089,2,2,0,1.0,0.0,1,1,True,1.0,True,True,2,2,0.6995732188224792,0.6768166422843933,0.6474286913051346,0.6170498215492446,0.6170498215492446,True,True,True,44.3776741027832
040089,3,3,0,1.0,0.0,1,1,True,1.0,True,True,3,4,0.5402154326438904,0.48104748129844666,0.6280128693169024,0.718756769432268,0.718756769432268,True,True,True,44.3776741027832
040099,0,0,0,1.0,0.0,1,1,True,1.0,True,True,0,0,0.846271276473999,0.877731204032898,0.629270463178565,0.8105816328688136,0.8105816328688136,True,True,True,35.90161895751953
040099,1,1,0,1.0,0.0,1,1,True,1.0,True,True,2,1,0.8057011961936951,0.8659120798110962,0.6892852920351031,0.6263456935895855,0.6263456935895855,True,True,True,35.90161895751953
040099,2,2,0,1.0,0.0,1,1,True,1.0,True,True,1,2,0.8197205066680908,0.8524667620658875,0.765135071841751,0.6359676585025923,0.6359676585025923,True,True,True,35.90161895751953
040102,0,0,0,1.0,0.0,1,1,True,1.0,True,True,0,0,0.873292088508606,0.8720737099647522,0.598052744736978,0.6744271937542214,0.6744271937542214,True,True,True,16.458738327026367
040102,1,1,0,1.0,0.0,1,1,True,1.0,True,True,3,3,0.8325027823448181,0.8453461527824402,0.8615235703607537,0.8393556904181289,0.8393556904181289,True,True,True,16.458738327026367
040102,2,2,0,1.0,0.0,1,1,True,1.0,True,True,7,5,0.6768208146095276,0.8309974074363708,0.7575761036375606,0.7741220187989116,0.7741220187989116,True,True,True,16.458738327026367
040102,3,3,0,1.0,0.0,1,1,True,1.0,True,True,4,2,0.7816641926765442,0.8486667275428772,0.7652423384216107,0.8871712927755223,0.8871712927755223,True,True,True,16.458738327026367
040102,4,4,0,1.0,0.0,1,1,True,1.0,True,True,6,7,0.6911031007766724,0.7357784509658813,0.5857371454736534,0.8544973474618235,0.8544973474618235,True,True,True,16.458738327026367
040102,5,5,0,1.0,0.0,1,1,True,0.9612501922105745,True,True,2,1,0.8516092896461487,0.862786054611206,0.8502785687726709,0.8632719681044528,0.8632719681044528,True,True,True,16.458738327026367
040102,6,6,0,1.0,0.0,1,1,True,0.9612501922105745,True,True,1,4,0.8603891134262085,0.8320607542991638,0.8223324423068874,0.7159732281141811,0.7159732281141811,True,True,True,16.458738327026367
040102,7,7,0,1.0,0.0,1,1,True,1.0,True,False,5,,0.7587774395942688,,0.6671380275665676,,,True,True,True,16.458738327026367
040102,8,8,0,1.0,0.0,1,1,True,1.0,False,True,,6,,0.7435213327407837,,0.756626728642041,0.756626728642041,True,True,True,16.458738327026367
040102,9,9,0,1.0,0.0,1,1,True,1.0,True,True,8,8,0.5611171126365662,0.49387067556381226,0.6433295244206164,0.6367162935883012,0.6367162935883012,True,True,True,16.458738327026367
040117,0,0,0,1.0,0.0,1,1,True,1.0,True,True,1,1,0.7559992074966431,0.8324415683746338,0.7971722934077011,0.8478310050071949,0.8478310050071949,True,True,True,17.53875732421875
040117,1,1,0,1.0,0.0,1,1,True,1.0,True,True,0,0,0.8481782078742981,0.8741747736930847,0.8702462800817009,0.8896662653253571,0.8896662653253571,True,True,True,17.53875732421875
040117,2,2,0,1.0,0.0,1,1,True,1.0,True,True,2,2,0.7314581871032715,0.3876255750656128,0.556682440833361,0.6041745339597895,0.6041745339597895,True,True,True,17.53875732421875
040120,0,0,0,1.0,0.0,1,1,True,1.0,True,True,0,1,0.8589562773704529,0.8461456894874573,0.771932178947328,0.719811738224666,0.719811738224666,True,True,True,56.68817138671875
040120,1,1,0,1.0,0.0,1,1,True,1.0,True,True,1,0,0.8491193652153015,0.8597411513328552,0.7022386248889023,0.7171688377599602,0.7171688377599602,True,True,True,56.68817138671875
040120,2,2,0,1.0,0.0,1,1,True,1.0,True,True,2,2,0.8459438681602478,0.8230026960372925,0.7115498299245813,0.7444950455413065,0.7444950455413065,True,True,True,56.68817138671875
040137,0,0,0,1.0,0.0,2,2,False,0.8070110521173588,True,True,1,5,0.7684758901596069,0.7768819332122803,0.7230310732034345,0.7601892822542115,0.7601892822542115,True,True,True,31.974760055541992
040137,1,1,0,1.0,0.0,2,2,False,0.8070110521173588,True,True,3,2,0.72268146276474,0.8230161666870117,0.5788649422501362,0.5554887202109708,0.5554887202109708,True,True,True,31.974760055541992
040137,2,2,0,1.0,0.0,1,1,True,0.943643294324862,True,True,4,4,0.623559832572937,0.8011805415153503,0.6639859222934952,0.5802340039558729,0.5802340039558729,True,True,True,31.974760055541992
040137,3,3,0,1.0,0.0,1,1,True,0.943643294324862,True,True,5,0,0.6066131591796875,0.824161946773529,0.5695517237863233,0.5311351921544699,0.5311351921544699,True,True,True,31.974760055541992
040137,4,4,0,1.0,0.0,2,2,False,0.7065638834120163,True,False,0,,0.815879225730896,,0.6518262449428982,,,True,True,True,31.974760055541992
040137,5,5,0,1.0,0.0,2,2,False,0.7065638834120163,False,True,,1,,0.8232340216636658,,0.6218228951824155,0.6218228951824155,True,True,False,31.974760055541992
040137,6,6,0,1.0,0.0,1,1,True,1.0,True,True,2,3,0.7407348155975342,0.8034648895263672,0.654828929037365,0.7632854106952442,0.7632854106952442,True,True,True,31.974760055541992
040152,0,0,0,1.0,0.0,2,2,False,0.8869867793222403,True,True,2,1,0.7934679985046387,0.8253124952316284,0.6789477482242144,0.8405440897956932,0.8405440897956932,True,True,True,49.18058395385742
040152,1,1,0,1.0,0.0,2,2,False,0.8869867793222403,True,True,0,0,0.8201279044151306,0.841034471988678,0.7216012912634858,0.8402289521074678,0.8402289521074678,True,True,True,49.18058395385742
040152,2,2,0,1.0,0.0,1,1,True,1.0,True,True,1,2,0.812271237373352,0.8140499591827393,0.872451262476155,0.7247172605985397,0.7247172605985397,True,True,True,49.18058395385742
040159,0,0,0,1.0,0.0,1,1,True,1.0,True,True,1,0,0.8249642848968506,0.8843480348587036,0.8804856502541475,0.8300891517424266,0.8300891517424266,True,True,True,57.99807357788086
040159,1,1,0,1.0,0.0,1,1,True,1.0,True,True,0,1,0.8298415541648865,0.8316170573234558,0.8789504408576567,0.7058443553834111,0.7058443553834111,True,True,True,57.99807357788086
040159,2,2,0,1.0,0.0,2,2,False,0.6992220941194064,True,True,2,2,0.8173467516899109,0.8110499978065491,0.8375089286504726,0.721641995315247,0.721641995315247,True,True,True,57.99807357788086
040159,3,3,0,1.0,0.0,2,2,False,0.6992220941194064,True,True,3,3,0.6131925582885742,0.7594614028930664,0.6386913117573423,0.8055649348552735,0.8055649348552735,True,True,True,57.99807357788086
040160,0,0,0,1.0,0.0,1,1,True,1.0,True,False,2,,0.8253432512283325,,0.6978410741417349,,,True,True,True,39.6889762878418
040160,1,1,0,1.0,0.0,1,1,True,1.0,True,True,0,1,0.8689882755279541,0.8646204471588135,0.7468407444452628,0.8377670716058516,0.8377670716058516,True,True,True,39.6889762878418
040160,2,2,0,1.0,0.0,1,1,True,1.0,True,True,1,0,0.8258283734321594,0.8694770932197571,0.7155307683473555,0.7207887479020625,0.7207887479020625,True,True,True,39.6889762878418
040160,3,3,0,1.0,0.0,2,2,False,0.863173562940378,True,True,3,5,0.7947418689727783,0.4279767870903015,0.8278166682876872,0.8423652529181154,0.8423652529181154,True,True,True,39.6889762878418
040160,4,4,0,1.0,0.0,2,2,False,0.863173562940378,False,True,6,6,0.6187194585800171,0.32217931747436523,0.4158003764056836,0.5219231116722035,0.5219231116722035,True,True,False,39.6889762878418
040160,5,5,0,1.0,0.0,2,2,False,0.830210753580113,True,True,5,2,0.7495024800300598,0.8251708149909973,0.7667240183447254,0.6861388423509835,0.6861388423509835,True,True,True,39.6889762878418
040160,6,6,0,1.0,0.0,1,1,True,1.0,True,True,4,3,0.7662897109985352,0.8056895136833191,0.6864201187740346,0.6306083750385401,0.6306083750385401,True,True,True,39.6889762878418
040160,7,7,0,1.0,0.0,2,2,False,0.830210753580113,False,False,,,,,,,,True,True,False,39.6889762878418
040172,0,0,0,1.0,0.0,1,1,True,1.0,True,True,0,0,0.8604286313056946,0.9013603925704956,0.7516929977759871,0.7192133954265726,0.7192133954265726,True,True,True,37.174129486083984
040172,1,1,0,1.0,0.0,1,1,True,0.9220779696725888,True,True,2,1,0.8358649015426636,0.8524396419525146,0.8582205118737283,0.7473042224317284,0.7473042224317284,True,True,True,37.174129486083984
040172,2,2,0,1.0,0.0,1,1,True,0.9220779696725888,True,True,1,2,0.8583314418792725,0.8515108227729797,0.9081730289974701,0.837414229080383,0.837414229080383,True,True,True,37.174129486083984
040172,3,3,0,1.0,0.0,1,1,True,1.0,True,True,3,4,0.8008193373680115,0.5430663228034973,0.7699944203251796,0.7993658087576709,0.7993658087576709,True,True,True,37.174129486083984
040172,4,4,0,1.0,0.0,1,1,True,1.0,True,True,4,3,0.6568441987037659,0.7497469782829285,0.6274582939587567,0.6850530450552402,0.6850530450552402,True,True,True,37.174129486083984
040180,0,0,0,1.0,0.0,1,1,True,1.0,True,True,2,3,0.7733887434005737,0.7150999903678894,0.7267954060217229,0.748389038555627,0.748389038555627,True,True,True,31.981204986572266
040180,1,1,0,1.0,0.0,2,2,False,0.8935846167869566,True,True,3,4,0.6854537129402161,0.25309261679649353,0.6899659175471561,0.6158261094144295,0.6158261094144295,True,True,True,31.981204986572266
040180,2,2,0,1.0,0.0,2,2,False,0.8935846167869566,True,True,0,1,0.8474738597869873,0.7999690175056458,0.7816424198072879,0.6139301602071415,0.6139301602071415,True,True,True,31.981204986572266
040180,3,3,0,1.0,0.0,1,1,True,1.0,True,True,1,0,0.8318946957588196,0.8399381637573242,0.5160235026968406,0.791723449382762,0.791723449382762,True,True,True,31.981204986572266
040180,4,4,0,1.0,0.0,1,1,True,1.0,True,True,4,2,0.6278201937675476,0.7979161143302917,0.5357447103958237,0.7614887752682243,0.7614887752682243,True,True,True,31.981204986572266
040194,0,0,0,1.0,0.0,1,1,True,0.9131676879872384,True,True,0,1,0.8373156785964966,0.8347339630126953,0.7115928458758831,0.8694212417229963,0.8694212417229963,True,True,True,55.11690139770508
040194,1,1,0,1.0,0.0,1,1,True,0.9131676879872384,True,True,1,0,0.7925465703010559,0.8815140724182129,0.7549972185599129,0.8729710656525035,0.8729710656525035,True,True,True,55.11690139770508
040198,0,0,0,1.0,0.0,1,1,True,1.0,True,True,1,0,0.8230202198028564,0.8661519289016724,0.8096901691483699,0.9250377462947585,0.9250377462947585,True,True,True,23.812122344970703
040198,1,1,0,1.0,0.0,1,1,True,1.0,True,False,3,,0.7943161129951477,,0.7801915193967407,,,True,True,True,23.812122344970703
040198,2,2,0,1.0,0.0,1,1,True,1.0,True,True,0,2,0.8407385349273682,0.8540920615196228,0.6891854164103737,0.8910434208650011,0.8910434208650011,True,True,True,23.812122344970703
040198,3,3,0,1.0,0.0,1,1,True,1.0,True,True,2,1,0.8083018064498901,0.8545694947242737,0.7669827296800793,0.8268395012871557,0.8268395012871557,True,True,True,23.812122344970703
040198,4,4,0,1.0,0.0,1,1,True,1.0,True,True,4,3,0.6577840447425842,0.8371921181678772,0.7478833042773363,0.855202486625328,0.855202486625328,True,True,True,23.812122344970703
040222,0,0,0,1.0,0.0,1,1,True,1.0,True,True,0,0,0.8618785738945007,0.8878557085990906,0.7655518450831529,0.7721521253386929,0.7721521253386929,True,True,True,28.935129165649414
040234,0,0,0,1.0,0.0,1,1,True,1.0,True,True,1,1,0.8302044868469238,0.8811742663383484,0.7100564407998311,0.7661002281759264,0.7661002281759264,True,True,True,28.56080436706543
040234,1,1,0,1.0,0.0,1,1,True,1.0,True,True,0,0,0.8422713279724121,0.8991981744766235,0.8899467519844331,0.8271764381877952,0.8271764381877952,True,True,True,28.56080436706543
040247,0,0,0,1.0,0.0,1,1,True,1.0,True,True,0,0,0.8378048539161682,0.8951770067214966,0.723036206812462,0.6270855268711281,0.6270855268711281,True,True,True,45.105777740478516
040247,1,1,0,1.0,0.0,1,1,True,1.0,True,True,1,1,0.8202327489852905,0.8554704189300537,0.7233543913626573,0.6284958833022519,0.6284958833022519,True,True,True,45.105777740478516
040250,0,0,0,1.0,0.0,1,1,True,1.0,True,True,1,0,0.8593827486038208,0.8996844291687012,0.5322373208224878,0.5218774490895955,0.5218774490895955,True,True,True,46.383670806884766
040250,1,1,0,1.0,0.0,1,1,True,1.0,True,True,0,1,0.866670548915863,0.859130859375,0.6351441727795321,0.5958052263383774,0.5958052263383774,True,True,True,46.383670806884766
040250,2,2,0,1.0,0.0,1,1,True,1.0,True,True,2,2,0.69090336561203,0.6576059460639954,0.8091413347828188,0.8418073309992343,0.8418073309992343,True,True,True,46.383670806884766
040288,0,0,0,1.0,0.0,1,1,True,1.0,True,False,1,,0.6856116056442261,,0.615853463105027,,,True,True,True,17.763784408569336
040288,1,1,0,1.0,0.0,2,2,False,0.7011549621515474,True,False,2,,0.5453913807868958,,0.6960792249080162,,,True,True,True,17.763784408569336
040288,2,2,0,1.0,0.0,2,2,False,0.8742746664603481,False,False,,,,,,,,True,True,False,17.763784408569336
040288,3,3,0,1.0,0.0,3,3,False,0.7011549621515474,True,True,0,0,0.7200942039489746,0.8145727515220642,0.6890531759803886,0.6815237870955094,0.6815237870955094,True,True,True,17.763784408569336
040293,0,0,0,1.0,0.0,1,1,True,1.0,True,True,0,0,0.8193209171295166,0.8496778607368469,0.7574775083466121,0.646531097631896,0.646531097631896,True,True,True,34.83753967285156
040332,0,0,0,1.0,0.0,1,1,True,1.0,True,True,0,0,0.8415837287902832,0.28169572353363037,0.7864249481087908,0.6404791788907015,0.6404791788907015,True,True,True,20.192760467529297
040339,0,0,0,1.0,0.0,1,1,True,1.0,True,True,1,1,0.7811833024024963,0.8718318343162537,0.7194858236227379,0.6006996874517007,0.6006996874517007,True,True,True,18.531736373901367
040339,1,1,0,1.0,0.0,1,1,True,1.0,True,True,0,0,0.8357997536659241,0.8863067626953125,0.7523714370512941,0.7527583258709961,0.7527583258709961,True,True,True,18.531736373901367
040339,2,2,0,1.0,0.0,1,1,True,1.0,True,True,2,2,0.6862826347351074,0.7415115237236023,0.5337993802313714,0.6034245586658975,0.6034245586658975,True,True,True,18.531736373901367
040363,0,0,0,1.0,0.0,1,1,True,1.0,True,True,0,0,0.8637542724609375,0.8816500902175903,0.7230948890477537,0.6572438305733966,0.6572438305733966,True,True,True,36.68303298950195
040363,1,1,0,1.0,0.0,1,1,True,1.0,True,True,1,1,0.7963875532150269,0.8758535981178284,0.6708344501148293,0.7811327018322934,0.7811327018322934,True,True,True,36.68303298950195
040363,2,2,0,1.0,0.0,1,1,True,1.0,False,False,,,,,,,,True,True,True,36.68303298950195
040365,0,0,0,1.0,0.0,1,1,True,1.0,True,True,1,2,0.8340906500816345,0.8618486523628235,0.8903670537302131,0.8186803883883638,0.8186803883883638,True,True,True,26.031442642211914
040365,1,1,0,1.0,0.0,1,1,True,1.0,True,True,2,0,0.8175744414329529,0.8808878064155579,0.6944927743608804,0.8376902830247227,0.8376902830247227,True,True,True,26.031442642211914
040365,2,2,0,1.0,0.0,1,1,True,1.0,True,True,0,1,0.8621543049812317,0.8778418302536011,0.7681040032280134,0.9643305231058341,0.9643305231058341,True,True,True,26.031442642211914
040369,0,0,0,1.0,0.0,1,1,True,1.0,True,True,1,1,0.8472952842712402,0.846379280090332,0.7331379045720295,0.6756172618311079,0.6756172618311079,True,True,True,33.160865783691406
040369,1,1,0,1.0,0.0,1,1,True,1.0,True,True,0,0,0.8476991653442383,0.8619797229766846,0.7533291767996149,0.7275987518484496,0.7275987518484496,True,True,True,33.160865783691406
040397,0,0,0,1.0,0.0,1,1,True,1.0,True,True,0,4,0.839318037033081,0.7131884098052979,0.7016506803887799,0.5033260480752572,0.5033260480752572,True,True,True,43.05406188964844
040397,1,1,0,1.0,0.0,1,1,True,1.0,True,True,5,5,0.37365248799324036,0.5042976140975952,0.8016025970030992,0.8764420063976598,0.8764420063976598,True,True,True,43.05406188964844
040397,2,2,0,1.0,0.0,1,1,True,1.0,True,True,3,3,0.6339039206504822,0.7903125882148743,0.7592047017164724,0.7775694975279501,0.7775694975279501,True,True,True,43.05406188964844
040397,3,3,0,1.0,0.0,1,1,True,1.0,False,True,,2,,0.8475723266601562,,0.8054544755107601,0.8054544755107601,False,False,False,43.05406188964844
040397,4,4,0,1.0,0.0,1,1,True,1.0,True,True,2,1,0.8068068623542786,0.8672293424606323,0.9273609291664876,0.7678235229566555,0.7678235229566555,True,True,True,43.05406188964844
040397,5,5,0,1.0,0.0,1,1,True,1.0,True,True,1,0,0.8243001699447632,0.8686655759811401,0.8157257004952729,0.7626760816345443,0.7626760816345443,True,True,True,43.05406188964844
040397,6,6,0,1.0,0.0,1,1,True,1.0,True,False,4,,0.5384636521339417,,0.5342725949355543,,,True,True,True,43.05406188964844
040400,0,0,0,1.0,0.0,1,1,True,1.0,True,False,0,,0.8337118029594421,,0.7278500711778954,,,True,True,True,44.3244743347168
040400,1,1,0,1.0,0.0,1,1,True,1.0,True,True,3,2,0.7765983939170837,0.783161997795105,0.7015408308028452,0.7844598138322642,0.7844598138322642,True,True,True,44.3244743347168
040400,2,2,0,1.0,0.0,2,2,False,0.8392968528986277,True,True,4,1,0.4696000814437866,0.8083672523498535,0.532530937353765,0.8312437487530641,0.8312437487530641,True,True,True,44.3244743347168
040400,3,3,0,1.0,0.0,3,3,False,0.8392968528986277,True,False,1,,0.8214701414108276,,0.8665418867768202,,,True,True,True,44.3244743347168
040400,4,4,0,1.0,0.0,2,2,False,0.887424634711749,True,True,2,0,0.7821725606918335,0.8395527005195618,0.8857317392953215,0.8082960264207759,0.8082960264207759,True,True,True,44.3244743347168
040426,0,0,0,1.0,0.0,1,1,True,0.923053179090929,True,True,0,0,0.843514621257782,0.8345308303833008,0.6877730739982606,0.6359977807593242,0.6359977807593242,True,True,True,36.864418029785156
040426,1,1,0,1.0,0.0,1,1,True,0.923053179090929,True,True,2,1,0.8151882290840149,0.8113045692443848,0.7710990743271353,0.6814991897322652,0.6814991897322652,True,True,True,36.864418029785156
040426,2,2,0,1.0,0.0,1,1,True,0.9873940039668667,True,True,1,2,0.8356549143791199,0.7879382371902466,0.7236300859819526,0.6639526272865003,0.6639526272865003,True,True,True,36.864418029785156
040428,0,0,0,1.0,0.0,1,1,True,1.0,True,False,4,,0.5412500500679016,,0.6088733987534438,,,True,True,True,32.30792999267578
040428,1,1,0,1.0,0.0,1,1,True,1.0,True,True,1,0,0.815948486328125,0.8954993486404419,0.7348300844459386,0.6882114092248993,0.6882114092248993,True,True,True,32.30792999267578
040428,2,2,0,1.0,0.0,1,1,True,0.9616908209732339,True,True,0,2,0.8287686109542847,0.817376971244812,0.7520898624054452,0.589865567138506,0.589865567138506,True,True,True,32.30792999267578
040428,3,3,0,1.0,0.0,2,2,False,0.5779027894962228,True,True,2,1,0.6828092336654663,0.8625739812850952,0.733535469586381,0.8647782436650752,0.8647782436650752,True,True,True,32.30792999267578
040428,4,4,0,1.0,0.0,3,3,False,0.5779027894962228,False,False,,,,,,,,True,True,True,32.30792999267578
040428,5,5,0,1.0,0.0,2,2,False,0.7787489998449437,False,True,,3,,0.4709102213382721,,0.5825175797555523,0.5825175797555523,True,True,True,32.30792999267578
040438,0,0,0,1.0,0.0,1,1,True,1.0,True,False,3,,0.851048469543457,,0.8567243576621277,,,True,True,True,39.40837860107422
040438,1,1,0,1.0,0.0,1,1,True,0.9677258864617982,True,True,4,1,0.8288077116012573,0.8161110281944275,0.8902730029771762,0.8754587931124007,0.8754587931124007,True,True,True,39.40837860107422
040438,2,2,0,1.0,0.0,2,2,False,0.845461850156953,True,True,1,4,0.8559366464614868,0.5899245738983154,0.7765920218375243,0.5386413055713856,0.5386413055713856,True,True,True,39.40837860107422
040438,3,3,0,1.0,0.0,2,2,False,0.845461850156953,True,True,0,3,0.8560548424720764,0.6227617263793945,0.707885696060474,0.5720480613529859,0.5720480613529859,True,True,True,39.40837860107422
040438,4,4,0,1.0,0.0,1,1,True,1.0,True,True,2,0,0.8545448780059814,0.9010441303253174,0.7252327924405298,0.662639031708366,0.662639031708366,True,True,True,39.40837860107422
040443,0,0,0,1.0,0.0,1,1,True,0.9850749533920979,True,True,2,2,0.7888540029525757,0.8645538687705994,0.6941096952245649,0.8399219725809964,0.8399219725809964,True,True,True,38.998939514160156
040443,1,1,0,1.0,0.0,1,1,True,0.9850749533920979,True,True,0,1,0.8408416509628296,0.8704996109008789,0.6999693647470244,0.8332268028255431,0.8332268028255431,True,True,True,38.998939514160156
040443,2,2,0,1.0,0.0,1,1,True,1.0,True,True,1,0,0.8366231918334961,0.873350977897644,0.9313240648792447,0.8859511904754124,0.8859511904754124,True,True,True,38.998939514160156
040443,3,3,0,1.0,0.0,1,1,True,0.9652088956971902,True,True,6,5,0.488459050655365,0.7776200771331787,0.7895681186447622,0.6852883174315053,0.6852883174315053,True,True,True,38.998939514160156
040443,4,4,0,1.0,0.0,1,1,True,0.9652088956971902,False,True,7,3,0.40462416410446167,0.7835331559181213,0.41334303676764916,0.7135108698035226,0.7135108698035226,True,True,True,38.998939514160156
040443,5,5,0,1.0,0.0,2,2,False,0.5093696322242792,True,True,3,4,0.7814359068870544,0.7793005108833313,0.818367129585639,0.6845073500158917,0.6845073500158917,True,True,True,38.998939514160156
040443,6,6,0,1.0,0.0,2,2,False,0.5093696322242792,False,True,,9,,0.28046873211860657,,0.5477337768410107,0.5477337768410107,True,True,True,38.998939514160156
040443,7,7,0,1.0,0.0,1,1,True,0.972997552824151,False,True,,6,,0.7473596334457397,,0.6999195208966364,0.6999195208966364,True,True,True,38.998939514160156
040443,8,8,0,1.0,0.0,2,2,False,0.8016291461694938,False,True,,8,,0.28893497586250305,,0.7638854595061498,0.7638854595061498,True,True,False,38.998939514160156
040443,9,9,0,1.0,0.0,2,2,False,0.8016291461694938,True,True,4,7,0.6044148802757263,0.49028486013412476,0.8560145178155116,0.574594397106096,0.574594397106096,True,True,True,38.998939514160156
040446,0,0,0,1.0,0.0,1,1,True,1.0,True,True,1,1,0.8206860423088074,0.8569706678390503,0.8675021605576982,0.6655552286440446,0.6655552286440446,True,True,True,18.642675399780273
040446,1,1,0,1.0,0.0,1,1,True,1.0,True,True,0,0,0.8347184062004089,0.865043580532074,0.6350922647236332,0.5027507136977325,0.5027507136977325,True,True,True,18.642675399780273
040446,2,2,0,1.0,0.0,1,1,True,1.0,True,True,2,2,0.5434854030609131,0.6422331929206848,0.8424929055098552,0.8377481426743462,0.8377481426743462,True,True,True,18.642675399780273
040448,0,0,0,1.0,0.0,1,1,True,1.0,True,True,1,0,0.8421551585197449,0.8833546042442322,0.8124790723478107,0.7331552973402582,0.7331552973402582,True,True,True,31.207509994506836
040448,1,1,0,1.0,0.0,1,1,True,1.0,True,True,2,2,0.8104021549224854,0.8607474565505981,0.9073181142206393,0.8484489631249681,0.8484489631249681,True,True,True,31.207509994506836
040448,2,2,0,1.0,0.0,1,1,True,1.0,True,True,0,1,0.8462321758270264,0.8724985122680664,0.8377221154417993,0.7914209819383881,0.7914209819383881,True,True,True,31.207509994506836
040458,0,0,0,1.0,0.0,1,1,True,1.0,True,True,0,0,0.8441710472106934,0.901416003704071,0.8057588899119631,0.8548346387015208,0.8548346387015208,True,True,True,40.74965286254883
040458,1,1,0,1.0,0.0,2,2,False,0.8051275891048435,False,False,,,,,,,,True,True,False,40.74965286254883
040458,2,2,0,1.0,0.0,2,2,False,0.8051275891048435,True,True,1,1,0.8081322908401489,0.8252681493759155,0.8169661489260093,0.6371086360961834,0.6371086360961834,True,True,True,40.74965286254883
040458,3,3,0,1.0,0.0,1,1,True,1.0,False,False,,,,,,,,False,False,False,40.74965286254883
040460,0,0,0,1.0,0.0,1,1,True,0.9906660446981163,True,False,4,,0.6575270891189575,,0.5940992636990211,,,True,True,True,21.037864685058594
040460,1,1,0,1.0,0.0,1,1,True,0.9906660446981163,True,True,1,0,0.8545652031898499,0.8801493048667908,0.68650925499791,0.7164201510715881,0.7164201510715881,True,True,True,21.037864685058594
040460,2,2,0,1.0,0.0,1,1,True,0.9738712977869505,True,True,3,2,0.8266944289207458,0.8672945499420166,0.8087461645999622,0.7396061377092975,0.7396061377092975,True,True,True,21.037864685058594
040460,3,3,0,1.0,0.0,1,1,True,0.9738712977869505,True,True,0,1,0.8605174422264099,0.8763689398765564,0.7863384435688212,0.8141244766729482,0.8141244766729482,True,True,True,21.037864685058594
040460,4,4,0,1.0,0.0,1,1,True,1.0,True,True,2,3,0.837755024433136,0.8566545248031616,0.7160746614372657,0.7193561893443805,0.7193561893443805,True,True,True,21.037864685058594
040471,0,0,0,1.0,0.0,1,1,True,1.0,True,True,2,1,0.8706771731376648,0.8747945427894592,0.6958261633141455,0.7315112959989569,0.7315112959989569,True,True,True,33.869140625
040471,1,1,0,1.0,0.0,2,2,False,0.6112332856805303,True,False,4,,0.6522085070610046,,0.7702263370125217,,,True,True,True,33.869140625
040471,2,2,0,1.0,0.0,1,1,True,1.0,True,True,1,0,0.871398389339447,0.876915693283081,0.8076132071105971,0.6203107993488718,0.6203107993488718,True,True,True,33.869140625
040471,3,3,0,1.0,0.0,1,1,True,1.0,True,True,0,2,0.8716130256652832,0.8542932868003845,0.8038086102683106,0.6962715227418196,0.6962715227418196,True,True,True,33.869140625
040471,4,4,0,1.0,0.0,1,1,True,1.0,True,True,5,4,0.48678475618362427,0.7604149580001831,0.7612413983653031,0.798863107552504,0.798863107552504,True,True,True,33.869140625
040471,5,5,0,1.0,0.0,2,2,False,0.6112332856805303,True,True,3,3,0.6691758632659912,0.803144097328186,0.5713712536952865,0.8269373512205561,0.8269373512205561,True,True,True,33.869140625
070006,0,0,0,1.0,0.0,1,1,True,1.0,True,True,0,0,0.4421653151512146,0.8567189574241638,0.9101184709147547,0.9186579403563925,0.9186579403563925,True,True,True,58.944549560546875
070020,0,0,0,1.0,0.0,2,2,False,0.8293838860259202,True,True,1,0,0.7471910715103149,0.8323395848274231,0.5500122892558897,0.7892884153079381,0.7892884153079381,True,True,True,70.38438415527344
070020,1,1,0,1.0,0.0,3,3,False,0.6734343655839187,True,True,0,1,0.7788446545600891,0.8251360654830933,0.8352354824792493,0.916203607626632,0.916203607626632,True,True,True,70.38438415527344
070020,2,2,0,1.0,0.0,2,2,False,0.6734343655839187,False,False,,,,,,,,True,True,False,70.38438415527344
070021,0,0,0,1.0,0.0,1,1,True,1.0,True,True,0,0,0.8362967371940613,0.9081076383590698,0.7985637323896058,0.9535293289200796,0.9535293289200796,True,True,True,61.99524688720703
070023,0,0,0,1.0,0.0,1,1,True,1.0,True,True,0,0,0.817648708820343,0.8858116269111633,0.6820611211429682,0.9275341635480527,0.9275341635480527,True,True,True,64.05359649658203
070023,1,1,0,1.0,0.0,1,1,True,1.0,False,False,,,,,,,,False,False,False,64.05359649658203
070028,0,0,0,1.0,0.0,1,1,True,1.0,True,True,2,2,0.791581392288208,0.7971376776695251,0.7458911866621549,0.7361269608423264,0.7361269608423264,True,True,True,51.371402740478516
070028,1,1,0,1.0,0.0,1,1,True,0.9913452493152927,True,True,1,1,0.8131715059280396,0.8245912194252014,0.9615136328838262,0.8523520954884347,0.8523520954884347,True,True,True,51.371402740478516
070028,2,2,0,1.0,0.0,1,1,True,0.9249475208926867,True,True,0,3,0.8219166398048401,0.7568254470825195,0.8258971105057036,0.9053966630069086,0.9053966630069086,True,True,True,51.371402740478516
070028,3,3,0,1.0,0.0,1,1,True,0.9249475208926867,True,True,3,0,0.7228652834892273,0.8383619785308838,0.6267903915221337,0.9231896235145413,0.9231896235145413,True,True,True,51.371402740478516
070051,0,0,0,1.0,0.0,1,1,True,1.0,True,True,1,0,0.8340854048728943,0.8855705857276917,0.6592362620269587,0.9217202371472333,0.9217202371472333,True,True,True,53.83926773071289
070051,1,1,0,1.0,0.0,2,2,False,0.6448681686354286,False,False,,,,,,,,True,True,False,53.83926773071289
070051,2,2,0,1.0,0.0,2,2,False,0.6448681686354286,True,True,0,1,0.8492158651351929,0.7026191353797913,0.9275116153054349,0.7906501150981273,0.7906501150981273,True,True,True,53.83926773071289
070051,3,3,0,1.0,0.0,1,1,True,1.0,False,False,,,,,,,,False,False,False,53.83926773071289
070051,4,4,0,1.0,0.0,1,1,True,1.0,False,False,,,,,,,,False,False,False,53.83926773071289
070055,0,0,0,1.0,0.0,1,1,True,1.0,True,True,3,2,0.5947992205619812,0.7961962223052979,0.8848483829864221,0.8951073063804457,0.8951073063804457,True,True,True,47.47274398803711
070055,1,1,0,1.0,0.0,1,1,True,0.9273872045397141,True,True,0,3,0.8072313070297241,0.5532492995262146,0.667197848278305,0.9087312694628086,0.9087312694628086,True,True,True,47.47274398803711
070055,2,2,0,1.0,0.0,1,1,True,0.9273872045397141,True,True,2,0,0.7301853895187378,0.842344343662262,0.6609332816759719,0.809539356281317,0.809539356281317,True,True,True,47.47274398803711
070055,3,3,0,1.0,0.0,1,1,True,1.0,True,True,1,1,0.798179566860199,0.836724579334259,0.7864314731998712,0.8789561588064031,0.8789561588064031,True,True,True,47.47274398803711
070081,0,0,0,1.0,0.0,1,1,True,1.0,True,True,1,0,0.6130983829498291,0.8814821243286133,0.6462220966993708,0.9399047283526237,0.9399047283526237,True,True,True,64.92851257324219
070081,1,1,0,1.0,0.0,1,1,True,1.0,True,True,0,1,0.6619343757629395,0.856410562992096,0.5324361324649783,0.9292801832276669,0.9292801832276669,True,True,True,64.92851257324219
070081,2,2,0,1.0,0.0,1,1,True,1.0,False,False,,,,,,,,False,False,False,64.92851257324219
070084,0,0,0,1.0,0.0,1,1,True,1.0,True,True,0,0,0.5721710920333862,0.8909929990768433,0.682449500979716,0.9573467161620749,0.9573467161620749,True,True,True,66.85262298583984
070084,1,1,0,1.0,0.0,1,1,True,1.0,False,False,,,,,,,,True,True,True,66.85262298583984
070084,2,2,0,1.0,0.0,1,1,True,1.0,False,False,,,,,,,,False,False,False,66.85262298583984
070119,0,0,0,1.0,0.0,1,1,True,1.0,False,True,,0,,0.7886680960655212,,0.8686175860429296,0.8686175860429296,False,False,False,62.697486877441406
070119,1,1,0,1.0,0.0,1,1,True,1.0,False,False,,,,,,,,False,False,False,62.697486877441406
070121,0,0,0,1.0,0.0,1,1,True,1.0,False,True,,2,,0.8583430647850037,,0.8646513615795142,0.8646513615795142,False,False,False,67.52237701416016
070121,1,1,0,1.0,0.0,1,1,True,1.0,True,True,0,1,0.8521617650985718,0.8739705681800842,0.8026594178643504,0.8847350262402984,0.8847350262402984,True,True,True,67.52237701416016
070121,2,2,0,1.0,0.0,1,1,True,1.0,True,True,2,5,0.7782799601554871,0.8389965295791626,0.8808872283919195,0.8738107733598721,0.8738107733598721,True,True,True,67.52237701416016
070121,3,3,0,1.0,0.0,1,1,True,1.0,False,True,,0,,0.8752104043960571,,0.922537924823278,0.922537924823278,True,True,True,67.52237701416016
070121,4,4,0,1.0,0.0,1,1,True,1.0,False,True,,6,,0.4238871932029724,,0.8884850326522695,0.8884850326522695,True,True,True,67.52237701416016
070121,5,5,0,1.0,0.0,1,1,True,1.0,True,True,3,4,0.5947712659835815,0.852742075920105,0.5288505395333258,0.9256475927142476,0.9256475927142476,True,True,True,67.52237701416016
070121,6,6,0,1.0,0.0,1,1,True,1.0,True,True,1,3,0.808344841003418,0.8549145460128784,0.8461216441071466,0.9163867398583134,0.9163867398583134,True,True,True,67.52237701416016
070130,0,0,0,1.0,0.0,1,1,True,1.0,False,True,,1,,0.8364579081535339,,0.9376123231415495,0.9376123231415495,True,True,False,66.70122528076172
070130,1,1,0,1.0,0.0,1,1,True,1.0,True,True,0,0,0.4801422655582428,0.8833484649658203,0.6498592725864658,0.9716399614303283,0.9716399614303283,True,True,True,66.70122528076172
070151,0,0,0,1.0,0.0,1,1,True,1.0,False,True,,0,,0.8757264018058777,,0.9173015285767784,0.9173015285767784,False,False,False,63.45216369628906
070151,1,1,0,1.0,0.0,1,1,True,1.0,True,True,0,1,0.35828354954719543,0.3080999553203583,0.568494828150032,0.7156546518553369,0.7156546518553369,True,True,True,63.45216369628906
070160,0,0,0,1.0,0.0,2,2,False,0.8539198181360622,True,True,0,0,0.8310365080833435,0.8226486444473267,0.5051296918751093,0.5974496688279354,0.5974496688279354,True,True,True,66.85579681396484
070160,1,1,0,1.0,0.0,2,2,False,0.8539198181360622,False,False,,,,,,,,True,True,False,66.85579681396484
070160,2,2,0,1.0,0.0,1,1,True,1.0,False,True,,1,,0.8160346746444702,,0.8940895166988703,0.8940895166988703,False,False,False,66.85579681396484
070160,3,3,0,1.0,0.0,1,1,True,1.0,False,True,,2,,0.6122486591339111,,0.8852199461266004,0.8852199461266004,False,False,False,66.85579681396484
070165,0,0,0,1.0,0.0,2,2,False,0.6384149785048386,False,False,,,,,,,,True,True,False,56.628780364990234
070165,1,1,0,1.0,0.0,2,2,False,0.6384149785048386,True,True,0,1,0.8468382954597473,0.6477391719818115,0.9162004023798244,0.8074706447083411,0.8074706447083411,True,True,True,56.628780364990234
070165,2,2,0,1.0,0.0,1,1,True,1.0,True,True,1,0,0.7208335399627686,0.8825504779815674,0.7827829753814388,0.9587059575153603,0.9587059575153603,True,True,True,56.628780364990234
070176,0,0,0,1.0,0.0,1,1,True,1.0,True,True,3,0,0.45631587505340576,0.8307985663414001,0.6338524658072429,0.9233462532529971,0.9233462532529971,True,True,True,51.21564483642578
070176,1,1,0,1.0,0.0,2,2,False,0.6660001913074298,True,True,0,2,0.8315760493278503,0.7718567848205566,0.9338646863016148,0.848360789733979,0.848360789733979,True,True,True,51.21564483642578
070176,2,2,0,1.0,0.0,2,2,False,0.6660001913074298,True,True,2,3,0.7500662207603455,0.61794513463974,0.8268617459830816,0.7982524906343814,0.7982524906343814,True,True,True,51.21564483642578
070176,3,3,0,1.0,0.0,1,1,True,0.9317893798467313,True,True,1,1,0.7661486268043518,0.7914831638336182,0.8793235817031874,0.7372682887255628,0.7372682887255628,True,True,True,51.21564483642578
070176,4,4,0,1.0,0.0,1,1,True,0.9317893798467313,False,False,,,,,,,,True,True,False,51.21564483642578
070176,5,5,0,1.0,0.0,1,1,True,1.0,False,False,,,,,,,,False,False,False,51.21564483642578
070176,6,6,0,1.0,0.0,1,1,True,1.0,False,False,,,,,,,,False,False,False,51.21564483642578
070188,0,0,0,1.0,0.0,2,2,False,0.8277741671585446,True,True,0,0,0.8370832800865173,0.8570380806922913,0.8051669676724239,0.8323755993027677,0.8323755993027677,True,True,True,65.5993881225586
070188,1,1,0,1.0,0.0,2,2,False,0.8277741671585446,False,True,,2,,0.7420951724052429,,0.7665481795558692,0.7665481795558692,True,True,False,65.5993881225586
070188,2,2,0,1.0,0.0,1,1,True,0.9827295751523257,True,True,1,1,0.6585204601287842,0.7980537414550781,0.6911278813680025,0.8376996222519139,0.8376996222519139,True,True,True,65.5993881225586
070188,3,3,0,1.0,0.0,1,1,True,1.0,False,True,,3,,0.562294065952301,,0.6674968135345396,0.6674968135345396,False,False,False,65.5993881225586
070188,4,4,0,1.0,0.0,1,1,True,0.9818250217031261,False,False,,,,,,,,False,False,False,65.5993881225586
070188,5,5,0,1.0,0.0,1,1,True,0.9827295751523257,False,False,,,,,,,,False,False,False,65.5993881225586
070193,0,0,0,1.0,0.0,1,1,True,1.0,True,True,0,0,0.8549056053161621,0.8780702352523804,0.8494580151220227,0.9480753536672932,0.9480753536672932,True,True,True,65.72627258300781
070193,1,1,0,1.0,0.0,1,1,True,1.0,False,True,,1,,0.8108322620391846,,0.7334583066757171,0.7334583066757171,False,False,False,65.72627258300781
070193,2,2,0,1.0,0.0,1,1,True,1.0,False,False,,,,,,,,False,False,False,65.72627258300781
070198,0,0,0,1.0,0.0,1,1,True,1.0,False,True,0,0,0.6285302042961121,0.9035958647727966,0.4157288320148502,0.9717876543503231,0.9717876543503231,True,True,False,66.46798706054688
070199,0,0,0,1.0,0.0,1,1,True,1.0,False,True,0,0,0.2774294912815094,0.7839750051498413,0.45474571366474403,0.821253820328779,0.821253820328779,True,True,True,66.74595642089844
070214,0,0,0,1.0,0.0,1,1,True,1.0,True,True,0,2,0.8395074009895325,0.8703581690788269,0.7342647178800586,0.9892367519122417,0.9892367519122417,True,True,True,61.069679260253906
070214,1,1,0,1.0,0.0,1,1,True,1.0,True,True,1,0,0.7980988621711731,0.8850235342979431,0.6628095437777793,0.9353527485474329,0.9353527485474329,True,True,True,61.069679260253906
070214,2,2,0,1.0,0.0,1,1,True,1.0,True,True,2,1,0.748730480670929,0.8759044408798218,0.7492605134746061,0.8949614940535434,0.8949614940535434,True,True,True,61.069679260253906
070222,0,0,0,1.0,0.0,1,1,True,1.0,True,True,1,1,0.6579111814498901,0.7571382522583008,0.5259570347962986,0.7827085966426516,0.7827085966426516,True,True,True,65.59272003173828
070222,1,1,0,1.0,0.0,1,1,True,1.0,True,True,0,0,0.8353606462478638,0.8951762318611145,0.7924881814323805,0.9729086582511274,0.9729086582511274,True,True,True,65.59272003173828
070222,2,2,0,1.0,0.0,1,1,True,1.0,False,False,,,,,,,,False,False,False,65.59272003173828
070279,0,0,0,1.0,0.0,1,1,True,1.0,True,True,1,2,0.6764191389083862,0.7483307123184204,0.5767411822676742,0.9363935703302977,0.9363935703302977,True,True,True,65.70074462890625
070279,1,1,0,1.0,0.0,1,1,True,1.0,False,False,,,,,,,,False,False,False,65.70074462890625
070279,2,2,0,1.0,0.0,1,1,True,1.0,True,True,0,0,0.8136841058731079,0.8713961243629456,0.6135431556034805,0.927905378792643,0.927905378792643,True,True,True,65.70074462890625
070285,0,0,0,1.0,0.0,1,1,True,1.0,False,True,,0,,0.7283484935760498,,0.9437685999313363,0.9437685999313363,False,False,False,66.8967056274414
070285,1,1,0,1.0,0.0,1,1,True,1.0,False,False,,,,,,,,False,False,False,66.8967056274414
070299,0,0,0,1.0,0.0,2,2,False,0.6492915132705012,False,False,,,,,,,,True,True,False,56.522918701171875
070299,1,1,0,1.0,0.0,2,2,False,0.6492915132705012,True,True,0,1,0.8441205024719238,0.717976450920105,0.9115322744471148,0.7530316955146383,0.7530316955146383,True,True,True,56.522918701171875
070299,2,2,0,1.0,0.0,1,1,True,1.0,True,True,1,0,0.7057319283485413,0.8303560614585876,0.7660065113993768,0.8646894383573169,0.8646894383573169,True,True,True,56.522918701171875
070302,0,0,0,1.0,0.0,1,1,True,1.0,True,True,0,0,0.7279860377311707,0.832456111907959,0.7840526500904152,0.9103378210774187,0.9103378210774187,True,True,True,51.89748764038086
070302,1,1,0,1.0,0.0,1,1,True,1.0,False,True,,1,,0.7482298016548157,,0.8477420590248952,0.8477420590248952,False,False,False,51.89748764038086
070302,2,2,0,1.0,0.0,1,1,True,1.0,False,False,,,,,,,,False,False,False,51.89748764038086
070363,0,0,0,1.0,0.0,2,2,False,0.6337167831189059,True,True,0,1,0.8266475796699524,0.7967068552970886,0.9395895170090665,0.8921901944286003,0.8921901944286003,True,True,True,49.6164436340332
070363,1,1,0,1.0,0.0,2,2,False,0.6337167831189059,True,True,2,3,0.7130559086799622,0.716148853302002,0.7799507181974443,0.8315209899016776,0.8315209899016776,True,True,True,49.6164436340332
070363,2,2,0,1.0,0.0,1,1,True,0.9291523422947358,True,True,1,0,0.7687968015670776,0.7997674942016602,0.8335076202295081,0.77913948013408,0.77913948013408,True,True,True,49.6164436340332
070363,3,3,0,1.0,0.0,1,1,True,0.9291523422947358,False,False,,,,,,,,False,False,False,49.6164436340332
070363,4,4,0,1.0,0.0,1,1,True,1.0,True,True,3,4,0.5085376501083374,0.46423569321632385,0.7171849543503448,0.9264107890145359,0.9264107890145359,True,True,True,49.6164436340332
070363,5,5,0,1.0,0.0,2,2,False,0.8277639383580278,False,True,,2,,0.731351912021637,,0.9057739502660088,0.9057739502660088,False,False,False,49.6164436340332
070363,6,6,0,1.0,0.0,2,2,False,0.8277639383580278,False,False,,,,,,,,False,False,False,49.6164436340332
070369,0,0,0,1.0,0.0,1,1,True,1.0,False,True,,3,,0.4822365939617157,,0.5196739925332083,0.5196739925332083,False,False,False,59.72333908081055
070369,1,1,0,1.0,0.0,1,1,True,1.0,False,False,,,,,,,,False,False,False,59.72333908081055
070369,2,2,0,1.0,0.0,1,1,True,0.9292149372306914,False,True,,2,,0.853798508644104,,0.9131437139995847,0.9131437139995847,True,True,True,59.72333908081055
070369,3,3,0,1.0,0.0,1,1,True,1.0,True,True,0,0,0.8127372860908508,0.8833501935005188,0.8962621186037506,0.9528953671782904,0.9528953671782904,True,True,True,59.72333908081055
070369,4,4,0,1.0,0.0,1,1,True,0.9292149372306914,True,True,1,1,0.7976372838020325,0.8571973443031311,0.6090758372213692,0.8702590679665192,0.8702590679665192,True,True,True,59.72333908081055
070373,0,0,0,1.0,0.0,1,1,True,1.0,True,True,0,0,0.7990083694458008,0.8625606298446655,0.6422220706254803,0.9313486029893729,0.9313486029893729,True,True,True,67.44271087646484
070373,1,1,0,1.0,0.0,1,1,True,0.9634743074169592,True,True,4,3,0.31343764066696167,0.7464656829833984,0.5000669539983533,0.8886955107246367,0.8886955107246367,True,True,True,67.44271087646484
070373,2,2,0,1.0,0.0,1,1,True,0.9436563614704364,True,True,2,2,0.7167494297027588,0.760580837726593,0.771605648709124,0.8623512183283271,0.8623512183283271,True,True,True,67.44271087646484
070373,3,3,0,1.0,0.0,1,1,True,0.9372966980193664,True,True,1,1,0.7943815588951111,0.7947462797164917,0.7449961553632366,0.8735579371735883,0.8735579371735883,True,True,True,67.44271087646484
070373,4,4,0,1.0,0.0,1,1,True,0.9372966980193664,False,True,,4,,0.6716030836105347,,0.5591285066545432,0.5591285066545432,True,True,False,67.44271087646484
070408,0,0,0,1.0,0.0,1,1,True,1.0,False,True,,1,,0.7517935633659363,,0.7742675378078077,0.7742675378078077,False,False,False,62.97265625
070417,0,0,0,1.0,0.0,1,1,True,1.0,True,True,1,1,0.7670547962188721,0.789741575717926,0.6475755437400527,0.8117362759269421,0.8117362759269421,True,True,True,68.30415344238281
070417,1,1,0,1.0,0.0,1,1,True,1.0,True,True,0,0,0.8530305624008179,0.8734167218208313,0.7508968553743389,0.9251741680100037,0.9251741680100037,True,True,True,68.30415344238281
070437,0,0,0,1.0,0.0,1,1,True,1.0,True,True,0,0,0.7394712567329407,0.8687419891357422,0.6387840160014105,0.943401970306684,0.943401970306684,True,True,True,67.42170715332031
070441,0,0,0,1.0,0.0,1,1,True,1.0,False,False,,,,,,,,False,False,False,65.96007537841797
070441,1,1,0,1.0,0.0,1,1,True,1.0,False,False,0,,0.6794861555099487,,0.3744301193804295,,,True,True,False,65.96007537841797
070441,2,2,0,1.0,0.0,1,1,True,1.0,False,False,,,,,,,,False,False,False,65.96007537841797
070441,3,3,0,1.0,0.0,1,1,True,1.0,False,False,,,,,,,,True,True,False,65.96007537841797
070447,0,0,0,1.0,0.0,2,2,False,0.7823954090938557,True,True,1,2,0.7691279649734497,0.7912147045135498,0.5780674557137447,0.8128628662087807,0.8128628662087807,True,True,True,64.98526000976562
070447,1,1,0,1.0,0.0,2,2,False,0.7823954090938557,False,True,,3,,0.7571085691452026,,0.8317762990862091,0.8317762990862091,True,True,False,64.98526000976562
070447,2,2,0,1.0,0.0,2,2,False,0.8962193046040335,False,False,,,,,,,,False,False,False,64.98526000976562
070447,3,3,0,1.0,0.0,2,2,False,0.8962193046040335,False,True,,1,,0.8074012994766235,,0.8607704389180495,0.8607704389180495,False,False,False,64.98526000976562
070447,4,4,0,1.0,0.0,2,2,False,0.888878759915066,False,True,,4,,0.4249073565006256,,0.8494745528269588,0.8494745528269588,True,True,False,64.98526000976562
070447,5,5,0,1.0,0.0,2,2,False,0.888878759915066,True,True,0,0,0.8096795678138733,0.821044385433197,0.824262700297451,0.9748579534138101,0.9748579534138101,True,True,True,64.98526000976562
070447,6,6,0,1.0,0.0,1,1,True,0.9745050944072109,False,False,,,,,,,,False,False,False,64.98526000976562
070447,7,7,0,1.0,0.0,1,1,True,1.0,False,False,,,,,,,,False,False,False,64.98526000976562
070447,8,8,0,1.0,0.0,1,1,True,1.0,False,False,,,,,,,,False,False,False,64.98526000976562
070451,0,0,0,1.0,0.0,1,1,True,1.0,True,True,0,1,0.8108852505683899,0.8066953420639038,0.5128118144581254,0.8028286580694434,0.8028286580694434,True,True,True,66.84526062011719
070451,1,1,0,1.0,0.0,1,1,True,1.0,True,True,1,0,0.8069454431533813,0.8067575097084045,0.6186328348657267,0.7694473947847507,0.7694473947847507,True,True,True,66.84526062011719
070452,0,0,0,1.0,0.0,1,1,True,1.0,True,True,0,0,0.7781087160110474,0.884965181350708,0.5225983940354206,0.9196968190424701,0.9196968190424701,True,True,True,58.6088752746582
120003,0,0,0,1.0,0.0,1,1,True,1.0,False,True,1,1,0.7527410387992859,0.839239239692688,0.40911097064674606,0.6662403771175969,0.6662403771175969,True,True,False,20.325305938720703
120003,1,1,0,1.0,0.0,1,1,True,1.0,True,True,2,0,0.42945587635040283,0.8588758707046509,0.8297107083074818,0.7911879403859776,0.7911879403859776,True,True,True,20.325305938720703
120020,0,0,0,1.0,0.0,1,1,True,1.0,True,True,0,0,0.7876796722412109,0.893119215965271,0.7993592025360957,0.8915491002075918,0.8915491002075918,True,True,True,20.638002395629883
120020,1,1,0,1.0,0.0,1,1,True,1.0,True,True,4,2,0.6970561742782593,0.8229051828384399,0.7040504221039806,0.8456407208855032,0.8456407208855032,True,True,True,20.638002395629883
120020,2,2,0,1.0,0.0,1,1,True,1.0,True,True,3,1,0.698874831199646,0.8488064408302307,0.8701553116988577,0.7267313590137374,0.7267313590137374,True,True,True,20.638002395629883
120020,3,3,0,1.0,0.0,1,1,True,1.0,True,True,5,3,0.6110816597938538,0.6706251502037048,0.7860836076968384,0.7100072491394112,0.7100072491394112,True,True,True,20.638002395629883
120024,0,0,0,1.0,0.0,1,1,True,1.0,True,True,3,0,0.5640483498573303,0.8169295191764832,0.6238490195459997,0.7620311814438079,0.7620311814438079,True,True,True,20.291643142700195
120024,1,1,0,1.0,0.0,2,2,False,0.6534925641966802,False,True,,1,,0.8056038022041321,,0.7847384326125948,0.7847384326125948,True,True,True,20.291643142700195
120024,2,2,0,1.0,0.0,2,2,False,0.6534925641966802,True,False,1,,0.7393407821655273,,0.6293745334120606,,,True,True,True,20.291643142700195
120030,0,0,0,1.0,0.0,1,1,True,1.0,True,True,1,0,0.7663074731826782,0.8504294753074646,0.6758410845168733,0.8653858189631438,0.8653858189631438,True,True,True,20.643369674682617
120030,1,1,0,1.0,0.0,1,1,True,1.0,False,False,,,,,,,,False,False,False,20.643369674682617
120035,0,0,0,1.0,0.0,1,1,True,1.0,True,True,1,0,0.7172566056251526,0.8629851341247559,0.6173698712015343,0.9415818580790082,0.9415818580790082,True,True,True,20.713403701782227
120035,1,1,0,1.0,0.0,1,1,True,1.0,True,True,2,1,0.6312456130981445,0.789763867855072,0.5531741264980949,0.9356552210170413,0.9356552210170413,True,True,True,20.713403701782227
120051,0,0,0,1.0,0.0,1,1,True,1.0,False,True,,0,,0.8754288554191589,,0.784964457554044,0.784964457554044,True,True,True,20.538414001464844
120051,1,1,0,1.0,0.0,1,1,True,1.0,False,True,,1,,0.7033953070640564,,0.6812965551659519,0.6812965551659519,False,False,False,20.538414001464844
120051,2,2,0,1.0,0.0,1,1,True,1.0,False,False,2,,0.2780058681964874,,0.30908282443841445,,,True,True,False,20.538414001464844
120081,0,0,0,1.0,0.0,1,1,True,1.0,True,True,2,0,0.4591083228588104,0.8514657020568848,0.6654363865019068,0.8087051686534704,0.8087051686534704,True,True,True,21.486156463623047
120083,0,0,0,1.0,0.0,1,1,True,1.0,False,True,,0,,0.8611064553260803,,0.8674673013427916,0.8674673013427916,True,True,True,23.000295639038086
120083,1,1,0,1.0,0.0,1,1,True,1.0,True,True,1,1,0.7167292833328247,0.7640887498855591,0.5991362172891456,0.6140138667879603,0.6140138667879603,True,True,True,23.000295639038086
120087,0,0,0,1.0,0.0,1,1,True,1.0,False,True,,0,,0.8504019379615784,,0.7657934227786818,0.7657934227786818,True,True,True,21.317630767822266
120088,0,0,0,1.0,0.0,1,1,True,1.0,True,True,1,1,0.7344723343849182,0.8757529258728027,0.8817309546684822,0.8661002579204417,0.8661002579204417,True,True,True,20.641071319580078
120088,1,1,0,1.0,0.0,1,1,True,1.0,True,True,2,0,0.682081937789917,0.8937406539916992,0.7616161819413353,0.7697679052232727,0.7697679052232727,True,True,True,20.641071319580078
120088,2,2,0,1.0,0.0,2,2,False,0.8973242298442743,True,True,5,2,0.4012070596218109,0.8093746900558472,0.7052103253727462,0.8521612556444361,0.8521612556444361,True,True,True,20.641071319580078
120088,3,3,0,1.0,0.0,2,2,False,0.8973242298442743,False,True,4,3,0.5753177404403687,0.6611202359199524,0.4605909981749518,0.9334081828537708,0.9334081828537708,True,True,False,20.641071319580078
120088,4,4,0,1.0,0.0,1,1,True,0.972923243796763,True,True,3,4,0.6641420125961304,0.5550855994224548,0.579676718057167,0.7736468313898158,0.7736468313898158,True,True,True,20.641071319580078
120089,0,0,0,1.0,0.0,2,2,False,0.8897222323804587,True,True,3,1,0.3567770719528198,0.8245325684547424,0.6258593088315578,0.792967476075989,0.792967476075989,True,True,True,20.54583740234375
120089,1,1,0,1.0,0.0,1,1,True,0.9446920938941749,False,True,2,0,0.6733439564704895,0.865761935710907,0.3864886698486114,0.7379159911334786,0.7379159911334786,True,True,False,20.54583740234375
120089,2,2,0,1.0,0.0,2,2,False,0.8897222323804587,False,True,,2,,0.7090927362442017,,0.5345892506302722,0.5345892506302722,True,True,False,20.54583740234375
120111,0,0,0,1.0,0.0,1,1,True,1.0,False,True,,3,,0.595591127872467,,0.7156974510820714,0.7156974510820714,False,False,False,21.022626876831055
120111,1,1,0,1.0,0.0,1,1,True,1.0,True,True,2,0,0.663113534450531,0.835497260093689,0.8279952927330194,0.8753569163972371,0.8753569163972371,True,True,True,21.022626876831055
120111,2,2,0,1.0,0.0,1,1,True,1.0,False,True,4,1,0.256030797958374,0.7511250972747803,0.37102575401692295,0.5970326375833036,0.5970326375833036,True,True,False,21.022626876831055
120111,3,3,0,1.0,0.0,1,1,True,1.0,False,True,3,2,0.2773634195327759,0.6577172875404358,0.3630412858104553,0.6997708625998159,0.6997708625998159,True,True,False,21.022626876831055
120114,0,0,0,1.0,0.0,1,1,True,1.0,True,True,1,1,0.7696509957313538,0.7118368148803711,0.5554532166503041,0.7638566411430933,0.7638566411430933,True,True,True,21.223281860351562
120114,1,1,0,1.0,0.0,1,1,True,1.0,True,True,2,0,0.7541015148162842,0.8735923171043396,0.6092655025979918,0.8505233285664778,0.8505233285664778,True,True,True,21.223281860351562
120133,0,0,0,1.0,0.0,1,1,True,1.0,False,True,1,0,0.7283872961997986,0.832482099533081,0.4849788542853318,0.7963007173937926,0.7963007173937926,True,True,False,20.59174156188965
120133,1,1,0,1.0,0.0,1,1,True,1.0,True,True,2,1,0.6184889674186707,0.5647226572036743,0.7350554240829356,0.8311528941698373,0.8311528941698373,True,True,True,20.59174156188965
120139,0,0,0,1.0,0.0,1,1,True,1.0,False,True,,1,,0.8299450278282166,,0.697690934046503,0.697690934046503,True,True,False,21.29354476928711
120139,1,1,0,1.0,0.0,1,1,True,1.0,False,True,1,0,0.7163839340209961,0.8361812829971313,0.3616172591880388,0.8443552166702247,0.8443552166702247,True,True,False,21.29354476928711
120151,0,0,0,1.0,0.0,1,1,True,0.9808267758925793,True,True,1,0,0.7340631484985352,0.8802307844161987,0.795776059180589,0.8786472638244823,0.8786472638244823,True,True,True,20.659626007080078
120151,1,1,0,1.0,0.0,1,1,True,0.9808267758925793,True,True,2,1,0.662524402141571,0.8623533844947815,0.8221451787478169,0.7785052974031231,0.7785052974031231,True,True,True,20.659626007080078
120151,2,2,0,1.0,0.0,1,1,True,1.0,False,True,,2,,0.8402817249298096,,0.9106623531195747,0.9106623531195747,False,False,False,20.659626007080078
120151,3,3,0,1.0,0.0,1,1,True,0.9999999187573005,False,True,3,3,0.5798976421356201,0.7543997168540955,0.44613874784901364,0.8648356501247231,0.8648356501247231,True,True,False,20.659626007080078
120151,4,4,0,1.0,0.0,1,1,True,0.9999999187573005,False,True,,4,,0.518913745880127,,0.5434390910433159,0.5434390910433159,True,True,False,20.659626007080078
120155,0,0,0,1.0,0.0,1,1,True,1.0,True,True,1,0,0.7695178985595703,0.8445394039154053,0.7726595909412692,0.9706295857778999,0.9706295857778999,True,True,True,20.637264251708984
120155,1,1,0,1.0,0.0,1,1,True,1.0,False,True,,2,,0.7362132668495178,,0.7587196042906649,0.7587196042906649,True,True,False,20.637264251708984
120155,2,2,0,1.0,0.0,1,1,True,1.0,False,True,,1,,0.8006485104560852,,0.5674969789024871,0.5674969789024871,True,True,True,20.637264251708984
120155,3,3,0,1.0,0.0,1,1,True,1.0,False,True,,3,,0.510136604309082,,0.8484672326164744,0.8484672326164744,False,False,False,20.637264251708984
120157,0,0,0,1.0,0.0,2,2,False,0.6885202630780345,True,True,2,1,0.7212108373641968,0.8339109420776367,0.6703323359080753,0.8735530491682831,0.8735530491682831,True,True,True,21.957101821899414
120157,1,1,0,1.0,0.0,2,2,False,0.6885202630780345,False,True,,2,,0.5806382894515991,,0.8825151381060721,0.8825151381060721,True,True,False,21.957101821899414
120157,2,2,0,1.0,0.0,1,1,True,1.0,False,True,,0,,0.8898329138755798,,0.9492977619887597,0.9492977619887597,False,False,False,21.957101821899414
120157,3,3,0,1.0,0.0,1,1,True,0.9475929792047869,False,True,,4,,0.3255360424518585,,0.8060884574889191,0.8060884574889191,False,False,False,21.957101821899414
120157,4,4,0,1.0,0.0,1,1,True,0.9475929792047869,False,False,,,,,,,,False,False,False,21.957101821899414
120162,0,0,0,1.0,0.0,1,1,True,1.0,True,True,2,0,0.7425019145011902,0.8821075558662415,0.7388600619939093,0.7232181665382992,0.7232181665382992,True,True,True,21.597925186157227
120165,0,0,0,1.0,0.0,1,1,True,1.0,True,True,1,1,0.7393333315849304,0.8439953327178955,0.5253308092531772,0.7271844333918583,0.7271844333918583,True,True,True,21.20547103881836
120165,1,1,0,1.0,0.0,1,1,True,1.0,False,True,,0,,0.866020143032074,,0.819299640218289,0.819299640218289,True,True,True,21.20547103881836
120165,2,2,0,1.0,0.0,1,1,True,0.9562400379065141,False,False,,,,,,,,True,True,True,21.20547103881836
120165,3,3,0,1.0,0.0,1,1,True,0.9562400379065141,False,True,,2,,0.7361665368080139,,0.8699410710769053,0.8699410710769053,True,True,True,21.20547103881836
120199,0,0,0,1.0,0.0,1,1,True,1.0,True,True,2,0,0.3813822269439697,0.8564085364341736,0.6652903565014788,0.8855926642201662,0.8855926642201662,True,True,True,20.565425872802734
120225,0,0,0,1.0,0.0,1,1,True,1.0,True,True,2,0,0.5996630191802979,0.7417715787887573,0.77515346048896,0.7239392460028443,0.7239392460028443,True,True,True,20.628835678100586
120227,0,0,0,1.0,0.0,1,1,True,1.0,False,True,,0,,0.8254973888397217,,0.6810315688250845,0.6810315688250845,True,True,True,21.7153263092041
120227,1,1,0,1.0,0.0,1,1,True,1.0,False,True,2,1,0.6937864422798157,0.7388581037521362,0.4911265698630301,0.7659218066614009,0.7659218066614009,True,True,False,21.7153263092041
120227,2,2,0,1.0,0.0,1,1,True,1.0,False,True,,2,,0.39836713671684265,,0.7626197511994481,0.7626197511994481,True,True,True,21.7153263092041
120233,0,0,0,1.0,0.0,1,1,True,1.0,False,True,,2,,0.7717957496643066,,0.8715822341862653,0.8715822341862653,True,True,False,20.844284057617188
120233,1,1,0,1.0,0.0,1,1,True,0.9463416777553167,True,True,2,3,0.6695250272750854,0.7378208041191101,0.6740283948752414,0.6378390914903811,0.6378390914903811,True,True,True,20.844284057617188
120233,2,2,0,1.0,0.0,1,1,True,0.9463416777553167,False,False,1,,0.7720580697059631,,0.4915575437456811,,,True,True,False,20.844284057617188
120233,3,3,0,1.0,0.0,1,1,True,1.0,True,True,3,1,0.46990853548049927,0.7943095564842224,0.5368238143471686,0.8671535856428818,0.8671535856428818,True,True,True,20.844284057617188
120233,4,4,0,1.0,0.0,1,1,True,1.0,False,True,,0,,0.8068117499351501,,0.7517856484129991,0.7517856484129991,True,True,False,20.844284057617188
120234,0,0,0,1.0,0.0,1,1,True,0.9725740819103991,False,True,1,4,0.7346731424331665,0.7701114416122437,0.31611620870567075,0.7646099699232379,0.7646099699232379,True,True,False,20.555421829223633
120234,1,1,0,1.0,0.0,1,1,True,0.9725740819103991,False,True,,3,,0.8049913644790649,,0.8048937832229196,0.8048937832229196,True,True,False,20.555421829223633
120234,2,2,0,1.0,0.0,1,1,True,0.9756421557684652,False,True,,1,,0.8435387015342712,,0.7654976598496225,0.7654976598496225,True,True,True,20.555421829223633
120234,3,3,0,1.0,0.0,1,1,True,0.945651430255339,True,True,2,0,0.7226334810256958,0.8542348146438599,0.7341601527772049,0.6615334882436513,0.6615334882436513,True,True,True,20.555421829223633
120234,4,4,0,1.0,0.0,1,1,True,0.945651430255339,True,True,3,2,0.524332582950592,0.8177917003631592,0.6065278528427356,0.522699485152249,0.522699485152249,True,True,True,20.555421829223633
120237,0,0,0,1.0,0.0,1,1,True,1.0,True,True,2,1,0.694863498210907,0.8865976929664612,0.6548235094564656,0.8647855058319297,0.8647855058319297,True,True,True,20.91122817993164
120237,1,1,0,1.0,0.0,1,1,True,1.0,True,True,0,0,0.7781491875648499,0.8993139266967773,0.8101417443976088,0.9177957218378433,0.9177957218378433,True,True,True,20.91122817993164
120273,0,0,0,1.0,0.0,1,1,True,1.0,True,True,1,0,0.41397807002067566,0.8382921814918518,0.7105311976360437,0.7498834261665586,0.7498834261665586,True,True,True,22.343114852905273
120273,1,1,0,1.0,0.0,1,1,True,1.0,False,False,,,,,,,,False,False,False,22.343114852905273
120273,2,2,0,1.0,0.0,1,1,True,1.0,False,False,,,,,,,,False,False,False,22.343114852905273
120288,0,0,0,1.0,0.0,1,1,True,1.0,True,True,3,1,0.5518282055854797,0.8439435958862305,0.755654258627483,0.9168783828939367,0.9168783828939367,True,True,True,20.805233001708984
120288,1,1,0,1.0,0.0,1,1,True,1.0,True,True,0,0,0.7846940755844116,0.8449357748031616,0.8404689774972228,0.9306209227656235,0.9306209227656235,True,True,True,20.805233001708984
120298,0,0,0,1.0,0.0,1,1,True,1.0,True,True,2,0,0.7559573650360107,0.8952939510345459,0.6008182795849958,0.8366342040911348,0.8366342040911348,True,True,True,20.678030014038086
120357,0,0,0,1.0,0.0,1,1,True,0.9764634883324419,True,True,1,0,0.720543384552002,0.794589102268219,0.5199835056122858,0.6748158732690482,0.6748158732690482,True,True,True,20.518966674804688
120357,1,1,0,1.0,0.0,1,1,True,0.9764634883324419,False,True,,1,,0.7354299426078796,,0.7289324348494313,0.7289324348494313,True,True,False,20.518966674804688
120357,2,2,0,1.0,0.0,1,1,True,0.9869167535777342,False,True,,2,,0.7135456204414368,,0.5823477907708872,0.5823477907708872,False,False,False,20.518966674804688
120426,0,0,0,1.0,0.0,1,1,True,1.0,False,True,,2,,0.8402395248413086,,0.8261669099364448,0.8261669099364448,True,True,False,20.45139503479004
120426,1,1,0,1.0,0.0,1,1,True,1.0,False,True,,0,,0.8752625584602356,,0.6890313789835921,0.6890313789835921,True,True,False,20.45139503479004
120426,2,2,0,1.0,0.0,1,1,True,1.0,True,True,1,4,0.7684916853904724,0.78094482421875,0.6155241084603502,0.8300362755112524,0.8300362755112524,True,True,True,20.45139503479004
120426,3,3,0,1.0,0.0,1,1,True,1.0,True,True,3,1,0.5367691516876221,0.842928946018219,0.6047823850783738,0.767771021625455,0.767771021625455,True,True,True,20.45139503479004
120426,4,4,0,1.0,0.0,1,1,True,1.0,False,True,,3,,0.836848258972168,,0.7545242188777033,0.7545242188777033,True,True,True,20.45139503479004
120427,0,0,0,1.0,0.0,1,1,True,1.0,True,True,2,1,0.44593679904937744,0.8018191456794739,0.6783393224541742,0.909864839078811,0.909864839078811,True,True,True,20.946941375732422
120427,1,1,0,1.0,0.0,1,1,True,1.0,True,True,3,0,0.3562878668308258,0.8081291913986206,0.5194019557569954,0.8221950458512418,0.8221950458512418,True,True,True,20.946941375732422
120429,0,0,0,1.0,0.0,1,1,True,0.9400570929438593,False,True,2,7,0.7553960084915161,0.41974779963493347,0.3901824685255278,0.6449309456308002,0.6449309456308002,True,True,False,21.654226303100586
120429,1,1,0,1.0,0.0,1,1,True,0.9400570929438593,False,True,,8,,0.36334988474845886,,0.5836067843620787,0.5836067843620787,True,True,False,21.654226303100586
120429,2,2,0,1.0,0.0,1,1,True,1.0,False,True,1,3,0.7594215273857117,0.808052122592926,0.38796903007158634,0.6981958039071595,0.6981958039071595,True,True,False,21.654226303100586
120429,3,3,0,1.0,0.0,1,1,True,1.0,False,True,,2,,0.8450906276702881,,0.7185279453602558,0.7185279453602558,True,True,True,21.654226303100586
120429,4,4,0,1.0,0.0,1,1,True,0.9251862235956341,False,False,,,,,,,,True,True,False,21.654226303100586
120429,5,5,0,1.0,0.0,1,1,True,0.9251862235956341,False,False,6,,0.5439044237136841,,0.45111581003396695,,,True,True,False,21.654226303100586
120429,6,6,0,1.0,0.0,1,1,True,0.9707093823912526,True,True,5,0,0.5862835645675659,0.8715946674346924,0.7148803965270079,0.8233006774325818,0.8233006774325818,True,True,True,21.654226303100586
120429,7,7,0,1.0,0.0,1,1,True,0.9707093823912526,True,True,4,1,0.6212275624275208,0.8498475551605225,0.6547308219588569,0.763660390723281,0.763660390723281,True,True,True,21.654226303100586
120429,8,8,0,1.0,0.0,1,1,True,1.0,False,True,3,5,0.689179539680481,0.7859796285629272,0.48556624826135386,0.6022793380700999,0.6022793380700999,True,True,False,21.654226303100586
120429,9,9,0,1.0,0.0,1,1,True,1.0,False,True,,4,,0.7983375787734985,,0.61221714277216,0.61221714277216,False,False,False,21.654226303100586
120431,0,0,0,1.0,0.0,1,1,True,1.0,False,True,,0,,0.8637679815292358,,0.8750268836877575,0.8750268836877575,True,True,True,20.789573669433594
120444,0,0,0,1.0,0.0,1,1,True,1.0,True,True,1,0,0.7494422793388367,0.8711557388305664,0.8958253086907318,0.9685114264886839,0.9685114264886839,True,True,True,20.437238693237305
120455,0,0,0,1.0,0.0,1,1,True,1.0,True,True,0,0,0.7856519818305969,0.8780576586723328,0.6736108582629359,0.7006041672107057,0.7006041672107057,True,True,True,20.569419860839844
120455,1,1,0,1.0,0.0,1,1,True,1.0,False,True,3,1,0.6997846364974976,0.7465852499008179,0.4866743735377963,0.8393463625505482,0.8393463625505482,True,True,False,20.569419860839844
120456,0,0,0,1.0,0.0,1,1,True,1.0,True,True,0,0,0.7942087054252625,0.8899730443954468,0.7678905630037128,0.8083266698385483,0.8083266698385483,True,True,True,20.476497650146484
250002,0,0,0,1.0,0.0,1,1,True,1.0,True,True,0,0,0.8117364048957825,0.611583411693573,0.8208688372157756,0.7371206283173073,0.7371206283173073,True,True,True,130.8225555419922
250010,0,0,0,1.0,0.0,1,1,True,1.0,True,True,0,0,0.8512991070747375,0.8982550501823425,0.9278819497126956,0.9525900197647968,0.9525900197647968,True,True,True,32.21949005126953
250031,0,0,0,1.0,0.0,1,1,True,1.0,True,True,0,1,0.8673727512359619,0.8710671067237854,0.5523716601042874,0.859198271503303,0.859198271503303,True,True,True,121.34021759033203
250031,1,1,0,1.0,0.0,1,1,True,1.0,True,True,1,0,0.8610442280769348,0.8725159168243408,0.519158641340809,0.8851386961663757,0.8851386961663757,True,True,True,121.34021759033203
250056,0,0,0,1.0,0.0,1,1,True,1.0,True,True,0,0,0.8252410888671875,0.8912550210952759,0.8616721771783963,0.9855447531912973,0.9855447531912973,True,True,True,68.03958129882812
250063,0,0,0,1.0,0.0,1,1,True,1.0,True,True,0,0,0.7160074710845947,0.791557788848877,0.5477099778461444,0.7861399562598224,0.7861399562598224,True,True,True,47.01044845581055
250063,1,1,0,1.0,0.0,1,1,True,1.0,True,True,1,1,0.4741653501987457,0.7890700697898865,0.6251104792796446,0.6066399384335551,0.6066399384335551,True,True,True,47.01044845581055
250097,0,0,0,1.0,0.0,1,1,True,1.0,True,True,1,2,0.7868631482124329,0.5004252195358276,0.6318512361692036,0.7110692789053534,0.7110692789053534,True,True,True,115.53308868408203
250097,1,1,0,1.0,0.0,1,1,True,1.0,True,True,0,0,0.7999394536018372,0.8121752142906189,0.6452233414858483,0.7503711570822624,0.7503711570822624,True,True,True,115.53308868408203
250097,2,2,0,1.0,0.0,1,1,True,1.0,True,True,2,1,0.3788052201271057,0.6173539757728577,0.6099569186589727,0.8251904854485553,0.8251904854485553,True,True,True,115.53308868408203
250105,0,0,0,1.0,0.0,1,1,True,1.0,False,True,0,0,0.8204444646835327,0.8033910989761353,0.3337729748375945,0.8475088345503964,0.8475088345503964,True,True,False,124.02180480957031
250105,1,1,0,1.0,0.0,1,1,True,1.0,False,True,,1,,0.7161205410957336,,0.6370633836526838,0.6370633836526838,False,False,False,124.02180480957031
250111,0,0,0,1.0,0.0,1,1,True,1.0,True,True,0,0,0.7845151424407959,0.8120958805084229,0.7948407085114452,0.6803180479125878,0.6803180479125878,True,True,True,62.42974853515625
250111,1,1,0,1.0,0.0,1,1,True,1.0,False,True,,1,,0.2734281122684479,,0.8165875790367949,0.8165875790367949,False,False,False,62.42974853515625
250122,0,0,0,1.0,0.0,1,1,True,1.0,True,True,0,0,0.7938120365142822,0.8142848014831543,0.7447999097750674,0.9156686621127575,0.9156686621127575,True,True,True,64.88863372802734
250151,0,0,0,1.0,0.0,1,1,True,1.0,True,True,0,1,0.8198150396347046,0.8398042917251587,0.9016456315839599,0.8917811010878717,0.8917811010878717,True,True,True,120.87276458740234
250151,1,1,0,1.0,0.0,1,1,True,1.0,False,True,,2,,0.8383434414863586,,0.9403569483471508,0.9403569483471508,False,False,False,120.87276458740234
250151,2,2,0,1.0,0.0,1,1,True,1.0,False,True,,0,,0.8645808696746826,,0.9652657751612531,0.9652657751612531,False,False,False,120.87276458740234
250156,0,0,0,1.0,0.0,1,1,True,1.0,True,True,0,1,0.7738109827041626,0.7559854984283447,0.5336107344709398,0.5975645464429373,0.5975645464429373,True,True,True,20.76726531982422
250156,1,1,0,1.0,0.0,2,2,False,0.8186978748159924,True,True,1,0,0.7497889995574951,0.7999373078346252,0.6192166543227211,0.6846200969603177,0.6846200969603177,True,True,True,20.76726531982422
250156,2,2,0,1.0,0.0,2,2,False,0.8186978748159924,False,False,,,,,,,,True,True,False,20.76726531982422
250157,0,0,0,1.0,0.0,1,1,True,1.0,True,True,0,0,0.803964376449585,0.8783707022666931,0.767363210396393,0.8920718729757136,0.8920718729757136,True,True,True,85.95355987548828
250171,0,0,0,1.0,0.0,1,1,True,1.0,True,True,0,0,0.8432770371437073,0.8965734243392944,0.8831016596241601,0.924805367583781,0.924805367583781,True,True,True,34.921104431152344
250171,1,1,0,1.0,0.0,1,1,True,0.9181638622015377,True,True,1,2,0.8425825834274292,0.8531527519226074,0.8153198646873969,0.8682915720898516,0.8682915720898516,True,True,True,34.921104431152344
250171,2,2,0,1.0,0.0,1,1,True,0.9181638622015377,True,True,2,1,0.8276200890541077,0.8575764894485474,0.7800605619934197,0.9085186281612612,0.9085186281612612,True,True,True,34.921104431152344
250198,0,0,0,1.0,0.0,1,1,True,1.0,True,True,0,1,0.8581544160842896,0.8585885763168335,0.5688278918030792,0.9215593108975122,0.9215593108975122,True,True,True,122.07779693603516
250198,1,1,0,1.0,0.0,1,1,True,1.0,True,True,1,0,0.8464171290397644,0.8674321174621582,0.6196021074544715,0.8960389974854707,0.8960389974854707,True,True,True,122.07779693603516
250206,0,0,0,1.0,0.0,1,1,True,1.0,True,True,0,0,0.8043618202209473,0.8184277415275574,0.8930143243216567,0.9211936039675607,0.9211936039675607,True,True,True,125.45740509033203
250209,0,0,0,1.0,0.0,1,1,True,1.0,True,True,0,0,0.8126846551895142,0.8296600580215454,0.8181612076589423,0.9300735273908628,0.9300735273908628,True,True,True,20.517230987548828
250212,0,0,0,1.0,0.0,1,1,True,1.0,True,True,0,0,0.7336984872817993,0.8011457324028015,0.884743531800396,0.8745669660757618,0.8745669660757618,True,True,True,124.43498229980469
250215,0,0,0,1.0,0.0,1,1,True,1.0,True,True,0,0,0.8599452972412109,0.8370752334594727,0.7482087513997837,0.9022677194759704,0.9022677194759704,True,True,True,118.78820037841797
250236,0,0,0,1.0,0.0,1,1,True,1.0,True,True,0,0,0.8560289740562439,0.8220791220664978,0.9506707602790077,0.9186901833565599,0.9186901833565599,True,True,True,121.93550872802734
250236,1,1,0,1.0,0.0,1,1,True,1.0,True,True,1,1,0.8425818681716919,0.8056042194366455,0.6664269055302491,0.7606086233047318,0.7606086233047318,True,True,True,121.93550872802734
250240,0,0,0,1.0,0.0,1,1,True,1.0,True,True,0,0,0.7834367156028748,0.8042203783988953,0.7689293478650852,0.808069522180565,0.808069522180565,True,True,True,128.0713348388672
250252,0,0,0,1.0,0.0,1,1,True,1.0,True,True,0,0,0.8237928152084351,0.8406112194061279,0.817151164051486,0.963414428827469,0.963414428827469,True,True,True,124.6332778930664
250253,0,0,0,1.0,0.0,1,1,True,1.0,True,True,0,0,0.8165847063064575,0.8410625457763672,0.6777975780604737,0.8641409861343369,0.8641409861343369,True,True,True,122.54153442382812
250259,0,0,0,1.0,0.0,1,1,True,1.0,False,True,,0,,0.8612485527992249,,0.8614164751236743,0.8614164751236743,False,False,False,113.0229721069336
250259,1,1,0,1.0,0.0,1,1,True,1.0,True,True,0,1,0.8272161483764648,0.8088855743408203,0.6109458807265097,0.8153685558886496,0.8153685558886496,True,True,True,113.0229721069336
250261,0,0,0,1.0,0.0,1,1,True,1.0,True,True,0,0,0.7967972159385681,0.813529372215271,0.729438463930319,0.7910449980309171,0.7910449980309171,True,True,True,127.0287094116211
250261,1,1,0,1.0,0.0,2,2,False,0.835606565965843,False,True,,2,,0.5556050539016724,,0.7052419904100695,0.7052419904100695,True,True,False,127.0287094116211
250261,2,2,0,1.0,0.0,2,2,False,0.835606565965843,True,True,1,1,0.6252888441085815,0.7119960188865662,0.5472763368917307,0.6267662241639876,0.6267662241639876,True,True,True,127.0287094116211
250270,0,0,0,1.0,0.0,1,1,True,1.0,False,True,0,0,0.8307170271873474,0.8421030640602112,0.4211635469084901,0.8023845924549906,0.8023845924549906,True,True,False,130.7078857421875
250293,0,0,0,1.0,0.0,1,1,True,1.0,True,True,0,0,0.7364298105239868,0.8534043431282043,0.6266436690869435,0.8912790349355089,0.8912790349355089,True,True,True,114.51138305664062
250293,1,1,0,1.0,0.0,1,1,True,1.0,False,False,,,,,,,,False,False,False,114.51138305664062
250302,0,0,0,1.0,0.0,1,1,True,1.0,True,True,0,0,0.8088269233703613,0.7901243567466736,0.6731177067646453,0.625124690874504,0.625124690874504,True,True,True,19.499755859375
250316,0,0,0,1.0,0.0,1,1,True,0.999999972147587,True,True,0,0,0.7582921981811523,0.8011369705200195,0.6131358982512897,0.758201036122439,0.758201036122439,True,True,True,46.9012336730957
250316,1,1,0,1.0,0.0,1,1,True,0.999999972147587,True,True,1,1,0.339668333530426,0.761189341545105,0.7456920921850577,0.7726455450684009,0.7726455450684009,True,True,True,46.9012336730957
250326,0,0,0,1.0,0.0,1,1,True,1.0,True,True,0,0,0.8409419059753418,0.8684749007225037,0.8782034671246288,0.8741320566104985,0.8741320566104985,True,True,True,125.79434967041016
250326,1,1,0,1.0,0.0,1,1,True,1.0,False,True,,1,,0.7675887942314148,,0.9373774758684946,0.9373774758684946,False,False,False,125.79434967041016
250326,2,2,0,1.0,0.0,1,1,True,1.0,False,False,,,,,,,,False,False,False,125.79434967041016
250331,0,0,0,1.0,0.0,1,1,True,1.0,True,True,0,0,0.7900283336639404,0.7428930401802063,0.8398338582699557,0.7744960262776048,0.7744960262776048,True,True,True,19.901275634765625
250332,0,0,0,1.0,0.0,1,1,True,1.0,True,True,0,0,0.8112693428993225,0.8404744267463684,0.6499717345165679,0.8574228585645848,0.8574228585645848,True,True,True,130.24835205078125
250332,1,1,0,1.0,0.0,1,1,True,1.0,True,False,1,,0.7929063439369202,,0.7577596485462582,,,True,True,True,130.24835205078125
250332,2,2,0,1.0,0.0,1,1,True,1.0,False,False,,,,,,,,False,False,False,130.24835205078125
250332,3,3,0,1.0,0.0,1,1,True,1.0,False,True,,2,,0.3599318861961365,,0.7565196610745728,0.7565196610745728,False,False,False,130.24835205078125
250345,0,0,0,1.0,0.0,1,1,True,1.0,False,True,0,0,0.8375826478004456,0.8531540036201477,0.47292390703887216,0.8626736094589148,0.8626736094589148,True,True,False,131.73724365234375
250349,0,0,0,1.0,0.0,1,1,True,1.0,True,True,0,0,0.8573464155197144,0.9130703210830688,0.9074382832833431,0.9680177356562637,0.9680177356562637,True,True,True,32.15114974975586
250354,0,0,0,1.0,0.0,1,1,True,1.0,True,True,0,0,0.7507139444351196,0.8530490398406982,0.6687799447404086,0.7828250457536571,0.7828250457536571,True,True,True,123.76144409179688
250354,1,1,0,1.0,0.0,1,1,True,1.0,False,True,,1,,0.792869508266449,,0.8038185019522418,0.8038185019522418,False,False,False,123.76144409179688
250354,2,2,0,1.0,0.0,1,1,True,1.0,False,True,,2,,0.6743969321250916,,0.8973295457417974,0.8973295457417974,False,False,False,123.76144409179688
250361,0,0,0,1.0,0.0,1,1,True,1.0,True,True,1,0,0.8680176734924316,0.8385767936706543,0.7748741050300734,0.8159681632282686,0.8159681632282686,True,True,True,126.4678955078125
250361,1,1,0,1.0,0.0,1,1,True,1.0,True,True,0,1,0.8724884986877441,0.8111255168914795,0.7023495062229488,0.760046834158143,0.760046834158143,True,True,True,126.4678955078125
250365,0,0,0,1.0,0.0,1,1,True,1.0,True,True,1,1,0.8353936076164246,0.8424701690673828,0.6289427163408808,0.8219517933559127,0.8219517933559127,True,True,True,119.14444732666016
250365,1,1,0,1.0,0.0,1,1,True,1.0,True,True,0,2,0.848061740398407,0.807605504989624,0.8360050755136832,0.8829538628310984,0.8829538628310984,True,True,True,119.14444732666016
250365,2,2,0,1.0,0.0,1,1,True,1.0,False,True,,0,,0.8432256579399109,,0.9231712875330239,0.9231712875330239,True,True,True,119.14444732666016
250368,0,0,0,1.0,0.0,1,1,True,1.0,False,False,3,,0.6894254684448242,,0.46716036168902003,,,True,True,False,20.442983627319336
250368,1,1,0,1.0,0.0,1,1,True,1.0,True,True,0,0,0.8259201049804688,0.9059292674064636,0.7407823973452111,0.7901535839017336,0.7901535839017336,True,True,True,20.442983627319336
250368,2,2,0,1.0,0.0,1,1,True,1.0,True,True,5,1,0.5175216197967529,0.8552933931350708,0.7766444594360732,0.8972568748872075,0.8972568748872075,True,True,True,20.442983627319336
250368,3,3,0,1.0,0.0,1,1,True,1.0,True,True,2,2,0.7035492658615112,0.8528376817703247,0.8388575914857818,0.7549741998228132,0.7549741998228132,True,True,True,20.442983627319336
250389,0,0,0,1.0,0.0,1,1,True,1.0,True,True,0,0,0.8242095112800598,0.7574151754379272,0.7700180849582133,0.8215009555976412,0.8215009555976412,True,True,True,20.198013305664062
250389,1,1,0,1.0,0.0,1,1,True,1.0,True,True,2,3,0.8058241605758667,0.7197494506835938,0.6592917896232788,0.6030757722995029,0.6030757722995029,True,True,True,20.198013305664062
250389,2,2,0,1.0,0.0,1,1,True,1.0,True,True,1,2,0.8116291165351868,0.739752471446991,0.9477769143103337,0.9378185470677721,0.9378185470677721,True,True,True,20.198013305664062
250389,3,3,0,1.0,0.0,1,1,True,1.0,True,True,3,1,0.7993801832199097,0.7519232630729675,0.5995532859256252,0.5512095927269993,0.5512095927269993,True,True,True,20.198013305664062
250396,0,0,0,1.0,0.0,1,1,True,1.0,True,True,0,0,0.8720660209655762,0.9078296422958374,0.8617879433550888,0.9495874448346062,0.9495874448346062,True,True,True,31.510766983032227
250404,0,0,0,1.0,0.0,1,1,True,1.0,True,True,1,0,0.368850976228714,0.8611992597579956,0.5609509557273539,0.8733521699694278,0.8733521699694278,True,True,True,118.1922836303711
250404,1,1,0,1.0,0.0,1,1,True,1.0,True,True,0,1,0.506222665309906,0.8517517447471619,0.6821281156269703,0.9255565231008824,0.9255565231008824,True,True,True,118.1922836303711
250407,0,0,0,1.0,0.0,1,1,True,1.0,True,True,0,0,0.8286234736442566,0.8360069394111633,0.7571009940421273,0.7937929511983902,0.7937929511983902,True,True,True,126.96089172363281
