dataset,split,fixed_stratum,condition_index,dx_input_px,dy_input_px,linf_px,l2_px,fixed_n,fixed_images,fixed_source_groups,teacher_unclamped_support_n,teacher_unclamped_support_fraction,perturbed_quality_gate_n,original_quality_gate_n,original_quality_gate_survived_n,original_quality_gate_survival_fraction,new_quality_gate_members_n,teacher_iou_better_n,teacher_iou_better_fraction,teacher_ce_better_n,teacher_ce_better_fraction,positive_cosine_n,cosine_defined_n,positive_cosine_fraction_fixed,positive_cosine_fraction_defined,teacher_rgb_iou_n,teacher_rgb_iou_finite_n,teacher_rgb_iou_nan_n,teacher_rgb_iou_posinf_n,teacher_rgb_iou_neginf_n,teacher_rgb_iou_mean,teacher_rgb_iou_sd_population,teacher_rgb_iou_min,teacher_rgb_iou_max,teacher_rgb_iou_p05,teacher_rgb_iou_p50,teacher_rgb_iou_p95,teacher_rgb_iou_mean_scope,teacher_ir_iou_n,teacher_ir_iou_finite_n,teacher_ir_iou_nan_n,teacher_ir_iou_posinf_n,teacher_ir_iou_neginf_n,teacher_ir_iou_mean,teacher_ir_iou_sd_population,teacher_ir_iou_min,teacher_ir_iou_max,teacher_ir_iou_p05,teacher_ir_iou_p50,teacher_ir_iou_p95,teacher_ir_iou_mean_scope,iou_advantage_n,iou_advantage_finite_n,iou_advantage_nan_n,iou_advantage_posinf_n,iou_advantage_neginf_n,iou_advantage_mean,iou_advantage_sd_population,iou_advantage_min,iou_advantage_max,iou_advantage_p05,iou_advantage_p50,iou_advantage_p95,iou_advantage_mean_scope,native_ce_n,native_ce_finite_n,native_ce_nan_n,native_ce_posinf_n,native_ce_neginf_n,native_ce_mean,native_ce_sd_population,native_ce_min,native_ce_max,native_ce_p05,native_ce_p50,native_ce_p95,native_ce_mean_scope,teacher_ce_n,teacher_ce_finite_n,teacher_ce_nan_n,teacher_ce_posinf_n,teacher_ce_neginf_n,teacher_ce_mean,teacher_ce_sd_population,teacher_ce_min,teacher_ce_max,teacher_ce_p05,teacher_ce_p50,teacher_ce_p95,teacher_ce_mean_scope,teacher_minus_native_ce_n,teacher_minus_native_ce_finite_n,teacher_minus_native_ce_nan_n,teacher_minus_native_ce_posinf_n,teacher_minus_native_ce_neginf_n,teacher_minus_native_ce_mean,teacher_minus_native_ce_sd_population,teacher_minus_native_ce_min,teacher_minus_native_ce_max,teacher_minus_native_ce_p05,teacher_minus_native_ce_p50,teacher_minus_native_ce_p95,teacher_minus_native_ce_mean_scope,kl_t2_mean4_n,kl_t2_mean4_finite_n,kl_t2_mean4_nan_n,kl_t2_mean4_posinf_n,kl_t2_mean4_neginf_n,kl_t2_mean4_mean,kl_t2_mean4_sd_population,kl_t2_mean4_min,kl_t2_mean4_max,kl_t2_mean4_p05,kl_t2_mean4_p50,kl_t2_mean4_p95,kl_t2_mean4_mean_scope,cosine_n,cosine_finite_n,cosine_nan_n,cosine_posinf_n,cosine_neginf_n,cosine_mean,cosine_sd_population,cosine_min,cosine_max,cosine_p05,cosine_p50,cosine_p95,cosine_mean_scope,gradient_dot_n,gradient_dot_finite_n,gradient_dot_nan_n,gradient_dot_posinf_n,gradient_dot_neginf_n,gradient_dot_mean,gradient_dot_sd_population,gradient_dot_min,gradient_dot_max,gradient_dot_p05,gradient_dot_p50,gradient_dot_p95,gradient_dot_mean_scope,kd_gradient_norm_n,kd_gradient_norm_finite_n,kd_gradient_norm_nan_n,kd_gradient_norm_posinf_n,kd_gradient_norm_neginf_n,kd_gradient_norm_mean,kd_gradient_norm_sd_population,kd_gradient_norm_min,kd_gradient_norm_max,kd_gradient_norm_p05,kd_gradient_norm_p50,kd_gradient_norm_p95,kd_gradient_norm_mean_scope,gt_gradient_norm_n,gt_gradient_norm_finite_n,gt_gradient_norm_nan_n,gt_gradient_norm_posinf_n,gt_gradient_norm_neginf_n,gt_gradient_norm_mean,gt_gradient_norm_sd_population,gt_gradient_norm_min,gt_gradient_norm_max,gt_gradient_norm_p05,gt_gradient_norm_p50,gt_gradient_norm_p95,gt_gradient_norm_mean_scope,gradient_norm_ratio_n,gradient_norm_ratio_finite_n,gradient_norm_ratio_nan_n,gradient_norm_ratio_posinf_n,gradient_norm_ratio_neginf_n,gradient_norm_ratio_mean,gradient_norm_ratio_sd_population,gradient_norm_ratio_min,gradient_norm_ratio_max,gradient_norm_ratio_p05,gradient_norm_ratio_p50,gradient_norm_ratio_p95,gradient_norm_ratio_mean_scope,lost_mass_t1_mean4_n,lost_mass_t1_mean4_finite_n,lost_mass_t1_mean4_nan_n,lost_mass_t1_mean4_posinf_n,lost_mass_t1_mean4_neginf_n,lost_mass_t1_mean4_mean,lost_mass_t1_mean4_sd_population,lost_mass_t1_mean4_min,lost_mass_t1_mean4_max,lost_mass_t1_mean4_p05,lost_mass_t1_mean4_p50,lost_mass_t1_mean4_p95,lost_mass_t1_mean4_mean_scope,lost_mass_t1_max_side_n,lost_mass_t1_max_side_finite_n,lost_mass_t1_max_side_nan_n,lost_mass_t1_max_side_posinf_n,lost_mass_t1_max_side_neginf_n,lost_mass_t1_max_side_mean,lost_mass_t1_max_side_sd_population,lost_mass_t1_max_side_min,lost_mass_t1_max_side_max,lost_mass_t1_max_side_p05,lost_mass_t1_max_side_p50,lost_mass_t1_max_side_p95,lost_mass_t1_max_side_mean_scope,lost_mass_t2_mean4_n,lost_mass_t2_mean4_finite_n,lost_mass_t2_mean4_nan_n,lost_mass_t2_mean4_posinf_n,lost_mass_t2_mean4_neginf_n,lost_mass_t2_mean4_mean,lost_mass_t2_mean4_sd_population,lost_mass_t2_mean4_min,lost_mass_t2_mean4_max,lost_mass_t2_mean4_p05,lost_mass_t2_mean4_p50,lost_mass_t2_mean4_p95,lost_mass_t2_mean4_mean_scope,lost_mass_t2_max_side_n,lost_mass_t2_max_side_finite_n,lost_mass_t2_max_side_nan_n,lost_mass_t2_max_side_posinf_n,lost_mass_t2_max_side_neginf_n,lost_mass_t2_max_side_mean,lost_mass_t2_max_side_sd_population,lost_mass_t2_max_side_min,lost_mass_t2_max_side_max,lost_mass_t2_max_side_p05,lost_mass_t2_max_side_p50,lost_mass_t2_max_side_p95,lost_mass_t2_max_side_mean_scope,conditional_vs_exact_box_max_abs_px_n,conditional_vs_exact_box_max_abs_px_finite_n,conditional_vs_exact_box_max_abs_px_nan_n,conditional_vs_exact_box_max_abs_px_posinf_n,conditional_vs_exact_box_max_abs_px_neginf_n,conditional_vs_exact_box_max_abs_px_mean,conditional_vs_exact_box_max_abs_px_sd_population,conditional_vs_exact_box_max_abs_px_min,conditional_vs_exact_box_max_abs_px_max,conditional_vs_exact_box_max_abs_px_p05,conditional_vs_exact_box_max_abs_px_p50,conditional_vs_exact_box_max_abs_px_p95,conditional_vs_exact_box_max_abs_px_mean_scope,conditional_box_rgb_iou_n,conditional_box_rgb_iou_finite_n,conditional_box_rgb_iou_nan_n,conditional_box_rgb_iou_posinf_n,conditional_box_rgb_iou_neginf_n,conditional_box_rgb_iou_mean,conditional_box_rgb_iou_sd_population,conditional_box_rgb_iou_min,conditional_box_rgb_iou_max,conditional_box_rgb_iou_p05,conditional_box_rgb_iou_p50,conditional_box_rgb_iou_p95,conditional_box_rgb_iou_mean_scope
dronevehicle,train,base,0,0,0,0,0.0,15019,992,86,15019,1.0,87,87,87,1.0,0,4749,0.31619948065783343,5341,0.35561621945535654,9559,15019,0.6364604833877089,0.6364604833877089,15019,15019,0,0,0,0.8342747662185067,0.11001802670765996,0.09480450145082912,0.9936111563212022,0.6204310152181866,0.8634601080442694,0.9532905175241863,all_objects,15019,15019,0,0,0,0.87133145159352,0.09271396756468693,0.005127159987737714,0.9936111563212022,0.7298584333741104,0.8916947454842596,0.9590225541690685,all_objects,15019,15019,0,0,0,-0.05171887879070436,0.1161550911867505,-0.8836432832854823,0.7082288235554945,-0.2611877719171126,-0.03409840743316517,0.10516311517438039,all_objects,15019,15019,0,0,0,0.6632713244068966,0.26758734747326496,0.10241990049377958,8.35305220031238,0.4356911441378937,0.6311930896258302,0.9624656705975698,all_objects,15019,15019,0,0,0,0.8277027559347412,0.5044825842862409,0.21532147711058475,9.312191395321301,0.46831719419301504,0.681112596733074,1.7300700600207481,all_objects,15019,15019,0,0,0,0.16443143152784453,0.4927863971932107,-5.702479076523531,6.78509233245783,-0.23363603753367587,0.03958571780236131,1.0431036607998003,all_objects,15019,15019,0,0,0,0.5798744623938985,0.8865650357062929,0.0033436185870356315,11.090324926629377,0.04933462186707151,0.27401892244290516,2.1991441801299016,all_objects,15019,15019,0,0,0,0.17825235721935231,0.43945854021926495,-0.9621596703911226,0.9842176254150486,-0.5541897667104193,0.19652802705842698,0.827962955719298,all_objects,15019,15019,0,0,0,0.006093071286453438,0.017771744185325913,-0.056346160998912084,0.3629309699706395,-0.011338385446574147,0.0022189222019150454,0.0362197106499419,all_objects,15019,15019,0,0,0,0.1850771028826674,0.10950683021833646,0.00808931641187107,0.8402453470447189,0.06303071249550747,0.15570477552473624,0.4098578511267193,all_objects,15019,15019,0,0,0,0.12013046074260489,0.06490697003861162,0.005385099180978305,0.5564778656089192,0.040199843519522944,0.10724402260757561,0.24497633871249866,all_objects,15019,15019,0,0,0,2.0226159067909526,2.0034255587150973,0.1032565390716939,44.211960328454474,0.5343516015093659,1.380653414780253,5.616580790932645,all_objects,15019,15019,0,0,0,0.0,0.0,0.0,0.0,0.0,0.0,0.0,all_objects,15019,15019,0,0,0,0.0,0.0,0.0,0.0,0.0,0.0,0.0,all_objects,15019,15019,0,0,0,0.0,0.0,0.0,0.0,0.0,0.0,0.0,all_objects,15019,15019,0,0,0,0.0,0.0,0.0,0.0,0.0,0.0,0.0,all_objects,15019,15019,0,0,0,0.0,0.0,0.0,0.0,0.0,0.0,0.0,all_objects,15019,15019,0,0,0,0.8342747662185067,0.11001802670765996,0.09480450145082912,0.9936111563212022,0.6204310152181866,0.8634601080442694,0.9532905175241863,all_objects
dronevehicle,train,n_iou_lt_070,0,0,0,0,0.0,366,177,30,366,1.0,87,87,87,1.0,0,295,0.8060109289617486,293,0.8005464480874317,336,366,0.9180327868852459,0.9180327868852459,366,366,0,0,0,0.7348699156087435,0.17166413593170182,0.10915545481458074,0.9755007312840638,0.3536492876906576,0.7678856340116011,0.9249737313734508,all_objects,366,366,0,0,0,0.7593335157019281,0.1684281150220632,0.11326330032185411,0.9755007312840638,0.3798851159033374,0.8037656504961919,0.9351534406680186,all_objects,366,366,0,0,0,0.13409494257639176,0.15925636222494596,-0.5086870555461107,0.7082288235554945,-0.09644904379749392,0.13606099950669565,0.4004251842349875,all_objects,366,366,0,0,0,1.4789948250896785,1.162597592575813,0.4511581403753854,8.35305220031238,0.6714573288846857,1.12009933850163,3.7049300249625707,all_objects,366,366,0,0,0,1.0870156066310983,1.122021312116007,0.31543249994099654,9.312191395321301,0.48148844250823186,0.7521042357681551,2.8014912894959267,all_objects,366,366,0,0,0,-0.39197921845858025,0.8478117287655452,-5.702479076523531,3.6070496101091987,-1.7687437223173035,-0.2868071601921884,0.6999154906752999,all_objects,366,366,0,0,0,0.9983726167417861,1.1018249572208414,0.020325283094250197,7.190284590547311,0.07392719906178005,0.6636101193019446,3.3077488009290095,all_objects,366,366,0,0,0,0.5688146945309906,0.36810866316050284,-0.7137104625224383,0.9763825776514159,-0.2178589090151265,0.6843361113014895,0.9352013768384801,all_objects,366,366,0,0,0,0.05133993646313641,0.05531406982164126,-0.05028112177675476,0.3629309699706395,-0.004676204324867187,0.039459838118366064,0.15524716881156944,all_objects,366,366,0,0,0,0.25784591438656457,0.1237234032614161,0.04212137023806258,0.7039176497151454,0.07943395913926682,0.24637507896126887,0.47337164765242407,all_objects,366,366,0,0,0,0.28164394507113644,0.09107254388665229,0.07874551543153165,0.5564778656089192,0.14408113147981821,0.2711801487714192,0.45560411929605804,all_objects,366,366,0,0,0,0.9307287694872033,0.37378538629180585,0.15828330781781666,3.0322696734794587,0.36303885437641575,0.9295128196605067,1.5190796592803968,all_objects,366,366,0,0,0,0.0,0.0,0.0,0.0,0.0,0.0,0.0,all_objects,366,366,0,0,0,0.0,0.0,0.0,0.0,0.0,0.0,0.0,all_objects,366,366,0,0,0,0.0,0.0,0.0,0.0,0.0,0.0,0.0,all_objects,366,366,0,0,0,0.0,0.0,0.0,0.0,0.0,0.0,0.0,all_objects,366,366,0,0,0,0.0,0.0,0.0,0.0,0.0,0.0,0.0,all_objects,366,366,0,0,0,0.7348699156087435,0.17166413593170182,0.10915545481458074,0.9755007312840638,0.3536492876906576,0.7678856340116011,0.9249737313734508,all_objects
dronevehicle,train,quality_gate070,0,0,0,0,0.0,87,70,14,87,1.0,87,87,87,1.0,0,87,1.0,87,1.0,87,87,1.0,1.0,87,87,0,0,0,0.8226270487735515,0.07546335072642818,0.6633458655576115,0.9658688944833237,0.6877096236826927,0.8302478782008382,0.9228098594296826,all_objects,87,87,0,0,0,0.8243898044379566,0.07425662913393233,0.6641571221449224,0.9658688944833237,0.6913373658777747,0.832845860599414,0.9228098594296826,all_objects,87,87,0,0,0,0.1870474760121233,0.09643777698910642,0.050856897619027785,0.5929710005309436,0.07448226090106988,0.1761819148108863,0.3669634481823644,all_objects,87,87,0,0,0,1.3461534117056007,0.6485678792420372,0.6274650772553702,4.622438517835739,0.7912989290697857,1.183739788792491,2.3987487881086174,all_objects,87,87,0,0,0,0.717644004006438,0.15112355642463876,0.46811943020093805,1.258941871723672,0.5154462700013042,0.6797042866588414,1.004850867949164,all_objects,87,87,0,0,0,-0.6285094076991627,0.6672472202847504,-4.146608285564672,-0.009553247103650464,-1.6571163708555796,-0.4104113715565427,-0.07864740580727812,all_objects,87,87,0,0,0,1.1130040252747266,1.2185577541188388,0.02227416632502958,6.762153565922156,0.16577287070427352,0.704060855442952,3.2307895840560166,all_objects,87,87,0,0,0,0.7557687775453243,0.15108959176241724,0.2729172282666669,0.9468074351309415,0.43791506671060093,0.8029245836563246,0.9359106405787679,all_objects,87,87,0,0,0,0.06824010013544314,0.059010412206806084,0.004253276753944798,0.3629309699706395,0.01074197733031164,0.051786282757155015,0.1661290448394278,all_objects,87,87,0,0,0,0.2763977220751976,0.12777642640926784,0.056908900728839494,0.7039176497151454,0.12580162440074807,0.26748353323343627,0.4936108832274533,all_objects,87,87,0,0,0,0.28022170883193603,0.07969857639891607,0.08658896473228668,0.5497061660919618,0.17209720723695154,0.27225604214379306,0.4245596200029702,all_objects,87,87,0,0,0,0.973401812464207,0.30377322587156164,0.37115521190482686,1.834667349644037,0.488686790641389,0.9823544796913064,1.4313240048189082,all_objects,87,87,0,0,0,0.0,0.0,0.0,0.0,0.0,0.0,0.0,all_objects,87,87,0,0,0,0.0,0.0,0.0,0.0,0.0,0.0,0.0,all_objects,87,87,0,0,0,0.0,0.0,0.0,0.0,0.0,0.0,0.0,all_objects,87,87,0,0,0,0.0,0.0,0.0,0.0,0.0,0.0,0.0,all_objects,87,87,0,0,0,0.0,0.0,0.0,0.0,0.0,0.0,0.0,all_objects,87,87,0,0,0,0.8226270487735515,0.07546335072642818,0.6633458655576115,0.9658688944833237,0.6877096236826927,0.8302478782008382,0.9228098594296826,all_objects
dronevehicle,val,base,0,0,0,0,0.0,2821,192,1,2821,1.0,47,47,47,1.0,0,1050,0.37220843672456577,1102,0.39064161644806805,1816,2821,0.6437433534207728,0.6437433534207728,2821,2821,0,0,0,0.8141415124803149,0.11839735978777831,0.052361845634420354,0.9876145751939562,0.5817323956982471,0.8426913906183886,0.9452719979099289,all_objects,2821,2821,0,0,0,0.845131610484903,0.11242563099801826,0.045868622271532544,0.9876145751939562,0.6521536688040697,0.8730328765952877,0.9519558290566507,all_objects,2821,2821,0,0,0,-0.034309176223082334,0.12896204549403775,-0.7233585193645147,0.6101875749192236,-0.2523721249923597,-0.027668819791371813,0.17046936615457797,all_objects,2821,2821,0,0,0,0.7558536262313511,0.3833376921078255,0.22344920549894004,6.8820653957064035,0.4567344122136967,0.6704594706122594,1.2854797848906196,all_objects,2821,2821,0,0,0,0.8814606612298757,0.5554224053305324,0.29145931948784615,7.621235085213513,0.4843499693796597,0.7138882914442599,1.8473077648066174,all_objects,2821,2821,0,0,0,0.12560703499852452,0.5581193910074438,-4.617492973967172,7.030394764052072,-0.5058858125570739,0.040665483491976184,1.0842798296791543,all_objects,2821,2821,0,0,0,0.661981881783617,0.9690871972238214,0.012438075695495723,12.110665242880563,0.059375040860884576,0.3537220404818413,2.183427412432839,all_objects,2821,2821,0,0,0,0.2084077871141649,0.45564347620409723,-0.9583736750853225,0.9692816831233133,-0.5351373615252151,0.214333701740824,0.8641325038521078,all_objects,2821,2821,0,0,0,0.011215450069036988,0.02550330627825495,-0.05867302224034248,0.21866261016661503,-0.012706773525429564,0.003183078022660535,0.06064381980294395,all_objects,2821,2821,0,0,0,0.2017515411362422,0.10893623264319789,0.0221069613790732,0.8091758217814847,0.07182570385941459,0.17516135789250367,0.4187142777609065,all_objects,2821,2821,0,0,0,0.14826796237953926,0.08140013869058085,0.01465353509715235,0.5487062953452576,0.046433802528400396,0.13103342270045054,0.3000456478114684,all_objects,2821,2821,0,0,0,1.7730607092637292,1.6036668644605174,0.20646079237664594,20.267104034098963,0.5352268936304598,1.2695840952306523,4.665675678799147,all_objects,2821,2821,0,0,0,0.0,0.0,0.0,0.0,0.0,0.0,0.0,all_objects,2821,2821,0,0,0,0.0,0.0,0.0,0.0,0.0,0.0,0.0,all_objects,2821,2821,0,0,0,0.0,0.0,0.0,0.0,0.0,0.0,0.0,all_objects,2821,2821,0,0,0,0.0,0.0,0.0,0.0,0.0,0.0,0.0,all_objects,2821,2821,0,0,0,0.0,0.0,0.0,0.0,0.0,0.0,0.0,all_objects,2821,2821,0,0,0,0.8141415124803149,0.11839735978777831,0.052361845634420354,0.9876145751939562,0.5817323956982471,0.8426913906183886,0.9452719979099289,all_objects
dronevehicle,val,n_iou_lt_070,0,0,0,0,0.0,229,38,1,229,1.0,47,47,47,1.0,0,192,0.8384279475982532,184,0.8034934497816594,209,229,0.9126637554585153,0.9126637554585153,229,229,0,0,0,0.729684236634943,0.17939589472770917,0.052361845634420354,0.9705466261402117,0.3377812374355507,0.7645503443465277,0.941832434321518,all_objects,229,229,0,0,0,0.733291780791115,0.18098407101705716,0.052361845634420354,0.9705466261402117,0.3377812374355507,0.7725485229324178,0.94329588528063,all_objects,229,229,0,0,0,0.1321348745717457,0.14664941102155854,-0.6065548525184498,0.6101875749192236,-0.0893643898466084,0.1365763883196115,0.35718298806005083,all_objects,229,229,0,0,0,1.4945124963834107,0.9070835221013352,0.5366924000095765,6.8820653957064035,0.7142901269861248,1.2817385013663638,3.1455186655522747,all_objects,229,229,0,0,0,1.0879098950269095,0.9584463344251566,0.36499152235170024,7.260206853344808,0.4919760520747204,0.7948946144008207,2.6475132758027464,all_objects,229,229,0,0,0,-0.4066026013565011,0.777234436101491,-4.617492973967172,5.854235003798261,-1.4215753692424122,-0.37231302705944047,0.4776509422462477,all_objects,229,229,0,0,0,0.9785878692321471,1.0726971040983277,0.014993454422886998,11.06391530808402,0.11303453300714515,0.7113356841851816,2.5658120078223634,all_objects,229,229,0,0,0,0.5676167271567276,0.3666321446440982,-0.7828866471084635,0.9692816831233133,-0.16545570011908065,0.6993513946398006,0.9207726597788027,all_objects,229,229,0,0,0,0.05358076652455934,0.048166148885916193,-0.0307723410450131,0.21866261016661503,-0.007778411290025597,0.0431217252185122,0.14695678527827497,all_objects,229,229,0,0,0,0.26250650001086184,0.11214614397188481,0.03667300662264249,0.7577497585023497,0.09855421353945075,0.24834352026202086,0.46223206938878303,all_objects,229,229,0,0,0,0.29917544821142666,0.07990702173898351,0.11748534660809072,0.5487062953452576,0.17629290285971208,0.2923887044919115,0.4489423658498955,all_objects,229,229,0,0,0,0.8946968520426822,0.35172301920823845,0.20646079237664594,2.5538336992312747,0.3814999543672543,0.883522072430137,1.428558214189613,all_objects,229,229,0,0,0,0.0,0.0,0.0,0.0,0.0,0.0,0.0,all_objects,229,229,0,0,0,0.0,0.0,0.0,0.0,0.0,0.0,0.0,all_objects,229,229,0,0,0,0.0,0.0,0.0,0.0,0.0,0.0,0.0,all_objects,229,229,0,0,0,0.0,0.0,0.0,0.0,0.0,0.0,0.0,all_objects,229,229,0,0,0,0.0,0.0,0.0,0.0,0.0,0.0,0.0,all_objects,229,229,0,0,0,0.729684236634943,0.17939589472770917,0.052361845634420354,0.9705466261402117,0.3377812374355507,0.7645503443465277,0.941832434321518,all_objects
dronevehicle,val,quality_gate070,0,0,0,0,0.0,47,17,1,47,1.0,47,47,47,1.0,0,47,1.0,46,0.9787234042553191,47,47,1.0,1.0,47,47,0,0,0,0.8527202796175858,0.06956194988716159,0.641369727534501,0.9537914889937084,0.7261988612802961,0.8679780453936901,0.9446711554440015,all_objects,47,47,0,0,0,0.8550624804603085,0.0688015760176119,0.641369727534501,0.9537914889937084,0.7261988612802961,0.8707566713977455,0.9446711554440015,all_objects,47,47,0,0,0,0.22356879855292305,0.08450876170432708,0.06169995917934257,0.4537121792006763,0.0812039451599528,0.2104661983850552,0.36672569337067856,all_objects,47,47,0,0,0,1.3880316664313053,0.3955650273255572,0.7392507661671757,2.677034604882545,0.9177338091907298,1.353883135161063,2.1112088029325635,all_objects,47,47,0,0,0,0.7105700553180266,0.19193965688358997,0.36499152235170024,1.3277908023791998,0.45376124199496504,0.6613858864958229,1.0282789403238808,all_objects,47,47,0,0,0,-0.6774616111132783,0.4092125295654032,-2.0285925115119223,0.026309006742097463,-1.5508853080843443,-0.5812625060311551,-0.16361709555858583,all_objects,47,47,0,0,0,1.2140151098024805,0.7629317279103711,0.172029700473298,3.427327986795996,0.3945843658685606,1.1170455004471846,2.701518855810178,all_objects,47,47,0,0,0,0.7758989677796101,0.15996455172804583,0.24680312400033533,0.9692816831233133,0.3703949360310501,0.8282247747705881,0.9182538658383157,all_objects,47,47,0,0,0,0.08107229836477188,0.04677913962012372,0.00971007437263466,0.21210332067940985,0.01869192025137572,0.07708301583915463,0.17458858267410274,all_objects,47,47,0,0,0,0.31624974649016363,0.09604669908088159,0.12063392971339486,0.5265830362020855,0.16945687450653715,0.31047914883126415,0.488474778014596,all_objects,47,47,0,0,0,0.30209528315954254,0.06641035906692824,0.1647885377428922,0.4479153385848374,0.1842626799114659,0.2967767007007212,0.4201407658675155,all_objects,47,47,0,0,0,1.0540555902927313,0.24276590863656095,0.4385945299683204,1.6424658431344097,0.6058797832515788,1.0720171047785003,1.3573157069241362,all_objects,47,47,0,0,0,0.0,0.0,0.0,0.0,0.0,0.0,0.0,all_objects,47,47,0,0,0,0.0,0.0,0.0,0.0,0.0,0.0,0.0,all_objects,47,47,0,0,0,0.0,0.0,0.0,0.0,0.0,0.0,0.0,all_objects,47,47,0,0,0,0.0,0.0,0.0,0.0,0.0,0.0,0.0,all_objects,47,47,0,0,0,0.0,0.0,0.0,0.0,0.0,0.0,0.0,all_objects,47,47,0,0,0,0.8527202796175858,0.06956194988716159,0.641369727534501,0.9537914889937084,0.7261988612802961,0.8679780453936901,0.9446711554440015,all_objects
dronevehicle,train,base,1,1,0,1,1.0,15019,992,86,15017,0.9998668353419002,86,87,83,0.9540229885057471,3,4248,0.28284173380384847,4121,0.27438577801451497,9203,15019,0.6127571742459551,0.6127571742459551,15019,15019,0,0,0,0.8266615336930531,0.10963455747487114,0.08368820736803873,0.9908313402169385,0.6169008323948599,0.8545015842060328,0.9464432038584575,all_objects,15019,15019,0,0,0,0.86093099028946,0.09347883191440426,0.005018704378457268,0.993081500099765,0.7187220194287964,0.8802188408490338,0.952098115467199,all_objects,15019,15019,0,0,0,-0.05933211131615805,0.11585649667100767,-0.8974985202583678,0.7625205730855695,-0.2665574061556035,-0.0434167834019602,0.09756081240664896,all_objects,15019,15019,0,0,0,0.6632713244068966,0.26758734747326496,0.10241990049377958,8.35305220031238,0.4356911441378937,0.6311930896258302,0.9624656705975698,all_objects,15019,15019,0,0,0,0.8331104275984049,0.46794371419784336,0.271894981604218,9.21554142719705,0.5017696001164242,0.7021929859784317,1.6477488677710386,all_objects,15019,15019,0,0,0,0.16983910319150822,0.46114947778649973,-5.7940989657167545,6.825445359686024,-0.212159827141037,0.06525521775642118,0.9613379496166496,all_objects,15019,15019,0,0,0,0.6035599149218739,0.8828952239857749,0.007193090187918386,11.184994465999125,0.06874200012864316,0.30606408360933035,2.2165897977031266,all_objects,15019,15019,0,0,0,0.14929781479964913,0.4258609073227832,-0.9619461523491291,0.9837467754674488,-0.5447284738549504,0.14983921691426652,0.8017416163081604,all_objects,15019,15019,0,0,0,0.005456004120307841,0.01706285410143214,-0.05262812971803381,0.34543940849037447,-0.0110946231457841,0.0017458255963025498,0.033730999408793955,all_objects,15019,15019,0,0,0,0.18505803623142328,0.10539558956773697,0.02206414990924978,0.8039894484703429,0.07052026896699098,0.15529114813868658,0.4046340400802726,all_objects,15019,15019,0,0,0,0.12013046074260489,0.06490697003861162,0.005385099180978305,0.5564778656089192,0.040199843519522944,0.10724402260757561,0.24497633871249866,all_objects,15019,15019,0,0,0,2.0453879128303005,1.9915929244448902,0.14994694955403112,42.30425044933334,0.5538005525351145,1.4193344664772432,5.586946986634454,all_objects,15019,15019,0,0,0,0.0011180425431379843,0.0036173940079062446,4.023864655427199e-09,0.028924866765265497,7.607491642439904e-08,2.7259329020946713e-06,0.009267958464090668,all_objects,15019,15019,0,0,0,0.004470660291552726,0.0144687544524132,8.810221931375135e-09,0.11569896919590027,2.066960334656541e-07,1.0105048508001041e-05,0.03706885439757147,all_objects,15019,15019,0,0,0,0.0015050762105743118,0.0034300140019776276,1.0526328689141364e-05,0.023958658801303375,4.2491286906956563e-05,0.00020664929817725065,0.010196549579759193,all_objects,15019,15019,0,0,0,0.0058532959102620095,0.013694154514392608,2.2138123863542094e-05,0.09567156602836681,0.00010181596678911163,0.0006705348096854036,0.04061377852956385,all_objects,15019,15019,0,0,0,0.06389406783142884,0.1874189122046154,6.770583240722772e-07,1.1842750683795487,1.2691450547208661e-05,0.0003396383237372902,0.5776952043032593,all_objects,15019,15019,0,0,0,0.827509086987561,0.10923538569291463,0.09133547815334861,0.9908312761751364,0.6176686896790404,0.8552767233902808,0.9468873930998989,all_objects
dronevehicle,train,n_iou_lt_070,1,1,0,1,1.0,366,177,30,366,1.0,86,87,83,0.9540229885057471,3,293,0.8005464480874317,296,0.8087431693989071,336,366,0.9180327868852459,0.9180327868852459,366,366,0,0,0,0.7277330587516184,0.16884766080364425,0.10915545481458074,0.97430184191218,0.37257001019999597,0.7561614536058141,0.9219639528931717,all_objects,366,366,0,0,0,0.7502878163338066,0.1671364362917363,0.11637161876368819,0.97430184191218,0.3824465847839663,0.7885607711393674,0.9342180737168517,all_objects,366,366,0,0,0,0.12695808571926676,0.15671443704782906,-0.4986890616484237,0.7625205730855695,-0.09258802971239596,0.12845955151670352,0.39445209874265713,all_objects,366,366,0,0,0,1.4789948250896785,1.162597592575813,0.4511581403753854,8.35305220031238,0.6714573288846857,1.12009933850163,3.7049300249625707,all_objects,366,366,0,0,0,1.0683662824748672,1.037468021599439,0.3797602448427253,9.21554142719705,0.5190079032849544,0.767603259812911,2.5519344173363545,all_objects,366,366,0,0,0,-0.41062854261481146,0.80689488818342,-5.7940989657167545,3.5776951584228645,-1.725450808207402,-0.27579186190672483,0.46955761321908995,all_objects,366,366,0,0,0,0.9650220819407458,1.0670193765921618,0.031602888460624916,6.89235402698289,0.07448798958664193,0.6191234653917519,3.14629567592624,all_objects,366,366,0,0,0,0.5639150937511024,0.35818090425854704,-0.6823539547257338,0.9837467754674488,-0.1393897817048788,0.67966061106796,0.9326569889189229,all_objects,366,366,0,0,0,0.0496836592528968,0.05319496760431755,-0.04812748434247004,0.34543940849037447,-0.004384420234770358,0.03759966402984972,0.14937135910217686,all_objects,366,366,0,0,0,0.24978730068954627,0.1197710846696957,0.04787461552706117,0.6771909168668442,0.08601433514759743,0.23479935465411123,0.4663484253763426,all_objects,366,366,0,0,0,0.28164394507113644,0.09107254388665229,0.07874551543153165,0.5564778656089192,0.14408113147981821,0.2711801487714192,0.45560411929605804,all_objects,366,366,0,0,0,0.9023972117921127,0.3608828398235064,0.17990280143550227,3.01728567559578,0.35635720118395453,0.8845966189378669,1.4902332569696912,all_objects,366,366,0,0,0,0.0018618715475065305,0.00436565613909945,3.2031197176566616e-08,0.02513350764739256,2.885130824677976e-07,1.4641633551126669e-05,0.013591792346014913,all_objects,366,366,0,0,0,0.007444404621504347,0.017462935900777608,9.352724088197689e-08,0.10053272504324456,9.031017327679809e-07,5.620073164603494e-05,0.054366475832079486,all_objects,366,366,0,0,0,0.0023377515872439938,0.004001721513012323,2.7909839538842762e-05,0.018692426594668844,7.826254668657378e-05,0.00043050886920158356,0.01293940526349191,all_objects,366,366,0,0,0,0.009113457806737557,0.015988640987469868,7.030405596416251e-05,0.07453118829769763,0.00020799020759185703,0.0014693409894318645,0.05148614312769667,all_objects,366,366,0,0,0,0.1175117229010083,0.24509306830535946,5.804471015835588e-06,0.9902068288775467,4.7130607240930544e-05,0.0018727778529026295,0.7421231499556223,all_objects,366,366,0,0,0,0.7288836109444011,0.1686980354153244,0.10915550677942866,0.9743017698441263,0.37259835737801905,0.7575435551448448,0.9215707100955639,all_objects
dronevehicle,train,quality_gate070,1,1,0,1,1.0,87,70,14,87,1.0,83,87,83,0.9540229885057471,0,87,1.0,85,0.9770114942528736,87,87,1.0,1.0,87,87,0,0,0,0.8112866496579647,0.08331033602352685,0.5880921505438224,0.9720480069993828,0.6698718649748759,0.8221387666665284,0.9403135103015946,all_objects,87,87,0,0,0,0.8123248305930347,0.08338765135829278,0.6190559475189759,0.9720480069993828,0.6698718649748759,0.8267463872396206,0.9428559950057309,all_objects,87,87,0,0,0,0.17570707689653633,0.09858249328784031,0.0074237922284612345,0.5683951732331554,0.053757118831377834,0.16381827816854677,0.34369940354341305,all_objects,87,87,0,0,0,1.3461534117056007,0.6485678792420372,0.6274650772553702,4.622438517835739,0.7912989290697857,1.183739788792491,2.3987487881086174,all_objects,87,87,0,0,0,0.7343321428400912,0.13187667846741785,0.493622362093726,1.149990894121442,0.5641164961627811,0.7117336516679196,1.0180681078615064,all_objects,87,87,0,0,0,-0.6118212688655095,0.6611701735698962,-4.089914161715846,0.03158246368236661,-1.622682914583925,-0.3899498353000903,-0.04421737049112979,all_objects,87,87,0,0,0,1.08069718538531,1.1745596528880824,0.03389360468873582,6.355546280865514,0.17897145276352544,0.6310389792453623,3.2700033954518033,all_objects,87,87,0,0,0,0.74663153489242,0.1599455728750416,0.3170979328444108,0.9610007881843813,0.38918758192767594,0.7905169157825394,0.9295080847283417,all_objects,87,87,0,0,0,0.06554394239380269,0.05678133201372032,0.004320786741737144,0.34543940849037447,0.009869670626649011,0.05065066962570876,0.1606444558790248,all_objects,87,87,0,0,0,0.26748838314914963,0.12327554564937193,0.054804680694565504,0.6771909168668442,0.12896995333563116,0.24577329529069383,0.48120040739751685,all_objects,87,87,0,0,0,0.28022170883193603,0.07969857639891607,0.08658896473228668,0.5497061660919618,0.17209720723695154,0.27225604214379306,0.4245596200029702,all_objects,87,87,0,0,0,0.9413841997200159,0.29174878425372436,0.4252894314645434,1.8278542058060367,0.5139028924295024,0.9095416153606091,1.4434867701926548,all_objects,87,87,0,0,0,0.0015845506866640506,0.004025409982667525,5.2678564227211875e-08,0.01588795521354481,1.8041993924853023e-07,4.4292086376448705e-06,0.014040723940214382,all_objects,87,87,0,0,0,0.006337137031280869,0.016101243469016216,1.134088351398996e-07,0.06355102631015239,5.514991071924841e-07,1.7434003018904008e-05,0.056159932885676035,all_objects,87,87,0,0,0,0.002125329066715554,0.0041132327663653675,3.691115674923528e-05,0.01537123096586973,6.122706785177204e-05,0.0002750408487942959,0.014350331900226094,all_objects,87,87,0,0,0,0.008321859385960105,0.016414901356111927,7.702811446270525e-05,0.06132165180071533,0.00016570912837759783,0.0009505220086574907,0.05704350207230432,all_objects,87,87,0,0,0,0.0887069914863781,0.20583694226038368,7.313503090244922e-06,0.7423579634941437,2.2497583890412896e-05,0.0004704688842593896,0.6975208819598184,all_objects,87,87,0,0,0,0.8133017448048467,0.0813888461242671,0.5881442186722166,0.9720400107141147,0.6702748160519924,0.826748801627061,0.9403143094036662,all_objects
dronevehicle,val,base,1,1,0,1,1.0,2821,192,1,2820,0.9996455157745481,46,47,45,0.9574468085106383,1,975,0.3456221198156682,961,0.34065934065934067,1797,2821,0.6370081531371854,0.6370081531371854,2821,2821,0,0,0,0.8063098643547131,0.11721050876141703,0.05486706782304409,0.9829335296598289,0.5816857794221968,0.8339530047415413,0.9374284225903105,all_objects,2821,2821,0,0,0,0.8353350249541605,0.11143297484058863,0.04486516478068397,0.9829335296598289,0.6419785604059901,0.8617935895865386,0.9432375822764011,all_objects,2821,2821,0,0,0,-0.042140824348684096,0.12849478921311525,-0.720264672445831,0.6452283516835899,-0.2609815806735053,-0.036733115436611175,0.15673278832275683,all_objects,2821,2821,0,0,0,0.7558536262313511,0.3833376921078255,0.22344920549894004,6.8820653957064035,0.4567344122136967,0.6704594706122594,1.2854797848906196,all_objects,2821,2821,0,0,0,0.8880405190682248,0.5266165482953444,0.34035066906120026,7.671934611261348,0.5151725940459574,0.7342085944738134,1.7816646141491075,all_objects,2821,2821,0,0,0,0.13218689283687374,0.5357282234316276,-4.64601923128266,7.081094290099906,-0.4740935635953346,0.06310277595999603,0.9905348579626329,all_objects,2821,2821,0,0,0,0.6949214831317839,0.9686233651673403,0.01766487883132222,12.168811404321898,0.087352494226883,0.39222876128625805,2.2171804105796626,all_objects,2821,2821,0,0,0,0.194505289107133,0.4410846385143129,-0.945755993417321,0.969994386447126,-0.517362667603313,0.18210449585839464,0.8528083201361774,all_objects,2821,2821,0,0,0,0.010740340991997973,0.024795671836116993,-0.05153514958392723,0.21767080957642068,-0.011770866896105733,0.002993700287353982,0.05808931118751577,all_objects,2821,2821,0,0,0,0.20294235794860557,0.10531627309133466,0.03150861320062274,0.8044490734747228,0.08019887409071269,0.1777008635109525,0.4128377594041246,all_objects,2821,2821,0,0,0,0.14826796237953926,0.08140013869058085,0.01465353509715235,0.5487062953452576,0.046433802528400396,0.13103342270045054,0.3000456478114684,all_objects,2821,2821,0,0,0,1.8079776524284432,1.6166612748122557,0.21242723072199562,20.488592196903234,0.5339913543416734,1.2976126582936272,4.719741454858632,all_objects,2821,2821,0,0,0,0.0011755719415896795,0.0037265424830016758,1.1329956313412044e-08,0.027649381712513132,8.668380266103924e-08,3.490229617667928e-06,0.009883860613365731,all_objects,2821,2821,0,0,0,0.004700416167606148,0.014905420859152837,2.522775058788496e-08,0.11059673167889018,2.466394278979918e-07,1.2785185960427552e-05,0.039510222849827546,all_objects,2821,2821,0,0,0,0.0015920447108237318,0.003483250151759419,1.764273260581746e-05,0.022562226844552787,4.538756345594231e-05,0.00023237440679319967,0.009820589654843585,all_objects,2821,2821,0,0,0,0.006192090673869136,0.013904860143239143,3.671576477733847e-05,0.09004031630482899,0.00011101788581765371,0.0007596251746543778,0.03899218264129992,all_objects,2821,2821,0,0,0,0.06670920742550097,0.18984189069025342,1.5513185758209147e-06,0.9975083453444995,1.3802881085211993e-05,0.00043656618095155864,0.5972562407861517,all_objects,2821,2821,0,0,0,0.8071070018929716,0.11703175445489863,0.05486615652673632,0.9829340552576477,0.5821091139722812,0.8351020410760158,0.9384044073642719,all_objects
dronevehicle,val,n_iou_lt_070,1,1,0,1,1.0,229,38,1,229,1.0,46,47,45,0.9574468085106383,1,191,0.834061135371179,186,0.8122270742358079,210,229,0.9170305676855895,0.9170305676855895,229,229,0,0,0,0.7243423519783909,0.17972887399058415,0.05486706782304409,0.9694416179988943,0.3334659540195118,0.7555375340573995,0.9334175659172347,all_objects,229,229,0,0,0,0.727959139646081,0.1814950475675569,0.05486706782304409,0.9694416179988943,0.3334659540195118,0.7771332956935739,0.9339472978545107,all_objects,229,229,0,0,0,0.12679298991519358,0.14632877744459158,-0.6040496303298261,0.6452283516835899,-0.09180238662136861,0.134661892174622,0.3486623846919781,all_objects,229,229,0,0,0,1.4945124963834107,0.9070835221013352,0.5366924000095765,6.8820653957064035,0.7142901269861248,1.2817385013663638,3.1455186655522747,all_objects,229,229,0,0,0,1.088620330018563,0.9315547328693055,0.4139115670283432,7.085322823846566,0.5245197793810047,0.8033964729890933,2.5157555853313394,all_objects,229,229,0,0,0,-0.4058921663648473,0.7665050699974153,-4.64601923128266,5.679350974300019,-1.4083865690630644,-0.38475148011124694,0.5118373162421641,all_objects,229,229,0,0,0,0.9783098699372248,1.0611295307173774,0.018805584565518636,10.657415809338854,0.10871990699646421,0.6952376772287105,2.6718232789847125,all_objects,229,229,0,0,0,0.5719857922212221,0.3605543728731124,-0.8319303019832034,0.9655009524188829,-0.16486561321035592,0.7056916750471295,0.9161386590606828,all_objects,229,229,0,0,0,0.0525847964446424,0.046886452202463035,-0.023024601758556258,0.21767080957642068,-0.007733496643316188,0.044378676111959246,0.14627151088847848,all_objects,229,229,0,0,0,0.25731908378245066,0.11072730469576987,0.037732807035272056,0.7429876910470717,0.09083710620898504,0.25156577841500766,0.4543251486812848,all_objects,229,229,0,0,0,0.29917544821142666,0.07990702173898351,0.11748534660809072,0.5487062953452576,0.17629290285971208,0.2923887044919115,0.4489423658498955,all_objects,229,229,0,0,0,0.8784071121918674,0.3477378643321117,0.21242723072199562,2.5040813041765726,0.35894154069036305,0.8590116732602708,1.4124034946561101,all_objects,229,229,0,0,0,0.0014464517443183633,0.0037332371419831574,2.6704996296473925e-08,0.02142492134601468,1.5267683217149393e-07,1.8947335502005877e-05,0.009593140054453267,all_objects,229,229,0,0,0,0.005783165433672187,0.014931941552575517,5.659636894320553e-08,0.08569694348014222,4.854448629399851e-07,7.29402339814764e-05,0.03837128572575038,all_objects,229,229,0,0,0,0.0019736316069818302,0.0033757762852842273,2.743387742769769e-05,0.01676520180912646,5.747874372177377e-05,0.0004632125179970621,0.009114286632368724,all_objects,229,229,0,0,0,0.007662985324194977,0.013464578694260914,5.680724882352331e-05,0.0668499590281655,0.00015138499151869588,0.0016272303872011042,0.03624039872547155,all_objects,229,229,0,0,0,0.09105983727245884,0.21152401334430432,5.022710610091963e-06,0.9259812659716431,2.350516091382815e-05,0.002373836118962913,0.6927681470909476,all_objects,229,229,0,0,0,0.7242600229007508,0.1794808435489001,0.05486615652673632,0.9672013505530929,0.3345586277108337,0.7619254991638201,0.9334359905098796,all_objects
dronevehicle,val,quality_gate070,1,1,0,1,1.0,47,17,1,47,1.0,45,47,45,0.9574468085106383,0,47,1.0,47,1.0,47,47,1.0,1.0,47,47,0,0,0,0.8396017802036261,0.07574921055743081,0.5997727218782649,0.9344301494649814,0.6954698586858709,0.8401258951502859,0.924893769772129,all_objects,47,47,0,0,0,0.8414665363758821,0.07415101872071342,0.5997727218782649,0.9344301494649814,0.6954698586858709,0.8401258951502859,0.924893769772129,all_objects,47,47,0,0,0,0.21045029913896324,0.08513484423677652,0.018036061305742312,0.428112549591974,0.06631872091357108,0.20434584363336594,0.3501876911432735,all_objects,47,47,0,0,0,1.3880316664313053,0.3955650273255572,0.7392507661671757,2.677034604882545,0.9177338091907298,1.353883135161063,2.1112088029325635,all_objects,47,47,0,0,0,0.7303534773132687,0.17457647447450417,0.4139115670283432,1.3812918149673228,0.492944117102945,0.6927005425080248,1.0050229288419383,all_objects,47,47,0,0,0,-0.6576781891180363,0.4008135333866663,-1.9875274029062298,-0.024919051179689733,-1.5239968790828908,-0.5901674066901432,-0.2189238403827052,all_objects,47,47,0,0,0,1.2067218194257092,0.7721050474603861,0.19805495399063971,3.5122067689800387,0.326385039006888,0.9558853225282142,2.8106331061263297,all_objects,47,47,0,0,0,0.7731612605720262,0.16746418394833565,0.17930009544508516,0.9639102787921369,0.4143528193637875,0.8328544853808769,0.9161710646130682,all_objects,47,47,0,0,0,0.07878683639187029,0.04524877591256128,0.007112140729244889,0.1979048050050716,0.018552145121795146,0.07717363289734323,0.17250769864769316,all_objects,47,47,0,0,0,0.308266233426372,0.0946795255502491,0.1312666292518321,0.5068093577916619,0.1651301195242939,0.30999144830531333,0.48876035476920987,all_objects,47,47,0,0,0,0.30209528315954254,0.06641035906692824,0.1647885377428922,0.4479153385848374,0.1842626799114659,0.2967767007007212,0.4201407658675155,all_objects,47,47,0,0,0,1.0262813713220975,0.23547246161622634,0.4772523426370678,1.4217694486850603,0.598153883097842,1.0656877603742416,1.3575803817558254,all_objects,47,47,0,0,0,0.0004988713526016445,0.0018739628152359875,4.330064488933081e-08,0.01140354264064856,1.0995942750791912e-07,3.019110242396566e-06,0.001837411417517858,all_objects,47,47,0,0,0,0.0019947971864825264,0.007495538156305339,1.280148392425827e-07,0.04561313620258811,3.0989744040348925e-07,1.2037604615308835e-05,0.007346037434631974,all_objects,47,47,0,0,0,0.0009880028774324795,0.001931357599796809,3.257859245258918e-05,0.00912236677261222,5.1187534421901836e-05,0.00022008318885459344,0.004567967028904835,all_objects,47,47,0,0,0,0.0038197215297312574,0.007678718603511429,8.194388162684898e-05,0.0363336073284889,0.00012446898691954303,0.0008319258564976253,0.01793414248944442,all_objects,47,47,0,0,0,0.03603176996534108,0.1427590582966374,5.79865184135997e-06,0.9259812659716431,1.2675930963723659e-05,0.00034903779939199353,0.11892855948755494,all_objects,47,47,0,0,0,0.8395807538837843,0.0753933239241487,0.5999212290414004,0.9372391574576073,0.7011547014898946,0.8401927303051221,0.9248889840274486,all_objects
dronevehicle,train,base,2,-1,0,1,1.0,15019,992,86,15018,0.9999334176709501,90,87,84,0.9655172413793104,6,4151,0.27638324788601104,4068,0.2708569145748718,9253,15019,0.6160862906984487,0.6160862906984487,15019,15019,0,0,0,0.8247295592426556,0.10945378906473391,0.09321714617547802,0.9942307430885035,0.6157443274462543,0.851992690671228,0.9462423505895655,all_objects,15019,15019,0,0,0,0.8606763202390263,0.09307246589016632,0.0052356390073061915,0.9942307430885035,0.7198445286056523,0.8795380688950717,0.9525749813537703,all_objects,15019,15019,0,0,0,-0.06126408576655555,0.11640059348431596,-0.8814643596779635,0.6510760286926812,-0.26912508454300943,-0.04539580378233077,0.09707976018283054,all_objects,15019,15019,0,0,0,0.6632713244068966,0.26758734747326496,0.10241990049377958,8.35305220031238,0.4356911441378937,0.6311930896258302,0.9624656705975698,all_objects,15019,15019,0,0,0,0.8362540549978185,0.4701094125623367,0.24383424265214124,9.36007309813348,0.502072359003648,0.705427787892109,1.6322370259951544,all_objects,15019,15019,0,0,0,0.17298273059092176,0.4598241621182716,-5.647240012788559,6.80052600484745,-0.20626165202364136,0.06671449847408584,0.9511916924230353,all_objects,15019,15019,0,0,0,0.613887958437937,0.8777951051808628,0.008776354543710015,11.529348000869934,0.06967263651899419,0.3190504770975607,2.2157613766753537,all_objects,15019,15019,0,0,0,0.15042584640088794,0.4230759599332517,-0.9546160478198334,0.9793860181554933,-0.5448030069771161,0.15039891416748113,0.8039343730772074,all_objects,15019,15019,0,0,0,0.005505021631655176,0.017018853133000465,-0.05000118169469272,0.3594904773222767,-0.011165565355882076,0.0018412018401343377,0.03381645327930469,all_objects,15019,15019,0,0,0,0.18727818699219723,0.10508898971618183,0.01903076605923678,0.8351086647296353,0.07033111797963186,0.1590573978318502,0.4035020896749743,all_objects,15019,15019,0,0,0,0.12013046074260489,0.06490697003861162,0.005385099180978305,0.5564778656089192,0.040199843519522944,0.10724402260757561,0.24497633871249866,all_objects,15019,15019,0,0,0,2.072374415943428,2.003782788410752,0.07633371368376894,43.941678802310825,0.5570147850360282,1.4302765158503299,5.664138119584571,all_objects,15019,15019,0,0,0,0.0013362098989290463,0.003992232107645345,2.537525821532381e-09,0.027877933247637914,7.497197122314709e-08,2.1537680057146513e-06,0.01114403942943336,all_objects,15019,15019,0,0,0,0.005342840154992787,0.01596690864670711,5.5753492005617085e-09,0.11150815266002355,2.0645314394878253e-07,7.506575454140205e-06,0.04457586118503442,all_objects,15019,15019,0,0,0,0.00170445758230413,0.0037371612770399944,8.358404611191242e-06,0.022107543051059032,4.1322342222052984e-05,0.0001889412071463688,0.01154357925572519,all_objects,15019,15019,0,0,0,0.0066395593487704975,0.01490091410679046,1.7610976015387498e-05,0.08802809828842922,0.00010154939826665055,0.0005703671349839712,0.045921480467889714,all_objects,15019,15019,0,0,0,0.07516021298871077,0.20481869571478703,5.103076432533271e-07,0.994690262915384,1.1026421950077749e-05,0.00029072118468320696,0.6752373908599814,all_objects,15019,15019,0,0,0,0.8257779703392387,0.1090699578602503,0.09321766660534819,0.9935387742792703,0.6182162090569888,0.852906425683472,0.9464487370130283,all_objects
dronevehicle,train,n_iou_lt_070,2,-1,0,1,1.0,366,177,30,366,1.0,90,87,84,0.9655172413793104,6,288,0.7868852459016393,292,0.7978142076502732,337,366,0.9207650273224044,0.9207650273224044,366,366,0,0,0,0.7268591796227697,0.17284054417165987,0.10635745300776696,0.9711748640766881,0.3313938201155513,0.7651997443566273,0.9302642185231423,all_objects,366,366,0,0,0,0.7511598841801846,0.16860671203433397,0.10635745300776696,0.9777344352089864,0.35453558276987873,0.7946742258816111,0.9328984353705497,all_objects,366,366,0,0,0,0.12608420659041805,0.16102185973218036,-0.5185187450572503,0.6510760286926812,-0.10912465755093642,0.13299858561502442,0.4086541874301577,all_objects,366,366,0,0,0,1.4789948250896785,1.162597592575813,0.4511581403753854,8.35305220031238,0.6714573288846857,1.12009933850163,3.7049300249625707,all_objects,366,366,0,0,0,1.0982613612047816,1.1078897639842762,0.35675611184559913,9.36007309813348,0.506708950724694,0.7577457007542603,2.8398093511244626,all_objects,366,366,0,0,0,-0.3807334638848969,0.8424552990627484,-5.647240012788559,3.649649510764049,-1.7301303042939893,-0.26420661983627264,0.6134018223788327,all_objects,366,366,0,0,0,0.9881990857040394,1.0851570595227586,0.02441604732894787,7.253118619247967,0.0797525393362594,0.6495553223718411,3.275091382641247,all_objects,366,366,0,0,0,0.5700151780110915,0.3597202726467163,-0.7309436015699539,0.9793860181554933,-0.13346163161492394,0.6901273073865827,0.9314882132524331,all_objects,366,366,0,0,0,0.049871885276057674,0.05351261688038936,-0.05000118169469272,0.3594904773222767,-0.005150127229391787,0.03787214852803193,0.15305441660495558,all_objects,366,366,0,0,0,0.253191655692667,0.11948492085851019,0.0420840268871438,0.7020662691912658,0.08405423886557117,0.23973390199299396,0.46639153353162555,all_objects,366,366,0,0,0,0.28164394507113644,0.09107254388665229,0.07874551543153165,0.5564778656089192,0.14408113147981821,0.2711801487714192,0.45560411929605804,all_objects,366,366,0,0,0,0.9176043468532561,0.36468149625338797,0.1673867355852875,3.103355592305748,0.36182724481810663,0.911082708665361,1.4796802733831196,all_objects,366,366,0,0,0,0.0019064332354652084,0.004311778383124062,3.518600861892455e-08,0.022205124499740946,2.0436738660281224e-07,1.616884101178161e-05,0.01279044123848838,all_objects,366,366,0,0,0,0.007623036410000748,0.017246734743136132,1.1149042177539326e-07,0.08881971164820449,6.567062351206972e-07,6.173574132096684e-05,0.051161375548111086,all_objects,366,366,0,0,0,0.0024560057082595433,0.004018980570652623,2.764627408603956e-05,0.01854996878274266,6.774101775029615e-05,0.00043528767979199203,0.012832657516886226,all_objects,366,366,0,0,0,0.009579057003963132,0.01604401527378261,8.013658057298728e-05,0.07399454504551346,0.00017794331770695237,0.001415628776996773,0.05105184966144606,all_objects,366,366,0,0,0,0.11705042985036476,0.23753203425422906,4.207253994081839e-06,0.987664457512949,2.627157067180974e-05,0.0022400720645521233,0.7352302640144615,all_objects,366,366,0,0,0,0.7276274648698233,0.1721615059000582,0.10675618617926722,0.9711739193461347,0.3387250242629381,0.7629803408539693,0.9303431206264832,all_objects
dronevehicle,train,quality_gate070,2,-1,0,1,1.0,87,70,14,87,1.0,84,87,84,0.9655172413793104,0,87,1.0,84,0.9655172413793104,87,87,1.0,1.0,87,87,0,0,0,0.8118544229701715,0.07766751278388678,0.6426595314843588,0.9658688944833237,0.6781387902930714,0.8172711511280316,0.921546391723476,all_objects,87,87,0,0,0,0.8146950116348528,0.0763938147199519,0.6426595314843588,0.9658688944833237,0.6879553133280487,0.8201704795552219,0.921546391723476,all_objects,87,87,0,0,0,0.1762748502087433,0.1010023895740457,0.01489327399664453,0.6095266462417739,0.0596350576114378,0.16518832542263395,0.37856617003782356,all_objects,87,87,0,0,0,1.3461534117056007,0.6485678792420372,0.6274650772553702,4.622438517835739,0.7912989290697857,1.183739788792491,2.3987487881086174,all_objects,87,87,0,0,0,0.7475841393077726,0.15507764234049423,0.4789796775541498,1.3011839454446312,0.5538527154776143,0.7184200865910897,1.0116588277769882,all_objects,87,87,0,0,0,-0.5985692723978283,0.6702441483850328,-4.143458840281589,0.0231647951340328,-1.6477936951565233,-0.388617905855857,-0.04521521292469835,all_objects,87,87,0,0,0,1.101242444456177,1.2027550617229747,0.038809991653510505,6.946334698843586,0.11746409261483706,0.6730630047967363,3.227428375905482,all_objects,87,87,0,0,0,0.7462002703451046,0.15369305264295077,0.27542970556395163,0.9478436534564462,0.4249285689113762,0.7821299659475647,0.9316380922914336,all_objects,87,87,0,0,0,0.06564252834958983,0.057585534686930236,0.0038919696731447772,0.3594904773222767,0.011321125943376396,0.04920956235379743,0.1620859352581746,all_objects,87,87,0,0,0,0.2694656961297161,0.12529772906971617,0.05859519707631404,0.7020662691912658,0.1084007405944351,0.2426632427859391,0.47869037135750325,all_objects,87,87,0,0,0,0.28022170883193603,0.07969857639891607,0.08658896473228668,0.5497061660919618,0.17209720723695154,0.27225604214379306,0.4245596200029702,all_objects,87,87,0,0,0,0.95397270841594,0.31168668052467413,0.27018365490723256,1.8435610097544226,0.43104135900585494,0.9607737942416215,1.367179582042348,all_objects,87,87,0,0,0,0.0013877314567363513,0.0038010210282599334,5.065299809027582e-08,0.020455822607571224,1.186978429794409e-07,4.769571370605675e-06,0.011468241398129488,all_objects,87,87,0,0,0,0.005549812817410327,0.015203879943892447,1.589188262859298e-07,0.08182271838231978,4.2499438417871105e-07,1.7929020167910142e-05,0.04587203196665505,all_objects,87,87,0,0,0,0.0019163860382424365,0.003840745651194983,3.451424878802703e-05,0.017605392707656455,5.10200016854501e-05,0.00026009742464775076,0.012507730272815324,all_objects,87,87,0,0,0,0.007479284427550111,0.015331810840943242,9.024547193610601e-05,0.0702448675723228,0.00015559552251327285,0.0008671392236210629,0.049773515846725354,all_objects,87,87,0,0,0,0.07441023725797596,0.18924098381467702,5.431045565273962e-06,0.8706443914866782,1.4073274275006041e-05,0.000544108116400821,0.6012455595937298,all_objects,87,87,0,0,0,0.8120585379661007,0.07761442765287473,0.6313842090918141,0.9658693833708936,0.6831579666211368,0.8172761676794543,0.9215491944183478,all_objects
dronevehicle,val,base,2,-1,0,1,1.0,2821,192,1,2821,1.0,49,47,47,1.0,2,998,0.35377525700106344,952,0.337468982630273,1803,2821,0.6391350584898972,0.6391350584898972,2821,2821,0,0,0,0.8073321808387892,0.1180395587920858,0.049868494644377585,0.9842188610998637,0.5794335784908703,0.8336872686258586,0.9403207218661024,all_objects,2821,2821,0,0,0,0.8372642432238495,0.11191919345594374,0.04687400899674025,0.9859486579086706,0.6518641414776905,0.8640242745112174,0.9479604869011459,all_objects,2821,2821,0,0,0,-0.041118507864607905,0.12867615264497112,-0.7305694280497363,0.5764300397130471,-0.25846996083090557,-0.03551753872966956,0.1622155722473645,all_objects,2821,2821,0,0,0,0.7558536262313511,0.3833376921078255,0.22344920549894004,6.8820653957064035,0.4567344122136967,0.6704594706122594,1.2854797848906196,all_objects,2821,2821,0,0,0,0.8886503027410235,0.5289537593225904,0.3417406756157639,7.312788351583388,0.5164014283996093,0.7340425444210771,1.7981060435748568,all_objects,2821,2821,0,0,0,0.13279667650967242,0.5371710188654798,-4.6370717390909775,6.691298075335605,-0.46907490163296806,0.060531379286872355,0.9890038480975764,all_objects,2821,2821,0,0,0,0.6825329796401246,0.9609958773277101,0.015584654712124165,11.658964757376056,0.08437453883976988,0.3828724907143344,2.1954981970906804,all_objects,2821,2821,0,0,0,0.19556230602501823,0.44084036625539663,-0.8622625308949295,0.9668001830857511,-0.5180110827738269,0.193439595528002,0.8468027072451723,all_objects,2821,2821,0,0,0,0.010453933629394297,0.0242552359029004,-0.05552124174382876,0.21335362038609573,-0.012083351498580334,0.0030077127578105015,0.0565342925562157,all_objects,2821,2821,0,0,0,0.20123179278901646,0.10452224080768084,0.03153013918532788,0.784493265756207,0.07873584185163285,0.1764873243588309,0.40837768392606105,all_objects,2821,2821,0,0,0,0.14826796237953926,0.08140013869058085,0.01465353509715235,0.5487062953452576,0.046433802528400396,0.13103342270045054,0.3000456478114684,all_objects,2821,2821,0,0,0,1.793739479469028,1.6016853217052667,0.22503986375816257,17.807112294018616,0.5483355667809934,1.2608164825478823,4.731325954929072,all_objects,2821,2821,0,0,0,0.0010606763505621904,0.0033742463252594865,8.313484182890634e-09,0.027234003971039138,8.087521967413128e-08,2.3912911221719583e-06,0.008156224223213455,all_objects,2821,2821,0,0,0,0.004240604470286906,0.013495827983601627,1.682402617068875e-08,0.1089333529740156,2.237810679326782e-07,8.323983023195232e-06,0.03262472556826999,all_objects,2821,2821,0,0,0,0.0015038171599089825,0.0033317931066439016,1.148912566019462e-05,0.021783350573973907,4.3480979703378594e-05,0.0001967101854391183,0.009479516982166562,all_objects,2821,2821,0,0,0,0.005831680017650507,0.013291250860421037,2.9629949693783403e-05,0.08690000087622653,0.00010687513109836522,0.0005853390889448247,0.037709487827885635,all_objects,2821,2821,0,0,0,0.061736406011676744,0.1774152780381925,1.1094655292254174e-06,1.1015837834499393,1.2876887240054202e-05,0.0003182159708785548,0.531151488660953,all_objects,2821,2821,0,0,0,0.8080996259328589,0.11776196057472543,0.04989692925476384,0.984216045421957,0.5794342902760927,0.8351196075248468,0.9404746716000081,all_objects
dronevehicle,val,n_iou_lt_070,2,-1,0,1,1.0,229,38,1,229,1.0,49,47,47,1.0,2,187,0.8165938864628821,188,0.8209606986899564,211,229,0.9213973799126638,0.9213973799126638,229,229,0,0,0,0.7233417614504135,0.17664469454857276,0.049868494644377585,0.9699389288286057,0.3421444230726112,0.7583970295654378,0.933256096141265,all_objects,229,229,0,0,0,0.7263371394422802,0.17790514578410752,0.049868494644377585,0.9851662090584095,0.3421444230726112,0.7712299694507353,0.936952778679448,all_objects,229,229,0,0,0,0.12579239938721615,0.14441700179744987,-0.6090482035084925,0.5764300397130471,-0.0856761997116379,0.1306574554589799,0.3536275863520399,all_objects,229,229,0,0,0,1.4945124963834107,0.9070835221013352,0.5366924000095765,6.8820653957064035,0.7142901269861248,1.2817385013663638,3.1455186655522747,all_objects,229,229,0,0,0,1.0885050538534153,0.9169658636284955,0.40581272658696654,7.312788351583388,0.5206738454859771,0.7995258610150813,2.574498873040959,all_objects,229,229,0,0,0,-0.4060074425299951,0.761848101983669,-4.6370717390909775,5.906816502036841,-1.3845143840386789,-0.3546326839331235,0.44891326583335384,all_objects,229,229,0,0,0,0.9338673075918463,1.0482613655865278,0.026244467146961502,11.161036918308906,0.1143547773899577,0.6492380210386095,2.476752663839658,all_objects,229,229,0,0,0,0.5728032349734955,0.3527356997723727,-0.6290736423946752,0.9668001830857511,-0.16281745269592188,0.6957741945407638,0.9185545500397834,all_objects,229,229,0,0,0,0.051504586662750665,0.045698687389596294,-0.03445547656556952,0.21335362038609573,-0.006993780388922439,0.0413453921052385,0.13958631948183553,all_objects,229,229,0,0,0,0.2534217660376321,0.10662091507574115,0.04602557418758094,0.7538425597606164,0.09611815678459922,0.2425810036635681,0.45510126077558355,all_objects,229,229,0,0,0,0.29917544821142666,0.07990702173898351,0.11748534660809072,0.5487062953452576,0.17629290285971208,0.2923887044919115,0.4489423658498955,all_objects,229,229,0,0,0,0.8628225918655228,0.33005991288054926,0.24727370392257417,2.540665320483185,0.4004614160364994,0.8517078657078606,1.3579270377952861,all_objects,229,229,0,0,0,0.0011874698051386825,0.003324880579998714,1.746207952844768e-08,0.022008280691271188,1.378999531738864e-07,1.0030596895341504e-05,0.00859005434836874,all_objects,229,229,0,0,0,0.004746611782546692,0.013298907388524607,4.649313771557493e-08,0.08803298872553211,4.0790535317846543e-07,3.930439038748938e-05,0.03435052946934007,all_objects,229,229,0,0,0,0.0016958190565442841,0.0032245505527750285,2.10394873221099e-05,0.018753089932425818,5.3159413011880525e-05,0.0003854293009694894,0.008174631223968814,all_objects,229,229,0,0,0,0.00653074143479056,0.012852790131677052,4.9383379046305585e-05,0.07492355033697591,0.0001373729692913693,0.001298827013462483,0.032244563468075145,all_objects,229,229,0,0,0,0.07871288254387315,0.20217810230713784,3.900975229953474e-06,0.9951510965826742,2.2415440639633744e-05,0.0011289786601196283,0.6647276550680655,all_objects,229,229,0,0,0,0.7245603369151339,0.1761317764355974,0.04989692925476384,0.969925561264498,0.3421588262187915,0.7619633913274634,0.9332259220935555,all_objects
dronevehicle,val,quality_gate070,2,-1,0,1,1.0,47,17,1,47,1.0,47,47,47,1.0,0,47,1.0,46,0.9787234042553191,47,47,1.0,1.0,47,47,0,0,0,0.8476429789481413,0.06759338788622707,0.6851876776728657,0.9537914889937084,0.7095146484412359,0.8474801769056327,0.9371600696932658,all_objects,47,47,0,0,0,0.8504242718161488,0.06871909314553182,0.6851876776728657,0.9537914889937084,0.7095146484412359,0.8484356749908667,0.940032441637248,all_objects,47,47,0,0,0,0.21849149788347869,0.08476734330443786,0.06481961148889726,0.44174004964161095,0.10847353729196449,0.20261396330442483,0.37122982132311566,all_objects,47,47,0,0,0,1.3880316664313053,0.3955650273255572,0.7392507661671757,2.677034604882545,0.9177338091907298,1.353883135161063,2.1112088029325635,all_objects,47,47,0,0,0,0.7323145394576893,0.18575892826869164,0.40581272658696654,1.3236303821446378,0.4947569376644313,0.6980324632711283,1.0583290565112404,all_objects,47,47,0,0,0,-0.6557171269736158,0.40838076528224543,-1.9986420984996647,0.06773396712392499,-1.5119641404517874,-0.5874207930676041,-0.13192812514640603,all_objects,47,47,0,0,0,1.1330286431158296,0.7288759348441407,0.21673823114225482,3.2503884354268426,0.36411629367160425,0.9737599472642784,2.5509432565603145,all_objects,47,47,0,0,0,0.7772280716900162,0.15188927929809753,0.28385648586598966,0.9668001830857511,0.4135248556101923,0.8214434124454942,0.9200858340463517,all_objects,47,47,0,0,0,0.07686820397803483,0.04400398123179911,0.010162576622249852,0.20696716085037647,0.019004535165323973,0.06495083195773697,0.16541914946784558,all_objects,47,47,0,0,0,0.30159348996459623,0.09206472284062439,0.13016635591269057,0.5261084336409289,0.1652030051270867,0.28830137560046043,0.45997139096380296,all_objects,47,47,0,0,0,0.30209528315954254,0.06641035906692824,0.1647885377428922,0.4479153385848374,0.1842626799114659,0.2967767007007212,0.4201407658675155,all_objects,47,47,0,0,0,1.0051286276177271,0.2346268381238544,0.47325202639798014,1.6884001391242804,0.5915732834670576,0.9982738768818761,1.3455222937297244,all_objects,47,47,0,0,0,0.00022997115473608718,0.001033425574988421,1.746207952844768e-08,0.006925789403689711,8.616708787331417e-08,3.222307131606123e-06,0.000825388724506796,all_objects,47,47,0,0,0,0.0009192961574162376,0.004133549446357133,4.649313771557493e-08,0.027701917778081613,2.1173817700977957e-07,1.2696879494596519e-05,0.0032990706920324932,all_objects,47,47,0,0,0,0.0006172082999168346,0.0012712815488424495,2.10394873221099e-05,0.006857951015806493,4.623301902605027e-05,0.00022451946323508382,0.0027868216661441052,all_objects,47,47,0,0,0,0.0023382353085145253,0.0050585765069059395,4.9383379046305585e-05,0.02725398401972557,0.00010297618796605369,0.0007985565385400549,0.010830225801751017,all_objects,47,47,0,0,0,0.02039789306533937,0.09977469126765426,3.900975229953474e-06,0.6832565702393936,1.2691586056234882e-05,0.0002993409385396717,0.06332581517637258,all_objects,47,47,0,0,0,0.8473285473467592,0.06762068561917861,0.6851591769564928,0.9537915014085355,0.7104259981182819,0.8475040075144936,0.9371586993247878,all_objects
dronevehicle,train,base,3,0,1,1,1.0,15019,992,86,15019,1.0,84,87,81,0.9310344827586207,3,4164,0.27724881816365937,4118,0.27418603102736533,9255,15019,0.6162194553565483,0.6162194553565483,15019,15019,0,0,0,0.8279631169882053,0.10716170914694644,0.0794965113746001,0.9936458407316002,0.6226445437043817,0.8541229352347529,0.9458672845830183,all_objects,15019,15019,0,0,0,0.8589954924316276,0.09440525792414714,0.0,0.9936458407316002,0.7132796578248456,0.8789271188351758,0.9506752083550636,all_objects,15019,15019,0,0,0,-0.058030528021005695,0.11326873882197748,-0.8896959126440966,0.6664252325447391,-0.25921133629757176,-0.04370193687280577,0.09376706077173447,all_objects,15019,15019,0,0,0,0.6632713244068966,0.26758734747326496,0.10241990049377958,8.35305220031238,0.4356911441378937,0.6311930896258302,0.9624656705975698,all_objects,15019,15019,0,0,0,0.8213339935902696,0.4461056318368268,0.2692967526473512,9.356172393946148,0.5017353317689401,0.7032099038771285,1.5609950258665461,all_objects,15019,15019,0,0,0,0.1580626691833729,0.4369328887175986,-5.650630232530274,6.748827682572213,-0.20502750694691346,0.06404700697488175,0.8677199667490706,all_objects,15019,15019,0,0,0,0.5898541427032121,0.8587652407843145,0.011705289798063963,10.863574495444531,0.06718160029408503,0.30835702821265965,2.149794258269415,all_objects,15019,15019,0,0,0,0.1503501615397059,0.42559150393285566,-0.9696900777538005,0.9715211622004365,-0.5470548047087858,0.1491018042115444,0.8035434127682901,all_objects,15019,15019,0,0,0,0.005478524942028646,0.016856230101178035,-0.04959767079490857,0.3489267682303624,-0.01077082863412599,0.0017711348862521367,0.03392021558465871,all_objects,15019,15019,0,0,0,0.18336324344392416,0.10329583839358912,0.02123850404445966,0.8082280834334133,0.06937241205052762,0.15568481729966452,0.39614221616312273,all_objects,15019,15019,0,0,0,0.12013046074260489,0.06490697003861162,0.005385099180978305,0.5564778656089192,0.040199843519522944,0.10724402260757561,0.24497633871249866,all_objects,15019,15019,0,0,0,2.029083637323591,1.9669756594991723,0.1428501410194031,42.5272785940213,0.5426894365018456,1.3987452881842706,5.53459854541292,all_objects,15019,15019,0,0,0,0.0011813242855770812,0.003645484524329716,4.041476079268139e-09,0.02722479326723009,9.185936663601215e-08,2.1876630097733858e-06,0.009708861755242196,all_objects,15019,15019,0,0,0,0.0047240023765886385,0.014581366750043056,9.882016184163294e-09,0.1088984478119355,2.768202017808159e-07,8.040218966788872e-06,0.03882212964491171,all_objects,15019,15019,0,0,0,0.0015900526618279444,0.0035247216534498665,1.062476113126244e-05,0.021730558817984656,4.5262236558183023e-05,0.00019223225727934862,0.010356553909845906,all_objects,15019,15019,0,0,0,0.006203004495447965,0.014067423143387417,2.436218049705973e-05,0.08672846585055177,0.00011894366600437103,0.0006111456826478072,0.041156952544331916,all_objects,15019,15019,0,0,0,0.06824360920265499,0.1920578241219362,7.607409031606949e-07,1.0262290337910969,1.3087011720358533e-05,0.00028435470761678516,0.6146210989617262,all_objects,15019,15019,0,0,0,0.8288950588462379,0.10670848353853145,0.08956186548390996,0.9936472196327228,0.624534763422031,0.855055623570898,0.9463614602343681,all_objects
dronevehicle,train,n_iou_lt_070,3,0,1,1,1.0,366,177,30,366,1.0,84,87,81,0.9310344827586207,3,292,0.7978142076502732,294,0.8032786885245902,334,366,0.912568306010929,0.912568306010929,366,366,0,0,0,0.7250322650555616,0.16758350234796843,0.10675486012915959,0.9578804665165446,0.380319957004489,0.7650523111178764,0.9108303844650569,all_objects,366,366,0,0,0,0.7460470013534322,0.16539981289651587,0.10675486012915959,0.9578804665165446,0.3915491216852878,0.789722991183184,0.9191664196179057,all_objects,366,366,0,0,0,0.12425729202320983,0.15804237350889735,-0.5142365826046471,0.6664252325447391,-0.09526957068184233,0.12432592257119546,0.4055142046708401,all_objects,366,366,0,0,0,1.4789948250896785,1.162597592575813,0.4511581403753854,8.35305220031238,0.6714573288846857,1.12009933850163,3.7049300249625707,all_objects,366,366,0,0,0,1.0769022046494638,1.0745827002567971,0.3744569908133826,9.356172393946148,0.5013693675724361,0.7630694322403714,2.4786682113678857,all_objects,366,366,0,0,0,-0.4020926204402146,0.8101259364878836,-5.650630232530274,3.6644059345327458,-1.7450362394040129,-0.2743851342992728,0.5060716800880447,all_objects,366,366,0,0,0,0.9514288663869144,1.0594744894235135,0.02005879445620964,7.35448259980652,0.07718321550662957,0.6095953287073013,3.1550594364432873,all_objects,366,366,0,0,0,0.5665592251559812,0.35889908891710104,-0.6980257668883008,0.9674158320615746,-0.17089197648164925,0.6846934947711454,0.9293100966487978,all_objects,366,366,0,0,0,0.049314108535886365,0.05303981027442574,-0.04393025252142353,0.3489267682303624,-0.005619000580805238,0.03809591722083494,0.1505299091981737,all_objects,366,366,0,0,0,0.24786809427863923,0.11984433101584702,0.039546836013883854,0.679361728938883,0.08489856888722869,0.23283428703002285,0.46047033071019355,all_objects,366,366,0,0,0,0.28164394507113644,0.09107254388665229,0.07874551543153165,0.5564778656089192,0.14408113147981821,0.2711801487714192,0.45560411929605804,all_objects,366,366,0,0,0,0.8955939515077173,0.3591892484983821,0.1428501410194031,2.730072879447906,0.3716333018906519,0.8925722019957685,1.5018191063810362,all_objects,366,366,0,0,0,0.0018673619572569166,0.004482497020122711,1.5691965810259804e-08,0.026316122005246974,2.253935185707174e-07,1.9770124252038924e-05,0.01335215686301872,all_objects,366,366,0,0,0,0.007467363204719104,0.01792962882845187,4.2217494936412015e-08,0.10526289372546674,6.570135987109195e-07,7.871572809048895e-05,0.05340796173247159,all_objects,366,366,0,0,0,0.0024460136433282864,0.004096075524810696,2.045211864985608e-05,0.021390250621015204,6.97290628152739e-05,0.0005128732112848029,0.01361560412516134,all_objects,366,366,0,0,0,0.009566376316621376,0.01635589975411145,4.8290644188229805e-05,0.08528729266681728,0.00019052383683548972,0.0017646727364768698,0.053833597315295724,all_objects,366,366,0,0,0,0.11382710646769532,0.2403231096726674,2.177102999212366e-06,0.972429192485194,3.088111264304416e-05,0.0022746067609489273,0.7764411149350217,all_objects,366,366,0,0,0,0.7264168150914512,0.16683686266797187,0.10677007611680824,0.9579134943785111,0.37957730599761175,0.7663941519162956,0.9094396047180071,all_objects
dronevehicle,train,quality_gate070,3,0,1,1,1.0,87,70,14,87,1.0,81,87,81,0.9310344827586207,0,85,0.9770114942528736,84,0.9655172413793104,87,87,1.0,1.0,87,87,0,0,0,0.8011750253138235,0.08084276101548964,0.5860270345366074,0.9325266293406548,0.6335850069238477,0.8137882988605699,0.9103407185974417,all_objects,87,87,0,0,0,0.803525206719825,0.07922939684655439,0.5860270345366074,0.9325266293406548,0.6496937190429553,0.8172711511280316,0.9103407185974417,all_objects,87,87,0,0,0,0.16559545255239508,0.10080044303600164,-0.028226736956086018,0.5929710005309436,0.03461600384945324,0.1578119566515953,0.3377965214051815,all_objects,87,87,0,0,0,1.3461534117056007,0.6485678792420372,0.6274650772553702,4.622438517835739,0.7912989290697857,1.183739788792491,2.3987487881086174,all_objects,87,87,0,0,0,0.7481646204635047,0.1437421153954189,0.5230422513591511,1.27309140484647,0.5617629778658921,0.7162977815642666,1.0240654548766286,all_objects,87,87,0,0,0,-0.5979887912420959,0.6626617002281925,-4.092669906587683,0.045735111876111345,-1.615445912032137,-0.3820229025660177,-0.04122882904605575,all_objects,87,87,0,0,0,1.0555795074991,1.1508974710741469,0.0327510512966464,6.256421981302757,0.1181784539965556,0.5940835690200242,3.12125067502498,all_objects,87,87,0,0,0,0.743202572244374,0.14957300127871723,0.26540424297615384,0.9477625629541155,0.4678285225075657,0.783857671395664,0.926242298676026,all_objects,87,87,0,0,0,0.06451287256982748,0.056861525207431374,0.004621443200931874,0.3489267682303624,0.0106647558317698,0.04609613533303265,0.1615259636082307,all_objects,87,87,0,0,0,0.2644328846386045,0.12506261681314046,0.06574422705385219,0.679361728938883,0.10077980969272507,0.2354854256707123,0.4810648761933983,all_objects,87,87,0,0,0,0.28022170883193603,0.07969857639891607,0.08658896473228668,0.5497061660919618,0.17209720723695154,0.27225604214379306,0.4245596200029702,all_objects,87,87,0,0,0,0.9315497328160436,0.3011150258367951,0.3643991679529097,1.743621927047775,0.46376128285942825,0.9535922379042802,1.4168620039783544,all_objects,87,87,0,0,0,0.001565173628871197,0.004182060075845744,3.3598457614986323e-08,0.026316122005246974,7.572597769447142e-08,9.05727895723343e-06,0.010662464261541778,all_objects,87,87,0,0,0,0.006259420043529891,0.016728273403919372,6.910105360677688e-08,0.10526289372546674,2.4512873166731667e-07,3.588481511994803e-05,0.0426480946987357,all_objects,87,87,0,0,0,0.0022694248829365975,0.004025775239458922,2.9719916270380557e-05,0.021390250621015204,4.342111403033444e-05,0.0003571659747697603,0.012018078823932314,all_objects,87,87,0,0,0,0.008897782075851327,0.016080625308896562,5.955555479503496e-05,0.08528729266681728,0.00011561621564720937,0.0012947434041707692,0.04779452443437357,all_objects,87,87,0,0,0,0.08782020123326484,0.20173360040690408,5.800518295018264e-06,0.972429192485194,1.0354765163356205e-05,0.0008581055937781912,0.5971442264138573,all_objects,87,87,0,0,0,0.8030047154103185,0.07784222077291945,0.5894219343472887,0.9325269382460402,0.6499442406839552,0.8137887494670683,0.9103420442937246,all_objects
dronevehicle,val,base,3,0,1,1,1.0,2821,192,1,2821,1.0,48,47,46,0.9787234042553191,2,965,0.34207727756114853,967,0.3427862460120525,1799,2821,0.6377171215880894,0.6377171215880894,2821,2821,0,0,0,0.8119509742932853,0.11516628692658529,0.0594110257138247,0.9871467267779596,0.5898199736998146,0.8390771530982464,0.9413984849375011,all_objects,2821,2821,0,0,0,0.8363587886220455,0.11302945449889186,0.027113647931769954,0.9904966987587895,0.6376035162941043,0.8639102756645525,0.9473112659202465,all_objects,2821,2821,0,0,0,-0.036499714410111676,0.12449471230846605,-0.7663652911168225,0.6143826760989719,-0.24494634328166798,-0.03391178590122523,0.16329927288908674,all_objects,2821,2821,0,0,0,0.7558536262313511,0.3833376921078255,0.22344920549894004,6.8820653957064035,0.4567344122136967,0.6704594706122594,1.2854797848906196,all_objects,2821,2821,0,0,0,0.8632890658507353,0.483446474970305,0.33434590636937866,7.152676730069357,0.5143169376768302,0.7291615245309083,1.629751721945627,all_objects,2821,2821,0,0,0,0.10743543961938411,0.4937648909755831,-4.649538918837349,6.561836408907915,-0.4696189327332273,0.057813220737965354,0.8871981654914646,all_objects,2821,2821,0,0,0,0.6609672040283457,0.92539998380248,0.021173117597894926,11.668279015203854,0.08290244068926872,0.3741678031404872,2.012611658619526,all_objects,2821,2821,0,0,0,0.19804919361563397,0.44159462762944224,-0.8557442932201325,0.9678454301205555,-0.5176631622349022,0.1979555239120083,0.8530387702228096,all_objects,2821,2821,0,0,0,0.010748325631832893,0.02471187305338801,-0.053165326980494094,0.21980174505684466,-0.01200754281580405,0.0030285421991002254,0.05809015264134216,all_objects,2821,2821,0,0,0,0.19798016329860077,0.10237927250555034,0.03644636524101394,0.7862112195144356,0.07802195162435564,0.17494639110414031,0.39933689974958514,all_objects,2821,2821,0,0,0,0.14826796237953926,0.08140013869058085,0.01465353509715235,0.5487062953452576,0.046433802528400396,0.13103342270045054,0.3000456478114684,all_objects,2821,2821,0,0,0,1.752906680627721,1.5448236477375272,0.20585535745809339,20.29552040127369,0.514084614653343,1.274416544579021,4.474309949161226,all_objects,2821,2821,0,0,0,0.0010054250966344265,0.003287436439978681,4.320487938621318e-09,0.024908332138589888,9.365571550385855e-08,2.165016269838876e-06,0.007831182812790162,all_objects,2821,2821,0,0,0,0.004020354656318364,0.013149301626332217,1.6938388204267578e-08,0.09963308841346111,2.7907617023438096e-07,7.753740005994262e-06,0.03132448250074847,all_objects,2821,2821,0,0,0,0.0014321324356274155,0.003223778757941016,8.915446931048006e-06,0.020421652086561052,4.639928474179341e-05,0.0001888796197874042,0.008809717372471241,all_objects,2821,2821,0,0,0,0.005566225144689981,0.012863461008388912,2.8715988155853332e-05,0.08157340406275058,0.00012033577243870021,0.0005920078808218445,0.03505809363317661,all_objects,2821,2821,0,0,0,0.0600216696230172,0.17703335979475598,1.8118356592822238e-06,0.9851201058350512,1.435932847471122e-05,0.00029016859866715095,0.5268656233910178,all_objects,2821,2821,0,0,0,0.8126868925821957,0.11471385962231441,0.05940850602138451,0.987148177484964,0.5915308598887546,0.8391803534361932,0.9420715177453389,all_objects
dronevehicle,val,n_iou_lt_070,3,0,1,1,1.0,229,38,1,229,1.0,48,47,46,0.9787234042553191,2,184,0.8034934497816594,183,0.7991266375545851,210,229,0.9170305676855895,0.9170305676855895,229,229,0,0,0,0.7229408596025892,0.17850044137966528,0.0594110257138247,0.9553471133593272,0.3290497362070966,0.763607153566725,0.9360368986442164,all_objects,229,229,0,0,0,0.725932482189574,0.17981530762254883,0.0594110257138247,0.9553471133593272,0.3290497362070966,0.7645503443465277,0.9360368986442164,all_objects,229,229,0,0,0,0.1253914975393919,0.14750668694035662,-0.5995056724390454,0.6143826760989719,-0.0989216666126074,0.1356027044701027,0.3440861728155342,all_objects,229,229,0,0,0,1.4945124963834107,0.9070835221013352,0.5366924000095765,6.8820653957064035,0.7142901269861248,1.2817385013663638,3.1455186655522747,all_objects,229,229,0,0,0,1.078484697845001,0.8874944387711738,0.4177962723032531,7.07358703189504,0.5230946362078922,0.8023867128167199,2.4412531331815654,all_objects,229,229,0,0,0,-0.4160277985384097,0.7489587151178342,-4.649538918837349,5.667615182348493,-1.400094956149682,-0.36678452510932713,0.3978821355310172,all_objects,229,229,0,0,0,0.9819816584815875,1.0552471818061364,0.023604241442315207,10.645473527566041,0.11483180140285629,0.7019856125376825,2.5195143624103995,all_objects,229,229,0,0,0,0.5703737386952739,0.35811180523019864,-0.732597954564426,0.9678454301205555,-0.1092553266072226,0.7042720652568518,0.9119922756442604,all_objects,229,229,0,0,0,0.05288072174414544,0.04687172770098927,-0.024916335353555554,0.21980174505684466,-0.005405642696783284,0.04414529529993799,0.14275704348321708,all_objects,229,229,0,0,0,0.2586142005642417,0.11004802603937705,0.03656546504769226,0.7438824243368706,0.09628393894863346,0.24826183233864768,0.45143935010095615,all_objects,229,229,0,0,0,0.29917544821142666,0.07990702173898351,0.11748534660809072,0.5487062953452576,0.17629290285971208,0.2923887044919115,0.4489423658498955,all_objects,229,229,0,0,0,0.8819763470121876,0.3462710923445319,0.20585535745809339,2.5070968116071897,0.38026899034968864,0.879359416830113,1.4319452613427528,all_objects,229,229,0,0,0,0.0015502531866793106,0.003831669758924254,3.375053635109152e-08,0.020825053484314803,1.3017001817542208e-07,1.7462312598141843e-05,0.011334751046785099,all_objects,229,229,0,0,0,0.006198600045780456,0.015325469416611982,9.372227475383038e-08,0.08329863045342265,4.426917750592677e-07,6.963226945915704e-05,0.04533057490913226,all_objects,229,229,0,0,0,0.002113653672870117,0.0035323045754981314,2.975878263365413e-05,0.017590902457537104,5.561213769199565e-05,0.00045852124744487913,0.010734312610529106,all_objects,229,229,0,0,0,0.008236300413475965,0.014062972358909227,7.13634729802285e-05,0.07008835950304211,0.00015750715807674257,0.001658682477979579,0.04273617934652124,all_objects,229,229,0,0,0,0.09908022941198256,0.22307921063727829,4.473318711006868e-06,0.9732549334955252,1.7272147624680658e-05,0.0021036521799828733,0.7436182378671986,all_objects,229,229,0,0,0,0.7247577230691542,0.1781695502543047,0.05940850602138451,0.9553498011815664,0.3305919786473586,0.7636690321836639,0.9360352484530097,all_objects
dronevehicle,val,quality_gate070,3,0,1,1,1.0,47,17,1,47,1.0,46,47,46,0.9787234042553191,0,47,1.0,46,0.9787234042553191,47,47,1.0,1.0,47,47,0,0,0,0.8441572647900994,0.07446161760735581,0.641369727534501,0.9553471133593272,0.7086916545051648,0.8549076437219509,0.9440551175388501,all_objects,47,47,0,0,0,0.8464994656328222,0.07402321992589693,0.641369727534501,0.9553471133593272,0.7086916545051648,0.8576587163223764,0.9440551175388501,all_objects,47,47,0,0,0,0.21500578372543672,0.0909647155855164,0.04184519735365266,0.47057817903489496,0.06906770071562146,0.20606732588948706,0.39062015718398574,all_objects,47,47,0,0,0,1.3880316664313053,0.3955650273255572,0.7392507661671757,2.677034604882545,0.9177338091907298,1.353883135161063,2.1112088029325635,all_objects,47,47,0,0,0,0.7391109484625239,0.19089286424624358,0.4200754279271254,1.3538702829162754,0.4779674361886842,0.6967194400454988,1.0806979880842962,all_objects,47,47,0,0,0,-0.6489207179687814,0.41050393671509755,-2.0260799934579725,0.02743905335470931,-1.5286889793187546,-0.548486656307953,-0.11903057340337028,all_objects,47,47,0,0,0,1.1900741235146395,0.7909389706402682,0.10736120589211791,3.550646299728618,0.29649723418400803,0.9399993415749263,2.6608469168576145,all_objects,47,47,0,0,0,0.773980016799288,0.16300030219852876,0.23303859105902877,0.9678454301205555,0.36881013869157053,0.8383215773675587,0.9119947591790586,all_objects,47,47,0,0,0,0.07867048436791113,0.04607616186302202,0.0065741895844849685,0.20986762519423674,0.016694495695586342,0.07159017852132343,0.17250220512350287,all_objects,47,47,0,0,0,0.3066940471734242,0.09853400483676178,0.09169766589412619,0.5244421524170464,0.14651598404945454,0.30138279185092653,0.48721537961995504,all_objects,47,47,0,0,0,0.30209528315954254,0.06641035906692824,0.1647885377428922,0.4479153385848374,0.1842626799114659,0.2967767007007212,0.4201407658675155,all_objects,47,47,0,0,0,1.023205794845921,0.26028793644823073,0.3333895759474762,1.5386841036238748,0.5403281056619399,1.0702599192197753,1.3713644891669692,all_objects,47,47,0,0,0,0.0008749036438494827,0.0028276998962580204,3.375053635109152e-08,0.015649808648845177,6.504876047427047e-08,1.0566990240257661e-06,0.006921005604613879,all_objects,47,47,0,0,0,0.0034986952010228264,0.011310526696899139,9.372227475383038e-08,0.0625990114286086,1.8472153806000434e-07,4.117108836877207e-06,0.027683380281295137,all_objects,47,47,0,0,0,0.0012852301953265937,0.003100241276297856,2.975878263365413e-05,0.015413083982579623,4.147426952914182e-05,0.0001337911497748638,0.008058131194651985,all_objects,47,47,0,0,0,0.005016872647456926,0.012368027862421516,7.13634729802285e-05,0.06154167208559802,9.940417173702017e-05,0.00047175943397591654,0.03209274638656238,all_objects,47,47,0,0,0,0.053657756115546275,0.16537082622764088,4.473318711006868e-06,0.7498654033789052,1.1689711644180534e-05,0.00010292959650826106,0.4025601989774563,all_objects,47,47,0,0,0,0.8454834444151331,0.07393508400372059,0.6413499452231813,0.9553498011815664,0.708752492334961,0.8576602137272291,0.9465697164018995,all_objects
dronevehicle,train,base,4,0,-1,1,1.0,15019,992,86,15018,0.9999334176709501,93,87,86,0.9885057471264368,7,4071,0.27105666156202146,4091,0.27238830814301884,9241,15019,0.6152873027498502,0.6152873027498502,15019,15019,0,0,0,0.8217315976725851,0.1117203974968074,0.0843175743806281,0.9948084715914537,0.6008878196905584,0.8506423678604795,0.9450601427206426,all_objects,15019,15019,0,0,0,0.8606760585542632,0.09198943142844512,0.004080695626985454,0.9948084715914537,0.7214392154419978,0.879935295523506,0.9511787028655558,all_objects,15019,15019,0,0,0,-0.06426204733662604,0.11840141271585318,-0.8775235742007974,0.7082288235554945,-0.2795107821213126,-0.04691476259274263,0.0950567450450029,all_objects,15019,15019,0,0,0,0.6632713244068966,0.26758734747326496,0.10241990049377958,8.35305220031238,0.4356911441378937,0.6311930896258302,0.9624656705975698,all_objects,15019,15019,0,0,0,0.8473320481249642,0.48504956061006504,0.2580581792743646,9.236891156807001,0.5025911142988462,0.7053850090514121,1.7151776570574233,all_objects,15019,15019,0,0,0,0.1840607237180675,0.47678464356207395,-5.800818638801727,6.8364569216287014,-0.20509706368649777,0.06839656487928325,1.0293988414305935,all_objects,15019,15019,0,0,0,0.6316782163096991,0.8984164067927537,0.00940575415778152,11.452333542386153,0.06897010278653655,0.32288895425301223,2.3159798399457006,all_objects,15019,15019,0,0,0,0.15053831517041252,0.4243510554179044,-0.9647489042602767,0.9738394099892256,-0.5431704031138175,0.15425577100867957,0.8043205594584789,all_objects,15019,15019,0,0,0,0.005535050788966593,0.01724734010228699,-0.05373352565351171,0.35316897464469454,-0.011418695963205367,0.001884077272621906,0.03437049633640088,all_objects,15019,15019,0,0,0,0.18889974571689283,0.10709744136094997,0.015714108796276997,0.8322551954586259,0.07037967123270475,0.15890376532772407,0.41189827308910293,all_objects,15019,15019,0,0,0,0.12013046074260489,0.06490697003861162,0.005385099180978305,0.5564778656089192,0.040199843519522944,0.10724402260757561,0.24497633871249866,all_objects,15019,15019,0,0,0,2.0889388634553536,2.025914799539315,0.13545854326055826,43.79153519169513,0.554765087523474,1.4405507233849246,5.745370871190754,all_objects,15019,15019,0,0,0,0.0014520894887633706,0.004030475676032162,5.463771304936507e-09,0.027609560786226135,7.742419510327458e-08,2.328402148389506e-06,0.01150643346777014,all_objects,15019,15019,0,0,0,0.005807048741949384,0.01612104215664282,1.4031564472038441e-08,0.11043432533006925,2.1423123965798165e-07,8.52719775419773e-06,0.04601587760724681,all_objects,15019,15019,0,0,0,0.0018751093981582054,0.003784511653596466,1.25213723522325e-05,0.02136479429090686,4.325181052864602e-05,0.00019462206506214803,0.011723276444272308,all_objects,15019,15019,0,0,0,0.0073362771309987635,0.015100119092528508,2.8671902002141406e-05,0.08505910839473055,0.00010601668921019278,0.000610010835863802,0.04659910466709318,all_objects,15019,15019,0,0,0,0.08277331673332365,0.20886024365882525,8.417827928042243e-07,1.002316403343798,1.1439900151799523e-05,0.00029559410705815026,0.6895625514973124,all_objects,15019,15019,0,0,0,0.8230029931668916,0.11096952858381903,0.10308819194615657,0.9948094088398656,0.6039379711831651,0.8516493558136804,0.9453430321297496,all_objects
dronevehicle,train,n_iou_lt_070,4,0,-1,1,1.0,366,177,30,365,0.9972677595628415,93,87,86,0.9885057471264368,7,293,0.8005464480874317,298,0.8142076502732241,340,366,0.9289617486338798,0.9289617486338798,366,366,0,0,0,0.7290748672225188,0.17210243579636358,0.09013702092343953,0.9701333763460104,0.32814747703828256,0.7703648920765247,0.9230598795228037,all_objects,366,366,0,0,0,0.7545808975830915,0.16760725333874282,0.09013702092343953,0.9701333763460104,0.3493788367040081,0.7924620304301857,0.9252385922326979,all_objects,366,366,0,0,0,0.12829989419016696,0.1581363875782848,-0.5136625692569098,0.7082288235554945,-0.10484738238247793,0.13736856505078898,0.3860310908380161,all_objects,366,366,0,0,0,1.4789948250896785,1.162597592575813,0.4511581403753854,8.35305220031238,0.6714573288846857,1.12009933850163,3.7049300249625707,all_objects,366,366,0,0,0,1.0826061066451746,1.077816374102079,0.35822377521293847,9.236891156807001,0.5167671757836978,0.7623876063482788,2.7811515334267023,all_objects,366,366,0,0,0,-0.396388718444504,0.8287462341467681,-5.800818638801727,3.3008641341677,-1.7512494020833753,-0.2813114021568554,0.6915582821248518,all_objects,366,366,0,0,0,1.0054184842686251,1.0963244984996308,0.023563593794930896,6.851071194506117,0.09030207112613962,0.7022591829685547,3.2431609486293445,all_objects,366,366,0,0,0,0.5759873667511557,0.35795562699547084,-0.6568373697736342,0.9737200028603329,-0.16570433453012368,0.7017852888346701,0.9263907399050586,all_objects,366,366,0,0,0,0.05086673665553574,0.05361496586886219,-0.04771852575382589,0.35316897464469454,-0.003966110480732692,0.040514608516032134,0.15319228256434803,all_objects,366,366,0,0,0,0.2553282669608202,0.12056784059978548,0.055722100150438277,0.6911246825552354,0.08112941031100428,0.24491321135376698,0.4693832269135357,all_objects,366,366,0,0,0,0.28164394507113644,0.09107254388665229,0.07874551543153165,0.5564778656089192,0.14408113147981821,0.2711801487714192,0.45560411929605804,all_objects,366,366,0,0,0,0.922870335257933,0.36375791795947093,0.18270751058648224,3.103124051180898,0.3780950305980097,0.9078236239226403,1.5076326094417791,all_objects,366,366,0,0,0,0.0025432878684733635,0.005058518092204624,3.7611773136259176e-08,0.027609560786226135,1.7695658321153902e-07,4.416650968821895e-05,0.013535673273029148,all_objects,366,366,0,0,0,0.010170198200702285,0.02023289172642438,1.2348961709933316e-07,0.11043432533006925,5.12158146039499e-07,0.00017631842546724262,0.05414128105031543,all_objects,366,366,0,0,0,0.003060785623706125,0.0044704205914862126,3.0188079075414083e-05,0.02136479429090686,6.595925119582321e-05,0.0006590438739446239,0.013209328947793114,all_objects,366,366,0,0,0,0.012011331394775265,0.01783837616286517,8.216395128062409e-05,0.08505910839473055,0.00016417888301884366,0.0023950277932108504,0.052599074053390135,all_objects,366,366,0,0,0,0.15374695694839396,0.2756888528089666,3.465137410785246e-06,0.9884709807606242,2.7237226184695373e-05,0.005021147946195015,0.8662307225113324,all_objects,366,366,0,0,0,0.730232970142194,0.17099843705429038,0.10308819194615657,0.970126579261081,0.3348120804706225,0.7676372350490983,0.9226013417541451,all_objects
dronevehicle,train,quality_gate070,4,0,-1,1,1.0,87,70,14,87,1.0,86,87,86,0.9885057471264368,0,87,1.0,87,1.0,87,87,1.0,1.0,87,87,0,0,0,0.823786339816999,0.07366330177884137,0.6171818905290357,0.949109325498302,0.6973658118777578,0.8267741396246121,0.9247795799998023,all_objects,87,87,0,0,0,0.8256558714174649,0.07212847298051896,0.6786250594121142,0.949109325498302,0.6952851989261976,0.8281984022521938,0.9247795799998023,all_objects,87,87,0,0,0,0.18820676705557082,0.0950718292879898,0.04805320903945942,0.5929710005309436,0.06814849814697085,0.16534275991171654,0.3554872855007119,all_objects,87,87,0,0,0,1.3461534117056007,0.6485678792420372,0.6274650772553702,4.622438517835739,0.7912989290697857,1.183739788792491,2.3987487881086174,all_objects,87,87,0,0,0,0.7224090737530606,0.13670568743308958,0.5025889682475899,1.2966920120426169,0.5480869024265029,0.6929942106290252,0.94091302566323,all_objects,87,87,0,0,0,-0.62374433795254,0.6608474253352116,-4.100753964467707,-0.009019869854394402,-1.6424122364903737,-0.4120641923678574,-0.06753958669419825,all_objects,87,87,0,0,0,1.1310849077514153,1.223314599667394,0.023563593794930896,6.770395048454647,0.14605664877499094,0.7993326135844453,3.3906534010868215,all_objects,87,87,0,0,0,0.7645934760065348,0.14147988530786965,0.3501188809317422,0.9492581817370579,0.4438866758889963,0.8127994510298798,0.9261611020290853,all_objects,87,87,0,0,0,0.06775529002550043,0.05760751947703347,0.004052538259859474,0.35316897464469454,0.01171123445903895,0.05139923776270994,0.16562480636411334,all_objects,87,87,0,0,0,0.2734669983128639,0.12587551961223276,0.05618846822302898,0.6911246825552354,0.11596743644477563,0.27049782440165476,0.4904126836075802,all_objects,87,87,0,0,0,0.28022170883193603,0.07969857639891607,0.08658896473228668,0.5497061660919618,0.17209720723695154,0.27225604214379306,0.4245596200029702,all_objects,87,87,0,0,0,0.9638773313655725,0.300551805461395,0.34785929987135045,1.675692284723793,0.47917850327181827,0.9648677124513757,1.46713766090463,all_objects,87,87,0,0,0,0.0013403337617378776,0.0035125630460969676,5.0645602371350336e-08,0.02080842121021555,9.970237271120873e-08,7.858194043440809e-06,0.010152652452693936,all_objects,87,87,0,0,0,0.005360404112448216,0.014049969037294188,1.4087502359431707e-07,0.08323319001732896,3.3206329681175536e-07,3.070699393007241e-05,0.040609566233555223,all_objects,87,87,0,0,0,0.001944664795608362,0.003591732130882464,3.567678595658676e-05,0.017941306142038916,4.656461844443084e-05,0.00032294722466997536,0.010382812191136608,all_objects,87,87,0,0,0,0.007601687904182737,0.014332386588915148,8.503484824079146e-05,0.07160184502882695,0.00013132348176386597,0.0010888294688221173,0.04127989670600965,all_objects,87,87,0,0,0,0.07878324981343068,0.20018340239954832,5.829248323152569e-06,0.9372200861650981,1.3536827668758634e-05,0.0009136432715877163,0.5280264009818495,all_objects,87,87,0,0,0,0.8233133107955415,0.07448237019666519,0.6206477383453589,0.9491060201455931,0.6966216475257643,0.8283118230396097,0.9247785104911932,all_objects
dronevehicle,val,base,4,0,-1,1,1.0,2821,192,1,2821,1.0,50,47,47,1.0,3,952,0.337468982630273,944,0.3346331088266572,1780,2821,0.6309819213045019,0.6309819213045019,2821,2821,0,0,0,0.8006318164499128,0.11935767063323899,0.04540585410442823,0.984844466004712,0.565591758175258,0.8308097324661933,0.9360831925214921,all_objects,2821,2821,0,0,0,0.8356074763418788,0.11115271129341343,0.04540585410442823,0.983385829430931,0.6406045562564587,0.861271013197553,0.9440043714585773,all_objects,2821,2821,0,0,0,-0.04781887225348425,0.13261134605318167,-0.7101709200034241,0.5882370726987836,-0.2757444757808527,-0.03801149323610664,0.15890257325014667,all_objects,2821,2821,0,0,0,0.7558536262313511,0.3833376921078255,0.22344920549894004,6.8820653957064035,0.4567344122136967,0.6704594706122594,1.2854797848906196,all_objects,2821,2821,0,0,0,0.900478491266749,0.5384108615212859,0.3442378786679968,7.667638140742372,0.5245810585219052,0.7382630260313325,1.8504038736143817,all_objects,2821,2821,0,0,0,0.144624865035398,0.5464228198149971,-4.61156096012509,7.07679781958093,-0.4782942358731861,0.06475415086319125,1.098476873715617,all_objects,2821,2821,0,0,0,0.7167487539949228,0.9773435757887075,0.01699748729173827,12.0921024645445,0.09032205912309042,0.4072657972487072,2.3121161337794716,all_objects,2821,2821,0,0,0,0.19117634198114858,0.4432818072321771,-0.8917682780687781,0.9684173343853808,-0.5248222374466165,0.178498977608767,0.8441987862897851,all_objects,2821,2821,0,0,0,0.010525537076718319,0.02445252868242578,-0.058888351917229825,0.21103017487195624,-0.012721228886838656,0.002863142575706776,0.057720007604991026,all_objects,2821,2821,0,0,0,0.2054905087410703,0.10556349493005181,0.02684112618766153,0.8024188416271825,0.07836713677093517,0.1802969629909998,0.418810129135134,all_objects,2821,2821,0,0,0,0.14826796237953926,0.08140013869058085,0.01465353509715235,0.5487062953452576,0.046433802528400396,0.13103342270045054,0.3000456478114684,all_objects,2821,2821,0,0,0,1.840735340377744,1.6505413212696383,0.14060169294425523,20.735089456352178,0.5523087204084388,1.2939125182035998,4.804082076509549,all_objects,2821,2821,0,0,0,0.0014864943332551898,0.00394931434082325,8.850150352382532e-09,0.026332920915562455,8.207449102627348e-08,2.823989915284634e-06,0.011271559486009115,all_objects,2821,2821,0,0,0,0.005944121149232105,0.015794977036718442,1.7950104116172665e-08,0.1053314784876894,2.2556683941751802e-07,1.0107318798323531e-05,0.04508535770132149,all_objects,2821,2821,0,0,0,0.0019165556826716145,0.003745450722222549,1.5989396032662043e-05,0.021014096454292933,4.390926720106071e-05,0.00021163924910918766,0.011533893866680483,all_objects,2821,2821,0,0,0,0.007493556217779131,0.0149312406427302,3.2028200249642395e-05,0.0839490034356422,0.00010951202544553158,0.0006708909755269535,0.04589798219330096,all_objects,2821,2821,0,0,0,0.08665640552531292,0.21015295050786548,1.5346510906510957e-06,1.0131973422359124,1.1641179831656245e-05,0.00034232877226259006,0.6959180881509042,all_objects,2821,2821,0,0,0,0.8020838729035291,0.11851172957459484,0.05098082478114528,0.9833862529644896,0.5685915040386837,0.8317397230780768,0.9363760144656633,all_objects
dronevehicle,val,n_iou_lt_070,4,0,-1,1,1.0,229,38,1,229,1.0,50,47,47,1.0,3,191,0.834061135371179,188,0.8209606986899564,210,229,0.9170305676855895,0.9170305676855895,229,229,0,0,0,0.7233419097828041,0.1752124072421389,0.04540585410442823,0.9658276997330566,0.3531065380851868,0.7571370016683067,0.917340875778489,all_objects,229,229,0,0,0,0.7269107302533604,0.1765948853827561,0.04540585410442823,0.9658276997330566,0.3531065380851868,0.7612973644449793,0.9194765857266698,all_objects,229,229,0,0,0,0.1257925477196068,0.14117521662654609,-0.6135108440484419,0.5882370726987836,-0.08548263233453171,0.13425039192771449,0.332484611793891,all_objects,229,229,0,0,0,1.4945124963834107,0.9070835221013352,0.5366924000095765,6.8820653957064035,0.7142901269861248,1.2817385013663638,3.1455186655522747,all_objects,229,229,0,0,0,1.0820386152691788,0.945647991092361,0.41442313449138085,7.288126548865971,0.5334823292326387,0.8042425818560356,2.662876856444813,all_objects,229,229,0,0,0,-0.41247388111423156,0.7644661239468336,-4.61156096012509,5.8821546993194245,-1.4017779247942284,-0.3932398603695306,0.3510086721008952,all_objects,229,229,0,0,0,0.9452690418670965,1.0461729143375378,0.01699748729173827,11.13140932416214,0.12792981183450675,0.6987020056687284,2.5798323249048565,all_objects,229,229,0,0,0,0.5806246456074021,0.3394952915622859,-0.69897479120546,0.9619938559080244,-0.12319660456942247,0.6963833175764721,0.9093498926058077,all_objects,229,229,0,0,0,0.05217182060333552,0.045118818046634014,-0.023075542658217447,0.21103017487195624,-0.005576818772430317,0.042724087850667045,0.1387770768470465,all_objects,229,229,0,0,0,0.25536972443987616,0.1069209120867941,0.043243855923878825,0.7559212935972345,0.09960204831812784,0.2491232349886839,0.4492741537364155,all_objects,229,229,0,0,0,0.29917544821142666,0.07990702173898351,0.11748534660809072,0.5487062953452576,0.17629290285971208,0.2923887044919115,0.4489423658498955,all_objects,229,229,0,0,0,0.8723273112028662,0.3390138239006033,0.2354523822544464,2.5476712488442574,0.3836481280386714,0.8623390975046564,1.3742425440736696,all_objects,229,229,0,0,0,0.0019605946400945446,0.004055813110114793,3.659304424339683e-08,0.020669815410175423,1.372493507691983e-07,2.394291229241041e-05,0.011073910172107359,all_objects,229,229,0,0,0,0.00784023437600084,0.016222538959833256,7.934248258976455e-08,0.08267533759700389,4.6123360696207555e-07,9.423543502851001e-05,0.04429143961346361,all_objects,229,229,0,0,0,0.002526225808915224,0.003774624708532519,3.0866417046336944e-05,0.016828833251706716,5.778787912048021e-05,0.0005411521849438185,0.010550456688510875,all_objects,229,229,0,0,0,0.00988297526117405,0.015045789395100491,6.404630148147403e-05,0.06680999835277679,0.0001597813585763489,0.0018896684266439213,0.04162834688121335,all_objects,229,229,0,0,0,0.12962563758764623,0.2401509370666903,7.070404592468549e-06,0.9433587745068621,1.4824568029325747e-05,0.0025683035244128405,0.7239364473643035,all_objects,229,229,0,0,0,0.7253862878793572,0.1749655956257329,0.05098082478114528,0.9660571444588623,0.35300392661175184,0.7649529995774248,0.9183443667185266,all_objects
dronevehicle,val,quality_gate070,4,0,-1,1,1.0,47,17,1,47,1.0,47,47,47,1.0,0,47,1.0,46,0.9787234042553191,47,47,1.0,1.0,47,47,0,0,0,0.8394229230356245,0.06587148580989516,0.641369727534501,0.945698462079904,0.7261988612802961,0.8505916964549921,0.9185451723688391,all_objects,47,47,0,0,0,0.8414733593362468,0.0632548041028643,0.641369727534501,0.945698462079904,0.7340513697876088,0.8505916964549921,0.9185451723688391,all_objects,47,47,0,0,0,0.21027144197096173,0.07602907407544354,0.06169995917934257,0.40878367004694793,0.07859271594141923,0.19770565627195724,0.35499405220853436,all_objects,47,47,0,0,0,1.3880316664313053,0.3955650273255572,0.7392507661671757,2.677034604882545,0.9177338091907298,1.353883135161063,2.1112088029325635,all_objects,47,47,0,0,0,0.7239063593438008,0.16432000772447866,0.41442313449138085,1.1979756858813555,0.4980675066007553,0.6891896396211236,0.99462548547476,all_objects,47,47,0,0,0,-0.6641253070875044,0.3973508179857649,-1.975693155072347,0.06344420296698905,-1.5055381071266352,-0.5626414096355812,-0.2515699304939518,all_objects,47,47,0,0,0,1.1676510127937343,0.7015767908043411,0.26015155877119917,3.161703330766426,0.38356086303724946,1.018822702107926,2.6117018037764095,all_objects,47,47,0,0,0,0.7770050853479481,0.13958728053356928,0.340243422326002,0.9619938559080244,0.43736289762619623,0.8206790115260041,0.9242062029245348,all_objects,47,47,0,0,0,0.07817474462073482,0.04370966371268612,0.013534529729614674,0.19572502881301307,0.020286503310266317,0.07464200427042979,0.16702657493235498,all_objects,47,47,0,0,0,0.3066124244639963,0.08930325011356326,0.13830501522845529,0.48819670473370513,0.17792540128749534,0.30580495641632544,0.47656513224338615,all_objects,47,47,0,0,0,0.30209528315954254,0.06641035906692824,0.1647885377428922,0.4479153385848374,0.1842626799114659,0.2967767007007212,0.4201407658675155,all_objects,47,47,0,0,0,1.024702885581485,0.23394381256228874,0.4808641778069018,1.697911204203675,0.6389438096793173,1.0497903724422422,1.3519908025314868,all_objects,47,47,0,0,0,0.0010180208691839454,0.002585709961736059,3.659304424339683e-08,0.012788538405403298,6.9810794796289e-08,1.0567887023125461e-06,0.007016885718655343,all_objects,47,47,0,0,0,0.004071352529853143,0.010342592685359328,7.934248258976455e-08,0.05115008445717683,1.8908024661205104e-07,3.897477641549417e-06,0.028067362932234677,all_objects,47,47,0,0,0,0.0014790469196691099,0.0027401576084594807,3.0866417046336944e-05,0.011255946484296517,4.125758077227206e-05,0.0001451943930026794,0.007265793047678699,all_objects,47,47,0,0,0,0.005792899314846412,0.010941230641358934,6.404630148147403e-05,0.04462276483903743,9.89692836539704e-05,0.0004647280600775242,0.028998013329589678,all_objects,47,47,0,0,0,0.07810738110796933,0.19247002714539893,7.070404592468549e-06,0.7418111091513993,1.0346946123718225e-05,0.00011851593421852158,0.62007947448518,all_objects,47,47,0,0,0,0.8399781857795736,0.06444117959990421,0.6413657190725457,0.945698669470096,0.7299287220662363,0.8505921484768645,0.9185467473628544,all_objects
dronevehicle,train,base,5,1,1,1,1.4142135623730951,15019,992,86,15017,0.9998668353419002,80,87,76,0.8735632183908046,4,3722,0.24781942872361676,3218,0.21426193488248219,8833,15019,0.5881217124975031,0.5881217124975031,15019,15019,0,0,0,0.8204459120390607,0.10688296875547665,0.07536512705716991,0.9874327170523394,0.6183232790704318,0.8450695776469282,0.9402661349987176,all_objects,15019,15019,0,0,0,0.8487986943926011,0.09501238615766604,0.0,0.9880182591805845,0.7020521730560181,0.8678472445162384,0.9448601725646074,all_objects,15019,15019,0,0,0,-0.0655477329701504,0.11307008055419801,-0.902685555327759,0.7167196976648531,-0.2664035551083521,-0.052206632536248354,0.08931055808724979,all_objects,15019,15019,0,0,0,0.6632713244068966,0.26758734747326496,0.10241990049377958,8.35305220031238,0.4356911441378937,0.6311930896258302,0.9624656705975698,all_objects,15019,15019,0,0,0,0.8267416652539332,0.4051131885039859,0.29896542585849284,8.87278195013458,0.535791713827638,0.7248235801564711,1.447852315597922,all_objects,15019,15019,0,0,0,0.1634703408470366,0.4017070770865069,-5.742250121723498,6.240039478549564,-0.18362424198456723,0.09033150781634025,0.7719806059090353,all_objects,15019,15019,0,0,0,0.6135395952311876,0.8559000874988352,0.015979459873982887,11.145596434334621,0.07909137947069916,0.3443211786561171,2.142964623486909,all_objects,15019,15019,0,0,0,0.1229671884398368,0.41492529088435515,-0.9787830213403619,0.970473366544595,-0.5443302371043297,0.10956775550783987,0.7833829289105199,all_objects,15019,15019,0,0,0,0.0048414577758830474,0.016141044817369204,-0.04587963951403029,0.3314352067500973,-0.010536672472468013,0.0013333874229631,0.03171086860197753,all_objects,15019,15019,0,0,0,0.18283181018882422,0.09987024410223821,0.028055682477291996,0.7704670173808835,0.07154757877796437,0.15622972235465735,0.38973482815988103,all_objects,15019,15019,0,0,0,0.12013046074260489,0.06490697003861162,0.005385099180978305,0.5564778656089192,0.040199843519522944,0.10724402260757561,0.24497633871249866,all_objects,15019,15019,0,0,0,2.045013173569011,1.9620040232324432,0.13950789077231007,40.540369936750565,0.5378689121960439,1.4297880749842922,5.521561447118902,all_objects,15019,15019,0,0,0,0.002299366828715066,0.005241799527682208,1.4472815642853995e-08,0.04436001918478182,2.7486197818743673e-07,1.4547472026733597e-05,0.015484647976847878,all_objects,15019,15019,0,0,0,0.008619489806672771,0.01927760428668517,2.624240585952314e-08,0.11569896919590027,6.351038004996301e-07,4.720538498048992e-05,0.058157709787896375,all_objects,15019,15019,0,0,0,0.0030951288724022567,0.005037681511912757,2.7227321119165755e-05,0.03692227207002443,0.00010466835375124285,0.0005815246382385794,0.015215193577211307,all_objects,15019,15019,0,0,0,0.0106748603136003,0.01789601854025017,3.7308682555676085e-05,0.09567156602836681,0.00017964052571999245,0.0014446176135536645,0.05581002357015015,all_objects,15019,15019,0,0,0,0.12144255579000922,0.24722882901467072,1.7724883605296782e-06,1.1842750683795487,2.4256911331121955e-05,0.0012561577336782648,0.7574305121250787,all_objects,15019,15019,0,0,0,0.8222022500108572,0.10602523413605243,0.08570060612372818,0.9916767665044799,0.6202580370560258,0.8470098447085526,0.9410385936090734,all_objects
dronevehicle,train,n_iou_lt_070,5,1,1,1,1.4142135623730951,366,177,30,366,1.0,80,87,76,0.8735632183908046,4,284,0.7759562841530054,293,0.8005464480874317,332,366,0.907103825136612,0.907103825136612,366,366,0,0,0,0.718038402012426,0.16470605538736083,0.11330475021298661,0.9525286610164799,0.40255117735243295,0.752202732359016,0.9082826049136308,all_objects,366,366,0,0,0,0.737163472078913,0.16385229592534437,0.11330475021298661,0.9525286610164799,0.41525166847390166,0.7787994282601074,0.9148884507024652,all_objects,366,366,0,0,0,0.11726342898007418,0.1553373893799675,-0.5045912105507017,0.7167196976648531,-0.09928530954379741,0.11771513418541746,0.3866769799723766,all_objects,366,366,0,0,0,1.4789948250896785,1.162597592575813,0.4511581403753854,8.35305220031238,0.6714573288846857,1.12009933850163,3.7049300249625707,all_objects,366,366,0,0,0,1.0582528804932327,0.9879029160209194,0.4146964064450466,8.87278195013458,0.5385646124382324,0.783820603146375,2.2747742857193045,all_objects,366,366,0,0,0,-0.4207419445964458,0.7696848620747326,-5.742250121723498,3.6350514828464107,-1.704803292464817,-0.2661469506247258,0.32988253239135057,all_objects,366,366,0,0,0,0.918078331585874,1.0231979479299533,0.030480376496103568,7.056552036242099,0.08582315418241879,0.5822705938333486,3.068578335561086,all_objects,366,366,0,0,0,0.5628936462077735,0.3484999037533428,-0.6620629188567684,0.970473366544595,-0.14373814382052666,0.6776860553563732,0.9275822690582829,all_objects,366,366,0,0,0,0.04765783132564676,0.05090764417983007,-0.04084159369658945,0.3314352067500973,-0.003314688725780174,0.0363358372726525,0.14629028955952092,all_objects,366,366,0,0,0,0.23954054900805224,0.115621768915615,0.04658105359406107,0.6516286051527291,0.07945772753969987,0.22149938683373482,0.448185919522674,all_objects,366,366,0,0,0,0.28164394507113644,0.09107254388665229,0.07874551543153165,0.5564778656089192,0.14408113147981821,0.2711801487714192,0.45560411929605804,all_objects,366,366,0,0,0,0.8661714893887366,0.3455980146889116,0.16296781376945874,2.713420609221733,0.3739016049997688,0.8712358806610974,1.4303227151046307,all_objects,366,366,0,0,0,0.0037292335047634474,0.006482943771387211,6.141581338295223e-08,0.03769723963584808,1.5255739322032396e-06,0.0001449566741879585,0.017789177116671585,all_objects,366,366,0,0,0,0.013244706257841039,0.022528375655321432,1.134088351398996e-07,0.10526289372546674,3.845974138711903e-06,0.0005580644480586176,0.06495386316506817,all_objects,366,366,0,0,0,0.004783765230572281,0.0060031675174504,5.243055380605394e-05,0.0324993049544654,0.00022418240289209842,0.0016563691793577617,0.017033830882821753,all_objects,366,366,0,0,0,0.015471199206629272,0.019875411424572314,7.702811446270525e-05,0.08528729266681728,0.0004191683938943858,0.0047748025652847425,0.06062076261325474,all_objects,366,366,0,0,0,0.19860355781434036,0.2961565232868476,6.075947879935484e-06,0.9902068288775467,0.000124474199708402,0.013441874805266707,0.8211226824330708,all_objects,366,366,0,0,0,0.7204982625387358,0.1637301700839488,0.11331987036370376,0.951882622063269,0.4002208253674636,0.7581644524388331,0.908314074174388,all_objects
dronevehicle,train,quality_gate070,5,1,1,1,1.4142135623730951,87,70,14,87,1.0,76,87,76,0.8735632183908046,0,84,0.9655172413793104,84,0.9655172413793104,87,87,1.0,1.0,87,87,0,0,0,0.7898670574527119,0.0852438913698421,0.551437683264634,0.9437204319435027,0.629092124840507,0.8007717521821508,0.9070104300027518,all_objects,87,87,0,0,0,0.7915909540931825,0.08504320424838353,0.551437683264634,0.9437204319435027,0.629092124840507,0.8007717521821508,0.9092825472685823,all_objects,87,87,0,0,0,0.1542874846912834,0.10036157834550648,-0.02091087664552016,0.5683951732331554,0.01062976143802049,0.14372395352251777,0.31591139820215564,all_objects,87,87,0,0,0,1.3461534117056007,0.6485678792420372,0.6274650772553702,4.622438517835739,0.7912989290697857,1.183739788792491,2.3987487881086174,all_objects,87,87,0,0,0,0.7648527592971578,0.1242382402889403,0.548545183251939,1.1550226822613487,0.6108573676970936,0.750975249857343,1.0466633379266088,all_objects,87,87,0,0,0,-0.5813006524084426,0.6567098978884159,-4.035975782738857,0.08687082266212853,-1.5810124557604825,-0.3780865522202349,-0.021996511348013295,all_objects,87,87,0,0,0,1.023272667609683,1.1044752888675153,0.035946458940419174,5.8498146962461135,0.14589821107833917,0.5841831323223725,3.1993420556329784,all_objects,87,87,0,0,0,0.7333558471156216,0.1601170564349691,0.26399530752252115,0.9667517922220799,0.4375275762969611,0.7809459659241555,0.935624343219425,all_objects,87,87,0,0,0,0.06181671482818707,0.05458983605604689,0.0046889531887242195,0.3314352067500973,0.009799892618638726,0.0444013514055773,0.1549521792676449,all_objects,87,87,0,0,0,0.25547480369884407,0.11967628268832735,0.06393147452371833,0.6516286051527291,0.10839929714759733,0.22527591227160196,0.47317064820842164,all_objects,87,87,0,0,0,0.28022170883193603,0.07969857639891607,0.08658896473228668,0.5497061660919618,0.17209720723695154,0.27225604214379306,0.4245596200029702,all_objects,87,87,0,0,0,0.8994892184989673,0.28444087721256883,0.40559210945012414,1.7364515940027632,0.4843176640966344,0.9099199012626511,1.4088800219925934,all_objects,87,87,0,0,0,0.003149724315535247,0.005978786219141832,8.62770218421982e-08,0.026340370118630517,4.0578686044778564e-07,3.123923525533532e-05,0.016338473076873642,all_objects,87,87,0,0,0,0.01126573197273416,0.02149411878962317,1.134088351398996e-07,0.10526289372546674,1.353774437170033e-06,0.00010565682436911627,0.06284786106025533,all_objects,87,87,0,0,0,0.004394753949652152,0.006203043446535765,6.663107301961585e-05,0.02709248967970221,0.00011590369479134547,0.0008659024459857662,0.01784951039807932,all_objects,87,87,0,0,0,0.014120857799341134,0.02042377599282284,7.702811446270525e-05,0.08528729266681728,0.0002782246762141863,0.002293122982699673,0.060607359686830994,all_objects,87,87,0,0,0,0.15202196382244357,0.25952814667302593,8.24693938739074e-06,0.972429192485194,3.6075029913718024e-05,0.0021897932516594665,0.7366430344819769,all_objects,87,87,0,0,0,0.7936215027647202,0.08092247203392243,0.5894140165599636,0.9437130952323312,0.640866403294514,0.8073693790677302,0.9070975315113445,all_objects
dronevehicle,val,base,5,1,1,1,1.4142135623730951,2821,192,1,2820,0.9996455157745481,45,47,44,0.9361702127659575,1,897,0.31797235023041476,845,0.2995391705069124,1783,2821,0.6320453739808578,0.6320453739808578,2821,2821,0,0,0,0.8042087832865387,0.11427138696861568,0.06227346942202316,0.9816596441249648,0.5897728438168003,0.8310035212610727,0.935621239235024,all_objects,2821,2821,0,0,0,0.8267503528542764,0.11224844575368673,0.026530896953399788,0.9841888167618082,0.6308151657310453,0.8515923263852563,0.9401226557620935,all_objects,2821,2821,0,0,0,-0.04424190541685833,0.12434246208544115,-0.7639998286207418,0.6496811742462365,-0.24955677944439958,-0.042509202346455055,0.15422948369492606,all_objects,2821,2821,0,0,0,0.7558536262313511,0.3833376921078255,0.22344920549894004,6.8820653957064035,0.4567344122136967,0.6704594706122594,1.2854797848906196,all_objects,2821,2821,0,0,0,0.8698689236890845,0.4512027348942648,0.38314981868895875,7.20337625611719,0.5491428935449076,0.75163698936368,1.5785523252083493,all_objects,2821,2821,0,0,0,0.11401529745773334,0.4694078349818197,-4.6780651761528365,6.612535934955749,-0.4535955743053316,0.07954978813785885,0.8278180236784456,all_objects,2821,2821,0,0,0,0.6939068053765125,0.9257935980729218,0.025012102896362808,11.726425176645193,0.09692947894816979,0.41429766230124154,2.067989127498967,all_objects,2821,2821,0,0,0,0.18464499959197828,0.43039256998127734,-0.8315516107790132,0.9624676732472113,-0.49533419319446964,0.17485830365148197,0.8448494705162504,all_objects,2821,2821,0,0,0,0.010273216554793876,0.024011111737735548,-0.04602745432407885,0.21880994446665034,-0.011529415570756195,0.0027234178952467007,0.0565535120847276,all_objects,2821,2821,0,0,0,0.1986455255713305,0.09961900703802962,0.037628294489263,0.7775409076990067,0.08035469146079818,0.17548126657405466,0.3965560598503293,all_objects,2821,2821,0,0,0,0.14826796237953926,0.08140013869058085,0.01465353509715235,0.5487062953452576,0.046433802528400396,0.13103342270045054,0.3000456478114684,all_objects,2821,2821,0,0,0,1.7825851249073281,1.5647483453617475,0.21183884855621463,20.516701797329176,0.4989131208878719,1.299854778309496,4.546308341593434,all_objects,2821,2821,0,0,0,0.002180997038224106,0.0050470746483944565,3.3427042355735394e-08,0.03359269582064115,3.1246010604017445e-07,1.7199155587246414e-05,0.01552456220834264,all_objects,2821,2821,0,0,0,0.008196141719618969,0.018774245613471192,4.415284345957239e-08,0.11059673167889018,7.006773469781755e-07,5.59071775531658e-05,0.059933203822765575,all_objects,2821,2821,0,0,0,0.0030241771464511475,0.004845289264707476,4.195895395848195e-05,0.03129759816738624,0.0001104953345063242,0.0006184908627932063,0.0150460478172919,all_objects,2821,2821,0,0,0,0.010370921760897473,0.017327620720726643,4.91421357197772e-05,0.09004031630482899,0.00018700141609284874,0.0015955517047090942,0.055297721685592945,all_objects,2821,2821,0,0,0,0.11618977172990017,0.24008626599869332,3.896737183595178e-06,0.9975083453444995,2.7734844792348667e-05,0.0014292777731839124,0.7527650713151344,all_objects,2821,2821,0,0,0,0.8057134601224307,0.11359077498679897,0.06226977965483358,0.9816630880161693,0.5910797469051812,0.832509816473958,0.9359032326330877,all_objects
dronevehicle,val,n_iou_lt_070,5,1,1,1,1.4142135623730951,229,38,1,229,1.0,45,47,44,0.9361702127659575,1,182,0.7947598253275109,188,0.8209606986899564,209,229,0.9126637554585153,0.9126637554585153,229,229,0,0,0,0.7177580853450274,0.17900216476088332,0.06227346942202316,0.9701402559414363,0.3113695754470478,0.752846988973336,0.9326067888048967,all_objects,229,229,0,0,0,0.7207379767936245,0.1804296254208617,0.06227346942202316,0.9701402559414363,0.3113695754470478,0.7640421868674445,0.9333604363619552,all_objects,229,229,0,0,0,0.12020872328183,0.14738889984010253,-0.596643228730847,0.6496811742462365,-0.10640522513325514,0.12503632177042345,0.3493660553246461,all_objects,229,229,0,0,0,1.4945124963834107,0.9070835221013352,0.5366924000095765,6.8820653957064035,0.7142901269861248,1.2817385013663638,3.1455186655522747,all_objects,229,229,0,0,0,1.0791951328366545,0.8601313668164454,0.43664754130333144,6.898703002396798,0.5546545040628196,0.8123033268394347,2.3935556456044713,all_objects,229,229,0,0,0,-0.4153173635467559,0.7398517118952137,-4.6780651761528365,5.492731152850251,-1.3733691672941706,-0.3647746931212197,0.41461041131659665,all_objects,229,229,0,0,0,0.9817036591866655,1.0456409038572483,0.027416371584947044,10.238974028820877,0.11154440762105503,0.7229556793825493,2.6373058266460707,all_objects,229,229,0,0,0,0.5747194298561218,0.35211299495720616,-0.774334166967189,0.9624676732472113,-0.12834615707738117,0.7074510411913559,0.9107575085588724,all_objects,229,229,0,0,0,0.0518847516642285,0.04559966866200469,-0.01852562913813089,0.21880994446665034,-0.005816457377836303,0.04340551807087989,0.14020054844276125,all_objects,229,229,0,0,0,0.2531645297951167,0.10902669558588426,0.037628294489263,0.7288395391129584,0.0968142425664167,0.24267558533788527,0.44908610129071264,all_objects,229,229,0,0,0,0.29917544821142666,0.07990702173898351,0.11748534660809072,0.5487062953452576,0.17629290285971208,0.2923887044919115,0.4489423658498955,all_objects,229,229,0,0,0,0.8647635033435327,0.3439464596574994,0.21183884855621463,2.4563979802483726,0.36741541527839566,0.829567821516205,1.392809142293285,all_objects,229,229,0,0,0,0.0029967049309976733,0.0054506339688912666,9.556872819075614e-08,0.029500149545524025,7.711891759896015e-07,0.0001465574944647636,0.015710935281038844,all_objects,229,229,0,0,0,0.01100123536522554,0.019654931720303,1.9949870722789448e-07,0.08569694348014222,1.7224849470267505e-06,0.0005013877550858623,0.06038073104343559,all_objects,229,229,0,0,0,0.004087285279851948,0.00506239674969842,6.906441766564204e-05,0.026251452035019118,0.00017713306018449733,0.0015995522769103971,0.015299521541856539,all_objects,229,229,0,0,0,0.0133633868291019,0.01708143022560004,0.00010222636423532726,0.07008835950304211,0.0003072434478675293,0.0044877378076893714,0.05232859906753885,all_objects,229,229,0,0,0,0.17148955251609813,0.2783223584129974,1.0623646744534199e-05,0.9732549334955252,5.128201781872122e-05,0.013524297476578795,0.824454911217549,all_objects,229,229,0,0,0,0.7194408991214709,0.17837395641017745,0.06226977965483358,0.9702510336778314,0.3190361037623037,0.7563745520789675,0.933233265774901,all_objects
dronevehicle,val,quality_gate070,5,1,1,1,1.4142135623730951,47,17,1,47,1.0,44,47,44,0.9361702127659575,0,46,0.9787234042553191,46,0.9787234042553191,47,47,1.0,1.0,47,47,0,0,0,0.8312415672564222,0.08012254714243679,0.5997727218782649,0.9431423882359311,0.6788080283533731,0.8366671720570092,0.9350654647583562,all_objects,47,47,0,0,0,0.8331063234286782,0.07881137452948625,0.5997727218782649,0.9431423882359311,0.6788080283533731,0.8356860037796459,0.9350654647583562,all_objects,47,47,0,0,0,0.2020900861917595,0.091353863070583,-0.00335111917655051,0.4442979848131835,0.04342640065348093,0.20606732588948706,0.36012784618091015,all_objects,47,47,0,0,0,1.3880316664313053,0.3955650273255572,0.7392507661671757,2.677034604882545,0.9177338091907298,1.353883135161063,2.1112088029325635,all_objects,47,47,0,0,0,0.7588943704577661,0.1741189090084778,0.4689954726037683,1.4073712955043984,0.5207380688241792,0.7350644855161682,1.0449438149897405,all_objects,47,47,0,0,0,-0.6291372959735392,0.40243169799357487,-1.98501488485228,0.001160429357385917,-1.501800550317301,-0.5601794856016938,-0.19701038882962355,all_objects,47,47,0,0,0,1.182780833137868,0.8026689862266111,0.13338645940945942,3.6355250819126605,0.2518678704398031,0.9072218018600898,2.858285521906122,all_objects,47,47,0,0,0,0.771492229649177,0.17458552104573566,0.13729795885050194,0.9624676732472113,0.40186062009578205,0.8306196135214617,0.9064390854009365,all_objects,47,47,0,0,0,0.07638502239500954,0.04455232296191473,0.0039762559410952,0.19566910951989847,0.016580400902306256,0.07330878657777597,0.16908679162911205,all_objects,47,47,0,0,0,0.2982923843544419,0.0976998197890048,0.10529408761878534,0.5058977733011165,0.13518890310122494,0.3010222605377544,0.4854934218736148,all_objects,47,47,0,0,0,0.30209528315954254,0.06641035906692824,0.1647885377428922,0.4479153385848374,0.1842626799114659,0.2967767007007212,0.4201407658675155,all_objects,47,47,0,0,0,0.9938329193146579,0.25637530386550883,0.38282273467608374,1.419212149853405,0.46554183127238136,1.0690252761417391,1.3627889240283997,all_objects,47,47,0,0,0,0.0013737749964511268,0.003296276261512279,1.5976421267037936e-07,0.01568201750420107,2.2117897286454393e-07,8.848409495964888e-06,0.008461271944785602,all_objects,47,47,0,0,0,0.005418697942940055,0.01307271694665649,2.627285192712942e-07,0.0625990114286086,4.7665298254442163e-07,3.111463540299343e-05,0.033764414401315695,all_objects,47,47,0,0,0,0.0022732330727590734,0.003638006755299267,8.635016039613744e-05,0.01611478841262324,9.968046366012475e-05,0.000428248628557277,0.010163022311799882,all_objects,47,47,0,0,0,0.00798644286760231,0.01360583833850405,0.00011336373536567568,0.06154167208559802,0.00015408855393852797,0.001123223462944305,0.03539736500759351,all_objects,47,47,0,0,0,0.08770400283681798,0.21015079161953043,1.348493162822706e-05,0.9259812659716431,1.5791064001291488e-05,0.0006932204323462088,0.65279760789324,all_objects,47,47,0,0,0,0.8324597628156104,0.0789793914621591,0.5999031902644298,0.9430611597941795,0.6841179504715849,0.836957083906807,0.9350613881707832,all_objects
dronevehicle,train,base,6,1,-1,1,1.4142135623730951,15019,992,86,15016,0.9998002530128504,90,87,84,0.9655172413793104,6,3623,0.2412277781476796,3187,0.2121978826819362,8872,15019,0.5907184233304481,0.5907184233304481,15019,15019,0,0,0,0.8142691668826606,0.111248202527683,0.08118944696699287,0.9904893769823966,0.5996228746700919,0.8418107432381732,0.9392656821342705,all_objects,15019,15019,0,0,0,0.8504528692995887,0.092703218069596,0.004080695626985454,0.9904893769823966,0.7103312715075532,0.869325061347599,0.9448734737036213,all_objects,15019,15019,0,0,0,-0.07172447812655047,0.11801405452013691,-0.8922616668679063,0.7625205730855695,-0.28187550538504846,-0.05558398409526688,0.08937517671209023,all_objects,15019,15019,0,0,0,0.6632713244068966,0.26758734747326496,0.10241990049377958,8.35305220031238,0.4356911441378937,0.6311930896258302,0.9624656705975698,all_objects,15019,15019,0,0,0,0.8527397197886278,0.4485249316022282,0.2835856488866664,9.22973557187993,0.5336891618144469,0.7278664188095681,1.615297662847543,all_objects,15019,15019,0,0,0,0.18946839538173119,0.44561968106483807,-5.892438527994951,6.876809948856898,-0.1865427240717073,0.09368649167895182,0.9452580457062583,all_objects,15019,15019,0,0,0,0.6553636688376746,0.897580186737208,0.01406517384079089,10.977625307083535,0.07955738852819037,0.35649058875248774,2.3451565772137464,all_objects,15019,15019,0,0,0,0.12338019371254358,0.41446197835894183,-0.9626096396527389,0.977689978727118,-0.5402295522073285,0.11109020516689826,0.7835685190762324,all_objects,15019,15019,0,0,0,0.004897983622820996,0.016545525875183945,-0.05001549437263342,0.33567741316442945,-0.011132429767667772,0.0014010161408105999,0.03233953630774625,all_objects,15019,15019,0,0,0,0.1882771065926162,0.1039910294656906,0.021313234980035366,0.7956352810108547,0.07236638717060517,0.15909063538169685,0.40431545511537914,all_objects,15019,15019,0,0,0,0.12013046074260489,0.06490697003861162,0.005385099180978305,0.5564778656089192,0.040199843519522944,0.10724402260757561,0.24497633871249866,all_objects,15019,15019,0,0,0,2.103993843534083,2.0215269653288814,0.15607488900174493,41.86467155538857,0.5461917538387557,1.4670015082167989,5.681682016131756,all_objects,15019,15019,0,0,0,0.002570132031901355,0.005443532832678321,1.675077104076761e-08,0.048364315792357046,2.4866909424352267e-07,1.8929825175761123e-05,0.015868363462462433,all_objects,15019,15019,0,0,0,0.00970126907894814,0.02031625337885612,2.4167147310443952e-08,0.11569896919590027,5.094498709712845e-07,6.205455028501508e-05,0.06161242790614488,all_objects,15019,15019,0,0,0,0.0033801856087325175,0.005154592009386012,3.017604269341015e-05,0.03588451150777252,0.00010251551949407402,0.0006415088138390004,0.015344127017527019,all_objects,15019,15019,0,0,0,0.011768412329139605,0.01851299156630882,3.654607734357869e-05,0.09567156602836681,0.00016113491180995643,0.0016446245555003785,0.05767302393611919,all_objects,15019,15019,0,0,0,0.13536279844465374,0.25785975449246445,1.9335877254889056e-06,1.1842750683795487,2.3056719626879385e-05,0.0016767373973607391,0.7801923239498406,all_objects,15019,15019,0,0,0,0.8163644238771814,0.11017779454542283,0.0988511941760259,0.9904890216220787,0.6030054238165239,0.8436023414283047,0.9399643526556913,all_objects
dronevehicle,train,n_iou_lt_070,6,1,-1,1,1.4142135623730951,366,177,30,365,0.9972677595628415,90,87,84,0.9655172413793104,6,289,0.7896174863387978,293,0.8005464480874317,338,366,0.9234972677595629,0.9234972677595629,366,366,0,0,0,0.7220076956864887,0.1694586188359148,0.09013702092343953,0.9701333763460104,0.3361314339810474,0.7575929117872771,0.9167762044386698,all_objects,366,366,0,0,0,0.7456386337259368,0.16648875625993428,0.09013702092343953,0.9701333763460104,0.34723828703703996,0.7837408796153906,0.9233209330448431,all_objects,366,366,0,0,0,0.121232722654137,0.15582141122531815,-0.5136625692569098,0.7625205730855695,-0.0990527515977051,0.11912309559462031,0.35606728396357934,all_objects,366,366,0,0,0,1.4789948250896785,1.162597592575813,0.4511581403753854,8.35305220031238,0.6714573288846857,1.12009933850163,3.7049300249625707,all_objects,366,366,0,0,0,1.0639567824889433,0.9963068612620696,0.42255152011466734,9.22973557187993,0.5417801970090855,0.7814612802622879,2.5437296525482633,all_objects,366,366,0,0,0,-0.41503804260073524,0.7953905382093486,-5.892438527994951,3.2715096824813656,-1.7155287990864776,-0.2808233227393281,0.3525587475386765,all_objects,366,366,0,0,0,0.9720679494675847,1.0627872327153667,0.020369988736013707,6.553140630941696,0.0949272724479214,0.6645219491980647,3.050717882190078,all_objects,366,366,0,0,0,0.5733830664417234,0.34736759834995873,-0.6216987953669849,0.977689978727118,-0.12136428331342049,0.6937081025923268,0.9225302392145276,all_objects,366,366,0,0,0,0.04921045944529615,0.05152508145685048,-0.04556488831954116,0.33567741316442945,-0.0028515960718947376,0.03794494379302961,0.14903962058368841,all_objects,366,366,0,0,0,0.24690681735685832,0.11710236490828355,0.047826987953714,0.6638831276237842,0.08767448669527989,0.2343090674581622,0.4641466475394621,all_objects,366,366,0,0,0,0.28164394507113644,0.09107254388665229,0.07874551543153165,0.5564778656089192,0.14408113147981821,0.2711801487714192,0.45560411929605804,all_objects,366,366,0,0,0,0.8931059984434362,0.35349221871836395,0.18729409688431,3.088483827457998,0.36588401433926027,0.8767039479598582,1.4633917596101034,all_objects,366,366,0,0,0,0.004405159415979894,0.006714010873935165,8.333562070895162e-08,0.03447164916805519,1.4505544131036254e-06,0.00034924316192975666,0.01918884836744489,all_objects,366,366,0,0,0,0.01593813363159611,0.023950066886192566,1.4087502359431707e-07,0.11043432533006925,3.2978253155465485e-06,0.0012997795764725058,0.06740640039913698,all_objects,366,366,0,0,0,0.005398537210950119,0.006042882723498718,6.216651423161195e-05,0.031934550981673124,0.00022521067001434792,0.0023096964589473966,0.016909184359555147,all_objects,366,366,0,0,0,0.017841903627219765,0.020557345057436338,8.503484824079146e-05,0.08505910839473055,0.00040092671380537637,0.007709061929720434,0.0608518531145396,all_objects,366,366,0,0,0,0.2370621343818471,0.3194070566148044,6.075947879935484e-06,0.9902068288775467,0.00011183689096583294,0.028852785131675773,0.8863333775222095,all_objects,366,366,0,0,0,0.724328258248136,0.16830034633837856,0.10308824075129244,0.9701230000415967,0.350548195257346,0.7574327867740587,0.9218891563226581,all_objects
dronevehicle,train,quality_gate070,6,1,-1,1,1.4142135623730951,87,70,14,87,1.0,84,87,84,0.9655172413793104,0,86,0.9885057471264368,86,0.9885057471264368,87,87,1.0,1.0,87,87,0,0,0,0.8128192550090548,0.0841943754392967,0.5488934889801826,0.9696410361048666,0.6582696957009425,0.8114436877889647,0.9247795799998023,all_objects,87,87,0,0,0,0.8139192494639079,0.08395849881722756,0.6193271067205329,0.9696410361048666,0.6456302298955728,0.8142162506329585,0.9404966120615674,all_objects,87,87,0,0,0,0.17723968224762654,0.09950179326178332,-0.012915380202326965,0.5683951732331554,0.05602508965949282,0.16576934729645942,0.33296102669972893,all_objects,87,87,0,0,0,1.3461534117056007,0.6485678792420372,0.6274650772553702,4.622438517835739,0.7912989290697857,1.183739788792491,2.3987487881086174,all_objects,87,87,0,0,0,0.7390972125867138,0.11306275036337349,0.5280919001403779,1.1877410344403867,0.5986382982275604,0.7248964373369602,0.9070095248933432,all_objects,87,87,0,0,0,-0.6070561991188869,0.6543608152532571,-4.044059840618881,0.003802545849029393,-1.607978780218719,-0.4084707828637064,-0.0501031154816602,all_objects,87,87,0,0,0,1.098778067861999,1.180494304825848,0.03518303215863724,6.363787763398005,0.13491002102870323,0.7126285683660201,3.395948669135409,all_objects,87,87,0,0,0,0.7570939802280627,0.14605284932444454,0.21834137539820106,0.9445366768616879,0.5005616475808834,0.8065992770678453,0.9255550291341131,all_objects,87,87,0,0,0,0.06505913228385998,0.05537619105734902,0.0041200482476518195,0.33567741316442945,0.010568897858501156,0.05000142681991463,0.15924663403666728,all_objects,87,87,0,0,0,0.264158558666827,0.12195688109974531,0.05405621153131905,0.6638831276237842,0.11248494833132362,0.245683895389038,0.47628451480928896,all_objects,87,87,0,0,0,0.28022170883193603,0.07969857639891607,0.08658896473228668,0.5497061660919618,0.17209720723695154,0.27225604214379306,0.4245596200029702,all_objects,87,87,0,0,0,0.930391388622494,0.29205318863972635,0.35875330971235014,1.6682300042007956,0.4585471173899014,0.9064097730483085,1.4281387884564705,all_objects,87,87,0,0,0,0.002924884448401928,0.0051867283817288055,1.0332416659856221e-07,0.020808979464499135,3.596710823226709e-07,4.430869724840877e-05,0.0157164991526012,all_objects,87,87,0,0,0,0.011124125457879878,0.019808149345313348,1.4087502359431707e-07,0.08323319001732896,1.004779731906318e-06,0.00017599408680785762,0.06262727722892167,all_objects,87,87,0,0,0,0.004069993862323919,0.005229605205238085,7.258794270582204e-05,0.018047523049488975,0.00011702158291354972,0.0010340340481809038,0.015491471476101455,all_objects,87,87,0,0,0,0.014289552159803777,0.01947443686327212,8.503484824079146e-05,0.07160184502882695,0.00023509609358244254,0.003105045266428716,0.06054486948853421,all_objects,87,87,0,0,0,0.1536332601557405,0.25872473684662695,8.24693938739074e-06,0.9372200861650981,3.0856944965762524e-05,0.003654100055427989,0.7386116150821994,all_objects,87,87,0,0,0,0.8143219682921472,0.08274702308769152,0.5518926617359874,0.9696335799109096,0.6699469232112826,0.8142049184675385,0.9247778200114968,all_objects
dronevehicle,val,base,6,1,-1,1,1.4142135623730951,2821,192,1,2820,0.9996455157745481,48,47,45,0.9574468085106383,3,876,0.3105281814959234,837,0.2967032967032967,1745,2821,0.6185749734136831,0.6185749734136831,2821,2821,0,0,0,0.7929734305725473,0.11811580049382463,0.04756322921722109,0.9804515233730506,0.5677246121357059,0.8207595924786415,0.9275756082612935,all_objects,2821,2821,0,0,0,0.8259637587142328,0.11013387676162752,0.04756322921722109,0.9804515233730506,0.630683717391497,0.8496678567738034,0.9370625385068996,all_objects,2821,2821,0,0,0,-0.055477258130849826,0.13204038330392287,-0.7101709200034241,0.6219430628309623,-0.28676437798246757,-0.046800712359901575,0.14656734976502328,all_objects,2821,2821,0,0,0,0.7558536262313511,0.3833376921078255,0.22344920549894004,6.8820653957064035,0.4567344122136967,0.6704594706122594,1.2854797848906196,all_objects,2821,2821,0,0,0,0.9070583491050984,0.5095882236990713,0.3931292282413509,7.718337666790205,0.548728766819948,0.7607840603062966,1.7587567713110748,all_objects,2821,2821,0,0,0,0.1512047228737472,0.52445050682652,-4.640087217440578,7.127497345628764,-0.4586796905344901,0.09015326070467461,0.9908916419551962,all_objects,2821,2821,0,0,0,0.7496883553430895,0.979762307139091,0.018335285126591168,12.150248625985839,0.10126929801417388,0.45058829274455897,2.3547308156154014,all_objects,2821,2821,0,0,0,0.17848895791542357,0.4319204217461895,-0.8705581688646251,0.9642391885903048,-0.4996199183475015,0.15679480819452726,0.8373150583187361,all_objects,2821,2821,0,0,0,0.010050427999679302,0.023745187206093022,-0.05175047926081458,0.21003837428176186,-0.012210884306874607,0.002693947709905471,0.056375427937192656,all_objects,2821,2821,0,0,0,0.20612356185447916,0.10290485307885354,0.027848448372327597,0.7976520536279639,0.08313474127364545,0.18284984162583953,0.41620289358677137,all_objects,2821,2821,0,0,0,0.14826796237953926,0.08140013869058085,0.01465353509715235,0.5487062953452576,0.046433802528400396,0.13103342270045054,0.3000456478114684,all_objects,2821,2821,0,0,0,1.8689471580176575,1.6692857590378705,0.1681093553206441,20.95163093997555,0.5461963593565075,1.3154613211804316,4.841740024734739,all_objects,2821,2821,0,0,0,0.0026620662748448693,0.005515335615625607,2.1063735035637565e-08,0.035945359152753494,2.840162848694665e-07,2.3537714902851322e-05,0.015701355041080244,all_objects,2821,2821,0,0,0,0.009943320332586481,0.020288016837851953,2.7005300527057317e-08,0.11059673167889018,5.899073742731873e-07,7.803413642561286e-05,0.061488153663328896,all_objects,2821,2821,0,0,0,0.0035086003934953463,0.005224774213325891,3.416920234321318e-05,0.032416021463773884,0.00010911934914269434,0.0006975338252190819,0.015443054942303394,all_objects,2821,2821,0,0,0,0.012050923907871942,0.018419115217641065,3.881968121666405e-05,0.09004031630482899,0.00016732043133543952,0.0018808293208063237,0.05814461667897515,all_objects,2821,2821,0,0,0,0.13994160700194733,0.25934894073257087,1.9280090270967776e-06,1.0131973422359124,2.6266447036960017e-05,0.0019947782377016665,0.7711866177949105,all_objects,2821,2821,0,0,0,0.7951831079804629,0.11710548795808774,0.05341572886390546,0.980448129534066,0.5703887179623791,0.8225413568911282,0.9292450110298148,all_objects
dronevehicle,val,n_iou_lt_070,6,1,-1,1,1.4142135623730951,229,38,1,229,1.0,48,47,45,0.9574468085106383,3,190,0.8296943231441049,191,0.834061135371179,211,229,0.9213973799126638,0.9213973799126638,229,229,0,0,0,0.7179379449654547,0.17521797615246787,0.04756322921722109,0.945411250896615,0.3483470229922533,0.7612973644449793,0.9171991634090977,all_objects,229,229,0,0,0,0.721542624467948,0.1768652252378236,0.04756322921722109,0.9593296284809496,0.3483470229922533,0.7627734055088454,0.9178356211769011,all_objects,229,229,0,0,0,0.12038858290225728,0.1404919431575394,-0.611353468935649,0.6219430628309623,-0.09180238662136861,0.12969474142175763,0.3250041124447953,all_objects,229,229,0,0,0,1.4945124963834107,0.9070835221013352,0.5366924000095765,6.8820653957064035,0.7142901269861248,1.2817385013663638,3.1455186655522747,all_objects,229,229,0,0,0,1.0827490502608328,0.9180317735575863,0.43284271999096213,7.113242519367729,0.5717114553118738,0.824432409267073,2.5129744354651904,all_objects,229,229,0,0,0,-0.4117634461225777,0.7531284606082287,-4.640087217440578,5.707270669821182,-1.3637781461189598,-0.39244424974537195,0.36810483961135537,all_objects,229,229,0,0,0,0.9449910425721741,1.0349708714840122,0.020809617434370112,10.724909825416976,0.11447892392614363,0.7198932129223801,2.383727446019427,all_objects,229,229,0,0,0,0.5866675971312093,0.33278328712789895,-0.7368460214876497,0.9642391885903048,-0.1341266910780834,0.7165436231950648,0.9105884939531181,all_objects,229,229,0,0,0,0.05117585052341858,0.04380814340389489,-0.019475784096986838,0.21003837428176186,-0.005730067024742123,0.04275602964431535,0.13741486924065277,all_objects,229,229,0,0,0,0.2500122872091957,0.10548393514896591,0.04414619334871225,0.7411228067269324,0.0954294709827919,0.2435988284109306,0.43721208293467684,all_objects,229,229,0,0,0,0.29917544821142666,0.07990702173898351,0.11748534660809072,0.5487062953452576,0.17629290285971208,0.2923887044919115,0.4489423658498955,all_objects,229,229,0,0,0,0.8554900802242679,0.33518826209680525,0.24517686093975866,2.497796109930714,0.3511650466984191,0.8472196033493327,1.3464708132121292,all_objects,229,229,0,0,0,0.0034070463844129077,0.005746154101732845,7.989368913272765e-08,0.027067721685427253,5.066137384637761e-07,0.00023979609783647733,0.017840971606623474,all_objects,229,229,0,0,0,0.012237384931751786,0.019981924930614653,1.280148392425827e-07,0.08569694348014222,1.4364286531313413e-06,0.0007647295460713799,0.05950185850608716,all_objects,229,229,0,0,0,0.004499857415897055,0.005346068728469171,6.344500949892611e-05,0.025124227383810017,0.00013808935087699967,0.001995892466145186,0.01621373426902605,all_objects,229,229,0,0,0,0.014654065733138459,0.017324600959382715,8.194388162684898e-05,0.0668499590281655,0.0002714018496371619,0.005349615246245745,0.05560010290954205,all_objects,229,229,0,0,0,0.19322607180260845,0.280451719718871,7.070404592468549e-06,0.9433587745068621,4.476022021435711e-05,0.019697305679187593,0.8072093545408164,all_objects,229,229,0,0,0,0.7198822808973979,0.17475740711910426,0.05341572886390546,0.9458271182886127,0.3493463030272894,0.7663700221216608,0.9180405361844018,all_objects
dronevehicle,val,quality_gate070,6,1,-1,1,1.4142135623730951,47,17,1,47,1.0,45,47,45,0.9574468085106383,0,47,1.0,47,1.0,47,47,1.0,1.0,47,47,0,0,0,0.826518733401781,0.07154225649036157,0.5997727218782649,0.9179300960898286,0.6852200724216567,0.8369572750836369,0.9153808160404274,all_objects,47,47,0,0,0,0.8281204583432881,0.0684950436364045,0.5997727218782649,0.9179300960898286,0.6936834683610561,0.8367139656707746,0.9153808160404274,all_objects,47,47,0,0,0,0.19736725233711816,0.0763638236817069,0.018036061305742312,0.38495944806811055,0.07283939493247202,0.19195540129409194,0.32726039995281453,all_objects,47,47,0,0,0,1.3880316664313053,0.3955650273255572,0.7392507661671757,2.677034604882545,0.9177338091907298,1.353883135161063,2.1112088029325635,all_objects,47,47,0,0,0,0.7436897813390432,0.14331638548174613,0.46334317916802376,1.1588659764798328,0.5404830394426193,0.7264571709107903,0.9599668326843865,all_objects,47,47,0,0,0,-0.6443418850922622,0.3885700382172659,-1.9346280464666545,-0.17466939179611307,-1.4786496781251819,-0.5766030709717425,-0.2141038343093433,all_objects,47,47,0,0,0,1.1603577224169626,0.7120643385518726,0.22420811177244326,3.246582112950469,0.3480686163353211,1.0929237308772155,2.5726925290396787,all_objects,47,47,0,0,0,0.7764577443169752,0.142580776130934,0.3040095308241907,0.956857756443352,0.4679274304836142,0.8254832953419092,0.9236520814537948,all_objects,47,47,0,0,0,0.07588928264783323,0.04214158091860458,0.012617420357247588,0.1815265131386748,0.018349488316647813,0.07255405760136113,0.1658849028683117,all_objects,47,47,0,0,0,0.29827116695978934,0.0881701363663313,0.11315074608571066,0.48276040765370287,0.16793190337493477,0.30887620237244096,0.4666908381775868,all_objects,47,47,0,0,0,0.30209528315954254,0.06641035906692824,0.1647885377428922,0.4479153385848374,0.1842626799114659,0.2967767007007212,0.4201407658675155,all_objects,47,47,0,0,0,0.9960609376859437,0.2265845957921153,0.39340685075567866,1.447683208408877,0.6124450832252364,1.0289961329189663,1.3013905845961646,all_objects,47,47,0,0,0,0.00151689222178559,0.003730767874080579,7.989368913272765e-08,0.018733877025857965,2.050368115360526e-07,1.8455919369210246e-05,0.007362865010594095,all_objects,47,47,0,0,0,0.005219644811957802,0.011693272048955107,1.280148392425827e-07,0.05115008445717683,4.5426853951059014e-07,5.367982284102236e-05,0.02937056656560012,all_objects,47,47,0,0,0,0.0024670497971015894,0.0038493308345729127,6.344500949892611e-05,0.016060491939575646,9.799818176789939e-05,0.0006442193257295176,0.009510123292103113,all_objects,47,47,0,0,0,0.00789996865342787,0.011787378343088609,8.194388162684898e-05,0.04462276483903743,0.00015648728269694937,0.0016363005162850378,0.03532810851727959,all_objects,47,47,0,0,0,0.09482806410775811,0.2112448925396128,7.070404592468549e-06,0.9259812659716431,1.4081804431498313e-05,0.0011366893115507537,0.62007947448518,all_objects,47,47,0,0,0,0.8269858338100621,0.06958180317724307,0.5999175738716206,0.9181232883265922,0.6909670809231281,0.836708914277478,0.9143911307145489,all_objects
dronevehicle,train,base,7,-1,1,1,1.4142135623730951,15019,992,86,15018,0.9999334176709501,81,87,76,0.8735632183908046,5,3678,0.24488980624542248,3156,0.21013383048139023,8945,15019,0.5955789333510886,0.5955789333510886,15019,15019,0,0,0,0.8185300343094017,0.10666905095635491,0.07818376869146988,0.9916185946561706,0.6193861410229689,0.8434816145205466,0.9393134527117115,all_objects,15019,15019,0,0,0,0.8485575292704196,0.09467455898178788,0.0,0.9928390693442719,0.702215837635003,0.8677196115557515,0.9449551078895203,all_objects,15019,15019,0,0,0,-0.0674636106998093,0.11359563327000895,-0.8876548352961079,0.6510760286926812,-0.2664400029989126,-0.053953415557493,0.08676371981416987,all_objects,15019,15019,0,0,0,0.6632713244068966,0.26758734747326496,0.10241990049377958,8.35305220031238,0.4356911441378937,0.6311930896258302,0.9624656705975698,all_objects,15019,15019,0,0,0,0.8298852926533468,0.40968924352306985,0.29849869738479523,9.404054096758328,0.5353944496324615,0.7279457555661292,1.457953764437919,all_objects,15019,15019,0,0,0,0.16661396824645014,0.40229968384601134,-5.595391168795302,6.814697123765477,-0.17867456059903877,0.09146618978874466,0.7800970959683056,all_objects,15019,15019,0,0,0,0.6238676387472505,0.852481812175283,0.01501774802707843,10.651727817455505,0.07730164305477519,0.35535462655963146,2.147991016775037,all_objects,15019,15019,0,0,0,0.12416409936529643,0.4130046574071769,-0.9586428845819038,0.9738212886064285,-0.536716523849239,0.1127328999590937,0.781743726280201,all_objects,15019,15019,0,0,0,0.004890475287230383,0.01610896604792293,-0.04581600836391149,0.3454862755819995,-0.010658147013210387,0.0014290064726436588,0.03178139371894043,all_objects,15019,15019,0,0,0,0.18494569694999424,0.09979345500649985,0.02913000560239915,0.8028865882094823,0.07166641575129436,0.1584796398516712,0.3911223086806254,all_objects,15019,15019,0,0,0,0.12013046074260489,0.06490697003861162,0.005385099180978305,0.5564778656089192,0.040199843519522944,0.10724402260757561,0.24497633871249866,all_objects,15019,15019,0,0,0,2.0710031679862047,1.9754269507574782,0.16665552867044187,42.24622023914236,0.5443176873820079,1.4440314422980107,5.5857250020754865,all_objects,15019,15019,0,0,0,0.002517534184506127,0.005442806752119446,1.2986476808959178e-08,0.038661388694901065,2.3154020850311836e-07,1.3654638682796585e-05,0.015907671506292492,all_objects,15019,15019,0,0,0,0.009495680055319424,0.020329166147425293,1.7456644910785502e-08,0.11150815266002355,4.758779507745784e-07,4.4929325314409616e-05,0.061841550000566334,all_objects,15019,15019,0,0,0,0.003294510244132075,0.005222629606848784,2.505939704121563e-05,0.03440850777344285,9.84211693750913e-05,0.0005679931400531412,0.015616361003844653,all_objects,15019,15019,0,0,0,0.011427215583379622,0.018687917878406887,3.113203458888851e-05,0.08802809828842922,0.00015626414597845348,0.0014319787761413582,0.05849637780946231,all_objects,15019,15019,0,0,0,0.13235779801283928,0.2583950072358085,1.4866077151509671e-06,1.0262290337910969,2.025986651688072e-05,0.001200332870382681,0.7779925647878404,all_objects,15019,15019,0,0,0,0.8204807901831224,0.10582511193966836,0.08964107950686945,0.9916127241621382,0.6227821051070481,0.8454058530095561,0.939693422842293,all_objects
dronevehicle,train,n_iou_lt_070,7,-1,1,1,1.4142135623730951,366,177,30,366,1.0,81,87,76,0.8735632183908046,5,287,0.7841530054644809,294,0.8032786885245902,337,366,0.9207650273224044,0.9207650273224044,366,366,0,0,0,0.7170575019254041,0.16847539134347012,0.10028158902527241,0.9505332313438074,0.34609843034825416,0.7575282584657503,0.9141349534934788,all_objects,366,366,0,0,0,0.7380378248122544,0.16540401420805365,0.10028158902527241,0.9777344352089864,0.35598943552978546,0.7762321169901383,0.919771480573165,all_objects,366,366,0,0,0,0.11628252889305249,0.15953332784773852,-0.5237263647230219,0.6510760286926812,-0.10600330302135372,0.11333380323188032,0.40708779902203585,all_objects,366,366,0,0,0,1.4789948250896785,1.162597592575813,0.4511581403753854,8.35305220031238,0.6714573288846857,1.12009933850163,3.7049300249625707,all_objects,366,366,0,0,0,1.0881479592231473,1.0612263068631826,0.41578060271798534,9.404054096758328,0.5297238977061884,0.7760191664781401,2.501022669299122,all_objects,366,366,0,0,0,-0.3908468658665313,0.8063718911553925,-5.595391168795302,3.707005835187596,-1.7393895375119723,-0.24796658779070357,0.46447163078509324,all_objects,366,366,0,0,0,0.9412553353491674,1.0446608729888265,0.023293535364426524,7.4173166285071765,0.07638129693444566,0.6114625486904804,3.171857084194743,all_objects,366,366,0,0,0,0.5693042446719203,0.3490734596074647,-0.6228604805980568,0.9738212886064285,-0.1323639656402027,0.6910554275712828,0.9277614742066399,all_objects,366,366,0,0,0,0.04784605734880764,0.051269289367982966,-0.04397071460497956,0.3454862755819995,-0.0032505052250870127,0.0359237414857556,0.14920694277709745,all_objects,366,366,0,0,0,0.24270409956972178,0.11613199660101776,0.03786460400313447,0.6774432430118977,0.08187830325188623,0.22839766351598334,0.4519892499102678,all_objects,366,366,0,0,0,0.28164394507113644,0.09107254388665229,0.07874551543153165,0.5564778656089192,0.14408113147981821,0.2711801487714192,0.45560411929605804,all_objects,366,366,0,0,0,0.8804798070254912,0.35338297263948093,0.16665552867044187,2.8088172754184493,0.34594774911455284,0.8632766562578813,1.428164498177387,all_objects,366,366,0,0,0,0.003773795192722125,0.006359866107731922,5.0877974429184354e-08,0.038661388694901065,8.413641745686316e-07,0.0002619783560966523,0.017563394223625933,all_objects,366,366,0,0,0,0.0137898390302506,0.022468424775542183,1.1149042177539326e-07,0.10526289372546674,1.9916654913484285e-06,0.0009547361066644908,0.0667063785170742,all_objects,366,366,0,0,0,0.004902019351587829,0.0059157261047827515,4.809839273589564e-05,0.03440850777344285,0.00018135653008957426,0.002209524160065913,0.01715706857131637,all_objects,366,366,0,0,0,0.016288820380381267,0.019700310067891403,8.013658057298728e-05,0.08528729266681728,0.0003183342915042966,0.006395685331604095,0.05941111319960786,all_objects,366,366,0,0,0,0.20604405577502694,0.29686658629203055,4.207253994081839e-06,0.987664457512949,5.748113676418143e-05,0.02277400708706523,0.8294878356588526,all_objects,366,366,0,0,0,0.7191779469537852,0.16715326213426918,0.1006697349599045,0.9508015702049325,0.3601851732290739,0.7556705074834601,0.9116696733533395,all_objects
dronevehicle,train,quality_gate070,7,-1,1,1,1.4142135623730951,87,70,14,87,1.0,76,87,76,0.8735632183908046,0,85,0.9770114942528736,83,0.9540229885057471,87,87,1.0,1.0,87,87,0,0,0,0.7908809131012753,0.08324498312673884,0.569673207416292,0.9325266293406548,0.6546524683650202,0.7974974038633185,0.915158471459965,all_objects,87,87,0,0,0,0.7942399910709289,0.08156954750391503,0.569673207416292,0.9325266293406548,0.661037057409817,0.7999490449996663,0.915158471459965,all_objects,87,87,0,0,0,0.15530134033984716,0.1054103433929234,-0.054211866747968074,0.6095266462417739,0.01773327966737138,0.146114126603355,0.35212593179822493,all_objects,87,87,0,0,0,1.3461534117056007,0.6485678792420372,0.6274650772553702,4.622438517835739,0.7912989290697857,1.183739788792491,2.3987487881086174,all_objects,87,87,0,0,0,0.7781047557648396,0.14872954643083686,0.5329180565311387,1.338583868143735,0.5994610497565677,0.759004437361186,1.0520815641070693,all_objects,87,87,0,0,0,-0.5680486559407611,0.6658654750110471,-4.0895204613046,0.07845315411379461,-1.6061232363330809,-0.3751576825285421,-0.011598582467823101,all_objects,87,87,0,0,0,1.04381792668055,1.1364876436712654,0.04928687662512742,6.440603114224183,0.08800516550871593,0.6378497178025656,3.123882355482886,all_objects,87,87,0,0,0,0.7353272893894787,0.15300617935637617,0.24308953088960825,0.9495929186267622,0.43559222732492425,0.7601693834655969,0.9219173916594839,all_objects,87,87,0,0,0,0.06191530078397421,0.05543805095605748,0.004260136120131853,0.3454862755819995,0.010729917632682296,0.046646352950196604,0.15610409915584592,all_objects,87,87,0,0,0,0.25680622918574963,0.12330748412103554,0.06224945056997209,0.6774432430118977,0.09457459992188948,0.23483787580684107,0.46327164781997415,all_objects,87,87,0,0,0,0.28022170883193603,0.07969857639891607,0.08658896473228668,0.5497061660919618,0.17209720723695154,0.27225604214379306,0.4245596200029702,all_objects,87,87,0,0,0,0.909696152261046,0.3135782645683526,0.24564254032143343,1.7529775632673303,0.4155345788015519,0.9348511857891607,1.3786167159290688,all_objects,87,87,0,0,0,0.002952905085607548,0.006373033965453211,8.425145570526215e-08,0.038661388694901065,2.208335422194443e-07,5.802823112849765e-05,0.014922690963028843,all_objects,87,87,0,0,0,0.010463128296262596,0.02026935307256084,1.589188262859298e-07,0.10526289372546674,5.151387866633792e-07,0.000206077691630268,0.058273635994281835,all_objects,87,87,0,0,0,0.004185810921179034,0.006169611898225145,6.42341650584076e-05,0.03440850777344285,9.878726284282391e-05,0.0010270153958091314,0.015229032310087395,all_objects,87,87,0,0,0,0.013856218414012637,0.019168686649079638,9.024547193610601e-05,0.08528729266681728,0.00016853778578428393,0.0032277776628993984,0.05681708167680256,all_objects,87,87,0,0,0,0.1441829517739367,0.24378419488410843,7.826256819498667e-06,0.972429192485194,1.7509849539010246e-05,0.0043906255799015526,0.6983187670031074,all_objects,87,87,0,0,0,0.7927874194679523,0.08009345767451219,0.5884018023309788,0.9325274022515849,0.6685781937837662,0.7979908209366491,0.9151678511744795,all_objects
dronevehicle,val,base,7,-1,1,1,1.4142135623730951,2821,192,1,2821,1.0,48,47,47,1.0,1,925,0.3278979085430698,834,0.2956398440269408,1763,2821,0.6249556894718185,0.6249556894718185,2821,2821,0,0,0,0.8051767297242897,0.11493073653776023,0.05656396705439156,0.9834240257956074,0.5867130071170376,0.8314304536421128,0.9382275622493311,all_objects,2821,2821,0,0,0,0.8285797910884236,0.11234660160044815,0.02769706092937398,0.9865550839908687,0.6338727812098731,0.8551550001761433,0.9429752233624734,all_objects,2821,2821,0,0,0,-0.04327395897910753,0.12433936753492332,-0.7718882728230299,0.5803831676717002,-0.24523108043114838,-0.04056735242935727,0.15973065798121489,all_objects,2821,2821,0,0,0,0.7558536262313511,0.3833376921078255,0.22344920549894004,6.8820653957064035,0.4567344122136967,0.6704594706122594,1.2854797848906196,all_objects,2821,2821,0,0,0,0.8704787073618832,0.45611783993211713,0.3937371972226618,7.12616853013362,0.5495735899324474,0.7500689082068717,1.577525625034059,all_objects,2821,2821,0,0,0,0.11462508113053205,0.4731640043741358,-4.669117683961155,6.222739720191449,-0.4472300004589014,0.07866619152139787,0.804190138944708,all_objects,2821,2821,0,0,0,0.6815183018848531,0.9190372345125593,0.027185218404740898,11.216578529699351,0.09727146650196646,0.404854431031083,2.0755179405213564,all_objects,2821,2821,0,0,0,0.18473847879157224,0.42954978458276905,-0.7983129520685639,0.9653800170736266,-0.5029932713602662,0.17604994219048162,0.8421724328574433,all_objects,2821,2821,0,0,0,0.009986809192190199,0.023462194629970564,-0.05001354648398036,0.21449275527632536,-0.011460859221542084,0.0027800793684025307,0.054851689767747416,all_objects,2821,2821,0,0,0,0.19702374279696155,0.09852741441843395,0.039603149836641795,0.7690285565448471,0.0826839359891343,0.17358002293975208,0.3899469392890461,all_objects,2821,2821,0,0,0,0.14826796237953926,0.08140013869058085,0.01465353509715235,0.5487062953452576,0.046433802528400396,0.13103342270045054,0.3000456478114684,all_objects,2821,2821,0,0,0,1.7695805835316307,1.547627859355965,0.23435939908354717,17.839447600228965,0.509874480980755,1.2746555600693927,4.496522284565513,all_objects,2821,2821,0,0,0,0.0020661014471966173,0.004742365176716292,2.0546783015856102e-08,0.04562618933280397,2.653524103574544e-07,1.5232354521178958e-05,0.0137092324599076,all_objects,2821,2821,0,0,0,0.007814911670222453,0.01779923679784706,3.274274004508202e-08,0.1089333529740156,5.381127502174182e-07,5.136664656897825e-05,0.051520276558166996,all_objects,2821,2821,0,0,0,0.002935949595536398,0.004697892076505097,2.388566446316889e-05,0.038162927765170856,0.00010475750330642033,0.0005794385380952726,0.014422341062265588,all_objects,2821,2821,0,0,0,0.010137363457575635,0.0169305174652268,3.148340903594814e-05,0.08690000087622653,0.00016684677019848554,0.0015304797274589006,0.052066515724061006,all_objects,2821,2821,0,0,0,0.11285807248960861,0.2321924496178866,3.781532996072201e-06,1.1015837834499393,2.2333654897011e-05,0.001338797260245883,0.7342606861916465,all_objects,2821,2821,0,0,0,0.806664136896172,0.1141695006338368,0.05659403088680556,0.9863072858119574,0.5932955106067047,0.83246672756454,0.9386204508169992,all_objects
dronevehicle,val,n_iou_lt_070,7,-1,1,1,1.4142135623730951,229,38,1,229,1.0,48,47,47,1.0,1,180,0.7860262008733624,185,0.8078602620087336,209,229,0.9126637554585153,0.9126637554585153,229,229,0,0,0,0.716662541531503,0.17577431179125763,0.05656396705439156,0.956975272707513,0.3279883105255514,0.7470731627157313,0.9297986054777391,all_objects,229,229,0,0,0,0.7190866065810145,0.1768411984596094,0.05656396705439156,0.9576390057780267,0.3279883105255514,0.7476368882142259,0.9321378856665754,all_objects,229,229,0,0,0,0.11911317946830574,0.145345167121162,-0.6023527310984785,0.5803831676717002,-0.09364164670730896,0.1265103435546855,0.3408759179225473,all_objects,229,229,0,0,0,1.4945124963834107,0.9070835221013352,0.5366924000095765,6.8820653957064035,0.7142901269861248,1.2817385013663638,3.1455186655522747,all_objects,229,229,0,0,0,1.0790798566715065,0.848972390925281,0.43879905621475995,7.12616853013362,0.5445360328498314,0.8171570642496552,2.401513359348698,all_objects,229,229,0,0,0,-0.41543263971190364,0.7403776343203291,-4.669117683961155,5.720196680587073,-1.370029291725987,-0.3761828021909418,0.3645658755288573,all_objects,229,229,0,0,0,0.9372610968412868,1.030595237620772,0.03485525416638992,10.74259513779093,0.1263438745184371,0.6750886488321385,2.456078113181786,all_objects,229,229,0,0,0,0.5761094808455143,0.34500407930665417,-0.5943022048802835,0.9653800170736266,-0.120056648149641,0.7114352857035706,0.9170072932827181,all_objects,229,229,0,0,0,0.05080454188233677,0.044404788357800075,-0.028599470874111965,0.21449275527632536,-0.004226015205661772,0.0410430438491226,0.13859312694765474,all_objects,229,229,0,0,0,0.2492665499142455,0.10470076761896084,0.04593993141816975,0.7399020000198469,0.0934497700119008,0.23766279896257364,0.44166095922924103,all_objects,229,229,0,0,0,0.29917544821142666,0.07990702173898351,0.11748534660809072,0.5487062953452576,0.17629290285971208,0.2923887044919115,0.4489423658498955,all_objects,229,229,0,0,0,0.8491000728593442,0.3256160993883818,0.2586314980912429,2.4936816416991903,0.37807831301375944,0.852869344973569,1.3590566554680164,all_objects,229,229,0,0,0,0.0027377229918179925,0.004969180019115953,7.031359350313196e-08,0.022015546828672485,6.770270850785011e-07,0.00012333850710635579,0.015336760832948647,all_objects,229,229,0,0,0,0.010300975067345303,0.018856643080739983,1.1007187080539961e-07,0.08803298872553211,2.0499661381848764e-06,0.00035430593473784666,0.05545280957459258,all_objects,229,229,0,0,0,0.0038094727294144012,0.004761532088142987,6.050952159910064e-05,0.01907786471448271,0.00015481655107075302,0.0013950521101545746,0.014151071071050134,all_objects,229,229,0,0,0,0.012777733607439718,0.017039480891420156,7.837207302282975e-05,0.07492355033697591,0.0002966290066394682,0.0035749800029322722,0.051483987922033035,all_objects,229,229,0,0,0,0.16193832337827924,0.2716451050148705,4.473318711006868e-06,0.9951510965826742,5.5186484053137975e-05,0.010295686400951354,0.8265028385706727,all_objects,229,229,0,0,0,0.7196411940878028,0.1748696837494947,0.05659403088680556,0.9570264297356922,0.334486169350674,0.7546653125980622,0.9310278007256856,all_objects
dronevehicle,val,quality_gate070,7,-1,1,1,1.4142135623730951,47,17,1,47,1.0,47,47,47,1.0,0,47,1.0,46,0.9787234042553191,47,47,1.0,1.0,47,47,0,0,0,0.8392811528010891,0.07328135928453441,0.6639121681467482,0.9543478540468721,0.6841164581933588,0.8516994315785745,0.9373665752085467,all_objects,47,47,0,0,0,0.8420624456690963,0.07463322765530091,0.6639121681467482,0.9543478540468721,0.6841164581933588,0.8557721502995644,0.9401209440009397,all_objects,47,47,0,0,0,0.2101296717364263,0.09173796547653913,0.05733016205849195,0.45828621853289486,0.07958340499740922,0.2011216136783227,0.38723980860902685,all_objects,47,47,0,0,0,1.3880316664313053,0.3955650273255572,0.7392507661671757,2.677034604882545,0.9177338091907298,1.353883135161063,2.1112088029325635,all_objects,47,47,0,0,0,0.7608554326021866,0.1853583580977591,0.46089663216239163,1.3497098626817134,0.5266162620657042,0.7119573104755655,1.110748104271656,all_objects,47,47,0,0,0,-0.6271762338291186,0.4099823470680279,-1.9961295804457149,0.06886401373653683,-1.4897678116861977,-0.5753760839843169,-0.09813108611886986,all_objects,47,47,0,0,0,1.1090876568279893,0.753680638942795,0.13879166463118436,3.4265591552393126,0.3107263708740974,0.924802743936442,2.5961231625438232,all_objects,47,47,0,0,0,0.776290081078117,0.15511301539741593,0.24583794002976248,0.9653800170736266,0.41327070851954256,0.8332458319524684,0.9179507579382081,all_objects,47,47,0,0,0,0.07446638998117408,0.043214669391121695,0.00702669183410016,0.20473146536520337,0.016163650496561727,0.06295389423967525,0.1611187231481975,all_objects,47,47,0,0,0,0.2918143183187552,0.0938630285376813,0.10391918563924438,0.5239656106693733,0.14718960243908832,0.2882632741461379,0.4560256592933026,all_objects,47,47,0,0,0,0.30209528315954254,0.06641035906692824,0.1647885377428922,0.4479153385848374,0.1842626799114659,0.2967767007007212,0.4201407658675155,all_objects,47,47,0,0,0,0.9737097969540839,0.24890555876393447,0.3778239379950674,1.5876239336431248,0.5258403765825006,0.9907615919139331,1.347615434263069,all_objects,47,47,0,0,0,0.00110487479858557,0.003329282521104248,7.031359350313196e-08,0.015670130970081457,1.918719915882376e-07,1.0251197689141479e-05,0.007464297708972065,all_objects,47,47,0,0,0,0.0037614118950411515,0.011290565436142362,1.1007187080539961e-07,0.0625990114286086,3.7552899602082e-07,3.930439038748938e-05,0.027683380281295137,all_objects,47,47,0,0,0,0.0019024384952434285,0.003628887952185601,6.050952159910064e-05,0.01596204893307506,8.809181462196359e-05,0.0004433179366362393,0.01060087507896396,all_objects,47,47,0,0,0,0.006091735866714051,0.012397639226565381,7.837207302282975e-05,0.06154167208559802,0.00013636463559898256,0.001451789740698563,0.03209274638656238,all_objects,47,47,0,0,0,0.05812318056306191,0.1650232070456371,4.473318711006868e-06,0.7498654033789052,1.4904908169910415e-05,0.0007933114708862377,0.4025601989774563,all_objects,47,47,0,0,0,0.8402927923319075,0.07286654155877001,0.6689713922292133,0.9543450256055702,0.6842576442422552,0.8499749146496458,0.9387734315757369,all_objects
dronevehicle,train,base,8,-1,-1,1,1.4142135623730951,15019,992,86,15017,0.9998668353419002,90,87,81,0.9310344827586207,9,3589,0.23896397895998403,3164,0.2106664891137892,8948,15019,0.5957786803382382,0.5957786803382382,15019,15019,0,0,0,0.8123759293076379,0.1110261761206831,0.08746385508654542,0.9895829272437737,0.5957455060551177,0.8387766312777749,0.9384582113330239,all_objects,15019,15019,0,0,0,0.8501989441889892,0.0922369673336909,0.004003873925682295,0.9895829272437737,0.7074669928036897,0.8683808210169645,0.9451594625769638,all_objects,15019,15019,0,0,0,-0.07361771570157316,0.11849621493776669,-0.8752038361679164,0.6359680688269616,-0.28788226925827454,-0.05811535502605003,0.08906550129328326,all_objects,15019,15019,0,0,0,0.6632713244068966,0.26758734747326496,0.10241990049377958,8.35305220031238,0.4356911441378937,0.6311930896258302,0.9624656705975698,all_objects,15019,15019,0,0,0,0.8558833471880414,0.4496274578420914,0.284396591097128,8.750535511285083,0.5349157612844129,0.730659465445634,1.6220880714218928,all_objects,15019,15019,0,0,0,0.19261202278114475,0.44307450368043394,-5.745579575066754,6.439061058368631,-0.1818112771055458,0.09493382389714111,0.9384975725869467,all_objects,15019,15019,0,0,0,0.6656917123537378,0.8916051157190037,0.018273558271403957,11.891356616626709,0.08173859459927516,0.36848452642838725,2.340297261191193,all_objects,15019,15019,0,0,0,0.12468402342790746,0.4123185781539027,-0.958046419174555,0.9790699557395819,-0.5363765897581797,0.11031494726466427,0.7837468635803776,all_objects,15019,15019,0,0,0,0.00494700113416833,0.016498658717789473,-0.04695050364188085,0.34972848199633166,-0.01110393092423655,0.0014199322764396269,0.03210948691858665,all_objects,15019,15019,0,0,0,0.19050051543057497,0.10360533145257193,0.024511636208940178,0.8270688901440375,0.07346410194742305,0.1628396185917232,0.4060436241564255,all_objects,15019,15019,0,0,0,0.12013046074260489,0.06490697003861162,0.005385099180978305,0.5564778656089192,0.040199843519522944,0.10724402260757561,0.24497633871249866,all_objects,15019,15019,0,0,0,2.1304782114417438,2.0332857762965584,0.1579995981074647,43.51864260665874,0.5553890912454494,1.4819233623371963,5.763072227544735,all_objects,15019,15019,0,0,0,0.002788299387692417,0.005769859324564707,1.585504315886438e-08,0.04450781067344042,2.167142071468377e-07,1.8717832142169655e-05,0.01640460432666122,all_objects,15019,15019,0,0,0,0.010386992979721229,0.021140403206960118,2.7430699359167512e-08,0.11150815266002355,4.475109028414517e-07,6.212025773533604e-05,0.06247742639585499,all_objects,15019,15019,0,0,0,0.0035795669804623356,0.005458989657184886,2.768851519620266e-05,0.037743415414594736,9.780926896326834e-05,0.000637587814914588,0.015858553259491447,all_objects,15019,15019,0,0,0,0.012318941295828946,0.019119680564638687,3.9731052889415046e-05,0.08802809828842922,0.00015011052177786558,0.0016502967514541434,0.059057544472736256,all_objects,15019,15019,0,0,0,0.14392915326106662,0.26676529417678657,1.5178632679635484e-06,1.002316403343798,1.933128401958584e-05,0.0015989735967423258,0.7955090120434561,all_objects,15019,15019,0,0,0,0.8146541388562756,0.1099526398465189,0.10311064040350372,0.9900794941415262,0.6000245573952961,0.840866266272295,0.9391913449277521,all_objects
dronevehicle,train,n_iou_lt_070,8,-1,-1,1,1.4142135623730951,366,177,30,365,0.9972677595628415,90,87,81,0.9310344827586207,9,288,0.7868852459016393,298,0.8142076502732241,341,366,0.9316939890710383,0.9316939890710383,366,366,0,0,0,0.7212000701080203,0.17322287447567736,0.08906197438463427,0.9561206600100528,0.3217343145776205,0.7636959065362772,0.9181124523749467,all_objects,366,366,0,0,0,0.7464601160243904,0.16766287973524793,0.08906197438463427,0.9707638600728986,0.33345241715590346,0.784390034576942,0.9233913075039403,all_objects,366,366,0,0,0,0.12042509707566863,0.15984791658204445,-0.5147376157957151,0.6359680688269616,-0.12619797035361924,0.12360938986988562,0.39550545884878896,all_objects,366,366,0,0,0,1.4789948250896785,1.162597592575813,0.4511581403753854,8.35305220031238,0.6714573288846857,1.12009933850163,3.7049300249625707,all_objects,366,366,0,0,0,1.093851861218858,1.0629856992748374,0.3995473871175412,8.750535511285083,0.5333835364140147,0.776569146165645,2.826401041227057,all_objects,366,366,0,0,0,-0.3851429638708207,0.8231215465413267,-5.745579575066754,3.34346403482255,-1.7269269842367625,-0.2561398262298981,0.5987874850159873,all_objects,366,366,0,0,0,0.995244953230878,1.080521891228291,0.03739628538944896,6.9545761813760745,0.09430327943822113,0.6952282942589104,3.342256295733948,all_objects,366,366,0,0,0,0.5777307703456693,0.34979400009694994,-0.7108814795839399,0.9776646173392464,-0.1319732073134662,0.6951377464051726,0.9264596230929134,all_objects,366,366,0,0,0,0.04939868546845702,0.05177130106832956,-0.040852934164030436,0.34972848199633166,-0.0030801281014488507,0.037721700278451356,0.14793269354109187,all_objects,366,366,0,0,0,0.2504498047577121,0.1165962612499344,0.04534184672267345,0.6892389394054311,0.08663165378375541,0.23690077432566303,0.4660582085260586,all_objects,366,366,0,0,0,0.28164394507113644,0.09107254388665229,0.07874551543153165,0.5564778656089192,0.14408113147981821,0.2711801487714192,0.45560411929605804,all_objects,366,366,0,0,0,0.9088242322920618,0.35646425780597746,0.15982685461826715,3.1726228008714634,0.3659423824065432,0.8889019839733119,1.4712338934082594,all_objects,366,366,0,0,0,0.0044497211039385715,0.006825702116381609,7.279778175518373e-08,0.030362311922051147,8.437750461099323e-07,0.0005032025275803169,0.020358733955637927,all_objects,366,366,0,0,0,0.015771023982570527,0.023765657595254765,1.271602017420958e-07,0.11043432533006925,1.8954886370757661e-06,0.001778727110819695,0.06740640039913698,all_objects,366,366,0,0,0,0.0055167913319656686,0.00627393705443295,5.783435316145364e-05,0.02816253492509481,0.00018755386265160762,0.0026043579961114757,0.018345641179260685,all_objects,366,366,0,0,0,0.017912111084361013,0.020424596384129363,8.300295586175936e-05,0.08505910839473055,0.0003023667075592451,0.008274165976601508,0.05941111319960786,all_objects,366,366,0,0,0,0.23108493327333518,0.3105536552324865,4.207253994081839e-06,0.9884709807606242,5.902529333923212e-05,0.038171795165865774,0.8863333775222095,all_objects,366,366,0,0,0,0.7230650637678262,0.1714357614669189,0.10311064040350372,0.9563696546545526,0.327595722658579,0.7637946083622875,0.917560708631169,all_objects
dronevehicle,train,quality_gate070,8,-1,-1,1,1.4142135623730951,87,70,14,87,1.0,81,87,81,0.9310344827586207,0,87,1.0,85,0.9770114942528736,87,87,1.0,1.0,87,87,0,0,0,0.8128735988271432,0.07508514288914092,0.6172765885573507,0.9531403183054742,0.6896128194641102,0.8220293485381173,0.921546391723476,all_objects,87,87,0,0,0,0.8158061468444331,0.07337760633208895,0.6564234655315037,0.9531403183054742,0.6896128194641102,0.8240089272369838,0.921546391723476,all_objects,87,87,0,0,0,0.17729402606571493,0.09905681663234019,0.01489327399664453,0.6095266462417739,0.04817725707475671,0.17120768699645506,0.3703707635165124,all_objects,87,87,0,0,0,1.3461534117056007,0.6485678792420372,0.6274650772553702,4.622438517835739,0.7912989290697857,1.183739788792491,2.3987487881086174,all_objects,87,87,0,0,0,0.7523492090543954,0.14002453820887764,0.5248339986511154,1.3388647670526455,0.5819863198231865,0.7212868846410794,0.9891055932347362,all_objects,87,87,0,0,0,-0.5938042026512054,0.6636530460379353,-4.097604519184623,0.004344748819786748,-1.6330895607913176,-0.3929851750568527,-0.043238674358885676,all_objects,87,87,0,0,0,1.119323326932866,1.2071836893792234,0.04009941912341192,6.9545761813760745,0.11601054777091044,0.7591309484676653,3.340408127094825,all_objects,87,87,0,0,0,0.7548772898478813,0.1435598291351747,0.32537805207940107,0.9424816752079788,0.430007151216545,0.7956846325788837,0.9230426204780954,all_objects,87,87,0,0,0,0.06515771823964711,0.05608387704701801,0.0036912311790594536,0.34972848199633166,0.013002301528831825,0.04852806057329988,0.15693613799728137,all_objects,87,87,0,0,0,0.26661506538297763,0.12302040034541965,0.057895751998721906,0.6892389394054311,0.09791684286867917,0.24871428397475714,0.4785859969329352,all_objects,87,87,0,0,0,0.28022170883193603,0.07969857639891607,0.08658896473228668,0.5497061660919618,0.17209720723695154,0.27225604214379306,0.4245596200029702,all_objects,87,87,0,0,0,0.9447102140518362,0.3071429033960773,0.3673236385567967,1.6854250342034545,0.41647166661703844,0.9587734261111909,1.4377295236506835,all_objects,87,87,0,0,0,0.0027280652184742283,0.005843271816680637,1.0129860046162617e-07,0.02778830729247573,2.4570628148187784e-07,4.442801011728108e-05,0.015716975699410538,all_objects,87,87,0,0,0,0.009139826059233573,0.019079843494302997,1.589188262859298e-07,0.08323319001732896,5.077124632901591e-07,0.00014939297085391978,0.05137521040719114,all_objects,87,87,0,0,0,0.0038610508338507983,0.006179072607566548,7.019103474461381e-05,0.02816253492509481,0.00010378577049348779,0.0009115120741887428,0.018063305894302915,all_objects,87,87,0,0,0,0.011850906420368224,0.018239432241511654,9.024547193610601e-05,0.07160184502882695,0.00016877751382591574,0.002800575205616673,0.05171082437962319,all_objects,87,87,0,0,0,0.12440747480696476,0.24775784512205912,7.826256819498667e-06,0.9372200861650981,1.6117054752839976e-05,0.002921336452232026,0.7021681428673562,all_objects,87,87,0,0,0,0.8126731434591858,0.07609829991095095,0.5914180206605449,0.9520475517602677,0.6915775302282317,0.8242023556479477,0.92160319022228,all_objects
dronevehicle,val,base,8,-1,-1,1,1.4142135623730951,2821,192,1,2821,1.0,51,47,47,1.0,4,885,0.3137185395249911,841,0.29812123360510456,1756,2821,0.6224742998936548,0.6224742998936548,2821,2821,0,0,0,0.7939734567810702,0.11893174320686596,0.04325734662242799,0.9854952231978827,0.5662650376726385,0.8220427113982515,0.9317594162390856,all_objects,2821,2821,0,0,0,0.8278876713597401,0.11074016178308957,0.04325734662242799,0.9925797226087296,0.6381843341280177,0.8521212026956446,0.940430381944413,all_objects,2821,2821,0,0,0,-0.05447723192232694,0.13225716411434682,-0.7101709200034241,0.5557338972800763,-0.28516059399509686,-0.04721857814925001,0.14638169507878673,all_objects,2821,2821,0,0,0,0.7558536262313511,0.3833376921078255,0.22344920549894004,6.8820653957064035,0.4567344122136967,0.6704594706122594,1.2854797848906196,all_objects,2821,2821,0,0,0,0.9076681327778969,0.5109652465638269,0.39451923479591444,7.340708047104552,0.5526994872140085,0.7592473949787217,1.7855762197855003,all_objects,2821,2821,0,0,0,0.15181450654654594,0.5249138435387496,-4.631139725248897,6.7377011308644645,-0.4455609734421693,0.08548352258530212,1.0098744712662004,all_objects,2821,2821,0,0,0,0.7372998518514302,0.9722081609971243,0.02183850543787258,11.640401979039996,0.09861808688715246,0.43487523216904206,2.320659355390504,all_objects,2821,2821,0,0,0,0.178944835732376,0.43202098174977765,-0.8353105911233135,0.9620951789912205,-0.5007903931551622,0.16626929681278688,0.8332396402573036,all_objects,2821,2821,0,0,0,0.009764020637075627,0.023215002406732105,-0.0557365714207161,0.20572118509143694,-0.01220034052013325,0.0026756459254854165,0.05441814003822897,all_objects,2821,2821,0,0,0,0.20434223997836534,0.10228683064957016,0.027872801222085415,0.7772998910819584,0.08169898296616204,0.18039280714706424,0.4079500221906465,all_objects,2821,2821,0,0,0,0.14826796237953926,0.08140013869058085,0.01465353509715235,0.5487062953452576,0.046433802528400396,0.13103342270045054,0.3000456478114684,all_objects,2821,2821,0,0,0,1.8547273117276235,1.6552901089338423,0.11829975136166614,18.33798454262969,0.5541031959859666,1.3010801569559494,4.811106104974617,all_objects,2821,2821,0,0,0,0.0025471706838173804,0.005287284312209437,2.039279845161198e-08,0.03737251818775937,2.697235386586561e-07,2.0202805128751352e-05,0.015482505955004007,all_objects,2821,2821,0,0,0,0.00946938000518141,0.019378978342969835,3.909146842261791e-08,0.1089333529740156,5.37693345739545e-07,6.61382823219988e-05,0.05906246054778768,all_objects,2821,2821,0,0,0,0.003420372842580597,0.005127791463783277,3.2889655656071146e-05,0.03225747022526442,0.00010690688308749035,0.0006468505503224148,0.015243687612585126,all_objects,2821,2821,0,0,0,0.011720775145462695,0.018017190501187982,4.751825842879093e-05,0.08690000087622653,0.00016294329764295494,0.001658432800143579,0.056083919734808245,all_objects,2821,2821,0,0,0,0.13490289062347205,0.25126006594417966,1.7294672716161585e-06,1.1015837834499393,2.3740859489862487e-05,0.0018671972347874544,0.7488518296705422,all_objects,2821,2821,0,0,0,0.7961808319987161,0.11793922428313716,0.048583818625125244,0.9854939816960896,0.5696208708508209,0.8234540518395883,0.931765009918265,all_objects
dronevehicle,val,n_iou_lt_070,8,-1,-1,1,1.4142135623730951,229,38,1,229,1.0,51,47,47,1.0,4,186,0.8122270742358079,195,0.851528384279476,211,229,0.9213973799126638,0.9213973799126638,229,229,0,0,0,0.7172117048335981,0.17302514409141923,0.04325734662242799,0.9734233822782787,0.3579232632029602,0.7532288220259105,0.9126827369659928,all_objects,229,229,0,0,0,0.7201607948701888,0.1740121702849467,0.04325734662242799,0.9734233822782787,0.3579232632029602,0.7583970295654378,0.9175099895445191,all_objects,229,229,0,0,0,0.11966234277040083,0.13946094987514823,-0.6156593515304422,0.5557338972800763,-0.08981445856306655,0.12484033819254858,0.31801788397963077,all_objects,229,229,0,0,0,1.4945124963834107,0.9070835221013352,0.5366924000095765,6.8820653957064035,0.7142901269861248,1.2817385013663638,3.1455186655522747,all_objects,229,229,0,0,0,1.082633774095685,0.9044920064565762,0.44610068554914695,7.340708047104552,0.5558119512671904,0.8179857194280262,2.57610388117726,all_objects,229,229,0,0,0,-0.41187872228772554,0.7499175048605701,-4.631139725248897,5.934736197558005,-1.3962539669227108,-0.3864041691328408,0.28543623418081415,all_objects,229,229,0,0,0,0.9005484802267957,1.024309323554862,0.02824850001581298,11.228530934387027,0.12353668701678469,0.659949943197395,2.4083139895940153,all_objects,229,229,0,0,0,0.5864779312170508,0.32493108278954785,-0.5692634879778284,0.9620951789912205,-0.10526186898338628,0.686964471006905,0.9067870597263388,all_objects,229,229,0,0,0,0.05009564074152685,0.042708029369313456,-0.026758678178773854,0.20572118509143694,-0.0044445664229959495,0.04098070055657424,0.1326803630518357,all_objects,229,229,0,0,0,0.24581071523998088,0.10162214695963026,0.051414736600680216,0.75200459473981,0.0990914793980868,0.24025648871935082,0.42906014866197906,all_objects,229,229,0,0,0,0.29917544821142666,0.07990702173898351,0.11748534660809072,0.5487062953452576,0.17629290285971208,0.2923887044919115,0.4489423658498955,all_objects,229,229,0,0,0,0.8388198362080462,0.318555214803097,0.18971007931259362,2.534470851985536,0.38943991468894285,0.8275276555045794,1.3021315674075309,all_objects,229,229,0,0,0,0.003148064445233227,0.005724930501425161,5.405512377184451e-08,0.027110497983638022,5.289850370987936e-07,0.00013562471993385514,0.017292022873608506,all_objects,229,229,0,0,0,0.010739214668471971,0.018878166644320436,7.934248258976455e-08,0.08803298872553211,1.1569568426128847e-06,0.0004230545296562989,0.057861485296997056,all_objects,229,229,0,0,0,0.004222044865459509,0.005491774695612752,5.190590436844684e-05,0.025666957156243998,0.00014265271022815946,0.001524027597389715,0.01635645233236128,all_objects,229,229,0,0,0,0.013154833360695969,0.01706656468927443,6.404630148147403e-05,0.07492355033697591,0.00024873397677361827,0.004071596042252922,0.053957722792563945,all_objects,229,229,0,0,0,0.17353702957923856,0.27385653827871537,7.070404592468549e-06,0.9951510965826742,4.86500017416347e-05,0.011315818012860746,0.8053907859065474,all_objects,229,229,0,0,0,0.7205011626558814,0.1724015575771948,0.048583818625125244,0.9733956046198224,0.357826886156392,0.7657267351929472,0.9161316840716157,all_objects
dronevehicle,val,quality_gate070,8,-1,-1,1,1.4142135623730951,47,17,1,47,1.0,47,47,47,1.0,0,47,1.0,46,0.9787234042553191,47,47,1.0,1.0,47,47,0,0,0,0.8345321223806215,0.06501662257598974,0.6851876776728657,0.9734233822782787,0.7304705783454055,0.8447454160433394,0.9334313492669503,all_objects,47,47,0,0,0,0.8369892892676597,0.0638367327516571,0.6851876776728657,0.9734233822782787,0.7304705783454055,0.8474801769056327,0.9334313492669503,all_objects,47,47,0,0,0,0.2053806413159586,0.07702339678195606,0.06481961148889726,0.39764559286476076,0.10672051348209614,0.18512804012339157,0.3443668654488398,all_objects,47,47,0,0,0,1.3880316664313053,0.3955650273255572,0.7392507661671757,2.677034604882545,0.9177338091907298,1.353883135161063,2.1112088029325635,all_objects,47,47,0,0,0,0.7456508434834636,0.15694998446998806,0.4552443387266471,1.239400646263183,0.5427680120864634,0.7278180141411229,0.9841213115689948,all_objects,47,47,0,0,0,-0.6423808229478417,0.3964521570035494,-1.9457427420600895,0.10486916334881657,-1.4666169394940787,-0.5631462752806268,-0.2323192210384804,all_objects,47,47,0,0,0,1.0866645461070836,0.6735158499405176,0.2620547532310993,2.8145669089509804,0.3237760284642381,0.9052911195279821,2.6114653666023453,all_objects,47,47,0,0,0,0.7803498970491471,0.1305053173683643,0.3806028623081185,0.9620951789912205,0.47764721281151135,0.821476964957183,0.9242889580049402,all_objects,47,47,0,0,0,0.07397065023399778,0.0410222407734604,0.014715882701076387,0.19058886898397967,0.022811268287847374,0.06561237161567311,0.15720178053566147,all_objects,47,47,0,0,0,0.2911283210719299,0.0861755522621965,0.12824111836748883,0.4876847469884138,0.1722379781887209,0.28372462162218526,0.4473271757489061,all_objects,47,47,0,0,0,0.30209528315954254,0.06641035906692824,0.1647885377428922,0.4479153385848374,0.1842626799114659,0.2967767007007212,0.4201407658675155,all_objects,47,47,0,0,0,0.9728658387853553,0.23160873964699083,0.44587363547849584,1.7423844126059085,0.6010512255879472,0.9773714920835037,1.2850356283927213,all_objects,47,47,0,0,0,0.0012479920239200325,0.002971498058692111,5.405512377184451e-08,0.01280757264288888,1.8990326946707874e-07,1.0921512936572964e-05,0.007679923894780546,all_objects,47,47,0,0,0,0.004471861510918539,0.010616632057725315,7.934248258976455e-08,0.05115008445717683,3.367276519720383e-07,3.930439038748938e-05,0.028835365355840897,all_objects,47,47,0,0,0,0.002096255219585944,0.0032440138125817753,5.190590436844684e-05,0.012752164918097901,9.484323519572112e-05,0.0005457895623163778,0.009476553493527844,all_objects,47,47,0,0,0,0.006814391249684525,0.011080981955933496,6.404630148147403e-05,0.04462276483903743,0.00013254905839653797,0.001451789740698563,0.028998013329589678,all_objects,47,47,0,0,0,0.08530274111606914,0.20043906162532876,7.070404592468549e-06,0.7418111091513993,1.4838105738590458e-05,0.0008253156231035064,0.6759693751442852,all_objects,47,47,0,0,0,0.8348527178192238,0.0642365767821532,0.6851547805043408,0.9733956046198224,0.7308466818953115,0.8447242258004795,0.9323105528485437,all_objects
dronevehicle,train,base,9,2,0,2,2.0,15019,992,86,14983,0.9976030361542046,79,87,73,0.8390804597701149,6,3228,0.2149277581729809,3028,0.20161129236300684,8745,15019,0.5822624675411145,0.5822624675411145,15019,15019,0,0,0,0.8068001955231429,0.1097225672433099,0.07217474784635014,0.9886569478914449,0.5990917538923018,0.8301953230113,0.9353142602144248,all_objects,15019,15019,0,0,0,0.8362256080032787,0.09574858316936237,0.0,0.9886569478914449,0.6866088213997193,0.8536452140039084,0.939949729442819,all_objects,15019,15019,0,0,0,-0.0791934494860682,0.11664180295940474,-0.9110104130927885,0.7369604452441048,-0.28281997303289974,-0.06543227228690007,0.08244547364898175,all_objects,15019,15019,0,0,0,0.6632713244068966,0.26758734747326496,0.10241990049377958,8.35305220031238,0.4356911441378937,0.6311930896258302,0.9624656705975698,all_objects,15019,15019,0,0,0,0.8614802443248352,0.4618494676707353,0.300787547891375,9.223603327518306,0.5368980374436928,0.7333235802279572,1.6588210391639253,all_objects,15019,15019,0,0,0,0.19820891991793843,0.4578913757682151,-5.871305895746655,6.871152365730958,-0.17983119445551035,0.1001383627847291,0.9725073832316229,all_objects,15019,15019,0,0,0,0.6926871807899482,0.8967512626462089,0.019153049562304816,11.505740183847628,0.10346650203221933,0.4106980407392797,2.3294835445258513,all_objects,15019,15019,0,0,0,0.10796040344357291,0.3982815190242918,-0.9219165938457962,0.9805523232577805,-0.529597271551027,0.0951802408160559,0.7521317474350113,all_objects,15019,15019,0,0,0,0.0048169080618215634,0.016586188129603878,-0.05195160126313124,0.3279431134008389,-0.011236303233714448,0.0012740724723938543,0.032412055411641875,all_objects,15019,15019,0,0,0,0.19786941988188664,0.10022733172256733,0.0319676292373199,0.7701485815314869,0.0851261978380408,0.17134722793348517,0.40610956555340255,all_objects,15019,15019,0,0,0,0.12013046074260489,0.06490697003861162,0.005385099180978305,0.5564778656089192,0.040199843519522944,0.10724402260757561,0.24497633871249866,all_objects,15019,15019,0,0,0,2.2122393896233947,2.0402692283151804,0.19066067409876888,40.52361450550635,0.6245151506194682,1.5880702430104758,5.810538092397764,all_objects,15019,15019,0,0,0,0.0022360850862759686,0.007234788015812489,8.047729310854398e-09,0.057849733530530995,1.5214983284879808e-07,5.451865804189343e-06,0.018535916928181337,all_objects,15019,15019,0,0,0,0.008941320583105452,0.0289375089048264,1.762044386275027e-08,0.23139793839180053,4.133920669313082e-07,2.0210097016002082e-05,0.07413770879514293,all_objects,15019,15019,0,0,0,0.0030101524211486237,0.006860028003955255,2.1052657378282727e-05,0.04791731760260675,8.498257381391313e-05,0.0004132985963545013,0.020393099159518386,all_objects,15019,15019,0,0,0,0.011706591820524019,0.027388309028785217,4.427624772708419e-05,0.19134313205673362,0.00020363193357822326,0.001341069619370807,0.0812275570591277,all_objects,15019,15019,0,0,0,0.12437561323508461,0.36729646059594234,1.3395462019616389e-06,2.401067840661881,2.4848654288689434e-05,0.0006584720363207452,1.1159149216773059,all_objects,15019,15019,0,0,0,0.8091657234546762,0.10854983133176654,0.08700276852479963,0.9886578346726227,0.6034847818543975,0.8322420742911201,0.9360663084666686,all_objects
dronevehicle,train,n_iou_lt_070,9,2,0,2,2.0,366,177,30,364,0.994535519125683,79,87,73,0.8390804597701149,6,282,0.7704918032786885,284,0.7759562841530054,335,366,0.9153005464480874,0.9153005464480874,366,366,0,0,0,0.7117450007058549,0.16518341477285564,0.10915545481458074,0.97792922520774,0.3802051879375551,0.736963900616691,0.9086577211852,all_objects,366,366,0,0,0,0.7318032424182105,0.16456039340038744,0.11637161876368819,0.97792922520774,0.3802051879375551,0.7650767093894011,0.9107046246196744,all_objects,366,366,0,0,0,0.11097002767350315,0.15469578972476172,-0.4885205077797746,0.7369604452441048,-0.10888490231950282,0.10328477282441728,0.38838545721919643,all_objects,366,366,0,0,0,1.4789948250896785,1.162597592575813,0.4511581403753854,8.35305220031238,0.6714573288846857,1.12009933850163,3.7049300249625707,all_objects,366,366,0,0,0,1.0837676944270203,1.006238138065993,0.4191581401907092,9.223603327518306,0.5467588819109208,0.7910437644138648,2.4628696356229156,all_objects,366,366,0,0,0,-0.3952271306626583,0.8001358041644082,-5.871305895746655,3.5515750569867874,-1.6823535057829293,-0.25046944038127095,0.48846523429974575,all_objects,366,366,0,0,0,0.9853986164035462,1.0497786248553351,0.05707248619323984,6.619983730444971,0.10108206242690261,0.6159513032612411,3.0454889505212757,all_objects,366,366,0,0,0,0.541479864407355,0.34963504868294615,-0.7382356274894186,0.9805523232577805,-0.15486976466669278,0.649405960538453,0.9209109999394371,all_objects,366,366,0,0,0,0.048026369931375504,0.051409651416166074,-0.04594023129035728,0.3279431134008389,-0.004065265338499341,0.03518699983391718,0.14935261858161708,all_objects,366,366,0,0,0,0.2495535481922908,0.11548895105782106,0.06336302219167288,0.6531941927173284,0.09472896560502816,0.23003334779215048,0.4670349374524142,all_objects,366,366,0,0,0,0.28164394507113644,0.09107254388665229,0.07874551543153165,0.5564778656089192,0.14408113147981821,0.2711801487714192,0.45560411929605804,all_objects,366,366,0,0,0,0.905890662341345,0.3530188672280602,0.19066067409876888,3.019925619929585,0.429797131239317,0.8800863652655417,1.5076815915229709,all_objects,366,366,0,0,0,0.003723743095013061,0.0087313122781989,6.406239435313323e-08,0.05026701529478512,5.770261649355952e-07,2.9283267102253337e-05,0.027183584692029826,all_objects,366,366,0,0,0,0.014888809243008694,0.034925871801555215,1.8705448176395379e-07,0.20106545008648913,1.8062034655359617e-06,0.00011240146329206988,0.10873295166415897,all_objects,366,366,0,0,0,0.0046755031744879876,0.008003443026024647,5.5819679077685525e-05,0.03738485318933769,0.00015652509337314756,0.0008610177384031671,0.02587881052698382,all_objects,366,366,0,0,0,0.018226915613475114,0.031977281974939736,0.00014060811192832503,0.14906237659539526,0.00041598041518371405,0.002938681978863729,0.10297228625539334,all_objects,366,366,0,0,0,0.22951537079361461,0.48123865697706125,1.1253972047597927e-05,1.9791920842299362,9.128193068264068e-05,0.00363198869988679,1.4552658788056831,all_objects,366,366,0,0,0,0.7148403503714148,0.164553723886904,0.10915555349842315,0.972704498089833,0.37952817604523614,0.7418204555247394,0.9101058243764972,all_objects
dronevehicle,train,quality_gate070,9,2,0,2,2.0,87,70,14,87,1.0,73,87,73,0.8390804597701149,0,82,0.9425287356321839,84,0.9655172413793104,87,87,1.0,1.0,87,87,0,0,0,0.7890543340817548,0.09222163192033735,0.5193530139144538,0.9388443590763054,0.6120882248625458,0.7942372880008415,0.9103348695672586,all_objects,87,87,0,0,0,0.7889289433284377,0.09257261584174176,0.5456825922806778,0.9388443590763054,0.6120882248625458,0.803966119093756,0.9136906022281595,all_objects,87,87,0,0,0,0.15347476132032667,0.10496101101278323,-0.07097294229395701,0.5444449109725793,-0.00013258636605348057,0.13421035194926267,0.30935905152323045,all_objects,87,87,0,0,0,1.3461534117056007,0.6485678792420372,0.6274650772553702,4.622438517835739,0.7912989290697857,1.183739788792491,2.3987487881086174,all_objects,87,87,0,0,0,0.7660550487836376,0.1289626239270793,0.535586165988233,1.1419451780771843,0.6004148022999419,0.7412171456806684,1.0554912701109516,all_objects,87,87,0,0,0,-0.5800983629219628,0.6574606798022756,-4.025794610978635,0.07777965204925152,-1.5827155837581046,-0.3518448877387087,-0.0124159182214975,all_objects,87,87,0,0,0,1.1156490343640628,1.1539761784209708,0.05707248619323984,6.010971594231925,0.15215660596893438,0.7458224492358122,3.4245687997629,all_objects,87,87,0,0,0,0.7077364382618458,0.1812800201795678,0.17887334544457034,0.9637115570180534,0.3191614891800568,0.7424627280833704,0.9143354116046906,all_objects,87,87,0,0,0,0.06283564392156551,0.0549157332987878,0.0043875377483959315,0.3279431134008389,0.008043690378970353,0.046938662977079104,0.15515700961673076,all_objects,87,87,0,0,0,0.26737186297835014,0.11905524257681803,0.06559487396237787,0.6531941927173284,0.12194850903399702,0.2532541075044742,0.476961313087371,all_objects,87,87,0,0,0,0.28022170883193603,0.07969857639891607,0.08658896473228668,0.5497061660919618,0.17209720723695154,0.27225604214379306,0.4245596200029702,all_objects,87,87,0,0,0,0.9452110142482018,0.2883534699896864,0.4303831224692288,1.862251708547057,0.5293570125744221,0.9308824870578092,1.4826649928636348,all_objects,87,87,0,0,0,0.003169101373328101,0.00805081996533505,1.0535712845442375e-07,0.03177591042708962,3.6083987849706045e-07,8.858417275289741e-06,0.028081447880428764,all_objects,87,87,0,0,0,0.012674274062561738,0.03220248693803243,2.268176702797992e-07,0.12710205262030477,1.1029982143849682e-06,3.4868006037808016e-05,0.11231986577135207,all_objects,87,87,0,0,0,0.004250658133431108,0.008226465532730735,7.382231349847056e-05,0.03074246193173946,0.00012245413570354408,0.0005500816975885918,0.02870066380045219,all_objects,87,87,0,0,0,0.01664371877192021,0.032829802712223854,0.0001540562289254105,0.12264330360143066,0.00033141825675519565,0.0019010440173149814,0.11408700414460864,all_objects,87,87,0,0,0,0.17186631481481976,0.40026525900131493,1.4285601082519861e-05,1.4472008523114939,4.3593627606242076e-05,0.0009060849514526126,1.3625339427177052,all_objects,87,87,0,0,0,0.7931977259406618,0.08752204132565672,0.5194495520202824,0.9388597956833734,0.6216679966637468,0.8039715009953984,0.910347865161929,all_objects
dronevehicle,val,base,9,2,0,2,2.0,2821,192,1,2811,0.9964551577454803,45,47,44,0.9361702127659575,1,807,0.2860687699397377,803,0.2846508330379298,1766,2821,0.6260191421481744,0.6260191421481744,2821,2821,0,0,0,0.7879306465776588,0.11583416911857451,0.05738424619325341,0.9834810671159848,0.569506258935496,0.8129022044996348,0.9244588778955112,all_objects,2821,2821,0,0,0,0.8132838758154748,0.11015153969692212,0.04386363097651193,0.9834810671159848,0.6202947336403453,0.8358855456113319,0.9283311047910765,all_objects,2821,2821,0,0,0,-0.06052004212573829,0.12887045174585746,-0.720264672445831,0.673215600970855,-0.28027339507361104,-0.05631952062158008,0.1397215393298391,all_objects,2821,2821,0,0,0,0.7558536262313511,0.3833376921078255,0.22344920549894004,6.8820653957064035,0.4567344122136967,0.6704594706122594,1.2854797848906196,all_objects,2821,2821,0,0,0,0.9165522548469184,0.5204722111707331,0.39389948073934766,7.728598299835846,0.5542136183036752,0.7678902772978526,1.7875370452558164,all_objects,2821,2821,0,0,0,0.16069862861556714,0.53338276652998,-4.6613310949908575,7.137757978674404,-0.4523459815472246,0.09556185417731144,1.0007329941668515,all_objects,2821,2821,0,0,0,0.7920206362623418,0.9819494328472114,0.021154729444546688,12.286833147404783,0.11896019374610159,0.5060485489919372,2.3320618807402536,all_objects,2821,2821,0,0,0,0.1697069524976444,0.41513724007757563,-0.8623795731366831,0.9677961739744998,-0.4906606223479955,0.14931386628445312,0.8193794458831403,all_objects,2821,2821,0,0,0,0.01026322571721764,0.02430061713846219,-0.04439237513697199,0.21667510485537197,-0.012108161891108691,0.0027910927724690768,0.05813675705401892,all_objects,2821,2821,0,0,0,0.21548476526658442,0.10096000418957717,0.03742837254038869,0.8027421288953294,0.09337298282128956,0.1936419341012835,0.4107680812146114,all_objects,2821,2821,0,0,0,0.14826796237953926,0.08140013869058085,0.01465353509715235,0.5487062953452576,0.046433802528400396,0.13103342270045054,0.3000456478114684,all_objects,2821,2821,0,0,0,1.9520575220983303,1.683717003141485,0.23492416803942423,21.009266626433163,0.5843826140292123,1.4119155063765632,4.936245653138878,all_objects,2821,2821,0,0,0,0.002351143883179359,0.0074530849660033515,2.265991262682409e-08,0.055298763425026265,1.7336760532207847e-07,6.980459235335856e-06,0.019767721226731462,all_objects,2821,2821,0,0,0,0.009400832335212297,0.029810841718305673,5.045550117576992e-08,0.22119346335778037,4.932788557959836e-07,2.5570371920855103e-05,0.07902044569965509,all_objects,2821,2821,0,0,0,0.0031840894216474637,0.006966500303518838,3.528546521163492e-05,0.04512445368910557,9.077512691188462e-05,0.00046474881358639933,0.01964117930968717,all_objects,2821,2821,0,0,0,0.012384181347738272,0.027809720286478285,7.343152955467695e-05,0.18008063260965798,0.00022203577163530742,0.0015192503493087555,0.07798436528259985,all_objects,2821,2821,0,0,0,0.12982794296811326,0.3721568442161178,3.0695332497998606e-06,1.9946919776435834,2.722620325812386e-05,0.0008450601327467666,1.1527985307832864,all_objects,2821,2821,0,0,0,0.7899283634724592,0.1151108353516703,0.05738242213138028,0.9834722672698253,0.5733881911418732,0.8147728423534123,0.9252748375125224,all_objects
dronevehicle,val,n_iou_lt_070,9,2,0,2,2.0,229,38,1,229,1.0,45,47,44,0.9361702127659575,1,181,0.7903930131004366,184,0.8034934497816594,209,229,0.9126637554585153,0.9126637554585153,229,229,0,0,0,0.710179645950211,0.17670641923502545,0.05738424619325341,0.9553011935987953,0.3256794869731523,0.7494747440669283,0.9218304656697042,all_objects,229,229,0,0,0,0.7132566508252298,0.1781878930568686,0.05738424619325341,0.9553011935987953,0.3256794869731523,0.7591369268976745,0.9218304656697042,all_objects,229,229,0,0,0,0.1126302838870137,0.14417808007917257,-0.6015324519596167,0.673215600970855,-0.10504776128041957,0.12362227480551102,0.3334156374618376,all_objects,229,229,0,0,0,1.4945124963834107,0.9070835221013352,0.5366924000095765,6.8820653957064035,0.7142901269861248,1.2817385013663638,3.1455186655522747,all_objects,229,229,0,0,0,1.1096477643756322,0.9188124490921008,0.43331661857353415,6.962587439100899,0.5588173525415814,0.8323201900904278,2.452862720652188,all_objects,229,229,0,0,0,-0.3848647320077785,0.7628933299449838,-4.6613310949908575,5.556615589554352,-1.3681962718024314,-0.3514251042397414,0.5591710325153603,all_objects,229,229,0,0,0,1.028966825659909,1.0678746061296909,0.043246391346879715,10.286010644645254,0.1391225602520932,0.7096247483777433,2.7675550076332645,all_objects,229,229,0,0,0,0.5599250606069646,0.35148888210884977,-0.7626594704896107,0.9677961739744998,-0.15199052588648362,0.6851454228501325,0.9078144450287873,all_objects,229,229,0,0,0,0.0515832946639914,0.045971850851292365,-0.022466940339708183,0.21667510485537197,-0.007188191123861399,0.043124925216302096,0.14433427550240766,all_objects,229,229,0,0,0,0.2592645824205668,0.10937533564431577,0.059190511118991186,0.7299420014100836,0.10241842039777661,0.25407264360906673,0.4621533844844922,all_objects,229,229,0,0,0,0.29917544821142666,0.07990702173898351,0.11748534660809072,0.5487062953452576,0.17629290285971208,0.2923887044919115,0.4489423658498955,all_objects,229,229,0,0,0,0.8883679371999156,0.34691263730248173,0.23492416803942423,2.4601135939254988,0.38646192369772586,0.8527921855315332,1.4193067076213046,all_objects,229,229,0,0,0,0.0028929034886367266,0.007466474283966315,5.340999259294785e-08,0.04284984269202936,3.0535366434298785e-07,3.7894671004011754e-05,0.019186280108906533,all_objects,229,229,0,0,0,0.011566330867344375,0.029863883105151035,1.1319273788641106e-07,0.17139388696028443,9.708897258799702e-07,0.0001458804679629528,0.07674257145150076,all_objects,229,229,0,0,0,0.0039472632139636605,0.0067515525705684545,5.486775485539538e-05,0.03353040361825292,0.00011495748744354754,0.0009264250359941242,0.01822857326473745,all_objects,229,229,0,0,0,0.015325970648389954,0.026929157388521828,0.00011361449764704662,0.133699918056331,0.00030276998303739176,0.0032544607744022084,0.0724807974509431,all_objects,229,229,0,0,0,0.17730267999092503,0.41483524054671805,9.783468442492449e-06,1.844532241004515,4.582674606012915e-05,0.004490975413816045,1.35880526369761,all_objects,229,229,0,0,0,0.7111463811038594,0.17604724125843257,0.05738242213138028,0.9513720262929399,0.32729501265709493,0.7495357963956993,0.9229631123523685,all_objects
dronevehicle,val,quality_gate070,9,2,0,2,2.0,47,17,1,47,1.0,44,47,44,0.9361702127659575,0,45,0.9574468085106383,46,0.9787234042553191,47,47,1.0,1.0,47,47,0,0,0,0.815605850825084,0.08071942713806797,0.5602319789459916,0.9323907459816214,0.6490028303187567,0.8272628069857276,0.9189411256317731,all_objects,47,47,0,0,0,0.8168812055812689,0.078721570552044,0.5602319789459916,0.9323907459816214,0.6490028303187567,0.8257946021482068,0.9189411256317731,all_objects,47,47,0,0,0,0.18645436976042085,0.08919121760675686,-0.026746183072823948,0.3933576585016213,0.03630292570596545,0.19006935745454911,0.34615079252646824,all_objects,47,47,0,0,0,1.3880316664313053,0.3955650273255572,0.7392507661671757,2.677034604882545,0.9177338091907298,1.353883135161063,2.1112088029325635,all_objects,47,47,0,0,0,0.7665294221750402,0.17369377264589497,0.46889270102643055,1.4421414434753124,0.5450550280397537,0.747519965514958,1.0437367576998253,all_objects,47,47,0,0,0,-0.6215022442562651,0.3992023899407429,-1.9409098834608833,0.03593057732829985,-1.4809520814850339,-0.5497365327210029,-0.16995628588502987,all_objects,47,47,0,0,0,1.2698548073424198,0.816318730315725,0.21352949404131277,3.6763683686261244,0.3270064990448826,1.1414434028351226,2.972516212203998,all_objects,47,47,0,0,0,0.7508452980375636,0.1819161810759564,0.0865275520186623,0.9482501399956558,0.40204845123965516,0.8232317959121968,0.9060890754995629,all_objects,47,47,0,0,0,0.07649590059173669,0.04426160709134355,0.003637248344186345,0.18370310771279863,0.01734444215742413,0.07699832536335106,0.17042681082512856,all_objects,47,47,0,0,0,0.3077150487835885,0.09533358097036408,0.14432152052077507,0.5063291091549759,0.15488854650047826,0.316835249873494,0.48527064253054775,all_objects,47,47,0,0,0,0.30209528315954254,0.06641035906692824,0.1647885377428922,0.4479153385848374,0.1842626799114659,0.2967767007007212,0.4201407658675155,all_objects,47,47,0,0,0,1.0246781537604592,0.2465991100165494,0.505663043730021,1.4204221909264663,0.6268171120187082,1.0828247757276068,1.3735501783970354,all_objects,47,47,0,0,0,0.000997742705203289,0.003747925630471975,8.660128977866162e-08,0.02280708528129712,2.1991885501583825e-07,6.038220484793132e-06,0.003674822835035716,all_objects,47,47,0,0,0,0.003989594372965053,0.014991076312610678,2.560296784851654e-07,0.09122627240517622,6.197948808069785e-07,2.407520923061767e-05,0.014692074869263948,all_objects,47,47,0,0,0,0.001976005754864959,0.003862715199593618,6.515718490517835e-05,0.01824473354522444,0.00010237506884380367,0.00044016637770918687,0.00913593405780967,all_objects,47,47,0,0,0,0.007639443059462515,0.015357437207022859,0.00016388776325369797,0.0726672146569778,0.00024893797383908605,0.0016638517129952506,0.03586828497888884,all_objects,47,47,0,0,0,0.07027822155011003,0.282654385224532,1.1341275353515812e-05,1.844532241004515,2.489107857854833e-05,0.0006673220465565066,0.2247657429688397,all_objects,47,47,0,0,0,0.816130680775417,0.07977887608547024,0.5605112295309786,0.9322392096389328,0.662194993302324,0.827262436759041,0.9189409681047067,all_objects
dronevehicle,train,base,10,-2,0,2,2.0,15019,992,86,14959,0.9960050602570077,82,87,75,0.8620689655172413,7,3102,0.20653838471269725,2946,0.1961515413809175,8863,15019,0.5901191823689993,0.5901191823689993,15019,15019,0,0,0,0.803332968451244,0.10890928379517537,0.09163438724358702,0.9900532429339558,0.600450466557711,0.8269923052768539,0.9320672876721099,all_objects,15019,15019,0,0,0,0.8355339811979355,0.09452999677211278,0.00534414144474323,0.997634041948271,0.6886621086601706,0.8524694906393754,0.9373502100156569,all_objects,15019,15019,0,0,0,-0.08266067655796697,0.1170421816693844,-0.8814643596779635,0.6510760286926812,-0.28941090928173063,-0.06968769035211897,0.08070066460997048,all_objects,15019,15019,0,0,0,0.6632713244068966,0.26758734747326496,0.10241990049377958,8.35305220031238,0.4356911441378937,0.6311930896258302,0.9624656705975698,all_objects,15019,15019,0,0,0,0.8665198757857449,0.4640099598250424,0.27621247800428755,9.413493155101698,0.5393790767065825,0.7397152743872837,1.6464691388556545,all_objects,15019,15019,0,0,0,0.20324855137884826,0.45479584433675047,-5.584674075461352,6.8764096178009915,-0.17309247857226134,0.10345481972279169,0.9609826407946551,all_objects,15019,15019,0,0,0,0.7126576769197345,0.8872955739442249,0.016249008127474894,12.059993129853243,0.1094941506319811,0.4340520455201034,2.330033225024241,all_objects,15019,15019,0,0,0,0.11147552186437575,0.39458471762347436,-0.9290164849728374,0.9821699810608308,-0.5252066585784317,0.1039692723387918,0.7508416988295773,all_objects,15019,15019,0,0,0,0.004915166025572076,0.016497907044592117,-0.05004167226577326,0.3560491131014377,-0.011369134383175203,0.0014585227481327952,0.03202544705017881,all_objects,15019,15019,0,0,0,0.20201598662808112,0.09944451914172828,0.03341809360461574,0.833757639334477,0.08747055654755112,0.17674585001187734,0.4056298286154119,all_objects,15019,15019,0,0,0,0.12013046074260489,0.06490697003861162,0.005385099180978305,0.5564778656089192,0.040199843519522944,0.10724402260757561,0.24497633871249866,all_objects,15019,15019,0,0,0,2.2626502568481253,2.0625096212645504,0.16103710421062503,43.87059065956352,0.6413941494679286,1.6167391385963543,5.923154884203452,all_objects,15019,15019,0,0,0,0.0026724197978580926,0.00798446421529069,5.075051643064762e-09,0.05575586649527583,1.4994394244629418e-07,4.307536011429303e-06,0.02228807885886672,all_objects,15019,15019,0,0,0,0.010685680309985573,0.03193381729341422,1.1150698401123417e-08,0.2230163053200471,4.1290628789756507e-07,1.501315090828041e-05,0.08915172237006884,all_objects,15019,15019,0,0,0,0.00340891516460826,0.007474322554079989,1.6716809222382483e-05,0.044215086102118065,8.264468444410597e-05,0.0003778824142927376,0.02308715851145038,all_objects,15019,15019,0,0,0,0.013279118697540995,0.02980182821358092,3.5221952030774995e-05,0.17605619657685845,0.0002030987965333011,0.0011407342699679423,0.09184296093577943,all_objects,15019,15019,0,0,0,0.14641972321974978,0.4016685571722086,1.0094645972458238e-06,1.9880902082542207,2.170546230928494e-05,0.000565034279873089,1.311313817632401,all_objects,15019,15019,0,0,0,0.8060525765207969,0.10775108096682649,0.09163540046214431,0.9900508148722624,0.6055314079077841,0.8296909528499328,0.9330052380405198,all_objects
dronevehicle,train,n_iou_lt_070,10,-2,0,2,2.0,366,177,30,366,1.0,82,87,75,0.8620689655172413,7,277,0.7568306010928961,287,0.7841530054644809,335,366,0.9153005464480874,0.9153005464480874,366,366,0,0,0,0.7096787043960227,0.17175305494096138,0.09953675484678072,0.9733698917495709,0.32465559298042146,0.7479290476625714,0.9105009631878052,all_objects,366,366,0,0,0,0.7322692541320708,0.16695368281585773,0.09953675484678072,0.9733698917495709,0.32465559298042146,0.7675839284700268,0.9133246154358903,all_objects,366,366,0,0,0,0.1089037313636709,0.16146416795229726,-0.5281882453611192,0.6510760286926812,-0.13174593206448965,0.10774444950790968,0.38425957777976144,all_objects,366,366,0,0,0,1.4789948250896785,1.162597592575813,0.4511581403753854,8.35305220031238,0.6714573288846857,1.12009933850163,3.7049300249625707,all_objects,366,366,0,0,0,1.1267301529209688,1.1057918690758142,0.4023175485465927,9.413493155101698,0.5372814201785501,0.7874836994369487,2.8789542370345274,all_objects,366,366,0,0,0,-0.35226467216870977,0.8437839480654411,-5.584674075461352,3.6965781859344826,-1.7102857301098602,-0.23762535463427192,0.648733952515959,all_objects,366,366,0,0,0,1.0312087604486655,1.086215424358083,0.04011463111103451,7.346094496973272,0.11733492323554222,0.7025650950057443,3.4397236238718056,all_objects,366,366,0,0,0,0.5505201968131312,0.34923673302897573,-0.7200271413431859,0.9821699810608308,-0.09575093950241943,0.6583169014849679,0.9199348119663385,all_objects,366,366,0,0,0,0.04840924620897772,0.05202963044426235,-0.05004167226577326,0.3560491131014377,-0.0043972850461831935,0.03548935680740693,0.15227684626146587,all_objects,366,366,0,0,0,0.256310691642107,0.1149659649199823,0.04621467645258969,0.7037691601135369,0.09900020490244528,0.2439983700896683,0.4672825169257587,all_objects,366,366,0,0,0,0.28164394507113644,0.09107254388665229,0.07874551543153165,0.5564778656089192,0.14408113147981821,0.2711801487714192,0.45560411929605804,all_objects,366,366,0,0,0,0.9365572577610517,0.3603409089017815,0.16103710421062503,3.190352642801705,0.39753158040475484,0.9320795344598031,1.474857247996606,all_objects,366,366,0,0,0,0.003812866470930417,0.008623556766248123,7.03720172378491e-08,0.04441024899948189,4.087347732056245e-07,3.233768202356322e-05,0.02558088247697676,all_objects,366,366,0,0,0,0.015246072820001497,0.034493469486272264,2.2298084355078653e-07,0.17763942329640897,1.3134124702413944e-06,0.00012347148264193369,0.10232275109622217,all_objects,366,366,0,0,0,0.0049120114165190866,0.008037961141305247,5.529254817207912e-05,0.03709993756548532,0.0001354820355005923,0.0008705753595839841,0.02566531503377245,all_objects,366,366,0,0,0,0.019158114007926264,0.03208803054756522,0.00016027316114597455,0.14798909009102693,0.00035588663541390473,0.002831257553993546,0.10210369932289212,all_objects,366,366,0,0,0,0.22799165072759464,0.46578250155846745,8.160188542660762e-06,1.973265567787891,5.14004543106239e-05,0.004317676360486189,1.4325167413628037,all_objects,366,366,0,0,0,0.7117358428290222,0.17017850041576696,0.10029257603079725,0.9825219397488705,0.33162572747684993,0.7489458430427779,0.9115066037336523,all_objects
dronevehicle,train,quality_gate070,10,-2,0,2,2.0,87,70,14,87,1.0,75,87,75,0.8620689655172413,0,84,0.9655172413793104,82,0.9425287356321839,87,87,1.0,1.0,87,87,0,0,0,0.7887153276248088,0.08222847873583129,0.5854249230436945,0.9369381919736715,0.6470567444028256,0.7907295660070437,0.9132880200300805,all_objects,87,87,0,0,0,0.7921046986818172,0.08142101537706453,0.5854249230436945,0.9369381919736715,0.6477187251752264,0.7908451467465608,0.9150447339784513,all_objects,87,87,0,0,0,0.15313575486338085,0.10778044588884629,-0.0530693859350122,0.5993600975839655,0.026021159313401064,0.14329645046893236,0.3429512257663395,all_objects,87,87,0,0,0,1.3461534117056007,0.6485678792420372,0.6274650772553702,4.622438517835739,0.7912989290697857,1.183739788792491,2.3987487881086174,all_objects,87,87,0,0,0,0.7875879196412635,0.1609998909704019,0.5046066751762985,1.3765904954394133,0.5851715737948201,0.7669751367159313,1.0486464789406262,all_objects,87,87,0,0,0,-0.5585654920643374,0.672021196730167,-4.11783184265944,0.06228753405915466,-1.632248651174539,-0.36929205502043505,0.0002750591224536369,all_objects,87,87,0,0,0,1.1579373587552668,1.2093134794301839,0.04096463611727993,7.192167333747419,0.1237028901091796,0.7647975258793581,3.381845803393992,all_objects,87,87,0,0,0,0.7017636234329229,0.16846007480552835,0.15427561588996594,0.9403204448236925,0.3521359064755737,0.7461464303878109,0.9198534478884635,all_objects,87,87,0,0,0,0.06305392409795503,0.05651167342872758,0.003530022357208557,0.3560491131014377,0.009349646850253834,0.04747865158321361,0.15649705942751135,all_objects,87,87,0,0,0,0.27167316747981113,0.12264909481629908,0.05318291911518199,0.7037691601135369,0.10732239524303218,0.2529555349098678,0.4801911039561944,all_objects,87,87,0,0,0,0.28022170883193603,0.07969857639891607,0.08658896473228668,0.5497061660919618,0.17209720723695154,0.27225604214379306,0.4245596200029702,all_objects,87,87,0,0,0,0.9716775023173271,0.3242645875894378,0.20986510296147795,1.892372299606695,0.4429287761569845,0.9723263223860069,1.4610610768427872,all_objects,87,87,0,0,0,0.0027754629134727027,0.007602042056519867,1.0130599618055164e-07,0.04091164521514245,2.373956859588818e-07,9.53914274121135e-06,0.022936482796258977,all_objects,87,87,0,0,0,0.011099625634820654,0.030407759887784894,3.178376525718596e-07,0.16364543676463955,8.499887683574221e-07,3.5858040335820284e-05,0.0917440639333101,all_objects,87,87,0,0,0,0.003832772076484873,0.007681491302389966,6.902849757605407e-05,0.03521078541531291,0.0001020400033709002,0.0005201948492955015,0.025015460545630648,all_objects,87,87,0,0,0,0.014958568855100222,0.030663621681886483,0.00018049094387221203,0.1404897351446456,0.0003111910450265457,0.0017342784472421258,0.09954703169345071,all_objects,87,87,0,0,0,0.14381811949499781,0.3676977688168704,1.0513495624309144e-05,1.7159783990960022,2.7351144927934e-05,0.0010310819146752692,1.1673497438594724,all_objects,87,87,0,0,0,0.7892750921972623,0.0814653824728076,0.6030829916048902,0.936939445247969,0.6484192269848513,0.7907497824158154,0.913288212395126,all_objects
dronevehicle,val,base,10,-2,0,2,2.0,2821,192,1,2813,0.9971641261963843,50,47,47,1.0,3,822,0.2913860333215172,804,0.2850053172633818,1751,2821,0.6207018787663949,0.6207018787663949,2821,2821,0,0,0,0.7882638932924441,0.11677199298793181,0.04738693067340519,0.9803443494471289,0.5733863603290845,0.8131556616230103,0.9288164855392349,all_objects,2821,2821,0,0,0,0.8153458489267019,0.11055144074349565,0.04738693067340519,0.978189467180024,0.630683717391497,0.8383413353460206,0.9334703110580667,all_objects,2821,2821,0,0,0,-0.06018679541095295,0.1284288415621471,-0.7376947579615245,0.5438865224838254,-0.2805964269822782,-0.0550627268268753,0.13631535898184577,all_objects,2821,2821,0,0,0,0.7558536262313511,0.3833376921078255,0.22344920549894004,6.8820653957064035,0.4567344122136967,0.6704594706122594,1.2854797848906196,all_objects,2821,2821,0,0,0,0.9170840131017336,0.5228880625571098,0.3896838793484188,7.371838491488958,0.555567763799694,0.7640802826680425,1.8353633334933035,all_objects,2821,2821,0,0,0,0.16123038687038235,0.5337724198346705,-4.629256271705292,6.547789876666959,-0.42513259657186264,0.09249361215112761,1.0311057958167984,all_objects,2821,2821,0,0,0,0.7673055881791931,0.9679645226637293,0.011776474199047484,11.299184006457159,0.12259487113818063,0.48327003600178764,2.3540898955684244,all_objects,2821,2821,0,0,0,0.16991886427581876,0.41404816043950865,-0.8860763346911575,0.9674606465090999,-0.4951973872352556,0.15991571297066212,0.8139207602125601,all_objects,2821,2821,0,0,0,0.009688742246772611,0.023260037626827684,-0.0523683205860349,0.20802936834325497,-0.012154172456090233,0.002895233561927166,0.05251591282243031,all_objects,2821,2821,0,0,0,0.21209529775046584,0.09969087654190026,0.030280054082642196,0.7703811125289479,0.09437673144205766,0.18990944313355226,0.41322279470638523,all_objects,2821,2821,0,0,0,0.14826796237953926,0.08140013869058085,0.01465353509715235,0.5487062953452576,0.046433802528400396,0.13103342270045054,0.3000456478114684,all_objects,2821,2821,0,0,0,1.925455034772491,1.6547163816566883,0.2463502192005264,16.002822624718554,0.5841171359484959,1.3918585023350234,4.97494532609228,all_objects,2821,2821,0,0,0,0.0021213527011243807,0.006748492650518973,1.662696836578127e-08,0.054468007942078275,1.6175043934826255e-07,4.782582244343917e-06,0.01631244844642691,all_objects,2821,2821,0,0,0,0.008481208940573812,0.026991655967203255,3.36480523413775e-08,0.2178667059480312,4.475621358653564e-07,1.6647966046390464e-05,0.06524945113653997,all_objects,2821,2821,0,0,0,0.003007634319817965,0.006663586213287803,2.297825132038924e-05,0.04356670114794781,8.696195940675719e-05,0.0003934203708782366,0.018959033964333124,all_objects,2821,2821,0,0,0,0.011663360035301013,0.026582501720842075,5.9259899387566805e-05,0.17380000175245305,0.00021375026219673044,0.0011706781778896495,0.07541897565577127,all_objects,2821,2821,0,0,0,0.11986284574399036,0.3470705130320202,2.1407482790891663e-06,2.2261854797088176,2.520906258496325e-05,0.0006170878962166171,1.0214171162334935,all_objects,2821,2821,0,0,0,0.7902519918288482,0.11599828629548653,0.04744152890177639,0.9803439862639034,0.5763055705233062,0.8147664153388459,0.9291837525692975,all_objects
dronevehicle,val,n_iou_lt_070,10,-2,0,2,2.0,229,38,1,228,0.9956331877729258,50,47,47,1.0,3,178,0.777292576419214,186,0.8122270742358079,210,229,0.9170305676855895,0.9170305676855895,229,229,0,0,0,0.7072443110073838,0.17043215959289743,0.04738693067340519,0.9492846952827931,0.32145071005676096,0.7439154212121721,0.9134047113686413,all_objects,229,229,0,0,0,0.7093369987996339,0.17105009672890437,0.04738693067340519,0.9706309165509323,0.32145071005676096,0.7439154212121721,0.9134047113686413,all_objects,229,229,0,0,0,0.10969494894418658,0.13975358195386375,-0.611529767479465,0.5438865224838254,-0.09180238662136861,0.11359288913614785,0.33107331540775903,all_objects,229,229,0,0,0,1.4945124963834107,0.9070835221013352,0.5366924000095765,6.8820653957064035,0.7142901269861248,1.2817385013663638,3.1455186655522747,all_objects,229,229,0,0,0,1.110062204721492,0.9017872092611795,0.4555335078254653,7.371838491488958,0.5484309969083502,0.8214701965863038,2.572426035824374,all_objects,229,229,0,0,0,-0.38445029166191824,0.7576741070628437,-4.629256271705292,5.965866641942411,-1.3289193036332314,-0.3643561319544971,0.4290984073562256,all_objects,229,229,0,0,0,0.9399805727896786,1.0437202538625248,0.045117338895493755,11.299184006457159,0.1525500548328145,0.6965639089298605,2.409292838120653,all_objects,229,229,0,0,0,0.5606200995020133,0.3372428859186914,-0.6377619808439088,0.9660119599323672,-0.11293053227164669,0.6577423159932299,0.9035026690733767,all_objects,229,229,0,0,0,0.04942022032884569,0.043708238522783785,-0.03813955609428873,0.20802936834325497,-0.006351595375749271,0.04207629917627613,0.13245079246376135,all_objects,229,229,0,0,0,0.2510159726552667,0.10206678692717527,0.05860163907075996,0.7518474601789067,0.11202761948688959,0.23911204283919926,0.44321989832932424,all_objects,229,229,0,0,0,0.29917544821142666,0.07990702173898351,0.11748534660809072,0.5487062953452576,0.17629290285971208,0.2923887044919115,0.4489423658498955,all_objects,229,229,0,0,0,0.8553402599246989,0.3151374740110445,0.2463502192005264,2.533941263513292,0.4086896000048261,0.8409456195078765,1.3383774077555173,all_objects,229,229,0,0,0,0.002374939610277365,0.006649761159997428,3.492415905689536e-08,0.044016561382542375,2.757999063477728e-07,2.0061193790683008e-05,0.01718010869673748,all_objects,229,229,0,0,0,0.009493223565093384,0.026597814777049214,9.298627543114986e-08,0.17606597745106423,8.158107063569309e-07,7.860878077497876e-05,0.06870105893868014,all_objects,229,229,0,0,0,0.0033916381130885682,0.006449101105550057,4.20789746442198e-05,0.037506179864851635,0.00010631882602376105,0.0007708586019389788,0.016349262447937628,all_objects,229,229,0,0,0,0.01306148286958112,0.025705580263354105,9.876675809261117e-05,0.14984710067395182,0.0002747459385827386,0.002597654026924966,0.06448912693615029,all_objects,229,229,0,0,0,0.15350924919887585,0.3973461697221188,7.729589981408935e-06,1.9896810835860492,4.399374385002375e-05,0.002215644371659664,1.3019253779927105,all_objects,229,229,0,0,0,0.7099612141493445,0.1691923671261082,0.04744152890177639,0.9493196901956829,0.3427225110834722,0.7465777975465839,0.9134460730229976,all_objects
dronevehicle,val,quality_gate070,10,-2,0,2,2.0,47,17,1,47,1.0,47,47,47,1.0,0,47,1.0,46,0.9787234042553191,47,47,1.0,1.0,47,47,0,0,0,0.8250572482340819,0.06528795664095723,0.6436922649706619,0.9334703110580667,0.7079765594046182,0.836493989872056,0.9248711200873019,all_objects,47,47,0,0,0,0.8263163677903202,0.06571793052502355,0.6436922649706619,0.9334703110580667,0.7079765594046182,0.8369576298325239,0.9248711200873019,all_objects,47,47,0,0,0,0.19590576716941924,0.0856841035129453,0.06481961148889726,0.40649276443780713,0.0889285044187732,0.18292021778016,0.3634089925263285,all_objects,47,47,0,0,0,1.3880316664313053,0.3955650273255572,0.7392507661671757,2.677034604882545,0.9177338091907298,1.353883135161063,2.1112088029325635,all_objects,47,47,0,0,0,0.767579372281287,0.18460918414411492,0.4555335078254653,1.3299898862025292,0.539324964062762,0.7223960783070908,1.0966502863717214,all_objects,47,47,0,0,0,-0.6204522941500181,0.40657421425504153,-1.9617150912901162,0.11453285545449199,-1.4573557305833271,-0.5615994583286479,-0.10697383128108251,all_objects,47,47,0,0,0,1.123812079759381,0.7352414040723867,0.2432347023775908,3.452136304887418,0.32056839180405816,0.9542052257824365,2.643981695773209,all_objects,47,47,0,0,0,0.7591923447647445,0.15433413829088896,0.2524546674627099,0.955059792377049,0.3983014377017682,0.8054399689467059,0.9107434388854864,all_objects,47,47,0,0,0,0.07265901647230234,0.04182811384829818,0.010616563708996255,0.20183024168062091,0.0205020848616811,0.06365516627820109,0.1535942667428426,all_objects,47,47,0,0,0,0.293952669388479,0.09094352538829832,0.13889668163316907,0.5312331446570766,0.16551945338175061,0.279325898817964,0.45502799851997683,all_objects,47,47,0,0,0,0.30209528315954254,0.06641035906692824,0.1647885377428922,0.4479153385848374,0.1842626799114659,0.2967767007007212,0.4201407658675155,all_objects,47,47,0,0,0,0.9810458273570216,0.24883209251692,0.5533004588928869,1.799385708961415,0.604392087882907,0.9787906030452225,1.3192903434899947,all_objects,47,47,0,0,0,0.00045994230947217436,0.002066851149976842,3.492415905689536e-08,0.013851578807379422,1.7233417574662835e-07,6.444614263212246e-06,0.001650777449013592,all_objects,47,47,0,0,0,0.0018385923148324752,0.008267098892714266,9.298627543114986e-08,0.055403835556163225,4.2347635401955914e-07,2.5393758989193037e-05,0.0065981413840649865,all_objects,47,47,0,0,0,0.0012344165998336692,0.002542563097684899,4.20789746442198e-05,0.013715902031612987,9.246603805210054e-05,0.00044903892647016764,0.0055736433322882105,all_objects,47,47,0,0,0,0.0046764706170290505,0.010117153013811879,9.876675809261117e-05,0.05450796803945114,0.00020595237593210738,0.0015971130770801097,0.021660451603502034,all_objects,47,47,0,0,0,0.039787751224949375,0.19657267655428712,7.729589981408935e-06,1.3479350416504303,2.5082520295427457e-05,0.0005732950748154053,0.12043719323051205,all_objects,47,47,0,0,0,0.8246994324702629,0.06495583370858207,0.6438232923432002,0.9334384748787343,0.7095858520528032,0.8364948591837822,0.9248768138693896,all_objects
dronevehicle,train,base,11,0,2,2,2.0,15019,992,86,14981,0.9974698714961049,76,87,70,0.8045977011494253,6,3071,0.20447433251215127,3013,0.2006125574272588,8834,15019,0.588188294826553,0.588188294826553,15019,15019,0,0,0,0.8084962475260427,0.105915815921504,0.06461070294565903,0.9853268232996567,0.611388750792997,0.8310012877030021,0.932060634280237,all_objects,15019,15019,0,0,0,0.831661513033972,0.0974039970281251,0.0,0.9919640684252851,0.6773211216738181,0.8501178609612378,0.9353266764066724,all_objects,15019,15019,0,0,0,-0.07749739748316838,0.1119163741534074,-0.895682559182443,0.6977809833850184,-0.27401776043865145,-0.06558605216601188,0.07646612125883946,all_objects,15019,15019,0,0,0,0.6632713244068966,0.26758734747326496,0.10241990049377958,8.35305220031238,0.4356911441378937,0.6311930896258302,0.9624656705975698,all_objects,15019,15019,0,0,0,0.845031710849497,0.4342040058752522,0.2868243704945564,9.40577003400853,0.5402319019459597,0.733414488259034,1.5392725926510507,all_objects,15019,15019,0,0,0,0.18176038644260042,0.4268378801191064,-5.592500842079684,6.767010711129764,-0.17283488731341834,0.0984129237771525,0.845899948354976,all_objects,15019,15019,0,0,0,0.6672985243572195,0.8510500990238772,0.019442788247607957,10.841350400613722,0.10240587274265385,0.4153479921535891,2.1641384518147175,all_objects,15019,15019,0,0,0,0.11011233902559173,0.3952776027111533,-0.9572886863826013,0.9616099407570847,-0.527245631150298,0.10324741035379895,0.7465439856501199,all_objects,15019,15019,0,0,0,0.004861453905638127,0.016181627711136546,-0.0432875509707538,0.3349152341275406,-0.01074727968285114,0.0014106497782568556,0.032001879176602466,all_objects,15019,15019,0,0,0,0.19486891017880328,0.09615197237344478,0.03086644915176281,0.7870716519231861,0.08481882106301347,0.17090385284248893,0.39276192665450965,all_objects,15019,15019,0,0,0,0.12013046074260489,0.06490697003861162,0.005385099180978305,0.5564778656089192,0.040199843519522944,0.10724402260757561,0.24497633871249866,all_objects,15019,15019,0,0,0,2.183193812670683,1.993343272982519,0.12124053815377332,40.98101084026492,0.6200678125026887,1.5675353875119475,5.70868043241514,all_objects,15019,15019,0,0,0,0.0023626485711541623,0.007290969048659432,8.082952158536278e-09,0.05444958653446018,1.837187332720243e-07,4.3753260195467715e-06,0.019417723510484392,all_objects,15019,15019,0,0,0,0.009448004753177277,0.02916273350008611,1.9764032368326587e-08,0.217796895623871,5.536404035616318e-07,1.6080437933577743e-05,0.07764425928982342,all_objects,15019,15019,0,0,0,0.003180105323655889,0.007049443306899733,2.124952226252488e-05,0.04346111763596931,9.052447311636605e-05,0.00038446451455869724,0.020713107819691812,all_objects,15019,15019,0,0,0,0.01240600899089593,0.028134846286774835,4.872436099411946e-05,0.17345693170110354,0.00023788733200874205,0.0012222913652956144,0.08231390508866383,all_objects,15019,15019,0,0,0,0.13277576963548415,0.3761726687508243,1.4778449042296415e-06,2.0556255109958244,2.5624881880048635e-05,0.0005519289034054964,1.193090699711309,all_objects,15019,15019,0,0,0,0.8111056178640029,0.10438260843597134,0.08362736219095197,0.9875887603356602,0.6141248874532425,0.8335735524346992,0.9327811451216439,all_objects
dronevehicle,train,n_iou_lt_070,11,0,2,2,2.0,366,177,30,364,0.994535519125683,76,87,70,0.8045977011494253,6,271,0.7404371584699454,286,0.7814207650273224,330,366,0.9016393442622951,0.9016393442622951,366,366,0,0,0,0.7026735934818389,0.16232959850695597,0.10032207784460698,0.9559685842311199,0.38736645879098236,0.7368456320206679,0.8948759935959235,all_objects,366,366,0,0,0,0.7191462717994817,0.16082884307593656,0.10032207784460698,0.9559685842311199,0.38736645879098236,0.75840825177939,0.8962729968243299,all_objects,366,366,0,0,0,0.10189862044948714,0.15725647835136883,-0.5197342486965497,0.6977809833850184,-0.11241670065988948,0.09634765921279298,0.4055142046708401,all_objects,366,366,0,0,0,1.4789948250896785,1.162597592575813,0.4511581403753854,8.35305220031238,0.6714573288846857,1.12009933850163,3.7049300249625707,all_objects,366,366,0,0,0,1.0967724053808563,1.0573543078554082,0.4181736968698381,9.40577003400853,0.5328020434146024,0.7966530988154633,2.4830252121327905,all_objects,366,366,0,0,0,-0.38222241970882226,0.8027303297034593,-5.592500842079684,3.7292707922028345,-1.7214975741969067,-0.24339071715193394,0.3697142951712842,all_objects,366,366,0,0,0,0.9606291285424309,1.0365320181790598,0.036653121541789985,7.548023211264779,0.10350431423385384,0.6347718769230191,3.107014290164726,all_objects,366,366,0,0,0,0.5436506746592579,0.3498979368709126,-0.6614765210500893,0.9616099407570847,-0.16293387979292,0.654676567858701,0.9113010085440171,all_objects,366,366,0,0,0,0.04727753180666847,0.05114098072165862,-0.03788338904786208,0.3349152341275406,-0.005565060913192642,0.035441587160449026,0.14801916921368302,all_objects,366,366,0,0,0,0.2459545659352468,0.1160571780110438,0.03416013251971879,0.6586097882019921,0.08882213620324107,0.23512611186540386,0.4596717655378759,all_objects,366,366,0,0,0,0.28164394507113644,0.09107254388665229,0.07874551543153165,0.5564778656089192,0.14408113147981821,0.2711801487714192,0.45560411929605804,all_objects,366,366,0,0,0,0.8933320719724593,0.35366395320417415,0.12124053815377332,2.441480850898622,0.3912612820806644,0.886212571101046,1.4603620919674845,all_objects,366,366,0,0,0,0.0037347239145138333,0.008964994040245422,3.138393162051961e-08,0.05263224401049395,4.507870371414348e-07,3.954024850407785e-05,0.02670431372603744,all_objects,366,366,0,0,0,0.014934726409438208,0.03585925765690374,8.443498987282403e-08,0.21052578745093348,1.314027197421839e-06,0.0001574314561809779,0.10681592346494317,all_objects,366,366,0,0,0,0.004892027286656573,0.008192151049621392,4.090423729971216e-05,0.04278050124203041,0.0001394581256305478,0.0010257464225696057,0.02723120825032268,all_objects,366,366,0,0,0,0.019132752633242753,0.0327117995082229,9.658128837645961e-05,0.17057458533363457,0.00038104767367097943,0.0035293454729537397,0.10766719463059145,all_objects,366,366,0,0,0,0.22212786983085991,0.47217432656578184,4.3131053644174244e-06,1.9375061930045945,5.9670511475928834e-05,0.0044662284865353286,1.5369094522736368,all_objects,366,366,0,0,0,0.7068466914777044,0.16042159521182586,0.10035114992323237,0.93634978208988,0.3904744745074806,0.7438009485960123,0.8948159482626024,all_objects
dronevehicle,train,quality_gate070,11,0,2,2,2.0,87,70,14,86,0.9885057471264368,70,87,70,0.8045977011494253,0,79,0.9080459770114943,83,0.9540229885057471,87,87,1.0,1.0,87,87,0,0,0,0.7651126527532249,0.08955229550645283,0.5149041849491094,0.9559685842311199,0.5791312103340465,0.7700893750065967,0.8953719675890283,all_objects,87,87,0,0,0,0.7683015027750774,0.08817407489873307,0.5149041849491094,0.9559685842311199,0.6130165499320381,0.7711863791321606,0.8953719675890283,all_objects,87,87,0,0,0,0.12953307999179664,0.1090732804259189,-0.10030775002488768,0.5635968691328013,-0.021149537278618635,0.12014300766342101,0.3056281707093801,all_objects,87,87,0,0,0,1.3461534117056007,0.6485678792420372,0.6274650772553702,4.622438517835739,0.7912989290697857,1.183739788792491,2.3987487881086174,all_objects,87,87,0,0,0,0.7910593274592629,0.1442329576803912,0.5850080930900091,1.3164178160486513,0.6028032041632974,0.7646933977409656,1.0822705450635126,all_objects,87,87,0,0,0,-0.5550940842463378,0.6607051275529467,-4.031705111389879,0.10830089880351779,-1.5690596306740845,-0.36475857449697235,-0.01758595870361779,all_objects,87,87,0,0,0,1.0680133931966989,1.1096575549722145,0.04728921217109548,5.838073330828829,0.13053899524091003,0.6962492713739915,3.117005022165849,all_objects,87,87,0,0,0,0.6964110597094739,0.1696278543916022,0.21616345556803926,0.9444333639873218,0.3908375940215076,0.740018216816436,0.907709747183149,all_objects,87,87,0,0,0,0.060763311913796955,0.05505002809168909,0.004662847953437583,0.3349152341275406,0.00944694197741603,0.04348139955799202,0.1577934640473882,all_objects,87,87,0,0,0,0.2615861774384572,0.12278036352334769,0.07758391015335951,0.6586097882019921,0.10707716191462828,0.23623073248854734,0.4825279100935254,all_objects,87,87,0,0,0,0.28022170883193603,0.07969857639891607,0.08658896473228668,0.5497061660919618,0.17209720723695154,0.27225604214379306,0.4245596200029702,all_objects,87,87,0,0,0,0.9263467685010437,0.3109853457504605,0.3297549855735203,1.6914328225247253,0.4523485864927522,0.9509789834771784,1.4134062964260319,all_objects,87,87,0,0,0,0.003130347257742394,0.008364120151691488,6.719691522997265e-08,0.05263224401049395,1.5145195538894283e-07,1.811455791446686e-05,0.021324928523083556,all_objects,87,87,0,0,0,0.012518840087059783,0.033456546807838744,1.3820210721355376e-07,0.21052578745093348,4.902574633346333e-07,7.176963023989606e-05,0.0852961893974714,all_objects,87,87,0,0,0,0.004538849765873195,0.008051550478917844,5.9439832540761115e-05,0.04278050124203041,8.684222806066888e-05,0.0007143319495395206,0.02403615764786463,all_objects,87,87,0,0,0,0.017795564151702654,0.032161250617793125,0.00011911110959006992,0.17057458533363457,0.00023123243129441874,0.0025894868083415385,0.09558904886874714,all_objects,87,87,0,0,0,0.17030068876497176,0.3946996508414373,1.1487374138141604e-05,1.9375061930045945,2.042833782240905e-05,0.0016388554380739606,1.1667757906920542,all_objects,87,87,0,0,0,0.7692962615609371,0.0829846748016204,0.5210902065332886,0.9233792942457415,0.6121017336708395,0.7753691321132852,0.8953729308585231,all_objects
dronevehicle,val,base,11,0,2,2,2.0,2821,192,1,2819,0.999291031549096,46,47,44,0.9361702127659575,2,834,0.2956398440269408,806,0.2857142857142857,1779,2821,0.63062743707905,0.63062743707905,2821,2821,0,0,0,0.7979536012911894,0.11259247228773947,0.06655527962411101,0.9867934151370797,0.5888524732220959,0.8219531941116169,0.9274513182136693,all_objects,2821,2821,0,0,0,0.8146056392581729,0.11356307091745815,0.009019468756805083,0.9867934151370797,0.6152342462389446,0.8401506774900439,0.9313813503536764,all_objects,2821,2821,0,0,0,-0.050497087412207625,0.12143928376502734,-0.8064150614598826,0.6143826760989719,-0.2397587367321231,-0.04838552723825962,0.14240332293147012,all_objects,2821,2821,0,0,0,0.7558536262313511,0.3833376921078255,0.22344920549894004,6.8820653957064035,0.4567344122136967,0.6704594706122594,1.2854797848906196,all_objects,2821,2821,0,0,0,0.8806509777562596,0.46500429669180554,0.3725925450541534,6.954040095721756,0.5533764131581,0.7543958486910114,1.5977507242780011,all_objects,2821,2821,0,0,0,0.12479735152490837,0.47848338366862997,-4.666390942051613,6.354136288357982,-0.44370813824089805,0.08791935499351311,0.862866909930782,all_objects,2821,2821,0,0,0,0.7264832774579113,0.899810534411249,0.02208826862449543,11.277475368890018,0.11356110335859998,0.4693838281062498,2.124633811970523,all_objects,2821,2821,0,0,0,0.17412175998116672,0.4151414124391162,-0.8300199568713824,0.9551608167188607,-0.4932217559814249,0.17167793487787336,0.8232813160790611,all_objects,2821,2821,0,0,0,0.010277867999383518,0.02416596615157672,-0.04765605049144006,0.2209376931675989,-0.011536115261260287,0.00282275631243604,0.05792991376556937,all_objects,2821,2821,0,0,0,0.20604033865292432,0.0955417007829839,0.03847398853398443,0.7739842612762415,0.09013219274656621,0.1847150866205096,0.39416243627894343,all_objects,2821,2821,0,0,0,0.14826796237953926,0.08140013869058085,0.01465353509715235,0.5487062953452576,0.046433802528400396,0.13103342270045054,0.3000456478114684,all_objects,2821,2821,0,0,0,1.8470393978682655,1.5473507275523373,0.22684791526677303,20.50820492457667,0.5464722102958033,1.3775661858614436,4.52850247663277,all_objects,2821,2821,0,0,0,0.002010850193268853,0.006574872879957362,8.640975877242637e-09,0.049816664277179776,1.873114310077171e-07,4.330032539677752e-06,0.015662365625580325,all_objects,2821,2821,0,0,0,0.008040709312636727,0.026298603252664435,3.3876776408535155e-08,0.19926617682692221,5.581523404687619e-07,1.5507480011988524e-05,0.06264896500149694,all_objects,2821,2821,0,0,0,0.002864264871254831,0.006447557515882032,1.7830893862096012e-05,0.040843304173122104,9.279856948358682e-05,0.0003777592395748084,0.017619434744942482,all_objects,2821,2821,0,0,0,0.011132450289379961,0.025726922016777825,5.7431976311706664e-05,0.16314680812550117,0.00024067154487740041,0.001184015761643689,0.07011618726635321,all_objects,2821,2821,0,0,0,0.1167063389578281,0.34655683015632166,3.5897945735996473e-06,1.9684075201631686,2.8082697951958835e-05,0.0005592899985913391,1.0266683528005416,all_objects,2821,2821,0,0,0,0.8001745067201772,0.11115702869982565,0.06654984184027514,0.9867921404780889,0.5935331371263857,0.8245129968722384,0.927397115743678,all_objects
dronevehicle,val,n_iou_lt_070,11,0,2,2,2.0,229,38,1,229,1.0,46,47,44,0.9361702127659575,2,176,0.7685589519650655,182,0.7947598253275109,207,229,0.9039301310043668,0.9039301310043668,229,229,0,0,0,0.7061334770000542,0.17375253950586045,0.06655527962411101,0.9708149608824246,0.32474444912080147,0.752846988973336,0.9109389060958334,all_objects,229,229,0,0,0,0.7081520637181654,0.17448267080307198,0.06655527962411101,0.9708149608824246,0.32474444912080147,0.752846988973336,0.9109389060958334,all_objects,229,229,0,0,0,0.1085841149368571,0.14597883382921462,-0.5923614185287591,0.6143826760989719,-0.1120465769902809,0.11993048550116003,0.3355830564406013,all_objects,229,229,0,0,0,1.4945124963834107,0.9070835221013352,0.5366924000095765,6.8820653957064035,0.7142901269861248,1.2817385013663638,3.1455186655522747,all_objects,229,229,0,0,0,1.097667702699092,0.8618536912707155,0.43307442897286463,6.954040095721756,0.5631302441941411,0.8203362493472156,2.2823949561424492,all_objects,229,229,0,0,0,-0.3968447936843185,0.742312376444366,-4.666390942051613,5.548068246175209,-1.35420718428473,-0.3463463473483068,0.423964457597766,all_objects,229,229,0,0,0,1.0387388806854159,1.0570946021968242,0.04588007885192276,10.26792142975523,0.14079805110785656,0.777090454621939,2.6085764953260324,all_objects,229,229,0,0,0,0.5571916519335414,0.3467152046427815,-0.6343975449559276,0.9551608167188607,-0.11373956429798969,0.680104232010139,0.8944426941762,all_objects,229,229,0,0,0,0.05216831199823897,0.04592487521485822,-0.019056462079361222,0.2209376931675989,-0.004155519860049736,0.04496322832134458,0.13645176850091625,all_objects,229,229,0,0,0,0.26207085158590715,0.10850741410398962,0.04926122510546238,0.7328017332510013,0.0986735354551066,0.2536704877289863,0.44948297339249393,all_objects,229,229,0,0,0,0.29917544821142666,0.07990702173898351,0.11748534660809072,0.5487062953452576,0.17629290285971208,0.2923887044919115,0.4489423658498955,all_objects,229,229,0,0,0,0.8960553715769095,0.34524520861667585,0.2637211077112047,2.4697517092322387,0.3947302962000533,0.8849324281611102,1.43288897879714,all_objects,229,229,0,0,0,0.003100506373358621,0.007663339517848508,6.750107270218303e-08,0.041650106968629606,2.6034003635084416e-07,3.4924625196283686e-05,0.022669502093570198,all_objects,229,229,0,0,0,0.012397200091560912,0.030650938833223965,1.8744454950766075e-07,0.1665972609068453,8.853835501185354e-07,0.00013926453891831408,0.09066114981826452,all_objects,229,229,0,0,0,0.004227307345740234,0.007064609150996263,5.951756526730826e-05,0.03518180491507421,0.0001112242753839913,0.0009170424948897583,0.02146862522105821,all_objects,229,229,0,0,0,0.01647260082695193,0.028125944717818454,0.000142726945960457,0.14017671900608422,0.00031501431615348514,0.003317364955959158,0.08547235869304248,all_objects,229,229,0,0,0,0.1931805222315103,0.4383885782997508,8.759193747209792e-06,1.9433886700950893,3.3857202947729095e-05,0.003977498213728836,1.4522466360272999,all_objects,229,229,0,0,0,0.7099437341620134,0.17256375756162942,0.06654984184027514,0.9708150198192376,0.3379476382239568,0.7570613168411066,0.9115728698334548,all_objects
dronevehicle,val,quality_gate070,11,0,2,2,2.0,47,17,1,47,1.0,44,47,44,0.9361702127659575,0,47,1.0,46,0.9787234042553191,47,47,1.0,1.0,47,47,0,0,0,0.8193072053975972,0.07506109649706116,0.6247727843208075,0.9708149608824246,0.6732576635073738,0.8268989363707764,0.9207564571795028,all_objects,47,47,0,0,0,0.8199069180100491,0.07482805340535606,0.6247727843208075,0.9708149608824246,0.6732576635073738,0.8268989363707764,0.9207564571795028,all_objects,47,47,0,0,0,0.19015572433293448,0.09199941947460206,0.010885892557538912,0.44503060213326384,0.04926332217435503,0.18785545810935755,0.33847545366475523,all_objects,47,47,0,0,0,1.3880316664313053,0.3955650273255572,0.7392507661671757,2.677034604882545,0.9177338091907298,1.353883135161063,2.1112088029325635,all_objects,47,47,0,0,0,0.7780721380658511,0.19330981310938458,0.482090030583165,1.3902877362994677,0.5165496007972584,0.7289553311553327,1.1401012449649923,all_objects,47,47,0,0,0,-0.609959528365454,0.41144696537050457,-2.0079055727392037,0.056708998266947974,-1.4946658695345272,-0.525127232834514,-0.07095183057035959,all_objects,47,47,0,0,0,1.24088840179393,0.8480586818201414,0.08125590142680948,3.7638373303712824,0.24583977349151753,0.9182935525995582,2.877216708697635,all_objects,47,47,0,0,0,0.7485641793931133,0.17351251534013093,0.17167793487787336,0.9551608167188607,0.3274168707406401,0.819322252073961,0.8863571885821513,all_objects,47,47,0,0,0,0.07626965695745073,0.04586133932988729,0.003425089312740901,0.20763131517147224,0.013995127636510325,0.06931340395104679,0.17216523614313103,all_objects,47,47,0,0,0,0.305335485935236,0.10223860658129483,0.07253559129857366,0.5277766553268722,0.13076804693751276,0.2928361115871574,0.5011235512501916,all_objects,47,47,0,0,0,0.30209528315954254,0.06641035906692824,0.1647885377428922,0.4479153385848374,0.1842626799114659,0.2967767007007212,0.4201407658675155,all_objects,47,47,0,0,0,1.0214375990649163,0.28669055925570586,0.2637211077112047,1.5153149161323278,0.48133106306248863,1.0924001296266357,1.4364572242925664,all_objects,47,47,0,0,0,0.0017498072876989655,0.005655399792516041,6.750107270218303e-08,0.03129961729769035,1.3009752094854094e-07,2.1133980480515323e-06,0.013842011209227758,all_objects,47,47,0,0,0,0.006997390402045653,0.022621053393798277,1.8744454950766075e-07,0.1251980228572172,3.694430761200087e-07,8.234217673754414e-06,0.055366760562590274,all_objects,47,47,0,0,0,0.0025704603906531874,0.006200482552595712,5.951756526730826e-05,0.030826167965159246,8.294853905828364e-05,0.0002675822995497276,0.01611626238930397,all_objects,47,47,0,0,0,0.010033745294913852,0.024736055724843033,0.000142726945960457,0.12308334417119604,0.00019880834347404033,0.0009435188679518331,0.06418549277312476,all_objects,47,47,0,0,0,0.10404813997878799,0.3228021453414612,8.759193747209792e-06,1.4828313378875606,2.2973412089299928e-05,0.00020134904059432301,0.7686185594124919,all_objects,47,47,0,0,0,0.8227223474254507,0.07421307763802198,0.6320697793155772,0.9708150198192376,0.6733166320032262,0.8290719239437921,0.9207572296001361,all_objects
dronevehicle,train,base,12,0,-2,2,2.0,15019,992,86,14981,0.9974698714961049,89,87,79,0.9080459770114943,10,2882,0.1918902723217258,2944,0.19601837672281777,8813,15019,0.5867900659165057,0.5867900659165057,15019,15019,0,0,0,0.7971110797358459,0.1132837828045106,0.05433708951988825,0.9898194385846025,0.5767616137703684,0.8244551264838279,0.929481512234917,all_objects,15019,15019,0,0,0,0.8347627136850782,0.09334485644815001,0.0,0.9898194385846025,0.6884943484246802,0.8520851699991805,0.9358778499985013,all_objects,15019,15019,0,0,0,-0.08888256527336506,0.12031099441153632,-0.8713356640353126,0.7020243419703047,-0.3074216722700668,-0.0735249308435052,0.07599113777720236,all_objects,15019,15019,0,0,0,0.6632713244068966,0.26758734747326496,0.10241990049377958,8.35305220031238,0.4356911441378937,0.6311930896258302,0.9624656705975698,all_objects,15019,15019,0,0,0,0.8829829789920708,0.4835327772692432,0.2770074099700189,9.251755455916333,0.5389195679987577,0.7397937861436049,1.7577162592504798,all_objects,15019,15019,0,0,0,0.21971165458517414,0.4771468665010853,-5.876873029398482,6.894079595878831,-0.17499434355262145,0.106598005575952,1.0812040278849029,all_objects,15019,15019,0,0,0,0.7510664367872997,0.9263042668670596,0.01806956263541817,11.901866327083228,0.10963799989748649,0.4457125470107176,2.488894337075056,all_objects,15019,15019,0,0,0,0.11081004536690091,0.3953004336180689,-0.9569713408472549,0.9711584476548629,-0.5263021823235959,0.10128605032142748,0.7486874856282943,all_objects,15019,15019,0,0,0,0.004973922323263364,0.016926687474764664,-0.05111341344012872,0.34336736568834847,-0.01163407978345133,0.0014170085577235464,0.033346565687560586,all_objects,15019,15019,0,0,0,0.2057453796829151,0.10292811866406537,0.02894061933271104,0.827908578244298,0.08754840003493691,0.1783229451142202,0.41861753857138123,all_objects,15019,15019,0,0,0,0.12013046074260489,0.06490697003861162,0.005385099180978305,0.5564778656089192,0.040199843519522944,0.10724402260757561,0.24497633871249866,all_objects,15019,15019,0,0,0,2.3002812691811356,2.099602977451305,0.1997446081743327,43.562825245821884,0.641338952249158,1.638771743402176,6.007242343543656,all_objects,15019,15019,0,0,0,0.0029041789775267413,0.008060951352064324,1.0927542609873014e-08,0.05521912157245227,1.5484839020654917e-07,4.656804296779012e-06,0.02301286693554028,all_objects,15019,15019,0,0,0,0.011614097483898769,0.03224208431328564,2.8063128944076882e-08,0.2208686506601385,4.284624793159633e-07,1.705439550839546e-05,0.09203175521449362,all_objects,15019,15019,0,0,0,0.003750218796316411,0.007569023307192932,2.5042744704465e-05,0.04272958858181372,8.650362105729204e-05,0.00038924413012429607,0.023446552888544615,all_objects,15019,15019,0,0,0,0.014672554261997527,0.030200238185057016,5.734380400428281e-05,0.1701182167894611,0.00021203337842038556,0.001220021671727604,0.09319820933418636,all_objects,15019,15019,0,0,0,0.16103522925074507,0.4092064773093995,1.6679185534940189e-06,2.004893128741628,2.247064850280367e-05,0.0005733213343717125,1.345295851341663,all_objects,15019,15019,0,0,0,0.8003219419200971,0.1112644751966235,0.09708062552016516,0.9897618896213561,0.5820174198623911,0.8268995676264834,0.9299210826522638,all_objects
dronevehicle,train,n_iou_lt_070,12,0,-2,2,2.0,366,177,30,365,0.9972677595628415,89,87,79,0.9080459770114943,10,290,0.7923497267759563,286,0.7814207650273224,338,366,0.9234972677595629,0.9234972677595629,366,366,0,0,0,0.7102668115069193,0.17070960020924839,0.05433708951988825,0.9469660580625819,0.30623972762916374,0.7458677786988346,0.9010286575706268,all_objects,366,366,0,0,0,0.7355848879191785,0.1658842795445495,0.05433708951988825,0.9469660580625819,0.31984421596142787,0.7709879022731287,0.9015097939878558,all_objects,366,366,0,0,0,0.10949183847456763,0.15735269991368703,-0.5494625006604611,0.7020243419703047,-0.13381945340090207,0.11507970416545321,0.3518656018868265,all_objects,366,366,0,0,0,1.4789948250896785,1.162597592575813,0.4511581403753854,8.35305220031238,0.6714573288846857,1.12009933850163,3.7049300249625707,all_objects,366,366,0,0,0,1.1034901344402621,1.0670403932309054,0.4126055402855361,9.251755455916333,0.5415965724238422,0.7826639971339783,2.8139315312102484,all_objects,366,366,0,0,0,-0.3755046906494164,0.827440958226085,-5.876873029398482,3.11518800634682,-1.7401299621475375,-0.2594994781251358,0.681989487988613,all_objects,366,366,0,0,0,1.0684120131430246,1.1058378415927956,0.04906809656757727,6.856628461422045,0.12135641178569093,0.7608379313664562,3.393865277450776,all_objects,366,366,0,0,0,0.5609606711661376,0.3457700179131181,-0.627516634904732,0.9711584476548629,-0.13050228462911587,0.6868855919510379,0.9120813721283861,all_objects,366,366,0,0,0,0.05039737505328509,0.052196977888976565,-0.045120188829859215,0.34336736568834847,-0.00417041324579069,0.03875266160642943,0.1511331282917378,all_objects,366,366,0,0,0,0.2611579453547443,0.11650681364238204,0.06367597744060519,0.6825922210344423,0.09950812470461198,0.2531109012310324,0.4719540688751747,all_objects,366,366,0,0,0,0.28164394507113644,0.09107254388665229,0.07874551543153165,0.5564778656089192,0.14408113147981821,0.2711801487714192,0.45560411929605804,all_objects,366,366,0,0,0,0.948915310103417,0.3556231549722592,0.1997446081743327,3.198318972291602,0.41924119261812187,0.9309374711760146,1.5449541855891098,all_objects,366,366,0,0,0,0.005086575736946727,0.010117036184409248,7.522354627251835e-08,0.05521912157245227,3.5391316642307805e-07,8.83330193764379e-05,0.027071346546058295,all_objects,366,366,0,0,0,0.02034039640140457,0.04046578345284876,2.469792341986663e-07,0.2208686506601385,1.024316292078998e-06,0.00035263685093448523,0.10828256210063086,all_objects,366,366,0,0,0,0.00612157124741225,0.008940841182972425,6.037615815082817e-05,0.04272958858181372,0.00013191850239164642,0.0013180877478892478,0.02641865789558623,all_objects,366,366,0,0,0,0.02402266278955053,0.03567675232573034,0.00016432790256124818,0.1701182167894611,0.0003283577660376873,0.004790055586421701,0.10519814810678027,all_objects,366,366,0,0,0,0.300276844593649,0.5426916334237866,6.683296362552937e-06,1.9736737078115283,5.347437706149094e-05,0.009809324369626893,1.710983685833412,all_objects,366,366,0,0,0,0.7142119177898377,0.16794295625691918,0.09708062552016516,0.9469664014780262,0.31932503718568933,0.7479321532216278,0.901223149885684,all_objects
dronevehicle,train,quality_gate070,12,0,-2,2,2.0,87,70,14,87,1.0,79,87,79,0.9080459770114943,0,86,0.9885057471264368,86,0.9885057471264368,87,87,1.0,1.0,87,87,0,0,0,0.8038765922376347,0.08021659026328096,0.5735111595167778,0.9469660580625819,0.6661829145063057,0.8172324143093688,0.9094046622993652,all_objects,87,87,0,0,0,0.8057377816854597,0.07834675211880815,0.624596157479782,0.9469660580625819,0.6661829145063057,0.8177403620998921,0.9075589874282255,all_objects,87,87,0,0,0,0.16829701947620676,0.10127449890530506,-0.005951156543943736,0.5851568816655988,0.022325571462335922,0.16274588205920615,0.3433316361188661,all_objects,87,87,0,0,0,1.3461534117056007,0.6485678792420372,0.6274650772553702,4.622438517835739,0.7912989290697857,1.183739788792491,2.3987487881086174,all_objects,87,87,0,0,0,0.7467082549237505,0.13762871600048585,0.5455172111578546,1.346382157909725,0.588478063582261,0.7187525075295536,0.9728031336596706,all_objects,87,87,0,0,0,-0.5994451567818505,0.657873393991833,-4.0475116635112425,0.023097462065482244,-1.613726051755431,-0.41433297192967145,-0.046257028680247864,all_objects,87,87,0,0,0,1.2206560646272921,1.247239561969369,0.04906809656757727,6.856628461422045,0.16024618213291775,0.9030116272735877,3.6376752035292,all_objects,87,87,0,0,0,0.7367554510413561,0.15187841125471166,0.1984478952806104,0.9418700922029694,0.4207045813948332,0.7729017634659773,0.9146910965413613,all_objects,87,87,0,0,0,0.06727563945523612,0.05653853438104823,0.003867991556332291,0.34336736568834847,0.011871943616802851,0.0526837775415987,0.16310669297588945,all_objects,87,87,0,0,0,0.28027488984088894,0.12305954039093252,0.06367597744060519,0.6825922210344423,0.11368025891051882,0.2749536279601225,0.49364907684573994,all_objects,87,87,0,0,0,0.28022170883193603,0.07969857639891607,0.08658896473228668,0.5497061660919618,0.17209720723695154,0.27225604214379306,0.4245596200029702,all_objects,87,87,0,0,0,0.9932504030147705,0.3002181751603455,0.3699046379694652,1.5940498481824328,0.5407815877659947,0.9807518466330772,1.5163739029065677,all_objects,87,87,0,0,0,0.0026806675234757552,0.007025126092193935,1.0129120474270067e-07,0.0416168424204311,1.9940474542241745e-07,1.5716388086881617e-05,0.020305304905387872,all_objects,87,87,0,0,0,0.010720808224896431,0.028099938074588375,2.8175004718863413e-07,0.1664663800346579,6.641265936235107e-07,6.141398786014482e-05,0.08121913246711045,all_objects,87,87,0,0,0,0.003889329591216724,0.007183464261764928,7.135357191317352e-05,0.03588261228407783,9.312923688886169e-05,0.0006458944493399507,0.020765624382273216,all_objects,87,87,0,0,0,0.015203375808365473,0.028664773177830297,0.00017006969648158292,0.1432036900576539,0.00026264696352773194,0.0021776589376442347,0.0825597934120193,all_objects,87,87,0,0,0,0.1528079279009379,0.3924596649086807,1.1427608569647418e-05,1.8679132397960245,2.6221290349326408e-05,0.0017513950107854726,1.0143309516437242,all_objects,87,87,0,0,0,0.8053134737327151,0.07828653504949286,0.5799307765601996,0.9469664014780262,0.6738730028056839,0.8177370777046004,0.909405024300092,all_objects
dronevehicle,val,base,12,0,-2,2,2.0,2821,192,1,2817,0.9985820630981921,50,47,47,1.0,3,775,0.27472527472527475,807,0.2860687699397377,1743,2821,0.6178660049627791,0.6178660049627791,2821,2821,0,0,0,0.7775498942715022,0.11968982094535306,0.03452487672154988,0.9850436702148644,0.5438652976669015,0.8054229971222009,0.9198506527496175,all_objects,2821,2821,0,0,0,0.8134674339791156,0.11020252679309087,0.03452487672154988,0.9850436702148644,0.6212473064279612,0.8367040378072956,0.9305054077310332,all_objects,2821,2821,0,0,0,-0.07090079443189484,0.1356072918585237,-0.7281874132340905,0.566803120715905,-0.30801383475432687,-0.06233972955027378,0.13704623772163904,all_objects,2821,2821,0,0,0,0.7558536262313511,0.3833376921078255,0.22344920549894004,6.8820653957064035,0.4567344122136967,0.6704594706122594,1.2854797848906196,all_objects,2821,2821,0,0,0,0.9364615729129971,0.5375559873867952,0.3871434068087633,7.7193332091046,0.5593006365851594,0.7759285973722239,1.8774452205761039,all_objects,2821,2821,0,0,0,0.18060794668164595,0.5491884605492382,-4.5987461864791435,7.128492887943159,-0.4466845733008623,0.10122548904829387,1.121899741226504,all_objects,2821,2821,0,0,0,0.8379634493518904,1.0018270546094097,0.029963761815580726,12.133251477816149,0.12569786225411378,0.5278939320603229,2.481096234057269,all_objects,2821,2821,0,0,0,0.16269140479222885,0.417964553540975,-0.8088531553344542,0.9668417092539673,-0.4937674798818184,0.145312513438301,0.8109407587083426,all_objects,2821,2821,0,0,0,0.00983129640549702,0.023636033844010543,-0.05909639561551591,0.20337399267759185,-0.013083189891303361,0.002630803365933774,0.055763716271457625,all_objects,2821,2821,0,0,0,0.22059340877051634,0.10134861939452315,0.032447981156123816,0.7989317793320446,0.09636594245930967,0.19771651457095535,0.4211149013348809,all_objects,2821,2821,0,0,0,0.14826796237953926,0.08140013869058085,0.01465353509715235,0.5487062953452576,0.046433802528400396,0.13103342270045054,0.3000456478114684,all_objects,2821,2821,0,0,0,2.0159021988865113,1.7449652856107454,0.19843784207088125,21.5509367361856,0.6035326577717988,1.4343400006375433,5.160609466043508,all_objects,2821,2821,0,0,0,0.0029729886665103796,0.0078986286816465,1.7700300704765064e-08,0.05266584183112491,1.6414898205254697e-07,5.647979830569268e-06,0.02254311897201823,all_objects,2821,2821,0,0,0,0.01188824229846421,0.031589954073436885,3.590020823234533e-08,0.2106629569753788,4.5113367883503604e-07,2.0214637596647063e-05,0.09017071540264299,all_objects,2821,2821,0,0,0,0.003833111365343229,0.007490901444445098,3.1978792065324086e-05,0.042028192908585865,8.781853440212142e-05,0.0004232784982183753,0.023067787733360965,all_objects,2821,2821,0,0,0,0.014987112435558262,0.0298624812854604,6.405640049928479e-05,0.1678980068712844,0.00021902405089106316,0.001341781951053907,0.09179596438660192,all_objects,2821,2821,0,0,0,0.16848195738431496,0.41129110387012346,3.0408825182348664e-06,2.028244582288835,2.2963267838349566e-05,0.0006581057022003733,1.3616568549606995,all_objects,2821,2821,0,0,0,0.7808738548334544,0.1176605554838475,0.04949900243653347,0.9850334630492101,0.549576835700172,0.8082774744928944,0.9207497084896221,all_objects
dronevehicle,val,n_iou_lt_070,12,0,-2,2,2.0,229,38,1,229,1.0,50,47,47,1.0,3,186,0.8122270742358079,187,0.8165938864628821,211,229,0.9213973799126638,0.9213973799126638,229,229,0,0,0,0.7063640544628907,0.1693120422825005,0.03854121536104611,0.932956305817304,0.3690412504476058,0.7487845675139108,0.8889746092307809,all_objects,229,229,0,0,0,0.7100263704214367,0.17059524316733876,0.03854121536104611,0.9511203521464773,0.3690412504476058,0.7502757583565287,0.9014137745440126,all_objects,229,229,0,0,0,0.10881469239969341,0.13663520014831237,-0.620375482791824,0.566803120715905,-0.10305901616819847,0.1177829613331316,0.3139794341160018,all_objects,229,229,0,0,0,1.4945124963834107,0.9070835221013352,0.5366924000095765,6.8820653957064035,0.7142901269861248,1.2817385013663638,3.1455186655522747,all_objects,229,229,0,0,0,1.1002755611803192,0.9405589151874358,0.44067498154386425,7.319966102042071,0.5659301233042344,0.8222813189596881,2.677317474886062,all_objects,229,229,0,0,0,-0.3942369352030913,0.761327138281494,-4.5987461864791435,5.913994252495524,-1.3671077506787999,-0.36368565191877433,0.30482251601286625,all_objects,229,229,0,0,0,0.9651644699703764,1.0363024668402196,0.03724372052183204,11.225058210476503,0.14985877531809536,0.7366501057670232,2.347280992142558,all_objects,229,229,0,0,0,0.5742230802018155,0.31491993335294577,-0.5711497847859339,0.9531691250969422,-0.10320737986385294,0.6808624264596428,0.8991203057100957,all_objects,229,229,0,0,0,0.050755978512513865,0.04246113474447833,-0.02017214689231358,0.20337399267759185,-0.00543351316249593,0.042265831437016135,0.1326415006443271,all_objects,229,229,0,0,0,0.2556821945653807,0.10177969459776537,0.05809908109434561,0.7554640972353786,0.11191137250948266,0.24846257140245562,0.43944102791389933,all_objects,229,229,0,0,0,0.29917544821142666,0.07990702173898351,0.11748534660809072,0.5487062953452576,0.17629290285971208,0.2923887044919115,0.4489423658498955,all_objects,229,229,0,0,0,0.8771673126239259,0.33012462486585564,0.21132994382812526,2.546130366167658,0.41551141309501916,0.853109934505119,1.3591844221561054,all_objects,229,229,0,0,0,0.003921189280189089,0.008111626220229587,7.318608848679367e-08,0.041339630820350845,2.744987015383966e-07,4.788582458482082e-05,0.022147820344214718,all_objects,229,229,0,0,0,0.01568046875200168,0.03244507791966651,1.586849651795291e-07,0.16535067519400778,9.224672139241511e-07,0.00018847087005702002,0.08858287922692722,all_objects,229,229,0,0,0,0.005052451617830448,0.007549249417065038,6.173283409267389e-05,0.03365766650341343,0.00011557575824096042,0.001082304369887637,0.02110091337702175,all_objects,229,229,0,0,0,0.0197659505223481,0.030091578790200982,0.00012809260296294805,0.13361999670555358,0.0003195627171526978,0.0037793368532878426,0.0832566937624267,all_objects,229,229,0,0,0,0.25247880382422777,0.4709060301997883,1.4006750802764145e-05,1.880766706675729,2.8632421299334963e-05,0.005001556674187668,1.4262457132781035,all_objects,229,229,0,0,0,0.711095831858872,0.1687251644376116,0.04949900243653347,0.9333943490012799,0.36878976057491497,0.7545003794324397,0.8912703910698433,all_objects
dronevehicle,val,quality_gate070,12,0,-2,2,2.0,47,17,1,47,1.0,47,47,47,1.0,0,47,1.0,46,0.9787234042553191,47,47,1.0,1.0,47,47,0,0,0,0.8132294810615549,0.06588936758275724,0.641369727534501,0.9294872745321443,0.7178238598395381,0.8248243206496236,0.9082641200241195,all_objects,47,47,0,0,0,0.8150122232514689,0.06234886479030028,0.641369727534501,0.9294872745321443,0.7201288729744632,0.8248243206496236,0.9082641200241195,all_objects,47,47,0,0,0,0.18407799999689234,0.07323503587161537,0.06169995917934257,0.395368729889073,0.06584828393885793,0.1767267624838038,0.3067908291245289,all_objects,47,47,0,0,0,1.3880316664313053,0.3955650273255572,0.7392507661671757,2.677034604882545,0.9177338091907298,1.353883135161063,2.1112088029325635,all_objects,47,47,0,0,0,0.7538151381629913,0.1554575315836677,0.4575299838294731,1.2407522565815883,0.548968177966725,0.740306724470158,1.0319029537099513,all_objects,47,47,0,0,0,-0.6342165282683138,0.393392764552753,-1.9162842733387484,0.10622077366722182,-1.4526366631386283,-0.5411241815167754,-0.2273226600395645,all_objects,47,47,0,0,0,1.1974169473992455,0.6728146484899233,0.3154838681899574,3.1172437992550526,0.3926650698923601,1.046380143317715,2.347400369570659,all_objects,47,47,0,0,0,0.7553203249187808,0.13006733356031966,0.33192101492045795,0.9431014839207644,0.4702543374571512,0.7822662886871733,0.915130700350111,all_objects,47,47,0,0,0,0.07526834104087275,0.04114582891951176,0.012642317084227233,0.17934415596064074,0.022807009838041407,0.07029549027575015,0.16208925992393167,all_objects,47,47,0,0,0,0.3051419388092029,0.0836288170302952,0.13242696487629785,0.4774571674906592,0.17611096775735088,0.2993851915982324,0.4600797557500022,all_objects,47,47,0,0,0,0.30209528315954254,0.06641035906692824,0.1647885377428922,0.4479153385848374,0.1842626799114659,0.2967767007007212,0.4201407658675155,all_objects,47,47,0,0,0,1.0242774618169308,0.23806652929115105,0.4604271470526026,1.8167840779395819,0.629799175787976,1.0223647883987743,1.3291439192739023,all_objects,47,47,0,0,0,0.002036041738367891,0.005171419923472118,7.318608848679367e-08,0.025577076810806596,1.39621589592578e-07,2.1135774046250923e-06,0.014033771437310686,all_objects,47,47,0,0,0,0.008142705059706285,0.020685185370718655,1.586849651795291e-07,0.10230016891435366,3.781604932241021e-07,7.794955283098834e-06,0.056134725864469354,all_objects,47,47,0,0,0,0.0029580938393382198,0.0054803152169189615,6.173283409267389e-05,0.022511892968593034,8.251516154454412e-05,0.0002903887860053588,0.014531586095357398,all_objects,47,47,0,0,0,0.011585798629692824,0.02188246128271787,0.00012809260296294805,0.08924552967807486,0.0001979385673079408,0.0009294561201550484,0.057996026659179356,all_objects,47,47,0,0,0,0.15226426376297478,0.3773559153858073,1.4006750802764145e-05,1.4664550937047807,2.0321797649103246e-05,0.00023056495194850868,1.2070782997166423,all_objects,47,47,0,0,0,0.8164039534061269,0.06319674964977302,0.6413619864434249,0.92943337941364,0.7196691970061034,0.8248250393894372,0.9090051762934027,all_objects
dronevehicle,train,base,13,2,2,2,2.8284271247461903,15019,992,86,14945,0.9950729076503096,62,87,57,0.6551724137931034,5,2110,0.14048871429522605,1824,0.12144616818696317,7971,15019,0.5307277448565151,0.5307277448565151,15019,15019,0,0,0,0.7822521531055402,0.10590072123578671,0.058049851391235086,0.9859825557597205,0.5901750053219571,0.8005833869234834,0.9155959167687473,all_objects,15019,15019,0,0,0,0.7987346454933433,0.09891437607958066,0.0,0.9859825557597205,0.6409330155977275,0.8138173664312714,0.9159708292080379,all_objects,15019,15019,0,0,0,-0.10374149190367078,0.11271153921117286,-0.9196974808923213,0.6402534130361542,-0.2948403730386309,-0.09508582877715599,0.057718091086028295,all_objects,15019,15019,0,0,0,0.6632713244068966,0.26758734747326496,0.10241990049377958,8.35305220031238,0.4356911441378937,0.6311930896258302,0.9624656705975698,all_objects,15019,15019,0,0,0,0.878809199239591,0.3852109633972634,0.34823711182360856,8.73326917043925,0.6058115235294698,0.7891228731907173,1.438407594649927,all_objects,15019,15019,0,0,0,0.21553787483269432,0.38738710524813663,-5.761327661302809,6.136782293077872,-0.1195681440304915,0.15797452179611238,0.763512009950168,all_objects,15019,15019,0,0,0,0.7801112427532693,0.8660609537411945,0.014656968420380553,11.444118057352316,0.14377468810593733,0.5452863578861481,2.2815921485625172,all_objects,15019,15019,0,0,0,0.05289482712929172,0.36801637468654663,-0.9277174506260526,0.9681977831325896,-0.5240051109749444,0.0304071926858286,0.6819068006682903,all_objects,15019,15019,0,0,0,0.003585290681006253,0.015016637433151262,-0.0393470817204455,0.2999273775577399,-0.010759296312517324,0.00047379677708402773,0.027973198429269847,all_objects,15019,15019,0,0,0,0.20501373249340057,0.09022753962850523,0.029501506461811558,0.7357334499253912,0.09478902605845194,0.1876871134685514,0.3860950284478087,all_objects,15019,15019,0,0,0,0.12013046074260489,0.06490697003861162,0.005385099180978305,0.5564778656089192,0.040199843519522944,0.10724402260757561,0.24497633871249866,all_objects,15019,15019,0,0,0,2.3342196538457434,2.0598989782324026,0.16542458373895064,36.97173441963419,0.6489654822859905,1.7222496555579412,5.917651142526998,all_objects,15019,15019,0,0,0,0.004598733657430132,0.010483599055364416,2.894563128570799e-08,0.08872003836956364,5.497239563748735e-07,2.9094944053467195e-05,0.030969295953695755,all_objects,15019,15019,0,0,0,0.017238979613345543,0.03855520857337034,5.248481171904628e-08,0.23139793839180053,1.2702076009992602e-06,9.441076996097983e-05,0.11631541957579275,all_objects,15019,15019,0,0,0,0.006190257744804513,0.010075363023825515,5.445464223833151e-05,0.07384454414004886,0.0002093367075024857,0.0011630492764771589,0.030430387154422613,all_objects,15019,15019,0,0,0,0.0213497206272006,0.03579203708050034,7.461736511135217e-05,0.19134313205673362,0.0003592810514399849,0.002889235227107329,0.1116200471403003,all_objects,15019,15019,0,0,0,0.2363769379128711,0.4847579399339897,3.4530850712144456e-06,2.401067840661881,4.7282465753539786e-05,0.0024179117535823025,1.488383822378757,all_objects,15019,15019,0,0,0,0.7870249203537767,0.10340402904241625,0.07623623128361708,0.9859503587073717,0.5970808673041949,0.8047750879635014,0.9165721000243279,all_objects
dronevehicle,train,n_iou_lt_070,13,2,2,2,2.8284271247461903,366,177,30,362,0.9890710382513661,62,87,57,0.6551724137931034,5,253,0.6912568306010929,277,0.7568306010928961,332,366,0.907103825136612,0.907103825136612,366,366,0,0,0,0.6810188038260323,0.15607635847284634,0.11262498127198688,0.95578395250251,0.39838357359357607,0.7000421646791759,0.8728783761509571,all_objects,366,366,0,0,0,0.6934825981815703,0.15629048833750553,0.11262498127198688,0.95578395250251,0.39838357359357607,0.723336779865938,0.8801364067784065,all_objects,366,366,0,0,0,0.08024383079368054,0.15249696265191867,-0.5009873015770812,0.6402534130361542,-0.14566316045288474,0.07166578925966727,0.3277164722689867,all_objects,366,366,0,0,0,1.4789948250896785,1.162597592575813,0.4511581403753854,8.35305220031238,0.6714573288846857,1.12009933850163,3.7049300249625707,all_objects,366,366,0,0,0,1.0935244931767782,0.9383812898138105,0.454388566888975,8.73326917043925,0.6122939157539997,0.8447972196886144,2.1637029688820797,all_objects,366,366,0,0,0,-0.3854703319129004,0.7581467582041598,-5.761327661302809,3.6737962390804224,-1.671358669601072,-0.21238504057530078,0.3204318327766472,all_objects,366,366,0,0,0,0.9476551282041908,0.978391243663931,0.04642756350402545,6.9777223511624396,0.12661776261532615,0.6153636473172386,3.1934417550984704,all_objects,366,366,0,0,0,0.5164608886728322,0.3316663100548063,-0.553894527677292,0.9681977831325896,-0.093845009178805,0.6057568260719417,0.8982409400252491,all_objects,366,366,0,0,0,0.04396396527490758,0.047243183765923624,-0.03135676818212901,0.2999273775577399,-0.003750586890361101,0.03254108990599569,0.14107448947989593,all_objects,366,366,0,0,0,0.2373170267355363,0.10708044193527938,0.058458257428044516,0.6111697984850832,0.0940812794132156,0.21866119256076427,0.4291838762534811,all_objects,366,366,0,0,0,0.28164394507113644,0.09107254388665229,0.07874551543153165,0.5564778656089192,0.14408113147981821,0.2711801487714192,0.45560411929605804,all_objects,366,366,0,0,0,0.8667999726559903,0.3332669281430902,0.16542458373895064,2.4261327503886774,0.3953043823246116,0.8379175612198833,1.4264261590393739,all_objects,366,366,0,0,0,0.007458467009526895,0.012965887542774421,1.2283162676590447e-07,0.07539447927169617,3.051147864406479e-06,0.000289913348375917,0.03557835423334317,all_objects,366,366,0,0,0,0.026489412515682077,0.045056751310642865,2.268176702797992e-07,0.21052578745093348,7.691948277423807e-06,0.0011161288961172352,0.12990772633013634,all_objects,366,366,0,0,0,0.009567530461144561,0.0120063350349008,0.00010486110761210788,0.0649986099089308,0.00044836480578419683,0.0033127383587155234,0.034067661765643506,all_objects,366,366,0,0,0,0.030942398413258545,0.03975082284914463,0.0001540562289254105,0.17057458533363457,0.0008383367877887716,0.009549605130569485,0.12124152522650948,all_objects,366,366,0,0,0,0.38773801297533983,0.582104094820744,1.1824185264686093e-05,1.9791920842299362,0.00023940461535687518,0.025478159106938847,1.6171762396349791,all_objects,366,366,0,0,0,0.687939653249008,0.15375864864632163,0.11265589200340176,0.9458108239479271,0.42130081450695145,0.711362702370409,0.8731979799804065,all_objects
dronevehicle,train,quality_gate070,13,2,2,2,2.8284271247461903,87,70,14,86,0.9885057471264368,57,87,57,0.6551724137931034,0,71,0.8160919540229885,78,0.896551724137931,87,87,1.0,1.0,87,87,0,0,0,0.7335621738672139,0.0945885251358345,0.4425100433841404,0.8988485834562463,0.5531183120684884,0.7537246437118491,0.8580381466965356,all_objects,87,87,0,0,0,0.7351646583114574,0.0946160617663464,0.4425100433841404,0.8988485834562463,0.5531183120684884,0.7537246437118491,0.8584508780288943,all_objects,87,87,0,0,0,0.09798260110578579,0.1082525190138968,-0.10286948786117517,0.5173287146513577,-0.072730265325107,0.09506479424821412,0.26943661530655527,all_objects,87,87,0,0,0,1.3461534117056007,0.6485678792420372,0.6274650772553702,4.622438517835739,0.7912989290697857,1.183739788792491,2.3987487881086174,all_objects,87,87,0,0,0,0.8394703722364626,0.12420282009356022,0.6315307113399689,1.2619365142858876,0.6696550272426969,0.8083912885573704,1.1042507575258511,all_objects,87,87,0,0,0,-0.506683039469138,0.6514576912258638,-3.9108914368038423,0.19563379795641977,-1.4946588435766093,-0.3095485949658814,0.03612829320631198,all_objects,87,87,0,0,0,1.0706584022860348,1.036613524342266,0.04642756350402545,5.086891359138595,0.18205590686887804,0.6916429298677009,3.4098113521054843,all_objects,87,87,0,0,0,0.6438572180643045,0.20508760657356007,0.002371329289769786,0.9395912526022085,0.2677771842254102,0.7039691011886291,0.8982616661631209,all_objects,87,87,0,0,0,0.05535885569991933,0.05082796809608887,5.215679685613015e-05,0.2999273775577399,0.007339890349766386,0.03945551004108082,0.14425781697529505,all_objects,87,87,0,0,0,0.25332617316121303,0.11075894486921567,0.06940905727652785,0.6040939073808153,0.11208431509316409,0.22495107430963254,0.46245336907752044,all_objects,87,87,0,0,0,0.28022170883193603,0.07969857639891607,0.08658896473228668,0.5497061660919618,0.17209720723695154,0.27225604214379306,0.4245596200029702,all_objects,87,87,0,0,0,0.901645179215401,0.2804434264297813,0.34360750380557664,1.7980255622577708,0.49033055957735394,0.8808250369902079,1.3589800364469207,all_objects,87,87,0,0,0,0.006299448631070494,0.011957572438283664,1.725540436843964e-07,0.052680740237261034,8.115737208955713e-07,6.247847051067063e-05,0.032676946153747284,all_objects,87,87,0,0,0,0.02253146394546832,0.04298823757924634,2.268176702797992e-07,0.21052578745093348,2.707548874340066e-06,0.00021131364873823254,0.12569572212051067,all_objects,87,87,0,0,0,0.008789507899304305,0.01240608689307153,0.0001332621460392317,0.05418497935940442,0.00023180738958269095,0.0017318048919715324,0.03569902079615864,all_objects,87,87,0,0,0,0.028241715598682268,0.04084755198564568,0.0001540562289254105,0.17057458533363457,0.0005564493524283726,0.004586245965399346,0.12121471937366199,all_objects,87,87,0,0,0,0.2949563624264872,0.5068834149065369,1.629926947543936e-05,1.9375061930045945,6.938456530178883e-05,0.004168684043008852,1.4354241998919348,all_objects,87,87,0,0,0,0.7414521127528587,0.08633855821580524,0.5169617018392012,0.8988487762344783,0.5656997473684866,0.7583230673670742,0.8488351772593008,all_objects
dronevehicle,val,base,13,2,2,2,2.8284271247461903,2821,192,1,2809,0.9957461892945764,42,47,41,0.8723404255319149,1,646,0.22899680964197094,641,0.2272243885147111,1723,2821,0.6107763204537399,0.6107763204537399,2821,2821,0,0,0,0.772761987920182,0.11145858492588878,0.07303355463416628,0.976008970737465,0.5637753383783626,0.7942742164354926,0.9115445028428752,all_objects,2821,2821,0,0,0,0.7845359855031704,0.11180234464085996,0.008638517389818223,0.976008970737465,0.5828845064433292,0.8036413709667021,0.9130341439603132,all_objects,2821,2821,0,0,0,-0.0756887007832151,0.1229048462394321,-0.804686287563607,0.6778790608609515,-0.2717182212814556,-0.07437513790444805,0.12215319273658576,all_objects,2821,2821,0,0,0,0.7558536262313511,0.3833376921078255,0.22344920549894004,6.8820653957064035,0.4567344122136967,0.6704594706122594,1.2854797848906196,all_objects,2821,2821,0,0,0,0.9157425713733022,0.42517231582315723,0.43042700263277134,7.052339824141757,0.618012067847542,0.8139711139638948,1.5524538290928716,all_objects,2821,2821,0,0,0,0.159888945141951,0.45176486959747586,-4.710229063075298,6.461499502980316,-0.39733670026740975,0.13958171059575963,0.7839517711787345,all_objects,2821,2821,0,0,0,0.8565220319366359,0.9185082418109818,0.04512950931150045,11.45364327341424,0.14555471346967247,0.6264032564171021,2.2948949273600894,all_objects,2821,2821,0,0,0,0.14060387453130313,0.38910613464296645,-0.8126120192816068,0.9517992028385025,-0.47119715314605654,0.12502772771806397,0.7768467392655792,all_objects,2821,2821,0,0,0,0.00932564364756417,0.023020030619999406,-0.03337540338806956,0.21895018785635584,-0.011512841341839478,0.0025374892632278006,0.056057163635742285,all_objects,2821,2821,0,0,0,0.2174136571182938,0.09147654788949232,0.05281628262441236,0.7594133765567272,0.09829832907061327,0.2004010325548681,0.39584961359821846,all_objects,2821,2821,0,0,0,0.14826796237953926,0.08140013869058085,0.01465353509715235,0.5487062953452576,0.046433802528400396,0.13103342270045054,0.3000456478114684,all_objects,2821,2821,0,0,0,1.9983974505883086,1.6559578092938998,0.22973843884718936,21.241945473049277,0.543220313072529,1.489346757409817,4.875790945338525,all_objects,2821,2821,0,0,0,0.004361994076448212,0.010094149296788913,6.685408471147079e-08,0.0671853916412823,6.249202120803489e-07,3.439831117449283e-05,0.03104912441668528,all_objects,2821,2821,0,0,0,0.016392283439237938,0.037548491226942385,8.830568691914478e-08,0.22119346335778037,1.401354693956351e-06,0.0001118143551063316,0.11986640764553115,all_objects,2821,2821,0,0,0,0.006048354292902295,0.009690578529414951,8.39179079169639e-05,0.06259519633477248,0.0002209906690126484,0.0012369817255864126,0.0300920956345838,all_objects,2821,2821,0,0,0,0.020741843521794947,0.03465524144145329,9.82842714395544e-05,0.18008063260965798,0.0003740028321856975,0.0031911034094181884,0.11059544337118589,all_objects,2821,2821,0,0,0,0.22607391876100447,0.47074611960140544,7.714296856420333e-06,1.9946919776435834,5.38683572131049e-05,0.002760037627950851,1.4738622044572338,all_objects,2821,2821,0,0,0,0.7768006662819271,0.10933884170068246,0.07302519559753479,0.9760483282824696,0.5686746023649162,0.7979542787233331,0.9125220037521449,all_objects
dronevehicle,val,n_iou_lt_070,13,2,2,2,2.8284271247461903,229,38,1,229,1.0,42,47,41,0.8723404255319149,1,168,0.7336244541484717,186,0.8122270742358079,207,229,0.9039301310043668,0.9039301310043668,229,229,0,0,0,0.6878165094496278,0.1717694242188298,0.07303355463416628,0.9517591619111062,0.2902541656402033,0.7256149148397539,0.8954140258604969,all_objects,229,229,0,0,0,0.6893800450756756,0.17246092671138655,0.07303355463416628,0.9599857695351594,0.2902541656402033,0.7277565058227119,0.8954140258604969,all_objects,229,229,0,0,0,0.09026714738643055,0.14429987908499456,-0.5858831435187039,0.6778790608609515,-0.12713649558826512,0.1080527051766994,0.29567972988201396,all_objects,229,229,0,0,0,1.4945124963834107,0.9070835221013352,0.5366924000095765,6.8820653957064035,0.7142901269861248,1.2817385013663638,3.1455186655522747,all_objects,229,229,0,0,0,1.1194055720478144,0.8216355170199283,0.47193967754569777,6.656420681477847,0.6142739330901672,0.874739896748588,2.378156207678277,all_objects,229,229,0,0,0,-0.37510692433559595,0.7318720690619822,-4.710229063075298,5.2504488319313,-1.3158569575092443,-0.31228704561320253,0.41822633308857166,all_objects,229,229,0,0,0,1.0891178371131778,1.0597677064500781,0.06819499719224695,9.490016766316465,0.13190822158949733,0.8243172781196306,2.824366099825443,all_objects,229,229,0,0,0,0.5470220801589631,0.3373525530845081,-0.6218676626831471,0.9517992028385025,-0.17725871503837942,0.6758984807141448,0.8897496342432157,all_objects,229,229,0,0,0,0.05017084013767102,0.043803300816568136,-0.01467077162009728,0.21895018785635584,-0.006402205045623762,0.043382030625677366,0.1305073980829367,all_objects,229,229,0,0,0,0.25808207373339337,0.1074397550875412,0.06581124826194103,0.7040092394051807,0.09727502926265559,0.25286003081606107,0.4504710489999638,all_objects,229,229,0,0,0,0.29917544821142666,0.07990702173898351,0.11748534660809072,0.5487062953452576,0.17629290285971208,0.2923887044919115,0.4489423658498955,all_objects,229,229,0,0,0,0.8869283233527058,0.3475946816456139,0.22973843884718936,2.372712759046763,0.37405116614795003,0.8785263224858278,1.4262670253693415,all_objects,229,229,0,0,0,0.0059934098619953465,0.010901267937782533,1.9113745638151228e-07,0.05900029909104805,1.542378351979203e-06,0.0002931149889295272,0.03142187056207769,all_objects,229,229,0,0,0,0.02200247073045108,0.039309863440606,3.9899741445578896e-07,0.17139388696028443,3.444969894053501e-06,0.0010027755101717245,0.12076146208687118,all_objects,229,229,0,0,0,0.008174570559703895,0.01012479349939684,0.00013812883533128407,0.052502904070038235,0.00035426612036899466,0.0031991045538207943,0.030599043083713078,all_objects,229,229,0,0,0,0.0267267736582038,0.03416286045120008,0.00020445272847065453,0.14017671900608422,0.0006144868957350586,0.008975475615378743,0.1046571981350777,all_objects,229,229,0,0,0,0.33449645709886033,0.5473501522202235,2.0848300152920274e-05,1.9433886700950893,9.964461726212903e-05,0.0262691829900632,1.6284233360520144,all_objects,229,229,0,0,0,0.6923265806507708,0.16988834533429484,0.07302519559753479,0.9478594579207131,0.3030850211988889,0.735473556086924,0.8956260958903994,all_objects
dronevehicle,val,quality_gate070,13,2,2,2,2.8284271247461903,47,17,1,47,1.0,41,47,41,0.8723404255319149,0,44,0.9361702127659575,45,0.9574468085106383,45,47,0.9574468085106383,0.9574468085106383,47,47,0,0,0,0.7844319832751563,0.08554485833497141,0.544215558328962,0.93721070388966,0.6179844239901687,0.798318424988195,0.9091656747359641,all_objects,47,47,0,0,0,0.7842352367254877,0.08470710873356495,0.544215558328962,0.93721070388966,0.6179844239901687,0.798318424988195,0.9091656747359641,all_objects,47,47,0,0,0,0.15528050221049355,0.0961493110721384,-0.07197808138735395,0.38548505084557905,-0.013165222086519695,0.15156938964942168,0.320117217781616,all_objects,47,47,0,0,0,1.3880316664313053,0.3955650273255572,0.7392507661671757,2.677034604882545,0.9177338091907298,1.353883135161063,2.1112088029325635,all_objects,47,47,0,0,0,0.8340315049228644,0.1763443225321303,0.5452632516279026,1.50463837739558,0.6103031092804342,0.7989953552145281,1.1493198172386592,all_objects,47,47,0,0,0,-0.5540001615084406,0.40199029909593514,-1.9202229446881651,0.09842751124856752,-1.424732642935217,-0.4952864730156228,-0.12144221395707373,all_objects,47,47,0,0,0,1.2967280993338692,0.9047222643157844,0.13502376790882897,4.01287771220141,0.2588093035737311,1.0593314413364254,3.1731442270504413,all_objects,47,47,0,0,0,0.71982781301383,0.21051107766475924,-0.07926721624921276,0.9340322636949967,0.32775958646434045,0.7998099939878253,0.8772100692623195,all_objects,47,47,0,0,0,0.07169325918441555,0.04341829711871627,-0.0018736811620131283,0.18527567830877223,0.013868813506759456,0.0707535682186734,0.16533333089974303,all_objects,47,47,0,0,0,0.295982192521529,0.1030301203834737,0.08752612224352445,0.5116412683529094,0.1452996210448396,0.29599210702107276,0.4838985504873917,all_objects,47,47,0,0,0,0.30209528315954254,0.06641035906692824,0.1647885377428922,0.4479153385848374,0.1842626799114659,0.2967767007007212,0.4201407658675155,all_objects,47,47,0,0,0,0.9889890257148574,0.29704363079660634,0.33188710685591016,1.5263691947308524,0.5074242770211944,1.0076040799873387,1.4250952784797601,all_objects,47,47,0,0,0,0.0027475499929022536,0.006592552523024558,3.195284253407587e-07,0.03136403500840214,4.4235794572908785e-07,1.7696818991929777e-05,0.016922543889571203,all_objects,47,47,0,0,0,0.01083739588588011,0.02614543389331298,5.254570385425884e-07,0.1251980228572172,9.533059650888433e-07,6.222927080598686e-05,0.06752882880263139,all_objects,47,47,0,0,0,0.004546466145518147,0.007276013510598534,0.00017270032079227487,0.03222957682524648,0.0001993609273202495,0.000856497257114554,0.020326044623599764,all_objects,47,47,0,0,0,0.01597288573520462,0.0272116766770081,0.00022672747073135136,0.12308334417119604,0.00030817710787705595,0.00224644692588861,0.07079473001518702,all_objects,47,47,0,0,0,0.17050152714410993,0.41304231028208854,2.664255714535102e-05,1.844532241004515,3.052066738291615e-05,0.0013194863694891978,1.2669618935475844,all_objects,47,47,0,0,0,0.7879212340503703,0.08289350706322964,0.5513000153160309,0.9372115615250446,0.6297939653686423,0.7970055358405467,0.9090645142212463,all_objects
dronevehicle,train,base,14,2,-2,2,2.8284271247461903,15019,992,86,14945,0.9950729076503096,69,87,61,0.7011494252873564,8,1972,0.13130035288634395,1796,0.11958186297356682,7974,15019,0.5309274918436647,0.5309274918436647,15019,15019,0,0,0,0.771283353336277,0.11225234131988152,0.054091202691097184,0.9911953062298758,0.5577320679184568,0.7930444538430664,0.9119668873649879,all_objects,15019,15019,0,0,0,0.8016883957832778,0.09542921153732363,0.0,0.9911953062298758,0.6527845407215315,0.8163118813943124,0.9167826587776753,all_objects,15019,15019,0,0,0,-0.11471029167293416,0.12003011913720872,-0.9021809079835743,0.7304403798536137,-0.32664158485589934,-0.10322556009741823,0.056472575068303076,all_objects,15019,15019,0,0,0,0.6632713244068966,0.26758734747326496,0.10241990049377958,8.35305220031238,0.4356911441378937,0.6311930896258302,0.9624656705975698,all_objects,15019,15019,0,0,0,0.9167604673821647,0.44192715220495465,0.3314274458694777,9.252661771310517,0.6073880468673489,0.7947515276563422,1.6774196080723778,all_objects,15019,15019,0,0,0,0.25348914297526803,0.44405925187828765,-6.045699848621608,6.980139629151959,-0.12160430060128527,0.16660347509837936,1.002104006810986,all_objects,15019,15019,0,0,0,0.8638791551833496,0.9478052951842113,0.02635491388296921,11.114475683334812,0.14612479232155426,0.5802371653000271,2.660207636461465,all_objects,15019,15019,0,0,0,0.05476434041583164,0.37022350304778606,-0.9159202650926522,0.967797359567943,-0.5187954143914831,0.03220716510736078,0.6845993934810907,all_objects,15019,15019,0,0,0,0.0036977590986314894,0.0158018952991033,-0.045364338647838516,0.30837950911854783,-0.011772024301088408,0.0004854707773860405,0.02965612303882053,all_objects,15019,15019,0,0,0,0.21522007223109227,0.09776617438636495,0.037372506310870565,0.7566698146055227,0.09517196137995054,0.19377252707682302,0.4152230702665849,all_objects,15019,15019,0,0,0,0.12013046074260489,0.06490697003861162,0.005385099180978305,0.5564778656089192,0.040199843519522944,0.10724402260757561,0.24497633871249866,all_objects,15019,15019,0,0,0,2.44383814505921,2.1631676463732408,0.16683263861262812,39.81438985974881,0.6582115608937147,1.8087196861515153,6.217265628882191,all_objects,15019,15019,0,0,0,0.00514026406380271,0.010887065665356643,3.350154208153522e-08,0.09672863158471409,4.973381884870453e-07,3.785965035152225e-05,0.031736726924924866,all_objects,15019,15019,0,0,0,0.01940253815789628,0.04063250675771224,4.8334294620887904e-08,0.23139793839180053,1.018899741942569e-06,0.00012410910057003016,0.12322485581228976,all_objects,15019,15019,0,0,0,0.006760371217465035,0.010309184018772025,6.03520853868203e-05,0.07176902301554504,0.00020503103898814805,0.0012830176276780007,0.030688254035054038,all_objects,15019,15019,0,0,0,0.02353682465827921,0.03702598313261764,7.309215468715738e-05,0.19134313205673362,0.00032226982361991286,0.003289249111000757,0.11534604787223839,all_objects,15019,15019,0,0,0,0.2634568949501697,0.5057026907101182,3.737557278782333e-06,2.401067840661881,4.505341927085738e-05,0.0032171852894293806,1.5309111471899939,all_objects,15019,15019,0,0,0,0.7766166553158084,0.10950402584197862,0.09153140356911377,0.9911939240301147,0.568783203662279,0.7974563229676666,0.9133678240086064,all_objects
dronevehicle,train,n_iou_lt_070,14,2,-2,2,2.8284271247461903,366,177,30,363,0.9918032786885246,69,87,61,0.7011494252873564,8,270,0.7377049180327869,278,0.7595628415300546,335,366,0.9153005464480874,0.9153005464480874,366,366,0,0,0,0.688253122835601,0.16518891687789689,0.054091202691097184,0.9721158179251516,0.32079608128863407,0.7157604762019616,0.8961750775124129,all_objects,366,366,0,0,0,0.7094132705870018,0.16306582828930005,0.054091202691097184,0.9721158179251516,0.32079608128863407,0.7369178896389508,0.8978777268082203,all_objects,366,366,0,0,0,0.0874781498032493,0.1539391581702343,-0.5497083874892521,0.7304403798536137,-0.13931885424046486,0.07949318449516317,0.3341485651619158,all_objects,366,366,0,0,0,1.4789948250896785,1.162597592575813,0.4511581403753854,8.35305220031238,0.6714573288846857,1.12009933850163,3.7049300249625707,all_objects,366,366,0,0,0,1.100242222236184,0.9560235132149416,0.4769848303487987,9.252661771310517,0.5959944455211499,0.8237206744752067,2.521258649774457,all_objects,366,366,0,0,0,-0.37875260285349444,0.7924099370912681,-6.045699848621608,3.0597134532244095,-1.7108633368964083,-0.23465989153484001,0.38190975328451704,all_objects,366,366,0,0,0,1.0554380128047847,1.0592411200366816,0.034210300833121335,6.105446489731811,0.12741729421343956,0.7231423324489327,3.061161464424151,all_objects,366,366,0,0,0,0.5394603570372197,0.32453472533587446,-0.5130292570478237,0.967797359567943,-0.130724235557179,0.6267102847191086,0.8942476712052225,all_objects,366,366,0,0,0,0.047083808521524204,0.04846528733388358,-0.04077929834346174,0.30837950911854783,-0.004062761323922713,0.034234337199790646,0.14484116819969767,all_objects,366,366,0,0,0,0.25151576799296377,0.11108466883098314,0.05354086049930899,0.6301545334565807,0.10063740535254329,0.23553235088628055,0.4572466015985692,all_objects,366,366,0,0,0,0.28164394507113644,0.09107254388665229,0.07874551543153165,0.5564778656089192,0.14408113147981821,0.2711801487714192,0.45560411929605804,all_objects,366,366,0,0,0,0.9185037219793294,0.35006808222251806,0.2214536888223912,3.186618211478162,0.4373402105031632,0.8746500416581495,1.504468173426276,all_objects,366,366,0,0,0,0.008810318831959789,0.01342802174787033,1.6667124141790324e-07,0.06894329833611038,2.901108826207251e-06,0.0006984863238595133,0.03837769673488978,all_objects,366,366,0,0,0,0.03187626726319222,0.04790013377238513,2.8175004718863413e-07,0.2208686506601385,6.595650631093097e-06,0.0025995591529450117,0.13481280079827396,all_objects,366,366,0,0,0,0.010797074421900237,0.012085765446997436,0.0001243330284632239,0.06386910196334625,0.00045042134002869585,0.004619392917894793,0.033818368719110294,all_objects,366,366,0,0,0,0.03568380725443953,0.041114690114872676,0.00017006969648158292,0.1701182167894611,0.0008018534276107527,0.015418123859440868,0.1217037062290792,all_objects,366,366,0,0,0,0.46325363225028254,0.6290735328511351,1.1824185264686093e-05,1.9791920842299362,0.00021721227226834117,0.05491111095508927,1.7540867001913831,all_objects,366,366,0,0,0,0.6951243923404988,0.16216169385716117,0.09708071232245896,0.9677963483824839,0.3257914674651443,0.7239291527093338,0.9010132116658062,all_objects
dronevehicle,train,quality_gate070,14,2,-2,2,2.8284271247461903,87,70,14,87,1.0,61,87,61,0.7011494252873564,0,82,0.9425287356321839,83,0.9540229885057471,86,87,0.9885057471264368,0.9885057471264368,87,87,0,0,0,0.7727516427226007,0.10254729764947262,0.4543453585550369,0.9677630861946195,0.5847025727914139,0.7869159720117715,0.9139914425439115,all_objects,87,87,0,0,0,0.772608607727238,0.1020475650851753,0.53581463332743,0.9677630861946195,0.5713658720569323,0.7869159720117715,0.9139914425439115,all_objects,87,87,0,0,0,0.13717206996117243,0.11578621017796607,-0.10746351062747272,0.5372358175181706,-0.013984066953650835,0.12015804380536577,0.31761041689647085,all_objects,87,87,0,0,0,1.3461534117056007,0.6485678792420372,0.6274650772553702,4.622438517835739,0.7912989290697857,1.183739788792491,2.3987487881086174,all_objects,87,87,0,0,0,0.7951192997009502,0.10695948456273208,0.6129839469451495,1.213592259253229,0.659778443335571,0.7788103282817784,0.9561227415016236,all_objects,87,87,0,0,0,-0.5510341120046504,0.6469456962040431,-3.9266979889252056,0.12461632313836302,-1.539325264657956,-0.3503468749965899,-0.018914727054347866,all_objects,87,87,0,0,0,1.2233010737166279,1.1877378920921557,0.06966292479489417,6.105446489731811,0.1255665004569246,0.90748159925764,3.4390253222542833,all_objects,87,87,0,0,0,0.6937001563986193,0.16916925771421487,-0.023704567802496926,0.9060641307571972,0.38159425792662216,0.7358236395966445,0.8890833803577617,all_objects,87,87,0,0,0,0.061871183241358506,0.0524802410377659,-0.001039479062881065,0.30837950911854783,0.00849972447376087,0.045909221904166124,0.14760183715957542,all_objects,87,87,0,0,0,0.26998843976385767,0.11723162855511822,0.05354086049930899,0.6301545334565807,0.10792820240070063,0.2599945016324117,0.47276444966122727,all_objects,87,87,0,0,0,0.28022170883193603,0.07969857639891607,0.08658896473228668,0.5497061660919618,0.17209720723695154,0.27225604214379306,0.4245596200029702,all_objects,87,87,0,0,0,0.960555553341903,0.3013182181279973,0.25784112982408197,1.7411172970729067,0.4825813025540384,0.9505300613854623,1.4843940887747178,all_objects,87,87,0,0,0,0.005849768896803856,0.010373456763457611,2.0664833319712442e-07,0.04161795892899827,7.193421646453418e-07,8.861739449681755e-05,0.0314329983052024,all_objects,87,87,0,0,0,0.022248250915759757,0.039616298690626696,2.8175004718863413e-07,0.1664663800346579,2.009559463812636e-06,0.00035198817361571525,0.12525455445784334,all_objects,87,87,0,0,0,0.008139987724647838,0.01045921041047617,0.00014517588541164409,0.03609504609897795,0.00023404316582709944,0.0020680680963618076,0.03098294295220291,all_objects,87,87,0,0,0,0.028579104319607553,0.03894887372654424,0.00017006969648158292,0.1432036900576539,0.00047019218716488507,0.006210090532857432,0.12108973897706841,all_objects,87,87,0,0,0,0.29765637574920983,0.5055039821110755,1.629926947543936e-05,1.8679132397960245,5.970438987787929e-05,0.0069573746507671785,1.439467415881966,all_objects,87,87,0,0,0,0.7779759168847563,0.09646126567620722,0.4591236690537389,0.9677963483824839,0.5991534746928782,0.7869090206840206,0.9104933617997107,all_objects
dronevehicle,val,base,14,2,-2,2,2.8284271247461903,2821,192,1,2807,0.9950372208436724,43,47,41,0.8723404255319149,2,603,0.21375398794753633,629,0.22297057780928747,1655,2821,0.586671393123006,0.586671393123006,2821,2821,0,0,0,0.7530273283746752,0.11721071592123004,0.03452487672154988,0.9814157577465288,0.5287875666463278,0.7763623393024202,0.8973858676797339,all_objects,2821,2821,0,0,0,0.7833757558954237,0.10825623900436478,0.03452487672154988,0.9814157577465288,0.5914423938153176,0.8023059855628607,0.9099650395820882,all_objects,2821,2821,0,0,0,-0.09542336032872191,0.13522272914143568,-0.7281874132340905,0.6250803544824888,-0.3282870180717059,-0.08887417893045257,0.11243832311996471,all_objects,2821,2821,0,0,0,0.7558536262313511,0.3833376921078255,0.22344920549894004,6.8820653957064035,0.4567344122136967,0.6704594706122594,1.2854797848906196,all_objects,2821,2821,0,0,0,0.9715531665300399,0.5033950229307219,0.4266831066438255,7.826696423726933,0.6232712215564354,0.8332447689580231,1.8069795061247191,all_objects,2821,2821,0,0,0,0.2156995402986886,0.5259759704504848,-4.642584307502828,7.235856102565491,-0.3919527631334493,0.16046388757214602,1.0559847177089257,all_objects,2821,2821,0,0,0,0.968002203830615,1.026975014452835,0.03202310626838644,12.309419382340373,0.16880922289933226,0.6918739389663385,2.7157187097769286,all_objects,2821,2821,0,0,0,0.1305585726473966,0.39211213202356293,-0.7907738581203222,0.9672599168399297,-0.4758364082123461,0.10287699869941508,0.7771071623110394,all_objects,2821,2821,0,0,0,0.00887907205367767,0.02246688078692352,-0.04481574851214541,0.2013864873663488,-0.012469009571641728,0.0020521942492344766,0.05354447573134458,all_objects,2821,2821,0,0,0,0.23130912211022664,0.09739047206673225,0.04939860186644226,0.7924149184450854,0.10436656939000111,0.21386054364388085,0.41940961163018614,all_objects,2821,2821,0,0,0,0.14826796237953926,0.08140013869058085,0.01465353509715235,0.5487062953452576,0.046433802528400396,0.13103342270045054,0.3000456478114684,all_objects,2821,2821,0,0,0,2.156646306065086,1.8405385242756729,0.23405018356169033,22.250318030505586,0.6169350198378498,1.5390248292584863,5.495516875025645,all_objects,2821,2821,0,0,0,0.005324132549689739,0.011030671231251213,4.212747007127513e-08,0.07189071830550699,5.68032569738933e-07,4.7075429805702645e-05,0.03140271008216049,all_objects,2821,2821,0,0,0,0.019886640665172962,0.04057603367570391,5.4010601054114634e-08,0.22119346335778037,1.1798147485463746e-06,0.00015606827285122573,0.12297630732665779,all_objects,2821,2821,0,0,0,0.007017200786990693,0.010449548426651783,6.833840468642636e-05,0.06483204292754777,0.00021823869828538868,0.0013950676504381639,0.03088610988460679,all_objects,2821,2821,0,0,0,0.024101847815743885,0.03683823043528213,7.76393624333281e-05,0.18008063260965798,0.00033464086267087905,0.0037616586416126473,0.1162892333579503,all_objects,2821,2821,0,0,0,0.2723031708496773,0.5085145808985734,3.819389036152643e-06,2.028244582288835,5.11037736146136e-05,0.003835033564485002,1.5119654369639193,all_objects,2821,2821,0,0,0,0.7580846136877029,0.114662827639967,0.054230921487389366,0.9814226717274541,0.5446762285433305,0.7811605588803733,0.9003792263616606,all_objects
dronevehicle,val,n_iou_lt_070,14,2,-2,2,2.8284271247461903,229,38,1,229,1.0,43,47,41,0.8723404255319149,2,178,0.777292576419214,188,0.8209606986899564,212,229,0.925764192139738,0.925764192139738,229,229,0,0,0,0.6875287581894095,0.16654413023765957,0.04218484077366134,0.9195764598058812,0.3586365685398971,0.7434879794717452,0.8704731940049434,all_objects,229,229,0,0,0,0.6907402027978158,0.1678529689920484,0.04218484077366134,0.9307264627462066,0.3586365685398971,0.7441140563020914,0.8744155048545383,all_objects,229,229,0,0,0,0.08997939612621217,0.13406233121540226,-0.6167318573792088,0.6250803544824888,-0.10531952928183785,0.0901217140374434,0.2786889936373594,all_objects,229,229,0,0,0,1.4945124963834107,0.9070835221013352,0.5366924000095765,6.8820653957064035,0.7142901269861248,1.2817385013663638,3.1455186655522747,all_objects,229,229,0,0,0,1.122013430529042,0.8991721343820022,0.4689034643979975,7.022346687798162,0.6237494280237015,0.8754628703998315,2.4630244859985235,all_objects,229,229,0,0,0,-0.3724990658543686,0.7455161898801035,-4.642584307502828,5.616374838251615,-1.342010889992727,-0.3370599922057139,0.35469206289417743,all_objects,229,229,0,0,0,1.0155434263981382,1.0330464639691335,0.042528014693880276,10.44715354703774,0.1890270070703604,0.766599828924536,2.455452686339603,all_objects,229,229,0,0,0,0.5679296366949027,0.30001401572807207,-0.5609549194542222,0.9672599168399297,-0.07390623437726089,0.661997895079711,0.8850949136030231,all_objects,229,229,0,0,0,0.04875850665194593,0.040206216934150746,-0.015366419713937218,0.2013864873663488,-0.0033343819022000447,0.041667102206551135,0.1265724996798569,all_objects,229,229,0,0,0,0.25209776296399433,0.09936738070431152,0.06525331928832048,0.7275689871921801,0.11072980093395529,0.24601539248182724,0.42249122445955695,all_objects,229,229,0,0,0,0.29917544821142666,0.07990702173898351,0.11748534660809072,0.5487062953452576,0.17629290285971208,0.2923887044919115,0.4489423658498955,all_objects,229,229,0,0,0,0.8695712657480437,0.3280320205909772,0.2499355057789514,2.452115856400099,0.3868713060568504,0.8487921848837073,1.3700225295387867,all_objects,229,229,0,0,0,0.006814092768825815,0.01149230820346569,1.597873782654553e-07,0.054135443370854505,1.0132274769275521e-06,0.00047959219567295466,0.03568194321324695,all_objects,229,229,0,0,0,0.02447476986350357,0.039963849861229306,2.560296784851654e-07,0.17139388696028443,2.8728573062626827e-06,0.0015294590921427597,0.11900371701217433,all_objects,229,229,0,0,0,0.00899971483179411,0.010692137456938342,0.00012689001899785223,0.050248454767620035,0.00027617870175399934,0.003991784932290372,0.0324274685380521,all_objects,229,229,0,0,0,0.029308131466276918,0.03464920191876543,0.00016388776325369797,0.133699918056331,0.0005428036992743238,0.01069923049249149,0.1112002058190841,all_objects,229,229,0,0,0,0.37653466595671264,0.5508257079404375,1.4006750802764145e-05,1.880766706675729,8.587022301753677e-05,0.037244785983148176,1.589675702513017,all_objects,229,229,0,0,0,0.6930548988814923,0.16553765032295764,0.054230921487389366,0.9203939194995954,0.36050541007377435,0.7459934882411228,0.8720970221656901,all_objects
dronevehicle,val,quality_gate070,14,2,-2,2,2.8284271247461903,47,17,1,47,1.0,41,47,41,0.8723404255319149,0,45,0.9574468085106383,47,1.0,47,47,1.0,1.0,47,47,0,0,0,0.778666538037867,0.07781063225181109,0.5602319789459916,0.9195764598058812,0.6261906541780772,0.7891052597057693,0.8740714038311292,all_objects,47,47,0,0,0,0.7794835005985306,0.07402274414582292,0.5602319789459916,0.9195764598058812,0.6420827236802829,0.7891052597057693,0.8740714038311292,all_objects,47,47,0,0,0,0.1495150569732042,0.07986399324725173,-0.026746183072823948,0.31350980763536374,0.03156511324916214,0.14895198457385161,0.2843355836374767,all_objects,47,47,0,0,0,1.3880316664313053,0.3955650273255572,0.7392507661671757,2.677034604882545,0.9177338091907298,1.353883135161063,2.1112088029325635,all_objects,47,47,0,0,0,0.8097745050200048,0.1326925740343064,0.5058442411872364,1.1568758553243506,0.6012093391559044,0.7887765927877155,1.010630241598682,all_objects,47,47,0,0,0,-0.5782571614113003,0.3831149974745599,-1.8286016452877096,-0.09328512624807184,-1.382703436539318,-0.5156307640485858,-0.16638692061090582,all_objects,47,47,0,0,0,1.2532566449391853,0.7335839087474898,0.2116726797532581,3.402719157275805,0.3983574117740002,1.158025514445373,2.7465275318914255,all_objects,47,47,0,0,0,0.7341480608973946,0.14264229269550552,0.2923671288603878,0.9208982215707521,0.4263142146131916,0.7720469001307337,0.889850518102973,all_objects,47,47,0,0,0,0.07069194326783754,0.03857866206333921,0.013713887638218621,0.16451926673934228,0.017655076368877674,0.06513656009460095,0.15122549547417696,all_objects,47,47,0,0,0,0.29594933571890814,0.08400919529882418,0.10500025347086371,0.4938169321376435,0.17361547048738615,0.29560460432521096,0.4469907054206049,all_objects,47,47,0,0,0,0.30209528315954254,0.06641035906692824,0.1647885377428922,0.4479153385848374,0.1842626799114659,0.2967767007007212,0.4201407658675155,all_objects,47,47,0,0,0,0.9944111541323524,0.24036308727305675,0.36506890564583827,1.399752159144581,0.6345579108785212,1.0209788823770634,1.3467695146254501,all_objects,47,47,0,0,0,0.00303378444357118,0.007461535748161158,1.597873782654553e-07,0.03746775405171593,4.100736230721052e-07,3.691183873842049e-05,0.01472573002118819,all_objects,47,47,0,0,0,0.010439289623915604,0.023386544097910213,2.560296784851654e-07,0.10230016891435366,9.085370790211803e-07,0.00010735964568204472,0.05874113313120024,all_objects,47,47,0,0,0,0.004934099594203179,0.007698661669145825,0.00012689001899785223,0.03212098387915129,0.00019599636353579878,0.0012884386514590352,0.019020246584206226,all_objects,47,47,0,0,0,0.01579993730685574,0.023574756686177218,0.00016388776325369797,0.08924552967807486,0.00031297456539389873,0.0032726010325700755,0.07065621703455918,all_objects,47,47,0,0,0,0.18470383946631722,0.41558644612892354,1.4006750802764145e-05,1.844532241004515,2.725508369394447e-05,0.0021661294977661782,1.2070782997166423,all_objects,47,47,0,0,0,0.7820403571484864,0.07452398627969539,0.5605047961876566,0.9203939194995954,0.6470854698389159,0.7891216439444232,0.8740712339223451,all_objects
dronevehicle,train,base,15,-2,2,2,2.8284271247461903,15019,992,86,14921,0.9934749317531127,66,87,59,0.6781609195402298,7,1985,0.13216592316399228,1795,0.11951528064451694,8153,15019,0.5428457287435915,0.5428457287435915,15019,15019,0,0,0,0.7789771119063644,0.10518252234906338,0.06250786714421747,0.9785728273334617,0.5892126058273742,0.7973549334268656,0.9108996989624984,all_objects,15019,15019,0,0,0,0.7981342046824038,0.09808104571008944,0.0,0.9785728273334617,0.6426810536745691,0.8127835533095333,0.9137998022702774,all_objects,15019,15019,0,0,0,-0.10701653310284658,0.11320217257185888,-0.8937764321122168,0.6977809833850184,-0.2996648078559325,-0.09726286460425326,0.0535607585968019,all_objects,15019,15019,0,0,0,0.6632713244068966,0.26758734747326496,0.10241990049377958,8.35305220031238,0.4356911441378937,0.6311930896258302,0.9624656705975698,all_objects,15019,15019,0,0,0,0.8838488307005007,0.39226819454746337,0.347140482394173,9.507071793788928,0.6062019781565763,0.794064130889626,1.439709506907751,all_objects,15019,15019,0,0,0,0.22057750629360415,0.3882396881291026,-5.474695841017505,6.90876376527657,-0.1124472514073852,0.16136784678502947,0.7615380514678363,all_objects,15019,15019,0,0,0,0.8000817388830554,0.8636630395996526,0.023311872725669584,10.38975735860565,0.1452420018907334,0.5615957705670621,2.3099788821799128,all_objects,15019,15019,0,0,0,0.05644502314549354,0.36650600013032164,-0.9279745979054221,0.9694253813703945,-0.5215919294424155,0.04225116067152037,0.6800291866249271,all_objects,15019,15019,0,0,0,0.003683548644756765,0.0149813380606499,-0.04558646262475891,0.3280333772583388,-0.010707449600873586,0.0006488198398170017,0.028242872524098118,all_objects,15019,15019,0,0,0,0.2085389110151342,0.09047103350209795,0.03509675026170493,0.7751731538190043,0.09527348329356625,0.1915805090812161,0.3898516105039242,all_objects,15019,15019,0,0,0,0.12013046074260489,0.06490697003861162,0.005385099180978305,0.5564778656089192,0.040199843519522944,0.10724402260757561,0.24497633871249866,all_objects,15019,15019,0,0,0,2.378372921272069,2.0861298909451964,0.1855590127604193,40.61249239118502,0.6527137454129868,1.7505971948031929,6.030924058700929,all_objects,15019,15019,0,0,0,0.005035068369012254,0.010885613504238893,2.5972953617918355e-08,0.07732277738980213,4.630804170062367e-07,2.730927736559317e-05,0.031815343012584985,all_objects,15019,15019,0,0,0,0.018991360110638848,0.04065833229485059,3.4913289821571004e-08,0.2230163053200471,9.517559015491568e-07,8.985865062881923e-05,0.12368310000113267,all_objects,15019,15019,0,0,0,0.00658902048826415,0.010445259213697568,5.011879408243126e-05,0.0688170155468857,0.0001968423387501826,0.0011359862801062824,0.031232722007689305,all_objects,15019,15019,0,0,0,0.022854431166759243,0.037375835756813774,6.226406917777702e-05,0.17605619657685845,0.00031252829195690696,0.0028639575522827164,0.11699275561892462,all_objects,15019,15019,0,0,0,0.2577589953599101,0.5068397254059817,2.944696575468697e-06,2.0556255109958244,3.961590696235362e-05,0.002310391492301278,1.5264245378151025,all_objects,15019,15019,0,0,0,0.7840527302033778,0.10263352949344448,0.08435514005622882,0.978573204075235,0.5992059195437732,0.8017645710463873,0.9124897084877833,all_objects
dronevehicle,train,n_iou_lt_070,15,-2,2,2,2.8284271247461903,366,177,30,364,0.994535519125683,66,87,59,0.6781609195402298,7,254,0.6939890710382514,284,0.7759562841530054,334,366,0.912568306010929,0.912568306010929,366,366,0,0,0,0.6787575641714979,0.16173315557807127,0.0882882786590228,0.9230946995571253,0.30835775136128596,0.7093744479069163,0.8670151918865701,all_objects,366,366,0,0,0,0.6939727920648792,0.15877051874187142,0.0882882786590228,0.9352045460076004,0.30835775136128596,0.7268092822870065,0.8695432820256601,all_objects,366,366,0,0,0,0.07798259113914627,0.15875393642147628,-0.5378996085918439,0.6977809833850184,-0.14053491304286284,0.06881478126845805,0.36625294341765335,all_objects,366,366,0,0,0,1.4789948250896785,1.162597592575813,0.4511581403753854,8.35305220031238,0.6714573288846857,1.12009933850163,3.7049300249625707,all_objects,366,366,0,0,0,1.136486951670727,1.042819250618713,0.4397226414977246,9.507071793788928,0.593982235351892,0.8493508934741263,2.369755123889617,all_objects,366,366,0,0,0,-0.3425078734189518,0.8019929114744302,-5.474695841017505,3.8187993680281185,-1.694175670332478,-0.18377672949510127,0.4075050773287063,all_objects,366,366,0,0,0,0.9934652722493101,1.0288932568005844,0.0555864462320935,7.70383311769074,0.11492266477446827,0.667989027620504,3.066657545636131,all_objects,366,366,0,0,0,0.5261928464883613,0.3277480748977476,-0.5314555801995479,0.9694253813703945,-0.14425388622611207,0.6157547513403536,0.900107346304792,all_objects,366,366,0,0,0,0.044346841552509765,0.04804591093946715,-0.03796434170249864,0.3280333772583388,-0.0051402165414743215,0.032973410834961164,0.1446908885527432,all_objects,366,366,0,0,0,0.24305617766690354,0.10957627129011419,0.04097640068401382,0.6584510811456624,0.09824987041788433,0.2257624958819982,0.44433646108078445,all_objects,366,366,0,0,0,0.28164394507113644,0.09107254388665229,0.07874551543153165,0.5564778656089192,0.14408113147981821,0.2711801487714192,0.45560411929605804,all_objects,366,366,0,0,0,0.8935378065339037,0.35457591745883793,0.1855590127604193,2.635245597289418,0.3767785144071611,0.8837437664592562,1.4669001075788604,all_objects,366,366,0,0,0,0.00754759038544425,0.012719732215463844,1.0175594885836871e-07,0.07732277738980213,1.6827283491372632e-06,0.0005239567121933046,0.03512678844725187,all_objects,366,366,0,0,0,0.0275796780605012,0.04493684955108437,2.2298084355078653e-07,0.21052578745093348,3.983330982696857e-06,0.0019094722133289816,0.1334127570341484,all_objects,366,366,0,0,0,0.009804038703175658,0.011831452209565503,9.619678547179129e-05,0.0688170155468857,0.0003627130601791485,0.004419048320131826,0.03431413714263274,all_objects,366,366,0,0,0,0.032577640760762534,0.039400620135782806,0.00016027316114597455,0.17057458533363457,0.0006366685830085932,0.01279137066320819,0.11882222639921572,all_objects,366,366,0,0,0,0.40194748802689373,0.5836877273054899,8.160188542660762e-06,1.973265567787891,0.00011091448837419193,0.044513023314351585,1.636302751721317,all_objects,366,366,0,0,0,0.6846065978700429,0.1584355056497083,0.088977273659564,0.9231151195901754,0.33718236897920006,0.7183797536354068,0.8674685047644828,all_objects
dronevehicle,train,quality_gate070,15,-2,2,2,2.8284271247461903,87,70,14,86,0.9885057471264368,59,87,59,0.6781609195402298,0,72,0.8275862068965517,78,0.896551724137931,86,87,0.9885057471264368,0.9885057471264368,87,87,0,0,0,0.7343939005621954,0.09210486349021556,0.46160710636116264,0.910766641898026,0.5790544168487267,0.7369306078845598,0.8676558178912828,all_objects,87,87,0,0,0,0.7389300869565637,0.09113063023335093,0.46160710636116264,0.910766641898026,0.6108641918275839,0.7440450124733817,0.8676558178912828,all_objects,87,87,0,0,0,0.09881432780076722,0.11636117315200589,-0.14374275580997764,0.5696829930437273,-0.060518663796973494,0.08394644353679082,0.31498205528463785,all_objects,87,87,0,0,0,1.3461534117056007,0.6485678792420372,0.6274650772553702,4.622438517835739,0.7912989290697857,1.183739788792491,2.3987487881086174,all_objects,87,87,0,0,0,0.8610032430940884,0.15755784284554353,0.6195098493510914,1.4573168293406982,0.6594997735773744,0.8310052317518752,1.1663034141435793,all_objects,87,87,0,0,0,-0.48515016861151244,0.666230886124722,-4.002928668484647,0.1801416799663229,-1.5484926730881552,-0.3039184468931786,0.053794413390455736,all_objects,87,87,0,0,0,1.1129467266772388,1.1078286573698781,0.05941648615690859,6.268087098654091,0.10215564811383582,0.7377851409183417,3.255696980209261,all_objects,87,87,0,0,0,0.6365322583918616,0.2078652247510678,-0.03910630987119517,0.9384374480108425,0.20688124964138765,0.7012240275670746,0.8930962957721896,all_objects,87,87,0,0,0,0.05557713587630885,0.052605558906546515,-0.0006923456466511116,0.3280333772583388,0.004050933880168239,0.04043147771462114,0.14992633974700717,all_objects,87,87,0,0,0,0.2555594824467893,0.11965906275250743,0.04957392480215101,0.6584510811456624,0.08661849742039093,0.235654613827425,0.4565170052664989,all_objects,87,87,0,0,0,0.28022170883193603,0.07969857639891607,0.08658896473228668,0.5497061660919618,0.17209720723695154,0.27225604214379306,0.4245596200029702,all_objects,87,87,0,0,0,0.9200224010294489,0.34337214854591314,0.18570457102756166,1.7538567870789263,0.3355351512366377,0.9222641532663918,1.4575334620561549,all_objects,87,87,0,0,0,0.005905810171215096,0.012746067930906421,1.685029114105243e-07,0.07732277738980213,4.416670844388886e-07,0.0001160564622569953,0.029845381926057686,all_objects,87,87,0,0,0,0.020926256592525193,0.04053870614512168,3.178376525718596e-07,0.21052578745093348,1.0302775733267584e-06,0.000412155383260536,0.11654727198856367,all_objects,87,87,0,0,0,0.008371621842358068,0.01233922379645029,0.0001284683301168152,0.0688170155468857,0.00019757452568564782,0.002054030791618263,0.03045806462017479,all_objects,87,87,0,0,0,0.027712436828025273,0.038337373298159276,0.00018049094387221203,0.17057458533363457,0.00033707557156856786,0.006455555325798797,0.11363416335360511,all_objects,87,87,0,0,0,0.27929425084255344,0.47639391584806223,1.533467843728431e-05,1.9375061930045945,3.433184749610518e-05,0.008462941558605053,1.357155697135561,all_objects,87,87,0,0,0,0.7386115866013861,0.0852853232304379,0.5120773871861503,0.9108335901619863,0.6081077419635624,0.7450485209506194,0.8646517830298471,all_objects
dronevehicle,val,base,15,-2,2,2,2.8284271247461903,2821,192,1,2811,0.9964551577454803,41,47,40,0.851063829787234,1,637,0.22580645161290322,631,0.22367954626019143,1714,2821,0.6075859624246721,0.6075859624246721,2821,2821,0,0,0,0.7729122220721151,0.1119304810827338,0.0601547583652485,0.9749851865096449,0.5666030059642451,0.7930726256728557,0.9145588439959788,all_objects,2821,2821,0,0,0,0.7862991602856484,0.11126486150925617,0.009400707994568025,0.9749851865096449,0.5931300134152199,0.806910028942133,0.9149177310993523,all_objects,2821,2821,0,0,0,-0.07553846663128201,0.1219994730227105,-0.8144722179256434,0.5476122399866941,-0.26843118370444385,-0.074004099821391,0.11557314861088785,all_objects,2821,2821,0,0,0,0.7558536262313511,0.3833376921078255,0.22344920549894004,6.8820653957064035,0.4567344122136967,0.6704594706122594,1.2854797848906196,all_objects,2821,2821,0,0,0,0.9162743296281173,0.43237815244755157,0.43616937953000434,7.065671733865907,0.6173645787889017,0.8107245556725138,1.5385513440593765,all_objects,2821,2821,0,0,0,0.1604207033967662,0.4562522144112451,-4.678154239789732,5.87153140097287,-0.3646571447878937,0.13793872509943195,0.7373407537419302,all_objects,2821,2821,0,0,0,0.8318069838534874,0.9080079149435271,0.03732406838668503,10.50319012812837,0.1600058620636933,0.5908007874126961,2.188799108771573,all_objects,2821,2821,0,0,0,0.13826404316500868,0.3857124768205874,-0.7948215797113626,0.9496657454414025,-0.47924129106612856,0.12820491811163265,0.7798094381669649,all_objects,2821,2821,0,0,0,0.00875116017711914,0.02195960138607944,-0.04135134883713247,0.2103044513442388,-0.011205262274198036,0.0024116160807987905,0.050283357840604614,all_objects,2821,2821,0,0,0,0.21430435615467602,0.08947837579022162,0.0469523957991237,0.7418799433324135,0.10341054806480819,0.19750568156635087,0.3828810651236515,all_objects,2821,2821,0,0,0,0.14826796237953926,0.08140013869058085,0.01465353509715235,0.5487062953452576,0.046433802528400396,0.13103342270045054,0.3000456478114684,all_objects,2821,2821,0,0,0,1.975312232786838,1.6229485814674784,0.23646304612243155,15.920947664156039,0.5707620574308634,1.4819796833790106,4.806056247025301,all_objects,2821,2821,0,0,0,0.004132202894393235,0.009484730353432584,4.1093566031712203e-08,0.09125237866560794,5.307048207149088e-07,3.0464709042357917e-05,0.0274184649198152,all_objects,2821,2821,0,0,0,0.015629823340444906,0.03559847359569412,6.548548009016404e-08,0.2178667059480312,1.0762255004348364e-06,0.0001027332931379565,0.10304055311633399,all_objects,2821,2821,0,0,0,0.005871899191072796,0.009395784153010194,4.777132892633778e-05,0.07632585553034171,0.00020951500661284066,0.0011588770761905452,0.028844682124531177,all_objects,2821,2821,0,0,0,0.02027472691515127,0.0338610349304536,6.296681807189628e-05,0.17380000175245305,0.0003336935403969711,0.003060959454917801,0.10413303144812201,all_objects,2821,2821,0,0,0,0.2193017605423224,0.4546805117800291,7.362195958648954e-06,2.2261854797088176,4.372051608925176e-05,0.0025448231926361586,1.4314274842772932,all_objects,2821,2821,0,0,0,0.7769576130084092,0.10966837493617056,0.06022002056833795,0.9748407475523077,0.5766124899843631,0.7965534016280216,0.9144160366074384,all_objects
dronevehicle,val,n_iou_lt_070,15,-2,2,2,2.8284271247461903,229,38,1,228,0.9956331877729258,41,47,40,0.851063829787234,1,164,0.7161572052401747,184,0.8034934497816594,212,229,0.925764192139738,0.925764192139738,229,229,0,0,0,0.6848735897625468,0.1658065993224928,0.0601547583652485,0.9431878242604391,0.31223147161574477,0.7167394156809527,0.8931966645450863,all_objects,229,229,0,0,0,0.6855492487928754,0.1656498948584303,0.0601547583652485,0.9431878242604391,0.31223147161574477,0.7167222512817472,0.8931966645450863,all_objects,229,229,0,0,0,0.08732422769934944,0.14042048804904927,-0.5987619397876216,0.5476122399866941,-0.12002570092569553,0.09243071836998307,0.30910880289802206,all_objects,229,229,0,0,0,1.4945124963834107,0.9070835221013352,0.5366924000095765,6.8820653957064035,0.7142901269861248,1.2817385013663638,3.1455186655522747,all_objects,229,229,0,0,0,1.1198200123936746,0.811041016076795,0.47672499776761823,7.065671733865907,0.6082523429113591,0.8703264313741997,2.3572434222634207,all_objects,229,229,0,0,0,-0.3746924839897357,0.7357984084393165,-4.678154239789732,5.65969988431936,-1.3246246936425288,-0.3075854072686288,0.3594429996515095,all_objects,229,229,0,0,0,1.0001315842429475,1.0256424821468004,0.07600396332452972,10.50319012812837,0.16655771204307698,0.77742864382582,2.5596612784409913,all_objects,229,229,0,0,0,0.5469370085811567,0.32324739953320264,-0.490183251068056,0.9496657454414025,-0.13569823713517506,0.651795161113606,0.8892930983590152,all_objects,229,229,0,0,0,0.048007765802525304,0.04153608265402159,-0.02642367712863684,0.2103044513442388,-0.00482838223573458,0.041340049107836,0.12422872886722064,all_objects,229,229,0,0,0,0.25009088131385304,0.09924600050455014,0.05043631924636972,0.7266968330210165,0.11142672481455829,0.24643293583450016,0.4216903129095801,all_objects,229,229,0,0,0,0.29917544821142666,0.07990702173898351,0.11748534660809072,0.5487062953452576,0.17629290285971208,0.2923887044919115,0.4489423658498955,all_objects,229,229,0,0,0,0.8548451258150471,0.3131714264630961,0.23646304612243155,2.4491764470657493,0.402882153995819,0.8269385944211343,1.3695652057237235,all_objects,229,229,0,0,0,0.005475445983635985,0.009938360038231906,1.406271870062639e-07,0.04403109365734497,1.3540541701570023e-06,0.00024667701421271157,0.030673521665897294,all_objects,229,229,0,0,0,0.020601950134690607,0.03771328616147997,2.2014374161079922e-07,0.17606597745106423,4.099932276369753e-06,0.0007086118694756933,0.11090561914918516,all_objects,229,229,0,0,0,0.0076189454588288024,0.009523064176285973,0.00012101904319820128,0.03815572942896542,0.00030963310214150605,0.0027901042203091492,0.028302142142100268,all_objects,229,229,0,0,0,0.025555467214879436,0.03407896178284031,0.0001567441460456595,0.14984710067395182,0.0005932580132789364,0.0071499600058645444,0.10296797584406607,all_objects,229,229,0,0,0,0.31574690191474947,0.5343514763429497,8.759193747209792e-06,1.9896810835860492,0.00010587023447214961,0.019428086909130116,1.639233404724723,all_objects,229,229,0,0,0,0.6911099103400367,0.16334717372528426,0.06022002056833795,0.9404289239449947,0.3346869760916794,0.7280786242229688,0.893046652108964,all_objects
dronevehicle,val,quality_gate070,15,-2,2,2,2.8284271247461903,47,17,1,47,1.0,40,47,40,0.851063829787234,0,45,0.9574468085106383,45,0.9574468085106383,47,47,1.0,1.0,47,47,0,0,0,0.7942522091632966,0.07769245308335385,0.5945771372484734,0.9404283667321548,0.639912985370155,0.8087606064723059,0.9054105406465771,all_objects,47,47,0,0,0,0.7937405289775002,0.07717816250401431,0.5945771372484734,0.9404283667321548,0.639912985370155,0.8112041950173867,0.9054105406465771,all_objects,47,47,0,0,0,0.16510072809863416,0.09804801797197389,-0.012754657255929946,0.3984470195453155,0.010903226159730764,0.1582525786079082,0.3273141678426552,all_objects,47,47,0,0,0,1.3880316664313053,0.3955650273255572,0.7392507661671757,2.677034604882545,0.9177338091907298,1.353883135161063,2.1112088029325635,all_objects,47,47,0,0,0,0.8350814550291115,0.18857419264049996,0.5327862329616295,1.3924868201227971,0.6167041135424638,0.7748258630695309,1.2083604022623633,all_objects,47,47,0,0,0,-0.5529502114021936,0.4099855192031194,-1.941028152517398,0.1449328469793425,-1.4011362920335102,-0.49497921642628917,-0.04689726443804192,all_objects,47,47,0,0,0,1.1506853717508305,0.8043141166711798,0.16031809828459465,3.889165826303528,0.2836509435425052,0.9310842650190431,2.9887163844368345,all_objects,47,47,0,0,0,0.7282659369714256,0.17279365603694113,0.13269308544239827,0.9385812993731636,0.32116613098164914,0.7873157628049707,0.8857333634224057,all_objects,47,47,0,0,0,0.0678563750649812,0.040623801294953556,0.004331578649102498,0.19735823617268322,0.014428100589176885,0.06045108449781648,0.14939139698613677,all_objects,47,47,0,0,0,0.283453418096834,0.09368392342046361,0.09919778859610502,0.5324163388500204,0.14831662963392733,0.27128899737176126,0.45370433891633827,all_objects,47,47,0,0,0,0.30209528315954254,0.06641035906692824,0.1647885377428922,0.4479153385848374,0.1842626799114659,0.2967767007007212,0.4201407658675155,all_objects,47,47,0,0,0,0.9508227550026237,0.27543090955183014,0.3342505943421048,1.6841241577759258,0.5587574730870953,0.9562329461424439,1.3509803931489959,all_objects,47,47,0,0,0,0.00220974959717114,0.006658565042208496,1.406271870062639e-07,0.031340261940162914,3.837439831764752e-07,2.0502395378282958e-05,0.01492859541794413,all_objects,47,47,0,0,0,0.007522823790082303,0.022581130872284725,2.2014374161079922e-07,0.1251980228572172,7.5105799204164e-07,7.860878077497876e-05,0.055366760562590274,all_objects,47,47,0,0,0,0.003804876990486857,0.007257775904371202,0.00012101904319820128,0.03192409786615012,0.00017618362924392718,0.0008866358732724786,0.02120175015792792,all_objects,47,47,0,0,0,0.012183471733428103,0.024795278453130763,0.0001567441460456595,0.12308334417119604,0.0002727292711979651,0.002903579481397126,0.06418549277312476,all_objects,47,47,0,0,0,0.11249537079514603,0.32209134477126483,8.759193747209792e-06,1.4828313378875606,2.919741453979441e-05,0.0015080703473699941,0.7686185594124919,all_objects,47,47,0,0,0,0.7972109349820752,0.07730282934946452,0.5947358424956477,0.9404289239449947,0.646414538198354,0.8087639025391898,0.9084792857607642,all_objects
dronevehicle,train,base,16,-2,-2,2,2.8284271247461903,15019,992,86,14921,0.9934749317531127,83,87,71,0.8160919540229885,12,1909,0.12710566615620214,1779,0.11844996337971903,8108,15019,0.5398495239363473,0.5398495239363473,15019,15019,0,0,0,0.7680350678695824,0.11138102353494761,0.05231625865606747,0.9894181013737561,0.556232416592933,0.7899858973652095,0.9074862249021174,all_objects,15019,15019,0,0,0,0.8010425777544603,0.09417919727280881,0.0,0.9821935666342952,0.6523039071910253,0.8151989091097694,0.9140193933256642,all_objects,15019,15019,0,0,0,-0.11795857713962861,0.12029969615634005,-0.86887206906805,0.5996586102911082,-0.33284082243635726,-0.10721872236108299,0.054827206074380644,all_objects,15019,15019,0,0,0,0.6632713244068966,0.26758734747326496,0.10241990049377958,8.35305220031238,0.4356911441378937,0.6311930896258302,0.9624656705975698,all_objects,15019,15019,0,0,0,0.9218000988430746,0.44205403299360563,0.33118679411883784,8.629530880360422,0.6065127884774172,0.7997949193262186,1.6750564254751241,all_objects,15019,15019,0,0,0,0.25852877443617783,0.43871997379035343,-5.759068028336304,6.3765721983426715,-0.11475482591250834,0.17052508642156528,0.982697877285463,all_objects,15019,15019,0,0,0,0.8838496513131356,0.9355919392591551,0.024004770398957265,12.871534530307095,0.15472579943094125,0.603128491762424,2.6758943460972033,all_objects,15019,15019,0,0,0,0.059248388299567654,0.3689369584685914,-0.9306752287817405,0.9775143554003566,-0.5208911017787098,0.037972851189531524,0.6858433946210808,all_objects,15019,15019,0,0,0,0.003796017062382002,0.015703019982761537,-0.03942688970783259,0.33648550881914663,-0.011571287059893041,0.0006307669057560247,0.02938701641514164,all_objects,15019,15019,0,0,0,0.21905758926168736,0.09692018790833147,0.03469521399665318,0.8213234270668253,0.0981773681807206,0.1979784255604579,0.41438236072117557,all_objects,15019,15019,0,0,0,0.12013046074260489,0.06490697003861162,0.005385099180978305,0.5564778656089192,0.040199843519522944,0.10724402260757561,0.24497633871249866,all_objects,15019,15019,0,0,0,2.4896741757553595,2.184031164098139,0.17313326430764722,43.216328304613825,0.6808121703210599,1.8355283254164358,6.334492378429008,all_objects,15019,15019,0,0,0,0.005576598775384834,0.011539718649129414,3.171008631772876e-08,0.08901562134688085,4.334284142936754e-07,3.743566428433931e-05,0.03280920865332244,all_objects,15019,15019,0,0,0,0.020773985959442458,0.042280806413920236,5.4861398718335024e-08,0.2230163053200471,8.950218056829034e-07,0.00012424051547067208,0.12495485279170998,all_objects,15019,15019,0,0,0,0.007159133960924671,0.010917979314369773,5.537703039240532e-05,0.07548683082918947,0.00019561853792653667,0.001275175629829176,0.03171710651898289,all_objects,15019,15019,0,0,0,0.024637882591657893,0.03823936112927737,7.946210577883009e-05,0.17605619657685845,0.00030022104355573116,0.0033005935029082867,0.11811508894547251,all_objects,15019,15019,0,0,0,0.28030331969803957,0.5234038617084308,2.9638364367201575e-06,2.004893128741628,3.777059632739112e-05,0.003070979083702241,1.5635974138752742,all_objects,15019,15019,0,0,0,0.7736588761883204,0.10863605428940924,0.09712035983146483,0.982987964777662,0.5661708576099139,0.7950854624505356,0.9096746240719968,all_objects
dronevehicle,train,n_iou_lt_070,16,-2,-2,2,2.8284271247461903,366,177,30,365,0.9972677595628415,83,87,71,0.8160919540229885,12,267,0.7295081967213115,279,0.7622950819672131,342,366,0.9344262295081968,0.9344262295081968,366,366,0,0,0,0.6863674105125903,0.17079675329289348,0.05231625865606747,0.9627137920761474,0.31033917459549276,0.7313141052963008,0.8820885153276697,all_objects,366,366,0,0,0,0.7096383576415185,0.16423462305201036,0.05231625865606747,0.9627137920761474,0.31033917459549276,0.7459653730027782,0.8843511683836235,all_objects,366,366,0,0,0,0.08559243748023854,0.15952864935640335,-0.5514833315242819,0.5996586102911082,-0.17336390025716558,0.08851053377789331,0.3510177655811043,all_objects,366,366,0,0,0,1.4789948250896785,1.162597592575813,0.4511581403753854,8.35305220031238,0.6714573288846857,1.12009933850163,3.7049300249625707,all_objects,366,366,0,0,0,1.1432046807301326,1.0497967201180982,0.4405893444770412,8.629530880360422,0.5835446532569807,0.8316742078694301,2.924999611906196,all_objects,366,366,0,0,0,-0.3357901443595458,0.8231034460159168,-5.759068028336304,3.2047165821721046,-1.7365763388318707,-0.2051266212016516,0.6166121346357618,all_objects,366,366,0,0,0,1.101248156849904,1.0932951392359558,0.051180830862917366,7.286642229247306,0.14303634954084804,0.7563404877196025,3.4468248426083075,all_objects,366,366,0,0,0,0.5443956535332564,0.32496654243621115,-0.5687710667291027,0.9775143554003566,-0.200395698031188,0.6472426526061732,0.8995738900884878,all_objects,366,366,0,0,0,0.047466684799126385,0.04877303042084072,-0.03695009245614871,0.33648550881914663,-0.0031348468465074836,0.03410491156509274,0.1436788206443549,all_objects,366,366,0,0,0,0.25871815986956304,0.10937354095176255,0.06088011437648408,0.6824390913210875,0.10947507699333599,0.23817796300267846,0.46639612013119697,all_objects,366,366,0,0,0,0.28164394507113644,0.09107254388665229,0.07874551543153165,0.5564778656089192,0.14408113147981821,0.2711801487714192,0.45560411929605804,all_objects,366,366,0,0,0,0.9504883979397466,0.3528362365455206,0.17313326430764722,3.3485720630216416,0.44386446812271696,0.9315341641735715,1.5276364822789115,all_objects,366,366,0,0,0,0.008899442207877143,0.013651404232763217,1.4559556351036745e-07,0.06072462384410229,1.6875500922198645e-06,0.0010064050551606338,0.040717467911275854,all_objects,366,366,0,0,0,0.031542047965141054,0.04753131519050953,2.543204034841916e-07,0.2208686506601385,3.7909772741515322e-06,0.00355745422163939,0.13481280079827396,all_objects,366,366,0,0,0,0.011033582663931337,0.0125478741088659,0.00011566870632290728,0.05632506985018962,0.00037510772530321523,0.005208715992222951,0.03669128235852137,all_objects,366,366,0,0,0,0.035824222168722025,0.04084919276825873,0.00016600591172351872,0.1701182167894611,0.0006047334151184902,0.016548331953203016,0.11882222639921572,all_objects,366,366,0,0,0,0.4509608893321547,0.6111039852192767,8.160188542660762e-06,1.9736737078115283,0.00011411425714413781,0.0729714286881773,1.7540867001913831,all_objects,366,366,0,0,0,0.6920468099486758,0.16674279787093038,0.09712035983146483,0.9327559549156533,0.3229094730225867,0.7396136990754525,0.8819930759627518,all_objects
dronevehicle,train,quality_gate070,16,-2,-2,2,2.8284271247461903,87,70,14,87,1.0,71,87,71,0.8160919540229885,0,80,0.9195402298850575,79,0.9080459770114943,87,87,1.0,1.0,87,87,0,0,0,0.7705154475514957,0.08250049402469639,0.5735967802206424,0.9186232545920318,0.6234523305899211,0.7831140573087612,0.8993527490438067,all_objects,87,87,0,0,0,0.7740043248603624,0.08143922390547778,0.5975171697105578,0.9208798007348835,0.6278392344114851,0.7856222381392189,0.9043139455672772,all_objects,87,87,0,0,0,0.1349358747900677,0.10881122909987888,-0.0628150718525623,0.5914647523312719,-0.022700391088516174,0.13294360698657437,0.3241675750611119,all_objects,87,87,0,0,0,1.3461534117056007,0.6485678792420372,0.6274650772553702,4.622438517835739,0.7912989290697857,1.183739788792491,2.3987487881086174,all_objects,87,87,0,0,0,0.8166521705585758,0.14533418712945004,0.6037032972297283,1.439625089607631,0.6587750063209002,0.7872791808658245,1.1027388282814707,all_objects,87,87,0,0,0,-0.5295012411470249,0.6620338097815234,-4.01873522060601,0.06538307564952683,-1.5888583320743908,-0.3486405012089431,0.02148496733977601,all_objects,87,87,0,0,0,1.2655893981078319,1.2356249425251749,0.11053456094274072,7.286642229247306,0.16019433716545628,0.88079497074547,3.688554956222996,all_objects,87,87,0,0,0,0.6848846751071787,0.1647960015433713,0.08705085727367028,0.9211951195112223,0.38728644571901144,0.7168484284481949,0.8932671332961581,all_objects,87,87,0,0,0,0.06208946341774801,0.05365907159934388,0.0018992541297352412,0.33648550881914663,0.00980744788105605,0.049286189119743286,0.15060447542032043,all_objects,87,87,0,0,0,0.27610664234927756,0.11657349990734578,0.07963720387770963,0.6824390913210875,0.11851053158305172,0.2615280785466932,0.48679330935277654,all_objects,87,87,0,0,0,0.28022170883193603,0.07969857639891607,0.08658896473228668,0.5497061660919618,0.17209720723695154,0.27225604214379306,0.4245596200029702,all_objects,87,87,0,0,0,0.9928497316379047,0.31692610523799036,0.38676484688291635,1.7579038959801805,0.5078619778174828,1.008165515486662,1.5181360451202983,all_objects,87,87,0,0,0,0.005456130436948457,0.011686543633361274,2.0259720092325234e-07,0.05557661458495146,4.914125629637557e-07,8.885602023456216e-05,0.031433951398821075,all_objects,87,87,0,0,0,0.018279652118467146,0.038159686988605994,3.178376525718596e-07,0.1664663800346579,1.0154249265803182e-06,0.00029878594170783956,0.10275042081438228,all_objects,87,87,0,0,0,0.007722101667701597,0.012358145215133096,0.00014038206948922762,0.05632506985018962,0.00020757154098697558,0.0018230241483774856,0.03612661178860583,all_objects,87,87,0,0,0,0.02370181284073645,0.03647886448302331,0.00018049094387221203,0.1432036900576539,0.00033755502765183147,0.005601150411233346,0.10342164875924638,all_objects,87,87,0,0,0,0.24142054160435047,0.48481276063463385,1.533467843728431e-05,1.8679132397960245,3.171551139189432e-05,0.005544670778135696,1.365137382898229,all_objects,87,87,0,0,0,0.7724978028880639,0.08031981267652123,0.5294823923469427,0.9206972099153725,0.6337481631182192,0.7856570948688313,0.8993546024144885,all_objects
dronevehicle,val,base,16,-2,-2,2,2.8284271247461903,2821,192,1,2809,0.9957461892945764,49,47,45,0.9574468085106383,4,625,0.22155264090747961,617,0.21871676710386387,1683,2821,0.5965969514356612,0.5965969514356612,2821,2821,0,0,0,0.7532667976833035,0.11777228093477309,0.032611825184530624,0.9805173481267226,0.5339480237752043,0.7750387033693084,0.9022849412425485,all_objects,2821,2821,0,0,0,0.7854059654956237,0.10897316766299493,0.032611825184530624,0.9805173481267226,0.5982767405237742,0.8049351987458483,0.9105046504889118,all_objects,2821,2821,0,0,0,-0.09518389102009352,0.1346601706240756,-0.7301004647711098,0.5052779937820633,-0.32578181861383537,-0.0887370313531145,0.11325243684403241,all_objects,2821,2821,0,0,0,0.7558536262313511,0.3833376921078255,0.22344920549894004,6.8820653957064035,0.4567344122136967,0.6704594706122594,1.2854797848906196,all_objects,2821,2821,0,0,0,0.9720849247848551,0.5038769610178363,0.4429509628653138,7.431597740186222,0.618927785655143,0.8242460219280412,1.861357690662779,all_objects,2821,2821,0,0,0,0.21623129855350384,0.5244343442278415,-4.610509484217262,6.645888000558046,-0.36515310136967427,0.15179421333205967,1.0657843037099664,all_objects,2821,2821,0,0,0,0.9432871557474665,1.0131191942057958,0.03364836877295808,11.460326908849645,0.16286752235934476,0.6619497630219038,2.6503498294718995,all_objects,2821,2821,0,0,0,0.12882748545723893,0.3910422383788535,-0.8103330714978231,0.9564671144791668,-0.48407202166210983,0.11616504426866091,0.7590933810126237,all_objects,2821,2821,0,0,0,0.008304588583232641,0.021488285484237465,-0.05279169396120832,0.19274075085423178,-0.012637934021099397,0.0023063181966850275,0.04835409048101812,all_objects,2821,2821,0,0,0,0.2278399068884347,0.0968187509496525,0.04573013684371049,0.7529827114741078,0.10306671090659227,0.21136814708326562,0.4167971199235576,all_objects,2821,2821,0,0,0,0.14826796237953926,0.08140013869058085,0.01465353509715235,0.5487062953452576,0.046433802528400396,0.13103342270045054,0.3000456478114684,all_objects,2821,2821,0,0,0,2.1309059061501565,1.8160333824978978,0.11993462337785456,18.959446489263286,0.6004647111120883,1.5598429805122933,5.389580383570136,all_objects,2821,2821,0,0,0,0.005094341367634761,0.010574568624418874,4.078559690322396e-08,0.07474503637551874,5.394470773173122e-07,4.0405610257502704e-05,0.030965011910008014,all_objects,2821,2821,0,0,0,0.01893876001036282,0.03875795668593967,7.818293684523582e-08,0.2178667059480312,1.07538669147909e-06,0.0001322765646439976,0.11812492109557536,all_objects,2821,2821,0,0,0,0.006840745685161194,0.010255582927566554,6.577931131214229e-05,0.06451494045052884,0.0002138137661749807,0.0012937011006448297,0.03048737522517025,all_objects,2821,2821,0,0,0,0.02344155029092539,0.036034381002375965,9.503651685758186e-05,0.17380000175245305,0.00032588659528590987,0.003316865600287158,0.11216783946961649,all_objects,2821,2821,0,0,0,0.2621996946026589,0.4921822255434407,3.4230343430863286e-06,2.2261854797088176,4.6203832198443706e-05,0.00361259065584818,1.472458111814717,all_objects,2821,2821,0,0,0,0.7583936734334983,0.11550902187404391,0.04485881753014917,0.9805178707219259,0.5390398746395252,0.780893532734646,0.902625754722776,all_objects
dronevehicle,val,n_iou_lt_070,16,-2,-2,2,2.8284271247461903,229,38,1,228,0.9956331877729258,49,47,45,0.9574468085106383,4,178,0.777292576419214,188,0.8209606986899564,216,229,0.9432314410480349,0.9432314410480349,229,229,0,0,0,0.6854083023398261,0.16259432039165037,0.034922978444875,0.9574499087958634,0.3551849120172907,0.7244134911753412,0.8658818739091769,all_objects,229,229,0,0,0,0.6876509618933541,0.16309907834003537,0.034922978444875,0.9717220562815588,0.3551849120172907,0.7254046667641271,0.8720278458324747,all_objects,229,229,0,0,0,0.08785894027662873,0.1319616906433142,-0.6239937197079951,0.5052779937820633,-0.10937379762864097,0.08826167632282411,0.27345746836432255,all_objects,229,229,0,0,0,1.4945124963834107,0.9070835221013352,0.5366924000095765,6.8820653957064035,0.7142901269861248,1.2817385013663638,3.1455186655522747,all_objects,229,229,0,0,0,1.1224278708749018,0.8852223079276436,0.49310010590256403,7.431597740186222,0.6097535205056852,0.867247659214689,2.451788987479721,all_objects,229,229,0,0,0,-0.3720846255085084,0.7442864784714917,-4.610509484217262,6.025625890639675,-1.3539305590985347,-0.3228404975914795,0.26486502435136206,all_objects,229,229,0,0,0,0.926557173527908,1.0167296289703036,0.067367604994439,11.460326908849645,0.17272639494930656,0.6696281752901397,2.254981518856064,all_objects,229,229,0,0,0,0.5652289264509558,0.2860501125818157,-0.3824356605019554,0.9564671144791668,-0.007421647124730419,0.6502103275822378,0.8943438449168701,all_objects,229,229,0,0,0,0.046595432316800196,0.03837955866269771,-0.022601674100404215,0.19274075085423178,-0.00042316906860362683,0.03982245175820933,0.12379310928905117,all_objects,229,229,0,0,0,0.2427544942328144,0.09350387021907557,0.06392415443618756,0.7495438006406089,0.10809591594236707,0.232689216388663,0.41006568439103847,all_objects,229,229,0,0,0,0.29917544821142666,0.07990702173898351,0.11748534660809072,0.5487062953452576,0.17629290285971208,0.2923887044919115,0.4489423658498955,all_objects,229,229,0,0,0,0.8327915633624212,0.30263843567720417,0.11993462337785456,2.526177271120753,0.43533473512640736,0.8114619983977285,1.2835663841872276,all_objects,229,229,0,0,0,0.006296128890466454,0.011449861002850323,1.0811024754368902e-07,0.054220995967276045,1.057970074197587e-06,0.0002712494398677103,0.03458404574721701,all_objects,229,229,0,0,0,0.021478429336943942,0.03775633328864087,1.586849651795291e-07,0.17606597745106423,2.3139136852257694e-06,0.0008461090593125977,0.11572297059399411,all_objects,229,229,0,0,0,0.008444089730919018,0.010983549391225504,0.00010381180873689368,0.051333914312487995,0.0002853054204563189,0.00304805519477943,0.03271290466472256,all_objects,229,229,0,0,0,0.026309666721391938,0.03413312937854886,0.00012809260296294805,0.14984710067395182,0.0004974679535472365,0.008143192084505844,0.10791544558512789,all_objects,229,229,0,0,0,0.338402660977946,0.5383445449902189,1.4006750802764145e-05,1.9896810835860492,9.31300014599401e-05,0.021538490634668506,1.5859132991995977,all_objects,229,229,0,0,0,0.6928057813383228,0.16147558843955123,0.04485881753014917,0.9729923593238891,0.36872420761343244,0.7380946043389125,0.8744280102644629,all_objects
dronevehicle,val,quality_gate070,16,-2,-2,2,2.8284271247461903,47,17,1,47,1.0,45,47,45,0.9574468085106383,0,47,1.0,46,0.9787234042553191,47,47,1.0,1.0,47,47,0,0,0,0.7872215247372187,0.061161090523406125,0.6436922649706619,0.924537826647381,0.7135058796304337,0.7883244551476511,0.8924990676218023,all_objects,47,47,0,0,0,0.7883446679526956,0.06112053200373921,0.6436922649706619,0.924537826647381,0.7139842422010133,0.7883244551476511,0.8924990676218023,all_objects,47,47,0,0,0,0.15807004367255612,0.07340648157077122,0.028578279926673833,0.355922139992615,0.05535710987670082,0.13962218343314148,0.2663164284158621,all_objects,47,47,0,0,0,1.3880316664313053,0.3955650273255572,0.7392507661671757,2.677034604882545,0.9177338091907298,1.353883135161063,2.1112088029325635,all_objects,47,47,0,0,0,0.8108244551262519,0.14675715956443555,0.4933672225209633,1.3289761052939828,0.6160425166966903,0.80186935578365,1.0271079252231092,all_objects,47,47,0,0,0,-0.5772072113050533,0.3908151293358727,-1.8494068531169425,0.19444462237961635,-1.359107085637611,-0.5097388070695654,-0.1898638283158495,all_objects,47,47,0,0,0,1.1072139173561464,0.6766126390162593,0.20944301904306495,2.803213094723512,0.32723114920717133,0.9361817170134322,2.365378701661952,all_objects,47,47,0,0,0,0.7393271241337797,0.13009363751381128,0.3856234810900262,0.9365556451023511,0.4708780070488109,0.7768268535007672,0.9121112282447146,all_objects,47,47,0,0,0,0.06685505914840323,0.0367615899044308,0.015001059844594395,0.16907107696185175,0.022782068007983807,0.05752846381404816,0.135293903038216,all_objects,47,47,0,0,0,0.2804362044826813,0.0830719156196129,0.1352517737526831,0.4583170911568805,0.15176789061641086,0.2620259436462522,0.4162541203574065,all_objects,47,47,0,0,0,0.30209528315954254,0.06641035906692824,0.1647885377428922,0.4479153385848374,0.1842626799114659,0.2967767007007212,0.4201407658675155,all_objects,47,47,0,0,0,0.9427685664167974,0.2672213935087589,0.4702485508213733,1.9597957213970352,0.6058350621005212,0.9013415812469434,1.287755933635711,all_objects,47,47,0,0,0,0.002495984047840065,0.005942996117384222,1.0811024754368902e-07,0.02561514528577776,3.798065389341575e-07,2.184302587314593e-05,0.015359847789561091,all_objects,47,47,0,0,0,0.008943723021837078,0.02123326411545063,1.586849651795291e-07,0.10230016891435366,6.734553039440766e-07,7.860878077497876e-05,0.05767073071168179,all_objects,47,47,0,0,0,0.004192510439171888,0.006488027625163551,0.00010381180873689368,0.025504329836195803,0.00018968647039144224,0.0010915791246327556,0.018953106987055688,all_objects,47,47,0,0,0,0.01362878249936905,0.02216196391186699,0.00012809260296294805,0.08924552967807486,0.00026509811679307593,0.002903579481397126,0.057996026659179356,all_objects,47,47,0,0,0,0.16624142830354255,0.3934793211924964,1.4006750802764145e-05,1.4664550937047807,2.9349487158469858e-05,0.0015709076292864665,1.32727500216406,all_objects,47,47,0,0,0,0.7901874474709407,0.06029900513966621,0.6438398343924381,0.9245912905727114,0.714179788481597,0.7887580205523859,0.8960552824376996,all_objects
dronevehicle,train,base,17,4,0,4,4.0,15019,992,86,14683,0.9776283374392436,58,87,52,0.5977011494252874,6,1492,0.09934083494240628,1509,0.10047273453625408,7751,15019,0.5160796324655437,0.5160796324655437,15019,15019,0,0,0,0.7511151574130803,0.11459763116112412,0.04986649477397526,0.9810660069643545,0.5431461377571322,0.7691682099750164,0.900349476933554,all_objects,15019,15019,0,0,0,0.7713513643224654,0.10369759995734698,0.0,0.9767970358629013,0.6003119223533508,0.7882023554692106,0.8995782618112892,all_objects,15019,15019,0,0,0,-0.1348784875961307,0.12210837777158645,-0.9370539819706944,0.6104667810988332,-0.34261417881931305,-0.12185412940260709,0.03900708770829334,all_objects,15019,15019,0,0,0,0.6632713244068966,0.26758734747326496,0.10241990049377958,8.35305220031238,0.4356911441378937,0.6311930896258302,0.9624656705975698,all_objects,15019,15019,0,0,0,0.9527659812925009,0.4653060325175693,0.35606150015300775,9.27695730621939,0.6154954691961579,0.8272947493108775,1.7572319692302565,all_objects,15019,15019,0,0,0,0.2894946568856043,0.46578607290445884,-5.997486472337895,6.987406756132221,-0.09684295859364402,0.1954952891911811,1.0814992343090533,all_objects,15019,15019,0,0,0,1.0088211764145472,0.9816010427620006,0.028146462203346448,12.243538280897614,0.20273210139556813,0.7388418267172243,2.8182340509812795,all_objects,15019,15019,0,0,0,0.03499763099853138,0.34990156469906153,-0.8712974782641507,0.9641240416730921,-0.5156532609616838,0.015238863420524471,0.6325927481591965,all_objects,15019,15019,0,0,0,0.003532161447274062,0.016416541403011103,-0.057101159243105146,0.29293631364203476,-0.013256191174325924,0.00028356731517048604,0.030849559919213176,all_objects,15019,15019,0,0,0,0.24963106789621348,0.09499751068007292,0.052018258712377675,0.763562679915501,0.1226216419610544,0.23523389867886998,0.43966931478816557,all_objects,15019,15019,0,0,0,0.12013046074260489,0.06490697003861162,0.005385099180978305,0.5564778656089192,0.040199843519522944,0.10724402260757561,0.24497633871249866,all_objects,15019,15019,0,0,0,2.824980961068705,2.3512054995419813,0.23660497987190413,42.555749100235076,0.8246337534413669,2.1487590619260986,6.8529831897325275,all_objects,15019,15019,0,0,0,0.004472170172551937,0.014469576031624978,1.6095458621708796e-08,0.11569946706106199,3.0429966569759616e-07,1.0903731608378685e-05,0.037071833856362674,all_objects,15019,15019,0,0,0,0.017882641166210904,0.0578750178096528,3.524088772550054e-08,0.46279587678360107,8.267841338626163e-07,4.0420194032004164e-05,0.14827541759028587,all_objects,15019,15019,0,0,0,0.006020304842297247,0.01372005600791051,4.2105314756565454e-05,0.0958346352052135,0.00016996514762782625,0.0008265971927090026,0.04078619831903677,all_objects,15019,15019,0,0,0,0.023413183641048038,0.054776618057570434,8.855249545416838e-05,0.38268626411346723,0.0004072638671564465,0.002682139238741614,0.1624551141182554,all_objects,15019,15019,0,0,0,0.23321450428998777,0.6991123267108283,2.620810562348197e-06,4.974012747488359,4.8003818039887844e-05,0.0012364918086404941,2.0761262401643084,all_objects,15019,15019,0,0,0,0.7567196874599862,0.11108800950572613,0.07740114918992176,0.9810295044480525,0.5556251382990467,0.7748435543144587,0.9012346111474352,all_objects
dronevehicle,train,n_iou_lt_070,17,4,0,4,4.0,366,177,30,351,0.9590163934426229,58,87,52,0.5977011494252874,6,243,0.6639344262295082,257,0.7021857923497268,326,366,0.8907103825136612,0.8907103825136612,366,366,0,0,0,0.6630604535169425,0.15879127331971057,0.10915545481458074,0.9560114098997526,0.33792124499143056,0.6928015695459909,0.865681441696774,all_objects,366,366,0,0,0,0.6761947600389501,0.1579269487049302,0.11637161876368819,0.9560114098997526,0.33792124499143056,0.7061995224171993,0.8673673612714592,all_objects,366,366,0,0,0,0.06228548048459082,0.15537279157308437,-0.4829871338369873,0.6104667810988332,-0.1829775744944766,0.05007268199202264,0.33564897994194576,all_objects,366,366,0,0,0,1.4789948250896785,1.162597592575813,0.4511581403753854,8.35305220031238,0.6714573288846857,1.12009933850163,3.7049300249625707,all_objects,366,366,0,0,0,1.1517353632559122,0.9666960767922934,0.4621717759796945,9.27695730621939,0.6166443059389144,0.8784829559565672,2.4748493831877183,all_objects,366,366,0,0,0,-0.3272594618337664,0.8001633523866715,-5.997486472337895,3.5068260630533326,-1.7068984170848136,-0.16362309698759292,0.46466435797645,all_objects,366,366,0,0,0,1.1432516533003458,1.070051516714613,0.0577046975533191,6.1454342765178644,0.18111490573748834,0.7827652805253784,3.0936869041251605,all_objects,366,366,0,0,0,0.46266349201297696,0.33370124535892626,-0.6714700498819421,0.9641240416730921,-0.13338926157839506,0.5312474115363223,0.8755439576944377,all_objects,366,366,0,0,0,0.044710997794490163,0.04901171835420672,-0.041461038040211985,0.29293631364203476,-0.005449690036728735,0.031712731650988715,0.1364931859109077,all_objects,366,366,0,0,0,0.2705072679167478,0.11084805661608721,0.05763741344337609,0.6494839845053008,0.12486483812975935,0.2564762416763126,0.4633496830621312,all_objects,366,366,0,0,0,0.28164394507113644,0.09107254388665229,0.07874551543153165,0.5564778656089192,0.14408113147981821,0.2711801487714192,0.45560411929605804,all_objects,366,366,0,0,0,0.9985440160506966,0.3763469530942129,0.23660497987190413,3.078584172452924,0.4836543815417831,0.9772455772239956,1.6458165191800385,all_objects,366,366,0,0,0,0.007447486190026122,0.0174626245563978,1.2812478870626646e-07,0.10053403058957024,1.1540523298711904e-06,5.8566534204506675e-05,0.05436716938405965,all_objects,366,366,0,0,0,0.02977761848601739,0.06985174360311043,3.7410896352790757e-07,0.40213090017297826,3.6124069310719234e-06,0.00022480292658413976,0.21746590332831794,all_objects,366,366,0,0,0,0.009351006348975975,0.016006886052049293,0.00011163935815537105,0.07476970637867537,0.0003130501867462951,0.0017220354768063342,0.05175762105396764,all_objects,366,366,0,0,0,0.03645383122695023,0.06395456394987947,0.00028121622385665005,0.2981247531907905,0.0008319608303674281,0.005877363957727458,0.20594457251078668,all_objects,366,366,0,0,0,0.4339302686558039,0.92037384557904,2.1088063476781826e-05,3.9524533256432335,0.00017064667050625815,0.00688672222867126,2.80992051840218,all_objects,366,366,0,0,0,0.6718779677436157,0.15654951714130333,0.10915563119870288,0.9559779222310701,0.37754674385773057,0.6999737785076916,0.8689736231621206,all_objects
dronevehicle,train,quality_gate070,17,4,0,4,4.0,87,70,14,83,0.9540229885057471,52,87,52,0.5977011494252874,0,70,0.8045977011494253,74,0.8505747126436781,84,87,0.9655172413793104,0.9655172413793104,87,87,0,0,0,0.7242261029592504,0.10828916694448877,0.3983043299881714,0.8793863573528756,0.4880194958605376,0.7315075771856722,0.8608818309724601,all_objects,87,87,0,0,0,0.7214487992093458,0.1072570701406362,0.4168135734907293,0.8744158539578192,0.4880194958605376,0.7315075771856722,0.8512422468041425,all_objects,87,87,0,0,0,0.08864653019782238,0.12091267871261509,-0.2077855920315333,0.49832791251655123,-0.12214015663113993,0.08453496669182226,0.26640487797042167,all_objects,87,87,0,0,0,1.3461534117056007,0.6485678792420372,0.6274650772553702,4.622438517835739,0.7912989290697857,1.183739788792491,2.3987487881086174,all_objects,87,87,0,0,0,0.8637434684624916,0.14297584916404202,0.5967294160282496,1.2582808562533176,0.6532367716360371,0.8460705222113387,1.1723488211024546,all_objects,87,87,0,0,0,-0.48240994324310893,0.6523323383556926,-3.864754836775785,0.19232576268466295,-1.476723327186571,-0.2900249835714436,0.04873443285967161,all_objects,87,87,0,0,0,1.3281332835261692,1.186682921447103,0.07187112249431084,5.945387006075313,0.1861104708955451,0.9564434895106165,3.5307376359070584,all_objects,87,87,0,0,0,0.5730912553222767,0.24261588295385916,-0.11817595870004692,0.9127540281863153,0.0837542318471772,0.6188648099929349,0.8660706564547598,all_objects,87,87,0,0,0,0.05737594868567595,0.052448798978657736,-0.0034173790749489306,0.29293631364203476,0.0034601870015595645,0.043741810382545265,0.1405787163327439,all_objects,87,87,0,0,0,0.2919622776481824,0.11540160979306908,0.07634772770843873,0.6494839845053008,0.12104556099240242,0.2819703078290651,0.4716182753093412,all_objects,87,87,0,0,0,0.28022170883193603,0.07969857639891607,0.08658896473228668,0.5497061660919618,0.17209720723695154,0.27225604214379306,0.4245596200029702,all_objects,87,87,0,0,0,1.052540600695261,0.32738386839688344,0.4041637932133022,2.0457924915378762,0.5721579730574173,1.032561331354827,1.6527252029360398,all_objects,87,87,0,0,0,0.006338202746656202,0.0161016399306701,2.107142569088475e-07,0.06355182085417924,7.216797569941209e-07,1.7716834550579482e-05,0.05616289576085753,all_objects,87,87,0,0,0,0.025348548125123476,0.06440497387606486,4.536353405595984e-07,0.25420410524060955,2.2059964287699363e-06,6.973601207561603e-05,0.22463973154270414,all_objects,87,87,0,0,0,0.008501316266862216,0.01645293106546147,0.00014764462699694113,0.06148492386347892,0.00024490827140708816,0.0011001633951771837,0.05740132760090438,all_objects,87,87,0,0,0,0.03328743754384042,0.06565960542444771,0.000308112457850821,0.24528660720286133,0.0006628365135103913,0.003802088034629963,0.22817400828921727,all_objects,87,87,0,0,0,0.3182407931090945,0.746287033528567,2.7205581147882185e-05,2.70598043051385,8.15810825798735e-05,0.0017533397818283447,2.566595851927255,all_objects,87,87,0,0,0,0.7329863850450515,0.10009553349003573,0.39846906938225113,0.8793849253614208,0.5190393586057466,0.7357106231470238,0.8632965329684532,all_objects
dronevehicle,val,base,17,4,0,4,4.0,2821,192,1,2752,0.9755405884438143,40,47,39,0.8297872340425532,1,481,0.17050691244239632,550,0.19496632399858208,1659,2821,0.5880893300248139,0.5880893300248139,2821,2821,0,0,0,0.7338994287914358,0.11625700916542087,0.062454815485713314,0.9571587151323884,0.5224537535406891,0.7485118120231676,0.8880942838363758,all_objects,2821,2821,0,0,0,0.7522270163571254,0.11078935643782357,0.04186631234361595,0.9724595004250216,0.5605965229518488,0.7677072207708501,0.8874016693700242,all_objects,2821,2821,0,0,0,-0.1145512599119615,0.13201875442210298,-0.7320538006067432,0.6183034944754757,-0.33571026107547475,-0.10990346210028024,0.0980408094411912,all_objects,2821,2821,0,0,0,0.7558536262313511,0.3833376921078255,0.22344920549894004,6.8820653957064035,0.4567344122136967,0.6704594706122594,1.2854797848906196,all_objects,2821,2821,0,0,0,1.0081702796147487,0.5209975883652315,0.4751748297876691,7.867348920264167,0.6334655602126665,0.868708329826763,1.881136618082333,all_objects,2821,2821,0,0,0,0.25231665338339754,0.5394880318537244,-4.656273162169012,7.276508599102725,-0.3646049517492952,0.1854941572293224,1.0996251956765082,all_objects,2821,2821,0,0,0,1.1220198257194482,1.0581802053254195,0.04913807418330818,12.657664533081787,0.22312208476597414,0.868616492630534,2.903125400463482,all_objects,2821,2821,0,0,0,0.11391305721040083,0.367098543895052,-0.8667776431982179,0.9774346109763123,-0.46893236751941686,0.09776031970367405,0.7161061163366161,all_objects,2821,2821,0,0,0,0.009302533078024592,0.02401115250906698,-0.04615918266960714,0.2146708124603542,-0.013717277218540803,0.002370764404750944,0.059089207196779195,all_objects,2821,2821,0,0,0,0.26501182136092244,0.09636447201345681,0.07115912772721465,0.8089873700736634,0.12684111451044966,0.25435167971644307,0.4437641763418543,all_objects,2821,2821,0,0,0,0.14826796237953926,0.08140013869058085,0.01465353509715235,0.5487062953452576,0.046433802528400396,0.13103342270045054,0.3000456478114684,all_objects,2821,2821,0,0,0,2.46136189572591,1.9839706757264859,0.17275158219212292,22.860067418748667,0.7305592105308458,1.8351993794258865,6.017478174363019,all_objects,2821,2821,0,0,0,0.004702287766358718,0.014906169932006703,4.531982525364818e-08,0.11059752685005253,3.4673521064415694e-07,1.3960918470671712e-05,0.039535442453462924,all_objects,2821,2821,0,0,0,0.018801664670424593,0.059621683436611346,1.0091100235153984e-07,0.44238692671556074,9.865577115919672e-07,5.1140743841710207e-05,0.15804089139931018,all_objects,2821,2821,0,0,0,0.006368178843294927,0.013933000607037676,7.057093042326984e-05,0.09024890737821115,0.00018155025382376924,0.0009294976271727987,0.03928235861937434,all_objects,2821,2821,0,0,0,0.024768362695476543,0.05561944057295657,0.0001468630591093539,0.36016126521931596,0.00044407154327061484,0.003038500698617511,0.1559687305651997,all_objects,2821,2821,0,0,0,0.24334041506232107,0.7086267075499058,6.0066507785450085e-06,3.9877931564427627,5.297329659015304e-05,0.001591479968794829,2.1098230862845924,all_objects,2821,2821,0,0,0,0.7390332918311897,0.11381095874604716,0.062451172341425096,0.9571555467584751,0.5303430953707183,0.7549557116922642,0.8882745740723015,all_objects
dronevehicle,val,n_iou_lt_070,17,4,0,4,4.0,229,38,1,224,0.9781659388646288,40,47,39,0.8297872340425532,1,160,0.6986899563318777,174,0.759825327510917,201,229,0.8777292576419214,0.8777292576419214,229,229,0,0,0,0.6625877924580487,0.16589302013122834,0.062454815485713314,0.9140789211613268,0.28819830574167965,0.7104468276747036,0.8608445862452404,all_objects,229,229,0,0,0,0.6647776067477283,0.1669146950035608,0.062454815485713314,0.9140789211613268,0.28819830574167965,0.7177234196321287,0.8632925109626806,all_objects,229,229,0,0,0,0.06503843039485137,0.1364501441428044,-0.5964618826671568,0.6183034944754757,-0.14996818022770644,0.07884494551527776,0.25880623266665903,all_objects,229,229,0,0,0,1.4945124963834107,0.9070835221013352,0.5366924000095765,6.8820653957064035,0.7142901269861248,1.2817385013663638,3.1455186655522747,all_objects,229,229,0,0,0,1.185073014960203,0.9052620159730259,0.47547762004393235,6.846729530228871,0.6265241051903824,0.9094001653026466,2.4087213215987697,all_objects,229,229,0,0,0,-0.3094394814232079,0.7619642571224434,-4.656273162169012,5.381404796521466,-1.2353014723618019,-0.28308751172827984,0.6425167376875309,all_objects,229,229,0,0,0,1.2429357581374418,1.134398009379743,0.11234757978968732,9.635892814741533,0.16904021415658607,0.9249200855494379,3.369451205682485,all_objects,229,229,0,0,0,0.49415982051736995,0.3358657655702327,-0.7073716734068055,0.9614534805687995,-0.1882949898402864,0.6159056856615708,0.8626743689469414,all_objects,229,229,0,0,0,0.04956199104624539,0.045349354190867115,-0.021344215257234768,0.2146708124603542,-0.008827273088602412,0.04373504201436759,0.1421953124274452,all_objects,229,229,0,0,0,0.2828030743302062,0.10967803256175239,0.09478988067967155,0.7093950647569457,0.11999231986679101,0.2689543490007112,0.48102296501004843,all_objects,229,229,0,0,0,0.29917544821142666,0.07990702173898351,0.11748534660809072,0.5487062953452576,0.17629290285971208,0.2923887044919115,0.4489423658498955,all_objects,229,229,0,0,0,0.9790014469196728,0.36695354817213016,0.17275158219212292,2.39086453293673,0.4300449932699038,0.9709879765223385,1.5481586305359971,all_objects,229,229,0,0,0,0.005785806977273453,0.01493294856793263,1.068199851858957e-07,0.08569968538405873,6.107073286859757e-07,7.578934200802351e-05,0.038372560217813066,all_objects,229,229,0,0,0,0.02313266173468875,0.05972776621030207,2.2638547577282212e-07,0.34278777392056886,1.9417794517599405e-06,0.0002917609359259056,0.15348514290300153,all_objects,229,229,0,0,0,0.007894526427927321,0.013503105141136909,0.00010973550971079077,0.06706080723650584,0.00022991497488709508,0.0018528500719882483,0.0364571465294749,all_objects,229,229,0,0,0,0.030651941296779908,0.053858314777043656,0.00022722899529409324,0.267399836112662,0.0006055399660747835,0.006508921548804417,0.1449615949018862,all_objects,229,229,0,0,0,0.33304182373107283,0.7913248612888245,1.851912543315848e-05,3.6543686511008673,8.691918058048032e-05,0.007954767128921958,2.5926845663573648,all_objects,229,229,0,0,0,0.6682822714538306,0.1641763564584753,0.062451172341425096,0.9142077062436472,0.3089759022668475,0.714832616773614,0.8668643505690199,all_objects
dronevehicle,val,quality_gate070,17,4,0,4,4.0,47,17,1,47,1.0,39,47,39,0.8297872340425532,0,41,0.8723404255319149,45,0.9574468085106383,45,47,0.9574468085106383,0.9574468085106383,47,47,0,0,0,0.7490195656103463,0.08770440624938136,0.48673812663923294,0.8734934299918619,0.5595860190695139,0.766366620437418,0.8497422628453252,all_objects,47,47,0,0,0,0.749496521796417,0.08514598030674196,0.48673812663923294,0.8734934299918619,0.5595860190695139,0.7643470437293519,0.8497422628453252,all_objects,47,47,0,0,0,0.11986808454568365,0.09433924083162992,-0.10952262417152459,0.3275037715279625,-0.04975546991245964,0.1295918506236482,0.270065010181747,all_objects,47,47,0,0,0,1.3880316664313053,0.3955650273255572,0.7392507661671757,2.677034604882545,0.9177338091907298,1.353883135161063,2.1112088029325635,all_objects,47,47,0,0,0,0.8701435756197016,0.18513456709702455,0.5454955862851257,1.5972787018406278,0.6246220970832693,0.8472580813097765,1.1718149091442522,all_objects,47,47,0,0,0,-0.5178880908116034,0.3978446437691039,-1.8227800844626945,0.1910678356936153,-1.3570275061249923,-0.46100170913755734,-0.03433604139117029,all_objects,47,47,0,0,0,1.5439169240791892,0.9837906726848036,0.1271004372918616,4.170168655882017,0.34065836161055063,1.2957888319797335,3.5867195354774974,all_objects,47,47,0,0,0,0.6476924820509959,0.2162114732828826,-0.08122156970748723,0.8886316728793046,0.2797150775055646,0.7221640360449072,0.8387834989200117,all_objects,47,47,0,0,0,0.07189670532938992,0.04405544039622882,-0.004324287306055479,0.17206067529660668,0.010958869189041213,0.07090795132135862,0.16220090457645642,all_objects,47,47,0,0,0,0.3291958388498829,0.10121116042401468,0.1126077835716304,0.5395268587880795,0.16748801329782065,0.32335253925168295,0.5087754173810067,all_objects,47,47,0,0,0,0.30209528315954254,0.06641035906692824,0.1647885377428922,0.4479153385848374,0.1842626799114659,0.2967767007007212,0.4201407658675155,all_objects,47,47,0,0,0,1.1026872921018427,0.3020983734654022,0.5352264416950245,1.6706703013248818,0.6562438495700222,1.0818245317328958,1.5510307150247733,all_objects,47,47,0,0,0,0.001995485410406578,0.00749585126094395,1.7320257955732325e-07,0.04561417056259424,4.398377100316765e-07,1.2076440969586265e-05,0.007349645670071432,all_objects,47,47,0,0,0,0.007979188745930106,0.029982152625221355,5.120593569703308e-07,0.18245254481035245,1.239589761613957e-06,4.815041846123534e-05,0.029384149738527897,all_objects,47,47,0,0,0,0.003952011509729918,0.007725430399187236,0.0001303143698103567,0.03648946709044888,0.00020475013768760734,0.0008803327554183737,0.01827186811561934,all_objects,47,47,0,0,0,0.01527888611892503,0.030714874414045717,0.00032777552650739593,0.1453344293139556,0.0004978759476781721,0.003327703425990501,0.07173656995777768,all_objects,47,47,0,0,0,0.13301346909799713,0.5531557712320655,2.1658437276528275e-05,3.6543686511008673,4.793902290884944e-05,0.0012116242073272332,0.39594658182999615,all_objects,47,47,0,0,0,0.7511530780161462,0.08579181462753925,0.4872261495108281,0.8734986933550205,0.5822617565456026,0.7703367017060478,0.849742987799097,all_objects
dronevehicle,train,base,18,-4,0,4,4.0,15019,992,86,14637,0.9745655503029496,57,87,50,0.5747126436781609,7,1365,0.09088487915307278,1459,0.09714361808376057,7946,15019,0.5290631866302683,0.5290631866302683,15019,15019,0,0,0,0.7459392336938134,0.11276118887433542,0.08614458337051834,0.9856586707192633,0.5420172985743391,0.7630483609709663,0.8942611918953138,all_objects,15019,15019,0,0,0,0.7700464659206052,0.10139297055981798,0.005561216603561486,0.9764881296284595,0.6026830501748391,0.786321624970505,0.8960465604816592,all_objects,15019,15019,0,0,0,-0.14005441131539764,0.12155524598820974,-0.8814643596779635,0.6428667561650756,-0.35069840992786483,-0.12931286792554886,0.03408698963051533,all_objects,15019,15019,0,0,0,0.6632713244068966,0.26758734747326496,0.10241990049377958,8.35305220031238,0.4356911441378937,0.6311930896258302,0.9624656705975698,all_objects,15019,15019,0,0,0,0.9615005997754611,0.4670422001544162,0.3213042819618648,9.54364017065021,0.6189646636339418,0.8377262844217388,1.7465714816082782,all_objects,15019,15019,0,0,0,0.2982292753685645,0.4597734747047005,-5.426855109577296,7.074999907240743,-0.08484927112293301,0.20533920141732687,1.0648099853435902,all_objects,15019,15019,0,0,0,1.0473181225672301,0.9673269669441312,0.04274915587116066,13.294182081628605,0.21507731584230255,0.7885241585082443,2.8175416246679337,all_objects,15019,15019,0,0,0,0.04352913759246312,0.3453119386095223,-0.894658484330969,0.9767068073223544,-0.5056421749711416,0.02703708487083589,0.6291352580156525,all_objects,15019,15019,0,0,0,0.0037295078385326443,0.016250418285190842,-0.050617575982368115,0.3491637684569054,-0.012988322375093767,0.0005396109980875365,0.030706470344467003,all_objects,15019,15019,0,0,0,0.25596496715717687,0.09361149799217064,0.053421265682420616,0.8424403159457444,0.12498540102572003,0.24307724504205994,0.4366707772326788,all_objects,15019,15019,0,0,0,0.12013046074260489,0.06490697003861162,0.005385099180978305,0.5564778656089192,0.040199843519522944,0.10724402260757561,0.24497633871249866,all_objects,15019,15019,0,0,0,2.903100895015605,2.388224334902622,0.19768038538616745,44.7435367978975,0.84949100591669,2.2196428150437497,7.172450246703031,all_objects,15019,15019,0,0,0,0.005344839595716185,0.01596892843058138,1.0150103286129524e-08,0.11151173299055166,2.9988788489258836e-07,8.615072022858605e-06,0.04457615771773344,all_objects,15019,15019,0,0,0,0.021371360619971146,0.06386763458682844,2.2301396802246834e-08,0.4460326106400942,8.258125757951301e-07,3.002630181656082e-05,0.17830344474013768,all_objects,15019,15019,0,0,0,0.00681783032921652,0.014948645108159977,3.3433618444764966e-05,0.08843017220423613,0.00016528936888821194,0.0007557648285854752,0.04617431702290076,all_objects,15019,15019,0,0,0,0.02655823739508199,0.05960365642716184,7.044390406154999e-05,0.3521123931537169,0.0004061975930666022,0.0022814685399358847,0.18368592187155885,all_objects,15019,15019,0,0,0,0.27498237898093103,0.7656272532351184,1.974326380604907e-06,3.9706006166777,4.1687872541729125e-05,0.00106016757024463,2.4643706685298263,all_objects,15019,15019,0,0,0,0.7521647808435721,0.10931774691800036,0.08748803279586548,0.9856584372170234,0.5541399146507564,0.769041345570416,0.8957280580578633,all_objects
dronevehicle,train,n_iou_lt_070,18,-4,0,4,4.0,366,177,30,355,0.9699453551912568,57,87,50,0.5747126436781609,7,236,0.644808743169399,256,0.6994535519125683,326,366,0.8907103825136612,0.8907103825136612,366,366,0,0,0,0.6576214969340141,0.1680755874901581,0.08614458337051834,0.9417853139218049,0.2931883673730255,0.6876423118837706,0.8654852374894647,all_objects,366,366,0,0,0,0.6763053808976532,0.16409832695909546,0.08614458337051834,0.9283375496891707,0.2931883673730255,0.7075832279192247,0.8654852374894647,all_objects,366,366,0,0,0,0.05684652390166239,0.1612897413112414,-0.5470564712176786,0.6428667561650756,-0.1894945047606018,0.05633483042841497,0.33957483072999545,all_objects,366,366,0,0,0,1.4789948250896785,1.162597592575813,0.4511581403753854,8.35305220031238,0.6714573288846857,1.12009933850163,3.7049300249625707,all_objects,366,366,0,0,0,1.2143722935177734,1.107971984128638,0.43143256445801154,9.54364017065021,0.6011847400028276,0.8926078629177447,2.926026870908495,all_objects,366,366,0,0,0,-0.2646225315719051,0.850776699007912,-5.426855109577296,3.808013777177477,-1.7145475775713548,-0.16034071723942322,0.767934391197186,all_objects,366,366,0,0,0,1.2346919274496388,1.140523652717608,0.06986012448682294,7.824671779311043,0.20704981369442163,0.9114226524989713,3.3927054741684017,all_objects,366,366,0,0,0,0.4719513298889575,0.32966985479933664,-0.7136934724374555,0.9767068073223544,-0.1257381549024019,0.5561512200191073,0.8711780973047798,all_objects,366,366,0,0,0,0.04550587452379864,0.05015104859435548,-0.05012273901732903,0.3491637684569054,-0.0069467849321619875,0.035222024729023936,0.13874095016943752,all_objects,366,366,0,0,0,0.2830734026039112,0.10966204701490222,0.0738291778297861,0.7176947400659552,0.13096908422947928,0.2715409687027538,0.4847989473671067,all_objects,366,366,0,0,0,0.28164394507113644,0.09107254388665229,0.07874551543153165,0.5564778656089192,0.14408113147981821,0.2711801487714192,0.45560411929605804,all_objects,366,366,0,0,0,1.0559318494701113,0.38895559227919,0.19768038538616745,3.4074393984981355,0.4867376727466677,1.0652923321783812,1.6753024213962553,all_objects,366,366,0,0,0,0.007625732941860834,0.017247113532496246,1.407440344756982e-07,0.08882049799896378,8.17469546411249e-07,6.467536404712644e-05,0.05116176495395352,all_objects,366,366,0,0,0,0.030492145640002993,0.06898693897254453,4.4596168710157305e-07,0.35527884659281794,2.6268249404827887e-06,0.00024694296528386737,0.20464550219244435,all_objects,366,366,0,0,0,0.009824022833038173,0.016075922282610493,0.00011058509634415824,0.07419987513097064,0.0002709640710011846,0.0017411507191679681,0.0513306300675449,all_objects,366,366,0,0,0,0.03831622801585253,0.06417606109513044,0.0003205463222919491,0.29597818018205385,0.0007117732708278095,0.005662515107987092,0.20420739864578424,all_objects,366,366,0,0,0,0.4283553900146234,0.8881703678178343,1.5303099132779607e-05,3.935790993760534,9.823015150089986e-05,0.007957829009981765,2.6802275290395983,all_objects,366,366,0,0,0,0.6642435187238166,0.16476496144304761,0.08748803279586548,0.9417889366353518,0.3092778278917596,0.6967105424539983,0.8655050294898909,all_objects
dronevehicle,train,quality_gate070,18,-4,0,4,4.0,87,70,14,86,0.9885057471264368,50,87,50,0.5747126436781609,0,66,0.7586206896551724,72,0.8275862068965517,83,87,0.9540229885057471,0.9540229885057471,87,87,0,0,0,0.7183340343190394,0.09177350181458553,0.4821414558909604,0.9182894287296354,0.573735719455513,0.7185719839625316,0.8563789769291773,all_objects,87,87,0,0,0,0.721495887159269,0.0915470093217486,0.4821414558909604,0.9182894287296354,0.5792083738757491,0.7187766515216771,0.8563789769291773,all_objects,87,87,0,0,0,0.0827544615576112,0.11785955825638154,-0.17806131594922037,0.5505123677569279,-0.06265619241147499,0.08409872504192262,0.2750366347306662,all_objects,87,87,0,0,0,1.3461534117056007,0.6485678792420372,0.6274650772553702,4.622438517835739,0.7912989290697857,1.183739788792491,2.3987487881086174,all_objects,87,87,0,0,0,0.8985341409693898,0.1810785263113678,0.601241215990256,1.5737221213204615,0.6755651961709365,0.8883366410658747,1.2034149555386473,all_objects,87,87,0,0,0,-0.4476192707362111,0.6754695812276396,-4.021197301845483,0.17213618872060366,-1.5929212843651963,-0.24978567050415257,0.08030013007985012,all_objects,87,87,0,0,0,1.415883784376127,1.2874631235973406,0.15638315888629015,7.824671779311043,0.26356688850537807,1.0885319668027948,3.6209469065957123,all_objects,87,87,0,0,0,0.5584357034511204,0.23679338909698483,-0.12366201475741284,0.9194624496471436,0.09337791293144809,0.6081009197938189,0.8814393545145421,all_objects,87,87,0,0,0,0.05791464195939897,0.05550990437907613,-0.0035900940948106227,0.3491637684569054,0.002877635002436277,0.043166927940714216,0.15928100744948095,all_objects,87,87,0,0,0,0.3020044030807908,0.11803951583159855,0.11456120442100945,0.7176947400659552,0.15199205191642415,0.2930299934922306,0.5064379528169295,all_objects,87,87,0,0,0,0.28022170883193603,0.07969857639891607,0.08658896473228668,0.5497061660919618,0.17209720723695154,0.27225604214379306,0.4245596200029702,all_objects,87,87,0,0,0,1.1082262624487051,0.3692815103384406,0.45206993826600145,2.1049354830996783,0.5746120073147601,1.1342869553051225,1.587262222088636,all_objects,87,87,0,0,0,0.005550925826945405,0.015204084113039733,2.0261199236110329e-07,0.0818232904302849,4.747913719177636e-07,1.90782854824227e-05,0.04587296559251795,all_objects,87,87,0,0,0,0.02219925126964131,0.06081551977556979,6.356753051437192e-07,0.3272908735292791,1.6999775367148442e-06,7.171608067164057e-05,0.1834881278666202,all_objects,87,87,0,0,0,0.007665544152969746,0.015362982604779932,0.00013805699515210813,0.07042157083062582,0.0002040800067418004,0.001040389698591003,0.050030921091261296,all_objects,87,87,0,0,0,0.029917137710200443,0.06132724336377297,0.00036098188774442405,0.2809794702892912,0.0006223820900530914,0.0034685568944842517,0.19909406338690142,all_objects,87,87,0,0,0,0.26482269427443184,0.6845819618533403,2.0476884174058796e-05,3.293772738836765,5.242150777746701e-05,0.0019598640976141724,2.17087271035669,all_objects,87,87,0,0,0,0.7231183369554612,0.08740702220808987,0.501131857636645,0.918322989523703,0.5835913808763435,0.7187790313331964,0.8563874338396136,all_objects
dronevehicle,val,base,18,-4,0,4,4.0,2821,192,1,2778,0.9847571783055654,40,47,37,0.7872340425531915,3,468,0.16589861751152074,528,0.1871676710386388,1686,2821,0.597660404112017,0.597660404112017,2821,2821,0,0,0,0.7336139152023229,0.11811404951659946,0.04245883103139094,0.9720671700750445,0.5214601199579801,0.7491014767981374,0.8924671289121462,all_objects,2821,2821,0,0,0,0.7540318850823506,0.11143603844634993,0.04245883103139094,0.9720671700750445,0.5733863603290845,0.7708618558154721,0.892773592371464,all_objects,2821,2821,0,0,0,-0.11483677350107438,0.13165704167125758,-0.7516947038637999,0.48218867821170913,-0.3337077250407373,-0.10747196047643215,0.08375786737685986,all_objects,2821,2821,0,0,0,0.7558536262313511,0.3833376921078255,0.22344920549894004,6.8820653957064035,0.4567344122136967,0.6704594706122594,1.2854797848906196,all_objects,2821,2821,0,0,0,1.0084724426598535,0.5233176220418865,0.40787295894880754,7.517828533699857,0.627533938424031,0.8576961913078678,1.9106296306778427,all_objects,2821,2821,0,0,0,0.2526188164285024,0.5376674974250073,-4.570549331991115,6.382594463253554,-0.317703104578011,0.17960842362753504,1.134779791006752,all_objects,2821,2821,0,0,0,1.0728753737173107,1.0356618595359397,0.045032154240816816,11.676063615243375,0.20973703562696164,0.8120671496699337,2.757010632483073,all_objects,2821,2821,0,0,0,0.10803497743525087,0.358423667486962,-0.8787543610126199,0.9679390707074609,-0.46922695371619905,0.09918024516981505,0.7060304903834318,all_objects,2821,2821,0,0,0,0.008145640650480165,0.022170574936970427,-0.04605905351341663,0.1973347390924695,-0.01394794391967286,0.0025751786524701786,0.04747467707887881,all_objects,2821,2821,0,0,0,0.258631167123434,0.09627971330636736,0.0583080053070346,0.7537686474431231,0.12572686539409744,0.2469206382739229,0.43938584604630576,all_objects,2821,2821,0,0,0,0.14826796237953926,0.08140013869058085,0.01465353509715235,0.5487062953452576,0.046433802528400396,0.13103342270045054,0.3000456478114684,all_objects,2821,2821,0,0,0,2.4147099099697287,1.9405776509417918,0.29517932954717774,20.41893624263294,0.6964579561711981,1.8375938368028655,6.0187038337855325,all_objects,2821,2821,0,0,0,0.0042427054022487615,0.013496985301037946,3.325393673156254e-08,0.10893601588415655,3.235008786965251e-07,9.565164488687833e-06,0.03262489689285382,all_objects,2821,2821,0,0,0,0.016962417881147624,0.05398331193440651,6.7296104682755e-08,0.4357334118960624,8.951242717307128e-07,3.329593209278093e-05,0.13049890227307995,all_objects,2821,2821,0,0,0,0.00601526863963593,0.013327172426575606,4.595650264077848e-05,0.08713340229589563,0.00017392391881351438,0.0007868407417564732,0.03791806792866625,all_objects,2821,2821,0,0,0,0.023326720070602026,0.05316500344168415,0.00011851979877513361,0.3476000035049061,0.0004275005243934609,0.002341356355779299,0.15083795131154254,all_objects,2821,2821,0,0,0,0.22352070686738681,0.6583241284006222,3.9687650996711454e-06,4.584904783789341,4.841461645810341e-05,0.0011697738410134662,1.8922795247126487,all_objects,2821,2821,0,0,0,0.7384014171002091,0.11600526398978535,0.04255866810375517,0.9718572392351236,0.5278953571487373,0.7557072281870272,0.8929023204126563,all_objects
dronevehicle,val,n_iou_lt_070,18,-4,0,4,4.0,229,38,1,226,0.9868995633187773,40,47,37,0.7872340425531915,3,161,0.7030567685589519,176,0.7685589519650655,210,229,0.9170305676855895,0.9170305676855895,229,229,0,0,0,0.6597129222825744,0.15908468933461262,0.04245883103139094,0.9360838686299409,0.3297214256062108,0.691063934268414,0.8596202304521898,all_objects,229,229,0,0,0,0.6607031397150563,0.15874545960910835,0.04245883103139094,0.9204649522936483,0.3297214256062108,0.6900917430551035,0.8596202304521898,all_objects,229,229,0,0,0,0.06216356021937706,0.13244732892191272,-0.6164578671214792,0.48218867821170913,-0.12190794634086477,0.06197949185649532,0.2891875215552737,all_objects,229,229,0,0,0,1.4945124963834107,0.9070835221013352,0.5366924000095765,6.8820653957064035,0.7142901269861248,1.2817385013663638,3.1455186655522747,all_objects,229,229,0,0,0,1.187046129583124,0.8856139368444255,0.5095770759941542,7.517828533699857,0.6063165589977072,0.9270831081088365,2.5042289353421285,all_objects,229,229,0,0,0,-0.3074663668002866,0.7558892129619339,-4.570549331991115,6.11185668415331,-1.2594498110464627,-0.2751128747726108,0.4608516420653806,all_objects,229,229,0,0,0,1.0648447543416408,1.0885244654740414,0.07917552638176478,11.676063615243375,0.17095392644626722,0.7918856781717052,2.5699075399814,all_objects,229,229,0,0,0,0.4861187487209537,0.30743179946271343,-0.6287015107949582,0.9679390707074609,-0.08693173372062013,0.5592269722476693,0.8622256902015284,all_objects,229,229,0,0,0,0.04522214894008454,0.041439232609639894,-0.0455105490338034,0.1973347390924695,-0.005281657950211365,0.03714417121253458,0.11847744263170074,all_objects,229,229,0,0,0,0.2653560665435061,0.10054004621910402,0.07198793629426416,0.7537686474431231,0.11813252926371008,0.25493410891020046,0.4382794684578433,all_objects,229,229,0,0,0,0.29917544821142666,0.07990702173898351,0.11748534660809072,0.5487062953452576,0.17629290285971208,0.2923887044919115,0.4489423658498955,all_objects,229,229,0,0,0,0.9101110331227842,0.3255732823923607,0.29517932954717774,2.5404162148053744,0.4295046266263164,0.8836072593128633,1.4197851872069436,all_objects,229,229,0,0,0,0.00474987922055473,0.013299522319994856,6.984831811379072e-08,0.08803312276508475,5.515998126955455e-07,4.0122387581366015e-05,0.03436021739347496,all_objects,229,229,0,0,0,0.018986447130186768,0.05319562955409843,1.859725508622997e-07,0.35213195490212845,1.6316214127138617e-06,0.00015721756154995752,0.13740211787736029,all_objects,229,229,0,0,0,0.0067832762261771365,0.012898202211100114,8.41579492884396e-05,0.07501235972970327,0.0002126376520475221,0.0015417172038779577,0.032698524895875256,all_objects,229,229,0,0,0,0.02612296573916224,0.05141116052670821,0.00019753351618522234,0.29969420134790364,0.0005494918771654772,0.005195308053849932,0.12897825387230058,all_objects,229,229,0,0,0,0.2896236655655311,0.7627134144102466,1.5169738219356077e-05,3.976330241738367,8.463893285579616e-05,0.004262026194169266,2.4770646449511995,all_objects,229,229,0,0,0,0.6654453488708763,0.15702990300268962,0.04255866810375517,0.9359352570897491,0.32968587407442035,0.6977883588603598,0.862007426237787,all_objects
dronevehicle,val,quality_gate070,18,-4,0,4,4.0,47,17,1,47,1.0,37,47,37,0.7872340425531915,0,44,0.9361702127659575,45,0.9574468085106383,47,47,1.0,1.0,47,47,0,0,0,0.7575225177894909,0.07114180198707368,0.5492208068668504,0.9001664587984182,0.6480961857309369,0.7693508306550504,0.8529656354722014,all_objects,47,47,0,0,0,0.7581103973802895,0.07125494314085565,0.5492208068668504,0.9001664587984182,0.6480961857309369,0.7694636839721838,0.8529656354722014,all_objects,47,47,0,0,0,0.12837103672482805,0.08979955770751373,-0.012062945064457042,0.34505495493294047,-0.0010752370117886965,0.1306574554589799,0.29018578742040313,all_objects,47,47,0,0,0,1.3880316664313053,0.3955650273255572,0.7392507661671757,2.677034604882545,0.9177338091907298,1.353883135161063,2.1112088029325635,all_objects,47,47,0,0,0,0.8721862336650409,0.19079802434645401,0.5246944611032757,1.3724258426810358,0.6385832993959968,0.8240403620101687,1.2019129859520488,all_objects,47,47,0,0,0,-0.5158454327662639,0.40220139921480574,-1.8586161882259828,0.23297700790875564,-1.307530144626348,-0.465681306032077,-0.04465065966485184,all_objects,47,47,0,0,0,1.2531823672243247,0.8616924977023108,0.14151568303060927,4.025447456086038,0.2810962730410279,0.9497090647801811,2.6987217823736156,all_objects,47,47,0,0,0,0.6550780542434778,0.17435307178396442,0.18630240932405212,0.8939968293611749,0.31887870837847876,0.6961966219277217,0.8659920102074221,all_objects,47,47,0,0,0,0.06422530306670092,0.039655844735314805,0.006907210634641165,0.19155412390253146,0.013255445805029673,0.0489861011642207,0.13315581972588827,all_objects,47,47,0,0,0,0.3005681869216689,0.10042386636455647,0.08787115914230828,0.5575183344676911,0.15345533399455571,0.27911629576759944,0.4421366726767911,all_objects,47,47,0,0,0,0.30209528315954254,0.06641035906692824,0.1647885377428922,0.4479153385848374,0.1842626799114659,0.2967767007007212,0.4201407658675155,all_objects,47,47,0,0,0,1.0105033340414764,0.3373676674024355,0.43868528841645654,2.1728423855160144,0.5920801208811257,0.9564625167061301,1.4733378368397763,all_objects,47,47,0,0,0,0.0009198846189443487,0.004133702299953684,6.984831811379072e-08,0.027703157614758844,3.446683514932567e-07,1.2889228526424492e-05,0.003301554898027184,all_objects,47,47,0,0,0,0.0036771846296649504,0.01653419778542853,1.859725508622997e-07,0.11080767111232645,8.469527080391183e-07,5.0787517978386074e-05,0.013196282768129973,all_objects,47,47,0,0,0,0.0024688331996673384,0.005085126195369798,8.41579492884396e-05,0.027431804063225974,0.00018493207610420108,0.0008980778529403353,0.011147286664576421,all_objects,47,47,0,0,0,0.009352941234058101,0.020234306027623758,0.00019753351618522234,0.10901593607890228,0.00041190475186421476,0.0031942261541602194,0.04332090320700407,all_objects,47,47,0,0,0,0.07536178933611744,0.3803155352993647,1.5169738219356077e-05,2.614612297891199,4.8962433260157924e-05,0.0010450390723804048,0.21576304151119785,all_objects,47,47,0,0,0,0.7587117886582361,0.0719148245614507,0.5494434529891316,0.9001704587541604,0.6493222430450911,0.769374432609652,0.860651810099754,all_objects
dronevehicle,train,base,19,0,4,4,4.0,15019,992,86,14667,0.9765630201744457,44,87,37,0.42528735632183906,7,1334,0.0888208269525268,1477,0.09834210000665823,7984,15019,0.5315933151341634,0.5315933151341634,15019,15019,0,0,0,0.7531518188776749,0.11213371419332875,0.027443448277825393,0.9769053977173148,0.5503562144316083,0.7722298086174414,0.8986569687591195,all_objects,15019,15019,0,0,0,0.762955114090022,0.10685409604814194,0.0,0.9774942843658799,0.582191731820639,0.7807059043500312,0.8935037642637468,all_objects,15019,15019,0,0,0,-0.13284182613153622,0.11684895690046143,-0.9074621731317459,0.7561172930387532,-0.33478460597189225,-0.12224626678223749,0.03044229922797857,all_objects,15019,15019,0,0,0,0.6632713244068966,0.26758734747326496,0.10241990049377958,8.35305220031238,0.4356911441378937,0.6311930896258302,0.9624656705975698,all_objects,15019,15019,0,0,0,0.9286585642600843,0.4297913101358324,0.33197451572364745,9.530782675750402,0.6169451119114959,0.8259602596346259,1.5951216203792813,all_objects,15019,15019,0,0,0,0.2653872398531875,0.42537827278514434,-5.449330280714769,6.821968859362731,-0.09183085404264048,0.19142003893214576,0.9138583827417267,all_objects,15019,15019,0,0,0,0.963283871816958,0.9044480727972862,0.04957640778391645,11.140400450406485,0.20310728929744254,0.7465925723940904,2.518071071857374,all_objects,15019,15019,0,0,0,0.040102474095821156,0.3438695458650293,-0.8970194197383915,0.9558288116369879,-0.5117183266525497,0.031180706268873492,0.618793774770802,all_objects,15019,15019,0,0,0,0.003618949482373847,0.015688280519640736,-0.04511348884000936,0.30687013894020865,-0.01254653555973087,0.000564279627595533,0.029488859770086848,all_objects,15019,15019,0,0,0,0.24498758284354766,0.08929997801585235,0.05091398547043644,0.7848850973465997,0.12301211720901163,0.23393472984319522,0.4172565938850343,all_objects,15019,15019,0,0,0,0.12013046074260489,0.06490697003861162,0.005385099180978305,0.5564778656089192,0.040199843519522944,0.10724402260757561,0.24497633871249866,all_objects,15019,15019,0,0,0,2.778794481730819,2.2784294310712525,0.18732976785068664,47.6477257116494,0.8166033045719068,2.1238799534124198,6.74518836197921,all_objects,15019,15019,0,0,0,0.004725297142308325,0.014581938097318864,1.6165904317072556e-08,0.10889917306892036,3.674374665440486e-07,8.750652039093543e-06,0.038835447020968784,all_objects,15019,15019,0,0,0,0.018896009506354554,0.05832546700017222,3.9528064736653174e-08,0.435593791247742,1.1072808071232635e-06,3.2160875867155486e-05,0.15528851857964684,all_objects,15019,15019,0,0,0,0.006360210647311778,0.014098886613799466,4.249904452504976e-05,0.08692223527193862,0.0001810489462327321,0.0007689290291173945,0.041426215639383625,all_objects,15019,15019,0,0,0,0.02481201798179186,0.05626969257354967,9.744872198823892e-05,0.3469138634022071,0.0004757746640174841,0.002444582730591229,0.16462781017732767,all_objects,15019,15019,0,0,0,0.24867336591651087,0.7150409303476576,2.7811421432488714e-06,4.126531031353522,4.881376049752362e-05,0.0010383602293018157,2.2181611871129663,all_objects,15019,15019,0,0,0,0.7593342002089969,0.1075051248737112,0.07147644015578858,0.976984592232782,0.5642767523800506,0.7767982867034556,0.8995439206197413,all_objects
dronevehicle,train,n_iou_lt_070,19,0,4,4,4.0,366,177,30,353,0.9644808743169399,44,87,37,0.42528735632183906,7,215,0.587431693989071,254,0.6939890710382514,321,366,0.8770491803278688,0.8770491803278688,366,366,0,0,0,0.6442658559813583,0.15745586905654269,0.08767827068725108,0.9306056105311435,0.33566930211624124,0.6664412124728523,0.8521022488943607,all_objects,366,366,0,0,0,0.6526568485532911,0.1559310442438225,0.08767827068725108,0.9306056105311435,0.33566930211624124,0.6786594975441461,0.8517673995104196,all_objects,366,366,0,0,0,0.04349088294900665,0.16304006537028234,-0.530576878937653,0.7561172930387532,-0.1937861256238672,0.031969216500061216,0.3528339314764444,all_objects,366,366,0,0,0,1.4789948250896785,1.162597592575813,0.4511581403753854,8.35305220031238,0.6714573288846857,1.12009933850163,3.7049300249625707,all_objects,366,366,0,0,0,1.1729098041630217,1.0379438653899793,0.46834981363765144,9.530782675750402,0.6087975445817726,0.8977907147414488,2.5537035265034964,all_objects,366,366,0,0,0,-0.3060850209266568,0.8013281734990507,-5.449330280714769,3.89184637784619,-1.6595932388000703,-0.16414165443010453,0.38993287998488085,all_objects,366,366,0,0,0,1.100625336665418,1.0481435727897892,0.05327370132555774,8.009611058695796,0.15252218606132867,0.7688313467248985,3.0402213646443834,all_objects,366,366,0,0,0,0.44808175739200967,0.33418931416628284,-0.6107161197101053,0.9446413097588763,-0.15625883208143213,0.5438793110729092,0.8557963511208205,all_objects,366,366,0,0,0,0.04316741168256245,0.04867702147730823,-0.03825167422773378,0.30687013894020865,-0.007675058410992941,0.03061381340550598,0.1455280510072302,all_objects,366,366,0,0,0,0.2658173044073435,0.11160414437652069,0.05155958732048045,0.6390025646812588,0.11401436940565003,0.24544559272253383,0.45989270467775634,all_objects,366,366,0,0,0,0.28164394507113644,0.09107254388665229,0.07874551543153165,0.5564778656089192,0.14408113147981821,0.2711801487714192,0.45560411929605804,all_objects,366,366,0,0,0,0.9838938547235124,0.3828934230181214,0.18732976785068664,2.507319469335424,0.46438338304255006,0.9462941751978333,1.669203867102247,all_objects,366,366,0,0,0,0.0074694478290276665,0.017929988080490844,6.276786324103922e-08,0.1052644880209879,9.015740742828696e-07,7.90804970081557e-05,0.05340862745207488,all_objects,366,366,0,0,0,0.029869452818876416,0.07171851531380748,1.6886997974564806e-07,0.42105157490186695,2.628054394843678e-06,0.0003148629123619558,0.21363184692988635,all_objects,366,366,0,0,0,0.009784054573313146,0.016384302099242784,8.180847459942432e-05,0.08556100248406082,0.0002789162512610956,0.0020514928451392115,0.05446241650064536,all_objects,366,366,0,0,0,0.038265505266485506,0.0654235990164458,0.00019316257675291922,0.34114917066726913,0.0007620953473419589,0.007058690945907479,0.2153343892611829,all_objects,366,366,0,0,0,0.4191744644484754,0.9041019491923148,8.461808135962201e-06,3.829562541573466,0.00011080054245127258,0.008600475398068852,2.9338701649219843,all_objects,366,366,0,0,0,0.6546396262444995,0.1527985947201714,0.08773091433310451,0.9338588019601782,0.37191440621664146,0.6768162201049222,0.8497770177916161,all_objects
dronevehicle,train,quality_gate070,19,0,4,4,4.0,87,70,14,85,0.9770114942528736,37,87,37,0.42528735632183906,0,56,0.6436781609195402,71,0.8160919540229885,84,87,0.9655172413793104,0.9655172413793104,87,87,0,0,0,0.6848580428102281,0.11052096971701368,0.39021981033166414,0.9062742198063969,0.477012706268844,0.6963042337236662,0.8303767619972795,all_objects,87,87,0,0,0,0.6882526982744445,0.11094774446194638,0.39021981033166414,0.9062742198063969,0.511320411875695,0.6966592406225104,0.8429762834234679,all_objects,87,87,0,0,0,0.04927847004879991,0.12654021824286685,-0.22687964940050453,0.49035854629789705,-0.13308556663493792,0.03681375511733209,0.269333211114302,all_objects,87,87,0,0,0,1.3461534117056007,0.6485678792420372,0.6274650772553702,4.622438517835739,0.7912989290697857,1.183739788792491,2.3987487881086174,all_objects,87,87,0,0,0,0.9096671513941544,0.15617849666529648,0.6080242710190885,1.430009538958404,0.6926582261895164,0.895773495371971,1.2335631209248614,all_objects,87,87,0,0,0,-0.4364862603114462,0.6584288300638257,-3.878243249245741,0.26553070752787045,-1.464158119220017,-0.2590978490186602,0.08809461581414672,all_objects,87,87,0,0,0,1.2397227460254345,1.102490818845948,0.08293665050105258,5.176039454507086,0.17837542720858163,0.9196965837782012,3.2034475983980717,all_objects,87,87,0,0,0,0.5228076294717705,0.24086139400945517,-0.12799164461669316,0.9343138586937093,0.06280906368022002,0.5901507843489475,0.8355454678283628,all_objects,87,87,0,0,0,0.05318401316311761,0.052601767679374266,-0.0032386851821869177,0.30687013894020865,0.0023244583577824236,0.04357923142087199,0.15294015204067402,all_objects,87,87,0,0,0,0.2845799460489967,0.11872113786384948,0.07175627819754551,0.6299783296016761,0.13199802574705208,0.27582869673268234,0.4711142966385392,all_objects,87,87,0,0,0,0.28022170883193603,0.07969857639891607,0.08658896473228668,0.5497061660919618,0.17209720723695154,0.27225604214379306,0.4245596200029702,all_objects,87,87,0,0,0,1.0299312348666196,0.35774328194583777,0.4175362950114306,2.1506962520589443,0.5344149918177883,1.0215957910328952,1.6226413962680861,all_objects,87,87,0,0,0,0.006260694515484788,0.016728240303382977,1.343938304599453e-07,0.1052644880209879,3.0290391077788567e-07,3.622911582893372e-05,0.04264985704616711,all_objects,87,87,0,0,0,0.025037680174119566,0.06691309361567749,2.764042144271075e-07,0.42105157490186695,9.805149266692667e-07,0.00014353926047979212,0.1705923787949428,all_objects,87,87,0,0,0,0.00907769953174639,0.016103100957835688,0.00011887966508152223,0.08556100248406082,0.00017368445612133776,0.0014286638990790412,0.04807231529572926,all_objects,87,87,0,0,0,0.03559112830340531,0.06432250123558625,0.00023822221918013984,0.34114917066726913,0.0004624648625888375,0.005178973616683077,0.19117809773749428,all_objects,87,87,0,0,0,0.31677407526559204,0.7485717574410029,2.2520098582390347e-05,3.829562541573466,3.973190497106316e-05,0.003146536268673117,2.1883037861959767,all_objects,87,87,0,0,0,0.6949926021338535,0.10043758889726545,0.40038777522082997,0.9338588019601782,0.5251700390651516,0.6984229891678223,0.8303799692463779,all_objects
dronevehicle,val,base,19,0,4,4,4.0,2821,192,1,2767,0.9808578518255937,38,47,36,0.7659574468085106,2,509,0.1804324707550514,548,0.19425735554767812,1697,2821,0.6015597305919886,0.6015597305919886,2821,2821,0,0,0,0.7502336414394883,0.11469975096878604,0.052551891445304054,0.9730798884494664,0.5453932901540982,0.7712271064109595,0.8982665075155221,all_objects,2821,2821,0,0,0,0.7536245603795598,0.11669488023518469,0.0,0.9659800701517365,0.5457843518102049,0.7785163277693979,0.8912416556573407,all_objects,2821,2821,0,0,0,-0.0982170472639088,0.12327108459338924,-0.8787849999485362,0.6143826760989719,-0.29792622690506587,-0.092944835542903,0.09149560763744635,all_objects,2821,2821,0,0,0,0.7558536262313511,0.3833376921078255,0.22344920549894004,6.8820653957064035,0.4567344122136967,0.6704594706122594,1.2854797848906196,all_objects,2821,2821,0,0,0,0.9540156919943615,0.4514743373969603,0.4051928963312322,6.793251294175521,0.6267171883443863,0.8365350742807296,1.6166095158333882,all_objects,2821,2821,0,0,0,0.19816206576301043,0.46829855179104524,-4.662650037452002,6.1026182250233,-0.3406530397434563,0.1662609165433242,0.8685660684419674,all_objects,2821,2821,0,0,0,0.9970344872709722,0.9182731805021876,0.04318716922430079,10.62437013082526,0.20218664765575384,0.7897635557924,2.4149458297789823,all_objects,2821,2821,0,0,0,0.11703133992023224,0.36608223268347384,-0.8374557170031791,0.9134470241311747,-0.4878310787838789,0.10339344609224256,0.727452971148254,all_objects,2821,2821,0,0,0,0.009325211751022565,0.023884359607706764,-0.03799321423173833,0.22319984356124878,-0.012341419342186395,0.002433348641045089,0.05810620013471604,all_objects,2821,2821,0,0,0,0.24920993522602308,0.08899013476373616,0.05429423364113618,0.7587900128717784,0.12352325380608423,0.2409134187972733,0.4149592783642547,all_objects,2821,2821,0,0,0,0.14826796237953926,0.08140013869058085,0.01465353509715235,0.5487062953452576,0.046433802528400396,0.13103342270045054,0.3000456478114684,all_objects,2821,2821,0,0,0,2.281829180130317,1.770256352692285,0.3254036032205805,21.519190446517438,0.6771349431112715,1.7723386415005673,5.460319701887657,all_objects,2821,2821,0,0,0,0.004021700386537706,0.013149745759914724,1.7281951754485274e-08,0.09963332855435955,3.746228620154342e-07,8.660065079355504e-06,0.03132473125116065,all_objects,2821,2821,0,0,0,0.016081418625273455,0.05259720650532887,6.775355281707031e-08,0.39853235365384443,1.1163046809375239e-06,3.101496002397705e-05,0.12529793000299388,all_objects,2821,2821,0,0,0,0.005728529742509662,0.012895115031764064,3.5661787724192024e-05,0.08168660834624421,0.00018559713896717364,0.0007555184791496168,0.035238869489884965,all_objects,2821,2821,0,0,0,0.022264900578759923,0.05145384403355565,0.00011486395262341333,0.32629361625100234,0.00048134308975480083,0.002368031523287378,0.14023237453270643,all_objects,2821,2821,0,0,0,0.21835573144804274,0.6579321043658617,7.044082281026931e-06,3.9279396865824765,5.290201590923971e-05,0.0010379764548815729,1.9204905644419341,all_objects,2821,2821,0,0,0,0.7554652234205717,0.11041636851466523,0.08112442715969306,0.9730808571004848,0.5565961307879896,0.7754991023264877,0.8988506769034842,all_objects
dronevehicle,val,n_iou_lt_070,19,0,4,4,4.0,229,38,1,222,0.9694323144104804,38,47,36,0.7659574468085106,2,152,0.6637554585152838,172,0.7510917030567685,202,229,0.8820960698689956,0.8820960698689956,229,229,0,0,0,0.6544484744058011,0.16121066634212664,0.08113680781154468,0.9072668371162943,0.3571075533953748,0.6908237463901266,0.8651578919776776,all_objects,229,229,0,0,0,0.6554873979295056,0.16141163923088192,0.08113680781154468,0.9072668371162943,0.3571075533953748,0.693741578732616,0.8651578919776776,all_objects,229,229,0,0,0,0.05689911234260388,0.14170037804136532,-0.5777798903413255,0.6143826760989719,-0.16666982285443643,0.07124368760120148,0.26302774794758127,all_objects,229,229,0,0,0,1.4945124963834107,0.9070835221013352,0.5366924000095765,6.8820653957064035,0.7142901269861248,1.2817385013663638,3.1455186655522747,all_objects,229,229,0,0,0,1.173076941026158,0.8314411339845459,0.45883054671448903,6.793251294175521,0.6350640870145794,0.9143372223536063,2.3182392512611036,all_objects,229,229,0,0,0,-0.32143555535725254,0.7382953059263628,-4.662650037452002,5.387279444628974,-1.2931731515344476,-0.2590330679627453,0.4807760000986727,all_objects,229,229,0,0,0,1.2700412190890211,1.1137810787299334,0.10025971127033337,9.624968028313216,0.21038491664966835,0.993878172605681,3.0735527835393133,all_objects,229,229,0,0,0,0.4917448460233333,0.32419421160430134,-0.6023016299406938,0.9134470241311747,-0.11659030186922774,0.6147952116148656,0.8612887323478419,all_objects,229,229,0,0,0,0.05069774005847575,0.04518514448681833,-0.02148874188203883,0.22319984356124878,-0.005576993472473324,0.04386900734897691,0.12853354636868225,all_objects,229,229,0,0,0,0.2897900925306887,0.10753666284641358,0.08992154719952813,0.7195343482089476,0.12689893255541923,0.2870929957808163,0.4702770953511082,all_objects,229,229,0,0,0,0.29917544821142666,0.07990702173898351,0.11748534660809072,0.5487062953452576,0.17629290285971208,0.2923887044919115,0.4489423658498955,all_objects,229,229,0,0,0,0.9991765418361873,0.35914517613682245,0.326932056525901,2.425036821974418,0.4754528213717587,0.9730621727296157,1.6024056172577845,all_objects,229,229,0,0,0,0.006201012746717242,0.015326679035697016,1.3500214540436607e-07,0.08330021393725921,5.206800727016883e-07,6.984925039256737e-05,0.045339004187140396,all_objects,229,229,0,0,0,0.024794400183121824,0.06130187766644793,3.748890990153215e-07,0.3331945218136906,1.770767100237071e-06,0.00027852907783662816,0.18132229963652904,all_objects,229,229,0,0,0,0.008454614691480468,0.014129218301992525,0.00011903513053461652,0.07036360983014842,0.0002224485507679826,0.0018340849897795165,0.04293725044211642,all_objects,229,229,0,0,0,0.03294520165390386,0.05625188943563691,0.000285453891920914,0.28035343801216844,0.0006300286323069703,0.006634729911918316,0.17094471738608497,all_objects,229,229,0,0,0,0.36408912611548455,0.8406213447607436,1.676861222676962e-05,3.8718183084903615,6.496603243704158e-05,0.007299535042704974,2.7170046728063366,all_objects,229,229,0,0,0,0.6629754396920959,0.15782774546749134,0.08112442715969306,0.910184624257664,0.356526318903625,0.6994221068824796,0.8653462588127525,all_objects
dronevehicle,val,quality_gate070,19,0,4,4,4.0,47,17,1,46,0.9787234042553191,36,47,36,0.7659574468085106,0,39,0.8297872340425532,44,0.9361702127659575,46,47,0.9787234042553191,0.9787234042553191,47,47,0,0,0,0.7483418264836531,0.08391274933495149,0.5546632725681565,0.9072668371162943,0.6024179274251104,0.7560743679460633,0.8765089577784965,all_objects,47,47,0,0,0,0.7486076486213984,0.08359975318861827,0.5546632725681565,0.9072668371162943,0.6024179274251104,0.7560743679460633,0.8765089577784965,all_objects,47,47,0,0,0,0.11919034541899041,0.09313102047363034,-0.06115910381564482,0.35797624050649424,-0.02976859820785387,0.12624828795369347,0.2505675190028828,all_objects,47,47,0,0,0,1.3880316664313053,0.3955650273255572,0.7392507661671757,2.677034604882545,0.9177338091907298,1.353883135161063,2.1112088029325635,all_objects,47,47,0,0,0,0.8872432887740574,0.20683478490635396,0.5601388237529704,1.5023283881664873,0.6348848079199392,0.8152873438114718,1.282187392797203,all_objects,47,47,0,0,0,-0.5007883776572476,0.41327345889720996,-1.9248673099068523,0.16879649419420728,-1.3651114008767489,-0.4345266718520353,0.043442168656314256,all_objects,47,47,0,0,0,1.4963674222658936,1.0246119956057074,0.12709406441307558,4.359447784562385,0.280264196834983,1.1543554499333921,3.502844390064442,all_objects,47,47,0,0,0,0.634651442442048,0.221995781252613,-0.11778595396206873,0.9010977763314556,0.142613969249915,0.6905236552435071,0.8509465746525678,all_objects,47,47,0,0,0,0.0714737138455408,0.04691939482569213,-0.0029131546393377445,0.2031568505315457,0.00675147411421181,0.06364933073013497,0.17146800688475203,all_objects,47,47,0,0,0,0.32862909951704555,0.10922414860269092,0.08992154719952813,0.5518417110379631,0.140199609298658,0.308640896314728,0.5405001851909236,all_objects,47,47,0,0,0,0.30209528315954254,0.06641035906692824,0.1647885377428922,0.4479153385848374,0.1842626799114659,0.2967767007007212,0.4201407658675155,all_objects,47,47,0,0,0,1.1095517370473011,0.34483322060905935,0.326932056525901,1.712017252024811,0.5010902053662066,1.1060351702865256,1.6135126420782853,all_objects,47,47,0,0,0,0.003499614575397931,0.011310799585032082,1.3500214540436607e-07,0.0625992345953807,2.6019504189708187e-07,4.226796096103065e-06,0.027684022418455516,all_objects,47,47,0,0,0,0.013994780804091306,0.045242106787596555,3.748890990153215e-07,0.2503960457144344,7.388861522400174e-07,1.6468435347508828e-05,0.11073352112518055,all_objects,47,47,0,0,0,0.005140920781306375,0.012400965105191423,0.00011903513053461652,0.06165233593031849,0.00016589707811656728,0.0005351645990994552,0.03223252477860794,all_objects,47,47,0,0,0,0.020067490589827704,0.049472111449686065,0.000285453891920914,0.24616668834239208,0.00039761668694808066,0.0018870377359036662,0.1283709855462495,all_objects,47,47,0,0,0,0.193446883400635,0.6091469974634464,1.676861222676962e-05,2.890717912605723,4.361062218833922e-05,0.00038585738286656124,1.375666091329003,all_objects,47,47,0,0,0,0.7546036915558412,0.08039667736507562,0.5671043190304583,0.910184624257664,0.6025217026114464,0.7622409834659972,0.8765315411096495,all_objects
dronevehicle,train,base,20,0,-4,4,4.0,15019,992,86,14607,0.9725680804314535,65,87,56,0.6436781609195402,9,1241,0.08262867035088887,1411,0.09394766628936681,7917,15019,0.5271322990878221,0.5271322990878221,15019,15019,0,0,0,0.7345348006968703,0.11895117021574159,0.0,0.9811169465307638,0.509688410446318,0.7553274881204036,0.8897270796820438,all_objects,15019,15019,0,0,0,0.7672610662338387,0.10137638783723456,0.0,0.9811169465307638,0.5938801889386474,0.7844285574688589,0.8934741999857357,all_objects,15019,15019,0,0,0,-0.15145884431234075,0.12483928843707812,-0.8587506286652603,0.5966916114992429,-0.37709042020919686,-0.13860189941309142,0.02839857642558117,all_objects,15019,15019,0,0,0,0.6632713244068966,0.26758734747326496,0.10241990049377958,8.35305220031238,0.4356911441378937,0.6311930896258302,0.9624656705975698,all_objects,15019,15019,0,0,0,0.9869875777674464,0.4915607291057877,0.3083068933157127,9.283747157619224,0.6199616287711256,0.8441377927272264,1.8911053828345745,all_objects,15019,15019,0,0,0,0.32371625336054977,0.48832909070913677,-5.99291911263433,7.036438716564395,-0.09133323426362673,0.21578977253114795,1.2046870515686583,all_objects,15019,15019,0,0,0,1.1306859714335462,1.0344883844158184,0.04688007652815966,12.9774240277088,0.22632283628843766,0.8432614934456166,3.1442233251178595,all_objects,15019,15019,0,0,0,0.04253504817379336,0.34523723814719615,-0.9232299203759265,0.9461631616387683,-0.5071876070468957,0.024576799934105616,0.6299567527823445,all_objects,15019,15019,0,0,0,0.0038408437386798244,0.01695452228130298,-0.0518151327713528,0.32364385069770946,-0.013471007416088934,0.0004940180515997717,0.031977721273553646,all_objects,15019,15019,0,0,0,0.2643846815486321,0.09735821140846529,0.05812904277759551,0.8303360592221629,0.12898162535869545,0.2493775546979507,0.4563127086354276,all_objects,15019,15019,0,0,0,0.12013046074260489,0.06490697003861162,0.005385099180978305,0.5564778656089192,0.040199843519522944,0.10724402260757561,0.24497633871249866,all_objects,15019,15019,0,0,0,2.9852584758473086,2.4310810208373934,0.2828769323091251,43.690554239584145,0.8908861456416705,2.287196947005721,7.226733896511043,all_objects,15019,15019,0,0,0,0.005808357955053483,0.016121902704128648,2.185508521974603e-08,0.11043824314490454,3.0969678041309833e-07,9.313608593558025e-06,0.04602573387108056,all_objects,15019,15019,0,0,0,0.023228194967797537,0.06448416862657128,5.6126257888153765e-08,0.441737301320277,8.569249586319266e-07,3.410879101679092e-05,0.18406351042898725,all_objects,15019,15019,0,0,0,0.007500437592632822,0.015138046614385864,5.008548940893e-05,0.08545917716362744,0.00017300724211458408,0.0007784882602485921,0.04689310577708923,all_objects,15019,15019,0,0,0,0.029345108523995054,0.06040047637011403,0.00011468760800856562,0.3402364335789222,0.0004240667568407711,0.002440043343455208,0.18639641866837273,all_objects,15019,15019,0,0,0,0.30155189311195396,0.7782687581524269,3.273249006952028e-06,4.011025303167344,4.328394030608252e-05,0.001080132429706282,2.505713420611061,all_objects,15019,15019,0,0,0,0.7417054925073424,0.11397254651597113,0.08524063508073151,0.9887254855899211,0.5254058133042515,0.7616824908281349,0.8907766492590569,all_objects
dronevehicle,train,n_iou_lt_070,20,0,-4,4,4.0,366,177,30,348,0.9508196721311475,65,87,56,0.6436781609195402,9,235,0.6420765027322405,261,0.7131147540983607,334,366,0.912568306010929,0.912568306010929,366,366,0,0,0,0.6502199293261408,0.167232933078223,0.0,0.9383209622287629,0.2942116549746001,0.6799945527650233,0.8588312073009685,all_objects,366,366,0,0,0,0.6718803704757581,0.162194393977128,0.0,0.9383209622287629,0.3042697761488149,0.6976826392451632,0.8651153884602084,all_objects,366,366,0,0,0,0.04944495629378905,0.15973440156095536,-0.6037995901803493,0.5966916114992429,-0.19739303965392715,0.05113390630579773,0.2901410044784215,all_objects,366,366,0,0,0,1.4789948250896785,1.162597592575813,0.4511581403753854,8.35305220031238,0.6714573288846857,1.12009933850163,3.7049300249625707,all_objects,366,366,0,0,0,1.1790597452278129,1.0569657278084539,0.4591467863893409,9.283747157619224,0.6023647231341085,0.8620087740067046,2.9638851569610845,all_objects,366,366,0,0,0,-0.29993507986186574,0.8322337606392128,-5.99291911263433,2.874964901684937,-1.714495707145157,-0.18674269129628718,0.7458150117884371,all_objects,366,366,0,0,0,1.3154733991277447,1.1690176030927624,0.05244558101624063,7.199284602136865,0.20560107851039006,0.9328070225137586,3.7483583054044294,all_objects,366,366,0,0,0,0.4916048109102867,0.321188149014484,-0.6841100850731916,0.9461631616387683,-0.12170504117432038,0.5747114666214554,0.8607168821714604,all_objects,366,366,0,0,0,0.04947525036849331,0.05033122997616802,-0.0518151327713528,0.32364385069770946,-0.005794811620805047,0.03810478006383756,0.14228969211587952,all_objects,366,366,0,0,0,0.2938411757308166,0.11079842467413226,0.08522287901849322,0.6790527098976641,0.13048968898403354,0.27453187869151896,0.4950996761280422,all_objects,366,366,0,0,0,0.28164394507113644,0.09107254388665229,0.07874551543153165,0.5564778656089192,0.14408113147981821,0.2711801487714192,0.45560411929605804,all_objects,366,366,0,0,0,1.0849790853385346,0.3714621087767665,0.2828769323091251,3.4670760814396453,0.5476678111304915,1.0578860146474858,1.7153763839341343,all_objects,366,366,0,0,0,0.010173151473893454,0.020234072368818495,1.504470925450367e-07,0.11043824314490454,7.078263328461561e-07,0.0001766660387528758,0.05414269309211659,all_objects,366,366,0,0,0,0.04068079280280914,0.08093156690569751,4.939584683973326e-07,0.441737301320277,2.048632584157996e-06,0.0007052737018689705,0.21656512420126173,all_objects,366,366,0,0,0,0.0122431424948245,0.01788168236594485,0.00012075231630165633,0.08545917716362744,0.00026383700478329285,0.0026361754957784957,0.05283731579117246,all_objects,366,366,0,0,0,0.04804532557910106,0.07135350465146068,0.00032865580512249636,0.3402364335789222,0.0006567155320753746,0.009580111172843402,0.21039629621356054,all_objects,366,366,0,0,0,0.5678210400868312,1.0445938228855456,1.237867860481856e-05,3.926516173821284,0.00010294844206271136,0.018029510346082134,3.283694357597703,all_objects,366,366,0,0,0,0.6628772284814158,0.1609194338617644,0.08524063508073151,0.9383307040300904,0.3077089590725977,0.6903508169503301,0.8588435063937891,all_objects
dronevehicle,train,quality_gate070,20,0,-4,4,4.0,87,70,14,85,0.9770114942528736,56,87,56,0.6436781609195402,0,71,0.8160919540229885,79,0.9080459770114943,86,87,0.9885057471264368,0.9885057471264368,87,87,0,0,0,0.7361718008306599,0.10447988240163156,0.492882891808859,0.9383209622287629,0.5440724664386359,0.7548306889430131,0.884947752899559,all_objects,87,87,0,0,0,0.7373759312251292,0.10349511603709513,0.49413001681214225,0.9383209622287629,0.543595378519617,0.7597660053045604,0.8772730559284801,all_objects,87,87,0,0,0,0.10059222806923174,0.1179187235440607,-0.19102357316276958,0.5102599821123084,-0.07288380342754466,0.11016232835535622,0.26640701091752433,all_objects,87,87,0,0,0,1.3461534117056007,0.6485678792420372,0.6274650772553702,4.622438517835739,0.7912989290697857,1.183739788792491,2.3987487881086174,all_objects,87,87,0,0,0,0.8312720215197971,0.15720582359559263,0.5745959249694248,1.4892999820900354,0.663370374597595,0.7950219503587015,1.1067220166037885,all_objects,87,87,0,0,0,-0.5148813901858035,0.6554087081476069,-3.9100709188771914,0.20334087489928898,-1.5167276865323363,-0.32085739107527567,0.02925974441228317,all_objects,87,87,0,0,0,1.549215549098106,1.343903883043469,0.05244558101624063,7.197270404318305,0.296301394549812,1.184931522340345,4.292379711576706,all_objects,87,87,0,0,0,0.6249736616466766,0.21054953589572248,-0.042001061806537156,0.8831766942729471,0.20072218478855436,0.6912930964276753,0.8586384862564498,all_objects,87,87,0,0,0,0.06633554311026037,0.0555203488265761,-0.002211188699277356,0.32364385069770946,0.006992945056249352,0.05561268900903851,0.1627529475020913,all_objects,87,87,0,0,0,0.31890575490268835,0.11828928356791917,0.08522287901849322,0.6790527098976641,0.14300124869120073,0.3111477318916131,0.5245265014362465,all_objects,87,87,0,0,0,0.28022170883193603,0.07969857639891607,0.08658896473228668,0.5497061660919618,0.17209720723695154,0.27225604214379306,0.4245596200029702,all_objects,87,87,0,0,0,1.1509021293759785,0.32777433037293746,0.4454399888041549,2.038169423730511,0.639117166628676,1.1080437954270077,1.6370653228381387,all_objects,87,87,0,0,0,0.0053613350469515104,0.01405025218438787,2.0258240948540134e-07,0.0832336848408622,3.988094908448349e-07,3.1432776173763235e-05,0.040610609810775744,all_objects,87,87,0,0,0,0.021441616449792863,0.05619987614917675,5.635000943772683e-07,0.3329327600693158,1.3282531872470215e-06,0.00012282797572028963,0.1624382649342209,all_objects,87,87,0,0,0,0.007778659182433448,0.014366928523529856,0.00014270714382634705,0.07176522456815566,0.00018625847377772337,0.0012917888986799014,0.04153124876454643,all_objects,87,87,0,0,0,0.030406751616730947,0.05732954635566059,0.00034013939296316585,0.2864073801153078,0.0005252939270554639,0.004355317875288469,0.1651195868240386,all_objects,87,87,0,0,0,0.28444600972784756,0.749211843340082,2.2361560809258663e-05,3.705174899797555,4.9033116215468905e-05,0.0031610097064458387,1.8374996805974901,all_objects,87,87,0,0,0,0.7437150543887668,0.09516009053533023,0.5037357530567429,0.9383307040300904,0.5922109174254883,0.7548249692602406,0.8850045826917513,all_objects
dronevehicle,val,base,20,0,-4,4,4.0,2821,192,1,2763,0.9794399149237859,39,47,37,0.7872340425531915,2,460,0.163062743707905,534,0.18929457639135058,1631,2821,0.5781637717121588,0.5781637717121588,2821,2821,0,0,0,0.7196232949524592,0.12197380424144773,0.0002809863917850838,0.9517157108518409,0.48358157296937293,0.7413572729219546,0.8748362255558869,all_objects,2821,2821,0,0,0,0.7533672031261417,0.11231125622807511,0.0002809863917850838,0.9591394758827001,0.5575074864165797,0.771792902630281,0.8898367846993218,all_objects,2821,2821,0,0,0,-0.12882739375093794,0.1410779929105059,-0.7624313035638554,0.5254136100119247,-0.37584527656840583,-0.12055845562709444,0.08846033969054334,all_objects,2821,2821,0,0,0,0.7558536262313511,0.3833376921078255,0.22344920549894004,6.8820653957064035,0.4567344122136967,0.6704594706122594,1.2854797848906196,all_objects,2821,2821,0,0,0,1.0420050231521207,0.5458099079621896,0.402785147667626,7.845206602633089,0.6414036447809939,0.8846135761651235,2.03464899124521,all_objects,2821,2821,0,0,0,0.2861513969207697,0.5633519794944694,-4.55040608201006,7.254366281471648,-0.35218955093399296,0.2077003410158127,1.2887997746750193,all_objects,2821,2821,0,0,0,1.2192062508619002,1.1057885790944928,0.05904140404984784,12.352558242781804,0.22838893471924826,0.9496929662756233,3.092715785196247,all_objects,2821,2821,0,0,0,0.09954326885588875,0.3648869713200788,-0.8306546984846759,0.9394354138729736,-0.47585441872383577,0.08453448033320744,0.7042796751913108,all_objects,2821,2821,0,0,0,0.008427256787627839,0.02281546767925917,-0.05948869084333562,0.1879897517373953,-0.01470347151064725,0.0020511751031444345,0.05173789791077242,all_objects,2821,2821,0,0,0,0.27428644246582023,0.09709158891786397,0.05817948227512071,0.8036231767866764,0.13208122661229643,0.2648262626530078,0.45756505393946695,all_objects,2821,2821,0,0,0,0.14826796237953926,0.08140013869058085,0.01465353509715235,0.5487062953452576,0.046433802528400396,0.13103342270045054,0.3000456478114684,all_objects,2821,2821,0,0,0,2.5713906901208485,2.0804411800736418,0.2591319608584927,24.07147657375453,0.7143167916400013,1.9427670734042293,6.25272115880944,all_objects,2821,2821,0,0,0,0.005945977333020759,0.015797257363293,3.540060140953013e-08,0.10533168366224982,3.2829796410509394e-07,1.1295959661138536e-05,0.04508623794403646,all_objects,2821,2821,0,0,0,0.02377648459692842,0.06317990814687377,7.180041646469066e-08,0.4213259139507576,9.022673576700721e-07,4.0429275193294126e-05,0.18034143080528597,all_objects,2821,2821,0,0,0,0.007666222730686458,0.014981802888890196,6.395758413064817e-05,0.08405638581717173,0.00017563706880424285,0.0008465569964367506,0.04613557546672193,all_objects,2821,2821,0,0,0,0.029974224871116523,0.0597249625709208,0.00012811280099856958,0.3357960137425688,0.0004380481017821263,0.002683563902107814,0.18359192877320385,all_objects,2821,2821,0,0,0,0.315048626102416,0.7803084800453356,5.968086213670176e-06,4.065698214508387,4.3732198889756546e-05,0.0012417537078590613,2.5336122171081,all_objects,2821,2821,0,0,0,0.726672009839879,0.1170652073026329,0.0460487330305523,0.9517154122382563,0.5026464209938968,0.7470614445349527,0.8771487153591281,all_objects
dronevehicle,val,n_iou_lt_070,20,0,-4,4,4.0,229,38,1,223,0.9737991266375546,39,47,37,0.7872340425531915,2,161,0.7030567685589519,179,0.7816593886462883,214,229,0.9344978165938864,0.9344978165938864,229,229,0,0,0,0.6584212477007302,0.15917681920159887,0.0250788911477873,0.8901127069383463,0.3525259788866279,0.7033912985952192,0.845365330553323,all_objects,229,229,0,0,0,0.6614126741359728,0.1593415857119454,0.0250788911477873,0.8901127069383463,0.3525259788866279,0.7058663751994864,0.8547228437354338,all_objects,229,229,0,0,0,0.06087188563753286,0.13167675522971412,-0.6338378070050829,0.5254136100119247,-0.13353595575751134,0.0626281991348574,0.26929991170610623,all_objects,229,229,0,0,0,1.4945124963834107,0.9070835221013352,0.5366924000095765,6.8820653957064035,0.7142901269861248,1.2817385013663638,3.1455186655522747,all_objects,229,229,0,0,0,1.17205067211969,0.9374985946825518,0.4913114784108873,7.401656094334968,0.6361390524884591,0.9078925263719848,2.628649226774616,all_objects,229,229,0,0,0,-0.32246182426372044,0.7611263220359062,-4.55040608201006,5.995684244788421,-1.226219166157687,-0.2760652439450233,0.3593433906338211,all_objects,229,229,0,0,0,1.1207933100561773,1.0630813990432137,0.11532627307063435,11.48203980104844,0.22396245391712288,0.8538095870881505,2.5171360159153062,all_objects,229,229,0,0,0,0.5117526914588403,0.27924382962390093,-0.4513363941631102,0.9394354138729736,-0.038187240462402176,0.5739394984975158,0.8599921426421296,all_objects,229,229,0,0,0,0.04789890456045737,0.0386597744468337,-0.017127831086057706,0.1879897517373953,-0.0019087657777126657,0.041649254011539946,0.12693589742040512,all_objects,229,229,0,0,0,0.27719143655203987,0.09575403825566564,0.092498072159279,0.7591554256518395,0.1388648640311906,0.266232151966111,0.4428530993483038,all_objects,229,229,0,0,0,0.29917544821142666,0.07990702173898351,0.11748534660809072,0.5487062953452576,0.17629290285971208,0.2923887044919115,0.4489423658498955,all_objects,229,229,0,0,0,0.9616816450465786,0.34007921897448556,0.2605173411571256,2.558571200096157,0.5126285116047319,0.9431754673903442,1.4868075915752708,all_objects,229,229,0,0,0,0.007842378560378178,0.016223252440459173,1.4637217697358733e-07,0.08267926164070169,5.489974030767932e-07,9.577164916964164e-05,0.044295640688429436,all_objects,229,229,0,0,0,0.03136093750400336,0.06489015583933302,3.173699303590582e-07,0.33070135038801557,1.8449344278483022e-06,0.00037694174011404004,0.17716575845385443,all_objects,229,229,0,0,0,0.010104903235660895,0.015098498834130076,0.00012346566818534778,0.06731533300682686,0.00023115151648192084,0.002164608739775274,0.0422018267540435,all_objects,229,229,0,0,0,0.0395319010446962,0.060183157580401964,0.0002561852059258961,0.26723999341110716,0.0006391254343053956,0.007558673706575685,0.1665133875248534,all_objects,229,229,0,0,0,0.47475525292004134,0.8985464940553887,2.747726767893255e-05,3.7335384176201956,5.3197977490526685e-05,0.009462802121362301,2.774505532323485,all_objects,229,229,0,0,0,0.6682413793691487,0.15613956758867784,0.0460487330305523,0.8901386139538304,0.3820110586429412,0.7116007681745569,0.855031819984864,all_objects
dronevehicle,val,quality_gate070,20,0,-4,4,4.0,47,17,1,47,1.0,37,47,37,0.7872340425531915,0,46,0.9787234042553191,46,0.9787234042553191,47,47,1.0,1.0,47,47,0,0,0,0.7471424607406193,0.07263581822477781,0.5286902288534454,0.8774149233912982,0.6456887862041311,0.7441140563020914,0.8660432081424937,all_objects,47,47,0,0,0,0.7484883918134102,0.06907425333601683,0.5919486468277864,0.8774149233912982,0.6456887862041311,0.7441140563020914,0.8660432081424937,all_objects,47,47,0,0,0,0.11799097967595654,0.0775329697554738,-0.012049089735340135,0.34329637874822694,0.0036847211812833904,0.112366367419234,0.2516032129244888,all_objects,47,47,0,0,0,1.3880316664313053,0.3955650273255572,0.7392507661671757,2.677034604882545,0.9177338091907298,1.353883135161063,2.1112088029325635,all_objects,47,47,0,0,0,0.8496614863572752,0.1581627965096294,0.4931671296250685,1.3520144480471572,0.6486692046556151,0.8264736535397248,1.127220343252155,all_objects,47,47,0,0,0,-0.5383701800740298,0.39102233674923803,-1.76914207851056,0.21748296513279075,-1.3149903452602933,-0.4464324374594826,-0.11842026310577294,all_objects,47,47,0,0,0,1.4100123831690534,0.7176901357004907,0.2793396245229493,3.703902167874854,0.5200490745493771,1.2984344715711842,2.4217060762025664,all_objects,47,47,0,0,0,0.6542778108989152,0.14617048213964753,0.2011423130827179,0.8676964749682158,0.42616112810560325,0.6718275221437554,0.8535634909827102,all_objects,47,47,0,0,0,0.06942646950852208,0.03794593817431175,0.01085526691616962,0.16019812880026302,0.02532931675943485,0.06239329027095478,0.14239454174250432,all_objects,47,47,0,0,0,0.3265135105445922,0.0780062502511003,0.17243277982622507,0.4949530065844443,0.20109163157871623,0.32748982058609294,0.44625596839038434,all_objects,47,47,0,0,0,0.30209528315954254,0.06641035906692824,0.1647885377428922,0.4479153385848374,0.1842626799114659,0.2967767007007212,0.4201407658675155,all_objects,47,47,0,0,0,1.1083806863760286,0.2880871498698017,0.652388143438051,2.224164705958218,0.6984048570323268,1.097575805876771,1.478634624308544,all_objects,47,47,0,0,0,0.004072083476735782,0.010342839846944236,1.4637217697358733e-07,0.05115415362161319,2.79243179185156e-07,4.2271548092501845e-06,0.028067542874621373,all_objects,47,47,0,0,0,0.01628541011941257,0.04137037074143731,3.173699303590582e-07,0.20460033782870732,7.563209864482042e-07,1.5589910566197668e-05,0.11226945172893871,all_objects,47,47,0,0,0,0.0059161876786764395,0.010960630433837923,0.00012346566818534778,0.04502378593718607,0.00016503032308908824,0.0005807775720107176,0.029063172190714796,all_objects,47,47,0,0,0,0.023171597259385647,0.04376492256543574,0.0002561852059258961,0.17849105935614973,0.0003958771346158816,0.0018589122403100968,0.11599205331835871,all_objects,47,47,0,0,0,0.2872849519889695,0.7211948859595536,2.747726767893255e-05,2.8569051690456604,3.858935295397714e-05,0.0004352619867518115,2.2593095970888624,all_objects,47,47,0,0,0,0.7545213966870299,0.06639170986682466,0.5962930595007995,0.8775114498256658,0.6457191704875368,0.7549792405318456,0.8660456031887361,all_objects
dronevehicle,train,base,21,4,4,4,5.656854249492381,15019,992,86,14348,0.9553232572075371,27,87,20,0.22988505747126436,7,530,0.035288634396431186,609,0.040548638391370934,6539,15019,0.435381849657101,0.435381849657101,15019,15019,0,0,0,0.6807481343479443,0.11323954345761626,0.026863963684985545,0.9665473968865802,0.48755015159940657,0.6871999845282637,0.848852066740254,all_objects,15019,15019,0,0,0,0.6792617419817403,0.10752012102332704,0.0,0.9626238215613794,0.5012650769660312,0.6860750259140113,0.8338037802525304,all_objects,15019,15019,0,0,0,-0.20524551066126676,0.11989618549672788,-0.9482444777068326,0.6104667810988332,-0.39870869986771645,-0.2041518652296287,-0.02075027712526686,all_objects,15019,15019,0,0,0,0.6632713244068966,0.26758734747326496,0.10241990049377958,8.35305220031238,0.4356911441378937,0.6311930896258302,0.9624656705975698,all_objects,15019,15019,0,0,0,1.0537217896178441,0.38639299738349436,0.4627860646267304,8.614790516704094,0.7209685503436558,0.9776819672030439,1.617019356610456,all_objects,15019,15019,0,0,0,0.3904504652109473,0.39703508600673365,-5.744337676529134,6.072118889492253,0.03273500814215685,0.34690586187994743,0.9511040242640215,all_objects,15019,15019,0,0,0,1.392230585837607,1.0226674589805826,0.059465884423103695,12.181058658293995,0.34930547436110543,1.1848805434508634,3.1461122857523542,all_objects,15019,15019,0,0,0,-0.03847461817833083,0.31027878895452565,-0.8406667575036542,0.9495884802135988,-0.519225755993629,-0.05722344939575893,0.5035648044494017,all_objects,15019,15019,0,0,0,0.0010580396431944716,0.014745011662446402,-0.04096548910835022,0.2368754826116039,-0.015462782598516054,-0.0013507310323985812,0.025649945605344397,all_objects,15019,15019,0,0,0,0.29244734719950816,0.08696475237492296,0.05895731198302676,0.7497723455444267,0.15433142812757827,0.29049456418725617,0.44419016727130406,all_objects,15019,15019,0,0,0,0.12013046074260489,0.06490697003861162,0.005385099180978305,0.5564778656089192,0.040199843519522944,0.10724402260757561,0.24497633871249866,all_objects,15019,15019,0,0,0,3.355568435917999,2.6565194468892175,0.2675452606666736,63.22776228735286,0.9640154246866153,2.6306874333929704,7.915716355451704,all_objects,15019,15019,0,0,0,0.009197467314860264,0.020967198110728832,5.789126257141598e-08,0.1774400767391273,1.099447912749747e-06,5.818988810693439e-05,0.06193859190739151,all_objects,15019,15019,0,0,0,0.034477959226691085,0.07711041714674068,1.0496962343809256e-07,0.46279587678360107,2.5404152019985204e-06,0.00018882153992195967,0.2326308391515855,all_objects,15019,15019,0,0,0,0.012380515489609027,0.02015072604765103,0.00010890928447666302,0.14768908828009772,0.0004186734150049714,0.0023260985529543177,0.06086077430884523,all_objects,15019,15019,0,0,0,0.0426994412544012,0.07158407416100068,0.00014923473022270434,0.38268626411346723,0.0007185621028799698,0.005778470454214658,0.2232400942806006,all_objects,15019,15019,0,0,0,0.4430080549622916,0.923565824409933,6.538603315675573e-06,4.974012747488359,8.947095888629519e-05,0.004451325429045028,2.849497129651651,all_objects,15019,15019,0,0,0,0.691194409400871,0.10744930879008562,0.05804610851590963,0.9668212631934365,0.5068911560065748,0.6972208700074356,0.8515316045923147,all_objects
dronevehicle,train,n_iou_lt_070,21,4,4,4,5.656854249492381,366,177,30,340,0.9289617486338798,27,87,20,0.22988505747126436,7,161,0.43989071038251365,217,0.592896174863388,306,366,0.8360655737704918,0.8360655737704918,366,366,0,0,0,0.5847155974018338,0.14620525089655179,0.10911511655266207,0.8829160904836308,0.3058724058333638,0.5926278833785061,0.8001531535355207,all_objects,366,366,0,0,0,0.5849959858068635,0.14409100406055403,0.10911511655266207,0.8630766480754836,0.3058724058333638,0.5938621047271133,0.7943893810045457,all_objects,366,366,0,0,0,-0.016059375630517944,0.15899977832674728,-0.49529101348593413,0.6104667810988332,-0.23645390257289703,-0.03209446183515807,0.2547199069568759,all_objects,366,366,0,0,0,1.4789948250896785,1.162597592575813,0.4511581403753854,8.35305220031238,0.6714573288846857,1.12009933850163,3.7049300249625707,all_objects,366,366,0,0,0,1.2376295607878356,0.8809064050594848,0.5491887418753489,8.614790516704094,0.680131160451217,1.0253021213328646,2.1466709538907907,all_objects,366,366,0,0,0,-0.24136526430184294,0.7659651763916077,-5.744337676529134,3.791622830790324,-1.6616813259414176,-0.0810818002705131,0.4671952348408428,all_objects,366,366,0,0,0,1.2455043732239777,0.9984322598981431,0.07335647468946176,6.964760744666351,0.23999603044570544,0.9746587792762242,3.172063398163874,all_objects,366,366,0,0,0,0.3564619739313179,0.32604422978085934,-0.641379069927585,0.9495884802135988,-0.2321849464890796,0.40616370914527355,0.8107363259141993,all_objects,366,366,0,0,0,0.03653847301391621,0.04294878427079472,-0.030192330404142827,0.2368754826116039,-0.009924329246314437,0.027249386360362927,0.12331759127774694,all_objects,366,366,0,0,0,0.27812414214299747,0.09711211815494093,0.07256972492562302,0.6100117164716039,0.14113375645660708,0.2677090532110145,0.44472184022323524,all_objects,366,366,0,0,0,0.28164394507113644,0.09107254388665229,0.07874551543153165,0.5564778656089192,0.14408113147981821,0.2711801487714192,0.45560411929605804,all_objects,366,366,0,0,0,1.0470718056124293,0.3886524776483824,0.2675452606666736,2.5545722789894865,0.5241891630443516,0.9836286107637408,1.7737623052662128,all_objects,366,366,0,0,0,0.01491693401905379,0.025931775085548843,2.4566325353180893e-07,0.15078895854339233,6.102295728812958e-06,0.000579826696751834,0.07115670846668634,all_objects,366,366,0,0,0,0.052978825031364155,0.09011350262128573,4.536353405595984e-07,0.42105157490186695,1.5383896554847613e-05,0.0022322577922344704,0.25981545266027267,all_objects,366,366,0,0,0,0.019135060922289122,0.0240126700698016,0.00020972221522421575,0.1299972198178616,0.0008967296115683937,0.006625476717431047,0.06813532353128701,all_objects,366,366,0,0,0,0.06188479682651709,0.07950164569828926,0.000308112457850821,0.34114917066726913,0.0016766735755775431,0.01909921026113897,0.24248305045301896,all_objects,366,366,0,0,0,0.732071272590481,1.1152871428128777,2.233752803704192e-05,3.9524533256432335,0.0004406335458781996,0.04640880583434637,3.147657926577061,all_objects,366,366,0,0,0,0.6014318613178673,0.1414805615570093,0.10917836465742844,0.9163983094318305,0.34487817664764253,0.6033274961173263,0.8087159785263518,all_objects
dronevehicle,train,quality_gate070,21,4,4,4,5.656854249492381,87,70,14,81,0.9310344827586207,20,87,20,0.22988505747126436,0,37,0.42528735632183906,54,0.6206896551724138,79,87,0.9080459770114943,0.9080459770114943,87,87,0,0,0,0.6060439430932842,0.11398520965139693,0.28219027325074836,0.8530184333152754,0.4146127769283041,0.6113332765326046,0.7441329513365128,all_objects,87,87,0,0,0,0.6061922206125608,0.11425711085670147,0.28219027325074836,0.8530184333152754,0.41078969104997504,0.6113332765326046,0.7441329513365128,all_objects,87,87,0,0,0,-0.029535629668143805,0.12674152504881764,-0.2676975347993035,0.4104987097308745,-0.2273036147493267,-0.041983070587871096,0.1766829399868889,all_objects,87,87,0,0,0,1.3461534117056007,0.6485678792420372,0.6274650772553702,4.622438517835739,0.7912989290697857,1.183739788792491,2.3987487881086174,all_objects,87,87,0,0,0,1.055766615850208,0.15970040522123266,0.6841392119723465,1.5446531591947792,0.7969993664162031,1.0346045973628213,1.3904363921433565,all_objects,87,87,0,0,0,-0.29038679585539257,0.6460308687791503,-3.5963898004568544,0.46740971731618364,-1.2917347408626023,-0.11625596661997184,0.2553225768305564,all_objects,87,87,0,0,0,1.4548520042768769,1.0488080134557467,0.07335647468946176,5.410308366757758,0.30937274845637225,1.10139346659168,3.5876411402251196,all_objects,87,87,0,0,0,0.37705669550041676,0.27657139495612176,-0.5151425526017336,0.845238606216667,-0.07931002425114415,0.41346043594932,0.760097430948785,all_objects,87,87,0,0,0,0.04231986171335044,0.045948114882551336,-0.02226455944617555,0.2368754826116039,-0.002970065605219111,0.029600331503400967,0.12554051136385316,all_objects,87,87,0,0,0,0.3020438721705241,0.09842225739759333,0.07256972492562302,0.5435775906925764,0.1662235898538462,0.29093802191120727,0.45536090970853554,all_objects,87,87,0,0,0,0.28022170883193603,0.07969857639891607,0.08658896473228668,0.5497061660919618,0.17209720723695154,0.27225604214379306,0.4245596200029702,all_objects,87,87,0,0,0,1.114794272398949,0.34814506558500463,0.28445239126839156,2.4500591302984613,0.6009339951398017,1.0887595473614244,1.7321300174984864,all_objects,87,87,0,0,0,0.012598897262140987,0.02391514487656733,3.451080873687928e-07,0.10536148047452207,1.6231474417911425e-06,0.00012495694102134127,0.06535389230749457,all_objects,87,87,0,0,0,0.04506292789093664,0.08597647515849267,4.536353405595984e-07,0.42105157490186695,5.415097748680132e-06,0.0004226272974764651,0.25139144424102133,all_objects,87,87,0,0,0,0.01757901579860861,0.02481217378614306,0.0002665242920784634,0.10836995871880883,0.0004636147791653819,0.003463609783943065,0.07139804159231727,all_objects,87,87,0,0,0,0.056483431197364535,0.08169510397129136,0.000308112457850821,0.34114917066726913,0.0011128987048567452,0.009172491930798691,0.24242943874732398,all_objects,87,87,0,0,0,0.5482519664650526,0.9556834739083461,3.182010158297999e-05,3.829562541573466,0.00012770710653171592,0.0074934907232773185,2.681257579655267,all_objects,87,87,0,0,0,0.6217916021178699,0.10249679776459722,0.3836853430290279,0.8530187825815724,0.4349447228233018,0.6140457016183943,0.7497520958076622,all_objects
dronevehicle,val,base,21,4,4,4,5.656854249492381,2821,192,1,2698,0.956398440269408,20,47,19,0.40425531914893614,1,243,0.08613966678482808,313,0.1109535625664658,1535,2821,0.54413328606877,0.54413328606877,2821,2821,0,0,0,0.6794524207842286,0.11551250119273791,0.050627113185404554,0.9502119585636264,0.4790417136451501,0.6880997431674798,0.8497663486990922,all_objects,2821,2821,0,0,0,0.6746203669830872,0.11335991371828605,0.0,0.9502119585636264,0.48137988118703195,0.6838990213927318,0.8348019518742209,all_objects,2821,2821,0,0,0,-0.16899826791916847,0.1296436605762115,-0.8807097782084357,0.6225576936474522,-0.3692001386620214,-0.16944319161463772,0.04445298849592316,all_objects,2821,2821,0,0,0,0.7558536262313511,0.3833376921078255,0.22344920549894004,6.8820653957064035,0.4567344122136967,0.6704594706122594,1.2854797848906196,all_objects,2821,2821,0,0,0,1.0807253103792347,0.415451536136088,0.5284421072932878,6.939572381235395,0.7373897475193456,0.9935228558479494,1.7104940808908524,all_objects,2821,2821,0,0,0,0.3248716841478835,0.4524158245630378,-4.701430225653842,6.348732060073954,-0.22673278813504671,0.3137820139596874,0.9392714199198923,all_objects,2821,2821,0,0,0,1.4570724312068035,1.0418227541174239,0.0912887068699218,11.171369421026487,0.33502226212011343,1.2680096258433105,3.1975499351966783,all_objects,2821,2821,0,0,0,0.059744786175121994,0.3292169684051795,-0.7982370532074013,0.911862868157842,-0.4495986415683379,0.03618334178601383,0.6163601382386575,all_objects,2821,2821,0,0,0,0.0074122947600101675,0.02280594875316986,-0.03215114890594812,0.2192080458549879,-0.014481708795400346,0.0011789919329037715,0.05431439362456408,all_objects,2821,2821,0,0,0,0.2980506189466149,0.09020673057089669,0.07589487779075672,0.7417774589702696,0.15256010210539703,0.29926164783346926,0.4438561589161032,all_objects,2821,2821,0,0,0,0.14826796237953926,0.08140013869058085,0.01465353509715235,0.5487062953452576,0.046433802528400396,0.13103342270045054,0.3000456478114684,all_objects,2821,2821,0,0,0,2.8046666565450313,2.180217246096528,0.2304356601040281,23.977129393116087,0.7803305769133227,2.1873994041188105,6.718961569311588,all_objects,2821,2821,0,0,0,0.008723988152896423,0.020188298593577826,1.3370816942294158e-07,0.1343707832825646,1.2498404241606978e-06,6.879662234898566e-05,0.06209824883337056,all_objects,2821,2821,0,0,0,0.032784566878475876,0.07509698245388477,1.7661137383828955e-07,0.44238692671556074,2.802709387912702e-06,0.0002236287102126632,0.2397328152910623,all_objects,2821,2821,0,0,0,0.01209670858580459,0.019381157058829902,0.0001678358158339278,0.12519039266954496,0.0004419813380252968,0.0024739634511728253,0.0601841912691676,all_objects,2821,2821,0,0,0,0.041483687043589894,0.06931048288290657,0.0001965685428791088,0.36016126521931596,0.000748005664371395,0.006382206818836377,0.22119088674237178,all_objects,2821,2821,0,0,0,0.4234368195436943,0.8966234668500941,1.5111883556073735e-05,3.9877931564427627,0.00010092465089428515,0.004972847350245502,2.786973873842655,all_objects,2821,2821,0,0,0,0.688635153697739,0.1102845281419224,0.09726811132985794,0.9502291009493394,0.49756323742057157,0.6979254504903294,0.8514363005031993,all_objects
dronevehicle,val,n_iou_lt_070,21,4,4,4,5.656854249492381,229,38,1,217,0.9475982532751092,20,47,19,0.40425531914893614,1,124,0.5414847161572053,146,0.6375545851528385,202,229,0.8820960698689956,0.8820960698689956,229,229,0,0,0,0.5978344268617588,0.15156416987778248,0.09728903887624447,0.8845145694995509,0.30257668777157765,0.6254832673291979,0.7973662675422193,all_objects,229,229,0,0,0,0.5978179026817113,0.15105111585086742,0.09728903887624447,0.8845145694995509,0.30257668777157765,0.6308792108040492,0.794674321270194,all_objects,229,229,0,0,0,0.00028506479856150107,0.13618470171383293,-0.5616276592766256,0.6225576936474522,-0.21555361811618318,0.017796318532894317,0.1934338161618346,all_objects,229,229,0,0,0,1.4945124963834107,0.9070835221013352,0.5366924000095765,6.8820653957064035,0.7142901269861248,1.2817385013663638,3.1455186655522747,all_objects,229,229,0,0,0,1.2702400609594513,0.7804185655241745,0.5547978617881716,6.320421086898728,0.7309535152901505,1.0448435314745192,2.4747800431558526,all_objects,229,229,0,0,0,-0.22427243542395925,0.7337949003405725,-4.701430225653842,4.914449237352181,-1.1441930546492323,-0.189796664626664,0.6465070395663491,all_objects,229,229,0,0,0,1.5343891079943162,1.2024150853559843,0.09908449481064988,8.196945534970729,0.2506881396375935,1.305149035273311,3.7218090447704983,all_objects,229,229,0,0,0,0.4236636827530772,0.31991253464195724,-0.5039075557600637,0.911862868157842,-0.23911804118775654,0.5293332457159584,0.7981081065646082,all_objects,229,229,0,0,0,0.04667896458016178,0.042949510007691385,-0.023161022451728876,0.2192080458549879,-0.0084582461142688,0.04375591770432477,0.11802076174388476,all_objects,229,229,0,0,0,0.30666950491697237,0.10962059961788653,0.08491558718324856,0.668420780379857,0.14418782514361556,0.303065672326196,0.495912206080615,all_objects,229,229,0,0,0,0.29917544821142666,0.07990702173898351,0.11748534660809072,0.5487062953452576,0.17629290285971208,0.2923887044919115,0.4489423658498955,all_objects,229,229,0,0,0,1.0694077634017134,0.39065746526221845,0.2304356601040281,2.2527694598998043,0.44553854968705076,1.0703130906167986,1.755912083704647,all_objects,229,229,0,0,0,0.011986819723990693,0.021802535875565066,3.8227491276302456e-07,0.1180005981820961,3.084756703958406e-06,0.0005862299778590544,0.06284374112415538,all_objects,229,229,0,0,0,0.04400494146090216,0.078619726881212,7.979948289115779e-07,0.34278777392056886,6.889939788107002e-06,0.002005551020343449,0.24152292417374235,all_objects,229,229,0,0,0,0.01634914111940779,0.02024958699879368,0.00027625767066256815,0.10500580814007647,0.0007085322407379893,0.0063982091076415885,0.061198086167426155,all_objects,229,229,0,0,0,0.0534535473164076,0.06832572090240016,0.00040890545694130905,0.28035343801216844,0.0012289737914701173,0.017950951230757486,0.2093143962701554,all_objects,229,229,0,0,0,0.630729894212079,1.0508162722311165,4.010062599490993e-05,3.8718183084903615,0.00018635821976431544,0.04804731710873966,3.140264006085976,all_objects,229,229,0,0,0,0.61017053144052,0.14672142468008892,0.09726811132985794,0.8844898233339757,0.3181324833149165,0.6369092902281246,0.8041547368754017,all_objects
dronevehicle,val,quality_gate070,21,4,4,4,5.656854249492381,47,17,1,46,0.9787234042553191,19,47,19,0.40425531914893614,0,31,0.6595744680851063,37,0.7872340425531915,44,47,0.9361702127659575,0.9361702127659575,47,47,0,0,0,0.6625183339972223,0.09553837549331226,0.4228683718849137,0.8367377540783068,0.48719790682186537,0.6795956412985608,0.8183715457990912,all_objects,47,47,0,0,0,0.6614959221898514,0.09335814187758605,0.4228683718849137,0.8367377540783068,0.48719790682186537,0.6795956412985608,0.8037670654612437,all_objects,47,47,0,0,0,0.033366852932559574,0.09929518339870824,-0.18809349269583503,0.24951944009715077,-0.15349284287825896,0.03269592854390779,0.17827070672531656,all_objects,47,47,0,0,0,1.3880316664313053,0.3955650273255572,0.7392507661671757,2.677034604882545,0.9177338091907298,1.353883135161063,2.1112088029325635,all_objects,47,47,0,0,0,1.0468168090757322,0.20361431796416823,0.664702908999467,1.7718162876279155,0.8065106964175508,1.0071262551744276,1.4289569043331658,all_objects,47,47,0,0,0,-0.3412148573555726,0.4035648699211271,-1.7190548828576246,0.38154011907057606,-1.149603830532551,-0.32413642480118154,0.08718320758486642,all_objects,47,47,0,0,0,1.826269236542603,1.2212108472447525,0.25091405510806447,5.102288453648406,0.3122748245714687,1.7219479720360031,4.339887072777201,all_objects,47,47,0,0,0,0.5159874129065037,0.2851585386170999,-0.3964596568404595,0.8586836183106471,-0.04082526125102412,0.6043638666036952,0.787047156418312,all_objects,47,47,0,0,0,0.06229812081015883,0.04471872156456449,-0.015272523240978476,0.1868935044644958,-0.001336444160568064,0.06197473290777021,0.1462309916679823,all_objects,47,47,0,0,0,0.340034539089478,0.11695401089573944,0.14414480514407263,0.5740478538081956,0.14565526870383372,0.359219284083431,0.5366963920313966,all_objects,47,47,0,0,0,0.30209528315954254,0.06641035906692824,0.1647885377428922,0.4479153385848374,0.1842626799114659,0.2967767007007212,0.4201407658675155,all_objects,47,47,0,0,0,1.154283806461298,0.3935201633351967,0.413366187826895,1.9091189140939835,0.444936619003232,1.1191206954917259,1.794470396508065,all_objects,47,47,0,0,0,0.005495099985804507,0.013185105046049117,6.390568506815174e-07,0.06272807001680428,8.847158914581757e-07,3.5393637983859553e-05,0.033845087779142406,all_objects,47,47,0,0,0,0.02167479177176022,0.05229086778662596,1.0509140770851769e-06,0.2503960457144344,1.9066119301776865e-06,0.00012445854161197373,0.13505765760526278,all_objects,47,47,0,0,0,0.009092932291036294,0.014552027021197069,0.00034540064158454975,0.06445915365049296,0.000398721854640499,0.001712994514229108,0.04065208924719953,all_objects,47,47,0,0,0,0.03194577147040924,0.0544233533540162,0.0004534549414627027,0.24616668834239208,0.0006163542157541119,0.00449289385177722,0.14158946003037404,all_objects,47,47,0,0,0,0.3193972425298809,0.7934143726535092,5.017208627577929e-05,3.6543686511008673,5.679548540342694e-05,0.002371127840291365,2.346909034843315,all_objects,47,47,0,0,0,0.6690968531452501,0.0900775913522932,0.4331330784982271,0.836740607650465,0.5129155715395177,0.680558327843978,0.8183721333091706,all_objects
dronevehicle,train,base,22,4,-4,4,5.656854249492381,15019,992,86,14280,0.9507956588321459,41,87,34,0.39080459770114945,7,445,0.029629136427192223,598,0.039816232771822356,6570,15019,0.437445901857647,0.437445901857647,15019,15019,0,0,0,0.6642210054488303,0.1166392372678989,0.0,0.9701078088717351,0.45593487555470463,0.6746879464734711,0.8367106419923226,all_objects,15019,15019,0,0,0,0.6829552159108382,0.10332517997361264,0.0,0.9701078088717351,0.5131734878945731,0.6897071092763809,0.834031411316365,all_objects,15019,15019,0,0,0,-0.22177263956038076,0.12421287345648002,-0.9256199899215325,0.4984334128708733,-0.43067104119821414,-0.21830462663220862,-0.02877080870702587,all_objects,15019,15019,0,0,0,0.6632713244068966,0.26758734747326496,0.10241990049377958,8.35305220031238,0.4356911441378937,0.6311930896258302,0.9624656705975698,all_objects,15019,15019,0,0,0,1.112050803125206,0.45881798898746906,0.4406968484208191,9.338007451714494,0.722336636964723,0.9982553288880605,1.925444050276837,all_objects,15019,15019,0,0,0,0.44877947871830953,0.46846398352091057,-6.287926508448695,7.238753140238788,0.031906739050540985,0.37000344062700063,1.2549263722436284,all_objects,15019,15019,0,0,0,1.5596326854541949,1.1671726011438495,0.044922852645693345,11.866762627562117,0.36773538577279896,1.2936210463037412,3.819796395577472,all_objects,15019,15019,0,0,0,-0.03551831079386036,0.3142021205962224,-0.8129601253827822,0.9344658425186796,-0.5248123428716311,-0.05470961784095474,0.5191662627812038,all_objects,15019,15019,0,0,0,0.0012799338995004492,0.016027861245211845,-0.047193740567483926,0.2536491943691047,-0.016300106402451324,-0.0013464008210876514,0.02814984015142841,all_objects,15019,15019,0,0,0,0.30874629495212397,0.09564791549254292,0.03652415944510343,0.7547196404748041,0.15691646617126007,0.3033266631245554,0.48454740969909976,all_objects,15019,15019,0,0,0,0.12013046074260489,0.06490697003861162,0.005385099180978305,0.5564778656089192,0.040199843519522944,0.10724402260757561,0.24497633871249866,all_objects,15019,15019,0,0,0,3.5283386792716396,2.7886815733622363,0.2006849727098271,57.180087031925815,1.0134697743854681,2.7705692525197505,8.330212933873899,all_objects,15019,15019,0,0,0,0.01028052812760542,0.021774131330713285,6.700308416307043e-08,0.19345726316942818,9.946763769740907e-07,7.57193007030445e-05,0.06347345384984973,all_objects,15019,15019,0,0,0,0.03880507631579256,0.08126501351542448,9.666858924177581e-08,0.46279587678360107,2.037799483885138e-06,0.0002482182011400603,0.24644971162457951,all_objects,15019,15019,0,0,0,0.01352074243493007,0.02061836803754405,0.0001207041707736406,0.14353804603109008,0.0004100620779762961,0.0025660352553560015,0.061376508070108075,all_objects,15019,15019,0,0,0,0.04707364931655842,0.07405196626523528,0.00014618430937431476,0.38268626411346723,0.0006445396472398257,0.006578498222001514,0.23069209574447677,all_objects,15019,15019,0,0,0,0.493664058457742,0.9637807648130248,6.956641868782754e-06,4.974012747488359,8.585742515094809e-05,0.005901452881630576,2.9236307613578156,all_objects,15019,15019,0,0,0,0.6754217994074148,0.11079242721844362,0.07303583773167112,0.9701356779017295,0.4769728768865258,0.6845055804826691,0.8398585500407334,all_objects
dronevehicle,train,n_iou_lt_070,22,4,-4,4,5.656854249492381,366,177,30,333,0.9098360655737705,41,87,34,0.39080459770114945,7,165,0.45081967213114754,213,0.5819672131147541,323,366,0.8825136612021858,0.8825136612021858,366,366,0,0,0,0.5888665233878781,0.15349131773204902,0.0,0.8973501745307872,0.3076396033150478,0.6033044765939883,0.8046685837884362,all_objects,366,366,0,0,0,0.6007323802986171,0.1492937469971642,0.0,0.8973501745307872,0.30861694079868773,0.6249695892436911,0.79550350068632,all_objects,366,366,0,0,0,-0.011908449644473558,0.15488163466245566,-0.6037995901803493,0.4984334128708733,-0.2530470536089598,-0.016303441495012706,0.2369189988562978,all_objects,366,366,0,0,0,1.4789948250896785,1.162597592575813,0.4511581403753854,8.35305220031238,0.6714573288846857,1.12009933850163,3.7049300249625707,all_objects,366,366,0,0,0,1.2437795018526268,0.9107692275126962,0.5682165106463337,9.338007451714494,0.6914245425269784,0.9916857431974002,2.629717088748998,all_objects,366,366,0,0,0,-0.23521532323705188,0.8067491874165562,-6.287926508448695,2.77474135462907,-1.6505016659654723,-0.0797870206790986,0.5794296202540408,all_objects,366,366,0,0,0,1.4603524356863045,1.161872908728319,0.044922852645693345,6.970587922475254,0.27828806099051207,1.152894243685775,3.6909786598857997,all_objects,366,366,0,0,0,0.40076027140215287,0.3070552387380248,-0.5731687581529108,0.9344658425186796,-0.14326627022934962,0.4587616526216406,0.8064957393372562,all_objects,366,366,0,0,0,0.04284631169984707,0.04518715468856752,-0.03099141767155187,0.2536491943691047,-0.007617622869562658,0.0300433777294248,0.12961908485010254,all_objects,366,366,0,0,0,0.30091483807666636,0.10834512107772797,0.03652415944510343,0.6347533217062652,0.14606310421961277,0.29682178442293006,0.49096010918883576,all_objects,366,366,0,0,0,0.28164394507113644,0.09107254388665229,0.07874551543153165,0.5564778656089192,0.14408113147981821,0.2711801487714192,0.45560411929605804,all_objects,366,366,0,0,0,1.1281467868236716,0.4185739659795208,0.2006849727098271,3.5076541575054585,0.5087442904897039,1.0978680420601759,1.911965473584127,all_objects,366,366,0,0,0,0.017620637663919577,0.02685604349574066,3.333424828358065e-07,0.13788659667222075,5.802217652414502e-06,0.0013969726477190266,0.07675539346977955,all_objects,366,366,0,0,0,0.06375253452638444,0.09580026754477027,5.635000943772683e-07,0.441737301320277,1.3191301262186194e-05,0.005199118305890023,0.2696256015965479,all_objects,366,366,0,0,0,0.021594148843800474,0.02417153089399487,0.0002486660569264478,0.1277382039266925,0.0009008426800573917,0.009238785835789586,0.06763673743822059,all_objects,366,366,0,0,0,0.07136761450887906,0.08222938022974535,0.00034013939296316585,0.3402364335789222,0.0016037068552215055,0.030836247718881736,0.2434074124581584,all_objects,366,366,0,0,0,0.8766244441862195,1.211663120019105,2.233752803704192e-05,3.9524533256432335,0.00040857825518259006,0.09648967839720513,3.399216322719873,all_objects,366,366,0,0,0,0.6079478506963012,0.14682886568200182,0.08524076982466534,0.8885775051799346,0.3123116547132939,0.6269643255591502,0.8098172251698478,all_objects
dronevehicle,train,quality_gate070,22,4,-4,4,5.656854249492381,87,70,14,81,0.9310344827586207,34,87,34,0.39080459770114945,0,49,0.5632183908045977,60,0.6896551724137931,80,87,0.9195402298850575,0.9195402298850575,87,87,0,0,0,0.651907089130055,0.1201386097648518,0.30858592092859294,0.8633188079850604,0.44274324920782865,0.6687545573967626,0.8206928132108459,all_objects,87,87,0,0,0,0.6485169358196022,0.11789051633622352,0.3898350844793854,0.8633188079850604,0.44048522347323654,0.6673119310272496,0.8206928132108459,all_objects,87,87,0,0,0,0.016327516368626883,0.13090849019935918,-0.2606303435972873,0.4276104915581927,-0.1942409905936966,0.010076200433283167,0.20753483168456488,all_objects,87,87,0,0,0,1.3461534117056007,0.6485678792420372,0.6274650772553702,4.622438517835739,0.7912989290697857,1.183739788792491,2.3987487881086174,all_objects,87,87,0,0,0,0.977371485975851,0.13814859804889526,0.691047372595149,1.4819876755595438,0.7819817676940913,0.9674962842247574,1.2039580249146593,all_objects,87,87,0,0,0,-0.36878192572974977,0.6376886398826257,-3.6282174700883045,0.46365344648811846,-1.3366364998807623,-0.2009117915520522,0.17865658163762452,all_objects,87,87,0,0,0,1.7643448073495482,1.3281552848533786,0.1578160498547363,6.970587922475254,0.3058404923975234,1.4700706066103642,4.38638214612812,all_objects,87,87,0,0,0,0.4788486236339583,0.2763256856192842,-0.3393955066982208,0.8082435372457868,-0.12808402435703323,0.5502571093578744,0.7867866633153218,all_objects,87,87,0,0,0,0.0554713916604932,0.049473937996235194,-0.01828357167938029,0.2536491943691047,-0.004313512457314753,0.04727103278760553,0.13180841710568103,all_objects,87,87,0,0,0,0.3298854580202784,0.11272003771238358,0.11233917978157493,0.6347533217062652,0.1410024196686365,0.32793961795430565,0.5173968608931607,all_objects,87,87,0,0,0,0.28022170883193603,0.07969857639891607,0.08658896473228668,0.5497061660919618,0.17209720723695154,0.27225604214379306,0.4245596200029702,all_objects,87,87,0,0,0,1.211886762714192,0.37225642982376494,0.3490566310259048,2.2233717900343173,0.5611759962242397,1.2174394159225843,1.9031986972061639,all_objects,87,87,0,0,0,0.011699537793607712,0.020746913526915222,4.1329666639424884e-07,0.08323591785799654,1.4386843292906836e-06,0.0001772347889936351,0.0628659966104048,all_objects,87,87,0,0,0,0.044496501831519514,0.07923259738125339,5.635000943772683e-07,0.3329327600693158,4.019118927625272e-06,0.0007039763472314305,0.2505091089156867,all_objects,87,87,0,0,0,0.016279975449295676,0.02091842082095234,0.00029035177082328817,0.0721900921979559,0.0004680863316541989,0.004136136192723615,0.06196588590440582,all_objects,87,87,0,0,0,0.057158208639215106,0.07789774745308849,0.00034013939296316585,0.2864073801153078,0.0009403843743297701,0.012420181065714865,0.24217947795413683,all_objects,87,87,0,0,0,0.5515591128740879,0.9548539694643762,3.182010158297999e-05,3.705174899797555,0.00011137075414353603,0.012510706021032547,2.689665387854168,all_objects,87,87,0,0,0,0.6660089208642377,0.10886776015618538,0.314647611212893,0.863348289452651,0.4893644768106254,0.6819645030889515,0.8299261972057711,all_objects
dronevehicle,val,base,22,4,-4,4,5.656854249492381,2821,192,1,2695,0.9553349875930521,18,47,17,0.3617021276595745,1,211,0.07479617157036512,320,0.11343495214462956,1486,2821,0.5267635590216235,0.5267635590216235,2821,2821,0,0,0,0.6518804364268569,0.11764442920235547,0.0002809863917850838,0.9439438473737597,0.43748099056960377,0.6633527188602407,0.8237171424831082,all_objects,2821,2821,0,0,0,0.6741031810036551,0.10867562102249351,0.0002809863917850838,0.9367332446908156,0.4893409388027517,0.6827025207073539,0.8261079285723752,all_objects,2821,2821,0,0,0,-0.19657025227654018,0.1405514745369903,-0.7624313035638554,0.5323751816233118,-0.433976964273754,-0.19736012080122,0.02711819932147752,all_objects,2821,2821,0,0,0,0.7558536262313511,0.3833376921078255,0.22344920549894004,6.8820653957064035,0.4567344122136967,0.6704594706122594,1.2854797848906196,all_objects,2821,2821,0,0,0,1.1687146415369938,0.5164543268868255,0.49737494594480397,8.091320437683743,0.742678450263767,1.0403481548053113,2.053033339058141,all_objects,2821,2821,0,0,0,0.4128610153056427,0.5502614942792375,-4.5891862702119,7.500480116522302,-0.22456272068927363,0.3566348802234538,1.3182241442320748,all_objects,2821,2821,0,0,0,1.6792441947977317,1.240934008680473,0.06562470729059952,12.956231443339112,0.38603579167279123,1.423525891990266,3.909877062187811,all_objects,2821,2821,0,0,0,0.04470250132462943,0.3283488604147847,-0.7877378793334053,0.9650497263476612,-0.47243927438323496,0.024313826850556115,0.6024069525133198,all_objects,2821,2821,0,0,0,0.006514339796615443,0.02169295113349722,-0.04484474550970073,0.18399795403113442,-0.016177641407008475,0.0007624059162679392,0.04949839959363253,all_objects,2821,2821,0,0,0,0.31952038945465683,0.09753532527253728,0.06812384065920309,0.803433422662806,0.15929617088533174,0.31723199684223274,0.49179970828369934,all_objects,2821,2821,0,0,0,0.14826796237953926,0.08140013869058085,0.01465353509715235,0.5487062953452576,0.046433802528400396,0.13103342270045054,0.3000456478114684,all_objects,2821,2821,0,0,0,3.048571202772127,2.434224628004884,0.32964331288781334,26.29188393595174,0.8056699111378269,2.331803911606786,7.3768874126602935,all_objects,2821,2821,0,0,0,0.010648265099379477,0.022061342462502426,8.425494014255026e-08,0.14378143661101397,1.136065139477866e-06,9.415085961140529e-05,0.06280542016432097,all_objects,2821,2821,0,0,0,0.039773281330345925,0.08115206735140781,1.0802120210822927e-07,0.44238692671556074,2.3596294970927492e-06,0.00031213654570245146,0.24595261465331558,all_objects,2821,2821,0,0,0,0.014034401573981385,0.020899096853303566,0.00013667680937285272,0.12966408585509553,0.00043647739657077736,0.0027901353008763278,0.06177221976921358,all_objects,2821,2821,0,0,0,0.04820369563148777,0.07367646087056426,0.0001552787248666562,0.36016126521931596,0.0006692817253417581,0.007523317283225295,0.2325784667159006,all_objects,2821,2821,0,0,0,0.5099820544641746,0.9685317002572846,7.492262142250183e-06,4.065698214508387,9.826759747966207e-05,0.007018251604051784,2.9121983089138155,all_objects,2821,2821,0,0,0,0.6625678005037148,0.11244901320996079,0.05485815188132619,0.9439471823281118,0.4650778066546135,0.6721295745453878,0.8258361925675303,all_objects
dronevehicle,val,n_iou_lt_070,22,4,-4,4,5.656854249492381,229,38,1,218,0.9519650655021834,18,47,17,0.3617021276595745,1,119,0.519650655021834,158,0.6899563318777293,214,229,0.9344978165938864,0.9344978165938864,229,229,0,0,0,0.5999195217862263,0.14804033220325444,0.029764215779394552,0.8418991241029185,0.32425967595051675,0.6274400720111891,0.789028649520254,all_objects,229,229,0,0,0,0.602039986512707,0.14869039077207272,0.029764215779394552,0.8418991241029185,0.32425967595051675,0.6317722823446634,0.7811825985146692,all_objects,229,229,0,0,0,0.002370159723028938,0.12371701680391733,-0.6291524823734755,0.5323751816233118,-0.19503691192906783,0.0048092630298576244,0.1728484691322224,all_objects,229,229,0,0,0,1.4945124963834107,0.9070835221013352,0.5366924000095765,6.8820653957064035,0.7142901269861248,1.2817385013663638,3.1455186655522747,all_objects,229,229,0,0,0,1.2692137920529833,0.8812303190771783,0.5617009627354187,7.163810930934866,0.7142018072982457,1.0400370718446954,2.3335588726199417,all_objects,229,229,0,0,0,-0.2252987043304272,0.7433658299953249,-4.5891862702119,5.522854037511628,-1.1083205346179665,-0.1645792839912581,0.510670161371101,all_objects,229,229,0,0,0,1.3851411989614721,1.1339314269044916,0.16202904825019862,10.054017307705955,0.3107903786234585,1.0601722374738134,3.243240776331657,all_objects,229,229,0,0,0,0.44472014286082223,0.258581384966781,-0.3000818997628161,0.9650497263476612,-0.05271653927109917,0.5069052925402722,0.7895244445305127,all_objects,229,229,0,0,0,0.043880129082143414,0.03619599704421628,-0.010727911432665686,0.18399795403113442,-0.002895875257848431,0.03817981023487134,0.10898055593616573,all_objects,229,229,0,0,0,0.29478743207605035,0.09810569683548771,0.10700001795493416,0.7108963508752647,0.149868513216411,0.28443087584059246,0.45852609233463193,all_objects,229,229,0,0,0,0.29917544821142666,0.07990702173898351,0.11748534660809072,0.5487062953452576,0.17629290285971208,0.2923887044919115,0.4489423658498955,all_objects,229,229,0,0,0,1.0346911532101686,0.3725679526707656,0.32964331288781334,2.3959242971110255,0.464388406296139,1.0218644751922237,1.6464572934415709,all_objects,229,229,0,0,0,0.01362818553765163,0.02298461640693138,3.195747565309106e-07,0.10827088674170901,2.0264549538551043e-06,0.0009591843913459093,0.0713638864264939,all_objects,229,229,0,0,0,0.04894953972700714,0.07992769972245861,5.120593569703308e-07,0.34278777392056886,5.745714612525365e-06,0.0030589181842855195,0.23800743402434865,all_objects,229,229,0,0,0,0.01799942966358822,0.021384274913876684,0.00025378003799570446,0.10049690953524007,0.0005523574035079987,0.007983569864580743,0.0648549370761042,all_objects,229,229,0,0,0,0.058616262932553835,0.06929840383753086,0.00032777552650739593,0.267399836112662,0.0010856073985486476,0.02139846098498298,0.2224004116381682,all_objects,229,229,0,0,0,0.7084394294306914,1.0541436034199914,2.747726767893255e-05,3.7335384176201956,0.00015713949495648196,0.06586192060740359,3.0392836507375933,all_objects,229,229,0,0,0,0.6138326967366287,0.1447074075633121,0.05485815188132619,0.8419418407911,0.3677348061042962,0.6427321766066206,0.8005223652012806,all_objects
dronevehicle,val,quality_gate070,22,4,-4,4,5.656854249492381,47,17,1,47,1.0,17,47,17,0.3617021276595745,0,29,0.6170212765957447,42,0.8936170212765957,47,47,1.0,1.0,47,47,0,0,0,0.6612159229006725,0.0887510857662558,0.4305698086276353,0.8360809049169278,0.5075461833594508,0.6617514681939003,0.8112768639607788,all_objects,47,47,0,0,0,0.6610489821681942,0.08456427532562243,0.4815991988247606,0.8360809049169278,0.5075461833594508,0.6617514681939003,0.8112768639607788,all_objects,47,47,0,0,0,0.03206444183600997,0.08911257514619399,-0.13688344422895216,0.20975370284470685,-0.09368806330700562,0.018439203791033587,0.18637175892202398,all_objects,47,47,0,0,0,1.3880316664313053,0.3955650273255572,0.7392507661671757,2.677034604882545,0.9177338091907298,1.353883135161063,2.1112088029325635,all_objects,47,47,0,0,0,1.0092350066589504,0.15503933406211168,0.5977312148715651,1.3445672964328605,0.7829628647058738,1.0045897976911466,1.2561123577072364,all_objects,47,47,0,0,0,-0.3787966597723549,0.38119769531877795,-1.5633296514613324,0.15776344901889106,-1.1305367628571175,-0.3190717195659798,0.08973251928656714,all_objects,47,47,0,0,0,1.7399141974457621,0.9524199283692263,0.21569973693789607,4.538676325923535,0.5557107304446602,1.633562720064957,3.4104673744135527,all_objects,47,47,0,0,0,0.5462604392791257,0.18482186792261815,0.09478237658166867,0.8228528240044236,0.17381635284325797,0.5801936991078314,0.7794693016400045,all_objects,47,47,0,0,0,0.060250876473140126,0.03588622270169028,0.003389134450535872,0.1603767948823949,0.011997456422078303,0.055065999963889896,0.12462017500398175,all_objects,47,47,0,0,0,0.3373306416127952,0.09098799166108834,0.11348389152161416,0.5493313873591704,0.20030552210360264,0.3436827734960418,0.47322955868923483,all_objects,47,47,0,0,0,0.30209528315954254,0.06641035906692824,0.1647885377428922,0.4479153385848374,0.1842626799114659,0.2967767007007212,0.4201407658675155,all_objects,47,47,0,0,0,1.1551537361823863,0.3381360897999765,0.34925280054050734,1.8910044633683387,0.5676824704810178,1.1730100169188893,1.7294777020074716,all_objects,47,47,0,0,0,0.00606756888714236,0.014923071496322316,3.195747565309106e-07,0.07493550810343186,8.201472461442104e-07,7.382367747684099e-05,0.02945146004237638,all_objects,47,47,0,0,0,0.020878579247831208,0.04677308819582043,5.120593569703308e-07,0.20460033782870732,1.8170741580423605e-06,0.00021471929136408945,0.11748226626240048,all_objects,47,47,0,0,0,0.009868199188406358,0.01539732333829165,0.00025378003799570446,0.06424196775830258,0.00039199272707159756,0.0025768773029180704,0.03804049316841245,all_objects,47,47,0,0,0,0.03159987461371148,0.047149513372354436,0.00032777552650739593,0.17849105935614973,0.0006259491307877975,0.006545202065140151,0.14131243406911836,all_objects,47,47,0,0,0,0.3479384617383805,0.800900680787465,2.747726767893255e-05,3.6543686511008673,5.087606215283813e-05,0.003903193393938409,2.2593095970888624,all_objects,47,47,0,0,0,0.6690351382995261,0.08313589691487792,0.48191276358866014,0.8360962462869808,0.5337265501308249,0.6656275701070271,0.8116678076973437,all_objects
dronevehicle,train,base,23,-4,4,4,5.656854249492381,15019,992,86,14290,0.9514614821226447,23,87,18,0.20689655172413793,5,469,0.031227112324389107,590,0.0392835741394234,6716,15019,0.44716692189892804,0.44716692189892804,15019,15019,0,0,0,0.6764888550319242,0.1122704549752512,0.024024537227108254,0.9816152057929474,0.4793916803444356,0.6844565106308058,0.8417958601843363,all_objects,15019,15019,0,0,0,0.6782101681537603,0.1058668596270314,0.0,0.9780102965480555,0.502161372727156,0.6859158314734908,0.8293348611639761,all_objects,15019,15019,0,0,0,-0.20950478997728686,0.12003538997158464,-0.9058175370495314,0.6766466538581992,-0.4059566649737811,-0.20687819172836108,-0.02649839531263833,all_objects,15019,15019,0,0,0,0.6632713244068966,0.26758734747326496,0.10241990049377958,8.35305220031238,0.4356911441378937,0.6311930896258302,0.9624656705975698,all_objects,15019,15019,0,0,0,1.062456408100804,0.39837790435797665,0.429759887440463,9.762231451079312,0.7230385174443973,0.9860186372839654,1.6114571098661572,all_objects,15019,15019,0,0,0,0.3991850836939074,0.3998231299918327,-5.173706313768536,7.162312202949288,0.03322238608460141,0.35413875722096777,0.9437271738295084,all_objects,15019,15019,0,0,0,1.4307275319902895,1.0345408982705662,0.06004484146344244,11.200493198274227,0.3479812698591631,1.2261161514582897,3.213549937384184,all_objects,15019,15019,0,0,0,-0.03253602752275702,0.31095530012171946,-0.8719038929361151,0.9368017166720548,-0.5192487652743925,-0.04520118626404041,0.4995850898707968,all_objects,15019,15019,0,0,0,0.001255386034453053,0.014813656260189262,-0.04504181144913308,0.2931029374264745,-0.015337547171241264,-0.0010946409454828001,0.025427931663204582,all_objects,15019,15019,0,0,0,0.296880759773812,0.08883193901679615,0.04617757162671436,0.775763757101469,0.1536954639381842,0.29603972347590846,0.4483687127102767,all_objects,15019,15019,0,0,0,0.12013046074260489,0.06490697003861162,0.005385099180978305,0.5564778656089192,0.040199843519522944,0.10724402260757561,0.24497633871249866,all_objects,15019,15019,0,0,0,3.4135596153085044,2.699531700415643,0.21917891813420598,64.72049310356535,0.9564360875850904,2.684895318649343,8.190729720584159,all_objects,15019,15019,0,0,0,0.010070136738024508,0.021771227008477785,5.194590723583671e-08,0.15464555477960426,9.261608340124734e-07,5.461855473118634e-05,0.06363068602516997,all_objects,15019,15019,0,0,0,0.037982720221277695,0.08131666458970117,6.982657964314201e-08,0.4460326106400942,1.9035118030983136e-06,0.00017971730125763846,0.24736620000226534,all_objects,15019,15019,0,0,0,0.0131780409765283,0.020890518427395137,0.00010023758816486253,0.1376340310937714,0.0003936846775003652,0.002271972560212565,0.06246544401537861,all_objects,15019,15019,0,0,0,0.04570886233351849,0.07475167151362755,0.00012452813835555403,0.3521123931537169,0.0006250565839138139,0.005727915104565433,0.23398551123784925,all_objects,15019,15019,0,0,0,0.4835828146463187,0.9663305004827273,5.775317760026155e-06,4.126531031353522,7.461365212577677e-05,0.00424252080028964,2.9147964989797766,all_objects,15019,15019,0,0,0,0.6873384217824188,0.10632955719270908,0.06812155007351384,0.9815758647517826,0.5041977265676773,0.6946177251929538,0.846247571659745,all_objects
dronevehicle,train,n_iou_lt_070,23,-4,4,4,5.656854249492381,366,177,30,342,0.9344262295081968,23,87,18,0.20689655172413793,5,145,0.39617486338797814,205,0.5601092896174863,311,366,0.8497267759562842,0.8497267759562842,366,366,0,0,0,0.5795600259798155,0.1533564395719589,0.06705436996002641,0.9313608841603087,0.286652902113336,0.5930846477912535,0.7796125828138307,all_objects,366,366,0,0,0,0.5849409560604983,0.14935057923327263,0.06705436996002641,0.91937746099485,0.286652902113336,0.6074131717649416,0.7768608210862791,all_objects,366,366,0,0,0,-0.021214947052536272,0.16346830388020717,-0.563839548836422,0.6766466538581992,-0.26271185283712595,-0.036858216818931255,0.2609635570233003,all_objects,366,366,0,0,0,1.4789948250896785,1.162597592575813,0.4511581403753854,8.35305220031238,0.6714573288846857,1.12009933850163,3.7049300249625707,all_objects,366,366,0,0,0,1.300266491049697,1.0288037701190589,0.5019682340376712,9.762231451079312,0.6922183444935716,1.0508733131565324,2.4847146848391097,all_objects,366,366,0,0,0,-0.1787283340399816,0.8121593087102885,-5.173706313768536,4.092810544914469,-1.5671920882787083,-0.03957398738503626,0.557818940793088,all_objects,366,366,0,0,0,1.3369446473732705,1.1213100532138844,0.10493647962131741,8.427736544550047,0.23692556209593285,0.9505311421021573,3.5864676398555133,all_objects,366,366,0,0,0,0.3617857062358224,0.3180257828478828,-0.5828427979025061,0.9368017166720548,-0.19618721724635793,0.4029853263902673,0.803623291779708,all_objects,366,366,0,0,0,0.03733334974322467,0.044813527617145,-0.034865739640456465,0.2931029374264745,-0.011128707455332787,0.02728606997371617,0.12467527935500902,all_objects,366,366,0,0,0,0.28679142939412444,0.10596848648206969,0.0891834466506355,0.6453358645740703,0.1252723703676517,0.27349884554808246,0.47160122207768296,all_objects,366,366,0,0,0,0.28164394507113644,0.09107254388665229,0.07874551543153165,0.5564778656089192,0.14408113147981821,0.2711801487714192,0.45560411929605804,all_objects,366,366,0,0,0,1.0882419181074636,0.4366817886758753,0.21917891813420598,2.6204943874059907,0.43328025425920785,1.032540045408509,1.8731887844589725,all_objects,366,366,0,0,0,0.0150951807708885,0.025439464430927688,2.0351189771673742e-07,0.15464555477960426,3.3654566982745264e-06,0.0010479134243866091,0.07025357689450373,all_objects,366,366,0,0,0,0.0551593561210024,0.08987369910216873,4.4596168710157305e-07,0.42105157490186695,7.966661965393714e-06,0.003818944426657963,0.2668255140682968,all_objects,366,366,0,0,0,0.019608077406351315,0.023662904419131006,0.00019239357094358257,0.1376340310937714,0.000725426120358297,0.008838096640263651,0.06862827428526548,all_objects,366,366,0,0,0,0.06515528152152507,0.07880124027156561,0.0003205463222919491,0.34114917066726913,0.0012733371660171864,0.02558274132641638,0.23764445279843144,all_objects,366,366,0,0,0,0.7576286154717197,1.1193530659598472,1.5303099132779607e-05,3.935790993760534,0.0002056377377073204,0.0808643403563849,3.193600461052327,all_objects,366,366,0,0,0,0.5940528480795387,0.14694466597341815,0.06812155007351384,0.9316546819703108,0.29819260372576306,0.6119512053847265,0.7809757067608883,all_objects
dronevehicle,train,quality_gate070,23,-4,4,4,5.656854249492381,87,70,14,84,0.9655172413793104,18,87,18,0.20689655172413793,0,26,0.2988505747126437,52,0.5977011494252874,70,87,0.8045977011494253,0.8045977011494253,87,87,0,0,0,0.6033860995659455,0.10819456299526001,0.30065366001441785,0.8214069700627461,0.39953664876706146,0.6041963192328224,0.7680168529474165,all_objects,87,87,0,0,0,0.6076951042389535,0.10935780371909071,0.30065366001441785,0.8214069700627461,0.42399253334269016,0.608965966056572,0.7712009162617205,all_objects,87,87,0,0,0,-0.03219347319548253,0.13124538793800355,-0.2875931422593664,0.45464325849289994,-0.21120389131896514,-0.05383714892408731,0.19042009091840212,all_objects,87,87,0,0,0,1.3461534117056007,0.6485678792420372,0.6274650772553702,4.622438517835739,0.7912989290697857,1.183739788792491,2.3987487881086174,all_objects,87,87,0,0,0,1.090557288357106,0.19739485370422205,0.6751618226218046,1.7680401781314992,0.7999898032006011,1.0575044873748711,1.4025143146357726,all_objects,87,87,0,0,0,-0.2555961233484947,0.6702169264566123,-3.7528322655265516,0.4466077696186622,-1.4063850363885066,-0.10662502407391905,0.3094958010059223,all_objects,87,87,0,0,0,1.5426025051268346,1.2046232840062086,0.15427154550715902,6.23855766789597,0.32218732316433824,1.2354908145738832,3.7355403441178923,all_objects,87,87,0,0,0,0.35435264986263976,0.32383773556848094,-0.5262423778516537,0.8482882458347236,-0.2870009016585715,0.43866793265129483,0.7600769589881726,all_objects,87,87,0,0,0,0.042858554987073465,0.049716140734685,-0.02462781183854461,0.2931029374264745,-0.01128051551750884,0.03407330892836952,0.12987456915032444,all_objects,87,87,0,0,0,0.308123285814732,0.11206233029583068,0.10912147445324547,0.6453358645740703,0.13548240886405688,0.2952914917059389,0.49278853476239276,all_objects,87,87,0,0,0,0.28022170883193603,0.07969857639891607,0.08658896473228668,0.5497061660919618,0.17209720723695154,0.27225604214379306,0.4245596200029702,all_objects,87,87,0,0,0,1.1515638923332459,0.4328789987969065,0.41963239391943136,2.2425063122294833,0.5003667984483441,1.1212156681565972,1.9659138257397148,all_objects,87,87,0,0,0,0.011811620342430192,0.025492135861812842,3.370058228210486e-07,0.15464555477960426,8.833341688777772e-07,0.0002321129245139906,0.05969076385211537,all_objects,87,87,0,0,0,0.041852513185050386,0.08107741229024336,6.356753051437192e-07,0.42105157490186695,2.0605551466535168e-06,0.000824310766521072,0.23309454397712734,all_objects,87,87,0,0,0,0.016743243684716136,0.02467844759290058,0.0002569366602336304,0.1376340310937714,0.00039514905137129564,0.004108061583236526,0.06091612924034958,all_objects,87,87,0,0,0,0.05542487365605055,0.07667474659631855,0.00036098188774442405,0.34114917066726913,0.0006741511431371357,0.012911110651597594,0.22726832670721023,all_objects,87,87,0,0,0,0.5177685124549609,0.9002104512503752,2.9398015158221824e-05,3.829562541573466,6.591228370211866e-05,0.0156520339103281,2.5204122891958742,all_objects,87,87,0,0,0,0.6150601065678135,0.09688971527507244,0.3611539314230697,0.8214073047405118,0.44827684280703717,0.6089855648225714,0.7718841496511384,all_objects
dronevehicle,val,base,23,-4,4,4,5.656854249492381,2821,192,1,2726,0.9663239985820631,23,47,22,0.46808510638297873,1,218,0.07727756114852889,292,0.10350939383197448,1540,2821,0.5459057071960298,0.5459057071960298,2821,2821,0,0,0,0.6783671306970123,0.1143079125889342,0.04620184742877649,0.9556986653298908,0.4845739548759153,0.6850962673878075,0.8519039566338055,all_objects,2821,2821,0,0,0,0.675645197124059,0.11161365532491975,0.0,0.9459986018940265,0.4884317879406771,0.6862847099489127,0.8354011732191022,all_objects,2821,2821,0,0,0,-0.17008355800638486,0.1266149370218052,-0.8851350439650637,0.48549904608618927,-0.36660419494620755,-0.17187134046697117,0.03004272833711477,all_objects,2821,2821,0,0,0,0.7558536262313511,0.3833376921078255,0.22344920549894004,6.8820653957064035,0.4567344122136967,0.6704594706122594,1.2854797848906196,all_objects,2821,2821,0,0,0,1.0810274734243397,0.42548479603873335,0.5140083004293696,7.05087297453057,0.7304007945503146,0.9906140043722045,1.6379982616830642,all_objects,2821,2821,0,0,0,0.32517384719298836,0.4568736870449186,-4.615706395475945,5.644901124984023,-0.17889680251096896,0.30574908589384975,0.8930088246648866,all_objects,2821,2821,0,0,0,1.4079279792046657,1.0321747469393676,0.08642148514654333,10.237116335472573,0.34549112312590385,1.2059812136690704,3.113631451134057,all_objects,2821,2821,0,0,0,0.048327060300974764,0.3183708629912305,-0.7921211285869846,0.9133031242655214,-0.45797678881442944,0.03709960125429308,0.5930458871846125,all_objects,2821,2821,0,0,0,0.006255402332465742,0.02102900713408811,-0.03792348868728744,0.20187197248710323,-0.014650599927829543,0.0010491851047895351,0.044529816774579574,all_objects,2821,2821,0,0,0,0.2928953323529365,0.08846602090708916,0.06171479717939706,0.7153405871403782,0.15487690269150226,0.29223333825901643,0.44069829584006764,all_objects,2821,2821,0,0,0,0.14826796237953926,0.08140013869058085,0.01465353509715235,0.5487062953452576,0.046433802528400396,0.13103342270045054,0.3000456478114684,all_objects,2821,2821,0,0,0,2.7684336348630567,2.1348304496230743,0.3241914697687194,21.300095648252267,0.762701254124557,2.1790472928188103,6.747251824321442,all_objects,2821,2821,0,0,0,0.00826440578878647,0.018969460706865168,8.218713206342441e-08,0.18250475733121588,1.0614096414298176e-06,6.092941808471583e-05,0.0548369298396304,all_objects,2821,2821,0,0,0,0.03125964668088981,0.07119694719138824,1.3097096018032808e-07,0.4357334118960624,2.1524510008696727e-06,0.000205466586275913,0.20608110623266798,all_objects,2821,2821,0,0,0,0.011743798382145593,0.018791568306020388,9.554265785267556e-05,0.15265171106068343,0.0004190300132256813,0.0023177541523810904,0.057689364249062354,all_objects,2821,2821,0,0,0,0.04054945383030254,0.0677220698609072,0.00012593363614379257,0.3476000035049061,0.0006673870807939421,0.006121918909835602,0.20826606289624403,all_objects,2821,2821,0,0,0,0.40959790167941473,0.8639014935784891,1.3920911669629277e-05,4.584904783789341,8.4298830302032e-05,0.004615939921450263,2.710644967980244,all_objects,2821,2821,0,0,0,0.6873263039153668,0.1093025689765266,0.06560064009364486,0.9557433647763545,0.5065918851335227,0.6924974992236222,0.8532637288262411,all_objects
dronevehicle,val,n_iou_lt_070,23,-4,4,4,5.656854249492381,229,38,1,219,0.9563318777292577,23,47,22,0.46808510638297873,1,108,0.47161572052401746,150,0.6550218340611353,207,229,0.9039301310043668,0.9039301310043668,229,229,0,0,0,0.5948334093669847,0.14432925503024951,0.06545320419116674,0.9472692116039423,0.34340153237121435,0.6111113514935934,0.7938959982089391,all_objects,229,229,0,0,0,0.5939449791337181,0.14279661636077542,0.06545320419116674,0.8815476010646898,0.34340153237121435,0.6111113514935934,0.7904731726718541,all_objects,229,229,0,0,0,-0.0027159526962126836,0.13163054393743678,-0.5934634939617034,0.48549904608618927,-0.20005692212433185,-0.007090839881967015,0.2057671870699596,all_objects,229,229,0,0,0,1.4945124963834107,0.9070835221013352,0.5366924000095765,6.8820653957064035,0.7142901269861248,1.2817385013663638,3.1455186655522747,all_objects,229,229,0,0,0,1.2722131755823722,0.7714630127795041,0.5749458982698776,7.05087297453057,0.69560027687479,1.0794105064631532,2.376297989001117,all_objects,229,229,0,0,0,-0.22229932080103804,0.741972535885507,-4.615706395475945,5.644901124984023,-1.1997233829853913,-0.13074671724862785,0.5286058216876495,all_objects,229,229,0,0,0,1.3562981041985152,1.1142857620257351,0.14585504614297234,10.237116335472573,0.2755258267514601,1.1500220676420783,3.215556955418082,all_objects,229,229,0,0,0,0.40837575604602283,0.2848966754921966,-0.5224058178891656,0.9133031242655214,-0.11539562775278221,0.45906181552682407,0.8010131276672854,all_objects,229,229,0,0,0,0.042339122474000936,0.03926177982486022,-0.022063299075220807,0.20187197248710323,-0.004609593737042461,0.03364526019011151,0.11581804395380917,all_objects,229,229,0,0,0,0.29144270479506484,0.09817995822106909,0.08681759870727662,0.7153405871403782,0.14244563424199683,0.28970108139566103,0.4615756923306521,all_objects,229,229,0,0,0,0.29917544821142666,0.07990702173898351,0.11748534660809072,0.5487062953452576,0.17629290285971208,0.2923887044919115,0.4489423658498955,all_objects,229,229,0,0,0,1.009152364151252,0.3450493308927337,0.3241914697687194,2.41090264611588,0.5219071087117858,0.9773895162943664,1.5506410642897137,all_objects,229,229,0,0,0,0.01095089196727197,0.01987672007646381,2.812543740125278e-07,0.08806218731468994,2.7081083403140046e-06,0.0004933540284254231,0.06134704333179459,all_objects,229,229,0,0,0,0.04120390026938121,0.07542657232295993,4.4028748322159844e-07,0.35213195490212845,8.199864552739506e-06,0.0014172237389513866,0.22181123829837032,all_objects,229,229,0,0,0,0.015237890917657605,0.019046128352571946,0.00024203808639640257,0.07631145885793084,0.0006192662042830121,0.0055802084406182985,0.056604284284200536,all_objects,229,229,0,0,0,0.05111093442975887,0.06815792356568062,0.000313488292091319,0.29969420134790364,0.0011865160265578727,0.014299920011729089,0.20593595168813214,all_objects,229,229,0,0,0,0.5950059222531778,1.0270293229966774,1.676861222676962e-05,3.976330241738367,0.0001937294120466504,0.034194816724095745,3.2025451019303204,all_objects,229,229,0,0,0,0.6074091420616758,0.13986669447495323,0.06560064009364486,0.9472666775092518,0.3672975165016924,0.6215967286406257,0.7961601539257994,all_objects
dronevehicle,val,quality_gate070,23,-4,4,4,5.656854249492381,47,17,1,46,0.9787234042553191,22,47,22,0.46808510638297873,0,30,0.6382978723404256,40,0.851063829787234,45,47,0.9574468085106383,0.9574468085106383,47,47,0,0,0,0.6703973862651493,0.08755479316338156,0.46556347106078005,0.8395306400751482,0.5093237647523451,0.6714669441114338,0.8024836567790675,all_objects,47,47,0,0,0,0.6698350929928998,0.08999534258051681,0.46556347106078005,0.8395306400751482,0.5093237647523451,0.669239428019739,0.8186334574394428,all_objects,47,47,0,0,0,0.04124590520048668,0.09949089158442678,-0.19551653457776985,0.26009019007651024,-0.11345488055214131,0.03502485705629366,0.1924865225904983,all_objects,47,47,0,0,0,1.3880316664313053,0.3955650273255572,0.7392507661671757,2.677034604882545,0.9177338091907298,1.353883135161063,2.1112088029325635,all_objects,47,47,0,0,0,1.048859467121072,0.21664434994162168,0.6439017838176169,1.5469634284683234,0.7532294197395368,1.005472187075385,1.4720059577718052,all_objects,47,47,0,0,0,-0.3391721993102331,0.41194309668975604,-1.754890986620913,0.37546449536086546,-1.1526494109896472,-0.2647101376882448,0.2111165934666138,all_objects,47,47,0,0,0,1.5355346796877383,1.0354309635881458,0.2994961043494498,5.151957457838231,0.44039479146504473,1.4772167401707752,3.503941457515345,all_objects,47,47,0,0,0,0.5065641648931856,0.22821821739495468,-0.2396128094323749,0.8904609003437503,0.12741058713618678,0.5819906690897466,0.7744312699390177,all_objects,47,47,0,0,0,0.0546267185474698,0.03909741054529639,-0.013891635140668794,0.18260765375466725,0.005691442827825615,0.05065967344787495,0.12631490166721623,all_objects,47,47,0,0,0,0.318256622585311,0.09913142404665311,0.15833001829621235,0.5799922034709115,0.17383539186813882,0.33179512809429806,0.48167343874854973,all_objects,47,47,0,0,0,0.30209528315954254,0.06641035906692824,0.1647885377428922,0.4479153385848374,0.1842626799114659,0.2967767007007212,0.4201407658675155,all_objects,47,47,0,0,0,1.0864745913054359,0.3668152490859562,0.47484777106905574,2.2258825345606814,0.5208449764360538,1.0443561031529929,1.6985402936056495,all_objects,47,47,0,0,0,0.00441949919434228,0.013317130084416992,2.812543740125278e-07,0.06268052388032583,7.674879663529504e-07,4.1004790756565915e-05,0.02985719083588826,all_objects,47,47,0,0,0,0.015045647580164606,0.04516226174456945,4.4028748322159844e-07,0.2503960457144344,1.50211598408328e-06,0.00015721756154995752,0.11073352112518055,all_objects,47,47,0,0,0,0.007609753980973714,0.014515551808742404,0.00024203808639640257,0.06384819573230024,0.00035236725848785435,0.0017732717465449572,0.04240350031585584,all_objects,47,47,0,0,0,0.024366943466856205,0.049590556906261525,0.000313488292091319,0.24616668834239208,0.0005454585423959302,0.005807158962794252,0.1283709855462495,all_objects,47,47,0,0,0,0.20837431019989747,0.6077059289973556,1.676861222676962e-05,2.890717912605723,5.5945218019815004e-05,0.002701893261587429,1.375666091329003,all_objects,47,47,0,0,0,0.6769882032943967,0.08772027139276914,0.46580387041789795,0.8395329827396841,0.5192851109464959,0.684416782930432,0.8189328759766483,all_objects
dronevehicle,train,base,24,-4,-4,4,5.656854249492381,15019,992,86,14240,0.9481323656701511,30,87,25,0.28735632183908044,5,441,0.029362807110992744,579,0.03855116851987483,6773,15019,0.45096211465477065,0.45096211465477065,15019,15019,0,0,0,0.659943510424418,0.11499656493595997,0.0,0.9785984432300333,0.45233884725737494,0.6705954372771569,0.828583130537449,all_objects,15019,15019,0,0,0,0.6819088591117763,0.10137259283275452,0.0,0.9785984432300333,0.5122387620769678,0.6891841154707724,0.8297012112482195,all_objects,15019,15019,0,0,0,-0.226050134584793,0.12371450453290568,-0.855989883672746,0.5245760147167552,-0.43468534498822886,-0.2220797001487439,-0.034096950704615436,all_objects,15019,15019,0,0,0,0.6632713244068966,0.26758734747326496,0.10241990049377958,8.35305220031238,0.4356911441378937,0.6311930896258302,0.9624656705975698,all_objects,15019,15019,0,0,0,1.1207854216081665,0.4565152567498794,0.43769537572694245,8.533646962650675,0.7249182228904804,1.0093473115119906,1.9188119971096351,all_objects,15019,15019,0,0,0,0.4575140972012697,0.4584397517511134,-5.717295145688096,6.415759186917638,0.0346010699909254,0.3809084473548119,1.248119268562228,all_objects,15019,15019,0,0,0,1.5981296316068778,1.1461578232982252,0.05281958676609935,15.181281182708029,0.3823051294041259,1.3387385166622063,3.8201641264019517,all_objects,15019,15019,0,0,0,-0.02705263491994623,0.3142750182264143,-0.8573970510550459,0.9730001214687387,-0.5167747755656588,-0.04292241100852595,0.5100694847720625,all_objects,15019,15019,0,0,0,0.0014772802907590304,0.0158336562713976,-0.0381592447853206,0.3098766491839753,-0.01629824293877486,-0.00109566133349991,0.027340548373220645,all_objects,15019,15019,0,0,0,0.3138541210097994,0.09438945377316794,0.06959945858524598,0.832557153560677,0.16178703014763446,0.30911818247266065,0.4845064339038766,all_objects,15019,15019,0,0,0,0.12013046074260489,0.06490697003861162,0.005385099180978305,0.5564778656089192,0.040199843519522944,0.10724402260757561,0.24497633871249866,all_objects,15019,15019,0,0,0,3.5904348332117784,2.820925736473451,0.24723614253942194,58.826479213711735,1.0390655181677209,2.8354611038310686,8.546221505771376,all_objects,15019,15019,0,0,0,0.011153197550769668,0.02307943729825883,6.342017263545752e-08,0.1780312426937617,8.668568285873508e-07,7.487132856867862e-05,0.06561841730664487,all_objects,15019,15019,0,0,0,0.041547971918884916,0.08456161282784047,1.0972279743667005e-07,0.4460326106400942,1.7900436113658068e-06,0.00024848103094134415,0.24990970558341996,all_objects,15019,15019,0,0,0,0.014318267921849342,0.021835958628739546,0.00011075406078481063,0.15097366165837894,0.00039123707585307334,0.002550351259658352,0.06343421303796579,all_objects,15019,15019,0,0,0,0.049275765183315785,0.07647872225855475,0.00015892421155766018,0.3521123931537169,0.0006004420871114623,0.0066011870058165735,0.23623017789094503,all_objects,15019,15019,0,0,0,0.5259180098003602,0.998477126651619,5.775317760026155e-06,4.011025303167344,7.14069088701308e-05,0.005629965989896846,2.997638900260486,all_objects,15019,15019,0,0,0,0.6715593349647119,0.10926839515461395,0.08530159889251102,0.9785590057487913,0.477298172616441,0.6807946172351765,0.8336929903091425,all_objects
dronevehicle,train,n_iou_lt_070,24,-4,-4,4,5.656854249492381,366,177,30,338,0.9234972677595629,30,87,25,0.28735632183908044,5,158,0.43169398907103823,211,0.5765027322404371,328,366,0.8961748633879781,0.8961748633879781,366,366,0,0,0,0.5848181657727121,0.16263138839229913,0.0,0.8953028725360951,0.25148635517516543,0.6064358884741176,0.7948887760123822,all_objects,366,366,0,0,0,0.6009434038182097,0.15534019756171336,0.0,0.8953028725360951,0.2573490863851902,0.6196226426352591,0.7965221331537289,all_objects,366,366,0,0,0,-0.015956807259639685,0.16009511149562455,-0.6037995901803493,0.5245760147167552,-0.25995030129040847,-0.020630443318805092,0.24995195993944214,all_objects,366,366,0,0,0,1.4789948250896785,1.162597592575813,0.4511581403753854,8.35305220031238,0.6714573288846857,1.12009933850163,3.7049300249625707,all_objects,366,366,0,0,0,1.3064164321144882,1.0427939230666214,0.4927652067893607,8.533646962650675,0.6905953127824663,1.0020677852895,3.036494605366679,all_objects,366,366,0,0,0,-0.17257839297519045,0.8361948456799156,-5.717295145688096,3.075929068753215,-1.55377829777687,-0.05058498863657557,0.8741076489016778,all_objects,366,366,0,0,0,1.5517927098355975,1.219329458708718,0.11101381643089,8.25978861770719,0.3194546589567952,1.2230812579534236,4.0802974198631174,all_objects,366,366,0,0,0,0.41927104898175105,0.28607019798386946,-0.5292630643720261,0.9730001214687387,-0.16129345871831524,0.46473632660195563,0.8079390998788298,all_objects,366,366,0,0,0,0.04364118842915554,0.04488453365728254,-0.034269917891629205,0.3098766491839753,-0.006635042758084471,0.03308887336294832,0.12562419641881936,all_objects,366,366,0,0,0,0.3133535148581419,0.10388850719887305,0.09680729132712247,0.6933240693623768,0.1561332892242207,0.3069527434869869,0.5046119835076293,all_objects,366,366,0,0,0,0.28164394507113644,0.09107254388665229,0.07874551543153165,0.5564778656089192,0.14408113147981821,0.2711801487714192,0.45560411929605804,all_objects,366,366,0,0,0,1.1821416828975235,0.42191435335774463,0.24723614253942194,3.799552662646618,0.5722143312565463,1.1509393929328406,1.949603837139709,all_objects,366,366,0,0,0,0.017798884415754286,0.027302808465526435,2.911911270207349e-07,0.12144924768820459,3.375100184439729e-06,0.0020128101103212676,0.08143493582255171,all_objects,366,366,0,0,0,0.06308409593028211,0.09506263038101906,5.086408069683832e-07,0.441737301320277,7.5819545483030644e-06,0.00711490844327878,0.2696256015965479,all_objects,366,366,0,0,0,0.022067165327862674,0.0250957482177318,0.00023133741264581457,0.11265013970037924,0.0007502154506064305,0.010417431984445903,0.07338256471704274,all_objects,366,366,0,0,0,0.07164844433744405,0.08169838553651745,0.00033201182344703745,0.3402364335789222,0.0012094668302369805,0.03309666390640603,0.23764445279843144,all_objects,366,366,0,0,0,0.8506170378759715,1.1744022295471983,1.5303099132779607e-05,3.935790993760534,0.0002124831030982932,0.1284856137297794,3.398034295231362,all_objects,366,366,0,0,0,0.6016770449531592,0.1559008471218437,0.08530159889251102,0.8952922672628796,0.2926899284152254,0.618736132186092,0.8042531207291738,all_objects
dronevehicle,train,quality_gate070,24,-4,-4,4,5.656854249492381,87,70,14,84,0.9655172413793104,25,87,25,0.28735632183908044,0,41,0.47126436781609193,59,0.6781609195402298,85,87,0.9770114942528736,0.9770114942528736,87,87,0,0,0,0.6448685125112531,0.09957311780999846,0.4123038303431798,0.8462275002102355,0.48537327079960335,0.6393026192126596,0.7944637180613049,all_objects,87,87,0,0,0,0.6474578891080083,0.10009642357546424,0.4123038303431798,0.8508407875609989,0.4747103241055663,0.6410138722386367,0.7987942550636161,all_objects,87,87,0,0,0,0.00928893974982488,0.12142285770844316,-0.2635260919044736,0.47327470513998443,-0.1345008891229468,-0.0038736982457941993,0.20450627054910142,all_objects,87,87,0,0,0,1.3461534117056007,0.6485678792420372,0.6274650772553702,4.622438517835739,0.7912989290697857,1.183739788792491,2.3987487881086174,all_objects,87,87,0,0,0,1.0121621584827487,0.17865851478375805,0.69404375877813,1.7235114885600449,0.8256852956777102,0.9669565425056629,1.3602005342925854,all_objects,87,87,0,0,0,-0.3339912532228519,0.661706103530514,-3.7846599351580017,0.3652241838591588,-1.4372803342530276,-0.16400970903690526,0.21243882681163595,all_objects,87,87,0,0,0,1.8520953081995057,1.3958848239855493,0.21835706208635014,8.25978861770719,0.41083596649883736,1.4521003072857657,4.109404836538812,all_objects,87,87,0,0,0,0.4902260961913921,0.21808593764136666,-0.1817558445910693,0.8595191246141607,0.09246119636813453,0.5217962373469043,0.802316497703357,all_objects,87,87,0,0,0,0.056010084934216234,0.05063987083467126,-0.008371497092461974,0.3098766491839753,0.006306318434128132,0.04052938706244351,0.14816188445714118,all_objects,87,87,0,0,0,0.3414491444424534,0.10734611190091359,0.11943753480427446,0.6933240693623768,0.190617873403537,0.33105268045493264,0.5225031691539807,all_objects,87,87,0,0,0,0.28022170883193603,0.07969857639891607,0.08658896473228668,0.5497061660919618,0.17209720723695154,0.27225604214379306,0.4245596200029702,all_objects,87,87,0,0,0,1.2671801073572653,0.38860174982296025,0.4584555186725825,2.4191177338458645,0.7751889270326601,1.2399874499437384,1.8936579020409356,all_objects,87,87,0,0,0,0.010912260873896913,0.023373087266722548,4.051944018465047e-07,0.11115322916990292,9.828251259275114e-07,0.00017771204046912432,0.06286790279764215,all_objects,87,87,0,0,0,0.03655930423693429,0.07631937397721199,6.356753051437192e-07,0.3329327600693158,2.0308498531606364e-06,0.0005975718834156791,0.20550084162876456,all_objects,87,87,0,0,0,0.015444203335403193,0.024716290430266193,0.00028076413897845523,0.11265013970037924,0.00041514308197395115,0.003646048296754971,0.07225322357721166,all_objects,87,87,0,0,0,0.0474036256814729,0.07295772896604662,0.00036098188774442405,0.2864073801153078,0.0006751100553036629,0.011202300822466692,0.20684329751849276,all_objects,87,87,0,0,0,0.44901970092448945,0.9192108626255078,2.9398015158221824e-05,3.705174899797555,6.0210842721630795e-05,0.009896798498630233,2.5375802545205497,all_objects,87,87,0,0,0,0.6554666573062483,0.0903084463845948,0.42882351747925823,0.8462963810754724,0.5153754492152386,0.641822948367173,0.794472950376684,all_objects
dronevehicle,val,base,24,-4,-4,4,5.656854249492381,2821,192,1,2721,0.9645515774548032,22,47,19,0.40425531914893614,3,209,0.07408720311946118,310,0.10989010989010989,1482,2821,0.5253456221198156,0.5253456221198156,2821,2821,0,0,0,0.6513959119109342,0.1180426784099604,0.0002325458522203398,0.9373538201235223,0.4369058082911645,0.6633613316728213,0.8243330561112528,all_objects,2821,2821,0,0,0,0.6758517799038849,0.10997817617510947,0.0002325458522203398,0.9402140808371606,0.49770368714016205,0.6830488474922713,0.8306100230723402,all_objects,2821,2821,0,0,0,-0.19705477679246292,0.13950152162290744,-0.7624797441034201,0.41480000310418624,-0.4306325643347678,-0.19483917389725314,0.030067444697133405,all_objects,2821,2821,0,0,0,0.7558536262313511,0.3833376921078255,0.22344920549894004,6.8820653957064035,0.4567344122136967,0.6704594706122594,1.2854797848906196,all_objects,2821,2821,0,0,0,1.169016804582099,0.5149703587362461,0.5252389786038943,7.659277774690018,0.7427033567539063,1.0335505266791687,2.0942809167215737,all_objects,2821,2821,0,0,0,0.4131631783507476,0.5448607762721692,-4.503462440034003,6.60656598067313,-0.18633911183348917,0.3467856527363796,1.3266715822877906,all_objects,2821,2821,0,0,0,1.6300997427955937,1.2184410227731501,0.09188497645906946,12.094188108207799,0.35825074451237815,1.3759393781630902,3.704120086052887,all_objects,2821,2821,0,0,0,0.032480133860043,0.32168573732576156,-0.7877477536065043,0.9243101632353178,-0.4830467165902965,0.027275553136678506,0.5706418235248487,all_objects,2821,2821,0,0,0,0.005357447369071015,0.020291646708642065,-0.046874722116409764,0.18208870586720632,-0.016563269171082994,0.0008560726880015351,0.041606492132092665,all_objects,2821,2821,0,0,0,0.31406165760288574,0.09805193038142154,0.07730762809319752,0.7551817249208905,0.15917745504771758,0.3128084826779825,0.477878905211141,all_objects,2821,2821,0,0,0,0.14826796237953926,0.08140013869058085,0.01465353509715235,0.5487062953452576,0.046433802528400396,0.13103342270045054,0.3000456478114684,all_objects,2821,2821,0,0,0,3.010280044599779,2.3999319814961595,0.2675406112177502,26.67621410669465,0.7882936543714535,2.3258142783667424,7.555892806457733,all_objects,2821,2821,0,0,0,0.010188682735269522,0.021149137248837747,8.157119380644791e-08,0.14949007275103748,1.0788941546346243e-06,8.081122051500541e-05,0.06193002382001603,all_objects,2821,2821,0,0,0,0.03787752002072564,0.07751591337187934,1.5636587369047164e-07,0.4357334118960624,2.15077338295818e-06,0.0002645531292879952,0.23624984219115072,all_objects,2821,2821,0,0,0,0.013681491370322388,0.020511165855133108,0.00013155862262428458,0.1290298809010577,0.0004276275323499614,0.0025874022012896594,0.0609747504503405,all_objects,2821,2821,0,0,0,0.04688310058185078,0.07206876200475193,0.0001900730337151637,0.3476000035049061,0.0006517731905718197,0.006633731200574316,0.22433567893923298,all_objects,2821,2821,0,0,0,0.4898849200925918,0.9357751550811125,6.7024681698057975e-06,4.584904783789341,8.744927288262261e-05,0.006640587221625083,2.816142371774845,all_objects,2821,2821,0,0,0,0.6618206354372385,0.113165984051149,0.037468590055619595,0.9373631213153478,0.4609470251351638,0.6745415165283244,0.8276510400941254,all_objects
dronevehicle,val,n_iou_lt_070,24,-4,-4,4,5.656854249492381,229,38,1,220,0.9606986899563319,22,47,19,0.40425531914893614,3,119,0.519650655021834,161,0.7030567685589519,215,229,0.9388646288209607,0.9388646288209607,229,229,0,0,0,0.5986118290138795,0.1448621211859155,0.020436008928392476,0.8758822528465773,0.32302624073133457,0.6263064212889432,0.7683518701714099,all_objects,229,229,0,0,0,0.5995578380169788,0.1443082941329915,0.020436008928392476,0.8758822528465773,0.32302624073133457,0.6260206501921176,0.771178318652314,all_objects,229,229,0,0,0,0.0010624669506821439,0.12309821999224356,-0.6384806892244776,0.41480000310418624,-0.18202122499619347,0.011361418414398972,0.19717947255073945,all_objects,229,229,0,0,0,1.4945124963834107,0.9070835221013352,0.5366924000095765,6.8820653957064035,0.7142901269861248,1.2817385013663638,3.1455186655522747,all_objects,229,229,0,0,0,1.2711869066759045,0.8703101638407057,0.576930089689715,7.659277774690018,0.6846468645520721,1.0582947603584996,2.6111565275990514,all_objects,229,229,0,0,0,-0.22332558970750588,0.7479518091419585,-4.503462440034003,6.253305925143471,-1.1102415586609526,-0.14625138780315705,0.3904127547195765,all_objects,229,229,0,0,0,1.207050195165671,1.1121870900594455,0.09188497645906946,12.094188108207799,0.2600773403384396,0.9702247578175305,2.8128002319979766,all_objects,229,229,0,0,0,0.4195973496700425,0.2502813796358419,-0.2079746138608004,0.9243101632353178,-0.01763720461401149,0.4435227497891404,0.7934907843274679,all_objects,229,229,0,0,0,0.03954028697598257,0.03480017357484251,-0.013819886157590559,0.18208870586720632,-0.001448111682569861,0.03139837562290078,0.11088923224806026,all_objects,229,229,0,0,0,0.2756587832271185,0.0951414019197817,0.09533356857626976,0.7551817249208905,0.1403099939180118,0.2683159988633786,0.44455424035562496,all_objects,229,229,0,0,0,0.29917544821142666,0.07990702173898351,0.11748534660809072,0.5487062953452576,0.17629290285971208,0.2923887044919115,0.4489423658498955,all_objects,229,229,0,0,0,0.9602686796591098,0.358438334985326,0.2675406112177502,2.640162613488401,0.49653887958628834,0.9316461322875099,1.5026011354285256,all_objects,229,229,0,0,0,0.012592257780932908,0.022899722005700646,2.1622049508737805e-07,0.10844199193455209,2.115940148395174e-06,0.0005424988797354206,0.06916809149443402,all_objects,229,229,0,0,0,0.042956858673887884,0.07551266657728174,3.173699303590582e-07,0.35213195490212845,4.627827370451539e-06,0.0016922181186251955,0.23144594118798822,all_objects,229,229,0,0,0,0.016888179461838036,0.021967098782451008,0.00020762361747378737,0.10266782862497599,0.0005706108409126378,0.00609611038955886,0.06542580932944513,all_objects,229,229,0,0,0,0.052619333442783876,0.06826625875709771,0.0002561852059258961,0.29969420134790364,0.000994935907094473,0.016286384169011688,0.21583089117025578,all_objects,229,229,0,0,0,0.6379509123183859,1.033078730416851,2.747726767893255e-05,3.976330241738367,0.00016957989063826062,0.0383853932544298,3.035602030312634,all_objects,229,229,0,0,0,0.6127350144722623,0.14142767940850043,0.037468590055619595,0.875882270361963,0.35525638002323534,0.641443196341278,0.7793041697273481,all_objects
dronevehicle,val,quality_gate070,24,-4,-4,4,5.656854249492381,47,17,1,47,1.0,19,47,19,0.40425531914893614,0,33,0.7021276595744681,44,0.9361702127659575,46,47,0.9787234042553191,0.9787234042553191,47,47,0,0,0,0.6673972118391335,0.06917755713608689,0.548148768896397,0.8758822528465773,0.5634991187263503,0.6709431898318673,0.7623217445961658,all_objects,47,47,0,0,0,0.6682414474198399,0.07178389947635659,0.5400543012587462,0.8758822528465773,0.5563700838403823,0.6709431898318673,0.769102256009944,all_objects,47,47,0,0,0,0.03824573077447084,0.07745472864245682,-0.14835326294529005,0.1993098950062423,-0.09225336870181435,0.04236820823457177,0.1842170424055273,all_objects,47,47,0,0,0,1.3880316664313053,0.3955650273255572,0.7392507661671757,2.677034604882545,0.9177338091907298,1.353883135161063,2.1112088029325635,all_objects,47,47,0,0,0,1.0112776647042894,0.16449494336477652,0.576930089689715,1.5586824492138154,0.7648239728616121,0.9963447525952247,1.235806396481435,all_objects,47,47,0,0,0,-0.37675400172701545,0.3868974037090206,-1.5991657552246208,0.42415096629944893,-1.0703502268844247,-0.32222471019095345,0.05999313760706774,all_objects,47,47,0,0,0,1.4491796405908977,0.9282417435706863,0.13531000918075636,3.3012769689799724,0.30541986040522406,1.247496814345098,3.176110918382865,all_objects,47,47,0,0,0,0.522904093794648,0.21466072772693504,-0.2079746138608004,0.9243101632353178,0.21931610733267418,0.5722563989153809,0.7909179184457248,all_objects,47,47,0,0,0,0.05257947421045111,0.03485117735116518,-0.008200490683647256,0.13253251889270434,0.012196859862743745,0.048485230576750415,0.12181221065528898,all_objects,47,47,0,0,0,0.3058137966018864,0.10179040632540144,0.11537542444841656,0.4879589606745007,0.16698851258438377,0.3012699740007159,0.44811278140145905,all_objects,47,47,0,0,0,0.30209528315954254,0.06641035906692824,0.1647885377428922,0.4479153385848374,0.1842626799114659,0.2967767007007212,0.4201407658675155,all_objects,47,47,0,0,0,1.0465554528583252,0.42566312177356114,0.405229555600267,2.640162613488401,0.5506036885641683,0.9864440715331103,1.5343143757630704,all_objects,47,47,0,0,0,0.00499196809568013,0.011885992234768444,2.1622049508737805e-07,0.05123029057155552,7.59613077868315e-07,4.368605174629186e-05,0.030719695579122182,all_objects,47,47,0,0,0,0.017887446043674156,0.04246652823090126,3.173699303590582e-07,0.20460033782870732,1.3469106078881532e-06,0.00015721756154995752,0.11534146142336359,all_objects,47,47,0,0,0,0.008385020878343776,0.012976055250327101,0.00020762361747378737,0.051008659672391606,0.0003793729407828845,0.002183158249265511,0.037906213974111376,all_objects,47,47,0,0,0,0.0272575649987381,0.04432392782373398,0.0002561852059258961,0.17849105935614973,0.0005301962335861519,0.005807158962794252,0.11599205331835871,all_objects,47,47,0,0,0,0.3135161662822858,0.7542077379122716,2.747726767893255e-05,2.8569051690456604,5.739207632018407e-05,0.0028228826212171043,2.5420360580836916,all_objects,47,47,0,0,0,0.6749990390027955,0.06630667938758317,0.5482833345915119,0.875882270361963,0.5740751414555283,0.6769824331489944,0.762368029491118,all_objects
