id,level,region,tokens,cka_paired,cka_donor_mean,delta_cka,energy_corr_paired,energy_corr_donor_mean,delta_energy_corr
010010,P3,all,5120,0.2631288468837738,0.08863594383001328,0.17449290305376053,0.5106279599422092,0.17012690094730964,0.3405010589948996
010010,P3,fg,526,0.6613377332687378,0.1317385658621788,0.529599167406559,0.5074144174184054,0.14027778957460824,0.3671366278437972
010010,P3,bg,4594,0.2168143391609192,0.10631072521209717,0.11050361394882202,0.37728956142610137,0.2135994335366731,0.16369012788942827
010010,P4,all,1280,0.29858317971229553,0.07782741412520408,0.22075576558709145,0.5423909486182715,0.055247302407383445,0.48714364621088807
010010,P4,fg,129,0.7966462969779968,0.13144874721765518,0.6651975497603416,0.8093238809232308,0.05706159366023119,0.7522622872629996
010010,P4,bg,1151,0.1908593326807022,0.0980270192027092,0.092832313477993,0.2155732170377122,0.0798757740514238,0.13569744298628839
010010,P5,all,320,0.5837832689285278,0.5854296684265137,-0.0016463994979858398,0.18205574796944707,0.24930382119161268,-0.06724807322216561
010010,P5,fg,34,0.7264916896820068,0.6779507398605347,0.04854094982147217,0.496199745613634,0.524033853728384,-0.027834108114749956
010010,P5,bg,286,0.5576045513153076,0.5638425469398498,-0.006237995624542192,0.07819804772835985,0.14554955137117076,-0.06735150364281091
010011,P3,all,5120,0.19386878609657288,0.09427003562450409,0.09959875047206879,0.3075167939474118,0.12383026676920043,0.18368652717821138
010011,P3,fg,379,0.4909648895263672,0.16798724830150605,0.32297764122486117,0.20147002569904285,-0.025250995078659445,0.2267210207777023
010011,P3,bg,4741,0.19501616060733795,0.11035303622484208,0.08466312438249587,0.28456084223395955,0.14777170257670022,0.13678913965725933
010011,P4,all,1280,0.14890706539154053,0.08914647996425629,0.05976058542728424,0.13010109102144893,0.017597850663798615,0.11250324035765032
010011,P4,fg,100,0.6540465354919434,0.15846559703350066,0.4955809384584427,0.5582345821445229,-0.0609321511725963,0.6191667333171192
010011,P4,bg,1180,0.1325451135635376,0.1044981062412262,0.0280470073223114,0.02310567903019379,0.035826051452173824,-0.012720372421980035
010011,P5,all,320,0.5787429809570312,0.5719595313072204,0.006783449649810813,0.28901709356551386,0.3026029209490656,-0.01358582738355174
010011,P5,fg,26,0.3920348584651947,0.38906627893447876,0.0029685795307159424,-0.42849243021755634,-0.49113752989897064,0.0626450996814143
010011,P5,bg,294,0.6038116216659546,0.606637465953827,-0.002825844287872359,0.33006465071363356,0.3530101225984484,-0.022945471884814828
010015,P3,all,5120,0.1271064132452011,0.11415466219186783,0.01295175105333328,0.1568710461874228,0.232140164465451,-0.07526911827802818
010015,P3,fg,105,0.5860501527786255,0.2889259994029999,0.2971241533756256,0.21145872446953373,0.009099178801845468,0.20235954566768827
010015,P3,bg,5015,0.12705785036087036,0.11971536725759506,0.007342483103275302,0.14320777335860002,0.24005865194846104,-0.09685087858986102
010015,P4,all,1280,0.08568897843360901,0.1294545277953148,-0.04376554936170579,-0.053426706260352695,0.07963103316005979,-0.1330577394204125
010015,P4,fg,24,0.8893349170684814,0.4579603910446167,0.4313745260238647,0.9296937314943543,-0.09561509138514428,1.0253088228794986
010015,P4,bg,1256,0.08437471091747284,0.13417965471744536,-0.04980494379997252,-0.07124558152639374,0.08418867651959634,-0.1554342580459901
010015,P5,all,320,0.6415456533432007,0.6397971510887146,0.001748502254486084,0.4020833349090239,0.3793361739236317,0.0227471609853922
010015,P5,fg,8,0.626761794090271,0.5856728732585907,0.04108892083168025,-0.36704087149537695,0.07675738223352205,-0.44379825372889903
010015,P5,bg,312,0.6393060684204102,0.6377947688102722,0.0015112996101379617,0.40350918648241907,0.38100531560954676,0.02250387087287231
010021,P3,all,5120,0.1546453833580017,0.10804902017116547,0.04659636318683624,0.26776488305160023,0.1615144108051672,0.10625047224643303
010021,P3,fg,168,0.6600281596183777,0.34344977140426636,0.31657838821411133,0.45778898525455386,0.09615838981839009,0.36163059543616377
010021,P3,bg,4952,0.14792262017726898,0.11442265957593918,0.0334999606013298,0.17427189037535554,0.15683087462379092,0.01744101575156462
010021,P4,all,1280,0.10718788206577301,0.13542662262916566,-0.02823874056339265,0.0049294458396974715,0.061860148383331294,-0.056930702543633825
010021,P4,fg,45,0.8229362964630127,0.29610750675201414,0.5268287897109986,0.7283668660948562,-0.21081387622164577,0.939180742316502
010021,P4,bg,1235,0.10679648816585541,0.153462016582489,-0.0466655284166336,-0.11237302908586169,0.09202823341978573,-0.20440126250564744
010021,P5,all,320,0.5873192548751831,0.5858878850936889,0.0014313697814941628,0.18817936964359405,0.1789609467759372,0.00921842286765684
010021,P5,fg,11,0.6088240146636963,0.5542735695838928,0.054550445079803445,0.44916129363893265,0.03377157106589015,0.4153897225730425
010021,P5,bg,309,0.5977315306663513,0.6008089900016784,-0.003077459335327104,0.17925000234804866,0.18243863078989148,-0.0031886284418428112
010047,P3,all,5120,0.16657058894634247,0.08540249317884445,0.08116809576749802,0.29303978037192213,0.15680087765102604,0.1362389027208961
010047,P3,fg,262,0.6623105406761169,0.19558652341365815,0.4667240172624588,0.4141791380902698,0.04413932510459317,0.3700398129856766
010047,P3,bg,4858,0.15390561521053314,0.09597095549106598,0.057934659719467166,0.18907607221697817,0.17451378667764939,0.014562285539328784
010047,P4,all,1280,0.10159622132778168,0.09745460748672485,0.004141613841056824,0.12584027560572897,0.0992755701937896,0.026564705411939366
010047,P4,fg,81,0.8147163987159729,0.2515881031751633,0.5631282955408097,0.7556614641723663,0.07059222704832424,0.6850692371240421
010047,P4,bg,1199,0.08041169494390488,0.10574227869510651,-0.025330583751201632,-0.041383137322565586,0.09780541384594318,-0.13918855116850876
010047,P5,all,320,0.5544655323028564,0.5754855513572693,-0.021020019054412864,0.2873534447639806,0.31906954390104225,-0.03171609913706164
010047,P5,fg,20,0.698247492313385,0.6188219428062439,0.07942554950714109,0.67080019629608,0.3694144545859548,0.3013857417101252
010047,P5,bg,300,0.5572062134742737,0.5813513994216919,-0.024145185947418213,0.26688917557157177,0.32067062617160785,-0.053781450600036085
010054,P3,all,5120,0.1597268134355545,0.10338913202285767,0.056337681412696836,0.13487403307093038,0.15061910541393037,-0.01574507234299999
010054,P3,fg,163,0.648298978805542,0.25457156002521514,0.39372741878032685,0.6945176777299067,0.05209662353230391,0.6424210541976028
010054,P3,bg,4957,0.16219483315944672,0.11003949791193009,0.05215533524751663,0.10145467327574692,0.156613557545735,-0.05515888426998808
010054,P4,all,1280,0.10660780221223831,0.11404339522123337,-0.007435593008995059,-0.05234322228726131,0.022206150074605097,-0.0745493723618664
010054,P4,fg,39,0.7234129309654236,0.32309613525867464,0.40031679570674894,0.7330644048280353,0.029831837259522976,0.7032325675685123
010054,P4,bg,1241,0.106169193983078,0.12161963135004043,-0.01545043736696243,-0.1056310855366161,0.024370171902024805,-0.1300012574386409
010054,P5,all,320,0.5719848275184631,0.6104091525077819,-0.0384243249893188,0.32474252914092266,0.3045156602043839,0.020226868936538744
010054,P5,fg,12,0.5407096147537231,0.5326863408088685,0.008023273944854692,-0.10659235127421493,0.14023429057641637,-0.2468266418506313
010054,P5,bg,308,0.5685692429542542,0.6065378427505493,-0.03796859979629519,0.32683871619989835,0.3054075950117838,0.021431121188114577
010062,P3,all,5120,0.2797964811325073,0.10322120115160942,0.1765752799808979,0.48442132109044606,0.17937622608836637,0.30504509500207966
010062,P3,fg,441,0.5957000851631165,0.13554010391235352,0.46015998125076296,0.24983698725996392,-0.04354644846928897,0.2933834357292529
010062,P3,bg,4679,0.2714349627494812,0.12298053205013275,0.14845443069934844,0.4371239403511261,0.20192146302486647,0.23520247732625965
010062,P4,all,1280,0.3360518217086792,0.1088088445365429,0.22724297717213632,0.5620400334806354,0.09296961200949107,0.4690704214711443
010062,P4,fg,103,0.8267813920974731,0.1377873256802559,0.6889940664172173,0.821062452069516,0.15189659558361335,0.6691658564859027
010062,P4,bg,1177,0.2784157991409302,0.13588590398430825,0.14252989515662193,0.3011605690030175,0.06495514799621013,0.2362054210068074
010062,P5,all,320,0.6088932752609253,0.5392424166202545,0.06965085864067078,0.26358942504047334,0.21290664082682484,0.050682784213648496
010062,P5,fg,19,0.5117329955101013,0.4813645750284195,0.030368420481681813,-0.06355116544857772,0.06238929297992174,-0.12594045842849946
010062,P5,bg,301,0.6312121748924255,0.5656559288501739,0.06555624604225163,0.33090999446011615,0.2576432165446877,0.07326677791542846
010071,P3,all,5120,0.19045434892177582,0.09996845573186874,0.09048589318990707,0.27855690759918966,0.17127746147458298,0.10727944612460669
010071,P3,fg,312,0.6462759971618652,0.2883319020271301,0.35794409513473513,0.4325574223710837,-0.03090415798128119,0.4634615803523649
010071,P3,bg,4808,0.18324629962444305,0.10202496647834777,0.08122133314609528,0.20349219574864025,0.18973053818802396,0.013761657560616286
010071,P4,all,1280,0.13541588187217712,0.12578225284814834,0.009633629024028784,0.18276700735281726,0.1297268163244105,0.053040191028406763
010071,P4,fg,69,0.8408759236335754,0.25895863175392153,0.5819172918796539,0.8550258331145532,-0.08668169362097389,0.941707526735527
010071,P4,bg,1211,0.11965110898017883,0.13679154217243195,-0.017140433192253113,-0.009672357484371225,0.1578547528850222,-0.16752711036939344
010071,P5,all,320,0.578171968460083,0.5723647952079773,0.0058071732521056685,0.25520151786628315,0.26039714961006377,-0.0051956317437806265
010071,P5,fg,17,0.6369864344596863,0.5694090723991394,0.06757736206054688,0.5667939164932942,0.5816461587647563,-0.01485224227146209
010071,P5,bg,303,0.5653193593025208,0.5581515312194825,0.007167828083038286,0.18864900589958097,0.18380599074462678,0.0048430151549541944
010076,P3,all,5120,0.12830421328544617,0.0924433022737503,0.03586091101169586,0.2891138196589776,0.15812217034170076,0.13099164931727683
010076,P3,fg,395,0.49681228399276733,0.17579596042633056,0.3210163235664368,0.418591345444783,0.09515002584358065,0.32344131960120237
010076,P3,bg,4725,0.11732884496450424,0.10764260590076447,0.009686239063739777,0.20104423938044289,0.1416040608593224,0.05944017852112049
010076,P4,all,1280,0.11748155951499939,0.0753954604268074,0.04208609908819198,0.15570069442907428,0.09155428342633073,0.06414641100274354
010076,P4,fg,106,0.6251700520515442,0.23165786564350127,0.3935121864080429,0.6630241807894721,0.2704294341913384,0.3925947465981337
010076,P4,bg,1174,0.09857393056154251,0.08795731514692307,0.010616615414619446,-0.007365280071023552,0.03746660009457801,-0.04483188016560156
010076,P5,all,320,0.45977920293807983,0.42962718605995176,0.030152016878128074,0.1067903680201819,0.15125489635408992,-0.04446452833390803
010076,P5,fg,24,0.20761577785015106,0.1944838911294937,0.013131886720657349,-0.23242001819581173,-0.2731559469402933,0.04073592874448159
010076,P5,bg,296,0.4892185926437378,0.4539297878742218,0.03528880476951601,0.13327524364332025,0.172259887812762,-0.03898464416944175
010088,P3,all,5120,0.28879350423812866,0.08128408789634704,0.2075094163417816,0.48325915546348996,0.1152121352154564,0.3680470202480336
010088,P3,fg,632,0.5881493091583252,0.11432672142982483,0.4738225877285004,0.3816292709505479,-0.10168605822120211,0.48331532917175
010088,P3,bg,4488,0.2631377875804901,0.10947147011756897,0.15366631746292114,0.3770928274452989,0.16435193447737037,0.2127408929679285
010088,P4,all,1280,0.4015316069126129,0.0767984077334404,0.32473319917917254,0.6102855675769452,0.033225598983528816,0.5770599685934164
010088,P4,fg,164,0.7199310660362244,0.11290579438209533,0.607025271654129,0.7792069393046186,-0.08707064255196659,0.8662775818565852
010088,P4,bg,1116,0.3578002154827118,0.10847698599100113,0.24932322949171065,0.35787150127993633,0.03969367948294072,0.3181778217969956
010088,P5,all,320,0.650116503238678,0.5918310284614563,0.05828547477722168,0.297627876705465,0.29761413955463756,1.3737150827419775e-05
010088,P5,fg,49,0.35039231181144714,0.1616133749485016,0.18877893686294556,0.11134790166851061,0.0604746689975413,0.050873232670969305
010088,P5,bg,271,0.6733162999153137,0.6169434189796448,0.056372880935668945,0.30049599173714614,0.3133151453943916,-0.012819153657245452
010100,P3,all,5120,0.12037327885627747,0.09486573934555054,0.02550753951072693,0.11650422842459353,0.16781373291240545,-0.05130950448781192
010100,P3,fg,245,0.4939710199832916,0.16217627823352815,0.3317947417497635,0.44107540590373323,-0.10453581894611566,0.5456112248498489
010100,P3,bg,4875,0.11379611492156982,0.1054580807685852,0.00833803415298462,0.07834569537352513,0.18506074192146518,-0.10671504654794005
010100,P4,all,1280,0.07632337510585785,0.12164437472820282,-0.04532099962234497,-0.03181053689381807,0.038727502257965805,-0.07053803915178387
010100,P4,fg,60,0.6550319194793701,0.2616597682237625,0.3933721512556076,0.6230464591749098,-0.130923404821813,0.7539698639967227
010100,P4,bg,1220,0.0700470507144928,0.13492495864629744,-0.06487790793180465,-0.08897840614482819,0.05590319860255398,-0.14488160474738215
010100,P5,all,320,0.6075996160507202,0.5963422060012817,0.011257410049438477,0.2939439231203815,0.2587692251502764,0.035174697970105084
010100,P5,fg,14,0.5520067811012268,0.3890035808086395,0.1630032002925873,0.029934238636571766,0.28678886994696345,-0.2568546313103917
010100,P5,bg,306,0.6065258383750916,0.5957576632499695,0.01076817512512207,0.29561832571106794,0.2620306444394704,0.03358768127159756
010106,P3,all,5120,0.16907371580600739,0.0976722627878189,0.07140145301818848,0.37359147620878047,0.14350371124025213,0.23008776496852834
010106,P3,fg,600,0.5321804881095886,0.12396923899650573,0.4082112491130829,0.29854873331090026,0.0850272142393635,0.21352151907153677
010106,P3,bg,4520,0.15815401077270508,0.12320989221334458,0.0349441185593605,0.2883478650730919,0.16964354852284608,0.11870431655024583
010106,P4,all,1280,0.13278888165950775,0.09361178278923035,0.0391770988702774,0.24746127306722074,0.04840224472648354,0.1990590283407372
010106,P4,fg,147,0.728775143623352,0.1483709469437599,0.5804041966795921,0.7506898472315938,0.07795517716921971,0.6727346700623741
010106,P4,bg,1133,0.09222199022769928,0.1235595166683197,-0.03133752644062042,-0.014862181186523897,0.07622549705817014,-0.09108767824469403
010106,P5,all,320,0.5972152352333069,0.5824808597564697,0.014734375476837203,0.3000943180199621,0.2871561490442657,0.01293816897569644
010106,P5,fg,33,0.4305594861507416,0.4774540543556213,-0.04689456820487975,0.0762268802293101,0.24869759163086727,-0.17247071140155718
010106,P5,bg,287,0.6420116424560547,0.6046819031238556,0.037329739332199074,0.3395445649358168,0.2960936708196195,0.04345089411619729
010124,P3,all,5120,0.12298663705587387,0.08937596976757049,0.03361066728830338,0.0781335400324592,0.16120938679806024,-0.08307584676560104
010124,P3,fg,104,0.7631067633628845,0.3076742231845856,0.45543254017829893,0.5571918121155293,-0.1119661324018499,0.6691579445173792
010124,P3,bg,5016,0.12042197585105896,0.09313015192747116,0.027291823923587796,0.05635471899246709,0.17591767704750919,-0.11956295805504209
010124,P4,all,1280,0.08030049502849579,0.12184136807918548,-0.041540873050689694,-0.07255277489252779,0.062475035328718044,-0.13502781022124583
010124,P4,fg,21,0.8770951628684998,0.46537068486213684,0.4117244780063629,0.7630398037248597,-0.013413351449417733,0.7764531551742774
010124,P4,bg,1259,0.07860084623098373,0.12728198915719985,-0.048681142926216114,-0.11732535396207547,0.08310571167164056,-0.20043106563371604
010124,P5,all,320,0.615824818611145,0.6138523936271667,0.001972424983978316,0.3327221810976834,0.2913636896872519,0.04135849141043152
010124,P5,fg,6,,,,,,
010124,P5,bg,314,0.6187264323234558,0.6178671479225158,0.0008592844009399636,0.33404796051364677,0.2924059818250099,0.041641978688636894
010128,P3,all,5120,0.20803406834602356,0.0828457847237587,0.12518828362226486,0.4099674687229071,0.12694922671232148,0.2830182420105857
010128,P3,fg,426,0.6127599477767944,0.14470363408327103,0.4680563136935234,0.3915929526249048,-0.07412048480619157,0.4657134374310964
010128,P3,bg,4694,0.18958212435245514,0.09691081345081329,0.09267131090164185,0.33623622943981674,0.17368876293450622,0.16254746650531052
010128,P4,all,1280,0.21468856930732727,0.09471408277750015,0.11997448652982712,0.4094556700323301,0.035554731660560696,0.3739009383717694
010128,P4,fg,109,0.7025793194770813,0.18096237778663635,0.5216169416904449,0.6779507902151409,0.07949585782863619,0.5984549323865047
010128,P4,bg,1171,0.1687421053647995,0.1133878469467163,0.055354258418083196,0.18665176874074968,0.04627269259618746,0.14037907614456221
010128,P5,all,320,0.5657917857170105,0.5794348955154419,-0.013643109798431419,0.3154098991936631,0.27812613848440865,0.03728376070925443
010128,P5,fg,27,0.7023463845252991,0.5889499902725219,0.11339639425277714,0.4938077770402123,0.03910614282770605,0.4547016342125062
010128,P5,bg,293,0.5642765760421753,0.5823374032974243,-0.018060827255249046,0.30226725881026506,0.2888935725262811,0.013373686283983943
010213,P3,all,5120,0.2082526534795761,0.08508498221635818,0.12316767126321793,0.4824129814870077,0.14077882815196519,0.3416341533350425
010213,P3,fg,431,0.515839159488678,0.11589767932891845,0.3999414801597595,0.43460467367922556,-0.12923794944338993,0.5638426231226155
010213,P3,bg,4689,0.2060670405626297,0.10564018934965133,0.10042685121297837,0.41080130513786284,0.18299990103676217,0.22780140410110067
010213,P4,all,1280,0.21465694904327393,0.11313641518354416,0.10152053385972977,0.37976653684636485,0.04724741997605285,0.332519116870312
010213,P4,fg,114,0.6337736248970032,0.12204871773719787,0.5117249071598053,0.6907730039057943,-0.20234390773725952,0.8931169116430538
010213,P4,bg,1166,0.19812819361686707,0.14942595213651658,0.04870224148035049,0.1555822231196175,0.08637968765066892,0.06920253546894858
010213,P5,all,320,0.5006551146507263,0.488275945186615,0.012379169464111328,0.3936661296797336,0.3825335846703538,0.011132545009379768
010213,P5,fg,27,0.2027358114719391,0.12284211367368698,0.0798936977982521,-0.04039245105444987,0.11042873829633149,-0.15082118935078137
010213,P5,bg,293,0.5165517926216125,0.5025152087211608,0.014036583900451705,0.4222560832568861,0.40157858348443065,0.02067749977245542
010215,P3,all,5120,0.1730497181415558,0.08438106030225753,0.08866865783929825,0.36210807484401025,0.14714412979365238,0.21496394505035787
010215,P3,fg,335,0.55010986328125,0.1918896734714508,0.3582201898097992,0.33409003345130284,-0.044369499779204694,0.3784595332305075
010215,P3,bg,4785,0.1649206429719925,0.09543781131505966,0.06948283165693284,0.2699919383118112,0.1794249313944473,0.09056700691736388
010215,P4,all,1280,0.1543414145708084,0.09961554631590844,0.05472586825489997,0.17785713493941532,0.09744152814574847,0.08041560679366686
010215,P4,fg,80,0.7598612308502197,0.20769314467906952,0.5521680861711502,0.698305432596239,0.05074491895235593,0.6475605136438831
010215,P4,bg,1200,0.1346767395734787,0.11826972514390946,0.01640701442956924,-0.0455819072089666,0.08713801042088996,-0.13271991762985658
010215,P5,all,320,0.5962443351745605,0.5831360578536987,0.013108277320861839,0.2509596733759004,0.22570344850392404,0.025256224871976374
010215,P5,fg,18,0.5801849961280823,0.457970529794693,0.12221446633338928,0.25280489087399577,0.15406153039111042,0.09874336048288535
010215,P5,bg,302,0.6004230976104736,0.5912942886352539,0.009128808975219727,0.2586067601540615,0.2307846570652487,0.027822103088812777
010241,P3,all,5120,0.2150944024324417,0.08751501142978668,0.12757939100265503,0.38936700415375386,0.18123225280628646,0.2081347513474674
010241,P3,fg,276,0.6787344217300415,0.2157777488231659,0.4629566729068756,0.4246782904063917,0.12578502613674405,0.2988932642696477
010241,P3,bg,4844,0.21207986772060394,0.0931713879108429,0.11890847980976105,0.3218855128371182,0.19035554894819284,0.13152996388892535
010241,P4,all,1280,0.19975776970386505,0.14659515023231506,0.05316261947154999,0.26055023418174994,0.11303454808973026,0.14751568609201968
010241,P4,fg,73,0.8623383641242981,0.21260450780391693,0.6497338563203812,0.8496938117783892,0.03850999949616725,0.8111838122822219
010241,P4,bg,1207,0.18340706825256348,0.168368162214756,0.01503890603780747,0.04814526719039159,0.14073094741804876,-0.09258568022765717
010241,P5,all,320,0.5579848289489746,0.564619243144989,-0.006634414196014404,0.24523076923169915,0.15388938171444502,0.09134138751725412
010241,P5,fg,15,0.5689716935157776,0.5551047444343566,0.013866949081420943,-0.4795935598932616,0.012456983991548598,-0.4920505438848102
010241,P5,bg,305,0.5666671991348267,0.5756965637207031,-0.009029364585876443,0.2690581862448342,0.157819798761778,0.11123838748305617
010246,P3,all,5120,0.16133731603622437,0.08910672664642334,0.07223058938980102,0.2872216592817592,0.16287495024286333,0.12434670903889586
010246,P3,fg,144,0.6799256205558777,0.39924646615982057,0.2806791543960571,0.40594997850962955,0.21155058608429894,0.1943993924253306
010246,P3,bg,4976,0.1525566726922989,0.0903693363070488,0.06218733638525009,0.2423027713691161,0.15771445058825262,0.08458832078086348
010246,P4,all,1280,0.13036023080348969,0.15608051270246506,-0.025720281898975378,0.07945976176340996,0.1361194092339121,-0.056659647470502145
010246,P4,fg,40,0.8245775103569031,0.35935266613960265,0.4652248442173004,0.8245947366141436,-0.022168391697215926,0.8467631283113596
010246,P4,bg,1240,0.12612080574035645,0.16711055338382722,-0.04098974764347077,0.007039212257105394,0.14182678898488293,-0.13478757672777755
010246,P5,all,320,0.6190828680992126,0.6251418232917786,-0.00605895519256594,0.2467637863229036,0.27420796462033803,-0.027444178297434424
010246,P5,fg,6,,,,,,
010246,P5,bg,314,0.6209482550621033,0.6279621243476867,-0.007013869285583452,0.27117132079384554,0.2918886322936599,-0.020717311499814373
010249,P3,all,5120,0.3027900755405426,0.11116780787706375,0.19162226766347884,0.5624160667924595,0.18699387184612773,0.3754221949463318
010249,P3,fg,398,0.6740627288818359,0.12578511089086533,0.5482776179909706,0.42551442783173277,0.09167167254939641,0.33384275528233637
010249,P3,bg,4722,0.2942073941230774,0.13509703427553177,0.15911035984754562,0.46097240715423843,0.20195957391546035,0.2590128332387781
010249,P4,all,1280,0.3245173990726471,0.1295146405696869,0.1950027585029602,0.5564451063169762,0.033689787478719396,0.5227553188382568
010249,P4,fg,109,0.8125258684158325,0.16147274523973465,0.6510531231760979,0.8299364863210683,-0.01809967507615933,0.8480361613972276
010249,P4,bg,1171,0.28441712260246277,0.17057704031467438,0.11384008228778839,0.23916779811170935,0.07389571210260079,0.16527208600910856
010249,P5,all,320,0.673669159412384,0.6481205105781556,0.02554864883422847,0.37194583707007667,0.311171440424931,0.06077439664514567
010249,P5,fg,25,0.8238595724105835,0.7637978076934815,0.060061764717102006,0.1967540778085954,0.4425346633872146,-0.24578058557861918
010249,P5,bg,295,0.6810128688812256,0.657061505317688,0.023951363563537553,0.38905264580901805,0.2976660744364742,0.09138657137254386
010290,P3,all,5120,0.14481154084205627,0.07529535591602325,0.06951618492603302,0.171117455971665,0.11819416259224776,0.052923293379417244
010290,P3,fg,219,0.5936351418495178,0.1962494969367981,0.3973856449127197,0.3197449296102215,-0.17068864672734313,0.4904335763375646
010290,P3,bg,4901,0.14348581433296204,0.07906034588813782,0.06442546844482422,0.1571671758886245,0.1309240006402915,0.026243175248333
010290,P4,all,1280,0.09937391430139542,0.0909612461924553,0.008412668108940119,0.09652677280711604,0.10225732912313726,-0.005730556316021221
010290,P4,fg,47,0.7654750943183899,0.3430201828479767,0.4224549114704132,0.7541673541154539,0.2442733033699005,0.5098940507455534
010290,P4,bg,1233,0.0940452367067337,0.094356007874012,-0.0003107711672782898,0.05838458538673604,0.09695268625139122,-0.03856810086465518
010290,P5,all,320,0.420022577047348,0.4796893835067749,-0.0596668064594269,0.4160958995428516,0.4674875752129924,-0.0513916756701408
010290,P5,fg,11,0.39361700415611267,0.34569953083992006,0.047917473316192616,0.010245174994388201,-0.10979174792093642,0.12003692291532463
010290,P5,bg,309,0.44744640588760376,0.4972835183143616,-0.04983711242675781,0.4149087701255257,0.4728376385659684,-0.057928868440442705
010310,P3,all,5120,0.24171127378940582,0.08751871585845947,0.15419255793094636,0.43946251205274284,0.14112618468415655,0.2983363273685863
010310,P3,fg,539,0.6201956272125244,0.11130605936050415,0.5088895678520202,0.39596500334488693,-0.16725928846739416,0.5632242918122811
010310,P3,bg,4581,0.22261640429496765,0.11035417914390563,0.11226222515106202,0.3749862545201338,0.20775856740702553,0.16722768711310826
010310,P4,all,1280,0.2649754583835602,0.09222677424550056,0.1727486841380596,0.47209004518320896,0.02231180892706288,0.4497782362561461
010310,P4,fg,138,0.7781892418861389,0.13217093646526337,0.6460183054208756,0.8046899312642531,-0.10778176298716349,0.9124716942514166
010310,P4,bg,1142,0.20612815022468567,0.1270604357123375,0.07906771451234818,0.1764707040560111,0.09422719431044328,0.08224350974556781
010310,P5,all,320,0.5846580266952515,0.6118706703186035,-0.027212643623352073,0.20837310953815344,0.24475089480444207,-0.036377785266288626
010310,P5,fg,34,0.32083576917648315,0.2713990569114685,0.04943671226501467,-0.06970021874491876,-0.19162082957972323,0.12192061083480447
010310,P5,bg,286,0.6162813305854797,0.6428895473480225,-0.02660821676254277,0.23707041013854693,0.28561628931277594,-0.048545879174229006
010347,P3,all,5120,0.17327016592025757,0.09457610994577408,0.07869405597448349,0.16005795381525978,0.13178210384273759,0.028275849972522193
010347,P3,fg,411,0.5635770559310913,0.1477324903011322,0.4158445656299591,0.38139627067351106,-0.0002543902906758988,0.381650660964187
010347,P3,bg,4709,0.1549038290977478,0.11233381927013397,0.04257000982761383,0.06199536722042984,0.1615720654330855,-0.09957669821265566
010347,P4,all,1280,0.10951728373765945,0.1190839633345604,-0.00956667959690094,0.07892571573711632,0.04034668849790252,0.038579027239213796
010347,P4,fg,107,0.7618420720100403,0.14813299775123595,0.6137090742588043,0.7090913506192206,-0.15609969168435048,0.865191042303571
010347,P4,bg,1173,0.08719653636217117,0.14311987310647964,-0.055923336744308466,-0.048072605414154215,0.07850278927883811,-0.12657539469299234
010347,P5,all,320,0.587578296661377,0.6412189364433288,-0.05364063978195188,0.22759296244351443,0.24045412747083245,-0.012861165027318017
010347,P5,fg,27,0.2009163349866867,0.15073907375335693,0.05017726123332977,-0.12360284409290904,0.2545895652771367,-0.3781924093700458
010347,P5,bg,293,0.6278549432754517,0.661933171749115,-0.034078228473663374,0.236143433694985,0.2364845856020946,-0.00034115190710959364
010352,P3,all,5120,0.16799388825893402,0.09364940226078033,0.07434448599815369,0.2907577126168101,0.15208841942135,0.1386692931954601
010352,P3,fg,213,0.6525292992591858,0.24888445436954498,0.4036448448896408,0.44341715843192137,-0.1266022345004444,0.5700193929323658
010352,P3,bg,4907,0.1668807566165924,0.10469446033239364,0.062186296284198764,0.23382530265028395,0.18544236296913139,0.048382939681152565
010352,P4,all,1280,0.13096721470355988,0.10199489444494247,0.0289723202586174,0.17973096038712486,0.06914324576980407,0.11058771461732078
010352,P4,fg,50,0.8386709690093994,0.30134751200675963,0.5373234570026397,0.7924425555352643,0.018058387579927386,0.7743841679553369
010352,P4,bg,1230,0.12193967401981354,0.115034319460392,0.006905354559421539,0.059365030078652306,0.10371230039649222,-0.044347270317839915
010352,P5,all,320,0.6464559435844421,0.6104378581047059,0.036018085479736284,0.42842207391291603,0.43978152552745053,-0.0113594516145345
010352,P5,fg,12,0.5967843532562256,0.48440833687782286,0.11237601637840272,-0.1016860515117722,0.142389660826796,-0.24407571233856817
010352,P5,bg,308,0.6529842019081116,0.6160998225212098,0.03688437938690181,0.4356948226863986,0.4447509527499231,-0.009056130063524515
010363,P3,all,5120,0.13586579263210297,0.09145980179309846,0.04440599083900451,0.2869474155505494,0.16911219849380738,0.11783521705674205
010363,P3,fg,381,0.5820794701576233,0.10905497521162033,0.47302449494600296,0.45478584072412565,0.03382908232552691,0.42095675839859875
010363,P3,bg,4739,0.11652146279811859,0.11055763959884643,0.005963823199272161,0.17431303934395861,0.19573198007975634,-0.021418940735797726
010363,P4,all,1280,0.11590000241994858,0.08748220950365067,0.02841779291629791,0.13080107643111177,0.04457127245684726,0.08622980397426451
010363,P4,fg,106,0.8296260833740234,0.13588524460792542,0.693740838766098,0.8135180729711491,-0.04785951144834703,0.8613775844194961
010363,P4,bg,1174,0.07752769440412521,0.10639198571443557,-0.02886429131031036,-0.09252362305119148,0.0694609605299239,-0.1619845835811154
010363,P5,all,320,0.6059133410453796,0.5678397476673126,0.03807359337806704,0.33060325937559126,0.21501494832539447,0.11558831105019679
010363,P5,fg,26,0.17814557254314423,0.15416494905948638,0.023980623483657842,0.3462255109739236,0.370270813658342,-0.0240453026844184
010363,P5,bg,294,0.6192583441734314,0.5878445744514466,0.03141376972198484,0.33008935032200093,0.2115126085476514,0.11857674177434954
010371,P3,all,5120,0.21770219504833221,0.08441747575998307,0.13328471928834915,0.4980604353262456,0.16127143041519623,0.33678900491104935
010371,P3,fg,355,0.5917406678199768,0.13720454573631286,0.45453612208366395,0.45083749337506246,0.04381725599256873,0.4070202373824937
010371,P3,bg,4765,0.2196638137102127,0.09824087321758271,0.12142294049263,0.4678824894336825,0.16876994515372631,0.29911254427995615
010371,P4,all,1280,0.23649120330810547,0.07827207446098328,0.1582191288471222,0.4081876066115652,0.03890401378513763,0.3692835928264276
010371,P4,fg,80,0.7619536519050598,0.1553121715784073,0.6066414803266525,0.8403793680401811,-0.05110972734973764,0.8914890953899187
010371,P4,bg,1200,0.2246130406856537,0.09249865114688874,0.13211438953876495,0.19250505374831428,0.03486171426012941,0.15764333948818487
010371,P5,all,320,0.586358904838562,0.5429132223129273,0.04344568252563474,0.3364779480904199,0.26731257608602743,0.06916537200439249
010371,P5,fg,18,0.4503254294395447,0.28434525728225707,0.1659801721572876,-0.0014576839304371793,0.037664479629651484,-0.039122163560088664
010371,P5,bg,302,0.5924987196922302,0.5481700658798218,0.04432865381240847,0.340409723818348,0.27058394216562615,0.06982578165272185
010446,P3,all,5120,0.19136659801006317,0.09564484059810638,0.09572175741195679,0.43852405325824306,0.16048138694384365,0.27804266631439944
010446,P3,fg,374,0.6969379782676697,0.1527582138776779,0.5441797643899917,0.6154031355344431,0.12771389249462797,0.4876892430398152
010446,P3,bg,4746,0.16394856572151184,0.11370112746953964,0.0502474382519722,0.3040204901491965,0.16852689095150053,0.135493599197696
010446,P4,all,1280,0.1820213794708252,0.09434798061847686,0.08767339885234833,0.3375097266014009,0.040372202676114875,0.29713752392528603
010446,P4,fg,86,0.8171288967132568,0.24954985380172728,0.5675790429115295,0.7903456010663288,0.2224695857652747,0.567876015301054
010446,P4,bg,1194,0.12626197934150696,0.11123978793621063,0.015022191405296328,0.07777254697737547,0.027133627347228007,0.050638919630147466
010446,P5,all,320,0.49524131417274475,0.4844872236251831,0.010754090547561657,0.20968706096243317,0.20377933189687986,0.005907729065553313
010446,P5,fg,20,0.6762585639953613,0.5094742476940155,0.16678431630134583,0.4559656766579043,0.23267473862157706,0.2232909380363272
010446,P5,bg,300,0.5080663561820984,0.4984198987483978,0.009646457433700573,0.2029634380416714,0.21064002553853317,-0.007676587496861759
010451,P3,all,5120,0.22372013330459595,0.09565397500991821,0.12806615829467774,0.3964710218888232,0.1664326804267719,0.23003834146205132
010451,P3,fg,618,0.6107497811317444,0.09777629673480988,0.5129734843969345,0.4715544847641668,0.0402993167165914,0.43125516804757535
010451,P3,bg,4502,0.1991000771522522,0.1236058458685875,0.0754942312836647,0.2629629950882504,0.22562895176400902,0.03733404332424137
010451,P4,all,1280,0.2030058652162552,0.08889149129390717,0.11411437392234802,0.3955247027714727,0.05059794549366973,0.344926757277803
010451,P4,fg,137,0.7669029235839844,0.12320467680692673,0.6436982467770577,0.6990012030766903,-0.05107204397230066,0.750073247048991
010451,P4,bg,1143,0.13104140758514404,0.11815660148859024,0.012884806096553805,0.07328532454978953,0.09868921354933122,-0.025403888999541685
010451,P5,all,320,0.6339094638824463,0.6208207011222839,0.013088762760162354,0.30680080498525353,0.2783752392282196,0.02842556575703392
010451,P5,fg,43,0.6358235478401184,0.5790369510650635,0.05678659677505493,0.6043629692250372,0.5301274228837802,0.07423554634125695
010451,P5,bg,277,0.6430516839027405,0.6349814772605896,0.008070206642150857,0.24768681883497998,0.21816457273918438,0.029522246095795596
010453,P3,all,5120,0.1610029637813568,0.0900943011045456,0.07090866267681122,0.3669761286775212,0.12506949527781228,0.24190663339970894
010453,P3,fg,450,0.49805721640586853,0.12173393070697784,0.3763232856988907,0.30550776127420365,-0.06572655989668717,0.37123432117089084
010453,P3,bg,4670,0.16290663182735443,0.10625669509172439,0.05664993673563004,0.314785339931916,0.16639057189549084,0.14839476803642515
010453,P4,all,1280,0.13932687044143677,0.10964277237653733,0.02968409806489944,0.1214694398235247,0.08550252172746574,0.03596691809605897
010453,P4,fg,107,0.7577128410339355,0.2128046929836273,0.5449081480503082,0.773239386893897,0.26650558698903115,0.5067337999048659
010453,P4,bg,1173,0.12197817116975784,0.1331371083855629,-0.011158937215805048,-0.0604816525474686,0.0729207800225828,-0.1334024325700514
010453,P5,all,320,0.49308863282203674,0.5190307915210723,-0.0259421586990356,0.11666508992384947,0.12520068806958762,-0.008535598145738149
010453,P5,fg,30,0.2907010614871979,0.38466477394104004,-0.09396371245384216,0.07113489479968058,-0.01884643412723384,0.08998132892691442
010453,P5,bg,290,0.5137230157852173,0.542595100402832,-0.0288720846176147,0.11725538867572716,0.13041867809047902,-0.013163289414751866
010467,P3,all,5120,0.24825386703014374,0.08846847116947174,0.159785395860672,0.5188660119049077,0.17285684508719612,0.34600916681771154
010467,P3,fg,584,0.5806834101676941,0.11157952547073365,0.46910388469696046,0.31390004810930694,-0.0408971574863594,0.35479720559566635
010467,P3,bg,4536,0.23748548328876495,0.11276383101940154,0.12472165226936341,0.47732578784942714,0.2145668766075799,0.26275891124184725
010467,P4,all,1280,0.2921583652496338,0.11435925513505936,0.17779911011457444,0.5084566623028477,0.030602658185559316,0.4778540041172884
010467,P4,fg,139,0.7522951364517212,0.1136082574725151,0.6386868789792061,0.7735554138936799,-0.08702255068166768,0.8605779645753475
010467,P4,bg,1141,0.255648136138916,0.14759087711572647,0.10805725902318955,0.2542752280349626,0.07969604567926032,0.1745791823557023
010467,P5,all,320,0.5025214552879333,0.5106991708278656,-0.008177715539932295,0.1913224645319008,0.22311837115446048,-0.03179590662255968
010467,P5,fg,37,0.35737863183021545,0.38040754199028015,-0.023028910160064697,0.06309716771783831,0.1718983440328733,-0.10880117631503498
010467,P5,bg,283,0.5424668788909912,0.5449064612388611,-0.0024395823478698953,0.21053632151895038,0.2200961608059862,-0.009559839287035826
010481,P3,all,5120,0.2005406618118286,0.09538182020187377,0.10515884160995484,0.40574434707807994,0.13640066655330188,0.2693436805247781
010481,P3,fg,284,0.6049180626869202,0.16422444134950637,0.4406936213374138,0.37141142918262826,-0.044232634166493756,0.415644063349122
010481,P3,bg,4836,0.19531172513961792,0.1090872660279274,0.08622445911169052,0.28267466397467106,0.17885571948788676,0.1038189444867843
010481,P4,all,1280,0.16333207488059998,0.12922979146242142,0.03410228341817856,0.2491731656112621,0.0630493778936843,0.18612378771757782
010481,P4,fg,80,0.8342502117156982,0.17621465623378754,0.6580355554819107,0.8452729387347926,-0.03278954959594994,0.8780624883307425
010481,P4,bg,1200,0.13545513153076172,0.15090273767709733,-0.015447606146335613,0.005680150765575428,0.10900366025203949,-0.10332350948646406
010481,P5,all,320,0.6148413419723511,0.6144991517066956,0.0003421902656555176,0.31486750831354854,0.2903957956099806,0.02447171270356796
010481,P5,fg,20,0.696914553642273,0.7637639045715332,-0.06684935092926025,-0.4719679247911004,-0.1782555044408553,-0.2937124203502451
010481,P5,bg,300,0.6150105595588684,0.6152360796928406,-0.00022552013397214576,0.32876858722378904,0.2980692692175739,0.03069931800621517
010511,P3,all,5120,0.17299526929855347,0.10072097331285476,0.0722742959856987,0.3647889118526872,0.1864418427814969,0.1783470690711903
010511,P3,fg,410,0.5442937016487122,0.14505560398101808,0.3992380976676941,0.41276854529491436,-0.05225640651379062,0.46502495180870496
010511,P3,bg,4710,0.15912680327892303,0.12024077624082566,0.038886027038097376,0.31736445514348405,0.21451690292432496,0.10284755221915909
010511,P4,all,1280,0.14830592274665833,0.09276094809174537,0.055544974654912954,0.14747431415409276,0.0539113779704252,0.09356293618366757
010511,P4,fg,108,0.7550480365753174,0.1296584963798523,0.6253895401954651,0.7470216378719345,-0.07933684234995197,0.8263584802218865
010511,P4,bg,1172,0.11717075109481812,0.11348456144332886,0.003686189651489258,-0.019158574680429044,0.06976069460906686,-0.08891926928949591
010511,P5,all,320,0.5977014899253845,0.5558965563774109,0.041804933547973655,0.22515602020954487,0.17289681142537092,0.05225920878417395
010511,P5,fg,28,0.41494491696357727,0.3532477855682373,0.061697131395339944,-0.012062634278353497,0.0368474091900046,-0.048910043468358096
010511,P5,bg,292,0.6042478680610657,0.5607442855834961,0.04350358247756958,0.2379230389991666,0.17757207112994666,0.060350967869219924
010512,P3,all,5120,0.19152237474918365,0.08568143546581268,0.10584093928337097,0.1959946618665417,0.16662429458492722,0.029370367281614462
010512,P3,fg,472,0.6497020125389099,0.1006922408938408,0.5490097716450691,0.24069406938368468,0.03425917238751147,0.2064348969961732
010512,P3,bg,4648,0.17069171369075775,0.10433166772127152,0.06636004596948623,0.1483607141277425,0.18620890135635218,-0.03784818722860969
010512,P4,all,1280,0.17660239338874817,0.09435872733592987,0.0822436660528183,0.2334646966227557,0.07846718142774256,0.15499751519501315
010512,P4,fg,125,0.8127731084823608,0.1397272303700447,0.6730458781123161,0.8057429783373853,0.04059003668615999,0.7651529416512253
010512,P4,bg,1155,0.1321779042482376,0.11876164525747299,0.013416258990764623,0.05164277635364697,0.08619652073399907,-0.0345537443803521
010512,P5,all,320,0.5446556210517883,0.5241225242614747,0.020533096790313676,0.19831687158932856,0.17880268435231395,0.01951418723701462
010512,P5,fg,27,0.2624138593673706,0.22040518522262573,0.04200867414474488,-0.012197406592798306,-0.162110356202256,0.1499129496094577
010512,P5,bg,293,0.5447885394096375,0.5211423635482788,0.023646175861358643,0.20265288989591196,0.185928085200892,0.016724804695019968
010519,P3,all,5120,0.1451672613620758,0.08489045649766921,0.06027680486440659,0.261283828036845,0.181740889738764,0.07954293829808101
010519,P3,fg,338,0.5893400311470032,0.15712847113609313,0.43221156001091005,0.2971494278844257,0.0671465885479511,0.23000283933647464
010519,P3,bg,4782,0.13361869752407074,0.09868734180927277,0.03493135571479797,0.17935250978918207,0.18670245516146564,-0.007349945372283562
010519,P4,all,1280,0.10298225283622742,0.10362726002931595,-0.0006450071930885343,0.0666147785312444,0.06810709646571149,-0.001492317934467094
010519,P4,fg,85,0.75262451171875,0.2445647269487381,0.5080597847700119,0.7775639659126505,0.06884308339133434,0.7087208825213162
010519,P4,bg,1195,0.09040706604719162,0.11853245943784714,-0.02812539339065552,-0.08787925185289179,0.06764725501602617,-0.15552650686891795
010519,P5,all,320,0.5386574864387512,0.5753453373908997,-0.03668785095214844,0.17752187016077559,0.16857922686060978,0.008942643300165809
010519,P5,fg,18,0.4103725552558899,0.34635176658630373,0.06402078866958616,-0.2683663061917362,0.11684848033692714,-0.3852147865286633
010519,P5,bg,302,0.5517082214355469,0.5863523840904236,-0.03464416265487669,0.19356048516570626,0.1719135419365534,0.021646943229152865
010530,P3,all,5120,0.1722458153963089,0.08629468083381653,0.08595113456249237,0.329217801480125,0.1663070194945486,0.16291078198557643
010530,P3,fg,402,0.5973103046417236,0.1647411972284317,0.4325691074132919,0.29784065656585906,0.11292372685907441,0.18491692970678464
010530,P3,bg,4718,0.14707642793655396,0.1022642806172371,0.04481214731931686,0.2405248776300527,0.17912589152352612,0.06139898610652658
010530,P4,all,1280,0.15261228382587433,0.08834978193044662,0.0642625018954277,0.15010764412945243,0.06065153924790263,0.0894561048815498
010530,P4,fg,105,0.8288114070892334,0.1689426064491272,0.6598688006401062,0.7419158013312998,-0.01783930628999737,0.7597551076212972
010530,P4,bg,1175,0.11972633004188538,0.10810244977474212,0.011623880267143255,-0.051366015669787615,0.06690389442133157,-0.11826991009111919
010530,P5,all,320,0.5822974443435669,0.5987489104270936,-0.016451466083526656,0.3711382446759645,0.3300561676027851,0.0410820770731794
010530,P5,fg,26,0.4808008074760437,0.4558013677597046,0.02499943971633911,-0.19553566929183566,-0.067751499427071,-0.12778416986476465
010530,P5,bg,294,0.595620334148407,0.613232684135437,-0.017612349987029985,0.4006127539051272,0.3511642869659732,0.049448466939154
010559,P3,all,5120,0.22476106882095337,0.0808767944574356,0.14388427436351775,0.30059903225773504,0.11332036440326902,0.187278667854466
010559,P3,fg,519,0.6162549257278442,0.1181699976325035,0.4980849280953407,0.479935965920038,0.05905204144753101,0.420883924472507
010559,P3,bg,4601,0.2037186324596405,0.09955240935087203,0.10416622310876847,0.21999405413252565,0.13097575412088447,0.08901830001164118
010559,P4,all,1280,0.27367833256721497,0.07811127975583076,0.1955670528113842,0.4286868420582839,0.005006220763298849,0.423680621294985
010559,P4,fg,125,0.829325258731842,0.1721191167831421,0.6572061419487,0.8331854719750951,0.007487925660734139,0.825697546314361
010559,P4,bg,1155,0.19221222400665283,0.08860158622264862,0.10361063778400421,0.13286316867255699,0.005639258776370481,0.1272239098961865
010559,P5,all,320,0.5502360463142395,0.5399367690086365,0.010299277305602983,0.3074046273640838,0.3562377723859497,-0.04883314502186592
010559,P5,fg,32,0.6767697930335999,0.6184387087821961,0.058331084251403764,0.533514330593616,0.37115111218153823,0.16236321841207774
010559,P5,bg,288,0.5600774884223938,0.5403472602367401,0.01973022818565373,0.2874116293030079,0.3550738310321652,-0.06766220172915732
010565,P3,all,5120,0.19249852001667023,0.11893700212240219,0.07356151789426804,0.33973158348287963,0.20131590620222345,0.13841567728065618
010565,P3,fg,208,0.7111454606056213,0.19278079271316528,0.518364667892456,0.39022090230866224,-0.01667874127880991,0.40689964358747216
010565,P3,bg,4912,0.1815556287765503,0.13505891859531402,0.04649671018123627,0.23319146514777483,0.23486535159878213,-0.0016738864510073004
010565,P4,all,1280,0.1392221450805664,0.10052161663770676,0.03870052844285965,0.19794173209340102,0.022746207996355246,0.17519552409704578
010565,P4,fg,53,0.8790086507797241,0.18827350437641144,0.6907351464033127,0.8985904061509704,-0.03054927857247766,0.9291396847234481
010565,P4,bg,1227,0.1141422763466835,0.11722138524055481,-0.0030791088938713074,0.01582162827542962,0.02653783413376095,-0.010716205858331329
010565,P5,all,320,0.5229154825210571,0.5365708708763123,-0.01365538835525515,0.15831064056700367,0.15462304107769748,0.0036875994893061925
010565,P5,fg,16,0.31735146045684814,0.2228572815656662,0.09449417889118195,0.6776001910778618,0.045255623261214614,0.6323445678166473
010565,P5,bg,304,0.531810462474823,0.5447596311569214,-0.012949168682098389,0.15491895231134378,0.15725298528386494,-0.0023340329725211606
010567,P3,all,5120,0.2081771194934845,0.09734601378440857,0.11083110570907592,0.47930558562507414,0.160092096659194,0.31921348896588014
010567,P3,fg,334,0.5792222619056702,0.12266805469989776,0.4565542072057724,0.4680613769564885,0.02762103102849215,0.4404403459279963
010567,P3,bg,4786,0.2065960019826889,0.11392089128494262,0.09267511069774628,0.4002143971139063,0.17344820797691027,0.226766189136996
010567,P4,all,1280,0.21598224341869354,0.11009603887796401,0.10588620454072953,0.33481425633848194,0.0716103267413531,0.26320392959712885
010567,P4,fg,86,0.709178626537323,0.15335431694984436,0.5558243095874786,0.7079968638813845,0.03648478564953213,0.6715120782318523
010567,P4,bg,1194,0.20194044709205627,0.1364852726459503,0.06545517444610596,0.11752271729706933,0.06698885270401646,0.05053386459305287
010567,P5,all,320,0.5239494442939758,0.5084415316581726,0.0155079126358032,0.11763562210780966,0.0734154924701878,0.044220129637621855
010567,P5,fg,25,0.4278993308544159,0.36713339686393737,0.06076593399047853,-0.32400094648716105,-0.4561334347369499,0.13213248824978885
010567,P5,bg,295,0.5433357954025269,0.5338901162147522,0.009445679187774614,0.12900746498993068,0.09139583726679934,0.03761162772313134
010569,P3,all,5120,0.1888265758752823,0.08750872462987899,0.1013178512454033,0.4051997091393726,0.12387630866159469,0.28132340047777793
010569,P3,fg,290,0.6216273903846741,0.17837851047515868,0.4432488799095154,0.45597000190525117,-0.12993054987790273,0.5859005517831539
010569,P3,bg,4830,0.18225595355033875,0.10066425502300262,0.08159169852733612,0.30739858786365587,0.16927080754417656,0.1381277803194793
010569,P4,all,1280,0.16172492504119873,0.10606023520231248,0.055664689838886255,0.17450318883256602,0.029135586164290468,0.14536760266827556
010569,P4,fg,67,0.8216557502746582,0.20336919724941255,0.6182865530252457,0.8231243160200162,-0.01871335118213841,0.8418376672021547
010569,P4,bg,1213,0.14849239587783813,0.12197066247463226,0.026521733403205877,0.011253410849147672,0.04080886197564025,-0.029555451126492577
010569,P5,all,320,0.5304986238479614,0.5149039685726166,0.01559465527534487,0.1561925813774324,0.17750051548488602,-0.02130793410745363
010569,P5,fg,18,0.4955325424671173,0.3443222939968109,0.1512102484703064,-0.27594530104448334,-0.34725843570784076,0.07131313466335742
010569,P5,bg,302,0.5463005900382996,0.5329515993595123,0.013348990678787254,0.15785921214355333,0.18288666159176334,-0.025027449448210004
010572,P3,all,5120,0.22036650776863098,0.08788560181856156,0.13248090595006942,0.4277901349263594,0.11737795802530822,0.3104121769010512
010572,P3,fg,431,0.5954707860946655,0.11972951143980026,0.47574127465486526,0.42271046652783373,-0.11672457871814709,0.5394350452459808
010572,P3,bg,4689,0.21927359700202942,0.10700400173664093,0.11226959526538849,0.33409495716648047,0.164858380845921,0.16923657632055947
010572,P4,all,1280,0.22732077538967133,0.10303478837013244,0.12428598701953888,0.3752792005414473,0.04004950025887849,0.3352297002825688
010572,P4,fg,96,0.7979191541671753,0.15620838105678558,0.6417107731103897,0.749142529686787,-0.05431875862956407,0.803461288316351
010572,P4,bg,1184,0.18748243153095245,0.1308160290122032,0.05666640251874924,0.09093600359703329,0.09314538054085093,-0.002209376943817648
010572,P5,all,320,0.624523937702179,0.5704394459724427,0.054084491729736284,0.34133865223836835,0.15931842723629266,0.18202022500207568
010572,P5,fg,27,0.6823697686195374,0.6687760949134827,0.013593673706054688,0.04516423174031248,0.2174100103338698,-0.17224577859355733
010572,P5,bg,293,0.626156210899353,0.5705001950263977,0.05565601587295532,0.3505228556608627,0.15952563738855724,0.19099721827230548
010594,P3,all,5120,0.18152427673339844,0.08548354357481003,0.09604073315858841,0.28681490557225076,0.11024586877298045,0.1765690367992703
010594,P3,fg,231,0.6412639021873474,0.17047148644924165,0.47079241573810576,0.5391797804170262,-0.11690983777687432,0.6560896181939005
010594,P3,bg,4889,0.17857053875923157,0.09757542163133621,0.08099511712789535,0.21767970185316549,0.1377671567305831,0.07991254512258239
010594,P4,all,1280,0.12777824699878693,0.09652716070413589,0.03125108629465104,0.12127586095234981,0.017861408630340237,0.10341445232200958
010594,P4,fg,72,0.827735960483551,0.20320219099521636,0.6245337694883346,0.842814486420735,0.0036807455305155113,0.8391337408902194
010594,P4,bg,1208,0.11348699778318405,0.1084127277135849,0.005074270069599152,-0.014018249602534477,0.032167840546353466,-0.04618609014888794
010594,P5,all,320,0.6460923552513123,0.6587269067764282,-0.012634551525115945,0.2954484066426663,0.28276827553902656,0.012680131103639747
010594,P5,fg,16,0.542182981967926,0.31793985068798064,0.22424313127994538,-0.48815359885430964,0.16050662367165652,-0.6486602225259661
010594,P5,bg,304,0.6419991254806519,0.6536589980125427,-0.011659872531890825,0.29980571258254146,0.284312692407923,0.015493020174618455
040002,P3,all,5120,0.15901918709278107,0.09246495515108108,0.06655423194169999,0.2931363278982721,0.11855095887359204,0.17458536902468005
040002,P3,fg,653,0.5894140005111694,0.12245844006538391,0.4669555604457855,0.5255077120561562,-0.04209341811088361,0.5676011301670398
040002,P3,bg,4467,0.13270848989486694,0.11486737877130508,0.017841111123561862,0.10893070423050673,0.20535098187703463,-0.0964202776465279
040002,P4,all,1280,0.1516829878091812,0.13287292122840882,0.01881006658077239,0.24946386042561902,0.06879280103371142,0.18067105939190758
040002,P4,fg,162,0.7326878309249878,0.18361900448799134,0.5490688264369965,0.8321826888561693,0.022226184389783448,0.8099565044663859
040002,P4,bg,1118,0.10820776224136353,0.16521385908126832,-0.05700609683990479,0.006510035625933043,0.15385534743186804,-0.147345311805935
040002,P5,all,320,0.45525240898132324,0.5250810265541077,-0.06982861757278447,-0.0012865242976096078,0.10040240734248626,-0.10168893164009588
040002,P5,fg,36,0.29115208983421326,0.4204375147819519,-0.12928542494773865,-0.1293877065593483,0.012077259964971308,-0.1414649665243196
040002,P5,bg,284,0.5106558203697205,0.5437519907951355,-0.03309617042541502,0.014252393969383872,0.12141628966572213,-0.10716389569633826
040012,P3,all,5120,0.2098499834537506,0.08842632472515106,0.12142365872859955,0.39915482200243996,0.12413483366917064,0.27501998833326935
040012,P3,fg,866,0.5503563284873962,0.1113497033715248,0.4390066251158714,0.4541965070600018,0.04733335777243619,0.4068631492875656
040012,P3,bg,4254,0.17968763411045074,0.12138807922601699,0.05829955488443375,0.22373200314775077,0.16255347797362205,0.06117852517412872
040012,P4,all,1280,0.37880897521972656,0.08501124829053879,0.29379772692918776,0.5707064571046642,0.04572617425819504,0.5249802828464691
040012,P4,fg,212,0.7726408243179321,0.09717038124799729,0.6754704430699349,0.8175835775356883,0.06997683790617096,0.7476067396295174
040012,P4,bg,1068,0.25654855370521545,0.13834775239229202,0.11820080131292343,0.19706425206964034,0.03735143273204063,0.1597128193375997
040012,P5,all,320,0.5595511794090271,0.5673428118228913,-0.007791632413864158,0.21995128181403764,0.21610889725724985,0.003842384556787787
040012,P5,fg,53,0.25958365201950073,0.32227449119091034,-0.0626908391714096,-0.12909742468521523,0.01939378401500529,-0.14849120870022053
040012,P5,bg,267,0.6029618382453918,0.5825334250926971,0.020428413152694724,0.23712634412129027,0.2289851532336729,0.008141190887617361
040020,P3,all,5120,0.15619079768657684,0.0895637646317482,0.06662703305482864,0.25075313856336656,0.13066676255390286,0.1200863760094637
040020,P3,fg,343,0.5743697285652161,0.12338809221982956,0.4509816363453865,0.23936953953771017,-0.013572794642826475,0.25294233418053663
040020,P3,bg,4777,0.14612126350402832,0.10562574714422227,0.040495516359806055,0.18460976626028006,0.15891659214953185,0.0256931741107482
040020,P4,all,1280,0.21925313770771027,0.08777719885110855,0.13147593885660172,0.37704769928760024,0.08013697187071442,0.29691072741688584
040020,P4,fg,79,0.7484739422798157,0.13180716037750245,0.6166667819023133,0.6969300680953657,-0.04221234497031279,0.7391424130656785
040020,P4,bg,1201,0.17313864827156067,0.10848946869373322,0.06464917957782745,0.1589840604218892,0.0948314674673894,0.0641525929544998
040020,P5,all,320,0.5490373969078064,0.5509177088737488,-0.001880311965942405,0.31673845463505346,0.32481357930158206,-0.0080751246665286
040020,P5,fg,25,0.29617777466773987,0.26598540842533114,0.03019236624240873,0.08108083678776956,0.4719304304808271,-0.39084959369305755
040020,P5,bg,295,0.5860682725906372,0.5732048988342285,0.01286337375640867,0.31223512154668515,0.3133487406032961,-0.0011136190566109483
040021,P3,all,5120,0.13188380002975464,0.07315492928028107,0.05872887074947357,0.29919769745810204,0.11495832726331404,0.184239370194788
040021,P3,fg,238,0.654800295829773,0.32507475316524503,0.3297255426645279,0.4831651724209335,0.047900735804172,0.4352644366167615
040021,P3,bg,4882,0.12449484318494797,0.07585970163345337,0.04863514155149459,0.19661348661172337,0.14235302815697373,0.05426045845474964
040021,P4,all,1280,0.15149274468421936,0.08581547737121582,0.06567726731300354,0.3215391992223627,0.046167025772981186,0.2753721734493815
040021,P4,fg,59,0.8297216892242432,0.26068067252635957,0.5690410166978837,0.8894013217927027,0.04217228227646403,0.8472290395162386
040021,P4,bg,1221,0.1147177591919899,0.09528127759695053,0.01943648159503937,0.021493713794951602,0.06717286662200786,-0.04567915282705626
040021,P5,all,320,0.6209918856620789,0.5989558935165405,0.022035992145538308,0.2397599193236505,0.26989736537868697,-0.03013744605503646
040021,P5,fg,16,0.9047319889068604,0.8469300448894501,0.057801944017410234,-0.22534455588101823,0.29496698489531004,-0.5203115407763282
040021,P5,bg,304,0.630018413066864,0.6053780317306519,0.024640381336212158,0.2493933431961051,0.27259731784806573,-0.02320397465196064
040037,P3,all,5120,0.1723262369632721,0.10253447890281678,0.06979175806045532,0.33178276884897434,0.15119596647770223,0.18058680237127211
040037,P3,fg,96,0.7296462059020996,0.42937331199645995,0.30027289390563966,0.648649392346654,-0.08444195507589818,0.7330913474225521
040037,P3,bg,5024,0.17559897899627686,0.10985789597034454,0.06574108302593232,0.24184207125828894,0.1623777385639047,0.07946433269438424
040037,P4,all,1280,0.1561855524778366,0.14339908659458162,0.012786465883254994,0.19873451097054012,0.08871588651317588,0.11001862445736424
040037,P4,fg,21,0.8625389933586121,0.41797528266906736,0.4445637106895447,0.8935514251303659,-0.07663719131074975,0.9701886164411156
040037,P4,bg,1259,0.15625202655792236,0.15203495621681212,0.004217070341110241,0.10980409972274727,0.1091999512273103,0.000604148495436968
040037,P5,all,320,0.5737177729606628,0.612325644493103,-0.03860787153244016,0.06612792014295524,0.12977793388554135,-0.06365001374258611
040037,P5,fg,4,,,,,,
040037,P5,bg,316,0.5727376341819763,0.6116719126701355,-0.038934278488159224,0.06566189613900492,0.13096075662346932,-0.0652988604844644
040059,P3,all,5120,0.12657976150512695,0.0790164165198803,0.047563344985246656,0.1864008358523857,0.10926969961673369,0.07713113623565201
040059,P3,fg,147,0.6315858960151672,0.4405693233013153,0.19101657271385192,0.36781299542008056,0.1502443729891278,0.21756862243095276
040059,P3,bg,4973,0.11967489123344421,0.07727321684360504,0.042401674389839175,0.11803918021063015,0.11066463302323884,0.007374547187391306
040059,P4,all,1280,0.08925648033618927,0.10035282149910926,-0.011096341162919993,0.07509931417514902,0.08918882229727627,-0.014089508122127253
040059,P4,fg,40,0.8100340962409973,0.5226418554782868,0.2873922407627105,0.7690801411777489,0.3501170098200186,0.41896313135773033
040059,P4,bg,1240,0.07856448739767075,0.09621794819831848,-0.01765346080064774,-0.039798176617902324,0.07446193862317968,-0.11426011524108201
040059,P5,all,320,0.5359275341033936,0.4489679098129272,0.08695962429046633,0.1672918702342974,0.09058357236481149,0.07670829786948591
040059,P5,fg,10,0.7008172869682312,0.7073207020759582,-0.006503415107727006,-0.15526640852793447,-0.0137617264994301,-0.14150468202850436
040059,P5,bg,310,0.5385502576828003,0.4493845224380493,0.08916573524475097,0.2010372749749811,0.11959042197290223,0.08144685300207888
040064,P3,all,5120,0.11015059053897858,0.09324344396591186,0.016907146573066717,0.10004632201966479,0.14224843910564178,-0.04220211708597699
040064,P3,fg,204,0.6236261129379272,0.2449239522218704,0.37870216071605683,0.4954412801929656,-0.09540662963027546,0.5908479098232411
040064,P3,bg,4916,0.11138264834880829,0.10152506828308105,0.009857580065727234,0.07919082548056551,0.1532842649853006,-0.07409343950473508
040064,P4,all,1280,0.0915931984782219,0.08677868396043778,0.004814514517784113,-0.010769108088197407,0.018183542240594035,-0.028952650328791442
040064,P4,fg,40,0.8321611285209656,0.24805143475532532,0.5841096937656403,0.8250623559388568,-0.09270017078967936,0.9177625267285362
040064,P4,bg,1240,0.0906425416469574,0.09454329311847687,-0.00390075147151947,-0.06721325630099154,0.012553878788540338,-0.07976713508953187
040064,P5,all,320,0.525680661201477,0.4391220659017563,0.08655859529972076,0.14815817745274665,0.17766320649190503,-0.029505029039158387
040064,P5,fg,14,0.570811927318573,0.5431584179401397,0.02765350937843325,-0.40275304689034774,-0.3036594612231796,-0.09909358566716814
040064,P5,bg,306,0.5444994568824768,0.4493876427412033,0.09511181414127351,0.16736471216489723,0.19296560801729365,-0.025600895852396416
040070,P3,all,5120,0.14579181373119354,0.10273118615150452,0.04306062757968902,0.26080622557204813,0.15586339611363872,0.10494282945840941
040070,P3,fg,295,0.629021167755127,0.33705325722694396,0.291967910528183,0.5933994677512497,0.2512277308682953,0.34217173688295444
040070,P3,bg,4825,0.1398581862449646,0.10397300124168396,0.03588518500328064,0.18801602968593764,0.15149447504964558,0.03652155463629206
040070,P4,all,1280,0.13172920048236847,0.12307045012712478,0.008658750355243688,0.15837624081965462,0.07873769081937361,0.07963855000028101
040070,P4,fg,76,0.7168338298797607,0.2088789626955986,0.5079548671841622,0.6529795776233902,0.0155251241288338,0.6374544534945564
040070,P4,bg,1204,0.12605492770671844,0.1441407635807991,-0.018085835874080664,0.0822054804684276,0.10193860480933033,-0.019733124340902727
040070,P5,all,320,0.48425841331481934,0.5301143407821656,-0.045855927467346236,-0.10770857217391332,0.08761292657276475,-0.19532149874667806
040070,P5,fg,19,0.7554837465286255,0.779964292049408,-0.024480545520782493,-0.02512541194158732,-0.089148913944798,0.06402350200321068
040070,P5,bg,301,0.5030670762062073,0.5582481980323791,-0.05518112182617185,-0.09662914067334819,0.12007471975713284,-0.216703860430481
040073,P3,all,5120,0.11990659683942795,0.09014678075909614,0.029759816080331805,0.08538178506327407,0.14729555387115248,-0.06191376880787841
040073,P3,fg,120,0.7046854496002197,0.28035653531551363,0.4243289142847061,0.7346802054783447,-0.004444635413302323,0.739124840891647
040073,P3,bg,5000,0.12063340842723846,0.09521187096834183,0.025421537458896637,0.06765386250315689,0.15176116081458801,-0.08410729831143113
040073,P4,all,1280,0.09854724258184433,0.11128533184528351,-0.012738089263439181,-0.052737226567430864,0.04413930543349637,-0.09687653200092723
040073,P4,fg,32,0.9079555869102478,0.40327836871147155,0.5046772181987762,0.9146233025211075,0.059482198224917106,0.8551411042961904
040073,P4,bg,1248,0.10009162127971649,0.11867905557155609,-0.018587434291839594,-0.09773613259170386,0.04198863499570173,-0.1397247675874056
040073,P5,all,320,0.6131249666213989,0.5737775802612305,0.039347386360168435,0.19788756742105995,0.1932619832999822,0.004625584121077747
040073,P5,fg,8,0.6808195114135742,0.5837391376495361,0.09708037376403811,-0.33676446955745915,0.1680234360221199,-0.504787905579579
040073,P5,bg,312,0.6118144392967224,0.5722915470600128,0.03952289223670957,0.1997992252852493,0.19367170158483651,0.006127523700412779
040074,P3,all,5120,0.1279178261756897,0.09816534966230392,0.029752476513385778,0.19110122449812258,0.13533150491846396,0.05576971957965862
040074,P3,fg,314,0.5647577047348022,0.15531757473945618,0.40944012999534607,0.5564208636899434,0.017101285417763394,0.53931957827218
040074,P3,bg,4806,0.1325496882200241,0.11098405420780182,0.021565634012222293,0.09454487529883292,0.1643817391733964,-0.06983686387456349
040074,P4,all,1280,0.11836917698383331,0.0995648369193077,0.01880434006452561,0.1502674941445268,0.06583667591946046,0.08443081822506635
040074,P4,fg,82,0.7671481966972351,0.206888410449028,0.560259786248207,0.8163135332147037,0.17090240099310003,0.6454111322216036
040074,P4,bg,1198,0.11285176873207092,0.11708175241947175,-0.004229983687400823,-0.021471384209106013,0.10149176475874935,-0.12296314896785537
040074,P5,all,320,0.6072074770927429,0.5756067752838134,0.03160070180892949,0.18888495057727928,0.16456203361608046,0.024322916961198815
040074,P5,fg,14,0.5149957537651062,0.30891154110431673,0.20608421266078947,0.23997318216170968,0.08327887012949228,0.1566943120322174
040074,P5,bg,306,0.6048003435134888,0.5727805495262146,0.03201979398727417,0.18660738220193324,0.16634884155872026,0.020258540643212974
040082,P3,all,5120,0.13351182639598846,0.11327395290136337,0.020237873494625094,0.10755153357683353,0.13614107082131371,-0.028589537244480184
040082,P3,fg,135,0.5882883667945862,0.34768659472465513,0.24060177206993105,0.48039235583895684,0.12950737020069825,0.3508849856382586
040082,P3,bg,4985,0.13826340436935425,0.11865189671516418,0.019611507654190063,0.09381726596409888,0.1400173239519821,-0.04620005798788322
040082,P4,all,1280,0.10140172392129898,0.10779918432235717,-0.006397460401058194,0.015198618401073298,0.025894689524139692,-0.010696071123066394
040082,P4,fg,28,0.7810250520706177,0.49706700444221497,0.2839580476284027,0.6686827118309622,0.30872598287245634,0.35995672895850583
040082,P4,bg,1252,0.10283679515123367,0.11230529844760895,-0.009468503296375275,-0.011096354724762378,0.018594331082210844,-0.029690685806973222
040082,P5,all,320,0.5062820315361023,0.498591411113739,0.007690620422363292,0.03469989726273608,0.06648268744497855,-0.03178279018224247
040082,P5,fg,8,0.6977573037147522,0.6159874260425567,0.08176987767219546,0.4741868061796876,-0.0029358602484733654,0.477122666428161
040082,P5,bg,312,0.5038548707962036,0.49594116806983946,0.007913702726364158,0.034687428294300215,0.06717976174251582,-0.0324923334482156
040089,P3,all,5120,0.12260807305574417,0.07741183042526245,0.04519624263048172,0.18257173410557795,0.1492185209651588,0.03335321314041914
040089,P3,fg,366,0.6104217171669006,0.18104808032512665,0.429373636841774,0.6259445285463926,0.23258017582891669,0.39336435271747594
040089,P3,bg,4754,0.12351328134536743,0.08606982231140137,0.037443459033966064,0.09293744708035981,0.1366173620950954,-0.04367991501473559
040089,P4,all,1280,0.12131010740995407,0.12453679889440536,-0.0032266914844512884,0.17224696141204168,0.1080087837266724,0.06423817768536928
040089,P4,fg,85,0.8597195148468018,0.2573323905467987,0.6023871243000031,0.8941654175130997,0.15534758221305325,0.7388178353000465
040089,P4,bg,1195,0.10490423440933228,0.13065232634544371,-0.02574809193611144,0.04882791235960249,0.10226755474749064,-0.05343964238788815
040089,P5,all,320,0.5321808457374573,0.4970417857170105,0.035139060020446755,0.04802576998225811,0.08785276217069816,-0.039826992188440054
040089,P5,fg,22,0.7616849541664124,0.707806122303009,0.053878831863403365,0.5481178707489536,0.541298106466075,0.00681976428287856
040089,P5,bg,298,0.5295621752738953,0.4895863175392151,0.039975857734680154,0.017099151404581382,0.0685703373660905,-0.05147118596150912
040099,P3,all,5120,0.17877204716205597,0.10636935532093048,0.0724026918411255,0.33709073500380976,0.14293192198552374,0.19415881301828603
040099,P3,fg,252,0.5810227990150452,0.22314032316207885,0.3578824758529663,0.5752489031776321,0.03372516369508262,0.5415237394825495
040099,P3,bg,4868,0.1879660040140152,0.11779214888811111,0.07017385512590409,0.24090278035434365,0.173964802007181,0.06693797834716264
040099,P4,all,1280,0.1553276628255844,0.133673794567585,0.02165386825799942,0.2542702267358023,0.06065679356009683,0.19361343317570545
040099,P4,fg,65,0.7941521406173706,0.23470466434955597,0.5594474762678147,0.8523177639023669,-0.020587137316297733,0.8729049012186646
040099,P4,bg,1215,0.1481502205133438,0.15334709882736205,-0.005196878314018244,0.04004743462277925,0.09524385627439103,-0.055196421651611774
040099,P5,all,320,0.5335414409637451,0.5346632242202759,-0.001121783256530784,0.11365118851318701,0.0979405111811656,0.015710677332021403
040099,P5,fg,20,0.6050765514373779,0.3982005000114441,0.20687605142593385,-0.06632020457513745,0.05707630342825661,-0.12339650800339405
040099,P5,bg,300,0.5379084348678589,0.5358744025230407,0.0020340323448181374,0.1066695014112658,0.09349304720600118,0.013176454205264615
040102,P3,all,5120,0.18088610470294952,0.08450103998184204,0.09638506472110749,0.3659922869533174,0.09871086809562406,0.26728141885769335
040102,P3,fg,666,0.5092988014221191,0.1134537398815155,0.3958450615406036,0.28245320195864576,0.00030698306259676624,0.282146218896049
040102,P3,bg,4454,0.16570448875427246,0.11118120551109315,0.054523283243179316,0.22798814048140664,0.12120405303030735,0.1067840874510993
040102,P4,all,1280,0.21533700823783875,0.09522143751382828,0.12011557072401047,0.41313623565038504,0.07034371148703795,0.3427925241633471
040102,P4,fg,169,0.7341449856758118,0.11443856507539749,0.6197064206004143,0.7343101180452949,0.016984139199344755,0.7173259788459502
040102,P4,bg,1111,0.17350539565086365,0.13668582439422608,0.03681957125663757,0.1870270541129697,0.03821716447458943,0.14880988963838027
040102,P5,all,320,0.5103719830513,0.5639555811882019,-0.05358359813690183,-0.017208052703616417,0.06133500799496039,-0.0785430606985768
040102,P5,fg,37,0.5373594760894775,0.5548421382904053,-0.017482662200927757,0.12079764287411364,-0.33763963114156087,0.4584372740156745
040102,P5,bg,283,0.5166605710983276,0.5783915400505066,-0.061730968952179,-0.03252087313162252,0.10899555089615187,-0.1415164240277744
040117,P3,all,5120,0.19785527884960175,0.10238531976938248,0.09546995908021927,0.35232979213016896,0.10026827239798615,0.2520615197321828
040117,P3,fg,187,0.6294022798538208,0.23392334282398225,0.39547893702983855,0.5124586838378622,0.12222720168943595,0.39023148214842623
040117,P3,bg,4933,0.20349477231502533,0.10646402835845947,0.09703074395656586,0.28118157439050434,0.12598788217466134,0.155193692215843
040117,P4,all,1280,0.1838628351688385,0.13831775188446044,0.04554508328437806,0.35146657109860646,0.06273641870498305,0.28873015239362343
040117,P4,fg,50,0.8061765432357788,0.28698867857456206,0.5191878646612167,0.8747150813631738,0.11567893803532645,0.7590361433278473
040117,P4,bg,1230,0.17885975539684296,0.1474718764424324,0.03138787895441056,0.2402150972424595,0.0844602482611451,0.15575484898131442
040117,P5,all,320,0.5066236257553101,0.5393633604049682,-0.03273973464965818,0.06899238163049297,0.07004511431236929,-0.00105273268187632
040117,P5,fg,8,0.8551764488220215,0.7725415349006652,0.08263491392135625,0.8489644071861665,0.5521597943130768,0.2968046128730897
040117,P5,bg,312,0.5109617114067078,0.5400596499443054,-0.02909793853759768,0.06048319123846473,0.0606000530685567,-0.00011686183009197021
040120,P3,all,5120,0.12435662746429443,0.07715290635824204,0.04720372110605239,0.22052667571063106,0.13723987008444236,0.0832868056261887
040120,P3,fg,371,0.6407948136329651,0.12694387435913085,0.5138509392738342,0.4834158804036387,0.029143710717753145,0.4542721696858856
040120,P3,bg,4749,0.11549253761768341,0.09059853851795197,0.024893999099731445,0.14913504176282985,0.16586136249627195,-0.0167263207334421
040120,P4,all,1280,0.10976922512054443,0.08630136102437973,0.023467864096164706,0.14008851887912976,0.13054489745251102,0.009543621426618742
040120,P4,fg,80,0.8120297193527222,0.20778108537197112,0.604248633980751,0.8278218228312341,0.08957994777236511,0.738241875058869
040120,P4,bg,1200,0.09446507692337036,0.0979672133922577,-0.0035021364688873347,-0.029917604059909713,0.1370376380716301,-0.1669552421315398
040120,P5,all,320,0.6617705225944519,0.5959300041198731,0.06584051847457884,0.36074547119843686,0.33554378535967616,0.0252016858387607
040120,P5,fg,29,0.24265135824680328,0.2009622871875763,0.04168907105922698,0.2919631291279885,0.1419654912566341,0.1499976378713544
040120,P5,bg,291,0.6887071132659912,0.6370499491691589,0.0516571640968323,0.3529628693558147,0.3315833575452631,0.021379511810551644
040137,P3,all,5120,0.12898746132850647,0.09626235514879226,0.032725106179714206,0.2801841284913565,0.1297311737683731,0.1504529547229834
040137,P3,fg,318,0.624544084072113,0.201433265209198,0.423110818862915,0.5697699085460098,0.052029673827813115,0.5177402347181967
040137,P3,bg,4802,0.12091314792633057,0.11239159405231476,0.008521553874015805,0.1868202342467855,0.16526594044540294,0.021554293801382574
040137,P4,all,1280,0.14318682253360748,0.09983076006174088,0.0433560624718666,0.2439251420575479,-0.0011845294357760439,0.24510967149332394
040137,P4,fg,86,0.7730125784873962,0.2312588483095169,0.5417537301778793,0.7746646923733216,0.05607955773087697,0.7185851346424446
040137,P4,bg,1194,0.11124420911073685,0.11029447913169861,0.0009497299790382357,0.02626583039394194,0.015702187893635405,0.010563642500306534
040137,P5,all,320,0.5917874574661255,0.5754160165786744,0.016371440887451127,0.2691223964446608,0.2110613402820644,0.05806105616259638
040137,P5,fg,24,0.7912261486053467,0.6153170466423035,0.1759091019630432,0.6305766246100444,-0.04413243350718579,0.6747090581172301
040137,P5,bg,296,0.5833983421325684,0.5699740290641785,0.01342431306838987,0.24222181489060726,0.22516192243871608,0.017059892451891184
040152,P3,all,5120,0.1544657051563263,0.0953190952539444,0.059146609902381894,0.23167068436367355,0.10324672268637783,0.12842396167729572
040152,P3,fg,211,0.6828056573867798,0.2468261808156967,0.43597947657108305,0.48527140471216257,-0.056913656328437756,0.5421850610406003
040152,P3,bg,4909,0.1498270332813263,0.10371334850788116,0.04611368477344513,0.15152437848830072,0.11919490963388771,0.03232946885441301
040152,P4,all,1280,0.13062803447246552,0.12364261001348495,0.006985424458980566,0.11762065214313355,0.07224756875776057,0.04537308338537298
040152,P4,fg,55,0.8869924545288086,0.27638953626155854,0.6106029182672501,0.9138582044177493,0.06096166234281438,0.8528965420749349
040152,P4,bg,1225,0.12143125385046005,0.13919898122549057,-0.017767727375030518,-0.022093922948339062,0.08252696052955971,-0.10462088347789877
040152,P5,all,320,0.6388839483261108,0.6173557996749878,0.02152814865112307,0.3031911551428838,0.3004655974632632,0.002725557679620627
040152,P5,fg,13,0.6275020837783813,0.377029812335968,0.25047227144241335,-0.5801312223848022,0.03731115469584147,-0.6174423770806436
040152,P5,bg,307,0.6476085782051086,0.6358362793922424,0.011772298812866233,0.3056193645157593,0.3027645818823141,0.0028547826334451853
040159,P3,all,5120,0.11521010845899582,0.08326765149831772,0.0319424569606781,0.29464394756213064,0.12123153881651205,0.17341240874561858
040159,P3,fg,239,0.5394384860992432,0.26375568509101865,0.2756828010082245,0.21523667970962884,0.26332466256811227,-0.048087982858483425
040159,P3,bg,4881,0.10690733790397644,0.08620555549860001,0.02070178240537643,0.24895861056618412,0.12898034748597995,0.11997826308020418
040159,P4,all,1280,0.12418626248836517,0.10750988870859146,0.016676373779773712,0.3063812628059631,0.148029911874849,0.1583513509311141
040159,P4,fg,67,0.7480521202087402,0.2890658497810364,0.45898627042770385,0.8261634815514408,0.16925805177573938,0.6569054297757014
040159,P4,bg,1213,0.0964304730296135,0.10973463654518127,-0.013304163515567777,0.10703933183023834,0.1597893705713392,-0.052750038741100874
040159,P5,all,320,0.5619351863861084,0.5387610197067261,0.023174166679382324,0.09552134814452273,0.128736552086196,-0.033215203941673266
040159,P5,fg,13,0.43865421414375305,0.4501165747642517,-0.011462360620498657,-0.3373459889692307,-0.5101713291387996,0.1728253401695689
040159,P5,bg,307,0.5759199261665344,0.5523036122322083,0.023616313934326172,0.141942314226161,0.16796818222332405,-0.026025867997163055
040160,P3,all,5120,0.16191864013671875,0.08426839560270309,0.07765024453401566,0.20744554130692722,0.05172014453059838,0.15572539677632885
040160,P3,fg,405,0.5814691781997681,0.15009798109531403,0.43137119710445404,0.46771645046996485,0.004249323732628288,0.4634671267373366
040160,P3,bg,4715,0.1463044285774231,0.0997783049941063,0.0465261235833168,0.08845114047729938,0.09174115095815406,-0.0032900104808546854
040160,P4,all,1280,0.15659689903259277,0.07796991914510727,0.0786269798874855,0.25443437657561313,-0.01059479776831078,0.2650291743439239
040160,P4,fg,102,0.7438310980796814,0.1929024949669838,0.5509286031126976,0.7620996552544662,0.12303949145910162,0.6390601637953646
040160,P4,bg,1178,0.1150631383061409,0.09217431992292405,0.022888818383216852,0.03685555278829489,-0.006237957462060054,0.04309351025035494
040160,P5,all,320,0.5143493413925171,0.4791905224323273,0.0351588189601898,0.2809880300045828,0.2222495798589134,0.05873845014566939
040160,P5,fg,29,0.3056820333003998,0.22458038628101348,0.0811016470193863,0.09329523334992679,0.24993049128233907,-0.1566352579324123
040160,P5,bg,291,0.548092782497406,0.4956350803375244,0.0524577021598816,0.2686664964251097,0.21013302592391864,0.058533470501191065
040172,P3,all,5120,0.16246478259563446,0.08923189193010331,0.07323289066553115,0.3193755326565802,0.162270875639939,0.1571046570166412
040172,P3,fg,370,0.6376338601112366,0.21785491406917573,0.41977894604206084,0.538608195610801,0.10991812445461599,0.42869007115618496
040172,P3,bg,4750,0.14231985807418823,0.0943890631198883,0.04793079495429993,0.18539343144618461,0.20224925874803673,-0.016855827301852117
040172,P4,all,1280,0.16295194625854492,0.08922128528356552,0.0737306609749794,0.2954635973314298,0.061156662527582104,0.23430693480384768
040172,P4,fg,99,0.8266269564628601,0.21144647598266603,0.6151804804801941,0.8775954936650652,-0.020751734973193693,0.8983472286382589
040172,P4,bg,1181,0.10916682332754135,0.09601694494485855,0.013149878382682806,0.021253374508693877,0.09728625598497244,-0.07603288147627857
040172,P5,all,320,0.5529093742370605,0.5681074440479279,-0.015198069810867354,0.1258399521645601,0.18598459193042616,-0.060144639765866065
040172,P5,fg,22,0.5224176049232483,0.5808489918708801,-0.058431386947631836,-0.08084876137033359,0.1172815073070752,-0.1981302686774088
040172,P5,bg,298,0.57332843542099,0.5746026992797851,-0.0012742638587951438,0.15135161120874274,0.2000716968102842,-0.04872008560154145
040180,P3,all,5120,0.1706705391407013,0.10482683181762695,0.06584370732307435,0.17510777153135293,0.17279611841528014,0.002311653116072787
040180,P3,fg,294,0.6156991124153137,0.17058299481868744,0.4451161175966263,0.4692446994426809,-0.12647373889325408,0.595718438335935
040180,P3,bg,4826,0.16427306830883026,0.12197582423686981,0.04229724407196045,0.058692024488712746,0.2288806655172469,-0.17018864102853415
040180,P4,all,1280,0.2012919783592224,0.12874273508787154,0.07254924327135087,0.2302384994355525,0.09253317789276176,0.13770532154279075
040180,P4,fg,74,0.7446609735488892,0.18282515406608582,0.5618358194828034,0.8343640378978183,-0.1346690898242295,0.9690331277220479
040180,P4,bg,1206,0.1973642110824585,0.15296892523765565,0.044395285844802845,0.08369581972187537,0.1364817438117561,-0.052785924089880726
040180,P5,all,320,0.6176109910011292,0.5887211680412292,0.028889822959899947,0.23298886001980576,0.24578297932062237,-0.012794119300816614
040180,P5,fg,20,0.31005775928497314,0.30098128914833067,0.009076470136642478,-0.1909526360802437,-0.12373150188021227,-0.06722113420003144
040180,P5,bg,300,0.6260537505149841,0.5972178697586059,0.028835880756378218,0.23027807347101723,0.24820839200777156,-0.017930318536754336
040194,P3,all,5120,0.15176725387573242,0.08389968574047088,0.06786756813526154,0.12652660615524863,0.10188148480512667,0.024645121350121965
040194,P3,fg,157,0.5266834497451782,0.3496738255023956,0.1770096242427826,0.19088043861017548,-0.0589255870785592,0.24980602568873467
040194,P3,bg,4963,0.15438006818294525,0.08793415427207947,0.06644591391086578,0.07460666628006243,0.11590695479523612,-0.041300288515173686
040194,P4,all,1280,0.10994616895914078,0.11394635140895844,-0.00400018244981766,0.09064832908760838,0.06829918147650622,0.022349147611102155
040194,P4,fg,38,0.6856063008308411,0.40126627683639526,0.2843400239944458,0.7002228145704184,0.1110929462612336,0.5891298683091848
040194,P4,bg,1242,0.10248840600252151,0.12304606139659882,-0.020557655394077307,-0.030087957966379444,0.09668780739361955,-0.126775765359999
040194,P5,all,320,0.5361799001693726,0.5309726297855377,0.005207270383834839,0.10769083164084381,0.09491932917867492,0.01277150246216889
040194,P5,fg,8,0.7218980193138123,0.5058200657367706,0.21607795357704163,-0.11514966595912675,-0.3586759096299893,0.24352624367086256
040194,P5,bg,312,0.5353859663009644,0.5317356169223786,0.003650349378585771,0.10713973636066988,0.09588758143544976,0.011252154925220123
040198,P3,all,5120,0.1528565138578415,0.0931557223200798,0.059700791537761685,0.30604029455455706,0.1031273083121734,0.20291298624238366
040198,P3,fg,389,0.5731387734413147,0.17108380794525146,0.40205496549606323,0.4441591971537718,0.02139789632297758,0.4227613008307942
040198,P3,bg,4731,0.14848749339580536,0.10766467154026031,0.04082282185554505,0.17628745154949502,0.13350914394031843,0.042778307609176586
040198,P4,all,1280,0.15946809947490692,0.0972539722919464,0.062214127182960516,0.24796877008826085,0.01624083776726546,0.2317279323209954
040198,P4,fg,103,0.7154579758644104,0.1512046277523041,0.5642533481121064,0.7037343933779335,-0.021609292812796256,0.7253436861907298
040198,P4,bg,1177,0.1373632699251175,0.12251885235309601,0.014844417572021484,0.05191339449237865,0.026380443395437582,0.02553295109694107
040198,P5,all,320,0.575526773929596,0.5395098626613617,0.03601691126823425,-0.025047590926011214,0.05952371279458505,-0.08457130372059626
040198,P5,fg,28,0.34583181142807007,0.40375016927719115,-0.05791835784912108,-0.4774002468981746,-0.39032358450571897,-0.08707666239245565
040198,P5,bg,292,0.62497878074646,0.5797528266906739,0.04522595405578611,0.07748404619665333,0.14635095777429163,-0.0688669115776383
040222,P3,all,5120,0.12340235710144043,0.08913089036941528,0.03427146673202515,0.1648327516980792,0.13974204941290422,0.025090702285174987
040222,P3,fg,128,0.6550846695899963,0.3870549380779266,0.2680297315120697,0.6708897661025334,0.05583948762798672,0.6150502784745466
040222,P3,bg,4992,0.12275072187185287,0.09324090778827668,0.029509814083576197,0.10573487361119821,0.1522427760507235,-0.046507902439525295
040222,P4,all,1280,0.09625951945781708,0.10449162423610688,-0.008232104778289798,0.09521840235569672,0.11705575107095596,-0.021837348715259247
040222,P4,fg,32,0.8680148124694824,0.49091185331344606,0.37710295915603637,0.8856983539481295,0.15082137817455252,0.7348769757735769
040222,P4,bg,1248,0.09133654832839966,0.10886721760034561,-0.01753066927194595,0.031775013705014406,0.11357967379679065,-0.08180466009177625
040222,P5,all,320,0.5294815301895142,0.5557856917381286,-0.02630416154861448,0.13962169516303582,0.304842841173255,-0.16522114601021917
040222,P5,fg,8,0.6137374043464661,0.3771499454975128,0.23658745884895327,0.9195756884743167,0.8109369379469908,0.10863875052732586
040222,P5,bg,312,0.5376335978507996,0.563744866847992,-0.026111268997192405,0.13406556866120348,0.301797592564628,-0.16773202390342454
040234,P3,all,5120,0.16447120904922485,0.10610985308885575,0.05836135596036911,0.3164013942128923,0.18613764580378658,0.13026374840910573
040234,P3,fg,180,0.6483374834060669,0.35244524776935576,0.29589223563671113,0.3127434330476419,0.12541073891149512,0.18733269413614678
040234,P3,bg,4940,0.170347660779953,0.10967806130647659,0.060669599473476415,0.2592466244791127,0.19853421615688321,0.06071240832222946
040234,P4,all,1280,0.16474074125289917,0.11645119041204452,0.04828955084085465,0.23630149486388713,0.09145141748783607,0.14485007737605105
040234,P4,fg,45,0.8480745553970337,0.34030399918556214,0.5077705562114716,0.8217344340631935,0.040967593061947916,0.7807668410012456
040234,P4,bg,1235,0.1529240757226944,0.1266300156712532,0.026294060051441193,0.03526317379307377,0.10774106349522787,-0.0724778897021541
040234,P5,all,320,0.4939926266670227,0.5228691697120667,-0.028876543045043945,0.024256527161423035,0.06923412452133675,-0.04497759735991371
040234,P5,fg,7,,,,,,
040234,P5,bg,313,0.5041694045066833,0.529396241903305,-0.025226837396621682,0.04024145895366092,0.07529960848075541,-0.03505814952709449
040247,P3,all,5120,0.11746584624052048,0.0741512879729271,0.04331455826759338,0.20706959530251737,0.1508760175345701,0.056193577767947256
040247,P3,fg,240,0.6245589852333069,0.15705926716327667,0.4674997180700302,0.6286250865276275,-0.05627082940169874,0.6848959159293262
040247,P3,bg,4880,0.11771983653306961,0.08309493958950043,0.03462489694356918,0.14253797226259293,0.16658271140599418,-0.024044739143401245
040247,P4,all,1280,0.10690081864595413,0.07874169647693634,0.028159122169017795,0.09684303864752125,0.05601269728036059,0.04083034136716066
040247,P4,fg,49,0.8391612768173218,0.21703478693962097,0.6221264898777008,0.8594975552309013,-0.12519381642033503,0.9846913716512363
040247,P4,bg,1231,0.10615063458681107,0.08662881106138229,0.019521823525428778,-0.019958365179122715,0.06727283023811617,-0.0872311954172389
040247,P5,all,320,0.571568489074707,0.5418693423271179,0.02969914674758911,0.18256718728114926,0.29048091196079656,-0.1079137246796473
040247,P5,fg,16,0.7434407472610474,0.46942856907844543,0.27401217818260193,-0.03147909589243673,0.017420651734807297,-0.04889974762724403
040247,P5,bg,304,0.5682982206344604,0.537891286611557,0.030406934022903398,0.18333654593697601,0.2924830552778708,-0.10914650934089476
040250,P3,all,5120,0.13292226195335388,0.07572084367275238,0.057201418280601504,0.2636158985700802,0.09161629802993758,0.17199960054014263
040250,P3,fg,331,0.6352839469909668,0.17197049856185914,0.46331344842910765,0.6593216724754257,0.09008970386559043,0.5692319686098353
040250,P3,bg,4789,0.12519074976444244,0.08525490164756774,0.0399358481168747,0.13693138956721135,0.07761939795330267,0.05931199161390868
040250,P4,all,1280,0.1162862554192543,0.12948295176029206,-0.013196696341037761,0.19542674059821907,0.13842881685942773,0.05699792373879134
040250,P4,fg,94,0.8318430781364441,0.26510577499866483,0.5667373031377793,0.8770261491481718,0.20894231519733922,0.6680838339508326
040250,P4,bg,1186,0.09536570310592651,0.13746801912784576,-0.042102316021919245,-0.05173615787096135,0.1288401892722243,-0.18057634714318566
040250,P5,all,320,0.5633864998817444,0.5552300453186035,0.008156454563140847,0.0409552773060036,0.021705854383287725,0.019249422922715878
040250,P5,fg,19,0.9201012849807739,0.914884376525879,0.005216908454894975,0.6763513035233323,0.6572992182304711,0.019052085292861176
040250,P5,bg,301,0.548478364944458,0.5381930828094482,0.010285282135009788,0.01241615067402614,0.0032628812440008608,0.009153269430025278
040288,P3,all,5120,0.16383293271064758,0.11744475960731507,0.046388173103332514,0.19483121347338117,0.19562143187813036,-0.0007902184047491878
040288,P3,fg,217,0.5021370649337769,0.2658862888813019,0.23625077605247496,0.2728935912252691,0.03650724206034606,0.23638634916492307
040288,P3,bg,4903,0.169881209731102,0.12630340307950974,0.04357780665159225,0.1732397689293462,0.20725179092308169,-0.034012021993735486
040288,P4,all,1280,0.13235682249069214,0.11961199343204498,0.012744829058647156,0.10949456364488994,0.11479473265355886,-0.00530016900866892
040288,P4,fg,54,0.673025369644165,0.2378180891275406,0.43520728051662444,0.8366624139214511,0.00012794810284699198,0.8365344658186041
040288,P4,bg,1226,0.13046234846115112,0.13037192076444626,9.04276967048645e-05,0.04355893957047078,0.11333341388959065,-0.06977447431911987
040288,P5,all,320,0.5558091402053833,0.511681181192398,0.044127959012985274,0.1078847772754242,0.04503777561457577,0.06284700166084843
040288,P5,fg,17,0.7932164072990417,0.5227622330188751,0.2704541742801666,-0.40741551684132765,-0.2947310013828194,-0.11268451545850827
040288,P5,bg,303,0.5602487325668335,0.5157348275184631,0.044513905048370384,0.10832245092686935,0.046076427432849995,0.06224602349401935
040293,P3,all,5120,0.14522719383239746,0.10028548389673234,0.044941709935665125,0.20794256236266218,0.13831012604337883,0.06963243631928334
040293,P3,fg,78,0.6567209362983704,0.4369767129421234,0.21974422335624694,0.5165343714965362,0.2813220779692015,0.23521229352733475
040293,P3,bg,5042,0.14743007719516754,0.10399887412786483,0.04343120306730271,0.18156109744353444,0.1364021702005609,0.045158927242973546
040293,P4,all,1280,0.09605103731155396,0.09591501653194427,0.00013602077960968295,-0.013890690450073516,-0.030368471693308217,0.0164777812432347
040293,P4,fg,24,0.884742021560669,0.3887671589851379,0.49597486257553103,0.889089315878532,0.1724858230045123,0.7166034928740197
040293,P4,bg,1256,0.09726130217313766,0.10172669738531112,-0.004465395212173456,-0.07040114987283828,-0.04669872514451649,-0.02370242472832179
040293,P5,all,320,0.4890459477901459,0.507091224193573,-0.018045276403427124,-0.028974623279793443,-0.05375978585461153,0.02478516257481809
040293,P5,fg,8,0.7473169565200806,0.5747780680656434,0.1725388884544372,0.4575811594627436,-0.0198592905938905,0.4774404500566341
040293,P5,bg,312,0.4857916533946991,0.5039179444313049,-0.01812629103660579,-0.02755436362741543,-0.0527693833552889,0.025215019727873468
040332,P3,all,5120,0.16009339690208435,0.10096044838428497,0.05913294851779938,0.17927620418023993,0.1719154813511062,0.00736072282913372
040332,P3,fg,104,0.6313493251800537,0.35139757990837095,0.27995174527168276,0.6024272107865926,-0.03376036071232101,0.6361875714989136
040332,P3,bg,5016,0.1621597707271576,0.10479549914598466,0.05736427158117294,0.1660085424438931,0.17810033218792,-0.012091789744026915
040332,P4,all,1280,0.1304222196340561,0.13929787874221802,-0.008875659108161932,0.05093932460229371,0.11317481645671516,-0.062235491854421454
040332,P4,fg,24,0.7457279562950134,0.4346714735031128,0.3110564827919006,0.7151086603216318,-0.18610476270939663,0.9012134230310285
040332,P4,bg,1256,0.1341589242219925,0.14623929113149642,-0.012080366909503926,0.04446662452234986,0.12676302282832178,-0.08229639830597191
040332,P5,all,320,0.5070580840110779,0.4877272367477417,0.01933084726333617,0.05389976125270461,0.01275142272731162,0.04114833852539299
040332,P5,fg,6,,,,,,
040332,P5,bg,314,0.5061458349227905,0.4868439853191376,0.019301849603652943,0.051724255482211004,0.012237302067085527,0.03948695341512548
040339,P3,all,5120,0.1865420937538147,0.13880666792392732,0.04773542582988738,0.33250963891647983,0.15515326948824754,0.1773563694282323
040339,P3,fg,216,0.6141529083251953,0.30682314932346344,0.3073297590017319,0.5442539129471389,0.08366626892066328,0.46058764402647556
040339,P3,bg,4904,0.1938120275735855,0.15277141630649566,0.041040611267089855,0.2354704328814139,0.17332146251533695,0.062148970366076944
040339,P4,all,1280,0.16936108469963074,0.13357003331184386,0.035791051387786876,0.26596326666217723,0.024079430054983215,0.241883836607194
040339,P4,fg,50,0.7861862778663635,0.2450909823179245,0.541095295548439,0.8335431329209433,-0.12393578969478307,0.9574789226157263
040339,P4,bg,1230,0.16192446649074554,0.15502719730138778,0.006897269189357763,0.10848121259013706,0.037487117882630185,0.07099409470750687
040339,P5,all,320,0.5919137001037598,0.5977351427078247,-0.005821442604064919,0.11688647391848571,0.15424169883804023,-0.03735522491955452
040339,P5,fg,14,0.8234552145004272,0.6631651818752289,0.16029003262519836,0.49668807698378464,-0.14460296075956328,0.641291037743348
040339,P5,bg,306,0.6002028584480286,0.6090489864349365,-0.008846127986907981,0.12287348966662605,0.17492972313288227,-0.05205623346625622
040363,P3,all,5120,0.13180625438690186,0.08884888738393784,0.042957367002964014,0.26831615374145945,0.1381843687404817,0.13013178500097775
040363,P3,fg,210,0.5981994867324829,0.2397034525871277,0.35849603414535525,0.5416292686541624,-0.07030567188293259,0.611934940537095
040363,P3,bg,4910,0.12173902988433838,0.09152978807687759,0.03020924180746079,0.17218164270918213,0.16402732378869217,0.008154318920489956
040363,P4,all,1280,0.13544154167175293,0.08796045780181885,0.047481083869934076,0.19199193091866318,0.04588959986772859,0.1461023310509346
040363,P4,fg,42,0.877801775932312,0.26778254210948943,0.6100192338228225,0.7993493288566123,-0.04311584676231751,0.8424651756189298
040363,P4,bg,1238,0.12086274474859238,0.09360810369253159,0.02725464105606079,0.05728304347802487,0.04551984924169471,0.011763194236330161
040363,P5,all,320,0.5704188942909241,0.5358923494815826,0.034526544809341475,0.25789163519199787,0.39863833811178384,-0.14074670291978597
040363,P5,fg,12,0.7336623072624207,0.6906241536140442,0.04303815364837649,-0.14532228098608643,0.35077739719247275,-0.49609967817855916
040363,P5,bg,308,0.5740220546722412,0.542333596944809,0.03168845772743223,0.2631257475217753,0.4006104127310769,-0.13748466520930158
040365,P3,all,5120,0.159400075674057,0.0954550713300705,0.0639450043439865,0.19008212230064653,0.13812832619784754,0.05195379610279899
040365,P3,fg,240,0.5926921963691711,0.1865659922361374,0.40612620413303374,0.3872689495601781,0.13561946968964395,0.25164947987053415
040365,P3,bg,4880,0.16174428164958954,0.10555904805660248,0.05618523359298706,0.10931315290750748,0.16072048765852162,-0.05140733475101414
040365,P4,all,1280,0.14927630126476288,0.09125302284955979,0.05802327841520309,0.2242801252356274,0.04676768659800578,0.17751243863762162
040365,P4,fg,49,0.8168343305587769,0.20789356529712677,0.6089407652616501,0.8270174176657549,0.1317860690124988,0.6952313486532561
040365,P4,bg,1231,0.12714199721813202,0.10177054330706596,0.025371453911066058,0.030763624524007056,0.05934640134916778,-0.02858277682516072
040365,P5,all,320,0.5933152437210083,0.525581705570221,0.06773353815078731,0.28358446795878595,0.22318580593312715,0.0603986620256588
040365,P5,fg,15,0.6551868915557861,0.5909907221794128,0.06419616937637329,0.1457362166587119,0.23175147789148737,-0.08601526123277548
040365,P5,bg,305,0.5968905091285706,0.5303223013877869,0.06656820774078365,0.3009908369633332,0.23148267464745392,0.06950816231587925
040369,P3,all,5120,0.12856902182102203,0.09116151034832001,0.03740751147270202,0.23804734356337043,0.10365635031430667,0.13439099324906376
040369,P3,fg,216,0.7038291096687317,0.1716081529855728,0.5322209566831588,0.7003487119886127,-0.05056754857658284,0.7509162605651956
040369,P3,bg,4904,0.13182447850704193,0.1002401128411293,0.031584365665912634,0.17937883409040092,0.12361212512717587,0.05576670896322505
040369,P4,all,1280,0.12228364497423172,0.11851277351379394,0.00377087146043778,0.129466515543835,0.05321565150132951,0.0762508640425055
040369,P4,fg,60,0.8436957001686096,0.18838115632534028,0.6553145438432694,0.861214677446402,-0.06941463448471828,0.9306293119311203
040369,P4,bg,1220,0.12176592648029327,0.13172353506088258,-0.009957608580589306,0.031074126795672,0.0710193441140877,-0.039945217318415695
040369,P5,all,320,0.6206074357032776,0.5971401572227478,0.023467278480529763,0.2835130003267774,0.2511998921170905,0.032313108209686914
040369,P5,fg,14,0.5472730994224548,0.38149161338806153,0.1657814860343933,-0.35317258077648217,-0.2379365875735096,-0.11523599320297256
040369,P5,bg,306,0.6210123300552368,0.5978408694267273,0.0231714606285095,0.28809032056981887,0.2559980005652452,0.03209232000457368
040397,P3,all,5120,0.13995923101902008,0.07468751817941666,0.06527171283960342,0.3293150543028515,0.1212839163077131,0.20803113799513842
040397,P3,fg,403,0.5335745215415955,0.14096902012825013,0.3926055014133453,0.2871689076495952,0.002793592099303388,0.2843753155502918
040397,P3,bg,4717,0.12593834102153778,0.0877447709441185,0.038193570077419275,0.2458512910116464,0.15677986048877723,0.08907143052286917
040397,P4,all,1280,0.18144306540489197,0.0905937373638153,0.09084932804107666,0.29913926189978485,0.08682825374018396,0.21231100815960088
040397,P4,fg,88,0.6489297151565552,0.14536242932081223,0.503567285835743,0.5313048520796906,-0.10469981396364858,0.6360046660433392
040397,P4,bg,1192,0.14326199889183044,0.10926147401332856,0.03400052487850189,0.10704162862563688,0.1165427645934621,-0.00950113596782523
040397,P5,all,320,0.49049103260040283,0.5034542977809906,-0.012963265180587769,0.3041351071335032,0.2992170209185665,0.004918086214936723
040397,P5,fg,20,0.5385985374450684,0.45857490301132203,0.08002363443374633,0.5377445276661509,0.026501449403248768,0.5112430782629022
040397,P5,bg,300,0.5066077709197998,0.5147072732448578,-0.008099502325057961,0.2895145494792054,0.2969226009929141,-0.007408051513708713
040400,P3,all,5120,0.13460122048854828,0.07126336097717285,0.06333785951137542,0.19014493995248075,0.1574020442682243,0.03274289568425645
040400,P3,fg,311,0.4345777928829193,0.16357023417949676,0.2710075587034225,0.14343978103771665,0.07640771252557528,0.06703206851214137
040400,P3,bg,4809,0.13222694396972656,0.07842993438243866,0.053797009587287906,0.16560510283125185,0.17649387257728494,-0.010888769746033089
040400,P4,all,1280,0.15327267348766327,0.08496294170618057,0.0683097317814827,0.23579847176414195,0.10100802535505819,0.13479044640908378
040400,P4,fg,76,0.43689295649528503,0.13041446655988692,0.3064784899353981,0.3938857905054465,-0.06215478975061881,0.4560405802560653
040400,P4,bg,1204,0.14265866577625275,0.10107238739728927,0.041586278378963476,0.0814464878985375,0.13999935685726977,-0.05855286895873227
040400,P5,all,320,0.5574076175689697,0.5525634050369262,0.004844212532043479,0.30252725547976617,0.31191313997250925,-0.00938588449274308
040400,P5,fg,18,0.6915856003761292,0.7690369009971618,-0.07745130062103267,0.03324782015678329,0.4839677416452954,-0.4507199214885121
040400,P5,bg,302,0.5726389288902283,0.555862945318222,0.01677598357200627,0.30358809075714044,0.3056539345086116,-0.0020658437514711747
040426,P3,all,5120,0.16193263232707977,0.10113938599824905,0.06079324632883072,0.20183086426494395,0.1623949616094757,0.03943590265546826
040426,P3,fg,304,0.5735645294189453,0.204777592420578,0.3687869369983673,0.4044644458261219,0.07885083950819845,0.32561360631792347
040426,P3,bg,4816,0.17001700401306152,0.11503448337316513,0.05498252063989639,0.16263822207617848,0.17112386812212949,-0.008485646045951006
040426,P4,all,1280,0.14086458086967468,0.11351980865001679,0.027344772219657892,0.17060537376370746,0.07037839009117162,0.10022698367253584
040426,P4,fg,70,0.772328794002533,0.29756999015808105,0.4747588038444519,0.8118012284700502,-0.010554726448423294,0.8223559549184735
040426,P4,bg,1210,0.1416616141796112,0.13044466078281403,0.01121695339679718,0.06178795099063704,0.1005549460479438,-0.038766995057306755
040426,P5,all,320,0.5340210795402527,0.5753092050552369,-0.041288125514984175,0.11382235540266837,0.11682049989238105,-0.0029981444897126813
040426,P5,fg,22,0.24605485796928406,0.6296046733856201,-0.38354981541633604,-0.11815553551382889,0.016734827254116826,-0.13489036276794572
040426,P5,bg,298,0.5494993925094604,0.5693828940391541,-0.019883501529693648,0.10414576290612775,0.11963493746052103,-0.01548917455439329
040428,P3,all,5120,0.16724711656570435,0.0775962457060814,0.08965087085962295,0.30545777473546726,0.10622358488589823,0.19923418984956903
040428,P3,fg,449,0.4851128160953522,0.1616349160671234,0.32347790002822874,0.33866203041365495,0.14854756423756235,0.1901144661760926
040428,P3,bg,4671,0.16724376380443573,0.08738043904304504,0.07986332476139069,0.21448654328212696,0.1318888638377666,0.08259767944436036
040428,P4,all,1280,0.1562538743019104,0.12018063515424729,0.03607323914766311,0.3075176743764952,0.14361274657624853,0.16390492780024665
040428,P4,fg,122,0.687714695930481,0.175506691634655,0.5122080042958259,0.7166179639516693,0.003193362584611996,0.7134246013670573
040428,P4,bg,1158,0.11018916219472885,0.13464831113815307,-0.024459148943424214,0.06200722549582366,0.1803877486415358,-0.11838052314571215
040428,P5,all,320,0.6090527176856995,0.5347917675971985,0.07426095008850098,0.13503866026155456,0.10235216803656136,0.0326864922249932
040428,P5,fg,29,0.5351184606552124,0.4738574206829071,0.06126103997230531,0.0020805719444905854,-0.18158297879741553,0.1836635507419061
040428,P5,bg,291,0.6421748399734497,0.5662986993789673,0.07587614059448244,0.15514398270857305,0.13372718808601639,0.021416794622556662
040438,P3,all,5120,0.14977556467056274,0.07075037807226181,0.07902518659830093,0.2147199540748603,0.12014027837549028,0.09457967569937002
040438,P3,fg,406,0.5252230763435364,0.12206593155860901,0.40315714478492737,0.43315736863843135,-0.03601307929119537,0.4691704479296267
040438,P3,bg,4714,0.13942693173885345,0.08466201424598693,0.05476491749286652,0.07889224372059707,0.18636458391612556,-0.1074723401955285
040438,P4,all,1280,0.1350594311952591,0.0828094094991684,0.05225002169609069,0.2127745931190126,0.03940687772285227,0.1733677153961603
040438,P4,fg,110,0.5928506851196289,0.12346594333648682,0.4693847417831421,0.5989057264772335,-0.20934780461687078,0.8082535310941042
040438,P4,bg,1170,0.10492018610239029,0.10727137178182602,-0.0023511856794357355,-0.017966376327662077,0.12196711878521786,-0.13993349511287995
040438,P5,all,320,0.5006624460220337,0.5032589614391327,-0.0025965154170990434,0.16580888652566575,0.19295223754768795,-0.0271433510220222
040438,P5,fg,23,0.3114822804927826,0.2489510864019394,0.0625311940908432,0.5054796084065823,0.0853611534249789,0.42011845498160344
040438,P5,bg,297,0.5349007844924927,0.5234622240066529,0.0114385604858398,0.1374710625773622,0.17849469435831977,-0.04102363178095758
040443,P3,all,5120,0.15098316967487335,0.07682454362511634,0.07415862604975701,0.4299446648406093,0.11916095043238184,0.31078371440822744
040443,P3,fg,482,0.47759461402893066,0.1854613870382309,0.29213322699069977,0.396542731983626,0.17048037524366916,0.22606235673995684
040443,P3,bg,4638,0.13582536578178406,0.08518533855676651,0.05064002722501755,0.2691437122869832,0.1802249401738337,0.0889187721131495
040443,P4,all,1280,0.19067168235778809,0.08557790517807007,0.10509377717971802,0.4668754441362415,0.014470465127682441,0.452404979008559
040443,P4,fg,114,0.5956307649612427,0.17444907277822494,0.4211816921830177,0.6415692155567274,-0.009907562561938763,0.6514767781186662
040443,P4,bg,1166,0.13757197558879852,0.10982483476400376,0.027747140824794764,0.11948967865762951,0.08633116485989,0.033158513797739514
040443,P5,all,320,0.49346259236335754,0.5100048899650573,-0.016542297601699785,0.0885492491717682,0.17969167473503728,-0.09114242556326908
040443,P5,fg,31,0.49674680829048157,0.5186754107475281,-0.02192860245704653,-0.16210283852425836,-0.05995090548507468,-0.10215193303918368
040443,P5,bg,289,0.5262186527252197,0.5240283846855164,0.002190268039703347,0.13567407551786345,0.2223085922641367,-0.08663451674627326
040446,P3,all,5120,0.19801616668701172,0.12224806100130081,0.07576810568571091,0.36141661393993096,0.1282899877230696,0.23312662621686137
040446,P3,fg,202,0.7124038338661194,0.26202655136585234,0.45037728250026704,0.6664091399464089,0.07913664585840086,0.5872724940880081
040446,P3,bg,4918,0.1962069571018219,0.13396770507097244,0.06223925203084946,0.25052856282874747,0.15010148646237859,0.10042707636636888
040446,P4,all,1280,0.16351506114006042,0.11617651730775833,0.0473385438323021,0.289317382538769,0.006751105403848018,0.282566277134921
040446,P4,fg,49,0.8453940153121948,0.28775412440299986,0.557639890909195,0.8947832967039676,0.23764988681681895,0.6571334098871486
040446,P4,bg,1231,0.1535544991493225,0.13190315663814545,0.021651342511177063,0.14512220289897212,0.0060335656265102285,0.1390886372724619
040446,P5,all,320,0.5186704993247986,0.5472198367118836,-0.028549337387084983,-0.04197206144454101,0.0941166916201763,-0.13608875306471732
040446,P5,fg,7,,,,,,
040446,P5,bg,313,0.5264191627502441,0.5576479375362396,-0.031228774785995506,-0.031324062116604705,0.11814067030319624,-0.14946473241980093
040448,P3,all,5120,0.13969342410564423,0.08943323493003845,0.05026018917560578,0.2463251812713893,0.1344779276411852,0.11184725363020409
040448,P3,fg,256,0.7168583869934082,0.16370354890823363,0.5531548380851745,0.6338903299898158,-0.02729109604623889,0.6611814260360547
040448,P3,bg,4864,0.1365690380334854,0.1030555710196495,0.03351346701383591,0.14991608549749932,0.14934111638246877,0.0005749691150305491
040448,P4,all,1280,0.1206398606300354,0.12929694801568986,-0.00865708738565446,0.17491459457376093,0.08052696236483174,0.09438763220892919
040448,P4,fg,73,0.8788430094718933,0.19216034710407257,0.6866826623678207,0.8782697300336209,-0.06047498577503435,0.9387447158086553
040448,P4,bg,1207,0.1078840047121048,0.15430433452129363,-0.04642032980918884,0.050167738885961474,0.09439838064151887,-0.044230641755557396
040448,P5,all,320,0.5042781829833984,0.5648141622543335,-0.060535979270935014,-0.10945539927862212,0.0650234693130004,-0.17447886859162254
040448,P5,fg,17,0.2540312111377716,0.3196913838386536,-0.06566017270088198,0.39231507012806177,0.38299102401655394,0.009324046111507833
040448,P5,bg,303,0.5035445690155029,0.5653916358947754,-0.06184706687927244,-0.11501786247446825,0.06165376530377662,-0.17667162777824488
040458,P3,all,5120,0.13472634553909302,0.08912528902292252,0.045601056516170496,0.2463052189916312,0.14444396700408355,0.10186125198754764
040458,P3,fg,255,0.5542523264884949,0.2455909788608551,0.30866134762763975,0.3798903226103956,0.1393236793273958,0.24056664328299981
040458,P3,bg,4865,0.13642263412475586,0.09518464207649231,0.04123799204826355,0.1925722804198949,0.15501963537167243,0.03755264504822248
040458,P4,all,1280,0.15370133519172668,0.11081070750951767,0.04289062768220901,0.2626889362456347,0.0841042924977938,0.17858464374784092
040458,P4,fg,49,0.7688008546829224,0.30079435706138613,0.46800649762153623,0.8675073264461829,0.12715951564024552,0.7403478108059374
040458,P4,bg,1231,0.13599686324596405,0.11899344623088837,0.017003417015075684,0.08248996178993388,0.09167686126038303,-0.00918689947044915
040458,P5,all,320,0.4710262715816498,0.46130805015563964,0.009718221426010143,0.042388358232392814,0.08866553402056587,-0.04627717578817306
040458,P5,fg,15,0.5592768788337708,0.37804520726203916,0.1812316715717316,-0.5096144770464925,-0.6269230236394662,0.11730854659297363
040458,P5,bg,305,0.48513150215148926,0.47583469152450564,0.00929681062698362,0.07236165650949265,0.11780413321977048,-0.04544247671027783
040460,P3,all,5120,0.18317262828350067,0.0987628385424614,0.08440978974103927,0.43260463828199486,0.13136727294491782,0.301237365337077
040460,P3,fg,498,0.5866302251815796,0.11362013220787048,0.4730100929737091,0.5255105270121787,-0.0194041254560315,0.5449146524682102
040460,P3,bg,4622,0.181663379073143,0.12324737161397933,0.05841600745916367,0.3076005974248102,0.17714007642319435,0.13046052100161587
040460,P4,all,1280,0.20874112844467163,0.0908147931098938,0.11792633533477784,0.4260603773037267,0.01547056337172946,0.4105898139319972
040460,P4,fg,119,0.8103352189064026,0.11893211603164673,0.6914031028747558,0.8508761375427053,0.011159089155655416,0.8397170483870499
040460,P4,bg,1161,0.1435113251209259,0.11920717656612397,0.024304148554801938,0.08825714309827747,0.0069669965725919405,0.08129014652568553
040460,P5,all,320,0.6278635859489441,0.5824601054191589,0.045403480529785156,0.0524427676033522,0.08731233314344977,-0.03486956554009757
040460,P5,fg,29,0.3869909644126892,0.28099825978279114,0.10599270462989807,-0.06921370821480964,0.007161501828634803,-0.07637521004344444
040460,P5,bg,291,0.6505680084228516,0.6179134607315063,0.03265454769134524,0.06004821318138256,0.09835119209577632,-0.038302978914393764
040471,P3,all,5120,0.16543328762054443,0.09902724176645279,0.06640604585409164,0.3077939942443779,0.1064746792063378,0.20131931503804013
040471,P3,fg,497,0.5636026263237,0.1421006813645363,0.42150194495916365,0.5816478969441886,0.03877562078858794,0.5428722761556006
040471,P3,bg,4623,0.14978286623954773,0.12171190083026887,0.028070965409278864,0.16949390021468255,0.15903284337270407,0.010461056841978483
040471,P4,all,1280,0.15876451134681702,0.11007783263921737,0.04868667870759964,0.25951801554051235,0.027653505825424828,0.2318645097150875
040471,P4,fg,118,0.7494694590568542,0.15267519354820253,0.5967942655086518,0.8333863863898898,0.00530594467235647,0.8280804417175334
040471,P4,bg,1162,0.12567195296287537,0.1450224280357361,-0.019350475072860723,0.031115329308004216,0.058480758013795375,-0.02736542870579116
040471,P5,all,320,0.556415855884552,0.5272217154502868,0.02919414043426516,0.12162243565460766,0.1550107949582002,-0.03338835930359253
040471,P5,fg,30,0.7038996815681458,0.5945520401000977,0.1093476414680481,0.15072469192945742,-0.08595846703683459,0.236683158966292
040471,P5,bg,290,0.5764241814613342,0.5477028727531433,0.028721308708190896,0.13260477437255067,0.17696651485437664,-0.04436174048182598
070006,P3,all,5120,0.16173626482486725,0.11134928017854691,0.05038698464632034,0.14151434564779236,0.14392742405531186,-0.0024130784075195033
070006,P3,fg,70,0.5757052302360535,0.48003838658332826,0.09566684365272521,-0.13955403411605885,0.06482178446535204,-0.2043758185814109
070006,P3,bg,5050,0.16356395184993744,0.11311491280794143,0.050449039041996005,0.14201405763212413,0.14724578462673446,-0.005231726994610331
070006,P4,all,1280,0.1089145690202713,0.11454410254955291,-0.005629533529281611,0.1423853779288186,0.15167747632395004,-0.009292098395131426
070006,P4,fg,20,0.7971199154853821,0.5506480276584625,0.24647188782691953,0.7869632950662142,0.06299106779908888,0.7239722272671253
070006,P4,bg,1260,0.10700918734073639,0.11660916358232498,-0.009599976241588593,0.12801905389288595,0.15263475326018944,-0.024615699367303484
070006,P5,all,320,0.17034310102462769,0.16003548204898835,0.010307618975639338,-0.18232445978083253,-0.18974791374487093,0.007423453964038401
070006,P5,fg,6,,,,,,
070006,P5,bg,314,0.16991889476776123,0.15930180251598358,0.010617092251777649,-0.18841096890459647,-0.19284334168832057,0.004432372783724103
070020,P3,all,5120,0.18606600165367126,0.0960799902677536,0.08998601138591766,0.28189068499985154,0.09977096394656562,0.18211972105328592
070020,P3,fg,115,0.644366443157196,0.2420170336961746,0.40234940946102143,0.5844566825390034,-0.04351286591616831,0.6279695484551717
070020,P3,bg,5005,0.18750454485416412,0.09912913292646408,0.08837541192770004,0.22492741354814577,0.10308908938320507,0.1218383241649407
070020,P4,all,1280,0.1370639055967331,0.1348390355706215,0.002224870026111603,0.2498381886067886,0.09315467601426904,0.15668351259251956
070020,P4,fg,29,0.8575958013534546,0.3202571928501129,0.5373386085033417,0.7949179731207501,0.06045882439024023,0.7344591487305099
070020,P4,bg,1251,0.1314038336277008,0.13951075673103333,-0.008106923103332525,0.20052281033206176,0.1051038094690794,0.09541900086298236
070020,P5,all,320,0.19786593317985535,0.21885582506656648,-0.02098989188671113,-0.15736217013452874,-0.1904972284225386,0.03313505828800986
070020,P5,fg,10,0.8228847980499268,0.7673368573188781,0.05554794073104863,0.7363450775587631,-0.16644725085877324,0.9027923284175363
070020,P5,bg,310,0.19728906452655792,0.2146269202232361,-0.017337855696678173,-0.16878027880254426,-0.18782454241363636,0.0190442636110921
070021,P3,all,5120,0.16760897636413574,0.10305950492620468,0.06454947143793106,0.1991627376266748,0.14372401347523825,0.05543872415143655
070021,P3,fg,112,0.588205099105835,0.3892650783061981,0.19894002079963685,0.017290301079983427,0.037632739533058054,-0.020342438453074627
070021,P3,bg,5008,0.16809219121932983,0.10589009970426559,0.06220209151506424,0.18747486749863182,0.149052604213112,0.038422263285519814
070021,P4,all,1280,0.1285545974969864,0.10633953362703323,0.02221506386995316,0.24922611091394445,0.09558568596558571,0.15364042494835872
070021,P4,fg,32,0.8081181049346924,0.38093969225883484,0.42717841267585754,0.8804697063251615,0.004907958619948393,0.8755617477052131
070021,P4,bg,1248,0.12051999568939209,0.11003146171569825,0.010488533973693842,0.16582891363224642,0.0967187252085098,0.06911018842373662
070021,P5,all,320,0.1758684366941452,0.14729516804218293,0.028573268651962275,-0.21718474196492982,-0.17984887151262083,-0.03733587045230899
070021,P5,fg,3,,,,,,
070021,P5,bg,317,0.17535707354545593,0.14647026360034943,0.028886809945106506,-0.21948302302510045,-0.1797010019410608,-0.03978202108403964
070023,P3,all,5120,0.1913101226091385,0.09156851172447204,0.09974161088466645,0.2616668343530884,0.15365768998772583,0.10800914436536257
070023,P3,fg,93,0.5440475344657898,0.24412254691123964,0.29992498755455016,0.3692269668370871,-0.3443095495228156,0.7135365163599028
070023,P3,bg,5027,0.1949436217546463,0.09444358050823212,0.10050004124641418,0.2482000307230892,0.16803882346006851,0.08016120726302067
070023,P4,all,1280,0.14650051295757294,0.08159067928791046,0.06490983366966248,0.24587773995330414,0.09143960301997427,0.15443813693332986
070023,P4,fg,36,0.7437035441398621,0.20364928245544434,0.5400542616844177,0.8736463164749707,-0.29084461642491244,1.1644909328998831
070023,P4,bg,1244,0.14380887150764465,0.08518826737999916,0.0586206041276455,0.19148782733027694,0.1103700585791088,0.08111776875116815
070023,P5,all,320,0.2973063886165619,0.29914242029190063,-0.0018360316753387451,-0.013659088497438214,0.08235208508599098,-0.0960111735834292
070023,P5,fg,6,,,,,,
070023,P5,bg,314,0.3148662745952606,0.30940070152282717,0.0054655730724334495,-0.007337067824343044,0.07600325570794354,-0.08334032353228658
070028,P3,all,5120,0.17316259443759918,0.10604162365198136,0.06712097078561782,0.2099958920762387,0.14284732394896185,0.06714856812727685
070028,P3,fg,264,0.4802905321121216,0.24653345048427583,0.23375708162784575,0.26700852856168444,0.01696927120997083,0.2500392573517136
070028,P3,bg,4856,0.17194436490535736,0.11379397362470627,0.058150391280651095,0.17027067694868583,0.1652646908956526,0.0050059860530332345
070028,P4,all,1280,0.12657906115055084,0.1123769000172615,0.014202161133289343,0.2190494478691628,0.11001349849034003,0.10903594937882277
070028,P4,fg,81,0.6028406023979187,0.18342422395944596,0.41941637843847274,0.573581319309929,0.03703910514192434,0.5365422141680046
070028,P4,bg,1199,0.11376321315765381,0.13016300797462463,-0.01639979481697082,0.11354198847147907,0.13866532227087106,-0.02512333379939198
070028,P5,all,320,0.1635463684797287,0.16996057629585265,-0.006414207816123951,-0.13941408104915634,-0.19310312572157287,0.05368904467241653
070028,P5,fg,13,0.5400937795639038,0.38457711338996886,0.15551666617393495,0.13417884644533384,-0.2769337329178387,0.4111125793631725
070028,P5,bg,307,0.17427967488765717,0.17477639019489288,-0.0004967153072357178,-0.15277918469015264,-0.20727954944963473,0.054500364759482084
070051,P3,all,5120,0.16602787375450134,0.10520126670598984,0.060826607048511505,0.25642181281430737,0.1661698589648781,0.09025195384942927
070051,P3,fg,221,0.5747273564338684,0.2739945262670517,0.30073283016681673,0.5098715532002026,0.09164077647933128,0.41823077672087133
070051,P3,bg,4899,0.1663770228624344,0.11080196797847748,0.055575054883956906,0.16401216546910174,0.18246212229317677,-0.01844995682407502
070051,P4,all,1280,0.10557855665683746,0.11858583092689515,-0.013007274270057684,0.15380047694346496,0.10221806418216606,0.05158241276129891
070051,P4,fg,65,0.6983572244644165,0.3075152039527893,0.3908420205116272,0.674100099279457,0.009810943938148233,0.6642891553413088
070051,P4,bg,1215,0.09883718192577362,0.12689699232578278,-0.028059810400009155,0.04365946010784398,0.11566584050856335,-0.07200638040071937
070051,P5,all,320,0.19748954474925995,0.1916492611169815,0.0058402836322784535,-0.11929973887705732,-0.1265617951744612,0.007262056297403882
070051,P5,fg,15,0.6695135235786438,0.724941885471344,-0.05542836189270017,-0.5694376140920734,-0.47867643417190653,-0.09076117992016686
070051,P5,bg,305,0.19483286142349243,0.18686701655387877,0.007965844869613659,-0.12331977422036604,-0.126897465039412,0.0035776908190459505
070055,P3,all,5120,0.19767321646213531,0.09242078214883805,0.10525243431329727,0.25760151892575284,0.1257629161965454,0.13183860272920744
070055,P3,fg,210,0.45442262291908264,0.19757241010665894,0.2568502128124237,0.28666639318993936,0.18421819184077476,0.1024482013491646
070055,P3,bg,4910,0.20112723112106323,0.09870094507932663,0.1024262860417366,0.2252367936566678,0.12961622658233063,0.09562056707433716
070055,P4,all,1280,0.16288010776042938,0.11495545208454132,0.047924655675888064,0.3427212374765024,0.0984551952880951,0.2442660421884073
070055,P4,fg,55,0.670093834400177,0.30988435447216034,0.36020947992801666,0.6300983231396422,0.05054952163143463,0.5795488015082075
070055,P4,bg,1225,0.1463351547718048,0.12194876074790954,0.024386394023895266,0.22701896255416296,0.13300759478916394,0.09401136776499902
070055,P5,all,320,0.17650260031223297,0.20184373557567598,-0.025341135263443004,-0.05205378736758123,-0.12859536795491663,0.0765415805873354
070055,P5,fg,11,0.7128036022186279,0.8242833852767945,-0.11147978305816653,0.6131254620864742,0.7755618836424742,-0.16243642155600002
070055,P5,bg,309,0.177190899848938,0.18920952677726746,-0.012018626928329473,-0.0964965236789765,-0.17377477730372937,0.07727825362475287
070081,P3,all,5120,0.1667567491531372,0.09019186496734619,0.07656488418579102,0.3021553567107292,0.15417082653637051,0.14798453017435867
070081,P3,fg,303,0.35486316680908203,0.18543767035007477,0.16942549645900726,0.49318250048781037,-0.08298190087652386,0.5761644013643342
070081,P3,bg,4817,0.17753680050373077,0.09939410984516144,0.07814269065856934,0.27741309327964414,0.17353281818800728,0.10388027509163686
070081,P4,all,1280,0.155851811170578,0.12296066135168075,0.03289114981889725,0.2974331863857008,0.12879076361046934,0.16864242277523148
070081,P4,fg,76,0.48905691504478455,0.21150273233652114,0.2775541827082634,0.7170935754490497,-0.1117233669975588,0.8288169424466085
070081,P4,bg,1204,0.1568170040845871,0.13228075206279755,0.02453625202178955,0.20023320923407847,0.157614475100189,0.042618734133889474
070081,P5,all,320,0.2935175895690918,0.3017623245716095,-0.008244735002517711,0.034114984963940574,-0.04067156523207498,0.07478655019601554
070081,P5,fg,13,0.4802345335483551,0.5459151208400727,-0.06568058729171755,-0.33907138257737107,-0.24206194083332014,-0.09700944174405093
070081,P5,bg,307,0.2936438322067261,0.298852813243866,-0.005208981037139904,0.03127059017550285,-0.04300546016383013,0.07427605033933299
070084,P3,all,5120,0.17943665385246277,0.0993673786520958,0.08006927520036697,0.28709482259101693,0.12012488156891554,0.1669699410221014
070084,P3,fg,165,0.5605900287628174,0.31903210282325745,0.24155792593955994,0.4769091457293838,-0.15338079843449998,0.6302899441638838
070084,P3,bg,4955,0.17415961623191833,0.10009536296129226,0.07406425327062607,0.2513476746813631,0.12948443855361352,0.12186323612774957
070084,P4,all,1280,0.15203431248664856,0.10092746913433075,0.05110684335231781,0.24007014408662444,0.06355325469144155,0.1765168893951829
070084,P4,fg,43,0.6756656765937805,0.3001888424158096,0.3754768341779709,0.7364954891891424,-0.06177537552569819,0.7982708647148407
070084,P4,bg,1237,0.14593160152435303,0.1063569113612175,0.03957469016313553,0.18073076818363357,0.06950456660060852,0.11122620158302504
070084,P5,all,320,0.22042816877365112,0.258858859539032,-0.03843069076538086,-0.014823144496301503,-0.05005965696683037,0.035236512470528863
070084,P5,fg,11,0.2632331848144531,0.42519823312759397,-0.16196504831314085,-0.49542559204145736,-0.35540233416556416,-0.1400232578758932
070084,P5,bg,309,0.24040533602237701,0.2610203057527542,-0.020614969730377186,0.004917573404641727,-0.03957779594619036,0.044495369350832085
070119,P3,all,5120,0.1831407994031906,0.11099893301725387,0.07214186638593674,0.27833661420210914,0.18204823451740604,0.09628837968470311
070119,P3,fg,108,0.5517338514328003,0.4142082452774048,0.1375256061553955,0.5194529134677216,0.05997113980611178,0.4594817736616098
070119,P3,bg,5012,0.18699228763580322,0.1128238633275032,0.07416842430830002,0.2655205007739845,0.18629375674296947,0.07922674403101501
070119,P4,all,1280,0.13079041242599487,0.09747451692819595,0.033315895497798925,0.16274138027924304,0.07057126138998113,0.09217011888926191
070119,P4,fg,33,0.6006006598472595,0.4894770860671997,0.11112357378005983,0.5493125790740147,0.0906954211045202,0.4586171579694944
070119,P4,bg,1247,0.1325472742319107,0.09953412711620331,0.033013147115707395,0.16021223970276338,0.0712143994111188,0.08899784029164458
070119,P5,all,320,0.35889744758605957,0.3239640176296234,0.03493342995643617,-0.002710408740128244,0.039065465925379184,-0.041775874665507425
070119,P5,fg,7,,,,,,
070119,P5,bg,313,0.36085548996925354,0.32660266757011414,0.034252822399139404,-0.0014657340556769865,0.039280746328905346,-0.04074648038458233
070121,P3,all,5120,0.17160414159297943,0.0949487879872322,0.07665535360574723,0.2792657494432646,0.09303106164244294,0.18623468780082164
070121,P3,fg,386,0.4448900520801544,0.18135323822498323,0.2635368138551712,0.24670069347908488,-0.13091288246112215,0.37761357594020706
070121,P3,bg,4734,0.17529816925525665,0.1097527027130127,0.06554546654224395,0.1522770658611859,0.1370831887573158,0.015193877103870101
070121,P4,all,1280,0.18359385430812836,0.09665266275405884,0.08694119155406951,0.2742604942287805,0.01905532804626537,0.25520516618251515
070121,P4,fg,88,0.5887564420700073,0.18515319526195526,0.40360324680805204,0.42982406088556846,-0.09503846831465154,0.52486252920022
070121,P4,bg,1192,0.1647922247648239,0.11199701875448227,0.05279520601034164,0.09326019996810639,0.04796070648738081,0.04529949348072558
070121,P5,all,320,0.23334766924381256,0.26584131121635435,-0.03249364197254179,-0.05886307680775807,-0.11855550213178453,0.059692425324026466
070121,P5,fg,30,0.6096027493476868,0.5569739580154419,0.05262879133224485,0.46178816138401874,-0.3190397019059541,0.7808278632899728
070121,P5,bg,290,0.24627946317195892,0.264932781457901,-0.018653318285942078,-0.0850236272307148,-0.12437546811989597,0.03935184088918117
070130,P3,all,5120,0.16941538453102112,0.11000127643346787,0.05941410809755325,0.27591278106954364,0.16144470245639572,0.11446807861314792
070130,P3,fg,148,0.4308803975582123,0.3567196249961853,0.07416077256202697,0.26461955717007524,0.12587265775352116,0.13874689941655408
070130,P3,bg,4972,0.17554321885108948,0.11473420858383179,0.060809010267257685,0.28910439997825715,0.16350579840166654,0.1255986015765906
070130,P4,all,1280,0.14658762514591217,0.1210751324892044,0.02551249265670777,0.18739972028177312,0.11951169985840641,0.06788802042336671
070130,P4,fg,42,0.46754783391952515,0.3734392821788788,0.09410855174064636,0.5198061528366406,0.09227333285712917,0.42753281997951137
070130,P4,bg,1238,0.14832545816898346,0.12541353702545166,0.0229119211435318,0.14390988347573053,0.13164260492793528,0.012267278547795246
070130,P5,all,320,0.3153729736804962,0.3042047321796417,0.011168241500854492,0.05763504095246986,0.02775414066202716,0.0298809002904427
070130,P5,fg,11,0.7189711332321167,0.7102985620498657,0.008672571182250954,0.001908039580527539,-0.6415754655322838,0.6434835051128114
070130,P5,bg,309,0.31836336851119995,0.30211582183837893,0.016247546672821023,0.04387014071284888,0.030119733167956225,0.013750407544892655
070151,P3,all,5120,0.15468433499336243,0.07945296689867973,0.0752313680946827,0.19416514730876916,0.12200691734993638,0.07215822995883278
070151,P3,fg,86,0.48488107323646545,0.30705866813659666,0.1778224050998688,0.5881986674940017,-0.01070210200500914,0.5989007694990108
070151,P3,bg,5034,0.15684683620929718,0.08090983852744102,0.07593699768185616,0.17315228949902475,0.12930871276129946,0.04384357673772529
070151,P4,all,1280,0.1256025731563568,0.0993979588150978,0.026204614341259008,0.19115267985242068,0.10068896151391382,0.09046371833850686
070151,P4,fg,19,0.8616837859153748,0.4823471486568451,0.3793366372585297,0.842653447321323,-0.08761796253343444,0.9302714098547574
070151,P4,bg,1261,0.12273932248353958,0.10139603614807129,0.021343286335468295,0.16514717286344932,0.10354412649457659,0.06160304636887273
070151,P5,all,320,0.22590097784996033,0.19578802585601807,0.03011295199394226,-0.14467646044098528,-0.1668462341295896,0.022169773688604316
070151,P5,fg,7,,,,,,
070151,P5,bg,313,0.2252390831708908,0.1954510450363159,0.029788038134574896,-0.14301655861725013,-0.1666338438410489,0.023617285223798773
070160,P3,all,5120,0.16924715042114258,0.10686849057674408,0.0623786598443985,0.31620079667022405,0.16984027375775246,0.1463605229124716
070160,P3,fg,206,0.5414242744445801,0.3125146210193634,0.22890965342521669,0.4487143959769601,0.18897203029255344,0.2597423656844067
070160,P3,bg,4914,0.17050959169864655,0.11279877424240112,0.05771081745624543,0.3220807184858984,0.1687106576235407,0.15337006086235772
070160,P4,all,1280,0.1662803590297699,0.13284506350755693,0.03343529552221297,0.30429876019584207,0.1338105249661095,0.17048823522973255
070160,P4,fg,54,0.6700879335403442,0.319401341676712,0.3506865918636322,0.46635648416938436,-0.026613735143821614,0.49297021931320595
070160,P4,bg,1226,0.16105414927005768,0.14157995134592055,0.019474197924137127,0.2751869550254563,0.14641686652804167,0.12877008849741464
070160,P5,all,320,0.2455788403749466,0.3243731915950775,-0.0787943512201309,0.06969830194496625,0.02766064337394229,0.042037658571023956
070160,P5,fg,12,0.7523146867752075,0.6252192735671998,0.12709541320800777,-0.6210175648368305,-0.2754366057825116,-0.34558095905431885
070160,P5,bg,308,0.25527775287628174,0.32369224429130555,-0.06841449141502381,0.08179293810138656,0.026624050492908502,0.05516888760847806
070165,P3,all,5120,0.17474941909313202,0.10853599309921265,0.06621342599391937,0.19953543556333467,0.1398714387862378,0.059663996777096856
070165,P3,fg,210,0.5580145716667175,0.2604552537202835,0.29755931794643403,0.38134138008849516,0.09341226336813888,0.28792911672035626
070165,P3,bg,4910,0.1738826334476471,0.11504402607679368,0.05883860737085342,0.15569760603836955,0.14480599799331068,0.01089160804505887
070165,P4,all,1280,0.1338031142950058,0.10635803788900375,0.02744507640600205,0.22539750681998683,0.12466521921332015,0.10073228760666668
070165,P4,fg,56,0.6715173125267029,0.3194054126739502,0.3521118998527527,0.42889992328738946,0.19830782423375137,0.2305920990536381
070165,P4,bg,1224,0.12594813108444214,0.11353985965251923,0.012408271431922913,0.16299407971709604,0.10723579756525577,0.05575828215184027
070165,P5,all,320,0.20852965116500854,0.1923581689596176,0.01617148220539094,-0.0932773854727787,-0.11102553315137138,0.017748147678592688
070165,P5,fg,11,0.7434637546539307,0.6265350341796875,0.11692872047424319,0.09206000395124375,-0.28885460385903594,0.3809146078102797
070165,P5,bg,309,0.20768693089485168,0.18892931640148164,0.018757614493370045,-0.10073448260668226,-0.11187292134379904,0.011138438737116785
070176,P3,all,5120,0.19283680617809296,0.10207644999027252,0.09076035618782044,0.2377035837732603,0.13897887494913297,0.09872470882412734
070176,P3,fg,306,0.5573345422744751,0.17552408277988435,0.38181045949459075,0.3502503972221037,0.06613426038638245,0.28411613683572123
070176,P3,bg,4814,0.18545106053352356,0.11162535101175308,0.07382570952177048,0.18093933321009606,0.1549241378588079,0.026015195351288156
070176,P4,all,1280,0.23065249621868134,0.11432991027832032,0.11632258594036102,0.4857821784882822,0.13481646450922175,0.35096571397906046
070176,P4,fg,77,0.7508327960968018,0.20741576254367827,0.5434170335531234,0.7190385097480947,0.09726732078663973,0.621771188961455
070176,P4,bg,1203,0.20488983392715454,0.12932869493961335,0.07556113898754119,0.36647298872446826,0.1509082202096166,0.21556476851485165
070176,P5,all,320,0.1719149500131607,0.20969028770923615,-0.03777533769607544,-0.07768016751544733,-0.13491308511870212,0.05723291760325479
070176,P5,fg,18,0.43517643213272095,0.2768562763929367,0.15832015573978425,-0.24523006233291053,0.026428799804018105,-0.27165886213692864
070176,P5,bg,302,0.1898704320192337,0.22102388739585876,-0.03115345537662506,-0.07941683770049343,-0.1488863972074168,0.06946955950692338
070188,P3,all,5120,0.18896785378456116,0.09796502441167831,0.09100282937288284,0.31274195187609377,0.15293523666641481,0.15980671520967896
070188,P3,fg,267,0.5786929726600647,0.2731639504432678,0.3055290222167969,0.4524402553166291,0.07698103896719659,0.3754592163494325
070188,P3,bg,4853,0.18440976738929749,0.1057051807641983,0.07870458662509919,0.2935412331109685,0.16046355519201555,0.13307767791895297
070188,P4,all,1280,0.18739324808120728,0.12782735526561737,0.05956589281558991,0.3521837904077532,0.09005904320917824,0.262124747198575
070188,P4,fg,70,0.6350154280662537,0.23395010232925414,0.4010653257369995,0.8090939990028742,-0.06897871339418189,0.8780727123970561
070188,P4,bg,1210,0.17575278878211975,0.14355003982782363,0.03220274895429612,0.27383720379854365,0.10531522092979122,0.16852198286875242
070188,P5,all,320,0.24335698783397675,0.26245635449886323,-0.019099366664886486,-0.012853452419361295,-0.08080375326912097,0.06795030084975967
070188,P5,fg,17,0.28453296422958374,0.525571596622467,-0.24103863239288326,-0.2683816724840417,-0.4650114594790697,0.19662978699502798
070188,P5,bg,303,0.2714383900165558,0.25988048911094663,0.011557900905609153,-0.018380898546297604,-0.0793727343226885,0.0609918357763909
070193,P3,all,5120,0.16953232884407043,0.09251995980739594,0.0770123690366745,0.27290448245366494,0.13847928642573415,0.1344251960279308
070193,P3,fg,181,0.4614426791667938,0.3405731439590454,0.1208695352077484,0.2676666386542917,0.1297549143032823,0.1379117243510094
070193,P3,bg,4939,0.17192105948925018,0.09674193412065506,0.07517912536859513,0.27446584771446114,0.1398071521529667,0.13465869556149443
070193,P4,all,1280,0.13266466557979584,0.12160368114709855,0.01106098443269729,0.22073270188618718,0.14908455942417723,0.07164814246200996
070193,P4,fg,54,0.5866681933403015,0.42643808126449584,0.16023011207580568,0.62201008569601,0.41986618475664705,0.20214390093936296
070193,P4,bg,1226,0.12769420444965363,0.1304356947541237,-0.0027414903044700734,0.16558185876571535,0.15101310879392474,0.014568749971790612
070193,P5,all,320,0.32651886343955994,0.3160754799842834,0.010443383455276511,0.08732859769143074,0.034119307239753885,0.053209290451676855
070193,P5,fg,13,0.4852391183376312,0.7258739709854126,-0.2406348526477814,0.0055957607469670325,-0.3669857270782711,0.37258148782523814
070193,P5,bg,307,0.32425838708877563,0.31135271191596986,0.012905675172805775,0.08122800646796087,0.03528235998914552,0.04594564647881535
070198,P3,all,5120,0.16068822145462036,0.09406510144472122,0.06662312000989914,0.24306749402347563,0.16779390466445476,0.07527358935902087
070198,P3,fg,105,0.43488648533821106,0.3803901493549347,0.054496335983276356,0.1211962744709364,0.15941546534628293,-0.03821919087534653
070198,P3,bg,5015,0.16472482681274414,0.09695454090833663,0.0677702859044075,0.25773302504972917,0.16938647877392596,0.08834654627580321
070198,P4,all,1280,0.10290983319282532,0.11190301030874253,-0.008993177115917211,0.06990875567216906,0.10992947442118983,-0.04002071874902077
070198,P4,fg,21,0.5807535648345947,0.5068065583705902,0.07394700646400454,0.41917695722595866,0.17078164178291327,0.24839531544304538
070198,P4,bg,1259,0.1033235639333725,0.11490912735462189,-0.01158556342124939,0.0456752292670354,0.1088209825581308,-0.0631457532910954
070198,P5,all,320,0.2629567086696625,0.2649140447378159,-0.0019573360681534036,-0.011111904525593215,-0.007208809867343362,-0.0039030946582498532
070198,P5,fg,6,,,,,,
070198,P5,bg,314,0.27498212456703186,0.26608713567256925,0.008894988894462608,-0.018217293571833507,-0.011649658073739058,-0.006567635498094448
070199,P3,all,5120,0.1935817003250122,0.11294744312763214,0.08063425719738007,0.357175976295516,0.14439363982798828,0.21278233646752773
070199,P3,fg,60,0.8026822209358215,0.5480644106864929,0.2546178102493286,0.7583382630897374,-0.07720454227003366,0.8355428053597711
070199,P3,bg,5060,0.19350473582744598,0.11489722281694412,0.07860751301050187,0.35097055503525215,0.1473052323851808,0.20366532265007134
070199,P4,all,1280,0.19465377926826477,0.1274984136223793,0.06715536564588548,0.33651855327100005,0.17535036493038642,0.16116818834061364
070199,P4,fg,12,0.8479906916618347,0.6873285114765167,0.16066218018531797,0.5744021941286047,0.1977363270401588,0.3766658670884459
070199,P4,bg,1268,0.19202737510204315,0.1299545243382454,0.06207285076379776,0.327420088997036,0.1715198124379069,0.1559002765591291
070199,P5,all,320,0.3474681079387665,0.392383348941803,-0.04491524100303651,0.11644260935660959,0.0601065671953934,0.05633604216121619
070199,P5,fg,8,0.3691244125366211,0.4872051179409027,-0.11808070540428162,-0.48335557349694047,-0.037776884131387224,-0.4455786893655532
070199,P5,bg,312,0.37178099155426025,0.39437875151634216,-0.02259775996208191,0.13341123471602495,0.060458587876914674,0.07295264683911028
070214,P3,all,5120,0.1870533674955368,0.0790628358721733,0.1079905316233635,0.32348061690564045,0.09107316325988093,0.23240745364575952
070214,P3,fg,233,0.5622187256813049,0.19967164993286132,0.3625470757484436,0.48529659269198433,-0.031575221593094685,0.516871814285079
070214,P3,bg,4887,0.19205978512763977,0.08650547862052918,0.10555430650711059,0.27135951181695733,0.10398506213755014,0.16737444967940718
070214,P4,all,1280,0.18461883068084717,0.08489812761545182,0.09972070306539535,0.3228003728879491,0.0997295671849665,0.2230708057029826
070214,P4,fg,56,0.7601197361946106,0.24980418831110002,0.5103155478835106,0.6934582923778781,0.023183573840193004,0.6702747185376852
070214,P4,bg,1224,0.16840752959251404,0.09493505656719207,0.07347247302532196,0.2197197696153735,0.09535611484981907,0.12436365476555444
070214,P5,all,320,0.20245009660720825,0.2051122546195984,-0.0026621580123901423,-0.09250160971140375,-0.20652254157309366,0.1140209318616899
070214,P5,fg,17,0.5661588311195374,0.444865220785141,0.12129361033439634,-0.26527192488388424,-0.3021788502893436,0.03690692540545937
070214,P5,bg,303,0.2018803507089615,0.20342199206352235,-0.0015416413545608632,-0.0953541173313628,-0.21037802254328045,0.11502390521191765
070222,P3,all,5120,0.17397817969322205,0.11357501894235611,0.060403160750865936,0.3203785930781534,0.15174776199231318,0.16863083108584023
070222,P3,fg,191,0.605161190032959,0.2166037976741791,0.3885573923587799,0.5438072216709599,-0.20573552771218476,0.7495427493831446
070222,P3,bg,4929,0.17211700975894928,0.12127991318702698,0.0508370965719223,0.2667306973744787,0.1829011180430212,0.08382957933145749
070222,P4,all,1280,0.15641029179096222,0.09844111651182175,0.05796917527914047,0.24461381400929896,0.029849867290209654,0.2147639467190893
070222,P4,fg,41,0.8037450909614563,0.27285889983177186,0.5308861911296845,0.8443501110612367,0.009366089283860495,0.8349840217773762
070222,P4,bg,1239,0.14649467170238495,0.10565139055252075,0.0408432811498642,0.1642292816728046,0.027575527983825364,0.13665375368897922
070222,P5,all,320,0.24634024500846863,0.2608639359474182,-0.014523690938949563,0.010156803881010406,-0.0049492052274206595,0.015106009108431066
070222,P5,fg,12,0.41851288080215454,0.391424822807312,0.02708805799484254,0.1628138082994638,0.27272389604688263,-0.10991008774741884
070222,P5,bg,308,0.25388023257255554,0.26378554105758667,-0.009905308485031128,0.0019153951635681938,-0.01219226672587607,0.014107661889444264
070279,P3,all,5120,0.19707268476486206,0.08817359209060668,0.10889909267425538,0.30722579112270804,0.14420909358777184,0.1630166975349362
070279,P3,fg,171,0.6534338593482971,0.3103293180465698,0.3431045413017273,0.511677379309262,0.033819033452073,0.47785834585718906
070279,P3,bg,4949,0.19486397504806519,0.09226741343736648,0.1025965616106987,0.27949815161896197,0.1523136881635802,0.12718446345538176
070279,P4,all,1280,0.16776034235954285,0.09816450327634811,0.06959583908319474,0.24783518834290091,0.03966281649395663,0.20817237184894427
070279,P4,fg,34,0.7976294159889221,0.27136488258838654,0.5262645334005356,0.8563238165640811,-0.11796590768313767,0.9742897242472187
070279,P4,bg,1246,0.1621328443288803,0.1035445898771286,0.05858825445175171,0.19493742961142696,0.051126941082550906,0.14381048852887607
070279,P5,all,320,0.2647950053215027,0.2964451789855957,-0.031650173664093006,0.007045490381938696,-0.061660651974564384,0.06870614235650307
070279,P5,fg,14,0.49214789271354675,0.8726151704788208,-0.380467277765274,0.3849481527553263,-0.7330618049572492,1.1180099577125755
070279,P5,bg,306,0.2715841829776764,0.2995246648788452,-0.027940481901168823,0.009751022656061023,-0.04324272746142915,0.052993750117490176
070285,P3,all,5120,0.15711583197116852,0.1013415664434433,0.055774265527725214,0.28559922736729326,0.18431097168513175,0.10128825568216152
070285,P3,fg,83,0.5540289878845215,0.38732709884643557,0.16670188903808592,0.2646391229324746,-0.0013499240028008285,0.2659890469352754
070285,P3,bg,5037,0.1596987247467041,0.10339072495698928,0.05630799978971482,0.2978019516699646,0.18362068883139185,0.11418126283857274
070285,P4,all,1280,0.13866649568080902,0.10835532993078231,0.03031116575002671,0.20249183475468815,0.03737069499099087,0.1651211397636973
070285,P4,fg,32,0.3611125349998474,0.42050721645355227,-0.059394681453704856,-0.25478393526570076,0.1674988836583215,-0.42228281892402225
070285,P4,bg,1248,0.1414167582988739,0.11118483394384385,0.030231924355030054,0.21447934364607063,0.03439870855449607,0.18008063509157457
070285,P5,all,320,0.37687209248542786,0.37850762009620664,-0.0016355276107787864,0.14375150019166202,0.07767379080135609,0.06607770939030594
070285,P5,fg,7,,,,,,
070285,P5,bg,313,0.3751407265663147,0.3761039674282074,-0.0009632408618927002,0.139591336196708,0.07901505110444196,0.060576285092266036
070299,P3,all,5120,0.16044875979423523,0.07706167101860047,0.08338708877563476,0.17244134990979254,0.14072134808697104,0.0317200018228215
070299,P3,fg,205,0.616113007068634,0.3086501002311707,0.30746290683746336,0.6560984595948581,0.20045838241140385,0.4556400771834543
070299,P3,bg,4915,0.15753543376922607,0.07840300351381302,0.07913243025541306,0.10076803331794394,0.13085978192104916,-0.03009174860310522
070299,P4,all,1280,0.09559424966573715,0.11073854118585587,-0.015144291520118716,0.206609347121494,0.11458692885570765,0.09202241826578636
070299,P4,fg,54,0.8208074569702148,0.4862001180648804,0.33460733890533445,0.7847700161941412,0.2966876924677832,0.488082323726358
070299,P4,bg,1226,0.08524718880653381,0.10733202248811721,-0.0220848336815834,0.1426559370877391,0.09042354597805213,0.05223239110968697
070299,P5,all,320,0.18757671117782593,0.16541952788829803,0.0221571832895279,-0.11784640619525,-0.18416921797043992,0.06632281177518992
070299,P5,fg,11,0.8283371925354004,0.8614768743515014,-0.03313968181610105,0.7191425535130809,0.7457740593271376,-0.02663150581405671
070299,P5,bg,309,0.18221379816532135,0.1566850483417511,0.025528749823570257,-0.1756139526390607,-0.21400674726631813,0.03839279462725742
070302,P3,all,5120,0.17751125991344452,0.10147404223680496,0.07603721767663955,0.20767770261841675,0.14140624291203166,0.0662714597063851
070302,P3,fg,144,0.5064871907234192,0.2984017491340637,0.2080854415893555,0.30135908003868966,0.0709610299914986,0.23039805004719105
070302,P3,bg,4976,0.1764601171016693,0.10528018772602081,0.0711799293756485,0.20816601635828402,0.14777959629453669,0.06038642006374734
070302,P4,all,1280,0.13797527551651,0.11148688048124314,0.02648839503526687,0.18588062955720736,0.10028610427946813,0.08559452527773923
070302,P4,fg,43,0.6804034113883972,0.2916024744510651,0.38880093693733214,0.5871955476660913,-0.0713641728538951,0.6585597205199863
070302,P4,bg,1237,0.1331510841846466,0.11834001541137695,0.014811068773269653,0.16438798302834798,0.10434991065351022,0.060038072374837756
070302,P5,all,320,0.19984740018844604,0.21687916219234465,-0.01703176200389861,-0.08550391012935657,-0.09720638339719813,0.01170247326784156
070302,P5,fg,6,,,,,,
070302,P5,bg,314,0.2203282117843628,0.2160466194152832,0.004281592369079601,-0.07356822661845486,-0.09641254399029445,0.02284431737183959
070363,P3,all,5120,0.17868739366531372,0.09012196809053422,0.0885654255747795,0.20452753409672766,0.14498013983390187,0.05954739426282579
070363,P3,fg,317,0.5199799537658691,0.1871962755918503,0.3327836781740189,0.3799177162756165,-0.0875206621979254,0.46743837847354186
070363,P3,bg,4803,0.17315851151943207,0.09987299889326096,0.07328551262617111,0.16300468775770913,0.17186465638826787,-0.00885996863055874
070363,P4,all,1280,0.2101386934518814,0.12401218861341476,0.08612650483846665,0.4563399870930909,0.07561468363165538,0.3807253034614355
070363,P4,fg,81,0.7006973028182983,0.21134196519851683,0.4893553376197815,0.7319599562707384,-0.06482761689099159,0.79678757316173
070363,P4,bg,1199,0.18843679130077362,0.14214232563972473,0.04629446566104889,0.33892577990192907,0.1149948820659327,0.22393089783599637
070363,P5,all,320,0.19150207936763763,0.20578052401542662,-0.01427844464778899,-0.14397631758694887,-0.13893529458255316,-0.005041023004395712
070363,P5,fg,19,0.44711098074913025,0.2409365803003311,0.20617440044879914,-0.12029119498374094,0.13720565971756216,-0.2574968547013031
070363,P5,bg,301,0.21642045676708221,0.21567671597003937,0.0007437407970428411,-0.14314897979583927,-0.1552347790098042,0.012085799213964937
070369,P3,all,5120,0.17221719026565552,0.08715073466300964,0.08506645560264588,0.23608547994448079,0.1634902477754352,0.07259523216904559
070369,P3,fg,275,0.49922579526901245,0.18950297236442565,0.3097228229045868,0.3712324424149152,-0.01628393550968315,0.38751637792459837
070369,P3,bg,4845,0.17545275390148163,0.09405407011508941,0.08139868378639221,0.1917481185631095,0.18679960982677715,0.0049485087363323466
070369,P4,all,1280,0.15820008516311646,0.10509550422430039,0.053104580938816065,0.303832261786791,0.07648038541045052,0.2273518763763405
070369,P4,fg,76,0.6789314150810242,0.21015749275684356,0.4687739223241806,0.7599085411632768,-0.17290976196446434,0.932818303127741
070369,P4,bg,1204,0.14726179838180542,0.11549858748912811,0.03176321089267731,0.16844362525802514,0.10661519019272507,0.06182843506530007
070369,P5,all,320,0.20583611726760864,0.21579862534999847,-0.009962508082389826,-0.04688998313211086,-0.047860999794687206,0.0009710166625763461
070369,P5,fg,19,0.44368937611579895,0.2897671103477478,0.15392226576805113,-0.3434920907158712,0.008178741992910854,-0.3516708327087821
070369,P5,bg,301,0.22531327605247498,0.21217824518680573,0.01313503086566925,-0.0678275691033171,-0.04646481337260773,-0.021362755730709365
070373,P3,all,5120,0.15577174723148346,0.1047355517745018,0.05103619545698165,0.18370050050018918,0.06746668076627442,0.11623381973391476
070373,P3,fg,290,0.4976666271686554,0.18079642951488495,0.31687019765377045,0.19657244267530108,-0.04300267523489864,0.23957511791019973
070373,P3,bg,4830,0.1551133394241333,0.11502643078565597,0.04008690863847733,0.1513076796831743,0.07648875946539896,0.07481892021777534
070373,P4,all,1280,0.1619415134191513,0.11719818264245987,0.04474333077669143,0.1722959591407758,0.018001967576784537,0.15429399156399126
070373,P4,fg,73,0.7290679812431335,0.1889198362827301,0.5401481449604034,0.7544175675567002,-0.041286411373195143,0.7957039789298953
070373,P4,bg,1207,0.15206041932106018,0.13214951902627944,0.019910900294780737,0.06463127538900676,0.016632822302590757,0.047998453086416
070373,P5,all,320,0.21616403758525848,0.2191487193107605,-0.0029846817255020086,-0.0534286644864477,-0.1634111765815139,0.10998251209506621
070373,P5,fg,22,0.33574098348617554,0.2871584057807922,0.04858257770538332,-0.2097444469944779,0.5706272878426284,-0.7803717348371063
070373,P5,bg,298,0.23473674058914185,0.23158601820468902,0.0031507223844528254,-0.07883224784730097,-0.1958034881945187,0.11697124034721773
070408,P3,all,5120,0.16528868675231934,0.115347820520401,0.04994086623191833,0.2040296845644909,0.16779764206376585,0.03623204250072504
070408,P3,fg,42,0.44847771525382996,0.7355310797691346,-0.2870533645153046,0.11965274949699514,0.7569595603063974,-0.6373068108094023
070408,P3,bg,5078,0.16802696883678436,0.11451401561498642,0.05351295322179794,0.20716312891776145,0.16247841775618194,0.044684711161579516
070408,P4,all,1280,0.12062720209360123,0.1025448739528656,0.018082328140735626,0.211662206103128,0.08316013414079385,0.12850207196233415
070408,P4,fg,9,0.6793801188468933,0.8980604648590088,-0.2186803460121155,0.12374941457832285,0.8637874961261118,-0.7400380815477889
070408,P4,bg,1271,0.11922938376665115,0.0992503970861435,0.019978986680507654,0.2014942007350756,0.08035796083349293,0.12113623990158266
070408,P5,all,320,0.2577167749404907,0.24279650151729584,0.01492027342319488,-0.09848730173301416,-0.04800726178595478,-0.05048003994705938
070408,P5,fg,4,,,,,,
070408,P5,bg,316,0.2591281533241272,0.24193090796470643,0.01719724535942077,-0.11102627594032628,-0.05439893448545936,-0.05662734145486692
070417,P3,all,5120,0.15315809845924377,0.08517825454473496,0.06797984391450881,0.2767006435247382,0.08462090762280836,0.19207973590192987
070417,P3,fg,138,0.599220871925354,0.19985704720020295,0.3993638247251511,0.505049935778265,0.07437435243540712,0.4306755833428578
070417,P3,bg,4982,0.15290334820747375,0.09073028266429901,0.06217306554317474,0.2309815776874124,0.07506815931234306,0.15591341837506933
070417,P4,all,1280,0.12218298763036728,0.12911612838506697,-0.006933140754699696,0.18346592425555397,0.1316751345390189,0.05179078971653506
070417,P4,fg,36,0.8429720401763916,0.32934061288833616,0.5136314272880554,0.815400051319106,0.14463434444286438,0.6707657068762416
070417,P4,bg,1244,0.11660929769277573,0.13698041588068008,-0.020371118187904352,0.11570490004944292,0.13067676789953328,-0.014971867850090359
070417,P5,all,320,0.20199067890644073,0.1975002557039261,0.004490423202514637,-0.15401812253887207,-0.11910613762952937,-0.03491198490934269
070417,P5,fg,6,,,,,,
070417,P5,bg,314,0.20090457797050476,0.19634627997875215,0.004558297991752613,-0.1548188673925411,-0.11958855205590257,-0.035230315336638535
070437,P3,all,5120,0.18982839584350586,0.11838430762290955,0.07144408822059631,0.2936119054635536,0.19942342135993657,0.09418848410361702
070437,P3,fg,56,0.677192747592926,0.44690567851066587,0.23028706908226015,0.5052105582676993,0.022761154710326182,0.48244940355737315
070437,P3,bg,5064,0.19000603258609772,0.12060395330190658,0.06940207928419113,0.2901703968597489,0.20098699766350075,0.08918339919624813
070437,P4,all,1280,0.18639717996120453,0.1514342248439789,0.034962955117225636,0.32593772940761884,0.1628131224492824,0.16312460695833644
070437,P4,fg,14,0.8135027289390564,0.6086189091205597,0.20488381981849668,0.8978705114102752,-0.23436776925246178,1.132238280662737
070437,P4,bg,1266,0.18233439326286316,0.15559515208005906,0.026739241182804102,0.2854600222872744,0.17078988904430142,0.11467013324297298
070437,P5,all,320,0.4341029226779938,0.4198539435863495,0.014248979091644298,0.18750870402814368,0.07511637459167715,0.11239232943646653
070437,P5,fg,4,,,,,,
070437,P5,bg,316,0.43821313977241516,0.42075288891792295,0.01746025085449221,0.18917087419127737,0.07524697056119885,0.11392390363007852
070441,P3,all,5120,0.17694784700870514,0.11433968245983124,0.0626081645488739,0.2216840349250918,0.20055857928421825,0.021125455640873564
070441,P3,fg,180,0.4514329135417938,0.3494639456272125,0.10196896791458132,0.43473584633334267,0.08433084981427431,0.35040499651906837
070441,P3,bg,4940,0.17614628374576569,0.11849910616874695,0.05764717757701873,0.21960276641519524,0.2046719652383766,0.014930801176818637
070441,P4,all,1280,0.13426750898361206,0.12029747515916825,0.013970033824443812,0.13530026461637548,0.09834009312110065,0.036960171495274835
070441,P4,fg,37,0.595294713973999,0.4459983170032501,0.14929639697074892,0.6075281540194554,0.10498139295504028,0.5025467610644151
070441,P4,bg,1243,0.13156074285507202,0.12420890033245087,0.007351842522621152,0.12530800197665024,0.10030836736533051,0.024999634611319724
070441,P5,all,320,0.2493916004896164,0.27112674713134766,-0.021735146641731262,-0.007364812134072278,-0.0964768285084612,0.08911201637438892
070441,P5,fg,9,0.3517203629016876,0.6791274905204773,-0.32740712761878965,-0.41756871553460717,-0.7296594837756716,0.3120907682410644
070441,P5,bg,311,0.2641729712486267,0.27540884017944334,-0.011235868930816628,-0.0012345975703549332,-0.09506738447357559,0.09383278690322065
070447,P3,all,5120,0.17088009417057037,0.12416653633117676,0.04671355783939361,0.2587785649279557,0.2057680998399412,0.05301046508801449
070447,P3,fg,475,0.31804344058036804,0.1680722191929817,0.14997122138738633,0.19255433539274422,-0.03424895309454852,0.22680328848729275
070447,P3,bg,4645,0.1834973394870758,0.14308195263147355,0.04041538685560225,0.27486410507136916,0.22781370981992763,0.04705039525144153
070447,P4,all,1280,0.1490878015756607,0.13356607854366304,0.01552172303199767,0.22188785314159135,0.13255912665683173,0.08932872648475962
070447,P4,fg,122,0.3698585033416748,0.13838886916637422,0.2314696341753006,0.5312289674653558,-0.1899056780238156,0.7211346454891714
070447,P4,bg,1158,0.15341337025165558,0.15602305233478547,-0.002609682083129894,0.13695370027096493,0.17180955625536495,-0.034855855984400025
070447,P5,all,320,0.2685755491256714,0.29751739501953123,-0.02894184589385984,0.09367060128550295,-0.06046116554921817,0.15413176683472113
070447,P5,fg,33,0.4338798224925995,0.4528656840324402,-0.01898586153984072,0.17777941071689551,-0.1914576900458305,0.369237100762726
070447,P5,bg,287,0.2804297208786011,0.2952454090118408,-0.014815688133239746,0.07316726124555424,-0.045584635063170106,0.11875189630872435
070451,P3,all,5120,0.17939257621765137,0.10029832124710084,0.07909425497055053,0.21334961088635682,0.16215539664188935,0.05119421424446746
070451,P3,fg,128,0.5626477003097534,0.254183754324913,0.3084639459848404,0.3283644407014574,-0.0602300936503017,0.3885945343517591
070451,P3,bg,4992,0.17973390221595764,0.10680047422647476,0.07293342798948288,0.18412938815692756,0.17778736807464732,0.006342020082280242
070451,P4,all,1280,0.13573576509952545,0.13540439158678055,0.000331373512744898,0.16085494449324605,0.1387405319571494,0.022114412536096667
070451,P4,fg,34,0.652288019657135,0.3322923004627228,0.3199957191944122,0.6089630541670025,-0.3267218212294124,0.9356848753964149
070451,P4,bg,1246,0.13453830778598785,0.14520755112171174,-0.010669243335723888,0.10808796036132122,0.16697101797280178,-0.05888305761148056
070451,P5,all,320,0.36917147040367126,0.35805708169937134,0.011114388704299927,0.04613125041731911,0.02110585462178085,0.02502539579553826
070451,P5,fg,7,,,,,,
070451,P5,bg,313,0.36652514338493347,0.35562086701393125,0.01090427637100222,0.04421292422738978,0.02038855933652061,0.02382436489086917
070452,P3,all,5120,0.17542454600334167,0.09595244824886322,0.07947209775447846,0.27055788635604244,0.16906043419098085,0.10149745216506159
070452,P3,fg,52,0.6003269553184509,0.42334662675857543,0.1769803285598755,0.35847013737697614,-0.1771395752854279,0.535609712662404
070452,P3,bg,5068,0.18009255826473236,0.09757415652275085,0.08251840174198151,0.274511984465099,0.17204680603427688,0.10246517843082212
070452,P4,all,1280,0.1312083899974823,0.13047717958688737,0.0007312104105949291,0.2259216402747021,0.14332317175758152,0.08259846851712058
070452,P4,fg,18,0.6782791018486023,0.6221787750720977,0.05610032677650456,0.5477656871366755,0.2625100700009822,0.2852556171356933
070452,P4,bg,1262,0.13094238936901093,0.1335061028599739,-0.0025637134909629877,0.1828779206781235,0.1464275403066611,0.03645038037146239
070452,P5,all,320,0.3387884795665741,0.30258345007896426,0.03620502948760984,-0.024430067808810227,-0.056757358931125976,0.03232729112231575
070452,P5,fg,3,,,,,,
070452,P5,bg,317,0.3396364748477936,0.3015357434749603,0.03810073137283326,-0.027407013811977337,-0.056513535776591774,0.029106521964614437
120003,P3,all,5120,0.1516902893781662,0.10388511419296265,0.04780517518520355,0.25415188430788527,0.16432024733654688,0.08983163697133839
120003,P3,fg,108,0.5764438509941101,0.3291960686445236,0.2472477823495865,0.2724103697223521,0.07893662903042246,0.19347374069192963
120003,P3,bg,5012,0.15334059298038483,0.1098531112074852,0.04348748177289963,0.2382540426242195,0.16460168344389783,0.07365235918032167
120003,P4,all,1280,0.16945725679397583,0.1422995373606682,0.027157719433307637,0.24762487009175924,0.15216542212788503,0.0954594479638742
120003,P4,fg,24,0.725177526473999,0.40546104311943054,0.3197164833545685,0.4703490434411206,-0.01312226387316153,0.4834713073142821
120003,P4,bg,1256,0.16930852830410004,0.1504826605319977,0.01882586777210235,0.19513210545241935,0.1499743369943889,0.04515776845803046
120003,P5,all,320,0.6549857258796692,0.6013294219970703,0.0536563038825989,0.28590065067472764,0.2524130562419856,0.03348759443274202
120003,P5,fg,7,,,,,,
120003,P5,bg,313,0.6563063263893127,0.6034562110900878,0.0528501152992249,0.2884801555659429,0.2551082377184538,0.03337191784748911
120020,P3,all,5120,0.1653691679239273,0.11740014553070069,0.04796902239322662,0.3184059333094514,0.13865907026099497,0.1797468630484564
120020,P3,fg,209,0.571596622467041,0.24558232128620147,0.3260143011808395,0.4052722252226178,0.14986223558598874,0.2554099896366291
120020,P3,bg,4911,0.16609686613082886,0.12647607326507568,0.03962079286575318,0.28919774314795577,0.13780240516209594,0.15139533798585983
120020,P4,all,1280,0.22933465242385864,0.13022159785032272,0.09911305457353592,0.43978014053392617,0.09809714230273095,0.3416829982311952
120020,P4,fg,46,0.7755504846572876,0.2630958765745163,0.5124546080827713,0.7991604807621681,-0.05800345355417781,0.8571639343163459
120020,P4,bg,1234,0.21643278002738953,0.1460495963692665,0.07038318365812302,0.28391979085699204,0.11767415912322285,0.1662456317337692
120020,P5,all,320,0.6497797966003418,0.6730359196662903,-0.023256123065948486,0.267683341910555,0.2857905397345378,-0.01810719782398279
120020,P5,fg,11,0.542695939540863,0.4353198349475861,0.10737610459327696,-0.3207329172421237,-0.5857513833066875,0.2650184660645638
120020,P5,bg,309,0.6776139140129089,0.6955906867980957,-0.017976772785186723,0.3026648434573326,0.3206095962590627,-0.017944752801730135
120024,P3,all,5120,0.17121508717536926,0.10917601138353347,0.06203907579183579,0.3326625511806173,0.09069044049549388,0.24197211068512345
120024,P3,fg,92,0.5875384211540222,0.33257765769958497,0.25496076345443724,0.18730188701720102,-0.04926718891929347,0.23656907593649448
120024,P3,bg,5028,0.17184856534004211,0.11376506686210633,0.058083498477935785,0.32327920506624735,0.09894286671225203,0.22433633835399533
120024,P4,all,1280,0.21808898448944092,0.11481409817934037,0.10327488631010055,0.334480590963941,0.029135339766535706,0.3053452511974053
120024,P4,fg,27,0.6380914449691772,0.36282636523246764,0.2752650797367096,0.5413779524487456,0.1580816508131037,0.38329630163564193
120024,P4,bg,1253,0.21398146450519562,0.12318473905324936,0.09079672545194625,0.2510687786077507,0.048027838148160584,0.2030409404595901
120024,P5,all,320,0.6268518567085266,0.6232060194015503,0.0036458373069763184,0.3370456017379508,0.3043467069497817,0.032698894788169064
120024,P5,fg,7,,,,,,
120024,P5,bg,313,0.6266573071479797,0.6273783087730408,-0.0007210016250610574,0.2866230298976117,0.28596846753544636,0.0006545623621653229
120030,P3,all,5120,0.1520269215106964,0.135987788438797,0.016039133071899414,0.3036979361378148,0.18770447658494901,0.1159934595528658
120030,P3,fg,88,0.5424975156784058,0.33488085865974426,0.2076166570186615,0.35726308215107555,-0.013625554683390283,0.3708886368344658
120030,P3,bg,5032,0.15340912342071533,0.14021510183811187,0.013194021582603466,0.2893312020755984,0.18703268538005213,0.1022985166955463
120030,P4,all,1280,0.16976602375507355,0.1441877990961075,0.02557822465896606,0.21363938891185824,0.10549919130996854,0.1081401976018897
120030,P4,fg,22,0.7076389789581299,0.5048003256320953,0.20283865332603457,0.588496394482819,0.023451236331390575,0.5650451581514284
120030,P4,bg,1258,0.1714710146188736,0.15143827199935914,0.02003274261951446,0.1791117505222161,0.09946415490940688,0.07964759561280921
120030,P5,all,320,0.629382312297821,0.630356764793396,-0.000974452495574929,0.266849833153554,0.28780014850973046,-0.020950315356176474
120030,P5,fg,5,,,,,,
120030,P5,bg,315,0.6360849738121033,0.6349748015403748,0.0011101722717284934,0.2642581018273038,0.287032000608319,-0.02277389878101521
120035,P3,all,5120,0.16663335263729095,0.11728600263595582,0.04934735000133514,0.29810744543318796,0.13544369963801384,0.16266374579517412
120035,P3,fg,84,0.5898295640945435,0.2940482795238495,0.29578128457069397,-0.0852598423061225,-0.10161238301441491,0.01635254070829241
120035,P3,bg,5036,0.16872861981391907,0.12270846962928772,0.04602015018463135,0.2864453062210337,0.14368261070511554,0.14276269551591816
120035,P4,all,1280,0.20170506834983826,0.11826900690793991,0.08343606144189834,0.24404313746916828,0.07157931915741807,0.17246381831175023
120035,P4,fg,22,0.8073501586914062,0.30233918130397797,0.5050109773874283,0.609612454121049,-0.0770211221145452,0.6866335762355942
120035,P4,bg,1258,0.19693444669246674,0.1241025224328041,0.07283192425966263,0.18566398174465162,0.07842817328512444,0.10723580845952718
120035,P5,all,320,0.6678142547607422,0.601988959312439,0.06582529544830318,0.28325847122754655,0.19768266690125874,0.08557580432628781
120035,P5,fg,5,,,,,,
120035,P5,bg,315,0.669895350933075,0.605103361606598,0.064791989326477,0.28487151588631665,0.20034183468187566,0.08452968120444099
120051,P3,all,5120,0.16379515826702118,0.12906753420829772,0.034727624058723455,0.2711016195591379,0.1944819320231633,0.07661968753597462
120051,P3,fg,125,0.38804128766059875,0.2868505328893661,0.10119075477123263,0.39347164074262364,-0.03950705027260022,0.43297869101522385
120051,P3,bg,4995,0.16830852627754211,0.1329263985157013,0.035382127761840826,0.27784827001173956,0.19827733142006823,0.07957093859167133
120051,P4,all,1280,0.1775396764278412,0.16596974134445192,0.011569935083389271,0.1931516454456989,0.13251063588237216,0.06064100956332674
120051,P4,fg,32,0.42045652866363525,0.46669142246246337,-0.046234893798828114,0.3033897231757327,-0.008187674605755823,0.3115773977814885
120051,P4,bg,1248,0.1833210438489914,0.17001121193170549,0.013309831917285908,0.18602178405852596,0.1351797325726259,0.05084205148590007
120051,P5,all,320,0.627358615398407,0.6333074450492859,-0.005948829650878951,0.3551853009589183,0.2909055455475784,0.0642797554113399
120051,P5,fg,9,0.8044631481170654,0.8084298968315125,-0.0039667487144470215,-0.527214029730705,-0.20414185047142802,-0.32307217925927695
120051,P5,bg,311,0.6318411231040955,0.6346404671669006,-0.0027993440628051314,0.340872017783616,0.2958595109438952,0.0450125068397208
120081,P3,all,5120,0.16597068309783936,0.10264044553041458,0.06333023756742477,0.313051693709821,0.1114567078771815,0.20159498583263952
120081,P3,fg,50,0.7452552914619446,0.5152370870113373,0.23001820445060728,0.2661269439391386,0.3208235390570129,-0.05469659511787428
120081,P3,bg,5070,0.16609427332878113,0.10310093015432358,0.06299334317445755,0.30813322002072,0.1085783626624742,0.19955485735824582
120081,P4,all,1280,0.1989971250295639,0.11902580559253692,0.07997131943702698,0.2562659382572105,0.07689004568853475,0.17937589256867575
120081,P4,fg,10,0.8619986176490784,0.6429392218589782,0.21905939579010014,0.06447304289216471,0.42866346650313814,-0.3641904236109734
120081,P4,bg,1270,0.19829005002975464,0.11765243262052535,0.08063761740922928,0.22657252780928627,0.07637858180076988,0.15019394600851638
120081,P5,all,320,0.6511776447296143,0.6097559094429016,0.04142173528671267,0.38245144885745314,0.27822863510530405,0.10422281375214909
120081,P5,fg,3,,,,,,
120081,P5,bg,317,0.6404160261154175,0.599551522731781,0.04086450338363645,0.321704397208869,0.23992210636157524,0.08178229084729377
120083,P3,all,5120,0.1626734882593155,0.12763078808784484,0.03504270017147065,0.2904042899728641,0.24873969757920208,0.04166459239366202
120083,P3,fg,116,0.5881618857383728,0.3296584725379944,0.2585034132003784,0.32901651702479545,0.05549476612664567,0.2735217508981498
120083,P3,bg,5004,0.16513049602508545,0.1338135212659836,0.03131697475910186,0.2856553141723113,0.25224112109994407,0.03341419307236726
120083,P4,all,1280,0.18459835648536682,0.13812974691390992,0.046468609571456904,0.21728344750583667,0.10234789713742076,0.1149355503684159
120083,P4,fg,28,0.7243435382843018,0.34275015294551847,0.3815933853387833,0.46133954392516424,0.021231306994760734,0.4401082369304035
120083,P4,bg,1252,0.1868494749069214,0.1453373074531555,0.041512167453765875,0.17811877232709877,0.09396666810137974,0.08415210422571903
120083,P5,all,320,0.6477020382881165,0.6716477990150451,-0.023945760726928667,0.4122837515889344,0.44315899597696556,-0.030875244388031187
120083,P5,fg,8,0.6059396862983704,0.6711365818977356,-0.06519689559936526,-0.05504391471487567,0.08572536298839886,-0.14076927770327452
120083,P5,bg,312,0.6452375054359436,0.6700486898422241,-0.024811184406280495,0.41429621862715266,0.4455047283431364,-0.031208509715983768
120087,P3,all,5120,0.158406063914299,0.1326715499162674,0.025734513998031616,0.30268746495966,0.1930259417597273,0.10966152319993269
120087,P3,fg,44,0.7064786553382874,0.6219896674156189,0.08448898792266846,0.4334888171707269,0.5596274161586452,-0.1261385989879183
120087,P3,bg,5076,0.15765437483787537,0.1323404163122177,0.025313958525657654,0.2926485401410827,0.18683416231782116,0.10581437782326156
120087,P4,all,1280,0.19670966267585754,0.151236392557621,0.04547327011823654,0.24484593421944054,0.13380341939879495,0.11104251482064559
120087,P4,fg,12,0.753442645072937,0.6684568405151368,0.08498580455780025,0.5090331218321977,0.5451493954839108,-0.036116273651713104
120087,P4,bg,1268,0.19610761106014252,0.14545702040195466,0.05065059065818786,0.19841326660475422,0.11927720841604612,0.0791360581887081
120087,P5,all,320,0.6353523135185242,0.6309777498245239,0.004374563694000244,0.3650657299543672,0.33616682850909363,0.028898901445273573
120087,P5,fg,3,,,,,,
120087,P5,bg,317,0.6202020049095154,0.6183722138404846,0.0018297910690308061,0.29642108494650005,0.29116470290089025,0.005256382045609798
120088,P3,all,5120,0.17214298248291016,0.11069838404655456,0.061444598436355594,0.3587846617805347,0.135144941054054,0.2236397207264807
120088,P3,fg,213,0.58946692943573,0.2028846800327301,0.3865822494029999,0.5264465392921973,0.14055272427797144,0.38589381501422587
120088,P3,bg,4907,0.17077739536762238,0.11877512633800506,0.05200226902961731,0.2791623737351155,0.13955302042558343,0.13960935330953206
120088,P4,all,1280,0.22832824289798737,0.12480855733156204,0.10351968556642532,0.4231699310529604,0.08481726349658487,0.33835266755637555
120088,P4,fg,47,0.695798933506012,0.265721794962883,0.43007713854312896,0.6207863139317379,0.08248065661442612,0.5383056573173117
120088,P4,bg,1233,0.20480398833751678,0.13403416126966478,0.07076982706785201,0.27700451662230774,0.09114504766343236,0.1858594689588754
120088,P5,all,320,0.6611304879188538,0.6468517661094666,0.014278721809387163,0.41877205490393604,0.3382926649452653,0.08047938995867077
120088,P5,fg,13,0.4779008626937866,0.5036728024482727,-0.025771939754486106,0.472629673665807,0.46164512320418966,0.010984550461617337
120088,P5,bg,307,0.7040462493896484,0.6736105680465698,0.030435681343078613,0.4008891348774322,0.31636638100087333,0.08452275387655889
120089,P3,all,5120,0.1572263538837433,0.11635395586490631,0.04087239801883698,0.28416345054719244,0.15075530947558502,0.13340814107160742
120089,P3,fg,120,0.4362197816371918,0.408991676568985,0.027228105068206776,0.3943882601029871,0.09755198421396769,0.2968362758890194
120089,P3,bg,5000,0.15939390659332275,0.12260754257440568,0.03678636401891708,0.2782227122265166,0.15379279508188573,0.12442991714463089
120089,P4,all,1280,0.1936216801404953,0.1562427669763565,0.0373789131641388,0.2539521027943658,0.10389745193705394,0.15005465085731187
120089,P4,fg,30,0.551587700843811,0.5132256031036377,0.038362097740173295,0.3524863953671156,0.03134009192331882,0.3211463034437968
120089,P4,bg,1250,0.19462482631206512,0.1640968754887581,0.030527950823307032,0.21443780302250096,0.10807920036973226,0.1063586026527687
120089,P5,all,320,0.6289917230606079,0.6148546457290649,0.014137077331543013,0.3140860834189895,0.3100089518626553,0.0040771315563342125
120089,P5,fg,8,0.740010678768158,0.5690178334712982,0.17099284529685976,0.5894373333868833,-0.039065730949843135,0.6285030643367264
120089,P5,bg,312,0.6314556002616882,0.619427764415741,0.012027835845947243,0.312899783886749,0.3149101295729365,-0.00201034568618752
120111,P3,all,5120,0.1554153561592102,0.13565608114004135,0.019759275019168854,0.28098992781633697,0.19191505038938508,0.08907487742695189
120111,P3,fg,129,0.5535110235214233,0.30719606280326844,0.2463149607181549,0.38988557869843476,-0.019382111882432627,0.40926769058086737
120111,P3,bg,4991,0.1567380726337433,0.14097915291786195,0.015758919715881337,0.26817122173717167,0.19706359077580457,0.0711076309613671
120111,P4,all,1280,0.1797650158405304,0.1567652404308319,0.022999775409698497,0.22532274149948583,0.10285413520606883,0.122468606293417
120111,P4,fg,31,0.6553397178649902,0.40533183217048646,0.2500078856945038,0.42852981375568966,-0.0709736227746333,0.499503436530323
120111,P4,bg,1249,0.17916180193424225,0.16554802060127258,0.013613781332969671,0.18409070328493096,0.1022073113589806,0.08188339192595036
120111,P5,all,320,0.6177697777748108,0.5778198838233948,0.039949893951416016,0.38301480592391834,0.3701485867208083,0.01286621920311004
120111,P5,fg,10,0.6337243318557739,0.6193710088729858,0.01435332298278813,0.6836584941296774,0.6353973016827889,0.048261192446888534
120111,P5,bg,310,0.6455587148666382,0.6018384277820588,0.04372028708457942,0.36948856504526423,0.36396367113818434,0.005524893907079886
120114,P3,all,5120,0.16533315181732178,0.13516729325056076,0.030165858566761017,0.3085592814720279,0.20670507935492327,0.10185420211710461
120114,P3,fg,115,0.5161513090133667,0.2887527048587799,0.2273986041545868,0.3270328097307777,0.03817647574732391,0.2888563339834538
120114,P3,bg,5005,0.16717860102653503,0.14138785600662232,0.025790745019912714,0.2947606716194952,0.21572185395805574,0.07903881766143947
120114,P4,all,1280,0.1987942010164261,0.1379186987876892,0.06087550222873689,0.2891931833676484,0.07774140979441088,0.2114517735732375
120114,P4,fg,28,0.6789776086807251,0.32855722308158875,0.35042038559913635,0.5427743791556354,0.10585743692525092,0.4369169422303845
120114,P4,bg,1252,0.1974194496870041,0.1460280239582062,0.0513914257287979,0.22085405519835247,0.08867843335134643,0.13217562184700604
120114,P5,all,320,0.6341341137886047,0.6268894612789154,0.007244652509689309,0.28744271442591307,0.3125132894243027,-0.025070574998389605
120114,P5,fg,8,0.4977070093154907,0.4812526762485504,0.01645433306694033,-0.6629776823523945,-0.5792765237637332,-0.08370115858866134
120114,P5,bg,312,0.6540910005569458,0.6390553176403045,0.015035682916641258,0.33925280432923005,0.3352392032827612,0.004013601046468862
120133,P3,all,5120,0.17192478477954865,0.13399918377399445,0.0379256010055542,0.3571456267651342,0.20501503038840768,0.15213059637672655
120133,P3,fg,102,0.67646723985672,0.34739298224449155,0.3290742576122284,0.6193678541559494,0.28597564765546096,0.33339220650048845
120133,P3,bg,5018,0.1702396422624588,0.13738368302583695,0.03285595923662185,0.2981521728321008,0.209902469960454,0.08824970287164682
120133,P4,all,1280,0.19685408473014832,0.12866629660129547,0.06818778812885284,0.24712649548958762,0.10465618769334398,0.14247030779624364
120133,P4,fg,21,0.6845396757125854,0.5039168357849121,0.18062283992767336,0.33292104458389166,0.14020600931634003,0.19271503526755163
120133,P4,bg,1259,0.19522348046302795,0.1321725994348526,0.06305088102817535,0.19341927453484153,0.10270805620748871,0.09071121832735282
120133,P5,all,320,0.6733101010322571,0.6812275767326355,-0.007917475700378374,0.3062829833135558,0.3147754126776026,-0.008492429364046816
120133,P5,fg,7,,,,,,
120133,P5,bg,313,0.682164192199707,0.690319049358368,-0.008154857158660933,0.31478155184889006,0.34244403123169925,-0.02766247938280919
120139,P3,all,5120,0.1609269231557846,0.12236077040433883,0.03856615275144577,0.2967739236540217,0.21203430224216407,0.08473962141185765
120139,P3,fg,76,0.4701005518436432,0.38769544661045074,0.08240510523319244,0.15033905610654716,0.11842790499211342,0.03191115111443374
120139,P3,bg,5044,0.1642507016658783,0.12610841244459153,0.03814228922128676,0.30773031624364733,0.21446148136838925,0.09326883487525808
120139,P4,all,1280,0.2135665863752365,0.16768560111522673,0.04588098526000978,0.29630078383664743,0.17208607423325836,0.12421470960338907
120139,P4,fg,11,0.5864232182502747,0.5467061161994934,0.03971710205078127,0.5852823137172739,-0.252065485168053,0.8373477988853268
120139,P4,bg,1269,0.2161857634782791,0.17251188755035402,0.0436738759279251,0.2713231496246348,0.17276408434908475,0.09855906527555003
120139,P5,all,320,0.6493507623672485,0.6093841552734375,0.03996660709381106,0.3151649776219875,0.2928124976946701,0.02235247992731737
120139,P5,fg,6,,,,,,
120139,P5,bg,314,0.650700032711029,0.6121602892875672,0.03853974342346189,0.31305713323248596,0.2960682888842381,0.016988844348247878
120151,P3,all,5120,0.14488543570041656,0.11074184030294418,0.03414359539747239,0.27491819298585585,0.10651723587985759,0.16840095710599826
120151,P3,fg,249,0.4404582679271698,0.218913334608078,0.2215449333190918,0.3285287400112235,0.006351633927735289,0.3221771060834882
120151,P3,bg,4871,0.14986549317836761,0.11713945269584655,0.03272604048252106,0.25461933485456084,0.11051281470204877,0.14410652015251207
120151,P4,all,1280,0.17352059483528137,0.14588851034641265,0.027632084488868724,0.2834019909032862,0.12457561007295866,0.15882638083032757
120151,P4,fg,66,0.561761200428009,0.23968920409679412,0.3220719963312149,0.670160048319487,0.13434849886409445,0.5358115494553926
120151,P4,bg,1214,0.16865627467632294,0.16316544115543366,0.005490833520889277,0.17034134683055324,0.12985359746308356,0.04048774936746968
120151,P5,all,320,0.624602735042572,0.583611124753952,0.04099161028861997,0.24829624791622298,0.22255275331988672,0.025743494596336264
120151,P5,fg,15,0.3355647921562195,0.30538469851016997,0.03018009364604951,0.2931795514244994,0.11500741614903134,0.17817213527546807
120151,P5,bg,305,0.6346402764320374,0.5922042071819306,0.04243606925010679,0.2362879456193916,0.22382412298583895,0.01246382263355264
120155,P3,all,5120,0.16044631600379944,0.12229639887809754,0.0381499171257019,0.32568313962104384,0.1499492360906268,0.17573390353041704
120155,P3,fg,136,0.5994792580604553,0.2668700397014618,0.33260921835899354,0.3839316596533315,0.05253592544406969,0.33139573420926177
120155,P3,bg,4984,0.15878666937351227,0.127582286298275,0.031204383075237263,0.2836117247203996,0.1514320005694983,0.1321797241509013
120155,P4,all,1280,0.19246436655521393,0.1157370999455452,0.07672726660966873,0.2967117753145119,0.07732156213828964,0.2193902131762223
120155,P4,fg,30,0.7303410172462463,0.35190266370773315,0.3784383535385132,0.4246173073161022,0.02755507642518453,0.3970622308909177
120155,P4,bg,1250,0.18409335613250732,0.11783329993486405,0.06626005619764327,0.21682728421547365,0.06641971600137281,0.15040756821410084
120155,P5,all,320,0.6475161910057068,0.6418603420257568,0.005655848979949973,0.33489339507511434,0.33624715801116245,-0.0013537629360481085
120155,P5,fg,8,0.8478394746780396,0.7976338148117066,0.05020565986633296,0.7067727181180069,0.5599404299087839,0.146832288209223
120155,P5,bg,312,0.6425462365150452,0.6385587096214295,0.0039875268936157005,0.29281750143623714,0.3153682419563534,-0.02255074052011624
120157,P3,all,5120,0.14872635900974274,0.12103428095579147,0.02769207805395127,0.2750008637437509,0.16032723325249848,0.1146736304912524
120157,P3,fg,180,0.5061585307121277,0.26894198954105375,0.23721654117107394,0.21557467955393037,-0.0034680956793700203,0.21904277523330037
120157,P3,bg,4940,0.14984028041362762,0.12822576314210893,0.021614517271518696,0.2679189004359484,0.16732400130194888,0.10059489913399952
120157,P4,all,1280,0.17817577719688416,0.17010966390371324,0.008066113293170918,0.23320089385700193,0.1444850877927894,0.08871580606421253
120157,P4,fg,44,0.6403244137763977,0.3164630919694901,0.32386132180690763,0.4762539222335306,0.10699749286203028,0.36925642937150027
120157,P4,bg,1236,0.17556816339492798,0.18124122470617293,-0.0056730613112449535,0.17815848435832435,0.15606444512767453,0.022094039230649815
120157,P5,all,320,0.6224707365036011,0.6428819894790649,-0.020411252975463867,0.31476625538993735,0.3326585304568456,-0.01789227506690827
120157,P5,fg,11,0.5133169889450073,0.8814874768257142,-0.36817048788070683,-0.7556823829032272,-0.47369731124407055,-0.28198507165915665
120157,P5,bg,309,0.6371318697929382,0.6434348225593567,-0.006302952766418457,0.30827103217627855,0.3353352290088355,-0.027064196832556953
120162,P3,all,5120,0.16094689071178436,0.1212464690208435,0.03970042169094086,0.28277326695521215,0.16931610481001963,0.11345716214519252
120162,P3,fg,48,0.7660589814186096,0.5377660155296325,0.22829296588897707,0.3621120382546978,0.00866939838291727,0.35344263987178054
120162,P3,bg,5072,0.161579430103302,0.12331630289554596,0.03826312720775604,0.2752697361369886,0.17085395114122245,0.10441578499576612
120162,P4,all,1280,0.19336099922657013,0.13931284993886947,0.05404814928770066,0.2705233978798225,0.09801659731262613,0.17250680056719636
120162,P4,fg,18,0.8581240177154541,0.6296927094459533,0.22843130826950075,0.8827853556485618,0.29018652728815986,0.5925988283604019
120162,P4,bg,1262,0.19200709462165833,0.14383923262357712,0.04816786199808121,0.22085982814607855,0.09338585077702646,0.12747397736905208
120162,P5,all,320,0.6563035845756531,0.6409286737442017,0.015374910831451372,0.3330072594249969,0.3231977753737038,0.009809484051293116
120162,P5,fg,3,,,,,,
120162,P5,bg,317,0.6573895215988159,0.6428012609481811,0.014588260650634788,0.33312123421625905,0.32395186635814216,0.009169367858116895
120165,P3,all,5120,0.1570109724998474,0.11075777411460877,0.04625319838523864,0.3247003772174061,0.16389811262081405,0.16080226459659203
120165,P3,fg,141,0.5267693996429443,0.301476725935936,0.22529267370700834,0.5394486740436953,0.013996308130216689,0.5254523659134787
120165,P3,bg,4979,0.15630514919757843,0.11545375883579254,0.040851390361785894,0.26339229385991,0.16309868436299707,0.1002936094969129
120165,P4,all,1280,0.1861930936574936,0.13804804533720016,0.048145048320293427,0.3005480415611088,0.08921557068689753,0.21133247087421128
120165,P4,fg,42,0.58865886926651,0.35168834328651427,0.23697052597999574,0.366514674319083,-0.23680821138789473,0.6033228857069778
120165,P4,bg,1238,0.1860887110233307,0.14918670952320098,0.036902001500129705,0.22165134087182436,0.10291907418985416,0.1187322666819702
120165,P5,all,320,0.631023645401001,0.5638465285301208,0.06717711687088013,0.37525795940414625,0.35591240371473465,0.019345555689411598
120165,P5,fg,11,0.3855688273906708,0.343874579668045,0.041694247722625755,0.17034325090483535,0.03960610388250805,0.1307371470223273
120165,P5,bg,309,0.6705501675605774,0.5927691042423249,0.07778106331825252,0.37591159043395045,0.36698466116876605,0.008926929265184402
120199,P3,all,5120,0.1648174524307251,0.10846849679946899,0.05634895563125611,0.3119915428671037,0.09788652323717058,0.2141050196299331
120199,P3,fg,50,0.5526768565177917,0.673002552986145,-0.12032569646835323,0.014473825146435207,0.6188657283815221,-0.6043919032350868
120199,P3,bg,5070,0.16560205817222595,0.10913214534521103,0.056469912827014926,0.31764265989228835,0.09354447416453236,0.22409818572775597
120199,P4,all,1280,0.20931412279605865,0.10968232154846191,0.09963180124759674,0.291705061433319,0.03581568332117626,0.25588937811214274
120199,P4,fg,10,0.7801018357276917,0.8142189979553223,-0.034117162227630615,0.275988135521016,0.8534942830044094,-0.5775061474833935
120199,P4,bg,1270,0.20669332146644592,0.10633140504360199,0.10036191642284394,0.24858116597964783,0.03141302794467274,0.2171681380349751
120199,P5,all,320,0.6206340789794922,0.617909985780716,0.0027240931987762007,0.3926706511407767,0.3432400585330703,0.04943059260770638
120199,P5,fg,3,,,,,,
120199,P5,bg,317,0.6117576956748962,0.617043399810791,-0.005285704135894798,0.27163783339331454,0.2886359376702466,-0.016998104276932047
120225,P3,all,5120,0.1692293882369995,0.10128203928470611,0.0679473489522934,0.32452118335878727,0.09151008154512053,0.23301110181366674
120225,P3,fg,60,0.6324712634086609,0.47272634506225586,0.15974491834640503,0.3646742558843803,0.20908811308987857,0.15558614279450173
120225,P3,bg,5060,0.17125368118286133,0.10358283072710037,0.06767085045576096,0.32405986125157094,0.09028223753943426,0.23377762371213667
120225,P4,all,1280,0.200010284781456,0.1435750186443329,0.0564352661371231,0.26249421594147604,0.12148102738389714,0.14101318855757888
120225,P4,fg,21,0.8670759797096252,0.610689228773117,0.2563867509365082,0.809997844848182,-0.031221257836240746,0.8412191026844228
120225,P4,bg,1259,0.20067761838436127,0.14810800105333327,0.052569617331027996,0.24172401049466583,0.12497922751046515,0.11674478298420067
120225,P5,all,320,0.6232997179031372,0.601253354549408,0.022046363353729226,0.31104990451419556,0.2893795651076971,0.021670339406498484
120225,P5,fg,3,,,,,,
120225,P5,bg,317,0.6275681853294373,0.6060890078544616,0.02147917747497563,0.31575976400815003,0.29154295760935145,0.024216806398798585
120227,P3,all,5120,0.16194893419742584,0.11679952591657639,0.04514940828084946,0.318422512022814,0.14944487260486936,0.16897763941794466
120227,P3,fg,136,0.5641381144523621,0.2741989195346832,0.28993919491767883,-0.03990818446726407,-0.23443539931762195,0.19452721485035787
120227,P3,bg,4984,0.16472837328910828,0.12245640605688095,0.04227196723222733,0.30823817525985214,0.1599757826426938,0.14826239261715835
120227,P4,all,1280,0.216422900557518,0.15525128692388535,0.06117161363363266,0.2715502467533273,0.12733706333343137,0.14421318341989592
120227,P4,fg,28,0.6952878832817078,0.350496906042099,0.3447909772396088,0.1728863501980257,-0.16682491826724885,0.33971126846527455
120227,P4,bg,1252,0.21595391631126404,0.16475943326950074,0.0511944830417633,0.2233298929085735,0.13089010273750087,0.09243979017107262
120227,P5,all,320,0.6497548222541809,0.630752420425415,0.01900240182876589,0.2704804778338406,0.2661498276868741,0.004330650146966486
120227,P5,fg,8,0.7662466168403625,0.7605795979499816,0.005667018890380904,-0.3501216884998914,-0.2807357807811573,-0.0693859077187341
120227,P5,bg,312,0.6653245687484741,0.6387336850166321,0.02659088373184204,0.2896617156982476,0.27685658148984177,0.012805134208405844
120233,P3,all,5120,0.1466006189584732,0.11482915878295899,0.031771460175514216,0.26616049015648113,0.126981344589352,0.13917914556712913
120233,P3,fg,228,0.36469918489456177,0.2463898926973343,0.11830929219722747,0.3225985503521192,0.0873557134509046,0.2352428369012146
120233,P3,bg,4892,0.1512354612350464,0.1241431936621666,0.02709226757287979,0.26031753051840795,0.12432385301598281,0.13599367750242514
120233,P4,all,1280,0.1664293110370636,0.10536182075738906,0.061067490279674536,0.24008092248621132,0.08083242609875357,0.15924849638745775
120233,P4,fg,56,0.36358484625816345,0.30480973422527313,0.05877511203289032,0.20065942116485377,0.14373788938872178,0.05692153177613199
120233,P4,bg,1224,0.17293520271778107,0.11485905051231385,0.05807615220546722,0.196951173850723,0.061394357536103096,0.1355568163146199
120233,P5,all,320,0.626034677028656,0.6243840217590332,0.001650655269622825,0.3959048306728225,0.4016067876445952,-0.00570195697177267
120233,P5,fg,12,0.4417361617088318,0.2712613999843597,0.17047476172447207,0.46807658522300105,-0.21244375287781647,0.6805203381008176
120233,P5,bg,308,0.6445631980895996,0.6404205083847045,0.004142689704895064,0.3975181672333553,0.42188533060456435,-0.024367163371209033
120234,P3,all,5120,0.1593628078699112,0.10434955358505249,0.055013254284858704,0.2760077689281393,0.07750205445843117,0.1985057144697081
120234,P3,fg,256,0.48463568091392517,0.20857223570346833,0.27606344521045684,0.2366422425412792,-0.053093356872317664,0.28973559941359683
120234,P3,bg,4864,0.16171146929264069,0.11255619674921036,0.04915527254343033,0.2793670933472315,0.08364187571488682,0.19572521763234466
120234,P4,all,1280,0.18818439543247223,0.1376553550362587,0.05052904039621353,0.30025713838767853,0.09373990219534752,0.20651723619233103
120234,P4,fg,62,0.5438718795776367,0.2905529022216797,0.25331897735595704,0.5171729803359404,0.020716521604193638,0.49645645873174676
120234,P4,bg,1218,0.181256502866745,0.15356868505477905,0.027687817811965942,0.20402509820207948,0.10224285661853032,0.10178224158354916
120234,P5,all,320,0.6411113142967224,0.6654463768005371,-0.024335062503814675,0.3171709499098691,0.3107183862114811,0.006452563698387981
120234,P5,fg,17,0.6321371793746948,0.7956290364265441,-0.16349185705184932,0.175315674555125,0.4449286498914652,-0.2696129753363402
120234,P5,bg,303,0.6760236620903015,0.67140212059021,0.0046215415000915305,0.3435123808034071,0.3123688392048477,0.03114354159855942
120237,P3,all,5120,0.14965374767780304,0.11592562645673751,0.03372812122106553,0.2719465614977679,0.15898776484062987,0.11295879665713804
120237,P3,fg,103,0.644456684589386,0.320896577835083,0.32356010675430297,0.4014845091875391,0.1594607265539946,0.2420237826335445
120237,P3,bg,5017,0.15151375532150269,0.12019363343715668,0.031320121884346006,0.2489865001922697,0.1588137943272317,0.090172705865038
120237,P4,all,1280,0.19922752678394318,0.1137059599161148,0.08552156686782837,0.317365242891561,0.05037843313976555,0.26698680975179545
120237,P4,fg,26,0.8159965872764587,0.3266583323478699,0.48933825492858884,0.8109851897481077,-0.03459110972524356,0.8455762994733513
120237,P4,bg,1254,0.19914928078651428,0.11981630921363831,0.07933297157287597,0.22959363341625783,0.0428842828740942,0.18670935054216362
120237,P5,all,320,0.6539310812950134,0.657339870929718,-0.00340878963470459,0.2649341975041898,0.324127617372787,-0.05919341986859722
120237,P5,fg,6,,,,,,
120237,P5,bg,314,0.6586360931396484,0.6602592945098877,-0.0016232013702393022,0.27211328803488183,0.3251391363097248,-0.05302584827484297
120273,P3,all,5120,0.16899657249450684,0.13282671868801116,0.03616985380649568,0.2955256428447837,0.17299389198586126,0.12253175085892246
120273,P3,fg,126,0.5442541837692261,0.38375566005706785,0.16049852371215823,0.6289342785845895,0.09768452027639359,0.5312497583081959
120273,P3,bg,4994,0.17286376655101776,0.13549351543188096,0.037370251119136805,0.2885506305563204,0.1748212715453663,0.1137293590109541
120273,P4,all,1280,0.21052947640419006,0.16798552125692368,0.04254395514726639,0.26102358799867814,0.1556278703121543,0.10539571768652384
120273,P4,fg,30,0.7305063009262085,0.4763872742652893,0.2541190266609192,0.7987960971790057,0.2119748011496146,0.586821296029391
120273,P4,bg,1250,0.2129809707403183,0.17400399893522261,0.038976971805095684,0.23825189780880915,0.14927826026997618,0.08897363753883297
120273,P5,all,320,0.6369301676750183,0.5978720307350158,0.039058136940002486,0.3697690883067644,0.2877201239199189,0.0820489643868455
120273,P5,fg,12,0.5130706429481506,0.5355292499065399,-0.022458606958389304,0.03439757310053738,0.04930870233572415,-0.014911129235186775
120273,P5,bg,308,0.6377242207527161,0.5973788380622864,0.04034538269042964,0.36904493865481025,0.29002345775926563,0.07902148089554462
120288,P3,all,5120,0.16406318545341492,0.13107258826494217,0.03299059718847275,0.32765393421619404,0.15074724094770914,0.1769066932684849
120288,P3,fg,104,0.6258211135864258,0.396419894695282,0.2294012188911438,0.4573611837320053,-0.03394467231642061,0.4913058560484259
120288,P3,bg,5016,0.1656121015548706,0.1359153777360916,0.029696723818778997,0.28116899056220784,0.1662651411327259,0.11490384942948195
120288,P4,all,1280,0.1938595473766327,0.14708346128463745,0.04677608609199524,0.30214813871042423,0.0812307129474526,0.22091742576297163
120288,P4,fg,17,0.9119846820831299,0.42153480648994446,0.4904498755931854,0.8203241998758586,-0.049743291799866154,0.8700674916757247
120288,P4,bg,1263,0.18744975328445435,0.1550164118409157,0.032433341443538655,0.21973045465075902,0.09817119618710683,0.12155925846365219
120288,P5,all,320,0.6329751014709473,0.6565794348716736,-0.02360433340072632,0.3749028300699207,0.3797918160528757,-0.0048889859829550075
120288,P5,fg,6,,,,,,
120288,P5,bg,314,0.6602532267570496,0.6745570063591003,-0.014303779602050759,0.3701099588819103,0.4052255751313618,-0.03511561624945153
120298,P3,all,5120,0.15564574301242828,0.11277883350849152,0.04286690950393676,0.2694458585599637,0.1695701605994264,0.09987569796053733
120298,P3,fg,60,0.6112534403800964,0.48751713037490846,0.12373631000518798,0.28356705450931136,0.029983386741328794,0.2535836677679826
120298,P3,bg,5060,0.1591504067182541,0.115158312022686,0.043992094695568085,0.29313080835876876,0.17011687711373627,0.12301393124503249
120298,P4,all,1280,0.1992083191871643,0.16636484563350679,0.03284347355365752,0.2609045820937497,0.13374057727622968,0.12716400481752005
120298,P4,fg,21,0.784605085849762,0.43332865834236145,0.3512764275074005,0.7137715771872208,-0.14317399206557746,0.8569455692527983
120298,P4,bg,1259,0.20178674161434174,0.1739223748445511,0.02786436676979065,0.21091212516576632,0.13421665534919117,0.07669546981657516
120298,P5,all,320,0.6460962295532227,0.6428121209144593,0.0032841086387633833,0.2749128457011508,0.29707127050002385,-0.022158424798873033
120298,P5,fg,3,,,,,,
120298,P5,bg,317,0.6466915011405945,0.6437412023544311,0.0029502987861633745,0.27705296512918426,0.29867184910854466,-0.021618883979360404
120357,P3,all,5120,0.16079765558242798,0.11739318221807479,0.043404473364353185,0.2601005247313756,0.1498021774886984,0.11029834724267723
120357,P3,fg,98,0.47311127185821533,0.32061299681663513,0.1524982750415802,0.2515172723654791,0.037753152373475804,0.2137641199920033
120357,P3,bg,5022,0.1633303165435791,0.12137336283922195,0.04195695370435715,0.2634290568760445,0.14859443811870218,0.11483461875734233
120357,P4,all,1280,0.18987774848937988,0.1547953426837921,0.035082405805587774,0.23196740947451072,0.1416678354521613,0.09029957402234942
120357,P4,fg,22,0.6557586193084717,0.45811710357666013,0.19764151573181155,0.4739166465198039,0.014213094130346039,0.45970355238945787
120357,P4,bg,1258,0.18830187618732452,0.1608810842037201,0.02742079198360442,0.20105349609123516,0.14202754650332966,0.059025949587905496
120357,P5,all,320,0.6431064009666443,0.6300546050071716,0.0130517959594727,0.247193225934508,0.2514889655117158,-0.004295739577207802
120357,P5,fg,4,,,,,,
120357,P5,bg,316,0.6428935527801514,0.6303695797920227,0.012523972988128684,0.24523549466681152,0.25145681529988606,-0.00622132063307454
120426,P3,all,5120,0.1451115757226944,0.09759886413812638,0.04751271158456802,0.2232329591916827,0.12459304454444642,0.09863991464723629
120426,P3,fg,228,0.455466628074646,0.1997450828552246,0.25572154521942136,-0.019252980611931786,-0.00745091863056801,-0.011802061981363776
120426,P3,bg,4892,0.14989402890205383,0.10492086708545685,0.04497316181659698,0.24418000374646712,0.13237799994233906,0.11180200380412805
120426,P4,all,1280,0.16294234991073608,0.1431156411767006,0.019826708734035497,0.2429366682910336,0.10816464409761513,0.1347720241934185
120426,P4,fg,48,0.5136647820472717,0.25577680468559266,0.25788797736167907,0.34235327097139273,-0.06556158289013429,0.40791485386152704
120426,P4,bg,1232,0.16316282749176025,0.1573743611574173,0.005788466334342962,0.16435975844048428,0.11571484455920482,0.048644913881279464
120426,P5,all,320,0.5971075296401978,0.6140225291252136,-0.016914999485015847,0.21977469449905151,0.2925679726717511,-0.0727932781726996
120426,P5,fg,18,0.33836039900779724,0.3445748507976532,-0.006214451789855968,-0.5041779706594867,0.026402744192071847,-0.5305807148515586
120426,P5,bg,302,0.6113415956497192,0.6287475943565368,-0.017405998706817583,0.2350381139527172,0.3047141469441166,-0.06967603299139938
120427,P3,all,5120,0.161793053150177,0.12232933938503265,0.03946371376514435,0.3151205116171971,0.1485985357052268,0.16652197591197032
120427,P3,fg,57,0.7076515555381775,0.3998354017734528,0.3078161537647247,0.4109491950388432,0.03266556571730246,0.37828362932154075
120427,P3,bg,5063,0.16270557045936584,0.12484029978513718,0.037865270674228665,0.31219142275607686,0.15155356504929302,0.16063785770678385
120427,P4,all,1280,0.20044384896755219,0.1215840071439743,0.07885984182357789,0.27424879961885296,0.0639703740434986,0.21027842557535437
120427,P4,fg,15,0.7852062582969666,0.5290917158126831,0.25611454248428345,0.5049352370750774,0.06753717200034241,0.43739806507473494
120427,P4,bg,1265,0.19429679214954376,0.12489321082830429,0.06940358132123947,0.2346305369778457,0.06528115597473198,0.1693493810031137
120427,P5,all,320,0.6385360360145569,0.6353474020957947,0.0031886339187622292,0.32728978038815304,0.27194325932372376,0.05534652106442928
120427,P5,fg,6,,,,,,
120427,P5,bg,314,0.6675698161125183,0.6613672375679016,0.006202578544616699,0.35527774253923783,0.32452957705612945,0.03074816548310838
120429,P3,all,5120,0.1701597422361374,0.10178126543760299,0.0683784767985344,0.320607643621469,0.1649804932173188,0.15562715040415018
120429,P3,fg,314,0.5598962306976318,0.1440759539604187,0.4158202767372131,0.3177277199659529,0.07180408585319364,0.24592363411275925
120429,P3,bg,4806,0.16043536365032196,0.1158609539270401,0.04457440972328186,0.2800010767700171,0.17152991073807625,0.10847116603194087
120429,P4,all,1280,0.1968407779932022,0.12326664328575135,0.07357413470745086,0.36798257212489976,0.10807685696512914,0.2599057151597706
120429,P4,fg,77,0.6776025891304016,0.19424118101596832,0.4833614081144333,0.57773929953424,0.0991658515071931,0.4785734480270469
120429,P4,bg,1203,0.17269833385944366,0.1492941841483116,0.023404149711132055,0.2400429027522496,0.10323423416108375,0.13680866859116586
120429,P5,all,320,0.6250569224357605,0.631744647026062,-0.006687724590301536,0.33117489507235365,0.3297121937528941,0.001462701319459525
120429,P5,fg,17,0.6898786425590515,0.6934224128723144,-0.0035437703132629172,0.3907381565367547,0.47121919944968765,-0.08048104291293295
120429,P5,bg,303,0.6359267234802246,0.6433036923408508,-0.007376968860626221,0.3257526693461742,0.3229979676200177,0.0027547017261564943
120431,P3,all,5120,0.16557136178016663,0.12547474652528762,0.04009661525487901,0.28659524127417096,0.1746368911426146,0.11195835013155636
120431,P3,fg,44,0.7667909860610962,0.5653797030448914,0.2014112830162048,0.4974484254763573,-0.08844825705739576,0.585896682533753
120431,P3,bg,5076,0.1667940467596054,0.12761348187923433,0.03918056488037108,0.2941628374147573,0.176311094151146,0.11785174326361131
120431,P4,all,1280,0.19534242153167725,0.1642896518111229,0.031052769720554346,0.22094449008877398,0.12696369120480305,0.09398079888397093
120431,P4,fg,15,0.6609945297241211,0.5933644711971283,0.06763005852699278,0.5981905807435299,-0.13458908469115738,0.7327796654346873
120431,P4,bg,1265,0.19709518551826477,0.16798797398805618,0.029107211530208593,0.2025907415197133,0.13016379933848196,0.07242694218123133
120431,P5,all,320,0.6284990310668945,0.6285757899284363,-7.675886154179246e-05,0.3461233731901837,0.3484489289039033,-0.0023255557137195626
120431,P5,fg,3,,,,,,
120431,P5,bg,317,0.6443117260932922,0.6450393080711365,-0.0007275819778442827,0.342638817538255,0.352308284792646,-0.009669467254390995
120444,P3,all,5120,0.15895526111125946,0.11506654024124145,0.04388872087001801,0.34881143449248225,0.10960782522658583,0.23920360926589643
120444,P3,fg,66,0.6200549006462097,0.47626760601997375,0.14378729462623596,0.398993331860919,0.08994568841376863,0.3090476434471504
120444,P3,bg,5054,0.16018183529376984,0.118436561524868,0.04174527376890183,0.3246858639523362,0.10627057608966543,0.21841528786267073
120444,P4,all,1280,0.20549644529819489,0.11715707927942276,0.08833936601877213,0.31581762387511014,0.06125296429161313,0.254564659583497
120444,P4,fg,10,0.9080829620361328,0.5457798063755035,0.3623031556606293,0.6932119574384039,-0.09003278602430567,0.7832447434627096
120444,P4,bg,1270,0.2030724734067917,0.12029587775468827,0.08277659565210342,0.27041898429647404,0.057552596606174934,0.2128663876902991
120444,P5,all,320,0.6548802852630615,0.6126773655414581,0.042202919721603394,0.35140649928299383,0.3300461445238806,0.021360354759113243
120444,P5,fg,6,,,,,,
120444,P5,bg,314,0.6556307673454285,0.6144581377506256,0.041172629594802834,0.3506662200777783,0.33085283132626975,0.019813388751508565
120455,P3,all,5120,0.15610630810260773,0.10905023664236069,0.04705607146024704,0.3381795828114721,0.12706671885061277,0.21111286396085932
120455,P3,fg,104,0.5844570398330688,0.3678070902824402,0.21664994955062866,0.45579197441138863,0.10055263694514065,0.355239337466248
120455,P3,bg,5016,0.16023853421211243,0.11371988356113434,0.046518650650978086,0.31952819267749216,0.1315853184733933,0.18794287420409886
120455,P4,all,1280,0.20167165994644165,0.13620070070028306,0.06547095924615859,0.309595646532095,0.09576979261224891,0.21382585391984607
120455,P4,fg,27,0.7639367580413818,0.41932291388511655,0.3446138441562653,0.7124470932773519,-0.21154750269704117,0.923994595974393
120455,P4,bg,1253,0.2029087245464325,0.1450300857424736,0.05787863880395888,0.23920202054967382,0.10348984355531418,0.13571217699435964
120455,P5,all,320,0.6135818362236023,0.5851940870285034,0.0283877491950989,0.4006790686193067,0.3039705617115913,0.09670850690771537
120455,P5,fg,6,,,,,,
120455,P5,bg,314,0.6512578129768372,0.6062193870544433,0.04503842592239382,0.4490641041206996,0.32666108257279436,0.12240302154790522
120456,P3,all,5120,0.158575639128685,0.12315237522125244,0.035423263907432556,0.29865764518204013,0.22704666590672434,0.07161097927531579
120456,P3,fg,66,0.6779003143310547,0.5051968336105347,0.17270348072052,0.23879903670724498,-0.08666168315919935,0.3254607198664443
120456,P3,bg,5054,0.16025948524475098,0.1276024028658867,0.03265708237886428,0.27995113415363443,0.234014049760107,0.04593708439352742
120456,P4,all,1280,0.19118160009384155,0.15043580532073975,0.04074579477310181,0.2809067255409668,0.09901857067126181,0.181888154869705
120456,P4,fg,18,0.8980112671852112,0.4936361014842987,0.4043751657009125,0.8659516656358162,-0.3520733956819642,1.2180250613177803
120456,P4,bg,1262,0.18995489180088043,0.1573647603392601,0.03259013146162032,0.2133741515751308,0.10992429114078842,0.10344986043434237
120456,P5,all,320,0.6734534502029419,0.6598388075828552,0.013614642620086714,0.30394162848577955,0.3417054151566711,-0.03776378667089153
120456,P5,fg,3,,,,,,
120456,P5,bg,317,0.6736697554588318,0.6603274941444397,0.01334226131439209,0.3042889344617856,0.34192933765721445,-0.03764040319542883
250002,P3,all,5120,0.13488170504570007,0.06684144884347916,0.06804025620222091,0.039994133119341996,0.06688943010495346,-0.026895296985611467
250002,P3,fg,91,0.6481992602348328,0.5416445672512055,0.1065546929836273,0.6560378887191569,0.14961620467467046,0.5064216840444864
250002,P3,bg,5029,0.1336318850517273,0.06637727990746498,0.06725460514426232,0.016601894452660325,0.056888273404388734,-0.04028637895172841
250002,P4,all,1280,0.18753881752490997,0.07740674912929535,0.11013206839561462,0.21108903997712794,-0.023134077593912384,0.23422311757104033
250002,P4,fg,21,0.8013916611671448,0.48905266523361207,0.3123389959335327,0.7719543551484382,0.000651959063500579,0.7713023960849377
250002,P4,bg,1259,0.19113807380199432,0.08151674717664718,0.10962132662534714,0.1675702969293001,-0.020165200700961894,0.18773549763026198
250002,P5,all,320,0.614321231842041,0.5924606800079346,0.0218605518341064,0.2099219880367178,0.2218959346841934,-0.011973946647475614
250002,P5,fg,3,,,,,,
250002,P5,bg,317,0.6188295483589172,0.5932642817497253,0.025565266609191895,0.22143708099085513,0.22269721691376265,-0.0012601359229075237
250010,P3,all,5120,0.14723023772239685,0.10050267428159713,0.046727563440799716,0.36865587558868484,0.14460484248110883,0.22405103310757601
250010,P3,fg,102,0.7348482012748718,0.5239259004592896,0.21092230081558228,0.5246568055374596,-0.06905259535892584,0.5937094008963855
250010,P3,bg,5018,0.1455192118883133,0.10403260290622711,0.041486608982086184,0.34663669727997387,0.1508871882118469,0.19574950906812696
250010,P4,all,1280,0.13238465785980225,0.0994685173034668,0.032916140556335446,0.27840947249280856,0.024542595523522132,0.25386687696928645
250010,P4,fg,24,0.9059396982192993,0.4507376134395599,0.4552020847797394,0.8932304929716635,-0.020539478975235993,0.9137699719468995
250010,P4,bg,1256,0.12908555567264557,0.10432041138410568,0.02476514428853989,0.21760327430640625,0.02487870594928816,0.1927245683571181
250010,P5,all,320,0.13385963439941406,0.14593659788370134,-0.012076963484287273,-0.07127586520640782,-0.21058229451125987,0.13930642930485204
250010,P5,fg,8,0.8909242749214172,0.6649302959442138,0.2259939789772034,0.541842094147835,-0.1795448921609329,0.7213869863087679
250010,P5,bg,312,0.13483008742332458,0.14383914470672607,-0.009009057283401484,-0.08333909328027668,-0.20956710307125154,0.12622800979097487
250031,P3,all,5120,0.1217532679438591,0.06907731592655182,0.05267595201730728,0.058736244160028796,0.16850399326835447,-0.10976774910832568
250031,P3,fg,288,0.389651894569397,0.18805030286312102,0.20160159170627595,0.11562948768559518,0.17267850236989374,-0.05704901468429856
250031,P3,bg,4832,0.13124831020832062,0.07381590455770493,0.05743240565061569,0.0157467766733488,0.17609155330218976,-0.16034477662884095
250031,P4,all,1280,0.20384296774864197,0.07912148386240006,0.12472148388624191,0.2868721846565734,0.08439744123547113,0.20247474342110225
250031,P4,fg,68,0.6695511937141418,0.15897604823112488,0.510575145483017,0.5001821303691134,-0.042974901775800725,0.5431570321449142
250031,P4,bg,1212,0.20519281923770905,0.08896302282810212,0.11622979640960693,0.11375253572335259,0.10537905209884608,0.008373483624506503
250031,P5,all,320,0.6200203895568848,0.5857700228691101,0.0342503666877747,0.144175514192229,0.1983163902913087,-0.05414087609907972
250031,P5,fg,16,0.43657490611076355,0.329828268289566,0.10674663782119753,-0.219200107212267,-0.08990685351832559,-0.1292932536939414
250031,P5,bg,304,0.6197943091392517,0.586145555973053,0.03364875316619875,0.1478162614582872,0.2023584673288615,-0.05454220587057432
250056,P3,all,5120,0.1828211396932602,0.08224302530288696,0.10057811439037323,0.29086441024452236,0.1003498489945743,0.19051456124994806
250056,P3,fg,70,0.729870080947876,0.5223607301712037,0.20750935077667232,0.35511254390698416,-0.06536663835544784,0.42047918226243197
250056,P3,bg,5050,0.18151824176311493,0.08442054837942123,0.0970976933836937,0.25531182880550257,0.11011242715405427,0.1451994016514483
250056,P4,all,1280,0.16908851265907288,0.1365124225616455,0.032576090097427374,0.3066462427871318,0.15129237851739602,0.1553538642697358
250056,P4,fg,21,0.9001940488815308,0.46311005055904386,0.4370839983224869,0.8964208143457342,-0.12125069219104549,1.0176715065367796
250056,P4,bg,1259,0.16250351071357727,0.14325757920742035,0.019245931506156916,0.23809710935141218,0.16511404804868976,0.07298306130272242
250056,P5,all,320,0.29277777671813965,0.3008056640625,-0.00802788734436033,-0.057891758973489846,-0.07753450581838954,0.019642746844899694
250056,P5,fg,4,,,,,,
250056,P5,bg,316,0.3047155737876892,0.3082166850566864,-0.0035011112689972146,-0.05695156702491623,-0.07979763471387143,0.022846067688955196
250063,P3,all,5120,0.1773962825536728,0.08755212724208832,0.08984415531158448,0.2753767367746696,0.13803366199614658,0.13734307477852303
250063,P3,fg,146,0.49818581342697144,0.3089577078819275,0.18922810554504393,0.0783581919374477,0.05858962199207873,0.019768569945368963
250063,P3,bg,4974,0.17637287080287933,0.09156674891710281,0.08480612188577652,0.2796135433890855,0.1351402303262637,0.1444733130628218
250063,P4,all,1280,0.1817067265510559,0.08093848526477813,0.10076824128627777,0.33449104699563664,0.09116121213874005,0.24332983485689658
250063,P4,fg,40,0.7681946754455566,0.39210784435272217,0.3760868310928345,0.6668816359524693,0.19780926784730404,0.4690723681051653
250063,P4,bg,1240,0.17723482847213745,0.08548675253987312,0.09174807593226433,0.31671459446492967,0.07020178363366744,0.24651281083126222
250063,P5,all,320,0.25465837121009827,0.19716346859931946,0.0574949026107788,-0.006815666078338833,-0.06478267623432757,0.057967010155988735
250063,P5,fg,10,0.8508564233779907,0.128607676923275,0.7222487464547157,0.6933002365872423,0.14017819250689129,0.553122044080351
250063,P5,bg,310,0.24843692779541016,0.21265412867069244,0.03578279912471771,-0.017503268899496216,-0.05781144253241618,0.04030817363291996
250097,P3,all,5120,0.1119534969329834,0.05878518521785736,0.05316831171512604,0.05814050180401287,0.11638111719558564,-0.05824061539157277
250097,P3,fg,341,0.472236305475235,0.1503591611981392,0.3218771442770958,0.47237454747619445,0.1562870048827903,0.31608754259340416
250097,P3,bg,4779,0.11595435440540314,0.06501188203692436,0.05094247236847878,0.02002642255431818,0.11208150033352768,-0.0920550777792095
250097,P4,all,1280,0.20549781620502472,0.08640248030424118,0.11909533590078354,0.2993911544606462,0.1362506355467395,0.16314051891390668
250097,P4,fg,84,0.7841610312461853,0.18978571891784668,0.5943753123283386,0.7594111778990541,0.02228077200197751,0.7371304058970766
250097,P4,bg,1196,0.21515430510044098,0.09708834141492843,0.11806596368551255,0.2128105437880564,0.14613731789088275,0.06667322589717364
250097,P5,all,320,0.5666756629943848,0.5639553546905518,0.0027203083038329634,0.14549770805297896,0.22980353787636174,-0.08430582982338278
250097,P5,fg,22,0.5270472764968872,0.41828233003616333,0.10876494646072388,0.28239874908885915,-0.19545788378918066,0.4778566328780398
250097,P5,bg,298,0.5613278746604919,0.5608420133590698,0.00048586130142214135,0.15177822197724103,0.23095130465077496,-0.07917308267353393
250105,P3,all,5120,0.12128176540136337,0.066719388961792,0.054562376439571375,0.040662921124473124,0.07002820523206532,-0.029365284107592197
250105,P3,fg,224,0.3108378052711487,0.26512464582920076,0.045713159441947926,0.2594220882232677,0.13177684028919598,0.1276452479340717
250105,P3,bg,4896,0.12925954163074493,0.06874467432498932,0.060514867305755615,0.02270178423146346,0.06568368760039145,-0.04298190336892799
250105,P4,all,1280,0.17901627719402313,0.0820237398147583,0.09699253737926483,0.16594291932188462,0.023829852986559225,0.1421130663353254
250105,P4,fg,55,0.492474228143692,0.3057481050491333,0.18672612309455872,0.1657271162694103,0.042811013445335146,0.12291610282407517
250105,P4,bg,1225,0.18832790851593018,0.08582348078489303,0.10250442773103714,0.1093689621985654,0.028458005694015347,0.08091095650455005
250105,P5,all,320,0.6302211880683899,0.5923655271530152,0.037855660915374734,0.18441889397319144,0.22371306849224598,-0.03929417451905454
250105,P5,fg,18,0.43939217925071716,0.5519527614116668,-0.11256058216094966,-0.3569943734945783,-0.02764978184458953,-0.32934459164998875
250105,P5,bg,302,0.6431630849838257,0.5947653651237488,0.048397719860076904,0.2433836316466968,0.2450627737774059,-0.0016791421307091048
250111,P3,all,5120,0.16645778715610504,0.07323580384254455,0.09322198331356049,0.22852324810605773,0.12018957831994252,0.10833366978611521
250111,P3,fg,85,0.6263688802719116,0.4296142101287842,0.19675467014312742,0.6915106876888533,0.028684584187764206,0.6628261035010891
250111,P3,bg,5035,0.16697297990322113,0.07447298467159272,0.09249999523162841,0.19284801251885061,0.12885193890643526,0.06399607361241536
250111,P4,all,1280,0.1103266030550003,0.07523454949259759,0.03509205356240272,0.15981767148634551,0.05270202749893169,0.10711564398741383
250111,P4,fg,27,0.8445165753364563,0.4506483614444733,0.393868213891983,0.8921652786015808,-0.045123548621051876,0.9372888272226326
250111,P4,bg,1253,0.10625182092189789,0.07721800878643989,0.029033812135457998,0.12398572818238401,0.06258776871453949,0.06139795946784453
250111,P5,all,320,0.25446274876594543,0.27291938066482546,-0.018456631898880027,-0.10644772933730852,-0.0672274695887618,-0.03922025974854672
250111,P5,fg,4,,,,,,
250111,P5,bg,316,0.25623998045921326,0.2733408212661743,-0.01710084080696106,-0.10761173605805804,-0.06602445086783744,-0.041587285190220605
250122,P3,all,5120,0.1321040689945221,0.07806533724069595,0.05403873175382615,0.30639711029989797,0.10567100212049255,0.20072610817940542
250122,P3,fg,65,0.6381378173828125,0.4542494356632233,0.1838883817195892,0.40556444190165103,-0.021562512861704165,0.4271269547633552
250122,P3,bg,5055,0.13263164460659027,0.08015481978654862,0.05247682482004165,0.3009863892688452,0.10763653900579537,0.19334985026304982
250122,P4,all,1280,0.13052746653556824,0.09480025619268417,0.035727210342884064,0.2229276297876813,0.055563611202037656,0.16736401858564365
250122,P4,fg,12,0.840686023235321,0.60082728266716,0.23985874056816103,0.554931607902472,-0.09542538942506176,0.6503569973275337
250122,P4,bg,1268,0.13048489391803741,0.09665456563234329,0.03383032828569413,0.20768657685909941,0.057332986546405174,0.15035359031269424
250122,P5,all,320,0.09843551367521286,0.1057831034064293,-0.007347589731216436,-0.13979292621920184,-0.15287541083574324,0.013082484616541407
250122,P5,fg,4,,,,,,
250122,P5,bg,316,0.0988071858882904,0.10611476749181747,-0.007307581603527069,-0.1397696077867312,-0.15416791889430687,0.014398311107575668
250151,P3,all,5120,0.12745338678359985,0.06705932840704917,0.06039405837655068,0.08108073618024426,0.07963152754350426,0.0014492086367400014
250151,P3,fg,288,0.48763495683670044,0.2753752440214157,0.21225971281528472,0.39469000722968034,0.1348699031263873,0.25982010410329304
250151,P3,bg,4832,0.12348227202892303,0.06760739982128143,0.055874872207641604,0.026673726769597082,0.07585304864843231,-0.04917932187883523
250151,P4,all,1280,0.1907726377248764,0.10009031295776367,0.09068232476711273,0.231804844172323,0.06979242082063877,0.16201242335168423
250151,P4,fg,72,0.646742582321167,0.38009655475616455,0.26664602756500244,0.517236388183421,0.16117736911104696,0.35605901907237403
250151,P4,bg,1208,0.18803523480892181,0.09850498288869858,0.08953025192022324,0.07903262882614832,0.05148135661370247,0.027551272212445854
250151,P5,all,320,0.5780320167541504,0.6218285918235779,-0.04379657506942747,0.10684888504611868,0.18020600695456673,-0.07335712190844805
250151,P5,fg,16,0.5583815574645996,0.5857722759246826,-0.027390718460083008,0.1448528918652883,0.2413942325240705,-0.0965413406587822
250151,P5,bg,304,0.5813716650009155,0.6258249282836914,-0.04445326328277588,0.08922788227479049,0.1552358416376621,-0.06600795936287161
250156,P3,all,5120,0.16791602969169617,0.11355009227991104,0.05436593741178512,0.2760015602964025,0.16577863041267038,0.11022292988373211
250156,P3,fg,345,0.5519932508468628,0.2396431475877762,0.31235010325908663,0.5341756614021516,0.030628739812301863,0.5035469215898497
250156,P3,bg,4775,0.15345287322998047,0.12323838472366333,0.03021448850631714,0.2391970637320022,0.19240281831356656,0.04679424541843563
250156,P4,all,1280,0.15643982589244843,0.152283775806427,0.0041560500860214344,0.1564989891522651,0.12335293653455734,0.033146052617707755
250156,P4,fg,84,0.7660918235778809,0.3053008675575256,0.46079095602035525,0.7956005661733836,0.09783867251322961,0.697761893660154
250156,P4,bg,1196,0.14419269561767578,0.16086099147796631,-0.016668295860290533,0.12411299994487061,0.14268741609603003,-0.018574416151159415
250156,P5,all,320,0.43231478333473206,0.4646932125091553,-0.03237842917442324,0.14808173667247063,0.1310993675636821,0.01698236910878853
250156,P5,fg,24,0.7061496376991272,0.5562328815460205,0.14991675615310673,-0.05068715957086892,-0.19475213229510585,0.14406497272423693
250156,P5,bg,296,0.4244540333747864,0.4551031231880188,-0.030649089813232444,0.1513443970251855,0.1369413526342176,0.0144030443909679
250157,P3,all,5120,0.13443616032600403,0.08041189908981324,0.05402426123619079,0.11895753407468011,0.1299163758212842,-0.010958841746604095
250157,P3,fg,91,0.7113266587257385,0.30946858525276183,0.4018580734729767,0.4178052981803381,-0.1595027775853805,0.5773080757657186
250157,P3,bg,5029,0.1307356357574463,0.08419889062643052,0.04653674513101577,0.10783288855454837,0.13462168838092536,-0.026788799826376997
250157,P4,all,1280,0.14603514969348907,0.10770798921585083,0.03832716047763825,0.2247526011512448,0.14079925501626586,0.08395334613497893
250157,P4,fg,24,0.880573034286499,0.4514841496944427,0.4290888845920563,0.7285215941526537,-0.008264250702911601,0.7367858448555653
250157,P4,bg,1256,0.13954326510429382,0.11147216260433197,0.02807110249996185,0.19931637065948207,0.14397577881532503,0.055340591844157044
250157,P5,all,320,0.27871912717819214,0.2897899329662323,-0.01107080578804015,0.02010478320812383,0.0013101805379252339,0.018794602670198595
250157,P5,fg,3,,,,,,
250157,P5,bg,317,0.2781771123409271,0.28937025666236876,-0.01119314432144164,0.017468522423464774,0.0009800179939633412,0.016488504429501432
250171,P3,all,5120,0.1682332158088684,0.09481467157602311,0.0734185442328453,0.2199516538097814,0.11647475124527067,0.10347690256451074
250171,P3,fg,217,0.6693477630615234,0.23811129629611968,0.4312364667654037,0.5078828464158051,-0.008241988675087731,0.5161248350908928
250171,P3,bg,4903,0.16422642767429352,0.09991994798183441,0.0643064796924591,0.09982611754521141,0.15260641271441272,-0.05278029516920131
250171,P4,all,1280,0.077162966132164,0.10333316922187805,-0.026170203089714045,0.09178925612166604,0.03950449728138962,0.05228475884027642
250171,P4,fg,52,0.8343186974525452,0.23248452544212342,0.6018341720104218,0.8821812155606977,-0.17201416198415742,1.0541953775448552
250171,P4,bg,1228,0.0740903690457344,0.10825694501399993,-0.03416657596826553,0.005294927040736463,0.0716032121099586,-0.06630828506922214
250171,P5,all,320,0.2810785174369812,0.4708398163318634,-0.1897612988948822,-0.14341266956174592,0.13356666544575885,-0.27697933500750477
250171,P5,fg,12,0.6855992078781128,0.6350434422492981,0.0505557656288147,-0.1822185181318618,-0.50963477516922,0.32741625703735816
250171,P5,bg,308,0.2772882580757141,0.495926034450531,-0.2186377763748169,-0.14322445276534654,0.17338263642502066,-0.3166070891903672
250198,P3,all,5120,0.11671296507120132,0.05967232063412666,0.05704064443707466,0.09219254151660929,0.09047920660219998,0.001713334914409309
250198,P3,fg,224,0.5243960618972778,0.17901672869920732,0.3453793331980705,0.19885526152820024,-0.05341173928776376,0.252267000815964
250198,P3,bg,4896,0.11932328343391418,0.0633359782397747,0.05598730519413948,0.04408391303045641,0.10037730911924973,-0.05629339608879332
250198,P4,all,1280,0.1943243145942688,0.09245331436395646,0.10187100023031234,0.31713255308046506,0.06435154056113167,0.2527810125193334
250198,P4,fg,60,0.7263104319572449,0.21118486821651458,0.5151255637407303,0.4934944254737899,0.06961033383740765,0.42388409163638224
250198,P4,bg,1220,0.19174262881278992,0.09915667772293091,0.09258595108985901,0.19968328913793534,0.07484892764871519,0.12483436148922016
250198,P5,all,320,0.6044356822967529,0.5755760371685028,0.028859645128250122,0.22898352550916856,0.20293049824766274,0.026053027261505823
250198,P5,fg,18,0.5243158340454102,0.4138859659433365,0.11042986810207367,-0.5039754626451998,-0.0439223295900104,-0.46005313305518936
250198,P5,bg,302,0.5963134765625,0.5697072148323059,0.026606261730194092,0.2314295404863592,0.20435002914161085,0.02707951134474834
250206,P3,all,5120,0.12456753104925156,0.07943813949823379,0.045129391551017764,0.0651223956761511,0.12842024067966828,-0.06329784500351718
250206,P3,fg,96,0.6759121417999268,0.2722712427377701,0.40364089906215667,0.4875447223597917,-0.022102025093979148,0.5096467474537708
250206,P3,bg,5024,0.12449287623167038,0.08131672590970992,0.043176150321960455,0.05074652791685947,0.13051302150925795,-0.07976649359239849
250206,P4,all,1280,0.15542934834957123,0.10490936189889907,0.050519986450672155,0.14522359061608706,0.105506940478628,0.03971665013745905
250206,P4,fg,21,0.9366909861564636,0.49513658285140993,0.4415544033050537,0.926771582596819,-0.21191342521507125,1.1386850078118902
250206,P4,bg,1259,0.15515311062335968,0.10979323983192443,0.04535987079143525,0.06497707016811413,0.12239456588430564,-0.05741749571619151
250206,P5,all,320,0.6089266538619995,0.5908291816711426,0.01809747219085689,0.20291714191628815,0.20461402105363766,-0.0016968791373495051
250206,P5,fg,8,0.6275882720947266,0.5178266167640686,0.10976165533065796,-0.3206917479961916,-0.3302211868238999,0.009529438827708292
250206,P5,bg,312,0.621901273727417,0.5972947955131531,0.02460647821426387,0.19748160724825342,0.19551183795843807,0.0019697692898153485
250209,P3,all,5120,0.17052915692329407,0.10089244991540909,0.06963670700788498,0.36462059443669353,0.10734054275562946,0.25728005168106405
250209,P3,fg,55,0.7136090397834778,0.4388534903526306,0.2747555494308472,0.413808214516588,0.10298823281903853,0.3108199816975495
250209,P3,bg,5065,0.1704927384853363,0.10199815928936004,0.06849457919597626,0.34497619554418046,0.10881630777314874,0.23615988777103172
250209,P4,all,1280,0.22004561126232147,0.14452412128448486,0.07552148997783661,0.31624478658903954,0.1255326449999886,0.19071214158905095
250209,P4,fg,12,0.9451513290405273,0.5586306691169739,0.38652065992355344,0.8600561915479481,-0.03247079870242513,0.8925269902503732
250209,P4,bg,1268,0.2193060666322708,0.14533459693193435,0.07397146970033647,0.25739353839319196,0.13484538521820572,0.12254815317498624
250209,P5,all,320,0.6478700041770935,0.6394258379936218,0.008444166183471657,0.3211675555679689,0.3113987955687192,0.009768759999249699
250209,P5,fg,3,,,,,,
250209,P5,bg,317,0.6382583379745483,0.6307446599006653,0.0075136780738830344,0.265466746844278,0.2728429665452151,-0.007376219700937103
250212,P3,all,5120,0.12730595469474792,0.06931453123688698,0.057991423457860944,0.0406095663341722,0.05463749185093449,-0.014027925516762296
250212,P3,fg,96,0.5903127193450928,0.3199249356985092,0.27038778364658356,0.34571820867999625,0.048789838914240574,0.29692836976575565
250212,P3,bg,5024,0.1277076154947281,0.07108069211244583,0.05662692338228226,0.037165302630721465,0.054474774292119485,-0.01730947166139802
250212,P4,all,1280,0.15542173385620117,0.08971937745809555,0.06570235639810562,0.0970833025969541,0.05225006269892442,0.044833239898029675
250212,P4,fg,24,0.8145613074302673,0.40651656687259674,0.4080447405576706,0.7405678363970308,-0.04642381437151462,0.7869916507685455
250212,P4,bg,1256,0.15681344270706177,0.09282168447971344,0.06399175822734833,0.05430702607221755,0.05275902345841025,0.0015480026138073033
250212,P5,all,320,0.6291220188140869,0.6414872169494629,-0.012365198135375954,0.22275947096901128,0.2550880091649371,-0.03232853819592585
250212,P5,fg,10,0.5258197784423828,0.5250304281711579,0.0007893502712249534,0.5935942614242242,0.32782266824535033,0.2657715931788739
250212,P5,bg,310,0.6331200003623962,0.6466407299041748,-0.01352072954177852,0.21183206528774573,0.24665262569248747,-0.03482056040474174
250215,P3,all,5120,0.12404166907072067,0.0678369678556919,0.05620470121502877,0.03858562180401583,0.12334079798929973,-0.0847551761852839
250215,P3,fg,112,0.6124668717384338,0.3767409145832062,0.23572595715522765,0.32523060200396914,0.014201311703716857,0.3110292903002523
250215,P3,bg,5008,0.1259637475013733,0.07031188309192657,0.05565186440944672,0.025516503879803292,0.13723958070589265,-0.11172307682608935
250215,P4,all,1280,0.16263407468795776,0.09485438615083694,0.06777968853712082,0.16235584848047577,0.10150752085681425,0.06084832762366152
250215,P4,fg,32,0.8419594168663025,0.37880514860153197,0.4631542682647705,0.6945692945493401,-0.15496942817117812,0.8495387227205182
250215,P4,bg,1248,0.1656903475522995,0.10107517838478089,0.06461516916751861,0.08111216423122176,0.13438811157781436,-0.05327594734659259
250215,P5,all,320,0.6582187414169312,0.6400492191314697,0.018169522285461426,0.26301006949940997,0.2615275754821212,0.0014824940172887824
250215,P5,fg,8,0.7365812063217163,0.4176287591457367,0.3189524471759796,-0.47751903928019607,-0.020410011699132757,-0.4571090275810633
250215,P5,bg,312,0.6587528586387634,0.640458619594574,0.018294239044189475,0.26696387122773946,0.2625149463937282,0.00444892483401127
250236,P3,all,5120,0.12452061474323273,0.061811289936304095,0.06270932480692863,0.07761258140560981,0.028839664705887297,0.048772916699722516
250236,P3,fg,193,0.6337594985961914,0.224917533993721,0.4088419646024704,0.5785231093585872,-0.01850785769240728,0.5970309670509945
250236,P3,bg,4927,0.12216703593730927,0.06619513258337975,0.055971903353929514,-0.009203697241630535,0.03127789606709252,-0.04048159330872306
250236,P4,all,1280,0.2208695113658905,0.08173043727874756,0.13913907408714293,0.3945584970740382,0.0057114670577908784,0.3888470300162473
250236,P4,fg,40,0.7471562027931213,0.3455963611602783,0.40155984163284303,0.66635576307558,0.11335894762053278,0.5529968154550472
250236,P4,bg,1240,0.2149658501148224,0.08890808820724487,0.1260577619075775,0.19272839073866999,0.01220129283569341,0.18052709790297658
250236,P5,all,320,0.5568908452987671,0.5819149971008301,-0.025024151802062966,0.11953440591181287,0.1944431432394173,-0.07490873732760443
250236,P5,fg,13,0.32249611616134644,0.3488853216171265,-0.02638920545578005,0.01142769511974212,0.12770165995623536,-0.11627396483649324
250236,P5,bg,307,0.5581379532814026,0.5834857821464539,-0.02534782886505127,0.12518250731135583,0.19608979312570401,-0.07090728581434819
250240,P3,all,5120,0.1342107355594635,0.05835266187787056,0.07585807368159295,0.036984056982566633,0.09591016025767758,-0.05892610327511095
250240,P3,fg,84,0.6551432013511658,0.43023630380630495,0.22490689754486082,0.47116845918388744,0.0017336033877130889,0.46943485579617433
250240,P3,bg,5036,0.13486012816429138,0.05937588959932327,0.07548423856496811,0.029973792214208917,0.09663080524164788,-0.06665701302743897
250240,P4,all,1280,0.18397873640060425,0.07801751643419266,0.10596121996641159,0.24684135599624132,0.05793873437924638,0.18890262161699495
250240,P4,fg,18,0.8718867897987366,0.5402230381965637,0.3316637516021729,0.7979582539361344,-0.1524416709509865,0.9503999248871209
250240,P4,bg,1262,0.1858902871608734,0.08053002655506133,0.10536026060581208,0.16031266138903674,0.05519176311816193,0.10512089827087481
250240,P5,all,320,0.6240891218185425,0.5883909940719605,0.03569812774658199,0.22135530800001954,0.21052527879216712,0.01083002920785242
250240,P5,fg,6,,,,,,
250240,P5,bg,314,0.6292541027069092,0.5911727786064148,0.03808132410049436,0.22410578317586466,0.2125463174380547,0.01155946573780997
250252,P3,all,5120,0.1319894641637802,0.08920157104730606,0.04278789311647416,0.10521567957873547,0.06025319137011633,0.04496248820861914
250252,P3,fg,80,0.6972014904022217,0.37680301666259763,0.32039847373962405,0.5438721223467083,0.0100145107134084,0.5338576116332999
250252,P3,bg,5040,0.1318407505750656,0.09202956184744834,0.03981118872761727,0.06429728944113974,0.06220349819991579,0.002093791241223955
250252,P4,all,1280,0.19697080552577972,0.11997530609369278,0.07699549943208694,0.20692536594446542,0.07841904839580889,0.12850631754865655
250252,P4,fg,20,0.8823564648628235,0.4948659300804138,0.3874905347824097,0.8162484495140905,0.16913773945660876,0.6471107100574818
250252,P4,bg,1260,0.1994055062532425,0.12379973456263542,0.07560577169060707,0.11626446447207428,0.08053376443406508,0.0357307000380092
250252,P5,all,320,0.5612364411354065,0.5099140703678131,0.051322370767593384,0.11961572721274165,0.08727496803437688,0.032340759178364764
250252,P5,fg,4,,,,,,
250252,P5,bg,316,0.56304532289505,0.5097948253154755,0.05325049757957456,0.12174350475086626,0.0905343659284795,0.031209138822386767
250253,P3,all,5120,0.125517800450325,0.07668721303343773,0.04883058741688728,0.02995568015008251,0.08387117097301351,-0.053915490822931
250253,P3,fg,144,0.5538524985313416,0.2755841314792633,0.27826836705207825,0.5294706667957156,0.029149771948624226,0.5003208948470914
250253,P3,bg,4976,0.1281486451625824,0.08066948503255844,0.047479160130023956,0.002848622427252107,0.08670971961742982,-0.08386109719017772
250253,P4,all,1280,0.22539961338043213,0.10650002360343933,0.1188995897769928,0.2968037254462918,0.03372159916266483,0.263082126283627
250253,P4,fg,28,0.804645836353302,0.36991012692451475,0.43473570942878725,0.5217564743015393,-0.11128918708555954,0.6330456613870988
250253,P4,bg,1252,0.23205117881298065,0.11157806813716889,0.12047311067581176,0.23644250579679102,0.0295300593655078,0.20691244643128323
250253,P5,all,320,0.5861378312110901,0.5683958172798157,0.017742013931274392,0.21805365608553787,0.22326029831066857,-0.005206642225130703
250253,P5,fg,8,0.7707168459892273,0.6957409858703614,0.07497586011886592,0.0208408513243037,0.0904636251246869,-0.0696227738003832
250253,P5,bg,312,0.5918224453926086,0.5758266925811768,0.01599575281143184,0.21871091174134288,0.22481005619976013,-0.006099144458417249
250259,P3,all,5120,0.10987652093172073,0.06974027082324027,0.04013625010848046,0.030939466730369833,0.08827555246575154,-0.05733608573538171
250259,P3,fg,175,0.30305981636047363,0.23123932778835296,0.07182048857212067,0.1257906475109516,-0.05910900628117917,0.18489965379213075
250259,P3,bg,4945,0.1138683632016182,0.07329356670379639,0.04057479649782181,0.021080190357530556,0.09472409014512358,-0.07364389978759302
250259,P4,all,1280,0.1336396336555481,0.1050367571413517,0.028602876514196393,0.05680615480971492,0.04721173251720858,0.009594422292506337
250259,P4,fg,48,0.4385344386100769,0.25506269931793213,0.18347173929214478,0.07776140790493362,-0.09363435686837901,0.17139576477331264
250259,P4,bg,1232,0.1406164914369583,0.11178610175848007,0.028830389678478244,0.024483169162988577,0.05434659202127495,-0.029863422858286377
250259,P5,all,320,0.6114762425422668,0.647554337978363,-0.03607809543609619,0.23820630479127264,0.2693334707466634,-0.03112716595539078
250259,P5,fg,10,0.48057451844215393,0.5619727373123169,-0.08139821887016296,0.6874845452623127,0.2752497224979649,0.4122348227643478
250259,P5,bg,310,0.6142919063568115,0.6508701324462891,-0.036578226089477583,0.2387405218504831,0.27043505626888337,-0.031694534418400255
250261,P3,all,5120,0.1155359297990799,0.061340521275997165,0.05419540852308273,0.04540255705619443,0.10195431647343048,-0.05655175941723605
250261,P3,fg,189,0.5514208674430847,0.23950605392456054,0.3119148135185242,0.4015028848896942,0.1294532434534718,0.2720496414362224
250261,P3,bg,4931,0.11533914506435394,0.06419318914413452,0.05114595592021942,0.02751414039263911,0.10087341751674148,-0.07335927712410237
250261,P4,all,1280,0.16210724413394928,0.07776861041784286,0.08433863371610642,0.21474216056416343,0.05864387942918163,0.1560982811349818
250261,P4,fg,45,0.6831578612327576,0.33056825399398804,0.35258960723876953,0.47718509992360925,0.0206655904012225,0.45651950952238673
250261,P4,bg,1235,0.16287757456302643,0.08466603308916092,0.07821154147386551,0.1317307687987861,0.0637016896057835,0.06802907919300259
250261,P5,all,320,0.5934709310531616,0.5854061841964722,0.008064746856689453,0.2085454183104259,0.23390267431904857,-0.02535725600862268
250261,P5,fg,13,0.5020161271095276,0.6305236458778382,-0.12850751876831057,-0.5542689663622004,0.2637723003934098,-0.8180412667556102
250261,P5,bg,307,0.5953076481819153,0.5834800243377686,0.011827623844146706,0.2200211460932985,0.23452925164188185,-0.014508105548583339
250270,P3,all,5120,0.13092546164989471,0.06271228343248367,0.06821317821741105,0.07067047571916553,0.13442182343134643,-0.0637513477121809
250270,P3,fg,84,0.41163137555122375,0.2571184426546097,0.15451293289661405,0.2557470040474743,0.1898576787519148,0.06588932529555949
250270,P3,bg,5036,0.13633893430233002,0.06358453407883644,0.07275440022349358,0.06009435527365111,0.13925578623720972,-0.0791614309635586
250270,P4,all,1280,0.2038498967885971,0.07512557730078698,0.12872431948781013,0.2590639041533838,0.04169480842679234,0.21736909572659147
250270,P4,fg,28,0.6310413479804993,0.2874050036072731,0.34363634437322615,0.3398711737460837,-0.3162940734662791,0.6561652472123628
250270,P4,bg,1252,0.21174360811710358,0.07817250117659569,0.1335711069405079,0.20030074732788866,0.06553782130405746,0.13476292602383122
250270,P5,all,320,0.6251276135444641,0.5989177823066711,0.02620983123779297,0.2593082029639648,0.25451494236428246,0.004793260599682325
250270,P5,fg,3,,,,,,
250270,P5,bg,317,0.6252505779266357,0.6001530885696411,0.02509748935699463,0.26000000838972753,0.2556281336141871,0.0043718747755404075
250293,P3,all,5120,0.10699747502803802,0.05960014015436173,0.0473973348736763,-0.0075785634930840865,0.06077101127375793,-0.06834957476684202
250293,P3,fg,193,0.4369150400161743,0.326045298576355,0.11086974143981931,0.16386694142852834,0.027485430878954976,0.13638151054957337
250293,P3,bg,4927,0.1079384908080101,0.06035280376672745,0.04758568704128265,-0.02428078897039004,0.06430876414091223,-0.08858955311130227
250293,P4,all,1280,0.15244629979133606,0.081184621155262,0.07126167863607406,0.11467911740064186,0.036916079691908736,0.07776303770873313
250293,P4,fg,47,0.6267963647842407,0.3222917944192886,0.3045045703649521,0.3669801121312527,-0.20694301523761682,0.5739231273688695
250293,P4,bg,1233,0.15535901486873627,0.08871313333511352,0.06664588153362275,0.06972712895668601,0.04920937954824275,0.02051774940844326
250293,P5,all,320,0.6514231562614441,0.6234665036201477,0.02795665264129643,0.3408734565548751,0.33909566021521564,0.0017777963396594654
250293,P5,fg,14,0.9072486162185669,0.8995046854019165,0.007743930816650368,-0.3602835840590308,-0.11587758079112298,-0.24440600326790785
250293,P5,bg,306,0.6540321111679077,0.6244161486625671,0.0296159625053406,0.37094310129910546,0.3574045318757903,0.013538569423315161
250302,P3,all,5120,0.116603322327137,0.1100597396492958,0.006543582677841192,0.19652775994909458,0.19483773948531735,0.0016900204637772254
250302,P3,fg,102,0.7382723689079285,0.5389353454113006,0.19933702349662785,0.2663259226270412,0.1434197941311246,0.12290612849591659
250302,P3,bg,5018,0.115891233086586,0.11387191712856293,0.0020193159580230713,0.19083511053283847,0.20377614353808196,-0.01294103300524349
250302,P4,all,1280,0.1236148402094841,0.1297519713640213,-0.0061371311545372065,0.11575886158087965,0.10240358220148374,0.013355279379395915
250302,P4,fg,24,0.9277479648590088,0.5462288975715637,0.3815190672874451,0.9238129292882258,-0.044773876356502,0.9685868056447278
250302,P4,bg,1256,0.12334331125020981,0.13479196429252624,-0.011448653042316431,0.09559871030564521,0.10485745086251226,-0.009258740556867054
250302,P5,all,320,0.3481404185295105,0.40005571246147154,-0.05191529393196104,0.08222520354976987,0.04563377465374252,0.036591428896027345
250302,P5,fg,4,,,,,,
250302,P5,bg,316,0.3472980856895447,0.39850908517837524,-0.051210999488830566,0.0835013203112421,0.04763699573559552,0.03586432457564658
250316,P3,all,5120,0.16836410760879517,0.08578271567821502,0.08258139193058014,0.27553358269169165,0.18599678448284251,0.08953679820884913
250316,P3,fg,168,0.613600492477417,0.27858232259750365,0.33501816987991334,0.15024549162368764,0.08383336833429776,0.06641212328938988
250316,P3,bg,4952,0.16210368275642395,0.09019543528556824,0.07190824747085571,0.27337540656885506,0.20064508426002456,0.0727303223088305
250316,P4,all,1280,0.16947506368160248,0.09805767983198166,0.07141738384962082,0.3283011301645261,0.06022211275649671,0.2680790174080294
250316,P4,fg,42,0.773244321346283,0.372887647151947,0.40035667419433596,0.6838514282971273,0.04063527533336193,0.6432161529637653
250316,P4,bg,1238,0.16416457295417786,0.10260915160179138,0.06155542135238648,0.3049255773415784,0.0628882864407674,0.242037290900811
250316,P5,all,320,0.22183941304683685,0.2244449347257614,-0.002605521678924555,-0.030961197746491326,-0.06582300451882016,0.034861806772328835
250316,P5,fg,12,0.3011154234409332,0.21669524610042573,0.0844201773405075,-0.08087518026998577,-0.3312795943686429,0.2504044140986571
250316,P5,bg,308,0.22824332118034363,0.23270036280155182,-0.004457041621208191,-0.054652757894717456,-0.07877744116680263,0.024124683272085175
250326,P3,all,5120,0.12467227131128311,0.06584132388234139,0.058830947428941724,0.10043081644931705,0.11809603898344101,-0.01766522253412396
250326,P3,fg,193,0.49520501494407654,0.3345176637172699,0.16068735122680666,0.4476282339160509,0.2560402727959678,0.19158796112008308
250326,P3,bg,4927,0.1250966340303421,0.06808778345584869,0.05700885057449341,0.061634515557231026,0.11223061529429086,-0.050596099737059835
250326,P4,all,1280,0.2237214893102646,0.07987282872200012,0.14384866058826445,0.40804068887474243,0.07657730260252045,0.331463386272222
250326,P4,fg,55,0.7873532176017761,0.43326552510261535,0.3540876924991608,0.7602290583956165,0.19754132390649232,0.5626877344891241
250326,P4,bg,1225,0.20736199617385864,0.07769986093044282,0.12966213524341583,0.2815019985457124,0.0516921289667522,0.22980986957896019
250326,P5,all,320,0.5598642826080322,0.5565492272377014,0.0033150553703308328,0.12531385141205628,0.2232615110417223,-0.097947659629666
250326,P5,fg,12,0.8582493662834167,0.8402068138122558,0.018042552471160933,0.45498877761353673,0.3509237260246737,0.10406505158886303
250326,P5,bg,308,0.5536420941352844,0.5476010322570801,0.006041061878204301,0.11850513431736442,0.22139270481368642,-0.102887570496322
250331,P3,all,5120,0.13558512926101685,0.1040922909975052,0.03149283826351165,0.30884685056152095,0.16008825388264675,0.1487585966788742
250331,P3,fg,84,0.7656154036521912,0.32035685777664186,0.4452585458755493,0.5197475332294741,-0.2158580417204025,0.7356055749498766
250331,P3,bg,5036,0.1332988142967224,0.10763982683420181,0.0256589874625206,0.298057213086803,0.16978179980960753,0.12827541327719547
250331,P4,all,1280,0.15482878684997559,0.1611673951148987,-0.006338608264923107,0.26443736449732125,0.11901764198056179,0.14541972251675944
250331,P4,fg,24,0.9142987728118896,0.4100229799747467,0.504275792837143,0.9001010897441742,-0.11216036512370783,1.012261454867882
250331,P4,bg,1256,0.15571057796478271,0.16680227518081664,-0.011091697216033924,0.25498852387170295,0.1250499465136892,0.12993857735801376
250331,P5,all,320,0.561416506767273,0.5937301993370057,-0.03231369256973271,0.34112474937575926,0.31489998062110985,0.026224768754649408
250331,P5,fg,3,,,,,,
250331,P5,bg,317,0.5605406761169434,0.5928603529930114,-0.03231967687606807,0.34024458543316116,0.3147905486851382,0.025454036748022935
250332,P3,all,5120,0.13219061493873596,0.07695154771208763,0.05523906722664833,0.14070167997132982,0.044926659308500136,0.09577502066282968
250332,P3,fg,361,0.3365544378757477,0.18178971409797667,0.154764723777771,0.31925207344443696,-0.02349365471561286,0.34274572816004983
250332,P3,bg,4759,0.13944289088249207,0.08373913019895554,0.055703760683536524,0.11428031239670107,0.05060016004264849,0.06368015235405258
250332,P4,all,1280,0.17946501076221466,0.10462421029806138,0.07484080046415328,0.265404899181614,0.06748607427875923,0.19791882490285473
250332,P4,fg,93,0.5960239171981812,0.23685892224311828,0.3591649949550629,0.4974112158520166,0.01687380348484065,0.48053741236717595
250332,P4,bg,1187,0.17602957785129547,0.11205335706472397,0.0639762207865715,0.16280918234809283,0.067255850347787,0.09555333200030583
250332,P5,all,320,0.6060776114463806,0.5904133677482605,0.01566424369812014,0.14824147079753067,0.1747687311070541,-0.02652726030952343
250332,P5,fg,22,0.7267831563949585,0.6493615984916687,0.07742155790328975,-0.011210185428721058,0.07690136751963127,-0.08811155294835232
250332,P5,bg,298,0.6124972701072693,0.6012588143348694,0.011238455772399902,0.1796403989211967,0.193777523063497,-0.014137124142300284
250345,P3,all,5120,0.12632238864898682,0.06522547155618667,0.06109691709280014,0.0625782379553192,0.03032028327038897,0.03225795468493022
250345,P3,fg,112,0.4781980812549591,0.34631364345550536,0.13188443779945375,0.32894472244475953,-0.04203863940525056,0.3709833618500101
250345,P3,bg,5008,0.1306733936071396,0.06730735003948211,0.06336604356765747,0.03777774496109597,0.036021053777076525,0.0017566911840194432
250345,P4,all,1280,0.21126089990139008,0.07117815911769867,0.1400827407836914,0.3112460637185447,-0.01785128380819772,0.3290973475267424
250345,P4,fg,32,0.6491518616676331,0.34157376289367675,0.3075780987739563,0.48555739288831384,-0.019854183774843034,0.5054115766631568
250345,P4,bg,1248,0.2204163521528244,0.07449319437146187,0.14592315778136253,0.2545410508247703,-0.00992354927507462,0.2644646000998449
250345,P5,all,320,0.6173329949378967,0.6192656517028808,-0.0019326567649841087,0.20501510436656897,0.22071785995086612,-0.01570275558429715
250345,P5,fg,3,,,,,,
250345,P5,bg,317,0.6160330772399902,0.6182360649108887,-0.0022029876708984375,0.20466204160470783,0.22081521711474944,-0.016153175510041612
250349,P3,all,5120,0.13339108228683472,0.08092610538005829,0.05246497690677643,0.283096361795036,0.14112645451759312,0.14196990727744288
250349,P3,fg,112,0.624702513217926,0.39671123027801514,0.2279912829399109,0.25499883820267044,0.03805362313341891,0.21694521506925152
250349,P3,bg,5008,0.13259339332580566,0.0845239594578743,0.04806943386793136,0.2656830774824429,0.1421342970939191,0.12354878038852382
250349,P4,all,1280,0.09762195497751236,0.12164125889539719,-0.02401930391788483,0.1559452254911828,0.056766972770366006,0.0991782527208168
250349,P4,fg,32,0.8838725686073303,0.3604063928127289,0.5234661757946014,0.8651604570827304,-0.05246533683863508,0.9176257939213655
250349,P4,bg,1248,0.0930374413728714,0.1292736515402794,-0.036236210167407995,0.09066875391389717,0.06046151117200891,0.03020724274188826
250349,P5,all,320,0.15343883633613586,0.18129372596740723,-0.027854889631271362,-0.15871590635137914,-0.24992159706859624,0.0912056907172171
250349,P5,fg,3,,,,,,
250349,P5,bg,317,0.15331833064556122,0.18068170547485352,-0.027363374829292297,-0.1600533699053992,-0.24923531108413907,0.08918194117873987
250354,P3,all,5120,0.12534108757972717,0.06790732145309449,0.05743376612663269,0.09060377756852962,0.12491751215851324,-0.034313734589983616
250354,P3,fg,249,0.37619665265083313,0.2771643340587616,0.09903231859207151,0.37748159266639003,-0.0022723398275929394,0.379753932493983
250354,P3,bg,4871,0.1260206699371338,0.06969085112214088,0.05632981881499291,0.06507072485161057,0.1329301081559569,-0.06785938330434634
250354,P4,all,1280,0.19458799064159393,0.09097908586263656,0.10360890477895737,0.2684347589646175,0.06153651809990186,0.20689824086471564
250354,P4,fg,64,0.4833209216594696,0.30006765127182006,0.18325327038764955,0.4598641189990909,-0.21205903793709807,0.671923156936189
250354,P4,bg,1216,0.21188566088676453,0.09415036588907241,0.11773529499769211,0.23395603577009713,0.07776164361105951,0.15619439215903763
250354,P5,all,320,0.6064388155937195,0.5776334047317505,0.028805410861968972,0.1467097727166152,0.1750633757652483,-0.028353603048633103
250354,P5,fg,18,0.8637300729751587,0.8805958509445191,-0.016865777969360396,0.4501056480585708,0.48926019890743777,-0.03915455084886699
250354,P5,bg,302,0.6284107565879822,0.5903467178344727,0.0380640387535095,0.13905968975270555,0.16492633498404566,-0.025866645231340107
250361,P3,all,5120,0.12729412317276,0.06641353741288185,0.06088058575987816,0.1513938399253661,0.0941063388684099,0.057287501056956194
250361,P3,fg,225,0.49810197949409485,0.17221394181251526,0.3258880376815796,0.34242680690609045,-0.06377906850260456,0.406205875408695
250361,P3,bg,4895,0.13137607276439667,0.07327698022127152,0.05809909254312515,0.10067029482234674,0.10931995128454122,-0.008649656462194483
250361,P4,all,1280,0.2367982268333435,0.09549349620938301,0.14130473062396048,0.43240745441872347,0.04884326695454173,0.38356418746418175
250361,P4,fg,64,0.7382652759552002,0.21919682919979094,0.5190684467554092,0.6601662558584076,-0.0011835575705254862,0.6613498134289331
250361,P4,bg,1216,0.24235191941261292,0.10889376997947693,0.133458149433136,0.26371987042366574,0.07563840017580248,0.18808147024786326
250361,P5,all,320,0.6103077530860901,0.5810498535633087,0.02925789952278135,0.23834555096291388,0.2165754500495251,0.021770100913388768
250361,P5,fg,11,0.4637211859226227,0.3042955458164215,0.1594256401062012,-0.47598815877272793,-0.08278086632792556,-0.39320729244480235
250361,P5,bg,309,0.6128141283988953,0.5862370669841767,0.026577061414718606,0.24307540503479294,0.2207058604616184,0.022369544573174527
250365,P3,all,5120,0.12640345096588135,0.06372482851147651,0.06267862245440484,0.1325993293016832,0.09354770852997338,0.039051620771709816
250365,P3,fg,296,0.5758440494537354,0.2028483897447586,0.37299565970897675,0.480441716950105,0.17177588424256793,0.3086658327075371
250365,P3,bg,4824,0.12299222499132156,0.06719884276390076,0.05579338222742081,0.07005839306608673,0.10628521571726515,-0.03622682265117842
250365,P4,all,1280,0.1739805042743683,0.07536227107048035,0.09861823320388793,0.23724299484289235,0.004474971996556705,0.23276802284633566
250365,P4,fg,76,0.729641318321228,0.2161180019378662,0.5135233163833618,0.6334978064095862,-0.01657324227211643,0.6500710486817026
250365,P4,bg,1204,0.16017505526542664,0.08064603209495544,0.0795290231704712,0.062238525317157,0.017358150729300217,0.04488037458785678
250365,P5,all,320,0.6019952893257141,0.6370716333389282,-0.035076344013214134,0.22635385191110916,0.24343509359296336,-0.01708124168185421
250365,P5,fg,20,0.7962608933448792,0.8062007546424865,-0.009939861297607377,0.4620208006531826,0.5097489439943288,-0.04772814334114622
250365,P5,bg,300,0.5952102541923523,0.6327092528343201,-0.03749899864196782,0.1967251835471821,0.21488480043785851,-0.01815961689067641
250368,P3,all,5120,0.1724431961774826,0.10870409160852432,0.06373910456895829,0.3718242464488323,0.11834923261963368,0.25347501382919857
250368,P3,fg,244,0.5044480562210083,0.19663788378238678,0.3078101724386215,0.5159395575613914,-0.037847502675680746,0.5537870602370721
250368,P3,bg,4876,0.175387904047966,0.12127965539693833,0.054108248651027674,0.3024068187805481,0.1363890062591806,0.1660178125213675
250368,P4,all,1280,0.23216646909713745,0.13787908256053924,0.09428738653659821,0.4406385864479563,0.1133226913481626,0.3273158950997937
250368,P4,fg,57,0.75277179479599,0.2210129201412201,0.5317588746547699,0.8543376398674355,-0.08441680099235402,0.9387544408597895
250368,P4,bg,1223,0.22118236124515533,0.1587182655930519,0.062464095652103424,0.28387358593210066,0.15135702581579405,0.1325165601163066
250368,P5,all,320,0.6368703246116638,0.6092656970024108,0.027604627609252974,0.3120505460303038,0.2505616370324366,0.06148890899786719
250368,P5,fg,17,0.5539135932922363,0.3727415144443512,0.1811720788478851,-0.350567600642321,-0.556026341359284,0.20545874071696296
250368,P5,bg,303,0.6765127182006836,0.6310096502304077,0.04550306797027592,0.34611992026819177,0.278747085021757,0.06737283524643478
250389,P3,all,5120,0.1978704333305359,0.10205883532762527,0.09581159800291061,0.358681423564149,0.13945429224785072,0.21922713131629828
250389,P3,fg,377,0.7072266340255737,0.2023690789937973,0.5048575550317764,0.6226525493735576,0.14798576776910366,0.47466678160445397
250389,P3,bg,4743,0.18159157037734985,0.11796132326126099,0.06363024711608886,0.31996800026008404,0.14316891602223897,0.17679908423784507
250389,P4,all,1280,0.17828936874866486,0.17664658576250075,0.0016427829861641041,0.20796551254329435,0.17149486786413023,0.03647064467916411
250389,P4,fg,96,0.8760560154914856,0.19180284440517426,0.6842531710863113,0.8716541806654106,0.06941133124164142,0.8022428494237691
250389,P4,bg,1184,0.16822700202465057,0.21072369068861008,-0.0424966886639595,0.16840693140956406,0.18225387315762318,-0.013846941748059116
250389,P5,all,320,0.5046355724334717,0.4661742329597473,0.038461339473724376,0.08392966865154325,0.022870155584767085,0.061059513066776164
250389,P5,fg,24,0.4600115716457367,0.31657521724700927,0.14343635439872743,0.08032336868758531,-0.22056375949136547,0.3008871281789508
250389,P5,bg,296,0.5038696527481079,0.4635664761066437,0.04030317664146421,0.08216960667336694,0.027008654159583256,0.05516095251378368
250396,P3,all,5120,0.14925901591777802,0.09894857704639434,0.05031043887138367,0.29708361839508846,0.1254806946512368,0.17160292374385167
250396,P3,fg,112,0.6384307146072388,0.41083073019981386,0.2275999844074249,0.19046325857816213,-0.004320375814885824,0.19478363439304794
250396,P3,bg,5008,0.1479659080505371,0.10323944538831711,0.044726462662219996,0.27327236153791645,0.13365415976684983,0.13961820177106662
250396,P4,all,1280,0.13467177748680115,0.14376993030309676,-0.009098152816295613,0.2541368256350611,0.05102702096216003,0.2031098046729011
250396,P4,fg,24,0.9071844816207886,0.4905721843242645,0.41661229729652405,0.9035356442200129,0.0015287052010441115,0.9020069390189688
250396,P4,bg,1256,0.12895403802394867,0.15004695802927018,-0.021092920005321508,0.17246500564431333,0.0721074545893095,0.10035755105500382
250396,P5,all,320,0.10987018793821335,0.12144520431756974,-0.011575016379356387,-0.10358493342432383,-0.2659436206209761,0.16235868719665225
250396,P5,fg,4,,,,,,
250396,P5,bg,316,0.1105351522564888,0.11995397210121155,-0.009418819844722745,-0.10860393409765942,-0.2652398410621578,0.1566359069644984
250404,P3,all,5120,0.12194918841123581,0.06550579965114593,0.05644338876008988,0.07168428919323483,0.11066396840695587,-0.038979679213721044
250404,P3,fg,217,0.4718959927558899,0.2515205293893814,0.22037546336650848,0.38191417827184326,0.05187014271445769,0.3300440355573856
250404,P3,bg,4903,0.12586189806461334,0.068380456417799,0.057481441646814346,0.054354933154093996,0.11552171759005683,-0.06116678443596284
250404,P4,all,1280,0.2003544420003891,0.08926154524087906,0.11109289675951003,0.22973692834220627,0.07675774880808077,0.1529791795341255
250404,P4,fg,56,0.6810670495033264,0.2532290905714035,0.4278379589319229,0.4156994143185499,-0.08272197887066904,0.49842139318921896
250404,P4,bg,1224,0.21194805204868317,0.09506026655435562,0.11688778549432755,0.1739666487385389,0.09097435625331449,0.08299229248522441
250404,P5,all,320,0.6518978476524353,0.6667152285575867,-0.01481738090515139,0.18208791617010647,0.19002868764570272,-0.007940771475596242
250404,P5,fg,20,0.7530800104141235,0.7456126093864441,0.007467401027679399,-0.656836508236143,-0.5220541812663144,-0.13478232696982861
250404,P5,bg,300,0.6711729168891907,0.6808070540428162,-0.009634137153625488,0.21120232326982832,0.2244840496894847,-0.013281726419656387
250407,P3,all,5120,0.12115531414747238,0.06018301844596863,0.060972295701503754,0.024001895030222233,0.12052676239357225,-0.09652486736335002
250407,P3,fg,98,0.7278399467468262,0.37153497338294983,0.35630497336387634,0.7314575264905998,0.19925826280656111,0.5321992636840387
250407,P3,bg,5022,0.12308062613010406,0.06101648658514023,0.062064139544963835,0.004106754029443994,0.11835198475661102,-0.11424523072716702
250407,P4,all,1280,0.19865404069423676,0.08361874595284462,0.11503529474139214,0.30785381227795433,0.05600664556713018,0.25184716671082413
250407,P4,fg,28,0.8804890513420105,0.3556528568267822,0.5248361945152282,0.8258055335998445,-0.11775031851019835,0.9435558521100429
250407,P4,bg,1252,0.20064866542816162,0.08757439106702805,0.11307427436113357,0.23426992274309563,0.07096185295999748,0.16330806978309814
250407,P5,all,320,0.5883408784866333,0.5419117927551269,0.04642908573150639,0.1846217148215535,0.21014858529375177,-0.02552687047219826
250407,P5,fg,8,0.8952932357788086,0.907361912727356,-0.012068676948547408,-0.2697898281309585,0.5467475902234451,-0.8165374183544036
250407,P5,bg,312,0.5881987810134888,0.5395727574825286,0.04862602353096013,0.19369045095440443,0.2089102852508331,-0.015219834296428675
