dataset,split,fixed_stratum,condition_index,dx_input_px,dy_input_px,linf_px,l2_px,fixed_n,fixed_images,fixed_source_groups,teacher_unclamped_support_n,teacher_unclamped_support_fraction,perturbed_quality_gate_n,original_quality_gate_n,original_quality_gate_survived_n,original_quality_gate_survival_fraction,new_quality_gate_members_n,teacher_iou_better_n,teacher_iou_better_fraction,teacher_ce_better_n,teacher_ce_better_fraction,positive_cosine_n,cosine_defined_n,positive_cosine_fraction_fixed,positive_cosine_fraction_defined,teacher_rgb_iou_n,teacher_rgb_iou_finite_n,teacher_rgb_iou_nan_n,teacher_rgb_iou_posinf_n,teacher_rgb_iou_neginf_n,teacher_rgb_iou_mean,teacher_rgb_iou_sd_population,teacher_rgb_iou_min,teacher_rgb_iou_max,teacher_rgb_iou_p05,teacher_rgb_iou_p50,teacher_rgb_iou_p95,teacher_rgb_iou_mean_scope,teacher_ir_iou_n,teacher_ir_iou_finite_n,teacher_ir_iou_nan_n,teacher_ir_iou_posinf_n,teacher_ir_iou_neginf_n,teacher_ir_iou_mean,teacher_ir_iou_sd_population,teacher_ir_iou_min,teacher_ir_iou_max,teacher_ir_iou_p05,teacher_ir_iou_p50,teacher_ir_iou_p95,teacher_ir_iou_mean_scope,iou_advantage_n,iou_advantage_finite_n,iou_advantage_nan_n,iou_advantage_posinf_n,iou_advantage_neginf_n,iou_advantage_mean,iou_advantage_sd_population,iou_advantage_min,iou_advantage_max,iou_advantage_p05,iou_advantage_p50,iou_advantage_p95,iou_advantage_mean_scope,native_ce_n,native_ce_finite_n,native_ce_nan_n,native_ce_posinf_n,native_ce_neginf_n,native_ce_mean,native_ce_sd_population,native_ce_min,native_ce_max,native_ce_p05,native_ce_p50,native_ce_p95,native_ce_mean_scope,teacher_ce_n,teacher_ce_finite_n,teacher_ce_nan_n,teacher_ce_posinf_n,teacher_ce_neginf_n,teacher_ce_mean,teacher_ce_sd_population,teacher_ce_min,teacher_ce_max,teacher_ce_p05,teacher_ce_p50,teacher_ce_p95,teacher_ce_mean_scope,teacher_minus_native_ce_n,teacher_minus_native_ce_finite_n,teacher_minus_native_ce_nan_n,teacher_minus_native_ce_posinf_n,teacher_minus_native_ce_neginf_n,teacher_minus_native_ce_mean,teacher_minus_native_ce_sd_population,teacher_minus_native_ce_min,teacher_minus_native_ce_max,teacher_minus_native_ce_p05,teacher_minus_native_ce_p50,teacher_minus_native_ce_p95,teacher_minus_native_ce_mean_scope,kl_t2_mean4_n,kl_t2_mean4_finite_n,kl_t2_mean4_nan_n,kl_t2_mean4_posinf_n,kl_t2_mean4_neginf_n,kl_t2_mean4_mean,kl_t2_mean4_sd_population,kl_t2_mean4_min,kl_t2_mean4_max,kl_t2_mean4_p05,kl_t2_mean4_p50,kl_t2_mean4_p95,kl_t2_mean4_mean_scope,cosine_n,cosine_finite_n,cosine_nan_n,cosine_posinf_n,cosine_neginf_n,cosine_mean,cosine_sd_population,cosine_min,cosine_max,cosine_p05,cosine_p50,cosine_p95,cosine_mean_scope,gradient_dot_n,gradient_dot_finite_n,gradient_dot_nan_n,gradient_dot_posinf_n,gradient_dot_neginf_n,gradient_dot_mean,gradient_dot_sd_population,gradient_dot_min,gradient_dot_max,gradient_dot_p05,gradient_dot_p50,gradient_dot_p95,gradient_dot_mean_scope,kd_gradient_norm_n,kd_gradient_norm_finite_n,kd_gradient_norm_nan_n,kd_gradient_norm_posinf_n,kd_gradient_norm_neginf_n,kd_gradient_norm_mean,kd_gradient_norm_sd_population,kd_gradient_norm_min,kd_gradient_norm_max,kd_gradient_norm_p05,kd_gradient_norm_p50,kd_gradient_norm_p95,kd_gradient_norm_mean_scope,gt_gradient_norm_n,gt_gradient_norm_finite_n,gt_gradient_norm_nan_n,gt_gradient_norm_posinf_n,gt_gradient_norm_neginf_n,gt_gradient_norm_mean,gt_gradient_norm_sd_population,gt_gradient_norm_min,gt_gradient_norm_max,gt_gradient_norm_p05,gt_gradient_norm_p50,gt_gradient_norm_p95,gt_gradient_norm_mean_scope,gradient_norm_ratio_n,gradient_norm_ratio_finite_n,gradient_norm_ratio_nan_n,gradient_norm_ratio_posinf_n,gradient_norm_ratio_neginf_n,gradient_norm_ratio_mean,gradient_norm_ratio_sd_population,gradient_norm_ratio_min,gradient_norm_ratio_max,gradient_norm_ratio_p05,gradient_norm_ratio_p50,gradient_norm_ratio_p95,gradient_norm_ratio_mean_scope,lost_mass_t1_mean4_n,lost_mass_t1_mean4_finite_n,lost_mass_t1_mean4_nan_n,lost_mass_t1_mean4_posinf_n,lost_mass_t1_mean4_neginf_n,lost_mass_t1_mean4_mean,lost_mass_t1_mean4_sd_population,lost_mass_t1_mean4_min,lost_mass_t1_mean4_max,lost_mass_t1_mean4_p05,lost_mass_t1_mean4_p50,lost_mass_t1_mean4_p95,lost_mass_t1_mean4_mean_scope,lost_mass_t1_max_side_n,lost_mass_t1_max_side_finite_n,lost_mass_t1_max_side_nan_n,lost_mass_t1_max_side_posinf_n,lost_mass_t1_max_side_neginf_n,lost_mass_t1_max_side_mean,lost_mass_t1_max_side_sd_population,lost_mass_t1_max_side_min,lost_mass_t1_max_side_max,lost_mass_t1_max_side_p05,lost_mass_t1_max_side_p50,lost_mass_t1_max_side_p95,lost_mass_t1_max_side_mean_scope,lost_mass_t2_mean4_n,lost_mass_t2_mean4_finite_n,lost_mass_t2_mean4_nan_n,lost_mass_t2_mean4_posinf_n,lost_mass_t2_mean4_neginf_n,lost_mass_t2_mean4_mean,lost_mass_t2_mean4_sd_population,lost_mass_t2_mean4_min,lost_mass_t2_mean4_max,lost_mass_t2_mean4_p05,lost_mass_t2_mean4_p50,lost_mass_t2_mean4_p95,lost_mass_t2_mean4_mean_scope,lost_mass_t2_max_side_n,lost_mass_t2_max_side_finite_n,lost_mass_t2_max_side_nan_n,lost_mass_t2_max_side_posinf_n,lost_mass_t2_max_side_neginf_n,lost_mass_t2_max_side_mean,lost_mass_t2_max_side_sd_population,lost_mass_t2_max_side_min,lost_mass_t2_max_side_max,lost_mass_t2_max_side_p05,lost_mass_t2_max_side_p50,lost_mass_t2_max_side_p95,lost_mass_t2_max_side_mean_scope,conditional_vs_exact_box_max_abs_px_n,conditional_vs_exact_box_max_abs_px_finite_n,conditional_vs_exact_box_max_abs_px_nan_n,conditional_vs_exact_box_max_abs_px_posinf_n,conditional_vs_exact_box_max_abs_px_neginf_n,conditional_vs_exact_box_max_abs_px_mean,conditional_vs_exact_box_max_abs_px_sd_population,conditional_vs_exact_box_max_abs_px_min,conditional_vs_exact_box_max_abs_px_max,conditional_vs_exact_box_max_abs_px_p05,conditional_vs_exact_box_max_abs_px_p50,conditional_vs_exact_box_max_abs_px_p95,conditional_vs_exact_box_max_abs_px_mean_scope,conditional_box_rgb_iou_n,conditional_box_rgb_iou_finite_n,conditional_box_rgb_iou_nan_n,conditional_box_rgb_iou_posinf_n,conditional_box_rgb_iou_neginf_n,conditional_box_rgb_iou_mean,conditional_box_rgb_iou_sd_population,conditional_box_rgb_iou_min,conditional_box_rgb_iou_max,conditional_box_rgb_iou_p05,conditional_box_rgb_iou_p50,conditional_box_rgb_iou_p95,conditional_box_rgb_iou_mean_scope
llvip,train,base,0,0,0,0,0.0,2728,1024,14,2728,1.0,23,23,23,1.0,0,1291,0.47324046920821117,1592,0.5835777126099707,2206,2728,0.8086510263929618,0.8086510263929618,2728,2728,0,0,0,0.8814847345414265,0.07928595709981222,0.1523562387402829,0.9942358756797879,0.7305453064878736,0.9002785525370072,0.9674450710382211,all_objects,2728,2728,0,0,0,0.8814847345414265,0.07928595709981222,0.1523562387402829,0.9942358756797879,0.7305453064878736,0.9002785525370072,0.9674450710382211,all_objects,2728,2728,0,0,0,-0.002332673926171332,0.07349020333556999,-0.5376026429240623,0.6274555679180605,-0.10988306215726501,-0.003142508729635396,0.10575581748803307,all_objects,2728,2728,0,0,0,0.680910342085046,0.2595697124979214,0.2307109253492022,5.040649458002111,0.4518092784470714,0.6328195135142862,1.0887949282180818,all_objects,2728,2728,0,0,0,0.6634900960982625,0.2462991525429694,0.21946909161605854,6.5486377894423216,0.438494265475068,0.6200021598314942,1.011072856023532,all_objects,2728,2728,0,0,0,-0.017420245986783527,0.19969077371566746,-3.9012904290905923,1.7029249430950388,-0.2132199944276144,-0.009077307757912101,0.16627286314497738,all_objects,2728,2728,0,0,0,0.20656855551802353,0.29172614608749986,0.0068214056925197265,6.22513878542919,0.0271037455371137,0.12876654899139167,0.6027861996720395,all_objects,2728,2728,0,0,0,0.36826177977101227,0.3951684257690834,-0.8281948934144528,0.9747058321798493,-0.3975238076380859,0.4429136345625124,0.8706307109739542,all_objects,2728,2728,0,0,0,0.007281033578541955,0.014877950772536655,-0.0531159496983479,0.2614411408072225,-0.0041862854045911,0.003585249306169307,0.029395257198885007,all_objects,2728,2728,0,0,0,0.11895855784907705,0.060856635583044154,0.012660584767459527,0.632461169948727,0.04586469740027511,0.10670087484090529,0.22736558972047755,all_objects,2728,2728,0,0,0,0.11792015104802878,0.06826041970271496,0.008174690143492648,0.4789180932973905,0.0373807395573382,0.10251135930739493,0.25759444845412016,all_objects,2728,2728,0,0,0,1.2249359967183793,0.8016934643925243,0.11288701731732255,14.019927352058152,0.4286427627783897,1.0704712356543926,2.4695146830289314,all_objects,2728,2728,0,0,0,0.0,0.0,0.0,0.0,0.0,0.0,0.0,all_objects,2728,2728,0,0,0,0.0,0.0,0.0,0.0,0.0,0.0,0.0,all_objects,2728,2728,0,0,0,0.0,0.0,0.0,0.0,0.0,0.0,0.0,all_objects,2728,2728,0,0,0,0.0,0.0,0.0,0.0,0.0,0.0,0.0,all_objects,2728,2728,0,0,0,0.0,0.0,0.0,0.0,0.0,0.0,0.0,all_objects,2728,2728,0,0,0,0.8814847345414265,0.07928595709981222,0.1523562387402829,0.9942358756797879,0.7305453064878736,0.9002785525370072,0.9674450710382211,all_objects
llvip,train,n_iou_lt_070,0,0,0,0,0.0,82,73,13,82,1.0,23,23,23,1.0,0,72,0.8780487804878049,65,0.7926829268292683,72,82,0.8780487804878049,0.8780487804878049,82,82,0,0,0,0.7281261138210181,0.13964860982450852,0.1523562387402829,0.9455728400837885,0.5016932618334857,0.7604188757673318,0.9120352909148839,all_objects,82,82,0,0,0,0.7281261138210181,0.13964860982450852,0.1523562387402829,0.9455728400837885,0.5016932618334857,0.7604188757673318,0.9120352909148839,all_objects,82,82,0,0,0,0.13284988673463646,0.1455511689163198,-0.1908227799122693,0.6274555679180605,-0.07022258987407226,0.10548945061186976,0.3431267231629862,all_objects,82,82,0,0,0,1.5334687448175544,0.7647688205918972,0.7929635698187757,5.040649458002111,0.8679013923987137,1.3427683739816638,2.983705990080583,all_objects,82,82,0,0,0,1.1013831711585245,0.7602657560555233,0.4223842164127015,6.5486377894423216,0.5466263425680621,0.894512342035253,1.9473652552959948,all_objects,82,82,0,0,0,-0.4320855736590299,0.7369099342128201,-3.9012904290905923,1.5079883314402105,-1.262490428800555,-0.3622570355249624,0.5375104928004476,all_objects,82,82,0,0,0,0.8144504645295065,0.9752477810721634,0.06002907539944078,6.22513878542919,0.11486813219890801,0.538550670851766,2.2399154883791716,all_objects,82,82,0,0,0,0.5437822411286473,0.35546942773229495,-0.5031301276310765,0.955449385877573,-0.2639275260157216,0.6593975761960562,0.9113147099760367,all_objects,82,82,0,0,0,0.0478872590239027,0.050933838407243824,-0.02740191128007302,0.2614411408072225,-0.009516703896755406,0.035810969903236296,0.12851382097715708,all_objects,82,82,0,0,0,0.23231781523406078,0.11267506457722627,0.0715434682133829,0.632461169948727,0.09543189928181615,0.2072428634723102,0.41617594002915714,all_objects,82,82,0,0,0,0.2950183611650579,0.06983477943464111,0.16377375305143124,0.4789180932973905,0.18642605757071218,0.2860288092526103,0.42894910378168877,all_objects,82,82,0,0,0,0.7916312583655436,0.3283936877258037,0.25534378049143297,1.5438684617165557,0.32026891546117575,0.7229032491805338,1.393370490815051,all_objects,82,82,0,0,0,0.0,0.0,0.0,0.0,0.0,0.0,0.0,all_objects,82,82,0,0,0,0.0,0.0,0.0,0.0,0.0,0.0,0.0,all_objects,82,82,0,0,0,0.0,0.0,0.0,0.0,0.0,0.0,0.0,all_objects,82,82,0,0,0,0.0,0.0,0.0,0.0,0.0,0.0,0.0,all_objects,82,82,0,0,0,0.0,0.0,0.0,0.0,0.0,0.0,0.0,all_objects,82,82,0,0,0,0.7281261138210181,0.13964860982450852,0.1523562387402829,0.9455728400837885,0.5016932618334857,0.7604188757673318,0.9120352909148839,all_objects
llvip,train,quality_gate070,0,0,0,0,0.0,23,22,10,23,1.0,23,23,23,1.0,0,23,1.0,22,0.9565217391304348,23,23,1.0,1.0,23,23,0,0,0,0.8040547438564228,0.08590634800531695,0.6268572073851029,0.9455728400837885,0.6426029715561464,0.7833902039328715,0.9431984180457023,all_objects,23,23,0,0,0,0.8040547438564228,0.08590634800531695,0.6268572073851029,0.9455728400837885,0.6426029715561464,0.7833902039328715,0.9431984180457023,all_objects,23,23,0,0,0,0.22221580310077768,0.1454124587369835,0.053274715483655144,0.6274555679180605,0.0641628386465275,0.19364193769344595,0.5166219100451329,all_objects,23,23,0,0,0,1.5602295811012972,0.8675419100842646,0.8444079983662671,4.737907360616081,0.875755745307193,1.3016217418434377,3.364608434650706,all_objects,23,23,0,0,0,0.7993784737280593,0.22870649846872382,0.5123302183001519,1.5780458025606439,0.5364410043868204,0.7337633663943238,1.198196045268047,all_objects,23,23,0,0,0,-0.760851107373238,0.8792634411965267,-3.9012904290905923,0.014895031663481495,-2.6080999046712514,-0.5970430912980002,-0.03240123969549984,all_objects,23,23,0,0,0,1.2579783122538788,1.5146249577436157,0.0712298382289638,6.22513878542919,0.19434771314143554,0.778399620303091,4.93816204895485,all_objects,23,23,0,0,0,0.7624319641238435,0.16914597218894292,0.40107026765133563,0.955449385877573,0.4312244255318114,0.8301810750219195,0.9443458515125536,all_objects,23,23,0,0,0,0.07503538319729523,0.06292553821091913,0.014022631900573786,0.2614411408072225,0.017451848892304025,0.053351627944237166,0.2273041764566869,all_objects,23,23,0,0,0,0.29182101090210893,0.1331001919097331,0.09399038429591301,0.632461169948727,0.13716373313668895,0.2578709500652177,0.5858262049577403,all_objects,23,23,0,0,0,0.2922976272256671,0.07049322033650486,0.16377375305143124,0.4532843179158149,0.19155322538519948,0.2780635786057447,0.4231893324850266,all_objects,23,23,0,0,0,0.9872378563155779,0.3131850863084384,0.45911804727315236,1.408948711782854,0.498423377427858,1.0633381313290236,1.3969859839180314,all_objects,23,23,0,0,0,0.0,0.0,0.0,0.0,0.0,0.0,0.0,all_objects,23,23,0,0,0,0.0,0.0,0.0,0.0,0.0,0.0,0.0,all_objects,23,23,0,0,0,0.0,0.0,0.0,0.0,0.0,0.0,0.0,all_objects,23,23,0,0,0,0.0,0.0,0.0,0.0,0.0,0.0,0.0,all_objects,23,23,0,0,0,0.0,0.0,0.0,0.0,0.0,0.0,0.0,all_objects,23,23,0,0,0,0.8040547438564228,0.08590634800531695,0.6268572073851029,0.9455728400837885,0.6426029715561464,0.7833902039328715,0.9431984180457023,all_objects
llvip,val,base,0,0,0,0,0.0,548,196,5,548,1.0,61,61,61,1.0,0,311,0.5675182481751825,335,0.6113138686131386,434,548,0.791970802919708,0.791970802919708,548,548,0,0,0,0.7676460573208522,0.13421512450777304,0.09269231977175821,0.9796382550299093,0.5106561715680635,0.7896524793682905,0.9358468825913908,all_objects,548,548,0,0,0,0.7676460573208522,0.13421512450777304,0.09269231977175821,0.9796382550299093,0.5106561715680635,0.7896524793682905,0.9358468825913908,all_objects,548,548,0,0,0,0.04116323182142807,0.15508302609671115,-0.48316547944615024,0.5684135336836198,-0.1780148798024614,0.021649759180238592,0.34788839040418473,all_objects,548,548,0,0,0,1.1296532567372595,0.6875356714472393,0.3527060457076785,5.001997555456926,0.535784429351183,0.9031641937197016,2.495684714640167,all_objects,548,548,0,0,0,0.9737552894161773,0.5903019222820617,0.3333937963806957,5.743750926716394,0.4998787332949084,0.7895362088308884,2.0808468295894875,all_objects,548,548,0,0,0,-0.15589796732108194,0.6834787775241781,-3.882544271125133,3.4741451604325024,-1.2300167936367996,-0.06248376311528395,0.6120001805458695,all_objects,548,548,0,0,0,0.8042054077872683,1.0434905995701855,0.02746238407569526,8.993409194768393,0.08338668432298506,0.4528061931291846,2.6261015752429517,all_objects,548,548,0,0,0,0.40631273010635316,0.4157241096444429,-0.7874480761037534,0.9636398036494007,-0.3805621772576237,0.517973086779508,0.9048493367874259,all_objects,548,548,0,0,0,0.03134879591117875,0.04586434473140951,-0.047597681437219964,0.2837158507629781,-0.01098279057500416,0.014741165338476804,0.12006575811103957,all_objects,548,548,0,0,0,0.23068243217218365,0.11547209726518509,0.04049672429112363,0.6807902516151868,0.0832159540912126,0.20542362959388083,0.4551946183196918,all_objects,548,548,0,0,0,0.22094331233387587,0.09853059840946579,0.03175749632088304,0.5018531537460809,0.08393298169206632,0.21053633216692952,0.3973736483626606,all_objects,548,548,0,0,0,1.1660335873519423,0.5925323443389942,0.19465021284815523,5.563053994160837,0.4053262762995423,1.10158756953417,2.257405099423221,all_objects,548,548,0,0,0,0.0,0.0,0.0,0.0,0.0,0.0,0.0,all_objects,548,548,0,0,0,0.0,0.0,0.0,0.0,0.0,0.0,0.0,all_objects,548,548,0,0,0,0.0,0.0,0.0,0.0,0.0,0.0,0.0,all_objects,548,548,0,0,0,0.0,0.0,0.0,0.0,0.0,0.0,0.0,all_objects,548,548,0,0,0,0.0,0.0,0.0,0.0,0.0,0.0,0.0,all_objects,548,548,0,0,0,0.7676460573208522,0.13421512450777304,0.09269231977175821,0.9796382550299093,0.5106561715680635,0.7896524793682905,0.9358468825913908,all_objects
llvip,val,n_iou_lt_070,0,0,0,0,0.0,199,109,5,199,1.0,61,61,61,1.0,0,156,0.7839195979899497,160,0.8040201005025126,176,199,0.8844221105527639,0.8844221105527639,199,199,0,0,0,0.7076812921441968,0.16220496134123538,0.09269231977175821,0.9759079819193804,0.4273598637487151,0.7346162207088377,0.9146811867617033,all_objects,199,199,0,0,0,0.7076812921441968,0.16220496134123538,0.09269231977175821,0.9759079819193804,0.4273598637487151,0.7346162207088377,0.9146811867617033,all_objects,199,199,0,0,0,0.14629329977686598,0.17423092008298355,-0.4638613609350374,0.5684135336836198,-0.0871982059202447,0.14057492605033417,0.4211307401191402,all_objects,199,199,0,0,0,1.7359173322976793,0.7979102861211226,0.7802346682423353,5.001997555456926,0.8758429577319732,1.5544592925965315,3.357660916473895,all_objects,199,199,0,0,0,1.1974491962378941,0.7578480640499073,0.3333937963806957,5.743750926716394,0.5334009380616487,0.9851100471652542,2.7871875800228465,all_objects,199,199,0,0,0,-0.5384681360597853,0.8970422212736175,-3.882544271125133,2.5859939653165025,-2.1102537869698206,-0.4888660747211431,0.6047020827581782,all_objects,199,199,0,0,0,1.3792449510457245,1.3781221215486448,0.04004591604621775,8.993409194768393,0.1510475623414515,0.9889010566146079,4.117228855685351,all_objects,199,199,0,0,0,0.5544913931599923,0.37303958869923687,-0.7338289442679967,0.9496297768134653,-0.26138968799329343,0.6832043876662375,0.9301061028678832,all_objects,199,199,0,0,0,0.06461480476454584,0.05859899764024652,-0.047597681437219964,0.2837158507629781,-0.010693508469085063,0.056361872589888874,0.17546889359118373,all_objects,199,199,0,0,0,0.3021437060458265,0.13064204784825292,0.062322616591881486,0.6807902516151868,0.11857908908397671,0.29398021674534436,0.5149881319290301,all_objects,199,199,0,0,0,0.31668331667712996,0.06760143215060646,0.14747383833816738,0.5018531537460809,0.20423323313350353,0.3193137834123681,0.42770397153223966,all_objects,199,199,0,0,0,0.9608275193695541,0.37110023472924425,0.26895758384391116,1.968290079414538,0.35639660140330537,0.9644435405786805,1.5268565154710558,all_objects,199,199,0,0,0,0.0,0.0,0.0,0.0,0.0,0.0,0.0,all_objects,199,199,0,0,0,0.0,0.0,0.0,0.0,0.0,0.0,0.0,all_objects,199,199,0,0,0,0.0,0.0,0.0,0.0,0.0,0.0,0.0,all_objects,199,199,0,0,0,0.0,0.0,0.0,0.0,0.0,0.0,0.0,all_objects,199,199,0,0,0,0.0,0.0,0.0,0.0,0.0,0.0,0.0,all_objects,199,199,0,0,0,0.7076812921441968,0.16220496134123538,0.09269231977175821,0.9759079819193804,0.4273598637487151,0.7346162207088377,0.9146811867617033,all_objects
llvip,val,quality_gate070,0,0,0,0,0.0,61,49,5,61,1.0,61,61,61,1.0,0,61,1.0,61,1.0,61,61,1.0,1.0,61,61,0,0,0,0.8098050248043989,0.0912461325181121,0.6037502610411088,0.9759079819193804,0.6483364646123067,0.82255766569166,0.9457156639731035,all_objects,61,61,0,0,0,0.8098050248043989,0.0912461325181121,0.6037502610411088,0.9759079819193804,0.6483364646123067,0.82255766569166,0.9457156639731035,all_objects,61,61,0,0,0,0.262153576063167,0.1242262501277571,0.05453191712823635,0.5567909903421778,0.09784203474211495,0.22176587160932693,0.4926448634282487,all_objects,61,61,0,0,0,1.738786075620742,0.8104125587372356,0.7802346682423353,5.001997555456926,0.8676732916761339,1.5549755958521454,3.138343399318902,all_objects,61,61,0,0,0,0.793332949031223,0.2946142062850949,0.38656640636637796,1.928202242719508,0.51668515474114,0.6880121807227912,1.209394249457172,all_objects,61,61,0,0,0,-0.9454531265895191,0.7626303086968609,-3.882544271125133,-0.0003946105039076553,-2.2322268924661053,-0.7117605293760856,-0.13356926278212344,all_objects,61,61,0,0,0,1.758663887002221,1.318724886917859,0.20532020503174153,6.6832491233092535,0.4338384828426595,1.224265425692054,4.315966480408633,all_objects,61,61,0,0,0,0.7849866146928555,0.15463623841841181,0.27498194796409264,0.9496297768134653,0.46543587357470845,0.8412914659055952,0.9355973590745227,all_objects,61,61,0,0,0,0.09754837926807881,0.0568194924334651,0.012933541772641065,0.2837158507629781,0.024255195046896383,0.08055484309442396,0.2050677465639933,all_objects,61,61,0,0,0,0.3651646071026894,0.11388101911403815,0.1486055840292323,0.6807902516151868,0.17533456760387928,0.34966237822385365,0.5818634273316063,all_objects,61,61,0,0,0,0.3148805214932809,0.06928139479603594,0.1705275573051086,0.5018531537460809,0.20442780651278783,0.31562101135508197,0.41631816797676113,all_objects,61,61,0,0,0,1.166773700664646,0.2801238941463129,0.6192827859063036,1.7102007890380926,0.6791771613933762,1.189753613462391,1.5198815923924807,all_objects,61,61,0,0,0,0.0,0.0,0.0,0.0,0.0,0.0,0.0,all_objects,61,61,0,0,0,0.0,0.0,0.0,0.0,0.0,0.0,0.0,all_objects,61,61,0,0,0,0.0,0.0,0.0,0.0,0.0,0.0,0.0,all_objects,61,61,0,0,0,0.0,0.0,0.0,0.0,0.0,0.0,0.0,all_objects,61,61,0,0,0,0.0,0.0,0.0,0.0,0.0,0.0,0.0,all_objects,61,61,0,0,0,0.8098050248043989,0.0912461325181121,0.6037502610411088,0.9759079819193804,0.6483364646123067,0.82255766569166,0.9457156639731035,all_objects
llvip,train,base,1,1,0,1,1.0,2728,1024,14,2728,1.0,24,23,23,1.0,1,1131,0.4145894428152493,1249,0.45784457478005863,2172,2728,0.7961876832844574,0.7961876832844574,2728,2728,0,0,0,0.8724897521783086,0.07909591947074421,0.16623465115327957,0.991995177042327,0.7227658711444007,0.8915315520268299,0.9605959281409895,all_objects,2728,2728,0,0,0,0.8724897521783086,0.07909591947074421,0.16623465115327957,0.991995177042327,0.7227658711444007,0.8915315520268299,0.9605959281409895,all_objects,2728,2728,0,0,0,-0.011327656289289119,0.07592663131747904,-0.5654707174260837,0.6660089584129341,-0.12344604678976015,-0.0112612981995458,0.10011054971843673,all_objects,2728,2728,0,0,0,0.680910342085046,0.2595697124979214,0.2307109253492022,5.040649458002111,0.4518092784470714,0.6328195135142862,1.0887949282180818,all_objects,2728,2728,0,0,0,0.6759784845437625,0.2354885994102725,0.23987649439100986,5.893174050531048,0.45614937564368846,0.633430046421917,1.0251958733412485,all_objects,2728,2728,0,0,0,-0.0049318575412834464,0.19591675929118793,-3.9330050770977034,1.6732857814806479,-0.2038571688407531,0.0053022798281658345,0.172805786081472,all_objects,2728,2728,0,0,0,0.21493601261920653,0.29011697526079006,0.012345795157362723,6.32415209193431,0.03792013173971403,0.13622085351313246,0.6063728328250306,all_objects,2728,2728,0,0,0,0.3370045038905355,0.39223129172237753,-0.7952926144038377,0.9723143848848285,-0.401948494618786,0.40971690496531793,0.8634617915823073,all_objects,2728,2728,0,0,0,0.006897588781218729,0.014615667369439698,-0.05295426035325014,0.2618056144661745,-0.0042090137156582386,0.0032297935082266213,0.02868812954645849,all_objects,2728,2728,0,0,0,0.11860685991483447,0.059591049949880584,0.019517697978483087,0.6315536862056387,0.047370820864502006,0.10612134563867201,0.22487657137353748,all_objects,2728,2728,0,0,0,0.11792015104802878,0.06826041970271496,0.008174690143492648,0.4789180932973905,0.0373807395573382,0.10251135930739493,0.25759444845412016,all_objects,2728,2728,0,0,0,1.2299399052384419,0.8128960523937905,0.15320365720789653,14.079321190960998,0.43806035354756884,1.0639786605392243,2.4869456448571796,all_objects,2728,2728,0,0,0,0.001442657909702845,0.0028498661424974513,9.726513638777352e-09,0.01607248703316465,5.361612211695192e-07,2.149953871475273e-05,0.008238281986217753,all_objects,2728,2728,0,0,0,0.0057697660167560375,0.011399402185650555,2.087911843055942e-08,0.06428090497375262,1.9908169661302415e-06,8.472577331649337e-05,0.03295293940583004,all_objects,2728,2728,0,0,0,0.0018983148394734939,0.0026711770391883894,1.1811390195357349e-05,0.015111257005944826,7.247890309254109e-05,0.000433521508795865,0.007718439196793551,all_objects,2728,2728,0,0,0,0.007481279748588594,0.010672951252317849,2.4670453607671206e-05,0.05987242547014363,0.00023672473937889663,0.0015801393665133027,0.030795059914893404,all_objects,2728,2728,0,0,0,0.13902135988012126,0.2530404677028156,5.150561548816768e-06,0.9888945365364634,0.00011572918676563403,0.0031518742286209545,0.7576487441409171,all_objects,2728,2728,0,0,0,0.873826590040142,0.07865496222092479,0.1662286393736601,0.9920670272994773,0.725724863828477,0.8930334458327998,0.9606621722756377,all_objects
llvip,train,n_iou_lt_070,1,1,0,1,1.0,82,73,13,82,1.0,24,23,23,1.0,1,68,0.8292682926829268,67,0.8170731707317073,73,82,0.8902439024390244,0.8902439024390244,82,82,0,0,0,0.7257936666758178,0.1425287567997402,0.16623465115327957,0.9455728400837885,0.501970101275201,0.7517282165870982,0.907700144981874,all_objects,82,82,0,0,0,0.7257936666758178,0.1425287567997402,0.16623465115327957,0.9455728400837885,0.501970101275201,0.7517282165870982,0.907700144981874,all_objects,82,82,0,0,0,0.13051743958943604,0.15022687684869365,-0.1908227799122693,0.6660089584129341,-0.09023188915808801,0.11708358037524069,0.3416135196703073,all_objects,82,82,0,0,0,1.5334687448175544,0.7647688205918972,0.7929635698187757,5.040649458002111,0.8679013923987137,1.3427683739816638,2.983705990080583,all_objects,82,82,0,0,0,1.0852881790458,0.6985526251300398,0.44787525179472726,5.893174050531048,0.5565334041826839,0.8937892054554712,1.937948649837517,all_objects,82,82,0,0,0,-0.44818056577175436,0.7115419589806754,-3.9330050770977034,0.9121450358922085,-1.2569352710882218,-0.36104933998339733,0.540724845063429,all_objects,82,82,0,0,0,0.8102737513038984,0.9629221236605117,0.06274511818428365,6.32415209193431,0.12170647693213013,0.4949613244385689,2.210980724703061,all_objects,82,82,0,0,0,0.5499472018151702,0.3507005597226688,-0.43482350846641626,0.949609276374837,-0.18588983053158467,0.6537996759567801,0.9133754085710033,all_objects,82,82,0,0,0,0.0474213108284372,0.04970646046827716,-0.0181945256432856,0.2618056144661745,-0.00717135236575179,0.03559251893412929,0.12018109338478068,all_objects,82,82,0,0,0,0.22930479795937772,0.11029490368284042,0.07826894516128455,0.6315536862056387,0.09426979395682578,0.20056562451572751,0.41784838132868657,all_objects,82,82,0,0,0,0.2950183611650579,0.06983477943464111,0.16377375305143124,0.4789180932973905,0.18642605757071218,0.2860288092526103,0.42894910378168877,all_objects,82,82,0,0,0,0.7813791712091721,0.32116048850556966,0.2793474911357536,1.555303594781904,0.3405323972419766,0.7226017199616874,1.3697301037634404,all_objects,82,82,0,0,0,0.0014209175788504904,0.002636750462168912,5.9089699292744e-07,0.0125684837865556,1.6474208571308148e-06,5.0499432554919555e-05,0.007061908458776758,all_objects,82,82,0,0,0,0.005680495732358097,0.010547790787387575,2.1008233473140277e-06,0.05027276424902398,6.332085053814862e-06,0.00019358169644964,0.028246420461749834,all_objects,82,82,0,0,0,0.0020440962379848888,0.002598945611394392,7.797718782791391e-05,0.012605745117612638,0.0001126293965708646,0.0007012290723948547,0.006601680534446786,all_objects,82,82,0,0,0,0.00796214006734125,0.01039193928975865,0.00022887133952426806,0.05017075530559231,0.0003643204441624327,0.0024501350057254236,0.026241003344708153,all_objects,82,82,0,0,0,0.13598269259234397,0.23007184886993653,0.00014137190885321615,0.8894118120835515,0.0003594155801721399,0.006543237710063821,0.6292922186317285,all_objects,82,82,0,0,0,0.7255466958589494,0.14100736596460667,0.1662286393736601,0.9455754121876764,0.5019329716797966,0.7516799511697667,0.9077037412318653,all_objects
llvip,train,quality_gate070,1,1,0,1,1.0,23,22,10,23,1.0,23,23,23,1.0,0,23,1.0,23,1.0,23,23,1.0,1.0,23,23,0,0,0,0.8077499347009924,0.08474425936874184,0.6268572073851029,0.9455728400837885,0.6426029715561464,0.8138747163845274,0.9283682438707451,all_objects,23,23,0,0,0,0.8077499347009924,0.08474425936874184,0.6268572073851029,0.9455728400837885,0.6426029715561464,0.8138747163845274,0.9283682438707451,all_objects,23,23,0,0,0,0.2259109939453473,0.14794860300512902,0.053274715483655144,0.6660089584129341,0.0641628386465275,0.19364193769344595,0.5099084055938876,all_objects,23,23,0,0,0,1.5602295811012972,0.8675419100842646,0.8444079983662671,4.737907360616081,0.875755745307193,1.3016217418434377,3.364608434650706,all_objects,23,23,0,0,0,0.7955834606482952,0.21262634832136076,0.5177754565507118,1.5372423829052864,0.5579665979384612,0.7505619266997785,1.1881168728481872,all_objects,23,23,0,0,0,-0.7646461204530021,0.8749222532923394,-3.9330050770977034,-0.02330649670096485,-2.5882082492845337,-0.5917692309619964,-0.08281139550358689,all_objects,23,23,0,0,0,1.2500669271172082,1.4922360543070572,0.09243509898807417,6.32415209193431,0.16879921403562737,0.7909101963212147,4.680694592238513,all_objects,23,23,0,0,0,0.770946502449238,0.16030628727104912,0.4294963167258293,0.949609276374837,0.45698229367101817,0.8216329728293101,0.9394276910735702,all_objects,23,23,0,0,0,0.07433368209838229,0.061652185195334594,0.014378284032531765,0.2618056144661745,0.018464302431224978,0.054225698961676644,0.2210553813419821,all_objects,23,23,0,0,0,0.2883210584022583,0.13023062870257066,0.09757079760298501,0.6315536862056387,0.12928033554953877,0.2627653481678636,0.5716812491480816,all_objects,23,23,0,0,0,0.2922976272256671,0.07049322033650486,0.16377375305143124,0.4532843179158149,0.19155322538519948,0.2780635786057447,0.4231893324850266,all_objects,23,23,0,0,0,0.9756956143635339,0.3038774947778773,0.4568206005010689,1.4215637144661686,0.504406965046908,1.0049398090841237,1.3911373898399104,all_objects,23,23,0,0,0,0.0012629627764781204,0.0022881896675454923,5.9089699292744e-07,0.007803711559392768,1.12170279589822e-06,3.594762363239174e-05,0.0056702746952344936,all_objects,23,23,0,0,0,0.005051318714753648,0.009152731808367587,2.1008233473140277e-06,0.031214583509696418,2.8484495195221957e-06,0.00014211606316177403,0.022679197349974495,all_objects,23,23,0,0,0,0.001746991101913009,0.0023790192910948704,7.797718782791391e-05,0.007494496686623288,0.00010753956990470752,0.00046897295119031256,0.0059752896851207144,all_objects,23,23,0,0,0,0.006887667493726343,0.009518401238704744,0.00022887133952426806,0.029895905220658735,0.0002513563732005387,0.001681151529786417,0.023823176719661734,all_objects,23,23,0,0,0,0.13327845630000607,0.23296426214980764,0.00014137190885321615,0.7422461045840123,0.0003609710199327765,0.005847768117689611,0.5989677798985211,all_objects,23,23,0,0,0,0.8068338374251923,0.08357130439834931,0.6267171941167562,0.9455754121876764,0.6425844176448683,0.8140441589811485,0.9284703745581405,all_objects
llvip,val,base,1,1,0,1,1.0,548,196,5,548,1.0,61,61,61,1.0,0,298,0.5437956204379562,326,0.5948905109489051,435,548,0.7937956204379562,0.7937956204379562,548,548,0,0,0,0.7641163725485878,0.13225803119002205,0.09136010370016284,0.9742624661333213,0.5228239915337243,0.7841039206442462,0.9262608099486118,all_objects,548,548,0,0,0,0.7641163725485878,0.13225803119002205,0.09136010370016284,0.9742624661333213,0.5228239915337243,0.7841039206442462,0.9262608099486118,all_objects,548,548,0,0,0,0.037633547049163864,0.1529940815000806,-0.4922745300390054,0.5376354266437829,-0.17964376149198905,0.013271497984480518,0.32906080519320907,all_objects,548,548,0,0,0,1.1296532567372595,0.6875356714472393,0.3527060457076785,5.001997555456926,0.535784429351183,0.9031641937197016,2.495684714640167,all_objects,548,548,0,0,0,0.9600165850219693,0.5589636874389606,0.34127912382602477,5.733468648629241,0.5171313080860994,0.781876607885218,1.948861450760587,all_objects,548,548,0,0,0,-0.16963667171528993,0.6667208416964013,-3.8754408490357637,3.503337301140055,-1.2584258102237385,-0.06149100040493771,0.5420235847588795,all_objects,548,548,0,0,0,0.7907542772958599,1.0356498137426262,0.02155462726852046,8.850687406881937,0.08691194729425553,0.44245017197864617,2.631088522158223,all_objects,548,548,0,0,0,0.4093286011770354,0.4086091363224135,-0.8090310305317108,0.9548462437842464,-0.33643291635519246,0.5353144049139749,0.9060737646073389,all_objects,548,548,0,0,0,0.030948672670789136,0.0451548559908869,-0.04300284320843573,0.2843795637313469,-0.00964039379056977,0.014174296173220401,0.12048685183820748,all_objects,548,548,0,0,0,0.2257052836288682,0.11383083462210247,0.04433211350968998,0.6807122917197186,0.0803769715711644,0.19935440454506756,0.44964466538168135,all_objects,548,548,0,0,0,0.22094331233387587,0.09853059840946579,0.03175749632088304,0.5018531537460809,0.08393298169206632,0.21053633216692952,0.3973736483626606,all_objects,548,548,0,0,0,1.140338507996003,0.579333015920215,0.20167489290632723,5.496097125056405,0.41250633522469593,1.0680676498602097,2.2032164305270525,all_objects,548,548,0,0,0,0.00166370825056969,0.003217489071467429,1.350224849267925e-07,0.01346634870003842,9.449914052972888e-07,3.031633021986175e-05,0.00985548723632314,all_objects,548,548,0,0,0,0.006654176125701562,0.012869873125168537,3.8857540138627915e-07,0.05386509397661594,3.303321162681692e-06,0.00012107753715348908,0.03942077044769847,all_objects,548,548,0,0,0,0.0020479019365449314,0.0028528511774446375,4.0311138531086695e-05,0.012272298351923078,9.399829006484278e-05,0.0004871793966032732,0.008542322399695866,all_objects,548,548,0,0,0,0.00808216340191493,0.011402821282729615,9.742209512856256e-05,0.04889159580583301,0.0003134097572963148,0.0018310022160878466,0.034102238784455265,all_objects,548,548,0,0,0,0.155018823886023,0.2768638341054882,1.8398542408704088e-05,0.9810391150685973,0.00016231046016770278,0.004306519729311731,0.8535960429577072,all_objects,548,548,0,0,0,0.7649556762218446,0.13233072834252485,0.09139910498082146,0.9756386532127036,0.5229163061713821,0.785138677683333,0.9270878281886674,all_objects
llvip,val,n_iou_lt_070,1,1,0,1,1.0,199,109,5,199,1.0,61,61,61,1.0,0,155,0.7788944723618091,162,0.8140703517587939,177,199,0.8894472361809045,0.8894472361809045,199,199,0,0,0,0.7026421172234828,0.15932609338849768,0.09136010370016284,0.9625646121119316,0.4273598637487151,0.7278667588186152,0.9088563264886825,all_objects,199,199,0,0,0,0.7026421172234828,0.15932609338849768,0.09136010370016284,0.9625646121119316,0.4273598637487151,0.7278667588186152,0.9088563264886825,all_objects,199,199,0,0,0,0.14125412485615188,0.17259284479925482,-0.4651935770066327,0.5376354266437829,-0.0871982059202447,0.12733643582884546,0.4062988181265572,all_objects,199,199,0,0,0,1.7359173322976793,0.7979102861211226,0.7802346682423353,5.001997555456926,0.8758429577319732,1.5544592925965315,3.357660916473895,all_objects,199,199,0,0,0,1.1722166665787526,0.7188042364487665,0.34127912382602477,5.733468648629241,0.5448445484149965,0.9415378732773567,2.6647036750279423,all_objects,199,199,0,0,0,-0.5637006657189269,0.866854717111769,-3.8754408490357637,2.6129654664800768,-2.0966973549123913,-0.48443161745472385,0.603964923263038,all_objects,199,199,0,0,0,1.358750327083842,1.368205352074698,0.051660636268733046,8.850687406881937,0.16312328386978495,0.9482529067303005,4.127842720824944,all_objects,199,199,0,0,0,0.5630490711581125,0.35472777469716843,-0.5383741518426628,0.9548462437842464,-0.21181144905558372,0.6848179976542167,0.9218441731862124,all_objects,199,199,0,0,0,0.06392464764912537,0.05761344501417978,-0.04300284320843573,0.2843795637313469,-0.008593624185448161,0.05511663703750118,0.17100929457760083,all_objects,199,199,0,0,0,0.29654415462939077,0.12920163786658667,0.05411070809986029,0.6807122917197186,0.12358243969021458,0.29482959482230375,0.5147511298940946,all_objects,199,199,0,0,0,0.31668331667712996,0.06760143215060646,0.14747383833816738,0.5018531537460809,0.20423323313350353,0.3193137834123681,0.42770397153223966,all_objects,199,199,0,0,0,0.94173258329489,0.36398721770069525,0.218147316311017,1.9668571196132454,0.37203461023330636,0.9443805062177936,1.5250865100683706,all_objects,199,199,0,0,0,0.002204430707109866,0.00368268449490931,3.073521351628619e-07,0.01346634870003842,1.6880422662054309e-06,6.306119831941139e-05,0.010867572634595299,all_objects,199,199,0,0,0,0.008817017289236758,0.014730615204372867,1.1715983629245446e-06,0.05386509397661594,6.454358827437445e-06,0.0002521549976241818,0.04346959441472175,all_objects,199,199,0,0,0,0.002572238610693602,0.0032105330449609453,5.3937907212130724e-05,0.012272298351923078,0.00012390553622241313,0.000702770038394639,0.009646273235018444,all_objects,199,199,0,0,0,0.010168168182782333,0.012829247759753385,0.00017505882068374393,0.04889159580583301,0.0004078170729634118,0.002713867377207303,0.038471943014138706,all_objects,199,199,0,0,0,0.19652642752410895,0.30435715132318164,4.994519429146749e-05,0.9810391150685973,0.0003168464303541896,0.008123064409346625,0.9018777678018608,all_objects,199,199,0,0,0,0.703921138469389,0.15971923054018328,0.09139910498082146,0.9617084787209849,0.42852606106820557,0.724456477287444,0.9081399009792244,all_objects
llvip,val,quality_gate070,1,1,0,1,1.0,61,49,5,61,1.0,61,61,61,1.0,0,61,1.0,60,0.9836065573770492,61,61,1.0,1.0,61,61,0,0,0,0.7996268005882449,0.0873668312110788,0.6112346067020553,0.9568410612657128,0.6256468622648642,0.7984606366259084,0.9160306607525414,all_objects,61,61,0,0,0,0.7996268005882449,0.0873668312110788,0.6112346067020553,0.9568410612657128,0.6256468622648642,0.7984606366259084,0.9160306607525414,all_objects,61,61,0,0,0,0.25197535184701303,0.1204433306840269,0.061529459296657985,0.5376354266437829,0.07073760592140121,0.22768152473617187,0.45385187291933493,all_objects,61,61,0,0,0,1.738786075620742,0.8104125587372356,0.7802346682423353,5.001997555456926,0.8676732916761339,1.5549755958521454,3.138343399318902,all_objects,61,61,0,0,0,0.7972741201021563,0.27818017426579067,0.40108813961450474,1.9516966360297703,0.5337219915922683,0.7176476427630534,1.2322826629682626,all_objects,61,61,0,0,0,-0.9415119555185858,0.7668271092038207,-3.8754408490357637,0.023099782806354607,-2.231378957099276,-0.7265565686049218,-0.10921671953856804,all_objects,61,61,0,0,0,1.736644999888558,1.3283684805560152,0.14952021022581916,6.724762004033991,0.36175638996775583,1.310302213857182,4.449009690114568,all_objects,61,61,0,0,0,0.7838488394283345,0.15858072292858177,0.2785058917851533,0.9548462437842464,0.43482782496793115,0.8446733180784349,0.9355175527276667,all_objects,61,61,0,0,0,0.09628551158509145,0.05718871736571433,0.009504601933911552,0.2843795637313469,0.023604542805670908,0.07977908588593442,0.20639893489753178,all_objects,61,61,0,0,0,0.35897605156168005,0.11616344270436234,0.13056141783021294,0.6807122917197186,0.17479385492547347,0.3428070625931962,0.5759482158115866,all_objects,61,61,0,0,0,0.3148805214932809,0.06928139479603594,0.1705275573051086,0.5018531537460809,0.20442780651278783,0.31562101135508197,0.41631816797676113,all_objects,61,61,0,0,0,1.1432150250209803,0.2799201111603072,0.5522655505248136,1.6751553231405312,0.6705862088724033,1.1710872208171217,1.5197075449383846,all_objects,61,61,0,0,0,0.0021802114683320143,0.003534607256289854,1.0033270722395847e-06,0.012281048383110865,1.927794028962952e-06,6.829631897260745e-05,0.010790573428895417,all_objects,61,61,0,0,0,0.008720576106351147,0.014138412915653466,3.926147900251478e-06,0.04912385965062568,7.608582583011984e-06,0.0002730967235874011,0.04316205108362637,all_objects,61,61,0,0,0,0.0025490038757162428,0.0030462725202354776,9.317643206472305e-05,0.00984930712273272,0.00012534766400066727,0.0007431074653814733,0.008846917927921147,all_objects,61,61,0,0,0,0.010114847940970832,0.012179528513074423,0.00032515493613570246,0.039295434519513686,0.0004593370587212061,0.0029219788140907705,0.03530647219265142,all_objects,61,61,0,0,0,0.20747593822983088,0.3081718563456229,0.00022529098680479365,0.9531215811524021,0.0003223619242191944,0.009428984641886018,0.9018184509743037,all_objects,61,61,0,0,0,0.8023071443718731,0.08788787842215669,0.6112457919867946,0.9568503670399535,0.6282369869593107,0.8044500925298369,0.9160144887709065,all_objects
llvip,train,base,2,-1,0,1,1.0,2728,1024,14,2728,1.0,24,23,23,1.0,1,1114,0.4083577712609971,1234,0.45234604105571846,2156,2728,0.7903225806451613,0.7903225806451613,2728,2728,0,0,0,0.8725886936907332,0.07953440562064047,0.13880425323848936,0.9858116335224284,0.7223929732138396,0.8910487240995458,0.9615049748716129,all_objects,2728,2728,0,0,0,0.8725886936907332,0.07953440562064047,0.13880425323848936,0.9858116335224284,0.7223929732138396,0.8910487240995458,0.9615049748716129,all_objects,2728,2728,0,0,0,-0.011228714776864593,0.07495526372405892,-0.5085725392035643,0.5905204893015461,-0.11957598470858177,-0.011339400970869828,0.09965271367316478,all_objects,2728,2728,0,0,0,0.680910342085046,0.2595697124979214,0.2307109253492022,5.040649458002111,0.4518092784470714,0.6328195135142862,1.0887949282180818,all_objects,2728,2728,0,0,0,0.6757045619187113,0.23938720871845115,0.24897301691406493,6.608334584726596,0.45523789556978145,0.634545964099597,1.0186229384663161,all_objects,2728,2728,0,0,0,-0.005205780166334734,0.19680907543677975,-3.874851784037055,1.7325270955434626,-0.19768162134539113,0.005491106058217704,0.17454338562029534,all_objects,2728,2728,0,0,0,0.21164243954053766,0.2844698139203176,0.011354110249983713,5.8805319274402565,0.037846049746095706,0.1364394424876164,0.6036642818086642,all_objects,2728,2728,0,0,0,0.33747405120023055,0.3916270898098885,-0.8408727309781572,0.9789448047189465,-0.3997902385641699,0.4012205737581154,0.8588317977597493,all_objects,2728,2728,0,0,0,0.0068684905732828054,0.014553202263903706,-0.05149864574902571,0.2534256775093618,-0.004468198415654409,0.003222770866219187,0.028302855325023787,all_objects,2728,2728,0,0,0,0.11836998230055357,0.05872772762610866,0.019215148099167297,0.6150251798768515,0.04911641641275951,0.10722613304418846,0.22067451046529002,all_objects,2728,2728,0,0,0,0.11792015104802878,0.06826041970271496,0.008174690143492648,0.4789180932973905,0.0373807395573382,0.10251135930739493,0.25759444845412016,all_objects,2728,2728,0,0,0,1.2252374549057639,0.7959364566843097,0.1577744760787351,13.531134101586293,0.4332458115084369,1.0763945724031345,2.4293286778524634,all_objects,2728,2728,0,0,0,0.0015206610692787318,0.0029464976001122504,4.940778156274278e-09,0.018630256201865498,6.638593300459556e-07,2.574739477002175e-05,0.008746424166434582,all_objects,2728,2728,0,0,0,0.006081716633097568,0.011786008891372539,1.0941399491899683e-08,0.07451931525623333,2.3946580296423756e-06,0.00010092863732755762,0.034984660701776894,all_objects,2728,2728,0,0,0,0.0019815182418132333,0.002728851174594685,8.337387692871808e-06,0.016057457388459186,8.1839581800503e-05,0.00046657685000001906,0.007855928116926885,all_objects,2728,2728,0,0,0,0.007810367309782247,0.010905159370532306,1.8230066288824517e-05,0.06394939848619817,0.0002595015315882283,0.0017182207885470383,0.031345239340542314,all_objects,2728,2728,0,0,0,0.145718609926188,0.26170753859962914,1.996068192511302e-06,0.9928078909759392,0.0001379818607219363,0.0035867803700870837,0.7876981356810409,all_objects,2728,2728,0,0,0,0.8740787647286582,0.07905477121857701,0.1417331707561201,0.9894421567421366,0.7235152336711609,0.8927800440726519,0.9616991914828602,all_objects
llvip,train,n_iou_lt_070,2,-1,0,1,1.0,82,73,13,82,1.0,24,23,23,1.0,1,69,0.8414634146341463,69,0.8414634146341463,73,82,0.8902439024390244,0.8902439024390244,82,82,0,0,0,0.7211035107799189,0.1377048550780459,0.13880425323848936,0.9343945632947335,0.5005489165443093,0.7397120547474267,0.8939211418832204,all_objects,82,82,0,0,0,0.7211035107799189,0.1377048550780459,0.13880425323848936,0.9343945632947335,0.5005489165443093,0.7397120547474267,0.8939211418832204,all_objects,82,82,0,0,0,0.1258272836935371,0.14351919061407864,-0.1908227799122693,0.5905204893015461,-0.05852798801893221,0.09791241715940399,0.3709883888252602,all_objects,82,82,0,0,0,1.5334687448175544,0.7647688205918972,0.7929635698187757,5.040649458002111,0.8679013923987137,1.3427683739816638,2.983705990080583,all_objects,82,82,0,0,0,1.0878308040878046,0.7316921869066415,0.44560457219692035,6.608334584726596,0.5670454342748772,0.8832175387180783,1.927312667461783,all_objects,82,82,0,0,0,-0.4456379407297496,0.7165812245846487,-3.874851784037055,1.5676851267244851,-1.2425667752139302,-0.3470664493618518,0.3949192221319211,all_objects,82,82,0,0,0,0.8060972038163378,0.9515230848241253,0.06436020627342394,5.8805319274402565,0.10897989066464714,0.5138343522366686,2.2803021740944676,all_objects,82,82,0,0,0,0.5479039855026215,0.34267728799837394,-0.4971695251274398,0.9449779676193282,-0.12069904614967736,0.6730661189122119,0.9080872573076271,all_objects,82,82,0,0,0,0.047159995410233205,0.04968195167220904,-0.024608681884075043,0.2534256775093618,-0.004264695473171651,0.03696406321718615,0.12746927926418586,all_objects,82,82,0,0,0,0.22831382017665902,0.11108720302973006,0.06411278325368859,0.6150251798768515,0.08791768635380916,0.2097241744592554,0.40093630096812777,all_objects,82,82,0,0,0,0.2950183611650579,0.06983477943464111,0.16377375305143124,0.4789180932973905,0.18642605757071218,0.2860288092526103,0.42894910378168877,all_objects,82,82,0,0,0,0.7776344292973708,0.3231370223007231,0.22882313176372351,1.5245902703243956,0.32431036581095213,0.7069242173570174,1.3562305820053173,all_objects,82,82,0,0,0,0.0017016742090244514,0.0030038501560105055,2.2027797472573084e-07,0.015549777872947514,2.7029097127824014e-06,0.0001844745318571591,0.008062883821382595,all_objects,82,82,0,0,0,0.006803831565994898,0.012015758291412,8.581344617622415e-07,0.06219592764823163,1.0518726759162487e-05,0.0007356418761903852,0.03224938867832918,all_objects,82,82,0,0,0,0.002426601467950041,0.0028444163947730873,4.745191728918492e-05,0.01468552533726755,0.00016015748439015217,0.0012459746344124537,0.007850492668790886,all_objects,82,82,0,0,0,0.009490392873573745,0.011368285734494272,0.00016343034150672318,0.05834000092603416,0.0005383854945977243,0.0048017640845149315,0.031281751596183106,all_objects,82,82,0,0,0,0.1549826577912868,0.24464958093763883,3.9343457444829255e-05,0.9258588974311124,0.000500876773536163,0.021380316878435224,0.7519435434494484,all_objects,82,82,0,0,0,0.7224915367667228,0.1377520726981667,0.1417331707561201,0.9383267844932721,0.5009328614814766,0.7409314085451112,0.8939248065103387,all_objects
llvip,train,quality_gate070,2,-1,0,1,1.0,23,22,10,23,1.0,23,23,23,1.0,0,23,1.0,22,0.9565217391304348,23,23,1.0,1.0,23,23,0,0,0,0.7905210229659213,0.08297816516967602,0.6268572073851029,0.9343945632947335,0.6423280385625282,0.771394452765902,0.9246054170917051,all_objects,23,23,0,0,0,0.7905210229659213,0.08297816516967602,0.6268572073851029,0.9343945632947335,0.6423280385625282,0.771394452765902,0.9246054170917051,all_objects,23,23,0,0,0,0.2086820822102762,0.1412267213869632,0.053274715483655144,0.5905204893015461,0.0641628386465275,0.1903059049443564,0.497793776045806,all_objects,23,23,0,0,0,1.5602295811012972,0.8675419100842646,0.8444079983662671,4.737907360616081,0.875755745307193,1.3016217418434377,3.364608434650706,all_objects,23,23,0,0,0,0.8086254420321848,0.2310435361326669,0.5372649666217557,1.5884756754088807,0.5561042953476923,0.7391465095347258,1.2166551248485968,all_objects,23,23,0,0,0,-0.7516041390691126,0.8748422158312463,-3.874851784037055,0.03228468153955655,-2.5943038867729418,-0.6139175776957941,-0.013185958384047094,all_objects,23,23,0,0,0,1.2375703110297283,1.4779073653518795,0.06729752787374943,5.8805319274402565,0.2206940630177739,0.6909438037286806,4.989758616117725,all_objects,23,23,0,0,0,0.7583991994801013,0.17370514442194385,0.37163281688925637,0.9449779676193282,0.4080796842309237,0.828173593165942,0.9318960082593774,all_objects,23,23,0,0,0,0.07333904652368464,0.061794619349476484,0.013187963207161793,0.2534256775093618,0.015642788598588052,0.05275458187774366,0.22448807235556759,all_objects,23,23,0,0,0,0.2859158041436155,0.13302580015757712,0.08603484113067675,0.6150251798768515,0.146833795817356,0.2605948921372258,0.5810111138899414,all_objects,23,23,0,0,0,0.2922976272256671,0.07049322033650486,0.16377375305143124,0.4532843179158149,0.19155322538519948,0.2780635786057447,0.4231893324850266,all_objects,23,23,0,0,0,0.9654450842431155,0.3137909248780534,0.4537311424161192,1.400634340152129,0.4583558882619863,1.0798899402932862,1.3681423198303677,all_objects,23,23,0,0,0,0.001774973197686545,0.002747355758052901,2.2027797472573084e-07,0.00903863480018327,7.821421803039871e-07,0.0002025694755869146,0.00783107030033044,all_objects,23,23,0,0,0,0.00709912973707444,0.010989217821174917,8.581344617622415e-07,0.03615418105400484,3.0164546338880436e-06,0.000810166374382704,0.031322711773476425,all_objects,23,23,0,0,0,0.0023733475148533844,0.0025822050324010664,4.745191728918492e-05,0.00808645838291452,8.192308961664392e-05,0.0011499581226683316,0.007093757229899158,all_objects,23,23,0,0,0,0.009376375435898946,0.01031084764289168,0.00016343034150672318,0.03225068399312679,0.00027206883899756184,0.004547971172498026,0.028187101128718715,all_objects,23,23,0,0,0,0.18259705943429122,0.2635632684566429,3.9343457444829255e-05,0.8166128741319199,0.00015663658126925385,0.0272828234528788,0.748203715287508,all_objects,23,23,0,0,0,0.7913759676833699,0.08441016848931748,0.6135826490042451,0.9383267844932721,0.6386269656229417,0.7746977229423706,0.9246256512892829,all_objects
llvip,val,base,2,-1,0,1,1.0,548,196,5,548,1.0,61,61,60,0.9836065573770492,1,298,0.5437956204379562,328,0.5985401459854015,436,548,0.7956204379562044,0.7956204379562044,548,548,0,0,0,0.7621075392030936,0.13368060280306931,0.09269231977175821,0.9775796576974745,0.5106561715680635,0.7841440408955795,0.9271920758441874,all_objects,548,548,0,0,0,0.7621075392030936,0.13368060280306931,0.09269231977175821,0.9775796576974745,0.5106561715680635,0.7841440408955795,0.9271920758441874,all_objects,548,548,0,0,0,0.035624713703669694,0.15508992322825768,-0.4739279850947238,0.5684135336836198,-0.1827316172476164,0.020498449991673245,0.33335446150917347,all_objects,548,548,0,0,0,1.1296532567372595,0.6875356714472393,0.3527060457076785,5.001997555456926,0.535784429351183,0.9031641937197016,2.495684714640167,all_objects,548,548,0,0,0,0.9659842522471764,0.5672295544238652,0.36287065199806967,5.759143609192353,0.5140834602896888,0.7827542724236389,2.021885410947869,all_objects,548,548,0,0,0,-0.1636690044900827,0.6719236002914164,-3.868081023483702,3.4128735508283436,-1.2059338777473532,-0.06079353626974188,0.5699098209731455,all_objects,548,548,0,0,0,0.8035336400439251,1.0215391479193017,0.02962382376663314,9.095409965838233,0.09711264163465187,0.47208992890786095,2.553103999700889,all_objects,548,548,0,0,0,0.40932870560989015,0.40738225047082266,-0.7640958222010144,0.9606363831796668,-0.3620582839576874,0.5118200213418793,0.9058341885842532,all_objects,548,548,0,0,0,0.03099874725765782,0.04470513018589908,-0.0421390075098106,0.2780009349437554,-0.01005234858045103,0.015042850579219051,0.11695635325157501,all_objects,548,548,0,0,0,0.22894903374595119,0.11186610493222261,0.045668816447413885,0.6678132076320513,0.09166611491511051,0.20626258467982217,0.4525451091919411,all_objects,548,548,0,0,0,0.22094331233387587,0.09853059840946579,0.03175749632088304,0.5018531537460809,0.08393298169206632,0.21053633216692952,0.3973736483626606,all_objects,548,548,0,0,0,1.1646807620537267,0.5966846609900233,0.21488309977857661,5.6240252502748875,0.3993554574849787,1.092257881314425,2.2330489588266165,all_objects,548,548,0,0,0,0.0020058355033472754,0.0035416623229832006,2.1786691255524804e-07,0.01569882351605422,9.116543417238501e-07,3.459376731580504e-05,0.010829422448803075,all_objects,548,548,0,0,0,0.008022537008617376,0.014166531885800459,5.673902876879722e-07,0.06279369161565672,3.5605316751063796e-06,0.00013640671257805656,0.04331635850312942,all_objects,548,548,0,0,0,0.0023713044292512,0.0030614621775829714,6.424463218190497e-05,0.014898348926845082,9.544623626464956e-05,0.0005239097015688711,0.00883143286021926,all_objects,548,548,0,0,0,0.009367750669093669,0.01223515923572166,0.000168762125613581,0.059313557628725755,0.00032552425679854526,0.0019488556982433021,0.0352144379253359,all_objects,548,548,0,0,0,0.18503680587712937,0.2992345882631987,3.254019202358904e-05,0.9998995791130483,0.0001833301754203376,0.00500296607214068,0.8942591662897796,all_objects,548,548,0,0,0,0.7637757520508117,0.13327635983543168,0.09358328141944841,0.9736643548026481,0.5122662485495123,0.7861638494697745,0.9336308112754556,all_objects
llvip,val,n_iou_lt_070,2,-1,0,1,1.0,199,109,5,199,1.0,61,61,60,0.9836065573770492,1,157,0.7889447236180904,161,0.8090452261306532,178,199,0.8944723618090452,0.8944723618090452,199,199,0,0,0,0.703530113830801,0.16227340151878913,0.09269231977175821,0.9775796576974745,0.4198989441342526,0.7365456314641061,0.9229420040040893,all_objects,199,199,0,0,0,0.703530113830801,0.16227340151878913,0.09269231977175821,0.9775796576974745,0.4198989441342526,0.7365456314641061,0.9229420040040893,all_objects,199,199,0,0,0,0.14214212146347008,0.17204797567395116,-0.4638613609350374,0.5684135336836198,-0.09370181162906115,0.14201587121788706,0.410175240775323,all_objects,199,199,0,0,0,1.7359173322976793,0.7979102861211226,0.7802346682423353,5.001997555456926,0.8758429577319732,1.5544592925965315,3.357660916473895,all_objects,199,199,0,0,0,1.174003906772139,0.7240627734360537,0.36287065199806967,5.759143609192353,0.5386578611390207,0.9640153308732489,2.717792211293638,all_objects,199,199,0,0,0,-0.5619134255255401,0.8686911774203172,-3.868081023483702,2.5453395540950634,-2.1162237618445534,-0.4928791998560462,0.5578606732286977,all_objects,199,199,0,0,0,1.362333459483871,1.3510678489424721,0.054516877334223855,9.095409965838233,0.15990461713818768,0.9743809531775173,4.0433012780754565,all_objects,199,199,0,0,0,0.5654660788866868,0.35499560582135004,-0.5672364397796065,0.9527503802624832,-0.18701393463249447,0.68123267660097,0.9294641456484274,all_objects,199,199,0,0,0,0.06388209509256157,0.05664366081263484,-0.0421390075098106,0.2780009349437554,-0.008558933485878096,0.053957448182543645,0.17259862051432723,all_objects,199,199,0,0,0,0.2977737517491718,0.12727507206205102,0.06961874515100895,0.6678132076320513,0.1205640606734999,0.2915730235980887,0.5063803262486752,all_objects,199,199,0,0,0,0.31668331667712996,0.06760143215060646,0.14747383833816738,0.5018531537460809,0.20423323313350353,0.3193137834123681,0.42770397153223966,all_objects,199,199,0,0,0,0.9477570201365818,0.36186863629200056,0.26351373254692345,1.9256932423471598,0.3628877719074403,0.9542874579219949,1.4965263424963415,all_objects,199,199,0,0,0,0.001968626353978038,0.003550275442404948,4.302566716166047e-07,0.014017557151688884,1.4291044790816646e-06,3.41458194586673e-05,0.010608989073918001,all_objects,199,199,0,0,0,0.007873510288157198,0.014200841715973866,1.5338660343284955e-06,0.05606984813968197,5.3941481553692395e-06,0.00013624903784875323,0.04243546780961963,all_objects,199,199,0,0,0,0.0023111706151376543,0.003058511023775724,6.648580137528031e-05,0.013918846081604782,0.0001193253435612417,0.0005123793792024542,0.00865498438667582,all_objects,199,199,0,0,0,0.009110701213270275,0.012216575086685782,0.00019502948860968447,0.05546228767991441,0.0004059421243822279,0.001923453149753988,0.034461307765025935,all_objects,199,199,0,0,0,0.17924286278486978,0.300747648280484,9.14959165925211e-05,0.9912616902050786,0.00026581484520988853,0.0049344962235409184,0.8797377798008426,all_objects,199,199,0,0,0,0.7044784021861907,0.16123035566494925,0.09358328141944841,0.9681242174038653,0.4199896440910105,0.7326233060558441,0.9199457207107595,all_objects
llvip,val,quality_gate070,2,-1,0,1,1.0,61,49,5,61,1.0,60,61,60,0.9836065573770492,0,61,1.0,60,0.9836065573770492,61,61,1.0,1.0,61,61,0,0,0,0.8052580520182658,0.09102764236663773,0.5723641368005818,0.9775796576974745,0.626096408792381,0.8216291686933669,0.9367403194951931,all_objects,61,61,0,0,0,0.8052580520182658,0.09102764236663773,0.5723641368005818,0.9775796576974745,0.626096408792381,0.8216291686933669,0.9367403194951931,all_objects,61,61,0,0,0,0.25760660327703405,0.12579965093302364,0.02314579288770935,0.5635978916475273,0.09409252230544596,0.20738352200828236,0.47169665991281234,all_objects,61,61,0,0,0,1.738786075620742,0.8104125587372356,0.7802346682423353,5.001997555456926,0.8676732916761339,1.5549755958521454,3.138343399318902,all_objects,61,61,0,0,0,0.7944320825568877,0.2910102769139638,0.39856062086358857,1.9464934438858201,0.5256924401827776,0.6898566873054801,1.2119405332298752,all_objects,61,61,0,0,0,-0.9443539930638539,0.7561421255537014,-3.868081023483702,0.017896590662404455,-2.208805647716812,-0.7044495674292216,-0.22573076121713753,all_objects,61,61,0,0,0,1.7141247771688237,1.2719405482500046,0.2599557146090966,6.438353280662231,0.45916529447426646,1.2073041805900682,4.121616313045891,all_objects,61,61,0,0,0,0.7865077183132462,0.15393729747393314,0.30702525022926724,0.9527503802624832,0.4855488527366244,0.8388515315551731,0.936094934811756,all_objects,61,61,0,0,0,0.09569239230383009,0.05523697516682341,0.014557644556432752,0.2780009349437554,0.026582066648032712,0.07910455565679225,0.19758389242948332,all_objects,61,61,0,0,0,0.35871439789770154,0.10978286520267778,0.160337715463956,0.6678132076320513,0.1822074594194272,0.3379477964204346,0.5648401711782293,all_objects,61,61,0,0,0,0.3148805214932809,0.06928139479603594,0.1705275573051086,0.5018531537460809,0.20442780651278783,0.31562101135508197,0.41631816797676113,all_objects,61,61,0,0,0,1.1473135185527552,0.26910024937004795,0.652327483685238,1.705113288617029,0.6737685175016891,1.1740362809626725,1.490910010871093,all_objects,61,61,0,0,0,0.0018249271454939763,0.0031653773245394583,6.855726543393991e-07,0.01179114213946661,1.580819059505067e-06,1.8702687729224248e-05,0.009688183670159571,all_objects,61,61,0,0,0,0.007299408573655773,0.012661469510054067,2.3026477627826517e-06,0.04716445884705967,6.039952689029191e-06,7.469643981836003e-05,0.03875147817141717,all_objects,61,61,0,0,0,0.002212998556719472,0.00289334587677825,8.355265598168423e-05,0.009691386191341859,0.00012313232390045176,0.0004010850040580722,0.008339630944217127,all_objects,61,61,0,0,0,0.008768142235643043,0.011569488720590057,0.00022942038336306184,0.03870932662930807,0.00041073253162735474,0.001469194892279922,0.03318359015319892,all_objects,61,61,0,0,0,0.17780543624858547,0.2883024570424784,0.0001711426577912789,0.9372573973132603,0.0003320114939242558,0.0031035243666224233,0.8519685476568384,all_objects,61,61,0,0,0,0.8060674734801228,0.09003198052903098,0.5856147163153339,0.9681242174038653,0.6455779126935749,0.8217032097417196,0.9390551210769309,all_objects
llvip,train,base,3,0,1,1,1.0,2728,1024,14,2728,1.0,22,23,22,0.9565217391304348,0,1187,0.4351173020527859,1206,0.44208211143695014,2145,2728,0.7862903225806451,0.7862903225806451,2728,2728,0,0,0,0.8773917415369087,0.07835951314595382,0.14862657955465314,0.9924656322657985,0.7270945535242859,0.8958211118869412,0.9622550999525364,all_objects,2728,2728,0,0,0,0.8773917415369087,0.07835951314595382,0.14862657955465314,0.9924656322657985,0.7270945535242859,0.8958211118869412,0.9622550999525364,all_objects,2728,2728,0,0,0,-0.0064256669306892045,0.07361219886895182,-0.5325867251429683,0.6274555679180605,-0.11448400077618907,-0.007869389767364843,0.10189109875736266,all_objects,2728,2728,0,0,0,0.680910342085046,0.2595697124979214,0.2307109253492022,5.040649458002111,0.4518092784470714,0.6328195135142862,1.0887949282180818,all_objects,2728,2728,0,0,0,0.6768995147221449,0.23916991445597346,0.2486348381204513,6.563989432145633,0.45750096265019047,0.6366279473631895,1.0262465974113475,all_objects,2728,2728,0,0,0,-0.0040108273629010475,0.19797792769368494,-3.96288972191377,1.7333151134089295,-0.19386636470423563,0.007231884411106143,0.17533624254211883,all_objects,2728,2728,0,0,0,0.21230062664231006,0.2888458367544364,0.012037296751406364,6.110074715248225,0.03873120367257461,0.13527709653852732,0.6048415701249534,all_objects,2728,2728,0,0,0,0.33648021360248903,0.39413780513984314,-0.8601657699339748,0.9725051856303367,-0.39785905256142684,0.4112720701019602,0.8591682429832567,all_objects,2728,2728,0,0,0,0.006861166958930997,0.01461471141669279,-0.04995297268879907,0.259265286922201,-0.003996938698783955,0.003260559017131862,0.028566375089316406,all_objects,2728,2728,0,0,0,0.11792202301806125,0.05919080583076774,0.02159455714474307,0.6240862207371628,0.04881823170165135,0.10540841434137879,0.2226347491134255,all_objects,2728,2728,0,0,0,0.11792015104802878,0.06826041970271496,0.008174690143492648,0.4789180932973905,0.0373807395573382,0.10251135930739493,0.25759444845412016,all_objects,2728,2728,0,0,0,1.2228984925396145,0.8063719389635967,0.15792496165426384,14.148767412142929,0.4302251146114992,1.0683262228651194,2.4812407875787583,all_objects,2728,2728,0,0,0,0.0002097929449245951,0.0011335571934403073,2.0407936672608104e-09,0.013219129204566948,3.8707037386885137e-08,7.868673858281162e-07,0.00035865382786896474,all_objects,2728,2728,0,0,0,0.0008379110941159978,0.004533809008586543,5.515151411239143e-09,0.05287057439718651,1.137437823525126e-07,2.747830515021046e-06,0.001433404686215304,all_objects,2728,2728,0,0,0,0.0003834604583563492,0.0011412556199367784,5.597174518110051e-06,0.010193069587664775,2.261952289848369e-05,9.092834526174332e-05,0.0014678289669003831,all_objects,2728,2728,0,0,0,0.0014227865072449772,0.0045456563829113705,1.3270119792294743e-05,0.0404664797372998,5.711005467950013e-05,0.0002713721368746469,0.005475111899723474,all_objects,2728,2728,0,0,0,0.02173959361287785,0.10780791745183653,1.0589647558845172e-06,0.9786292314051934,1.2286568785668804e-05,0.00021039553207913286,0.05019054080198107,all_objects,2728,2728,0,0,0,0.8774806316358192,0.07834930940149502,0.14863859071752525,0.9924664539242448,0.7281132965990357,0.895871979241994,0.962293659233121,all_objects
llvip,train,n_iou_lt_070,3,0,1,1,1.0,82,73,13,82,1.0,22,23,22,0.9565217391304348,0,71,0.8658536585365854,66,0.8048780487804879,74,82,0.9024390243902439,0.9024390243902439,82,82,0,0,0,0.7250134767061412,0.1386754975226873,0.14862657955465314,0.9455728400837885,0.5016932618334857,0.752372634976419,0.9119805031583684,all_objects,82,82,0,0,0,0.7250134767061412,0.1386754975226873,0.14862657955465314,0.9455728400837885,0.5016932618334857,0.752372634976419,0.9119805031583684,all_objects,82,82,0,0,0,0.12973724961975952,0.1446788992848734,-0.1908227799122693,0.6274555679180605,-0.07022258987407226,0.10328232556427597,0.3431267231629862,all_objects,82,82,0,0,0,1.5334687448175544,0.7647688205918972,0.7929635698187757,5.040649458002111,0.8679013923987137,1.3427683739816638,2.983705990080583,all_objects,82,82,0,0,0,1.0972148004226885,0.7543031648839834,0.4345333856713983,6.563989432145633,0.5653144620728697,0.8788873141983814,1.9749305189006041,all_objects,82,82,0,0,0,-0.43625394439486603,0.7374678067891659,-3.96288972191377,1.5233399741435223,-1.2466112179077418,-0.38016749329943755,0.4755026255189832,all_objects,82,82,0,0,0,0.8100192001105916,0.969410899318263,0.05784487197524811,6.110074715248225,0.10794630169650389,0.4816684428925208,2.2558723526323643,all_objects,82,82,0,0,0,0.5502639387744231,0.3512438021309963,-0.536482039552849,0.9529954356724571,-0.237365978586207,0.6572992180403885,0.9159987718020925,all_objects,82,82,0,0,0,0.04755201707972869,0.050301966810135504,-0.024931550290189758,0.259265286922201,-0.008775232187040006,0.036400362632363945,0.1278456767623892,all_objects,82,82,0,0,0,0.2298365527439843,0.11115884875735861,0.07460516716674803,0.6240862207371628,0.09595393778276388,0.20677549954630325,0.4133226718008802,all_objects,82,82,0,0,0,0.2950183611650579,0.06983477943464111,0.16377375305143124,0.4789180932973905,0.18642605757071218,0.2860288092526103,0.42894910378168877,all_objects,82,82,0,0,0,0.7834622536836383,0.3227798854815092,0.26673946671427845,1.5317656648310665,0.3365752857283552,0.7035841322394578,1.367377676569346,all_objects,82,82,0,0,0,0.000355435429878,0.001309929225922567,7.888327034712503e-08,0.009108033903042646,2.6628958307567764e-07,3.989142092007385e-06,0.0023837881417157715,all_objects,82,82,0,0,0,0.0014164528314047225,0.005236893845686051,3.0026599047439397e-07,0.03643199811973901,8.50457673950461e-07,1.552679398073035e-05,0.009378367575331701,all_objects,82,82,0,0,0,0.0006854123679631967,0.00136009789616069,2.9475452364819192e-05,0.008149089757586053,5.4676717542004177e-05,0.00020586248346954209,0.003432633375242433,all_objects,82,82,0,0,0,0.0025249681550345146,0.00541066766437962,9.668841379321956e-05,0.03252782346226628,0.00015072455150631731,0.0005853770244696643,0.013406867335153123,all_objects,82,82,0,0,0,0.040735566775352984,0.13064280813393309,3.292834185231186e-05,0.820151565588958,9.012743708183279e-05,0.0008635850063569706,0.3000620005344674,all_objects,82,82,0,0,0,0.7253678839250359,0.13886930038189407,0.14863859071752525,0.9455673759663319,0.5016564596839521,0.7523802830342539,0.9119815520242116,all_objects
llvip,train,quality_gate070,3,0,1,1,1.0,23,22,10,23,1.0,22,23,22,0.9565217391304348,0,23,1.0,22,0.9565217391304348,23,23,1.0,1.0,23,23,0,0,0,0.7990760639701037,0.08728256881702105,0.6177370359163694,0.9455728400837885,0.6338321802713527,0.7763243024550176,0.9279608369495683,all_objects,23,23,0,0,0,0.7990760639701037,0.08728256881702105,0.6177370359163694,0.9455728400837885,0.6338321802713527,0.7763243024550176,0.9279608369495683,all_objects,23,23,0,0,0,0.2172371232144588,0.14685779151083775,0.04548810962957628,0.6274555679180605,0.054962100065289475,0.17893458758195402,0.5149288454788957,all_objects,23,23,0,0,0,1.5602295811012972,0.8675419100842646,0.8444079983662671,4.737907360616081,0.875755745307193,1.3016217418434377,3.364608434650706,all_objects,23,23,0,0,0,0.8018908839779276,0.2180316259315537,0.5271360056191762,1.6093734841238838,0.5580749377833885,0.748881614481372,1.0776227621096257,all_objects,23,23,0,0,0,-0.7583386971233699,0.8920293933148532,-3.96288972191377,0.01948739849539982,-2.6354054232116804,-0.5768900866731481,-0.06221929423853739,all_objects,23,23,0,0,0,1.2468554043401938,1.5107749753100732,0.05784487197524811,6.110074715248225,0.19528836217857562,0.7452309687598778,5.019103088775636,all_objects,23,23,0,0,0,0.7662357100642232,0.1655714881828651,0.43298478217657593,0.9529954356724571,0.4546878257799355,0.8300480772069186,0.9499897612037376,all_objects,23,23,0,0,0,0.07442700722742546,0.06259617904839321,0.013775882107003498,0.259265286922201,0.016638047029551583,0.05197332449343707,0.22727387732411508,all_objects,23,23,0,0,0,0.2883930650160597,0.13279279863119914,0.08572826344695013,0.6240862207371628,0.13816097314360537,0.262795293378305,0.5869912671647514,all_objects,23,23,0,0,0,0.2922976272256671,0.07049322033650486,0.16377375305143124,0.4532843179158149,0.19155322538519948,0.2780635786057447,0.4231893324850266,all_objects,23,23,0,0,0,0.9744532579454896,0.311587891896783,0.4508051132058027,1.412580289984964,0.4577302798374227,1.0329577171741542,1.3759657403539383,all_objects,23,23,0,0,0,0.00012715166169477958,0.0005281084752075158,7.888327034712503e-08,0.0026003403340955,2.594264314739045e-07,1.975983838059396e-06,9.542537808127483e-05,all_objects,23,23,0,0,0,0.0005078487688570308,0.002112074145779147,3.0026599047439397e-07,0.010399010194994075,7.009616887138471e-07,7.689162403708302e-06,0.00037936801260044374,all_objects,23,23,0,0,0,0.00038345564250341266,0.0007924904360894652,2.9475452364819192e-05,0.00393792547005358,5.4460669980088786e-05,0.0001265013642791043,0.0008342014402795599,all_objects,23,23,0,0,0,0.001422173645832276,0.003141721158502664,9.668841379321956e-05,0.015543132546691115,0.00011888931366524067,0.00042856157024078373,0.003127733166526504,all_objects,23,23,0,0,0,0.015635628486696588,0.062280983924051944,3.292834185231186e-05,0.30706485565394814,7.71862463807338e-05,0.00070990825889794,0.014251258467166393,all_objects,23,23,0,0,0,0.7992045446575813,0.0872573120839725,0.61779263971385,0.9455673759663319,0.633835633726618,0.7763284672040119,0.9279657515156609,all_objects
llvip,val,base,3,0,1,1,1.0,548,196,5,548,1.0,62,61,60,0.9836065573770492,2,306,0.5583941605839416,328,0.5985401459854015,440,548,0.8029197080291971,0.8029197080291971,548,548,0,0,0,0.7654783406732939,0.13363717956925497,0.08683114047450712,0.9788382354610529,0.5095756470481526,0.7878334342211621,0.9315194178956597,all_objects,548,548,0,0,0,0.7654783406732939,0.13363717956925497,0.08683114047450712,0.9788382354610529,0.5095756470481526,0.7878334342211621,0.9315194178956597,all_objects,548,548,0,0,0,0.03899551517386985,0.15430953424133503,-0.4756906806149171,0.5684135336836198,-0.1783609010413455,0.020439381424207897,0.3428434117420256,all_objects,548,548,0,0,0,1.1296532567372595,0.6875356714472393,0.3527060457076785,5.001997555456926,0.535784429351183,0.9031641937197016,2.495684714640167,all_objects,548,548,0,0,0,0.9610703992236636,0.5573052819582992,0.35480591926141036,5.77388018983216,0.5129540415229625,0.7942707160197043,1.978538460924867,all_objects,548,548,0,0,0,-0.16858285751359578,0.6727761408144897,-3.8595087212523818,3.2383956413115107,-1.2241404449884044,-0.06299416955109377,0.6133912938997708,all_objects,548,548,0,0,0,0.8131807798136702,1.0355767588283091,0.023408261543319694,9.01480907155406,0.09943909183396375,0.4705753004285115,2.615659434388338,all_objects,548,548,0,0,0,0.4081332723839653,0.40872549574224226,-0.7316398079045001,0.9662498620460913,-0.3563357208939328,0.5190398829458005,0.9045432259039651,all_objects,548,548,0,0,0,0.03129125487076297,0.0452096437355586,-0.04485576957899281,0.2793119521697086,-0.00951335345128847,0.014712832324384683,0.11958610724340689,all_objects,548,548,0,0,0,0.22935227413000264,0.11365280442467662,0.046437903358453075,0.6722866418248299,0.08792392791464394,0.20691890855795644,0.4549300140875314,all_objects,548,548,0,0,0,0.22094331233387587,0.09853059840946579,0.03175749632088304,0.5018531537460809,0.08393298169206632,0.21053633216692952,0.3973736483626606,all_objects,548,548,0,0,0,1.1620295878561777,0.5948386531156262,0.18022297741805923,5.729871020505762,0.42364595450600195,1.087908621647984,2.23341560600173,all_objects,548,548,0,0,0,0.00030631709003525845,0.0015004628068674658,1.4455767799135291e-08,0.011996488759630922,6.233225795472988e-08,9.532385101429638e-07,0.0008487058948024972,all_objects,548,548,0,0,0,0.001223772232413515,0.006001581590232483,3.9724790104881194e-08,0.047979914026465495,1.600119939688424e-07,3.2149727877460397e-06,0.003393362924912436,all_objects,548,548,0,0,0,0.0004749581881717778,0.0013511343530879536,1.4486665953343686e-05,0.009431587602629278,2.8820472006437013e-05,0.00010386049190120698,0.002246238202282434,all_objects,548,548,0,0,0,0.0017735694407083114,0.005387521704635178,3.5177268848951143e-05,0.03762283515525539,6.781992441672078e-05,0.0003088240609537569,0.008541588581130253,all_objects,548,548,0,0,0,0.030521422561900897,0.1356971823115352,3.894902135925804e-06,0.9526838599448979,2.1031215888456247e-05,0.0002471615378851766,0.11068547784685011,all_objects,548,548,0,0,0,0.7655715618348305,0.1336291936865912,0.09061785794426906,0.9788387125947312,0.5096105748395734,0.787830314667742,0.9315204227918481,all_objects
llvip,val,n_iou_lt_070,3,0,1,1,1.0,199,109,5,199,1.0,62,61,60,0.9836065573770492,2,155,0.7788944723618091,162,0.8140703517587939,178,199,0.8944723618090452,0.8944723618090452,199,199,0,0,0,0.7048220464828193,0.1613763302508168,0.08683114047450712,0.9614024357043556,0.4273598637487151,0.7281516391673754,0.91545368255779,all_objects,199,199,0,0,0,0.7048220464828193,0.1613763302508168,0.08683114047450712,0.9614024357043556,0.4273598637487151,0.7281516391673754,0.91545368255779,all_objects,199,199,0,0,0,0.14343405411548854,0.1733953608895794,-0.46972254023228843,0.5684135336836198,-0.09524247137696559,0.13208189722241404,0.41141452121422606,all_objects,199,199,0,0,0,1.7359173322976793,0.7979102861211226,0.7802346682423353,5.001997555456926,0.8758429577319732,1.5544592925965315,3.357660916473895,all_objects,199,199,0,0,0,1.175033464274659,0.7257461596012985,0.35480591926141036,5.77388018983216,0.5427535211689319,0.9507604668639108,2.727103139209556,all_objects,199,199,0,0,0,-0.5608838680230205,0.8829684587714413,-3.8595087212523818,2.5986646885243037,-2.2110611068927652,-0.5138377021577312,0.6579181760782634,all_objects,199,199,0,0,0,1.3866664883849316,1.3703168397572105,0.05240135620782869,9.01480907155406,0.16594156238965313,1.018135818915362,4.136640504177659,all_objects,199,199,0,0,0,0.5598915746198195,0.3606454612749017,-0.5896816459280454,0.9503164969546105,-0.22135592121932307,0.6804985528168227,0.9172307152105116,all_objects,199,199,0,0,0,0.06436874299756574,0.057542580565726566,-0.04485576957899281,0.2793119521697086,-0.00892999156897763,0.05705232522921402,0.17226682457938464,all_objects,199,199,0,0,0,0.3001970091591581,0.1288878829209076,0.06533258096792809,0.6722866418248299,0.12588874320466675,0.29367373864119267,0.5084776444666755,all_objects,199,199,0,0,0,0.31668331667712996,0.06760143215060646,0.14747383833816738,0.5018531537460809,0.20423323313350353,0.3193137834123681,0.42770397153223966,all_objects,199,199,0,0,0,0.954667736905775,0.3647787066445022,0.2639829460122355,1.9663873280702673,0.3728020218241863,0.961275468397232,1.5333044952318762,all_objects,199,199,0,0,0,0.00032722855103576394,0.001521960428897407,1.4455767799135291e-08,0.011996488759630922,9.572047874168003e-08,1.9205601884427813e-06,0.0008923344347930439,all_objects,199,199,0,0,0,0.0013062702333745842,0.006087225201799575,3.9724790104881194e-08,0.047979914026465495,2.4814078892754194e-07,5.641648792625347e-06,0.003568991698873511,all_objects,199,199,0,0,0,0.0005275080674286327,0.0013269198333795812,1.4486665953343686e-05,0.008979008460054803,3.520629758462386e-05,0.00014527270482734037,0.002329437443827059,all_objects,199,199,0,0,0,0.0019465210534822424,0.005281029969570556,3.5177268848951143e-05,0.0356003276624714,8.29875304996202e-05,0.00040893760245238605,0.009127832804640692,all_objects,199,199,0,0,0,0.03425010918672132,0.13937647997924751,3.894902135925804e-06,0.9526838599448979,3.2347195281090534e-05,0.0004509876187626105,0.14482432458021982,all_objects,199,199,0,0,0,0.7048647636850263,0.1613170073055563,0.09061785794426906,0.9614040116844104,0.42719729017766433,0.7281658393520923,0.9154518126044634,all_objects
llvip,val,quality_gate070,3,0,1,1,1.0,61,49,5,61,1.0,60,61,60,0.9836065573770492,0,61,1.0,61,1.0,61,61,1.0,1.0,61,61,0,0,0,0.8075442405523713,0.0899101779024167,0.5952207836510959,0.9614024357043556,0.6489316679141324,0.8100495429239098,0.942256682233346,all_objects,61,61,0,0,0,0.8075442405523713,0.0899101779024167,0.5952207836510959,0.9614024357043556,0.6489316679141324,0.8100495429239098,0.942256682233346,all_objects,61,61,0,0,0,0.2598927918111393,0.12142880938140665,0.04600243973822338,0.5548078571486872,0.09850133507549019,0.234215796258616,0.48956222730767884,all_objects,61,61,0,0,0,1.738786075620742,0.8104125587372356,0.7802346682423353,5.001997555456926,0.8676732916761339,1.5549755958521454,3.138343399318902,all_objects,61,61,0,0,0,0.7769452895599663,0.24086137752429662,0.4016301224860396,1.8318067300989056,0.5432354823310384,0.7004873336349067,1.1424888342045443,all_objects,61,61,0,0,0,-0.9618407860607756,0.7601716005225094,-3.8595087212523818,-0.07218514304533585,-2.2180736950282944,-0.7082918013213954,-0.20276614329996434,all_objects,61,61,0,0,0,1.7575521751625507,1.3012282839001936,0.19171836158232103,6.566058003921425,0.3801897419764463,1.2764390188172463,4.225630390548964,all_objects,61,61,0,0,0,0.7881695420671467,0.1462637244031283,0.291051277998351,0.9503164969546105,0.48499103240807745,0.8348357000611003,0.934187171333166,all_objects,61,61,0,0,0,0.09685370762725855,0.05560080985688496,0.012751015487099117,0.2793119521697086,0.024692355251308848,0.08225708584818289,0.20340254252701223,all_objects,61,61,0,0,0,0.3621664068177515,0.11263985296952954,0.1468659994177,0.6722866418248299,0.17347589167156122,0.3445116069420614,0.5760191502388085,all_objects,61,61,0,0,0,0.3148805214932809,0.06928139479603594,0.1705275573051086,0.5018531537460809,0.20442780651278783,0.31562101135508197,0.41631816797676113,all_objects,61,61,0,0,0,1.1573996209641653,0.2763435611767959,0.5807621695902868,1.6811387328761966,0.6812113635957725,1.1814258076832156,1.5312996804776038,all_objects,61,61,0,0,0,2.1729269806577977e-05,0.00011858174702909785,1.4455767799135291e-08,0.0009316059390439835,7.380622965246526e-08,5.939825326535638e-07,3.82479735718859e-05,all_objects,61,61,0,0,0,8.643980761893638e-05,0.0004742687940467086,3.9724790104881194e-08,0.003725536412546031,2.0354732717222984e-07,1.5954060550341397e-06,0.000152841240753339,all_objects,61,61,0,0,0,0.0001908458052850328,0.00035552833932391746,1.4486665953343686e-05,0.0026499794623482654,3.0093767481704123e-05,8.17387596256408e-05,0.0005488056286309761,all_objects,61,61,0,0,0,0.0006687600539227664,0.0014098813963778674,3.5177268848951143e-05,0.01045107749071379,7.205767704349244e-05,0.00021761371339815445,0.0021286854304730088,all_objects,61,61,0,0,0,0.002991080666278122,0.01464204961902391,3.894902135925804e-06,0.11447923529652826,2.5964575030457127e-05,0.00021763059868362689,0.005216291251542771,all_objects,61,61,0,0,0,0.8075622457267988,0.08993586967150387,0.5952263201571667,0.9614040116844104,0.6489319340847632,0.8100497137989865,0.9422574275928068,all_objects
llvip,train,base,4,0,-1,1,1.0,2728,1024,14,2728,1.0,25,23,23,1.0,2,1213,0.4446480938416422,1235,0.4527126099706745,2155,2728,0.7899560117302052,0.7899560117302052,2728,2728,0,0,0,0.8782675877564451,0.07875273406459639,0.1561101976814513,0.9884944234304645,0.725751836468772,0.8955392798127275,0.9631895843965662,all_objects,2728,2728,0,0,0,0.8782675877564451,0.07875273406459639,0.1561101976814513,0.9884944234304645,0.725751836468772,0.8955392798127275,0.9631895843965662,all_objects,2728,2728,0,0,0,-0.005549820711152665,0.07379716941588975,-0.542582681352324,0.6274555679180605,-0.11328849414855968,-0.006471043405994081,0.10452772525155497,all_objects,2728,2728,0,0,0,0.680910342085046,0.2595697124979214,0.2307109253492022,5.040649458002111,0.4518092784470714,0.6328195135142862,1.0887949282180818,all_objects,2728,2728,0,0,0,0.6745750913505277,0.23370728433531474,0.23916389875974567,6.4676612399526725,0.456288178047077,0.6346559480783286,1.0062008200412929,all_objects,2728,2728,0,0,0,-0.006335250734518302,0.19528288628368928,-3.877094345508561,1.7115122231661342,-0.20309300596626836,0.005794459359864335,0.17638872421886378,all_objects,2728,2728,0,0,0,0.2051506509811954,0.2851491066481979,0.010149218417725824,6.2740889555589305,0.033829411446950564,0.13002563195399022,0.5978516757360893,all_objects,2728,2728,0,0,0,0.34292271266168867,0.39217431798299984,-0.8481483987401643,0.9703731012606339,-0.4068051980584653,0.4156543165705757,0.8607949297563725,all_objects,2728,2728,0,0,0,0.00686995338529465,0.014559286690538376,-0.04420866561454928,0.2614704418038008,-0.004234630028673303,0.003294772430090264,0.02836913093524145,all_objects,2728,2728,0,0,0,0.11678971161711274,0.05904247494800129,0.021422249834407672,0.632600794208333,0.04660535140740607,0.10460609237737313,0.22242724094332955,all_objects,2728,2728,0,0,0,0.11792015104802878,0.06826041970271496,0.008174690143492648,0.4789180932973905,0.0373807395573382,0.10251135930739493,0.25759444845412016,all_objects,2728,2728,0,0,0,1.2085194392910288,0.8030683837817872,0.15963987193320292,13.727862130538162,0.43114498484699276,1.0463712963567302,2.464675624955754,all_objects,2728,2728,0,0,0,0.0003664956429269782,0.0015482746323758753,2.962947096321665e-09,0.016690965387654414,5.9283967558154315e-08,1.1131657500587297e-06,0.002437382948695534,all_objects,2728,2728,0,0,0,0.001465169940926703,0.006192961709481319,8.457270757247477e-09,0.06675222485533204,1.63097912286268e-07,3.851355926344805e-06,0.009748950155834952,all_objects,2728,2728,0,0,0,0.0005726917498066771,0.0015361586973816675,6.55945382764131e-06,0.015143117473487322,2.7584649922745127e-05,0.00010563918805558899,0.003986532357523308,all_objects,2728,2728,0,0,0,0.002183559673560849,0.00613537176428584,1.623458411929782e-05,0.060036178835126824,6.886391360283101e-05,0.0003081443999888597,0.01571431332452106,all_objects,2728,2728,0,0,0,0.03644220806281521,0.13930526951474884,1.849652505825361e-06,0.9637423788282149,1.9180985773914472e-05,0.0002812401669416431,0.27961231054618124,all_objects,2728,2728,0,0,0,0.8784083758882116,0.0787266737442996,0.15610883982764565,0.9884946691182862,0.7257306200473821,0.8955404478688194,0.9635596827933511,all_objects
llvip,train,n_iou_lt_070,4,0,-1,1,1.0,82,73,13,82,1.0,25,23,23,1.0,2,68,0.8292682926829268,66,0.8048780487804879,72,82,0.8780487804878049,0.8780487804878049,82,82,0,0,0,0.7271216935622911,0.14000510914969233,0.1561101976814513,0.9454738936064713,0.5016932618334857,0.7511327110191364,0.9038533182731728,all_objects,82,82,0,0,0,0.7271216935622911,0.14000510914969233,0.1561101976814513,0.9454738936064713,0.5016932618334857,0.7511327110191364,0.9038533182731728,all_objects,82,82,0,0,0,0.13184546647590928,0.1461478647959069,-0.1908227799122693,0.6274555679180605,-0.07022258987407226,0.11888607968051543,0.3446047859319269,all_objects,82,82,0,0,0,1.5334687448175544,0.7647688205918972,0.7929635698187757,5.040649458002111,0.8679013923987137,1.3427683739816638,2.983705990080583,all_objects,82,82,0,0,0,1.0926120703395543,0.7379330870209663,0.44167951838582675,6.4676612399526725,0.5614046325354541,0.884885752236203,1.7986782781947095,all_objects,82,82,0,0,0,-0.44085667447799987,0.7253129101131819,-3.877094345508561,1.4270117819505614,-1.2474449849840383,-0.3552606994247264,0.3894908965965088,all_objects,82,82,0,0,0,0.7991086374836927,0.9624666699608551,0.05602696952092938,6.2740889555589305,0.10484990007314277,0.5297797173069633,2.2979315818597725,all_objects,82,82,0,0,0,0.5491580340543146,0.3512026868984345,-0.4943143493451567,0.9526376273268606,-0.20958877114784075,0.6619150563029261,0.9151024954522,all_objects,82,82,0,0,0,0.047453204120518865,0.05019408923311156,-0.0269702211906,0.2614704418038008,-0.008254912939020075,0.03509151088857462,0.12715040632155197,all_objects,82,82,0,0,0,0.2286952017394491,0.1112375446327034,0.061340407534401564,0.632600794208333,0.09167602155292164,0.20675493362404865,0.40816318287251785,all_objects,82,82,0,0,0,0.2950183611650579,0.06983477943464111,0.16377375305143124,0.4789180932973905,0.18642605757071218,0.2860288092526103,0.42894910378168877,all_objects,82,82,0,0,0,0.7779154231071618,0.3217964371228982,0.21892832354735325,1.5452811747725768,0.32162601578992545,0.7184632855746149,1.377602989976892,all_objects,82,82,0,0,0,0.0009404725826643341,0.0026936613566021284,4.051542139958292e-08,0.014308556662472155,1.1214705370457304e-07,4.35886162915023e-06,0.0078181208342555,all_objects,82,82,0,0,0,0.003758306100083625,0.010774625371404818,9.459797329267358e-08,0.057232896927103774,2.4376180415870776e-07,1.2896138174545348e-05,0.031271452947397686,all_objects,82,82,0,0,0,0.0011454417386085403,0.0025266046195835355,2.377414230746796e-05,0.014357073416405823,4.006926825063286e-05,0.0002068209066252784,0.007132196155703835,all_objects,82,82,0,0,0,0.004390211217415542,0.010103710303805274,5.086884315547637e-05,0.057189580018544954,8.532090607139227e-05,0.0005639353006215951,0.028440220518364714,all_objects,82,82,0,0,0,0.08463055462097402,0.21619380026482288,1.4750009391661933e-05,0.8383116207697867,3.71261951300994e-05,0.0010336420676679836,0.6881378502674593,all_objects,82,82,0,0,0,0.7274106389371743,0.139849580686861,0.15610883982764565,0.9522686411514993,0.5016865442990908,0.7511358044101908,0.9060952585261173,all_objects
llvip,train,quality_gate070,4,0,-1,1,1.0,23,22,10,23,1.0,23,23,23,1.0,0,23,1.0,22,0.9565217391304348,23,23,1.0,1.0,23,23,0,0,0,0.8050474892876056,0.0834839211401205,0.6360807938179058,0.9454738936064713,0.6486041584774637,0.7919183863843466,0.9261871751747612,all_objects,23,23,0,0,0,0.8050474892876056,0.0834839211401205,0.6360807938179058,0.9454738936064713,0.6486041584774637,0.7919183863843466,0.9261871751747612,all_objects,23,23,0,0,0,0.22320854853196065,0.14360568007202562,0.054409850116891145,0.6274555679180605,0.062427879439569914,0.20858814609725151,0.5166219100451329,all_objects,23,23,0,0,0,1.5602295811012972,0.8675419100842646,0.8444079983662671,4.737907360616081,0.875755745307193,1.3016217418434377,3.364608434650706,all_objects,23,23,0,0,0,0.7918697222827035,0.19425156811615982,0.5245605654910519,1.3236542288563542,0.5336826311872428,0.7498949861593722,1.2162046974050504,all_objects,23,23,0,0,0,-0.7683598588185937,0.8699460892817551,-3.877094345508561,0.03790003138623055,-2.617982374248936,-0.5880076100061749,-0.018048829930855024,all_objects,23,23,0,0,0,1.2360672133164605,1.5053311611755473,0.1045223748316699,6.2740889555589305,0.18712251586785666,0.7379524809338025,4.812644195255194,all_objects,23,23,0,0,0,0.7724899306234158,0.16043218141082313,0.3759284628982232,0.9526376273268606,0.4511661021159561,0.8249616015368721,0.9497915601981128,all_objects,23,23,0,0,0,0.07470649584964051,0.06179423985876154,0.013937877174246388,0.2614704418038008,0.016708795695154238,0.056258489005707076,0.22219667798113757,all_objects,23,23,0,0,0,0.28818609221328817,0.13117383632000865,0.10367737737789723,0.632600794208333,0.13360763860710292,0.2606907272723005,0.5741720067342692,all_objects,23,23,0,0,0,0.2922976272256671,0.07049322033650486,0.16377375305143124,0.4532843179158149,0.19155322538519948,0.2780635786057447,0.4231893324850266,all_objects,23,23,0,0,0,0.976145145937505,0.30866358893886037,0.4639128733063706,1.4167776143221158,0.5216711479740589,1.0427592665192855,1.3941293152956615,all_objects,23,23,0,0,0,0.0007754644395554319,0.0020494058660246867,4.051542139958292e-08,0.007879005100725294,1.7927317629093083e-07,2.0187203282348016e-06,0.005358705810503049,all_objects,23,23,0,0,0,0.0031011859255120964,0.008197575972939583,9.840375355533177e-08,0.031514975070479796,4.304144163814069e-07,6.695283069584101e-06,0.021434290359907893,all_objects,23,23,0,0,0,0.0009664295064680952,0.0020775810831776564,2.377414230746796e-05,0.007470284673185062,4.7212731061201675e-05,0.0001327472384638191,0.006092003252074602,all_objects,23,23,0,0,0,0.0037488303959467,0.008302014853673564,5.218867930425727e-05,0.029722127492166118,0.0001058665413781229,0.00035196181750781066,0.024250182040526126,all_objects,23,23,0,0,0,0.07951902656504782,0.20483978379839474,1.4750009391661933e-05,0.7473026731751133,8.299058674765547e-05,0.0004312176613439078,0.560685693751739,all_objects,23,23,0,0,0,0.8053539713218726,0.08422554731300137,0.6360784503933785,0.9522686411514993,0.6486028740316614,0.7919167746744149,0.9262108190427155,all_objects
llvip,val,base,4,0,-1,1,1.0,548,196,5,548,1.0,61,61,61,1.0,0,307,0.5602189781021898,323,0.5894160583941606,437,548,0.7974452554744526,0.7974452554744526,548,548,0,0,0,0.765864340984094,0.133020488113952,0.09861705943421524,0.9759079819193804,0.5122770775604885,0.7889876706489131,0.9306739180489654,all_objects,548,548,0,0,0,0.765864340984094,0.133020488113952,0.09861705943421524,0.9759079819193804,0.5122770775604885,0.7889876706489131,0.9306739180489654,all_objects,548,548,0,0,0,0.03938151548466995,0.15489171554987544,-0.4905559530569517,0.5741087504954442,-0.18023589739507023,0.020353220232343677,0.3446962573316412,all_objects,548,548,0,0,0,1.1296532567372595,0.6875356714472393,0.3527060457076785,5.001997555456926,0.535784429351183,0.9031641937197016,2.495684714640167,all_objects,548,548,0,0,0,0.9654070384241124,0.5554265129406457,0.3572925133725985,5.2017537337162505,0.5222256072449292,0.7835068775555,1.9339228534481043,all_objects,548,548,0,0,0,-0.16424621831314706,0.6773841044738488,-4.050518987170998,3.4976210565631116,-1.2254505531206006,-0.05440474042703464,0.578007333098214,all_objects,548,548,0,0,0,0.7770061446410437,1.0165998932194573,0.0135288095153935,8.865953657085997,0.08582819226553429,0.4455572971015042,2.5433793805821288,all_objects,548,548,0,0,0,0.4036154517876491,0.4110146610723097,-0.7419133410050115,0.9632497759961514,-0.36113332719676555,0.5050208699716815,0.9020804264903597,all_objects,548,548,0,0,0,0.03055585280399437,0.0448522465520332,-0.0434836650444841,0.2803371165319718,-0.010143290196699913,0.014034910608617758,0.11678035341846735,all_objects,548,548,0,0,0,0.2246251862467922,0.11282367046642446,0.032645920024481516,0.6692111016897273,0.0879231828107042,0.2000358847362145,0.4460307750135796,all_objects,548,548,0,0,0,0.22094331233387587,0.09853059840946579,0.03175749632088304,0.5018531537460809,0.08393298169206632,0.21053633216692952,0.3973736483626606,all_objects,548,548,0,0,0,1.1365397802479644,0.5788877457434086,0.18261396033279037,5.068141748031183,0.3977274371978804,1.0767394593515003,2.1626156697927943,all_objects,548,548,0,0,0,0.0003813859416607528,0.001555429315448157,1.600460744447458e-08,0.012936161680260305,1.1340562504642844e-07,1.8288213934584375e-06,0.0025425373564792516,all_objects,548,548,0,0,0,0.0015244803964396126,0.006221422926518958,3.800258190893364e-08,0.05174244740860295,3.097901706769512e-07,6.46279060684102e-06,0.010169907895533096,all_objects,548,548,0,0,0,0.0005926397479331542,0.0014348891653700126,1.54672616605824e-05,0.009601652943755118,3.7872886743013516e-05,0.00013740253664960546,0.003402154789279954,all_objects,548,548,0,0,0,0.002261437097541455,0.005728616142943915,3.3399913633043986e-05,0.03818452874612379,9.370739849238182e-05,0.00042767121957738564,0.01352113583104354,all_objects,548,548,0,0,0,0.04057805892557674,0.1492775251567258,4.932357057896297e-06,0.978215537168353,3.5680470267607235e-05,0.00045176246786127194,0.3150660868089357,all_objects,548,548,0,0,0,0.765997556706604,0.13300357789620298,0.09860244205921799,0.9758770457916001,0.5119233066240565,0.7890012438156631,0.9307134902895466,all_objects
llvip,val,n_iou_lt_070,4,0,-1,1,1.0,199,109,5,199,1.0,61,61,61,1.0,0,156,0.7839195979899497,161,0.8090452261306532,179,199,0.8994974874371859,0.8994974874371859,199,199,0,0,0,0.7069704787249984,0.16112732195620744,0.09861705943421524,0.9759079819193804,0.4273598637487151,0.7324062765579785,0.9129365360479936,all_objects,199,199,0,0,0,0.7069704787249984,0.16112732195620744,0.09861705943421524,0.9759079819193804,0.4273598637487151,0.7324062765579785,0.9129365360479936,all_objects,199,199,0,0,0,0.14558248635766766,0.17386036936791557,-0.45793662127258034,0.5741087504954442,-0.08883622051624818,0.1380569853390542,0.42177971605713266,all_objects,199,199,0,0,0,1.7359173322976793,0.7979102861211226,0.7802346682423353,5.001997555456926,0.8758429577319732,1.5544592925965315,3.357660916473895,all_objects,199,199,0,0,0,1.1709360599327403,0.7007964268960084,0.3572925133725985,5.2017537337162505,0.539676532981202,0.9707574296573519,2.5789081094511253,all_objects,199,199,0,0,0,-0.5649812723649392,0.8785618967165164,-4.050518987170998,2.5802899430864894,-2.116483176577518,-0.5012110078927143,0.5637892554113813,all_objects,199,199,0,0,0,1.334976141615814,1.342658169776187,0.023894677728849248,8.865953657085997,0.15153872333153093,0.9412242743426721,4.086909618925758,all_objects,199,199,0,0,0,0.5631389983401099,0.36139690704901456,-0.7419133410050115,0.9548645591470117,-0.19533589794138798,0.6947530145177401,0.923015146904472,all_objects,199,199,0,0,0,0.06360323219158773,0.057111377102877704,-0.0434836650444841,0.2803371165319718,-0.008560506810723073,0.0550200668124343,0.17067363337446903,all_objects,199,199,0,0,0,0.29511161876086317,0.12822863133437526,0.052308443184210025,0.6692111016897273,0.1169345098382878,0.28991859796771396,0.506751013496335,all_objects,199,199,0,0,0,0.31668331667712996,0.06760143215060646,0.14747383833816738,0.5018531537460809,0.20423323313350353,0.3193137834123681,0.42770397153223966,all_objects,199,199,0,0,0,0.9388736826653763,0.36566312872107093,0.232322680534475,1.945570053737956,0.35141654445429504,0.955557745037899,1.4964026935751322,all_objects,199,199,0,0,0,0.0004903872945185898,0.0017392805092052797,2.3164075272839853e-08,0.012936161680260305,1.640149096707812e-07,5.376873256182344e-06,0.003400532523521139,all_objects,199,199,0,0,0,0.00195941194713866,0.006956639399338347,6.645932078045946e-08,0.05174244740860295,4.721847210679026e-07,2.130621078521517e-05,0.013601871952796713,all_objects,199,199,0,0,0,0.0007510136381738094,0.0015642617273938467,1.7786669600046392e-05,0.009601652943755118,4.4248894418739776e-05,0.00020566063963280623,0.004300924095926053,all_objects,199,199,0,0,0,0.002868567779467139,0.006244613265239439,4.4076890897075516e-05,0.03818452874612379,0.00010780149457607438,0.000644295237848013,0.017149353757221014,all_objects,199,199,0,0,0,0.05451896224410469,0.16729030365166084,1.2503522015094859e-05,0.978215537168353,5.1584182631359e-05,0.0012174232543316066,0.5212839014182915,all_objects,199,199,0,0,0,0.7070074555078216,0.16109585064808546,0.09860244205921799,0.9758770457916001,0.42735860264748105,0.7313834432317479,0.9143341382822855,all_objects
llvip,val,quality_gate070,4,0,-1,1,1.0,61,49,5,61,1.0,61,61,61,1.0,0,61,1.0,59,0.9672131147540983,61,61,1.0,1.0,61,61,0,0,0,0.8060593194323149,0.09049794681286051,0.6044703930531653,0.9759079819193804,0.6387593566921078,0.822412210289164,0.932809254879622,all_objects,61,61,0,0,0,0.8060593194323149,0.09049794681286051,0.6044703930531653,0.9759079819193804,0.6387593566921078,0.822412210289164,0.932809254879622,all_objects,61,61,0,0,0,0.2584078706910832,0.1265348115489863,0.0552520491402928,0.5567909903421778,0.08826492682191611,0.21522306899432353,0.4926448634282487,all_objects,61,61,0,0,0,1.738786075620742,0.8104125587372356,0.7802346682423353,5.001997555456926,0.8676732916761339,1.5549755958521454,3.138343399318902,all_objects,61,61,0,0,0,0.7994110915889344,0.2895660639119773,0.41641191758314783,1.945887796362721,0.525067879739396,0.6932518506382922,1.200895355246364,all_objects,61,61,0,0,0,-0.9393749840318075,0.7780651481863383,-4.050518987170998,0.017290943139305348,-2.2070552680499,-0.6937785753297281,-0.1488881609258378,all_objects,61,61,0,0,0,1.6986268052596964,1.2843326715631371,0.20872853674941177,6.538596800728175,0.43606722397974196,1.193908915412501,4.204294813826506,all_objects,61,61,0,0,0,0.7847090827685743,0.15509422374579176,0.25950694856080975,0.9548645591470117,0.46701315263521315,0.8457146594770454,0.9447732695735812,all_objects,61,61,0,0,0,0.0954343282947526,0.05598828464840111,0.012673108645463522,0.2803371165319718,0.02460589805053229,0.07880388909720876,0.19935147177346246,all_objects,61,61,0,0,0,0.3571630104998543,0.1116532704359749,0.14512143310543923,0.6692111016897273,0.17604553935408704,0.337050306483901,0.5690785105196604,all_objects,61,61,0,0,0,0.3148805214932809,0.06928139479603594,0.1705275573051086,0.5018531537460809,0.20442780651278783,0.31562101135508197,0.41631816797676113,all_objects,61,61,0,0,0,1.142053508375603,0.2764139044410085,0.6276368486928824,1.6726236295320431,0.6565813434469465,1.1595408244737937,1.4940308449919342,all_objects,61,61,0,0,0,0.00046105066459110503,0.0015088266258137095,8.270890212187031e-08,0.007611071663959509,1.4100018953709184e-07,2.338662560125699e-06,0.0032727748293262596,all_objects,61,61,0,0,0,0.0018438641247000209,0.006035256941302526,2.776270200033018e-07,0.030444136800462183,4.221496491864649e-07,9.253039007071657e-06,0.01309087423528878,all_objects,61,61,0,0,0,0.0007282485139219239,0.001578932208697369,3.2025574714401346e-05,0.00733808550457731,3.966202501394358e-05,0.00013185351949541503,0.004610112326698335,all_objects,61,61,0,0,0,0.0028287307154071647,0.006309426884364613,8.85492633856006e-05,0.02928541132083473,0.00010540819962504117,0.00044064038376035624,0.018362663228682734,all_objects,61,61,0,0,0,0.04942215555717749,0.15309202434732655,2.4353686399081198e-05,0.7296556145607838,4.5916837279946776e-05,0.000453825632121152,0.37344754732615115,all_objects,61,61,0,0,0,0.8060308016611962,0.09034015027473614,0.6044715444895272,0.9758770457916001,0.6387614879879904,0.8226428829512163,0.932849735524522,all_objects
llvip,train,base,5,1,1,1,1.4142135623730951,2728,1024,14,2728,1.0,23,23,22,0.9565217391304348,1,1058,0.3878299120234604,939,0.34420821114369504,2102,2728,0.7705278592375366,0.7705278592375366,2728,2728,0,0,0,0.8684804105944595,0.07835279870061405,0.1621174543761543,0.9868380326600015,0.722133629547998,0.8873936611152169,0.9552383450796993,all_objects,2728,2728,0,0,0,0.8684804105944595,0.07835279870061405,0.1621174543761543,0.9868380326600015,0.722133629547998,0.8873936611152169,0.9552383450796993,all_objects,2728,2728,0,0,0,-0.01533699787313835,0.07619277408292108,-0.5609054430421186,0.6660089584129341,-0.12885162962635435,-0.016250220200571708,0.0988952719113771,all_objects,2728,2728,0,0,0,0.680910342085046,0.2595697124979214,0.2307109253492022,5.040649458002111,0.4518092784470714,0.6328195135142862,1.0887949282180818,all_objects,2728,2728,0,0,0,0.6893879031676451,0.22823596114157008,0.26904224089540274,5.90852569323436,0.4743541521830306,0.6505232173023854,1.030847547190103,all_objects,2728,2728,0,0,0,0.00847756108259905,0.19442229652587953,-3.9946043699208813,1.5415757152344547,-0.18580252824422536,0.02121164944921608,0.1877052613396876,all_objects,2728,2728,0,0,0,0.22066808374349298,0.2877042857761856,0.01546926727850021,6.209088021753344,0.04704420147786994,0.14421093472048435,0.6201170128305498,all_objects,2728,2728,0,0,0,0.30683096471536936,0.3932130750035887,-0.8107660162921544,0.9646223084092631,-0.4203120890499927,0.3547152449357899,0.8498470318179706,all_objects,2728,2728,0,0,0,0.006477722161607773,0.014359303225643104,-0.04979128334370131,0.25962976058115295,-0.004234066954654819,0.0029006688915488897,0.027698672218877035,all_objects,2728,2728,0,0,0,0.11746742277052478,0.05809106186140244,0.02362131981808349,0.6231665411276606,0.04994994395217228,0.10543600197937471,0.22006433250370494,all_objects,2728,2728,0,0,0,0.11792015104802878,0.06826041970271496,0.008174690143492648,0.4789180932973905,0.0373807395573382,0.10251135930739493,0.25759444845412016,all_objects,2728,2728,0,0,0,1.22604857512091,0.8203004778962258,0.1556442033150594,14.207622655608953,0.4379481876236707,1.0505980466235685,2.5240223994056676,all_objects,2728,2728,0,0,0,0.0016524508546274404,0.0031045070678491285,2.9347488301923188e-08,0.01961940280582005,8.91531391901631e-07,3.6553482899148464e-05,0.008845191434725291,all_objects,2728,2728,0,0,0,0.006354148692475091,0.011831358177925168,9.570679847793655e-08,0.06428090497375262,2.542029521654436e-06,0.00012865369741556836,0.033705306735075685,all_objects,2728,2728,0,0,0,0.002281775297829843,0.002972173321862928,2.3773444331745928e-05,0.01693227155752855,0.00011992418916580772,0.0006695316594259575,0.008478010540400616,all_objects,2728,2728,0,0,0,0.00812151755296165,0.010953273293710786,5.2341650885293816e-05,0.05987242547014363,0.00026725883871075746,0.0018872836990142328,0.03108144561274434,all_objects,2728,2728,0,0,0,0.15336071811574406,0.26291013230803545,6.776269600550222e-06,0.9888945365364634,0.00014770903092085064,0.004743256643848781,0.774375010135791,all_objects,2728,2728,0,0,0,0.869894136535371,0.07789679257696973,0.1621248668915401,0.9871237455960213,0.7239063730065709,0.8890397560530481,0.9552351979290333,all_objects
llvip,train,n_iou_lt_070,5,1,1,1,1.4142135623730951,82,73,13,82,1.0,23,23,22,0.9565217391304348,1,67,0.8170731707317073,68,0.8292682926829268,74,82,0.9024390243902439,0.9024390243902439,82,82,0,0,0,0.7227132020060795,0.14164298013810428,0.1621174543761543,0.9455728400837885,0.501970101275201,0.7489676250560549,0.902977671823034,all_objects,82,82,0,0,0,0.7227132020060795,0.14164298013810428,0.1621174543761543,0.9455728400837885,0.501970101275201,0.7489676250560549,0.902977671823034,all_objects,82,82,0,0,0,0.1274369749196978,0.14942396667995358,-0.1908227799122693,0.6660089584129341,-0.08989213138561666,0.11038456024037979,0.3298764579926323,all_objects,82,82,0,0,0,1.5334687448175544,0.7647688205918972,0.7929635698187757,5.040649458002111,0.8679013923987137,1.3427683739816638,2.983705990080583,all_objects,82,82,0,0,0,1.0811198083099638,0.6916538509127828,0.4600244210534241,5.90852569323436,0.5779118139079592,0.8734522283075867,1.9444680089305657,all_objects,82,82,0,0,0,-0.45234893650759045,0.711726428469557,-3.9946043699208813,0.9297550851643672,-1.240190286141048,-0.36350842076155193,0.5027761159071574,all_objects,82,82,0,0,0,0.8058424868849835,0.9565479551187144,0.07532422126285972,6.209088021753344,0.1275559075182514,0.48688912598059597,2.1977431370691116,all_objects,82,82,0,0,0,0.5563428370012093,0.3466625726649469,-0.4738281891485936,0.9506905404041107,-0.1753806527183278,0.6576028560615124,0.9166250409970017,all_objects,82,82,0,0,0,0.04708606888426319,0.049090637483047296,-0.01658332871059574,0.25962976058115295,-0.00642988065603639,0.033874037978090105,0.11955733718551931,all_objects,82,82,0,0,0,0.2268577133189857,0.10860537387702913,0.08119781108450237,0.6231665411276606,0.09696236247655914,0.20321383021771328,0.4148377209977209,all_objects,82,82,0,0,0,0.2950183611650579,0.06983477943464111,0.16377375305143124,0.4789180932973905,0.18642605757071218,0.2860288092526103,0.42894910378168877,all_objects,82,82,0,0,0,0.7733348618748027,0.3148462387335824,0.2898008241382355,1.5337809427426294,0.32560701138516923,0.717876602481771,1.372110856485493,all_objects,82,82,0,0,0,0.0017763530087284904,0.0033410471492029124,1.5105950829411437e-06,0.01961940280582005,6.217554991975587e-06,0.00010268022153787017,0.007767119026884357,all_objects,82,82,0,0,0,0.006251589374982317,0.010687078668446114,3.2803695987721984e-06,0.05027276424902398,2.040625284022855e-05,0.00037367788601673133,0.028246420461749834,all_objects,82,82,0,0,0,0.0027295086059480854,0.0032448430956239544,0.00017647324792591785,0.01693227155752855,0.00029699381286273476,0.0013242974503255153,0.008889250875457961,all_objects,82,82,0,0,0,0.008825286548371962,0.0103943613938515,0.0002958520114541475,0.05017075530559231,0.0007237591944555852,0.0030851398292699142,0.02639201488010523,all_objects,82,82,0,0,0,0.15269422399029356,0.23442200205640543,0.00019873936082603905,0.8894118120835515,0.0006903116524739516,0.012930411004558273,0.654781802925902,all_objects,82,82,0,0,0,0.7228168542353668,0.14032590438260797,0.1621248668915401,0.9455699480553565,0.5018961725058959,0.7489688401317021,0.903083396451257,all_objects
llvip,train,quality_gate070,5,1,1,1,1.4142135623730951,23,22,10,23,1.0,22,23,22,0.9565217391304348,0,23,1.0,23,1.0,23,23,1.0,1.0,23,23,0,0,0,0.8027708603817444,0.08642611124415596,0.6177370359163694,0.9455728400837885,0.6338321802713527,0.8016719205965612,0.9272393787628981,all_objects,23,23,0,0,0,0.8027708603817444,0.08642611124415596,0.6177370359163694,0.9455728400837885,0.6338321802713527,0.8016719205965612,0.9272393787628981,all_objects,23,23,0,0,0,0.22093191962609943,0.14955956178028862,0.04548810962957628,0.6660089584129341,0.054962100065289475,0.17893458758195402,0.5082824380482679,all_objects,23,23,0,0,0,1.5602295811012972,0.8675419100842646,0.8444079983662671,4.737907360616081,0.875755745307193,1.3016217418434377,3.364608434650706,all_objects,23,23,0,0,0,0.7980958708981637,0.20130383888211717,0.5325812438697362,1.5685700644685263,0.5796005313350292,0.7599683971254025,1.0551663473795614,all_objects,23,23,0,0,0,-0.7621337102031337,0.8877968984529738,-3.9946043699208813,-0.06028273347943036,-2.6155137678249627,-0.5716162263371444,-0.07520615894402145,all_objects,23,23,0,0,0,1.2389440192035235,1.4872559057760186,0.0790501327343584,6.209088021753344,0.16973986307276742,0.760301594623326,4.758391804071838,all_objects,23,23,0,0,0,0.7745995057509644,0.15623031809278995,0.46905448167275815,0.9506905404041107,0.4848614359352601,0.8314097369308928,0.9445919754006749,all_objects,23,23,0,0,0,0.0737253061285125,0.0613286236039988,0.01413153423896148,0.25962976058115295,0.017576688553245352,0.05284739551087654,0.22102508220941028,all_objects,23,23,0,0,0,0.2848761609393599,0.12986125721801722,0.08963929583848225,0.6231665411276606,0.13033491435194672,0.2550087662212004,0.5728852725555991,all_objects,23,23,0,0,0,0.2922976272256671,0.07049322033650486,0.16377375305143124,0.4532843179158149,0.19155322538519948,0.2780635786057447,0.4231893324850266,all_objects,23,23,0,0,0,0.9628696686848971,0.30187439095757657,0.44846508203286145,1.3932637261721126,0.47619901148068794,0.9946815299274976,1.3754726371785029,all_objects,23,23,0,0,0,0.0013901144381729,0.002281843662979149,1.5105950829411437e-06,0.007803970350457335,2.2941308384720083e-06,7.509879750390075e-05,0.005671763742653964,all_objects,23,23,0,0,0,0.005534638720399317,0.009130827599546915,3.2803695987721984e-06,0.031214583509696418,6.89795188398359e-06,0.00030005887701236396,0.022679197349974495,all_objects,23,23,0,0,0,0.002130446744416422,0.0023613063138010998,0.00017647324792591785,0.007548780519188525,0.00018903918722696267,0.0007894027905752312,0.006178491387693839,all_objects,23,23,0,0,0,0.007755998303923265,0.009445929865912582,0.0002958520114541475,0.029895905220658735,0.0004162726711840185,0.002835181291590826,0.023823176719661734,all_objects,23,23,0,0,0,0.147682165910314,0.23311695200841473,0.00019873936082603905,0.7422461045840123,0.00036376354449885184,0.010298632500877147,0.5989677798985211,all_objects,23,23,0,0,0,0.8019784131704419,0.08518131418526663,0.6176554132876425,0.9455699480553565,0.6346898791724858,0.8018379355239335,0.927335647352877,all_objects
llvip,val,base,5,1,1,1,1.4142135623730951,548,196,5,548,1.0,62,61,61,1.0,1,293,0.5346715328467153,323,0.5894160583941606,441,548,0.8047445255474452,0.8047445255474452,548,548,0,0,0,0.7620057342540355,0.13186686809792206,0.08558976234928027,0.9742769744559618,0.5217911252711931,0.7828067041348918,0.9282520078059489,all_objects,548,548,0,0,0,0.7620057342540355,0.13186686809792206,0.08558976234928027,0.9742769744559618,0.5217911252711931,0.7828067041348918,0.9282520078059489,all_objects,548,548,0,0,0,0.035522908754611525,0.1524090555232055,-0.48507086294760543,0.5366544255711173,-0.1785209337043079,0.012326700456658901,0.3348554800240121,all_objects,548,548,0,0,0,1.1296532567372595,0.6875356714472393,0.3527060457076785,5.001997555456926,0.535784429351183,0.9031641937197016,2.495684714640167,all_objects,548,548,0,0,0,0.9473316948294556,0.5271998008470211,0.36269124670673947,5.763597911745007,0.5298265096908473,0.7891361753032093,1.8483603607112489,all_objects,548,548,0,0,0,-0.18232156190780371,0.6583066043757327,-3.852405299163012,3.267587782019062,-1.2252163809695127,-0.06284914109688566,0.5485061524252103,all_objects,548,548,0,0,0,0.7997296493222615,1.0275749683020756,0.019648976351595675,8.872087283667604,0.09757472051953547,0.4575643908452256,2.6567879510097554,all_objects,548,548,0,0,0,0.41117310339873797,0.4025848088824518,-0.7449272191462948,0.9496320978266634,-0.32121179704844427,0.525114635072579,0.9053947051757523,all_objects,548,548,0,0,0,0.030891131630373356,0.044502986226676325,-0.04026093135020859,0.2799756651380774,-0.008841802585370075,0.014879560641576719,0.11897778134346165,all_objects,548,548,0,0,0,0.22433729877611025,0.11200154547636257,0.04189252489579143,0.6722076957162489,0.0833300447072853,0.1993810438129904,0.4453248541583882,all_objects,548,548,0,0,0,0.22094331233387587,0.09853059840946579,0.03175749632088304,0.5018531537460809,0.08393298169206632,0.21053633216692952,0.3973736483626606,all_objects,548,548,0,0,0,1.13625526705163,0.581669583719226,0.18778812171268108,5.664886210484388,0.4254097765788698,1.0748144394025902,2.168032556804236,all_objects,548,548,0,0,0,0.0019700253406049486,0.0034571522428295796,2.561598490186849e-07,0.013483470126905737,1.1457397857209166e-06,5.173666129960647e-05,0.010325059691294122,all_objects,548,548,0,0,0,0.007740500363251594,0.013660502510228852,5.37402807221613e-07,0.05386509397661594,4.12048517753379e-06,0.00018586774330140164,0.04080882470016615,all_objects,548,548,0,0,0,0.002522860124716709,0.0030991545322538636,6.403471503767027e-05,0.012427162304072807,0.0001309552153337461,0.0007715703555283187,0.009040560175261413,all_objects,548,548,0,0,0,0.009135060003753397,0.011863850149800953,0.00012937642083590665,0.04889159580583301,0.0003354460866511104,0.0022561566208213132,0.03486955885059443,all_objects,548,548,0,0,0,0.180510979676724,0.2941529986082845,2.610641848832529e-05,0.9810391150685973,0.00019960468494772954,0.006458763147662694,0.8735739307598605,all_objects,548,548,0,0,0,0.7629256376845016,0.1318979607079119,0.08935582496509493,0.9791145492954756,0.5237025977939519,0.7834291369608725,0.9277309253848756,all_objects
llvip,val,n_iou_lt_070,5,1,1,1,1.4142135623730951,199,109,5,199,1.0,62,61,61,1.0,1,154,0.7738693467336684,166,0.8341708542713567,179,199,0.8994974874371859,0.8994974874371859,199,199,0,0,0,0.6998652029570943,0.15867250216637294,0.08558976234928027,0.9496975503509861,0.42259600119414686,0.7177082059346813,0.9028598654217826,all_objects,199,199,0,0,0,0.6998652029570943,0.15867250216637294,0.08558976234928027,0.9496975503509861,0.42259600119414686,0.7177082059346813,0.9028598654217826,all_objects,199,199,0,0,0,0.13847721058976337,0.17196886037053155,-0.4709639183575153,0.5366544255711173,-0.08133103645287744,0.12281979400579157,0.4047898130224241,all_objects,199,199,0,0,0,1.7359173322976793,0.7979102861211226,0.7802346682423353,5.001997555456926,0.8758429577319732,1.5544592925965315,3.357660916473895,all_objects,199,199,0,0,0,1.1498009346155174,0.6896869385603113,0.36269124670673947,5.763597911745007,0.5601287358231601,0.943033092123992,2.3098731390766414,all_objects,199,199,0,0,0,-0.5861163976821622,0.856154422933616,-3.852405299163012,2.625636189687879,-2.194769920678449,-0.5112310909071374,0.5820310319698552,all_objects,199,199,0,0,0,1.3661718644230487,1.3599771125389317,0.051096399426296665,8.872087283667604,0.16539574821888084,0.9697096369116073,4.0429708721463005,all_objects,199,199,0,0,0,0.5686246642642006,0.3431564698064639,-0.5060908154728562,0.9456794263975794,-0.15421386695366396,0.6792624052677373,0.920012126258636,all_objects,199,199,0,0,0,0.0636785858821453,0.056565681526781465,-0.04026093135020859,0.2799756651380774,-0.006701131522565254,0.055905942060263385,0.16780722556580177,all_objects,199,199,0,0,0,0.2945529885238013,0.12744490074856366,0.051937549446164605,0.6722076957162489,0.127822065983456,0.2866836169519176,0.5082338514782646,all_objects,199,199,0,0,0,0.31668331667712996,0.06760143215060646,0.14747383833816738,0.5018531537460809,0.20423323313350353,0.3193137834123681,0.42770397153223966,all_objects,199,199,0,0,0,0.9354486433033372,0.3575358378495571,0.20938622733493317,1.9649529806707717,0.3882014417709777,0.9406275007698585,1.5263122829366262,all_objects,199,199,0,0,0,0.0025316592581456306,0.0038441526565936852,4.508310461684101e-07,0.013483470126905737,2.6147588137400196e-06,0.00011026010032207188,0.011338255578321152,all_objects,199,199,0,0,0,0.009977764618551516,0.015280868868137266,1.1715983629245446e-06,0.05386509397661594,8.3988536918366e-06,0.00039509235403088874,0.04534707016013981,all_objects,199,199,0,0,0,0.0030997466781222346,0.003359011231500704,9.601471421901018e-05,0.012427162304072807,0.00019579355866504797,0.0011376160881607993,0.009854926838912398,all_objects,199,199,0,0,0,0.011266905632491974,0.013039687380593119,0.00017505882068374393,0.04889159580583301,0.0005047954293931556,0.0034223092774986474,0.038471943014138706,all_objects,199,199,0,0,0,0.2242567022561363,0.3173499552589586,8.020587699775206e-05,0.9810391150685973,0.0004045249622464553,0.015837610647437828,0.904264107146892,all_objects,199,199,0,0,0,0.7011709090381827,0.1589893028444608,0.08935582496509493,0.949627716384575,0.4285266132362466,0.7169800221009309,0.9065474700654803,all_objects
llvip,val,quality_gate070,5,1,1,1,1.4142135623730951,61,49,5,61,1.0,61,61,61,1.0,0,61,1.0,61,1.0,61,61,1.0,1.0,61,61,0,0,0,0.7974709474954198,0.0865313922209956,0.6112346067020553,0.9399184473697595,0.6192363794934214,0.8013875464535877,0.9123681391207429,all_objects,61,61,0,0,0,0.7974709474954198,0.0865313922209956,0.6112346067020553,0.9399184473697595,0.6192363794934214,0.8013875464535877,0.9123681391207429,all_objects,61,61,0,0,0,0.24981949875418802,0.11805013315238916,0.06340616081623496,0.5366544255711173,0.07073760592140121,0.234215796258616,0.4379139262474233,all_objects,61,61,0,0,0,1.738786075620742,0.8104125587372356,0.7802346682423353,5.001997555456926,0.8676732916761339,1.5549755958521454,3.138343399318902,all_objects,61,61,0,0,0,0.7808864606308998,0.21994842402859624,0.41615185573416646,1.6201048830084521,0.5595778013021011,0.7301227956751689,1.1495922562939138,all_objects,61,61,0,0,0,-0.9578996149898423,0.7642356424218808,-3.852405299163012,-0.04735485810429463,-2.2172257596614657,-0.7302793977821499,-0.17600615226483762,all_objects,61,61,0,0,0,1.7355332880488876,1.3111826212760036,0.13591836677639874,6.607570884646163,0.3715290611570622,1.3341085376096453,4.358673600254897,all_objects,61,61,0,0,0,0.7873329308265418,0.15044486652506872,0.2946487824764988,0.9456794263975794,0.4689141809387936,0.8429526485117943,0.9343748913021053,all_objects,61,61,0,0,0,0.09559083994427119,0.05598261292153469,0.009322075648369605,0.2799756651380774,0.02342696536190283,0.08082916942541787,0.20473373086055072,all_objects,61,61,0,0,0,0.3559452616893471,0.11488641175531059,0.1292810978148635,0.6722076957162489,0.1729293674137259,0.34241949588066883,0.5777352523420781,all_objects,61,61,0,0,0,0.3148805214932809,0.06928139479603594,0.1705275573051086,0.5018531537460809,0.20442780651278783,0.31562101135508197,0.41631816797676113,all_objects,61,61,0,0,0,1.1337571036204719,0.2756811089526044,0.5198381863401408,1.6454744169983706,0.6726463921433832,1.1636532908878572,1.5234458116641354,all_objects,61,61,0,0,0,0.0022019407381385922,0.0035259230340749705,1.0621221038483757e-06,0.012291262205436767,2.123676796309365e-06,9.887931140544738e-05,0.01079086948471034,all_objects,61,61,0,0,0,0.00879073783799815,0.014103069657861463,3.926147900251478e-06,0.04912385965062568,7.608582583011984e-06,0.0003565565044656284,0.04316205108362637,all_objects,61,61,0,0,0,0.002739849681001277,0.0030372336235885014,0.00012118841577212034,0.010148242411999618,0.0001934442856850348,0.0010008297063833587,0.008906709960765027,all_objects,61,61,0,0,0,0.010348520964758532,0.012066116127647308,0.00032515493613570246,0.039295434519513686,0.0004593370587212061,0.0030673620154495007,0.03530647219265142,all_objects,61,61,0,0,0,0.20970924993378282,0.3070145522112472,0.00022529098680479365,0.9531215811524021,0.0003223619242191944,0.01290947619270355,0.9018184509743037,all_objects,61,61,0,0,0,0.8001464543709226,0.0869822178070391,0.6112479498663675,0.9399282521327488,0.6193329250337515,0.8013464876131522,0.9160144505043819,all_objects
llvip,train,base,6,1,-1,1,1.4142135623730951,2728,1024,14,2728,1.0,24,23,23,1.0,1,1079,0.39552785923753664,958,0.35117302052785926,2098,2728,0.7690615835777126,0.7690615835777126,2728,2728,0,0,0,0.8693195442707833,0.07858296153608767,0.17038112479660647,0.9861111431132656,0.7241354990232308,0.8882326459179843,0.9560477911454953,all_objects,2728,2728,0,0,0,0.8693195442707833,0.07858296153608767,0.17038112479660647,0.9861111431132656,0.7241354990232308,0.8882326459179843,0.9560477911454953,all_objects,2728,2728,0,0,0,-0.014497864196814496,0.076232323737598,-0.5700056473658943,0.6660089584129341,-0.12822800309777976,-0.015750350570208183,0.09641713758647345,all_objects,2728,2728,0,0,0,0.680910342085046,0.2595697124979214,0.2307109253492022,5.040649458002111,0.4518092784470714,0.6328195135142862,1.0887949282180818,all_objects,2728,2728,0,0,0,0.6870634797960278,0.22272692546811348,0.25957130153469704,5.812197501041399,0.4747539097914351,0.647295060668521,1.013591824751247,all_objects,2728,2728,0,0,0,0.006153137710981798,0.19193477487821672,-3.908808993515672,1.7090083003345644,-0.19866423851059115,0.020344970682919766,0.18309135118746914,all_objects,2728,2728,0,0,0,0.21351810808237837,0.28408922831111744,0.015121776396015849,6.37310226206405,0.0419538868764207,0.1349909300303831,0.5994663892571692,all_objects,2728,2728,0,0,0,0.31237111946770435,0.39052119899982923,-0.8210919070476788,0.963984295688153,-0.41539442124774767,0.3678243253043336,0.8482788062054403,all_objects,2728,2728,0,0,0,0.006486508587971424,0.014300717244804542,-0.04404697626945152,0.2618349154627527,-0.004360121703696288,0.0028931186395475357,0.028054849304503936,all_objects,2728,2728,0,0,0,0.11629430367377701,0.05801290712929092,0.02356531993724844,0.6316935110479063,0.04926416565905455,0.10342191349939646,0.21902658779487857,all_objects,2728,2728,0,0,0,0.11792015104802878,0.06826041970271496,0.008174690143492648,0.4789180932973905,0.0373807395573382,0.10251135930739493,0.25759444845412016,all_objects,2728,2728,0,0,0,1.211729082069703,0.8170203494588908,0.13689160301235595,13.788514093850681,0.4331417776783092,1.036092461856815,2.465460766575125,all_objects,2728,2728,0,0,0,0.0018091535526298234,0.0032037207694273614,3.90713124724567e-08,0.018549291011568977,9.403314099751136e-07,5.432506591094278e-05,0.00913379371865109,all_objects,2728,2728,0,0,0,0.00699120600501567,0.012303899949263451,9.570679847793655e-08,0.06675222485533204,2.7583671340478346e-06,0.0001905480150539445,0.0342605226215738,all_objects,2728,2728,0,0,0,0.0024710065892801707,0.003054541800266066,2.939089204368764e-05,0.017468779371823413,0.00012634626140900157,0.0007840452948822666,0.00861588643963701,all_objects,2728,2728,0,0,0,0.008808642871866737,0.011327670734571447,5.2341650885293816e-05,0.060036178835126824,0.0002738349789967711,0.002326269678165821,0.031696209543868294,all_objects,2728,2728,0,0,0,0.1681508506289066,0.27090108957039183,6.776269600550222e-06,0.9888945365364634,0.00015444707842107163,0.006789525474250269,0.7717670635258416,all_objects,2728,2728,0,0,0,0.870787373372211,0.07810484574563949,0.1703734409471006,0.9859231537332214,0.7250748852707162,0.8899027770829968,0.9566899958065633,all_objects
llvip,train,n_iou_lt_070,6,1,-1,1,1.4142135623730951,82,73,13,82,1.0,24,23,23,1.0,1,66,0.8048780487804879,67,0.8170731707317073,73,82,0.8902439024390244,0.8902439024390244,82,82,0,0,0,0.7247735109904294,0.14280360758888982,0.17038112479660647,0.9293104670599787,0.501970101275201,0.7477702351661908,0.9042102429586792,all_objects,82,82,0,0,0,0.7247735109904294,0.14280360758888982,0.17038112479660647,0.9293104670599787,0.501970101275201,0.7477702351661908,0.9042102429586792,all_objects,82,82,0,0,0,0.12949728390404755,0.1507682952670781,-0.1908227799122693,0.6660089584129341,-0.09023188915808801,0.11353633951767778,0.35858780517376787,all_objects,82,82,0,0,0,1.5334687448175544,0.7647688205918972,0.7929635698187757,5.040649458002111,0.8679013923987137,1.3427683739816638,2.983705990080583,all_objects,82,82,0,0,0,1.0765170782268298,0.6762593345171142,0.46717055376785244,5.812197501041399,0.5775605653475667,0.898085608407559,1.8540010264185505,all_objects,82,82,0,0,0,-0.4569516665907243,0.701529915385802,-3.908808993515672,0.8950716287044802,-1.2416416384114173,-0.3690891121565482,0.3948559605113767,all_objects,82,82,0,0,0,0.7949319242580849,0.950774674199658,0.059089267794598214,6.37310226206405,0.11528408938517982,0.4826007292273543,2.2696470128118236,all_objects,82,82,0,0,0,0.555309497769075,0.347701121578972,-0.42462199618856694,0.949726938890104,-0.19769072866924584,0.6530097081470614,0.9168067737375214,all_objects,82,82,0,0,0,0.04698725592505337,0.04895905440891766,-0.017762835553812584,0.2618349154627527,-0.005909561408016462,0.0347690971052884,0.11862232593944122,all_objects,82,82,0,0,0,0.22551744350119315,0.10906689692218677,0.06906667451924488,0.6316935110479063,0.08820032977434131,0.2046815381490385,0.4098731213092989,all_objects,82,82,0,0,0,0.2950183611650579,0.06983477943464111,0.16377375305143124,0.4789180932973905,0.18642605757071218,0.2860288092526103,0.42894910378168877,all_objects,82,82,0,0,0,0.7669949529845101,0.31559325050827286,0.24650392576881497,1.5784458459189201,0.3451830768799722,0.7284287762819401,1.3402026941810612,all_objects,82,82,0,0,0,0.002361390161514824,0.0035369996888821023,7.644304048161694e-07,0.014335394745254262,4.4612247474000865e-06,0.00016306247834245064,0.010000919057662249,all_objects,82,82,0,0,0,0.009014037290884153,0.013696484575854402,2.1008233473140277e-06,0.057232896927103774,1.3344696910645511e-05,0.0006005687445286208,0.03745261846376898,all_objects,82,82,0,0,0,0.003189537976593429,0.0034226730163250617,0.00012490940050791682,0.014971659861110733,0.00022880408530435127,0.0013453442479727487,0.010030102789184564,all_objects,82,82,0,0,0,0.011034693049557742,0.012692339919241248,0.00022887133952426806,0.057189580018544954,0.0004945154963511166,0.003954389566386923,0.03491713173868419,all_objects,82,82,0,0,0,0.2070774969363992,0.28010639519634556,0.00014137190885321615,0.8894118120835515,0.0006958536440862417,0.020091231869010073,0.7421976631574466,all_objects,82,82,0,0,0,0.7248136712146163,0.14112829564954965,0.1703734409471006,0.929415585846566,0.5019262523416661,0.7461562563174418,0.9063258780560869,all_objects
llvip,train,quality_gate070,6,1,-1,1,1.4142135623730951,23,22,10,23,1.0,23,23,23,1.0,0,23,1.0,23,1.0,23,23,1.0,1.0,23,23,0,0,0,0.8087093699435542,0.08197503874811375,0.6360807938179058,0.9293104670599787,0.6486041584774637,0.8120339171801838,0.9259040848916475,all_objects,23,23,0,0,0,0.8087093699435542,0.08197503874811375,0.6360807938179058,0.9293104670599787,0.6486041584774637,0.8120339171801838,0.9259040848916475,all_objects,23,23,0,0,0,0.2268704291879093,0.14599746582218967,0.054409850116891145,0.6660089584129341,0.062427879439569914,0.20194066083324935,0.5099084055938876,all_objects,23,23,0,0,0,1.5602295811012972,0.8675419100842646,0.8444079983662671,4.737907360616081,0.875755745307193,1.3016217418434377,3.364608434650706,all_objects,23,23,0,0,0,0.7880747092029395,0.1760290730647597,0.5327445141874566,1.2828508092009967,0.5527433853376232,0.7636733319918361,1.2052056265200042,all_objects,23,23,0,0,0,-0.772154871898358,0.8657599031069787,-3.908808993515672,-0.005852994295710623,-2.598090718862218,-0.582733749670171,-0.07959339347205359,all_objects,23,23,0,0,0,1.22815582817979,1.4841678229260102,0.1257276355907802,6.37310226206405,0.16157401676204852,0.7374046072564615,4.555176738538855,all_objects,23,23,0,0,0,0.7817765337001484,0.15193602270784828,0.4339826197241925,0.949726938890104,0.4539260140989252,0.8323067448462632,0.9448452312337263,all_objects,23,23,0,0,0,0.07400479475072755,0.06053366764294356,0.01429352930620437,0.2618349154627527,0.01871520530838173,0.05713256002314655,0.21594788286643277,all_objects,23,23,0,0,0,0.2845852771839334,0.12838576622954223,0.10693393654377534,0.6316935110479063,0.12525501839834652,0.2535593558537663,0.5597321701496744,all_objects,23,23,0,0,0,0.2922976272256671,0.07049322033650486,0.16377375305143124,0.4532843179158149,0.19155322538519948,0.2780635786057447,0.4231893324850266,all_objects,23,23,0,0,0,0.964195956231552,0.30009780997668944,0.46163928962948686,1.4408346605063278,0.4925055683204209,0.9970050890414729,1.3885376323667464,all_objects,23,23,0,0,0,0.002038427216033553,0.0031080156164969177,7.644304048161694e-07,0.010029231246253214,2.5829191161016937e-06,5.0482032528466807e-05,0.00789928816568333,all_objects,23,23,0,0,0,0.007388265774084536,0.010898249246219956,2.1008233473140277e-06,0.031514975070479796,8.00764271274443e-06,0.0001975372100435415,0.030392351942820736,all_objects,23,23,0,0,0,0.002713420608381105,0.003172996056357038,0.00012490940050791682,0.010667727668335045,0.0001933665994862012,0.0007557296963657463,0.007905592245373152,all_objects,23,23,0,0,0,0.009280260086111545,0.01082446158795639,0.00022887133952426806,0.029895905220658735,0.0003903572331108293,0.0022580471222044245,0.02922295440012438,all_objects,23,23,0,0,0,0.19112912198597884,0.27190778923282805,0.00014137190885321615,0.7473026731751133,0.0005338631568633901,0.007957474651618668,0.7287292141738417,all_objects,23,23,0,0,0,0.8080942177102384,0.08148968851124747,0.6359355722962308,0.929415585846566,0.6485841280826062,0.8121133603338768,0.9265928109663183,all_objects
llvip,val,base,6,1,-1,1,1.4142135623730951,548,196,5,548,1.0,61,61,61,1.0,0,295,0.5383211678832117,322,0.5875912408759124,438,548,0.7992700729927007,0.7992700729927007,548,548,0,0,0,0.7623377450136507,0.131047877507867,0.09719211617615803,0.9802446182361436,0.5185855734165854,0.7840977138238171,0.9253885477294799,all_objects,548,548,0,0,0,0.7623377450136507,0.131047877507867,0.09719211617615803,0.9802446182361436,0.5185855734165854,0.7840977138238171,0.9253885477294799,all_objects,548,548,0,0,0,0.035854919514226556,0.15277751405099468,-0.4993993037962759,0.5517086934981277,-0.17801487980246125,0.011948914213290307,0.3288831789195889,all_objects,548,548,0,0,0,1.1296532567372595,0.6875356714472393,0.3527060457076785,5.001997555456926,0.535784429351183,0.9031641937197016,2.495684714640167,all_objects,548,548,0,0,0,0.9516683340299041,0.5233767702363775,0.3651778408179276,5.191471455629097,0.5368417866388396,0.7811325435236468,1.9024405076028774,all_objects,548,548,0,0,0,-0.177984922707355,0.6615612249372274,-4.043415565081628,3.526813197270664,-1.2655750631338998,-0.06176641845105074,0.4656807681692979,all_objects,548,548,0,0,0,0.763555014149635,1.0095244493219324,0.03306691848462898,8.723231869199541,0.08606443489634456,0.4281742807577685,2.5097419793623623,all_objects,548,548,0,0,0,0.40688986989422804,0.4057619859799527,-0.73453470532442,0.9585238642155659,-0.32056867597424654,0.5184936520905075,0.9051870642899404,all_objects,548,548,0,0,0,0.03015572956360475,0.04414671448233252,-0.038888826815699884,0.2810008295003406,-0.009174236745147415,0.01330412790898872,0.11806758899820739,all_objects,548,548,0,0,0,0.21947333602624675,0.11121714749304805,0.041706638357939974,0.6691317927201043,0.0857241100294365,0.19387698678606322,0.43837854649855235,all_objects,548,548,0,0,0,0.22094331233387587,0.09853059840946579,0.03175749632088304,0.5018531537460809,0.08393298169206632,0.21053633216692952,0.3973736483626606,all_objects,548,548,0,0,0,1.1100863301020483,0.5655190396543706,0.22325189459161834,4.99455449907607,0.4051835492879669,1.0371661975986193,2.115060355265902,all_objects,548,548,0,0,0,0.002045094192230443,0.0036343975159732664,2.464240710254258e-07,0.019540594035839704,1.7707534619116373e-06,6.660235837293546e-05,0.010526403372871028,all_objects,548,548,0,0,0,0.0077323207782803135,0.013510873611512769,7.543213041386013e-07,0.05386509397661594,5.469273916822819e-06,0.0002365642256788772,0.03998807233749342,all_objects,548,548,0,0,0,0.0026405416844780855,0.003247773970906656,6.141117854774808e-05,0.015964486497851885,0.00017161207772916154,0.0008765208078018602,0.009472879068591634,all_objects,548,548,0,0,0,0.009228523768458126,0.01172787229652699,0.0001415071311110927,0.04889159580583301,0.00039237079410733936,0.0024972867496600546,0.03451924995155433,all_objects,548,548,0,0,0,0.1827595170083876,0.29248805514618387,4.694589478049238e-05,0.9810391150685973,0.00025452264352026076,0.008722471695818967,0.8630978699863788,all_objects,548,548,0,0,0,0.7633069678095892,0.13110127457151752,0.09721942964752546,0.9793586379262852,0.5203118655983404,0.7858514946292854,0.923779217734601,all_objects
llvip,val,n_iou_lt_070,6,1,-1,1,1.4142135623730951,199,109,5,199,1.0,61,61,61,1.0,0,155,0.7788944723618091,168,0.8442211055276382,180,199,0.9045226130653267,0.9045226130653267,199,199,0,0,0,0.7019315025966271,0.1582899246282866,0.09719211617615803,0.9802446182361436,0.4273598637487151,0.7282080113868944,0.9098265960556913,all_objects,199,199,0,0,0,0.7019315025966271,0.1582899246282866,0.09719211617615803,0.9802446182361436,0.4273598637487151,0.7282080113868944,0.9098265960556913,all_objects,199,199,0,0,0,0.1405435102292962,0.17222464996632447,-0.45936156453063753,0.5517086934981277,-0.08883622051624818,0.12864783616362874,0.42431550146263797,all_objects,199,199,0,0,0,1.7359173322976793,0.7979102861211226,0.7802346682423353,5.001997555456926,0.8758429577319732,1.5544592925965315,3.357660916473895,all_objects,199,199,0,0,0,1.1457035302735987,0.66022771436783,0.3651778408179276,5.191471455629097,0.5598704811464558,0.9392665955679164,2.5352492606840444,all_objects,199,199,0,0,0,-0.5902138020240809,0.8491540030584538,-4.043415565081628,2.6072614442500646,-2.1029267445200888,-0.48893926906883145,0.39210319563117074,all_objects,199,199,0,0,0,1.314481517653931,1.3335403857549806,0.03306691848462898,8.723231869199541,0.15588186451347585,0.9078985017844046,3.998880880414808,all_objects,199,199,0,0,0,0.5718537829435886,0.3441528553369287,-0.5594372665700957,0.9585238642155659,-0.17513837488642833,0.69327846049147,0.9259547566702641,all_objects,199,199,0,0,0,0.06291307507616727,0.05614863159560017,-0.038888826815699884,0.2810008295003406,-0.005612029372766498,0.05411135194100551,0.16621403436088616,all_objects,199,199,0,0,0,0.28935510384216895,0.12680855020545115,0.05026611701081845,0.6691317927201043,0.11309112284470701,0.28287949004773855,0.5065073872692532,all_objects,199,199,0,0,0,0.31668331667712996,0.06760143215060646,0.14747383833816738,0.5018531537460809,0.20423323313350353,0.3193137834123681,0.42770397153223966,all_objects,199,199,0,0,0,0.9192587070281181,0.3586067374653322,0.22325189459161834,1.9441203476774622,0.34826183275142925,0.925486718764862,1.4963073058626772,all_objects,199,199,0,0,0,0.0026948180016284564,0.0041846966945474785,7.2158158238592e-07,0.019540594035839704,3.1924186112778154e-06,0.0001589728102485831,0.012074775575177757,all_objects,199,199,0,0,0,0.010027033069902694,0.015245757800368511,1.5394352706807444e-06,0.05386509397661594,8.3988536918366e-06,0.0005426526272696246,0.04583177946842304,all_objects,199,199,0,0,0,0.0033232522488674116,0.003666313839049365,0.00011979402863211893,0.015964486497851885,0.00020895869571964547,0.0013449942290104497,0.01077136646910563,all_objects,199,199,0,0,0,0.011395336662196203,0.01296592513682385,0.00020537668253936504,0.04889159580583301,0.0005057981102355537,0.00400463822865876,0.038471943014138706,all_objects,199,199,0,0,0,0.22921692270095986,0.31647749796682945,9.403820661191276e-05,0.9810391150685973,0.00042199674209655316,0.021747770968659097,0.9216199130431334,all_objects,199,199,0,0,0,0.7032390046778573,0.1586210720315458,0.09721942964752546,0.9793586379262852,0.428527248296946,0.7272654945124938,0.908234576645128,all_objects
llvip,val,quality_gate070,6,1,-1,1,1.4142135623730951,61,49,5,61,1.0,61,61,61,1.0,0,61,1.0,59,0.9672131147540983,61,61,1.0,1.0,61,61,0,0,0,0.795951191430986,0.08663655616253575,0.6048476533257907,0.9489132091120189,0.6256468622648642,0.7984606366259084,0.9202912830813605,all_objects,61,61,0,0,0,0.795951191430986,0.08663655616253575,0.6048476533257907,0.9489132091120189,0.6256468622648642,0.7984606366259084,0.9202912830813605,all_objects,61,61,0,0,0,0.24829974268975424,0.12277562387156453,0.05190434804579003,0.5376354266437829,0.07069327128949643,0.2271989421511692,0.46215671361229915,all_objects,61,61,0,0,0,1.738786075620742,0.8104125587372356,0.7802346682423353,5.001997555456926,0.8676732916761339,1.5549755958521454,3.138343399318902,all_objects,61,61,0,0,0,0.8033522626598678,0.2735133407752444,0.4309336508312747,1.969382189672983,0.5441728353127772,0.7037836159600764,1.2237837687574542,all_objects,61,61,0,0,0,-0.935433812960874,0.7824184084567912,-4.043415565081628,0.04078533644956739,-2.2062073326830713,-0.7129610075825945,-0.11925269888557555,all_objects,61,61,0,0,0,1.6766079181460332,1.2945074881203058,0.16334434415627797,6.580109681452914,0.36777444796994746,1.2410101235962594,4.314147092543746,all_objects,61,61,0,0,0,0.7838317171068447,0.15914463906343446,0.26303201073354754,0.9585238642155659,0.4521009184203371,0.8444953495266428,0.9390122920494122,all_objects,61,61,0,0,0,0.09417146061176526,0.05635996306126509,0.009244168806734013,0.2810008295003406,0.023955245809306823,0.07758101132682928,0.20068266010700098,all_objects,61,61,0,0,0,0.35083087001817864,0.11398791046197018,0.12658157278112284,0.6691317927201043,0.17550701709430186,0.3349469469975746,0.5636743435840477,all_objects,61,61,0,0,0,0.3148805214932809,0.06928139479603594,0.1705275573051086,0.5018531537460809,0.20442780651278783,0.31562101135508197,0.41631816797676113,all_objects,61,61,0,0,0,1.118009142956886,0.27606523913290376,0.5616173815096314,1.6367737851910051,0.6587863037938533,1.136321831899246,1.493853785695395,all_objects,61,61,0,0,0,0.0026412621329231192,0.003860669198719949,1.2198187001306133e-06,0.01327574176751311,2.1558787002089014e-06,0.000258854683776283,0.011324246623979317,all_objects,61,61,0,0,0,0.00990408683243722,0.014387050338515428,3.926147900251478e-06,0.04912385965062568,8.14877527021163e-06,0.0006401436979128027,0.04316205108362637,all_objects,61,61,0,0,0,0.003277252389638167,0.003488006701992846,0.0001374614352343366,0.01332608799051206,0.0001878698349105289,0.00149520019340361,0.010037936034414276,all_objects,61,61,0,0,0,0.011384692120383745,0.012312611974154815,0.00032515493613570246,0.039295434519513686,0.0005081357975184805,0.0042679264529035,0.03530647219265142,all_objects,61,61,0,0,0,0.23816216942132754,0.3157085606314582,0.00022529098680479365,0.9531215811524021,0.00037035533910056984,0.021747770968659097,0.9018184509743037,all_objects,61,61,0,0,0,0.7985826827673924,0.08697655719089702,0.6048907475438677,0.9489227034390992,0.6289989974280128,0.7983728401567572,0.921301318132469,all_objects
llvip,train,base,7,-1,1,1,1.4142135623730951,2728,1024,14,2728,1.0,23,23,22,0.9565217391304348,1,1031,0.3779325513196481,941,0.34494134897360706,2090,2728,0.7661290322580645,0.7661290322580645,2728,2728,0,0,0,0.8685570407596783,0.07863780286096303,0.13544533796546093,0.9860943902907818,0.7188504381064534,0.886193832005747,0.9568584617924525,all_objects,2728,2728,0,0,0,0.8685570407596783,0.07863780286096303,0.13544533796546093,0.9860943902907818,0.7188504381064534,0.886193832005747,0.9568584617924525,all_objects,2728,2728,0,0,0,-0.01526036770791943,0.07508846075517993,-0.5030717750592564,0.5905204893015461,-0.12692855758184962,-0.01668314906401719,0.09743646684138207,all_objects,2728,2728,0,0,0,0.680910342085046,0.2595697124979214,0.2307109253492022,5.040649458002111,0.4518092784470714,0.6328195135142862,1.0887949282180818,all_objects,2728,2728,0,0,0,0.6891139805425939,0.2322433698221857,0.2781387634184578,6.623686227429908,0.4725826688279376,0.6490854542203963,1.0364619266396329,all_objects,2728,2728,0,0,0,0.008203638457547766,0.19530601273863676,-3.9364510768602328,1.7629172658573533,-0.1856008285334678,0.021084069570561276,0.18467259467142708,all_objects,2728,2728,0,0,0,0.2173745106648241,0.28216797155875706,0.016636903956701084,5.765467857259291,0.046125268339772936,0.14206640357156153,0.5800983782742776,all_objects,2728,2728,0,0,0,0.3064009568558535,0.3925480040363386,-0.8656104965030185,0.9745599266209812,-0.4109151659229179,0.3586539728533614,0.8493747028754692,all_objects,2728,2728,0,0,0,0.006448623953671847,0.014290507904059772,-0.04833566873947689,0.25124982362434023,-0.004281121351514223,0.0029493042250730954,0.027573824509325502,all_objects,2728,2728,0,0,0,0.11714892807310288,0.05736735814756422,0.020687343934840275,0.6064094749454659,0.05093225589626785,0.10639743718524562,0.21773207539353215,all_objects,2728,2728,0,0,0,0.11792015104802878,0.06826041970271496,0.008174690143492648,0.4789180932973905,0.0373807395573382,0.10251135930739493,0.25759444845412016,all_objects,2728,2728,0,0,0,1.2205011233101868,0.8047574119442048,0.1831487644951196,13.66458365267822,0.43672559294357216,1.0679399659286832,2.4872667469790555,all_objects,2728,2728,0,0,0,0.001730454014203327,0.0031824835997430363,2.2698987535603916e-08,0.01994777605211302,1.063352098433566e-06,4.283853417906539e-05,0.00912012771065937,all_objects,2728,2728,0,0,0,0.006685555364380436,0.012209028203557128,6.766715113677887e-08,0.07451931525623333,3.1194812739125294e-06,0.00015326786744421434,0.035726894380621425,all_objects,2728,2728,0,0,0,0.0023649787001695827,0.0030141676577323294,2.154877644670418e-05,0.017822018935770654,0.00012908761710538546,0.0007182510228863752,0.008369655651824875,all_objects,2728,2728,0,0,0,0.008448259299084722,0.01118582970479344,4.304109882611442e-05,0.06394939848619817,0.0002920658114845409,0.0021139244131258552,0.031856624791861916,all_objects,2728,2728,0,0,0,0.16046514083136293,0.27146451618241185,5.40865494258469e-06,0.9928078909759392,0.00017851777813291392,0.005298449576855546,0.8040455851474196,all_objects,2728,2728,0,0,0,0.8701237812604646,0.07813629885977869,0.13830582796013702,0.9860986135127244,0.7198658895188699,0.8878494281488383,0.956854438076619,all_objects
llvip,train,n_iou_lt_070,7,-1,1,1,1.4142135623730951,82,73,13,82,1.0,23,23,22,0.9565217391304348,1,69,0.8414634146341463,71,0.8658536585365854,74,82,0.9024390243902439,0.9024390243902439,82,82,0,0,0,0.7180305432358822,0.1367540991059129,0.13544533796546093,0.9280124764918978,0.5005489165443093,0.7371531137392375,0.8939211418832204,all_objects,82,82,0,0,0,0.7180305432358822,0.1367540991059129,0.13544533796546093,0.9280124764918978,0.5005489165443093,0.7371531137392375,0.8939211418832204,all_objects,82,82,0,0,0,0.12275431614950048,0.1426767417941145,-0.1908227799122693,0.5905204893015461,-0.05852798801893221,0.09228011940831762,0.3709955412506065,all_objects,82,82,0,0,0,1.5334687448175544,0.7647688205918972,0.7929635698187757,5.040649458002111,0.8679013923987137,1.3427683739816638,2.983705990080583,all_objects,82,82,0,0,0,1.0836624333519684,0.7263328290449981,0.4577537414556172,6.623686227429908,0.585733553779685,0.8869050401769261,1.9526668565132244,all_objects,82,82,0,0,0,-0.44980631146558586,0.7180026767227851,-3.9364510768602328,1.583036769427797,-1.2266875643211175,-0.3834909328361289,0.3955728941227838,all_objects,82,82,0,0,0,0.8016659393974227,0.9461854364028418,0.05391256162003366,5.765467857259291,0.1018548440510537,0.5288836231883318,2.2680731074031004,all_objects,82,82,0,0,0,0.5550224939214663,0.33766011689376224,-0.5287201659098666,0.9424277475754732,-0.08976309457039293,0.6735941801098739,0.9094229978316609,all_objects,82,82,0,0,0,0.046824753466059195,0.04903129331325509,-0.02213832089419179,0.25124982362434023,-0.004628730243537925,0.036728491097583416,0.12677575924807458,all_objects,82,82,0,0,0,0.2257325953641508,0.10966428649511718,0.0676572666074297,0.6064094749454659,0.08857087336995435,0.2012014400068373,0.3965948422578181,all_objects,82,82,0,0,0,0.2950183611650579,0.06983477943464111,0.16377375305143124,0.4789180932973905,0.18642605757071218,0.2860288092526103,0.42894910378168877,all_objects,82,82,0,0,0,0.7691766247789172,0.31776981411498667,0.2414736476254064,1.5123332031136951,0.34736159016449236,0.7091008084464785,1.344794324823155,all_objects,82,82,0,0,0,0.0020571096389024515,0.0032878366896722314,2.9916124507285585e-07,0.017959577264716954,4.788713148814095e-06,0.00022890812562791654,0.008815546884031033,all_objects,82,82,0,0,0,0.0078044851253291254,0.012527417808883607,8.581344617622415e-07,0.06219592764823163,1.2718391713329637e-05,0.0008646417418566052,0.03509009919568162,all_objects,82,82,0,0,0,0.0031120138359132378,0.003208949513724848,7.692736965400412e-05,0.017822018935770654,0.00029369937640754963,0.0016360113362095944,0.008353886127994196,all_objects,82,82,0,0,0,0.010475491730374587,0.011677089584987626,0.00016343034150672318,0.05834000092603416,0.0005675858819694313,0.005055042739394569,0.032205036542910424,all_objects,82,82,0,0,0,0.18000702644556624,0.25934493368898404,3.9343457444829255e-05,0.9258588974311124,0.0006854513359371595,0.027842576884175685,0.7590585925469838,all_objects,82,82,0,0,0,0.7197531054930634,0.13694294682142777,0.13830582796013702,0.9280293908708388,0.5008960591113998,0.7393742956042256,0.893929440712869,all_objects
llvip,train,quality_gate070,7,-1,1,1,1.4142135623730951,23,22,10,23,1.0,22,23,22,0.9565217391304348,0,23,1.0,22,0.9565217391304348,23,23,1.0,1.0,23,23,0,0,0,0.7855847041914675,0.08389215982884182,0.6177370359163694,0.9280124764918978,0.6338321802713527,0.7688013678973818,0.9153745053053967,all_objects,23,23,0,0,0,0.7855847041914675,0.08389215982884182,0.6177370359163694,0.9280124764918978,0.6338321802713527,0.7688013678973818,0.9153745053053967,all_objects,23,23,0,0,0,0.2037457634358226,0.14240509643469093,0.04548810962957628,0.5905204893015461,0.053207182785716324,0.17893458758195402,0.496129910500377,all_objects,23,23,0,0,0,1.5602295811012972,0.8675419100842646,0.8444079983662671,4.737907360616081,0.875755745307193,1.3016217418434377,3.364608434650706,all_objects,23,23,0,0,0,0.8111378522820533,0.21951072673177482,0.5520707539407801,1.6198033569721204,0.5777382287442604,0.7557036945903433,1.09513123750842,all_objects,23,23,0,0,0,-0.7490917288192445,0.8874310442003507,-3.9364510768602328,0.03687704837147465,-2.621609405313371,-0.5937645730709422,-0.03990244599973702,all_objects,23,23,0,0,0,1.2264474031160437,1.4750247055115968,0.05391256162003366,5.765467857259291,0.20929052049077818,0.6654782396950885,5.073372563191367,all_objects,23,23,0,0,0,0.7636984917886819,0.16967291131524534,0.42583585678405106,0.9424277475754732,0.4474153225368599,0.8235049824085008,0.9369908978699337,all_objects,23,23,0,0,0,0.07273067055381487,0.061449467279245766,0.012941213413591508,0.25124982362434023,0.015078857017966666,0.05137627842694355,0.22445777322299573,all_objects,23,23,0,0,0,0.2823726604458143,0.13281082420771906,0.07692292702385332,0.6064094749454659,0.14777267663844362,0.2527511235409204,0.5820176069305552,all_objects,23,23,0,0,0,0.2922976272256671,0.07049322033650486,0.16377375305143124,0.4532843179158149,0.19155322538519948,0.2780635786057447,0.4231893324850266,all_objects,23,23,0,0,0,0.9521426559989842,0.312883366321828,0.40567666654387413,1.4042874200222797,0.44922813739666556,1.0499885461651366,1.3586903139676494,all_objects,23,23,0,0,0,0.0019021248593813242,0.0027668982526139877,2.9916124507285585e-07,0.009039122705869176,2.388128374798905e-06,0.00020772069087891758,0.007925528310665947,all_objects,23,23,0,0,0,0.0074510930810409125,0.010959536549076488,8.581344617622415e-07,0.03615418105400484,7.1160229341312525e-06,0.000810166374382704,0.031322711773476425,all_objects,23,23,0,0,0,0.002756803157356797,0.0027941553095070125,7.692736965400412e-05,0.008154288903877668,0.00018444861977544587,0.0012421811918609021,0.007924705267924798,all_objects,23,23,0,0,0,0.009744594725957591,0.010368584333760172,0.00016343034150672318,0.03225068399312679,0.0003847920167917474,0.004547971172498026,0.028187101128718715,all_objects,23,23,0,0,0,0.192532743211212,0.2637521749032149,3.9343457444829255e-05,0.8166128741319199,0.0004431158218210385,0.0272828234528788,0.748203715287508,all_objects,23,23,0,0,0,0.7865620956924049,0.08524962961822878,0.6047807935604447,0.9280293908708388,0.6299768857205811,0.7660649414264026,0.918825526213469,all_objects
llvip,val,base,7,-1,1,1,1.4142135623730951,548,196,5,548,1.0,62,61,60,0.9836065573770492,2,300,0.5474452554744526,331,0.6040145985401459,439,548,0.801094890510949,0.801094890510949,548,548,0,0,0,0.7599496701319887,0.13305984301237644,0.08683114047450712,0.9827666942476988,0.5095756470481526,0.7821978003311101,0.9241534317930687,all_objects,548,548,0,0,0,0.7599496701319887,0.13305984301237644,0.08683114047450712,0.9827666942476988,0.5095756470481526,0.7821978003311101,0.9241534317930687,all_objects,548,548,0,0,0,0.03346684463256462,0.1542682890736371,-0.46972254023228843,0.5684135336836198,-0.17932466524051616,0.019550937062492724,0.33063126975183593,all_objects,548,548,0,0,0,1.1296532567372595,0.6875356714472393,0.3527060457076785,5.001997555456926,0.535784429351183,0.9031641937197016,2.495684714640167,all_objects,548,548,0,0,0,0.9532993620546628,0.5331670843888467,0.38428277487878437,5.7892728723081195,0.5304367289008034,0.7897659307194584,1.943374176869025,all_objects,548,548,0,0,0,-0.1763538946825965,0.6613250150772744,-3.845045473610951,3.177124031707351,-1.1943828273091437,-0.057163995829266345,0.5481522385146317,all_objects,548,548,0,0,0,0.8125090120703268,1.0141554681044347,0.0222591049907631,9.1168098426239,0.11227250208554326,0.4867951427637225,2.526137284119757,all_objects,548,548,0,0,0,0.41148022608719664,0.4010698643860055,-0.7126185394502209,0.962883674334543,-0.34495836710570915,0.512608890372861,0.9044660824002824,all_objects,548,548,0,0,0,0.030941206217242043,0.04405677802520609,-0.039397095651583454,0.2735970363504859,-0.009601868321422333,0.015232949454598289,0.11697730062594272,all_objects,548,548,0,0,0,0.22752818026566013,0.11015374942965944,0.03954777884885293,0.6599162330871184,0.0927566448003521,0.20775749608773653,0.44660618663371454,all_objects,548,548,0,0,0,0.22094331233387587,0.09853059840946579,0.03175749632088304,0.5018531537460809,0.08393298169206632,0.21053633216692952,0.3973736483626606,all_objects,548,548,0,0,0,1.1599977373969268,0.6002799278384593,0.2019068171163318,5.789085608747931,0.40900594234485105,1.0865311908315989,2.181921825517447,all_objects,548,548,0,0,0,0.002312152593382534,0.004055213265936289,5.01853502561353e-07,0.020320897971602813,1.422176336034454e-06,5.485236904956505e-05,0.011680684067084661,all_objects,548,548,0,0,0,0.008619363835997755,0.014631044789145429,1.3754888786874993e-06,0.06279369161565672,4.368762707413518e-06,0.0001701936561393996,0.04463269175090701,all_objects,548,548,0,0,0,0.002846262617422978,0.003556100786232067,9.471809571096186e-05,0.017126638087383336,0.00015547594712170005,0.0008305740724222303,0.009818489257495672,all_objects,548,548,0,0,0,0.009925245095449427,0.012455475278843916,0.00019502948860968447,0.059313557628725755,0.00035042445716414476,0.0024333290630563194,0.03549577458949221,all_objects,548,548,0,0,0,0.19835844162898386,0.308187169772844,5.261837253556223e-05,0.9998995791130483,0.00023178111036230577,0.0063975018219366575,0.9114176970385318,all_objects,548,548,0,0,0,0.7617005961001008,0.1326217845661218,0.09148417523248918,0.9828092083692376,0.5095455745899172,0.7828545544720069,0.9258495993223542,all_objects
llvip,val,n_iou_lt_070,7,-1,1,1,1.4142135623730951,199,109,5,199,1.0,62,61,60,0.9836065573770492,2,156,0.7839195979899497,166,0.8341708542713567,179,199,0.8994974874371859,0.8994974874371859,199,199,0,0,0,0.7006759584419737,0.16142614303674682,0.08683114047450712,0.979498061311979,0.4198989441342526,0.7254219304155404,0.9204081900311176,all_objects,199,199,0,0,0,0.7006759584419737,0.16142614303674682,0.08683114047450712,0.979498061311979,0.4198989441342526,0.7254219304155404,0.9204081900311176,all_objects,199,199,0,0,0,0.13928796607464286,0.17116393346743156,-0.46972254023228843,0.5684135336836198,-0.08696945674259933,0.14067050486490706,0.3960313105849177,all_objects,199,199,0,0,0,1.7359173322976793,0.7979102861211226,0.7802346682423353,5.001997555456926,0.8758429577319732,1.5544592925965315,3.357660916473895,all_objects,199,199,0,0,0,1.1515881748089043,0.6908033436077271,0.38428277487878437,5.7892728723081195,0.5521744254391447,0.9503702871110145,2.5654074972640504,all_objects,199,199,0,0,0,-0.5843291574887753,0.8544831618220864,-3.845045473610951,2.5580102773028646,-2.1953859697909763,-0.5167728994410722,0.4692473532510062,all_objects,199,199,0,0,0,1.3697549968230773,1.343831955574727,0.06999328685094952,9.1168098426239,0.17513304148357253,0.9973742668281411,4.0379477223008164,all_objects,199,199,0,0,0,0.5706869117885972,0.343180243753362,-0.49058983333476347,0.9507960152323871,-0.15869552925650288,0.680793667164213,0.9205054704635924,all_objects,199,199,0,0,0,0.06363603332558147,0.05559632679657749,-0.039397095651583454,0.2735970363504859,-0.007135811242965489,0.05579968766286487,0.16990479609407735,all_objects,199,199,0,0,0,0.29577560667194136,0.1255273221249777,0.07232570271676143,0.6599162330871184,0.1187759480666628,0.284877023848304,0.5051930976818608,all_objects,199,199,0,0,0,0.31668331667712996,0.06760143215060646,0.14747383833816738,0.5018531537460809,0.20423323313350353,0.3193137834123681,0.42770397153223966,all_objects,199,199,0,0,0,0.9413931651292167,0.3556968854433224,0.28606076339891573,1.923748359556196,0.37073891434297035,0.9492110282367139,1.4978049517083236,all_objects,199,199,0,0,0,0.002295854905013802,0.004071654173544006,7.080567636734372e-07,0.020089808390302236,2.135480839938377e-06,4.4900216901100935e-05,0.011758911977699082,all_objects,199,199,0,0,0,0.008505930685486477,0.014643203338824996,1.5338660343284955e-06,0.05606984813968197,6.9326274106604185e-06,0.00015835519071910533,0.044726485283873164,all_objects,199,199,0,0,0,0.0028386786825662868,0.0035263443497616453,0.00012421239874646083,0.016153866163407225,0.00018259095828207953,0.0008312277815502842,0.009527063729674682,all_objects,199,199,0,0,0,0.009746009211541597,0.012405443231539142,0.00019502948860968447,0.05546228767991441,0.00043204729418645327,0.002312637134487138,0.035261208652574996,all_objects,199,199,0,0,0,0.19394439517378864,0.309300698748075,0.00010934719546185079,0.9912616902050786,0.0003743120308229209,0.00646176716577429,0.8936053069750015,all_objects,199,199,0,0,0,0.7016628784688902,0.16031672417710796,0.09148417523248918,0.9709889367613781,0.4199896988454382,0.7293586824642811,0.9204196723816659,all_objects
llvip,val,quality_gate070,7,-1,1,1,1.4142135623730951,61,49,5,61,1.0,60,61,60,0.9836065573770492,0,61,1.0,61,1.0,61,61,1.0,1.0,61,61,0,0,0,0.8030105731416598,0.08970402103704715,0.5644341222304172,0.979498061311979,0.6299525843068773,0.8080055655299574,0.9226467487842143,all_objects,61,61,0,0,0,0.8030105731416598,0.08970402103704715,0.5644341222304172,0.979498061311979,0.6299525843068773,0.8080055655299574,0.9226467487842143,all_objects,61,61,0,0,0,0.25535912440042774,0.12301282257510578,0.015215778317544726,0.5443243251963237,0.1044391187949173,0.217447603176389,0.46100412272588637,all_objects,61,61,0,0,0,1.738786075620742,0.8104125587372356,0.7802346682423353,5.001997555456926,0.8676732916761339,1.5549755958521454,3.138343399318902,all_objects,61,61,0,0,0,0.7780444230856314,0.23571553822248034,0.41362433698325035,1.8257819742585415,0.5522427677726759,0.7070342745295459,1.1569520818459749,all_objects,61,61,0,0,0,-0.9607416525351103,0.7534354315977052,-3.845045473610951,-0.12923936205100595,-2.20198764539875,-0.6981459589198686,-0.23018265272666316,all_objects,61,61,0,0,0,1.7130130653291529,1.2544678786468246,0.24635387115967614,6.321162161274403,0.40532510330716315,1.2608661451507848,4.13454163641342,all_objects,61,61,0,0,0,0.7896935264739589,0.14551874038170443,0.32693977878792674,0.9507960152323871,0.4582160416125659,0.8365478063145113,0.9306915307761243,all_objects,61,61,0,0,0,0.09499772066300986,0.05401203507314561,0.014375118270890804,0.2735970363504859,0.027495023038499204,0.07803151334755225,0.1959186883925023,all_objects,61,61,0,0,0,0.3556566173318818,0.10851190353425867,0.156994017611259,0.6591422019334273,0.17507232275913087,0.33592623662771826,0.5612126275113155,all_objects,61,61,0,0,0,0.3148805214932809,0.06928139479603594,0.1705275573051086,0.5018531537460809,0.20442780651278783,0.31562101135508197,0.41631816797676113,all_objects,61,61,0,0,0,1.137731000213704,0.2653691899884942,0.6003197562520447,1.675963014916633,0.6758189998143523,1.1670133485277716,1.4967043773412383,all_objects,61,61,0,0,0,0.001846656415300554,0.003212905596087541,9.277262840022668e-07,0.011792492721685283,2.0317444585811354e-06,2.8299235152219496e-05,0.00976826595133224,all_objects,61,61,0,0,0,0.007299873869225479,0.012661202129225752,3.1863732970916643e-06,0.04716445884705967,7.000903789716941e-06,7.469643981836003e-05,0.03875147817141717,all_objects,61,61,0,0,0,0.002403844362004505,0.0030424201887596417,0.00012421239874646083,0.01148885108584335,0.0001633789738352608,0.0006424258783703132,0.008924020914322543,all_objects,61,61,0,0,0,0.008774373156158349,0.011565185747919426,0.00023851211466907813,0.03870932662930807,0.00045028919101152245,0.001469194892279922,0.03318359015319892,all_objects,61,61,0,0,0,0.17784904756642816,0.28827571603791896,0.00020535678612532138,0.9372573973132603,0.00037793305267541655,0.0031035243666224233,0.8519685476568384,all_objects,61,61,0,0,0,0.8038251838384135,0.08864457174641512,0.5774389702729691,0.9709889367613781,0.6367201625512487,0.8217229640483501,0.9253553611942772,all_objects
llvip,train,base,8,-1,-1,1,1.4142135623730951,2728,1024,14,2728,1.0,25,23,23,1.0,2,1071,0.39259530791788855,966,0.35410557184750735,2104,2728,0.7712609970674487,0.7712609970674487,2728,2728,0,0,0,0.8694207745687301,0.07900921460793388,0.14218310040290916,0.9862406147292236,0.7194859591771436,0.8882100135295474,0.9581091087546273,all_objects,2728,2728,0,0,0,0.8694207745687301,0.07900921460793388,0.14218310040290916,0.9862406147292236,0.7194859591771436,0.8882100135295474,0.9581091087546273,all_objects,2728,2728,0,0,0,-0.014396633898867485,0.07523688589784526,-0.5168020715096322,0.5905204893015461,-0.12197799566992042,-0.015416074774942001,0.09642072926919952,all_objects,2728,2728,0,0,0,0.680910342085046,0.2595697124979214,0.2307109253492022,5.040649458002111,0.4518092784470714,0.6328195135142862,1.0887949282180818,all_objects,2728,2728,0,0,0,0.6867895571709765,0.22664106517684673,0.26866782405775214,6.527358035236947,0.4731758372303861,0.6503830283163963,1.0121598556807017,all_objects,2728,2728,0,0,0,0.005879215085930514,0.192605626244116,-3.8506557004550235,1.7670922422539628,-0.1943786500784228,0.019842546768175984,0.17814816814429274,all_objects,2728,2728,0,0,0,0.21022453500370947,0.2784652269728761,0.011838536359864475,5.929482097569997,0.04059256259074309,0.1362780580709867,0.5952512596017018,all_objects,2728,2728,0,0,0,0.31236967176987396,0.39206650160900547,-0.8543729532738552,0.9702781582931033,-0.4135293173806951,0.36609063582065626,0.8476972218026411,all_objects,2728,2728,0,0,0,0.0064574103800355016,0.014241407321469463,-0.04259136166522709,0.25345497850594,-0.004334838496389174,0.0028465882138955347,0.027702121181163615,all_objects,2728,2728,0,0,0,0.11603290523414651,0.05716594801503265,0.02037680727489273,0.6151687615790113,0.048096325950923,0.10568408324700751,0.21410121931897458,all_objects,2728,2728,0,0,0,0.11792015104802878,0.06826041970271496,0.008174690143492648,0.4789180932973905,0.0373807395573382,0.10251135930739493,0.25759444845412016,all_objects,2728,2728,0,0,0,1.2065086896773907,0.8008220170450681,0.15477721036646233,13.228281286440312,0.429205808230821,1.05263662223736,2.4615503347761254,all_objects,2728,2728,0,0,0,0.0018871567122057098,0.003329673151006143,1.6926868577308495e-08,0.019336059667656117,1.1394619102988459e-06,5.991567790167873e-05,0.009256802867765463,all_objects,2728,2728,0,0,0,0.007221981802096438,0.012641938534531398,3.624426994823769e-08,0.07451931525623333,3.1464989507192564e-06,0.00020926781475412486,0.03595493316469064,all_objects,2728,2728,0,0,0,0.0025542099916199107,0.0031654655797187644,2.0855252577180568e-05,0.01767125341636685,0.00013672842971949298,0.0008576423401928965,0.008974302943606715,all_objects,2728,2728,0,0,0,0.009009557066313635,0.011522084162602543,3.217409692136167e-05,0.06394939848619817,0.0002934218840852632,0.0025269111578131364,0.032136146284032094,all_objects,2728,2728,0,0,0,0.17243516634180728,0.278324819340505,3.1135991775954608e-06,0.9928078909759392,0.0001807272839215557,0.007197855156341859,0.8046420402977642,all_objects,2728,2728,0,0,0,0.8710434822604136,0.07852074278771146,0.14519115600961682,0.9895581717968038,0.7213087250001196,0.889881259190981,0.9596794943081538,all_objects
llvip,train,n_iou_lt_070,8,-1,-1,1,1.4142135623730951,82,73,13,82,1.0,25,23,23,1.0,2,67,0.8170731707317073,68,0.8292682926829268,73,82,0.8902439024390244,0.8902439024390244,82,82,0,0,0,0.7201006621986995,0.13804298183732588,0.14218310040290916,0.9343945632947335,0.5081768415495788,0.736161361278636,0.8931716764899972,all_objects,82,82,0,0,0,0.7201006621986995,0.13804298183732588,0.14218310040290916,0.9343945632947335,0.5081768415495788,0.736161361278636,0.8931716764899972,all_objects,82,82,0,0,0,0.12482443511231778,0.1440705685736799,-0.1908227799122693,0.5905204893015461,-0.058636153087684405,0.100164219527373,0.37139417038926675,all_objects,82,82,0,0,0,1.5334687448175544,0.7647688205918972,0.7929635698187757,5.040649458002111,0.8679013923987137,1.3427683739816638,2.983705990080583,all_objects,82,82,0,0,0,1.0790597032688345,0.7090644478912432,0.46489987417004563,6.527358035236947,0.5818237242422694,0.890332607422435,1.7088034211636116,all_objects,82,82,0,0,0,-0.45440904154871953,0.7052580603268694,-3.8506557004550235,1.486708577234836,-1.227521331397414,-0.35352312296494476,0.3912168026672835,all_objects,82,82,0,0,0,0.7907553767705241,0.9386627029697064,0.04836744148018253,5.929482097569997,0.10203719181133832,0.5477062700939972,2.249880332872232,all_objects,82,82,0,0,0,0.5547727590392229,0.3377214789516242,-0.4876360463456166,0.9405103549091857,-0.09723298693206416,0.6574308056911491,0.9090044709653059,all_objects,82,82,0,0,0,0.04672594050684938,0.04896620659318908,-0.02417699179460202,0.25345497850594,-0.0037658665200834113,0.0366252746942812,0.12610586460858075,all_objects,82,82,0,0,0,0.22460522685823536,0.10967273321359142,0.05248453799950604,0.6151687615790113,0.09050794930359178,0.2102711969788792,0.4001235172082853,all_objects,82,82,0,0,0,0.2950183611650579,0.06983477943464111,0.16377375305143124,0.4789180932973905,0.18642605757071218,0.2860288092526103,0.42894910378168877,all_objects,82,82,0,0,0,0.763647119400919,0.31647876221655563,0.18732108863060742,1.4629471932245688,0.3279823495069847,0.6933022905143473,1.3310421537292605,all_objects,82,82,0,0,0,0.002642146791688786,0.0038086063529190963,2.7680457949469336e-06,0.015590102012180689,4.755553674694266e-06,0.00034773005299828055,0.010292763978051506,all_objects,82,82,0,0,0,0.010087705614089932,0.014685400511313548,1.0143748458688379e-05,0.06219592764823163,1.5391957866997978e-05,0.001141044099365752,0.037626826564043515,all_objects,82,82,0,0,0,0.0035720432065585814,0.003629652159950455,0.00018378418569812004,0.015784463609081634,0.0002659076785609247,0.001969957190916635,0.010360619104554282,all_objects,82,82,0,0,0,0.012391744190625482,0.013316287732821185,0.000536912308206764,0.05834000092603416,0.0006027711049952638,0.005433971286841018,0.036678598273968084,all_objects,82,82,0,0,0,0.22176703296769582,0.28756002854731205,0.0004312176613439078,0.9258588974311124,0.0007437696021554529,0.03589908468269698,0.77064693866092,all_objects,82,82,0,0,0,0.721790029584737,0.13799692006407202,0.14519115600961682,0.9450315202222325,0.5020277662342715,0.7369130957909258,0.8933663481391111,all_objects
llvip,train,quality_gate070,8,-1,-1,1,1.4142135623730951,23,22,10,23,1.0,23,23,23,1.0,0,23,1.0,21,0.9130434782608695,23,23,1.0,1.0,23,23,0,0,0,0.791564883812164,0.0810609526100907,0.6360807938179058,0.9343945632947335,0.6486041584774637,0.7863801106617603,0.9079711550633888,all_objects,23,23,0,0,0,0.791564883812164,0.0810609526100907,0.6360807938179058,0.9343945632947335,0.6486041584774637,0.7863801106617603,0.9079711550633888,all_objects,23,23,0,0,0,0.20972594305651898,0.1397005680906766,0.054409850116891145,0.5905204893015461,0.0573505277127639,0.1903059049443564,0.497793776045806,all_objects,23,23,0,0,0,1.5602295811012972,0.8675419100842646,0.8444079983662671,4.737907360616081,0.875755745307193,1.3016217418434377,3.364608434650706,all_objects,23,23,0,0,0,0.8011166905868291,0.1970176636857445,0.5447646759962637,1.334084101704591,0.5576034961828676,0.751837412429095,1.2346637769856006,all_objects,23,23,0,0,0,-0.7591128905144685,0.8654817945942745,-3.8506557004550235,0.05528968126230538,-2.6041863563506267,-0.604882096403969,-0.00453363752987688,all_objects,23,23,0,0,0,1.21565921209231,1.4673588498763144,0.10059006447645545,5.929482097569997,0.221335471421137,0.7190375138317864,4.861445794015596,all_objects,23,23,0,0,0,0.7678856020854075,0.1650570573147293,0.3442730354610257,0.9405103549091857,0.42997451674550535,0.8183782850935022,0.937654664006481,all_objects,23,23,0,0,0,0.0730101591760299,0.060670622745279804,0.013103208480834396,0.25345497850594,0.014293846588413563,0.055661442939213567,0.21938057388001825,all_objects,23,23,0,0,0,0.2822670402846109,0.13096436204310496,0.09652357291483928,0.6151687615790113,0.1435843316656628,0.25338692948247754,0.5700844287460158,all_objects,23,23,0,0,0,0.2922976272256671,0.07049322033650486,0.16377375305143124,0.4532843179158149,0.19155322538519948,0.2780635786057447,0.4231893324850266,all_objects,23,23,0,0,0,0.9544411516969046,0.308220889976452,0.4592154896551273,1.3724647601756963,0.49403158028782324,1.0613803805773856,1.3545492324471464,all_objects,23,23,0,0,0,0.002550437637241977,0.0031791756688780274,2.7680457949469336e-06,0.009323496606415618,4.2046524149442166e-06,0.000345852269625249,0.008940204785369672,all_objects,23,23,0,0,0,0.009881486533678638,0.012200086419699422,1.0143748458688379e-05,0.03615418105400484,1.331467001178031e-05,0.0008929635502794888,0.0315859466974408,all_objects,23,23,0,0,0,0.0033397770213214805,0.0031615945722878033,0.0001937489336686599,0.010699583165038936,0.0002595012799000924,0.001933884868833157,0.008365908953676024,all_objects,23,23,0,0,0,0.011865661700944607,0.011293214648006679,0.000546803495364765,0.03225068399312679,0.0005914342431986107,0.0048215000860332095,0.029574308347399755,all_objects,23,23,0,0,0,0.2519015538107971,0.2936912926319428,0.0004312176613439078,0.8166128741319199,0.0006530686065445934,0.03345291449440424,0.7523986832979517,all_objects,23,23,0,0,0,0.7927089361903129,0.0832459944466084,0.6225338884171412,0.9450315202222325,0.6445601730160273,0.7877222949827001,0.9080138004605999,all_objects
llvip,val,base,8,-1,-1,1,1.4142135623730951,548,196,5,548,1.0,61,61,60,0.9836065573770492,1,293,0.5346715328467153,325,0.593065693430657,434,548,0.791970802919708,0.791970802919708,548,548,0,0,0,0.7603555944467729,0.1325315505392541,0.09861705943421524,0.9716136024287414,0.513392935039464,0.7830896413998751,0.9243402219730986,all_objects,548,548,0,0,0,0.7603555944467729,0.1325315505392541,0.09861705943421524,0.9716136024287414,0.513392935039464,0.7830896413998751,0.9243402219730986,all_objects,548,548,0,0,0,0.033872768947348815,0.15493860387795824,-0.48159089624927587,0.5736600588263718,-0.18381624246396108,0.017147192543582324,0.3311285237684874,all_objects,548,548,0,0,0,1.1296532567372595,0.6875356714472393,0.3527060457076785,5.001997555456926,0.535784429351183,0.9031641937197016,2.495684714640167,all_objects,548,548,0,0,0,0.9576360012551114,0.5331344164929852,0.3867693689899725,5.21714641619221,0.5339905056942857,0.7760544862338047,1.9223297248236113,all_objects,548,548,0,0,0,-0.17201725548214775,0.6675537409874829,-4.0360557395295675,3.436349446958953,-1.241224165532429,-0.05426025103857873,0.5294723176916241,all_objects,548,548,0,0,0,0.7763343768977002,0.9949566712174914,0.026609309912888523,8.967954428155837,0.09895544237006351,0.46797140324782277,2.401156344358065,all_objects,548,548,0,0,0,0.4069773851639832,0.4021380208135032,-0.6967533207169248,0.9632173072489355,-0.34088367436843753,0.502144546895045,0.9052421584384468,all_objects,548,548,0,0,0,0.03020580415047343,0.04369582380545018,-0.038024991117074754,0.274622200712749,-0.009682151714440868,0.014298767123427987,0.11293658814050021,all_objects,548,548,0,0,0,0.22277679358408756,0.10926870952167647,0.032668956718781686,0.6572515875789641,0.08748355956628356,0.20003053823975725,0.4370847498747033,all_objects,548,548,0,0,0,0.22094331233387587,0.09853059840946579,0.03175749632088304,0.5018531537460809,0.08393298169206632,0.21053633216692952,0.3973736483626606,all_objects,548,548,0,0,0,1.1345936765208768,0.584222423136036,0.22441734800498378,5.134992799597409,0.39965076075114325,1.06091832125423,2.152286941069552,all_objects,548,548,0,0,0,0.0023872214450080284,0.0039305904758082,6.756204986178053e-07,0.018728460873970766,1.7929347060637967e-06,0.00010723187962204713,0.011620318478675186,all_objects,548,548,0,0,0,0.009006097137803844,0.014683624094554456,1.9078389535622854e-06,0.06279369161565672,4.975708496773869e-06,0.0003917657465884877,0.04457942600142339,all_objects,548,548,0,0,0,0.002963944177184354,0.003452212519612758,0.00010997831114159191,0.016068371487273247,0.00017211209405542505,0.0011372737272974868,0.009725750112980124,all_objects,548,548,0,0,0,0.010373650978696851,0.012447146001129865,0.00022918285387467957,0.059313557628725755,0.00038356220913954964,0.003398870492491731,0.03540665849643676,all_objects,548,548,0,0,0,0.2094247191919254,0.311175819423088,7.544442792095651e-05,0.9998995791130483,0.0002512848212774088,0.012678702585020574,0.9023178744372323,all_objects,548,548,0,0,0,0.7621517287864887,0.13212075968057058,0.09955526649042058,0.9706598233003209,0.5131936960567371,0.7857350880373378,0.9272326719693587,all_objects
llvip,val,n_iou_lt_070,8,-1,-1,1,1.4142135623730951,199,109,5,199,1.0,61,61,60,0.9836065573770492,1,157,0.7889447236180904,164,0.8241206030150754,180,199,0.9045226130653267,0.9045226130653267,199,199,0,0,0,0.7028223357404346,0.16112383790053397,0.09861705943421524,0.9603923566467858,0.4198989441342526,0.7347269914108628,0.9131135311141251,all_objects,199,199,0,0,0,0.7028223357404346,0.16112383790053397,0.09861705943421524,0.9603923566467858,0.4198989441342526,0.7347269914108628,0.9131135311141251,all_objects,199,199,0,0,0,0.14143434337310382,0.17163161948465872,-0.45793662127258034,0.5736600588263718,-0.09830919874901506,0.14201587121788706,0.40570977389195917,all_objects,199,199,0,0,0,1.7359173322976793,0.7979102861211226,0.7802346682423353,5.001997555456926,0.8758429577319732,1.5544592925965315,3.357660916473895,all_objects,199,199,0,0,0,1.1474907704669852,0.6679674229382837,0.3867693689899725,5.21714641619221,0.5469161233307144,0.9526973797005572,2.5178451970230715,all_objects,199,199,0,0,0,-0.5884265618306941,0.8526090873356886,-4.0360557395295675,2.5396355318650503,-2.122453151452251,-0.5013780940668542,0.45946749867916464,all_objects,199,199,0,0,0,1.3180646500539601,1.315882207625978,0.03459628309858384,8.967954428155837,0.14401205559247127,0.9410954118802792,3.9119941966717144,all_objects,199,199,0,0,0,0.5749495350366831,0.3427907858049053,-0.5871853823029288,0.9570537641543092,-0.15214357668510164,0.6965009741524296,0.9259992461504358,all_objects,199,199,0,0,0,0.06287052251960347,0.055155633385004954,-0.038024991117074754,0.274622200712749,-0.0066417367393714856,0.055262155537504486,0.16665783726593042,all_objects,199,199,0,0,0,0.2905837443015397,0.1249180707476994,0.05868512239451567,0.6572515875789641,0.11232166536179418,0.28164430053127276,0.5018916792122158,all_objects,199,199,0,0,0,0.31668331667712996,0.06760143215060646,0.14747383833816738,0.5018531537460809,0.20423323313350353,0.3193137834123681,0.42770397153223966,all_objects,199,199,0,0,0,0.9253104090020687,0.356765098708109,0.24254965985462734,1.9024645754656622,0.3503406293663995,0.9198840249595683,1.4654048457319684,all_objects,199,199,0,0,0,0.002459013648496628,0.003964252445048968,1.4582662193055388e-06,0.015069400128061853,2.768926844085962e-06,0.00017078226724274897,0.011556386041876764,all_objects,199,199,0,0,0,0.009257807583570605,0.014890279836921984,3.1863732970916643e-06,0.05606984813968197,7.976655167168852e-06,0.0005807408513629346,0.04478087051700341,all_objects,199,199,0,0,0,0.0030621842533114633,0.003430818779650511,0.00016507538849312557,0.014283878760007128,0.00019718024392359883,0.0012839316411263411,0.009886385970699931,all_objects,199,199,0,0,0,0.010576233869558535,0.012468014640727304,0.00029404224345186446,0.05546228767991441,0.0004607812333283789,0.003993905133836354,0.03536519326768993,all_objects,199,199,0,0,0,0.21473560948680812,0.31562578028974864,0.00020423298474270268,0.9912616902050786,0.00040896758471831163,0.01956817543168654,0.9194950581637045,all_objects,199,199,0,0,0,0.7038097094529215,0.16006619459037627,0.09955526649042058,0.9511854998206088,0.41993825572260746,0.7346369888579436,0.9155806527370212,all_objects
llvip,val,quality_gate070,8,-1,-1,1,1.4142135623730951,61,49,5,61,1.0,60,61,60,0.9836065573770492,0,61,1.0,60,0.9836065573770492,61,61,1.0,1.0,61,61,0,0,0,0.801508270892231,0.09002958836408698,0.5730334562597246,0.9603923566467858,0.6176166063710138,0.8184894483795827,0.932809254879622,all_objects,61,61,0,0,0,0.801508270892231,0.09002958836408698,0.5730334562597246,0.9603923566467858,0.6176166063710138,0.8184894483795827,0.932809254879622,all_objects,61,61,0,0,0,0.2538568221509991,0.1279040191969746,0.023815112346852074,0.5736600588263718,0.08386469563614452,0.2010839886548189,0.46901499327272284,all_objects,61,61,0,0,0,1.738786075620742,0.8104125587372356,0.7802346682423353,5.001997555456926,0.8676732916761339,1.5549755958521454,3.138343399318902,all_objects,61,61,0,0,0,0.8005102251145993,0.2854986663133742,0.4284061320803586,1.9641789975290331,0.5370515805132995,0.7033712148600275,1.2053215330922304,all_objects,61,61,0,0,0,-0.9382758505061425,0.7715587038513166,-4.0360557395295675,0.03558214430561746,-2.1836340233006073,-0.6850538855427777,-0.20407182289922177,all_objects,61,61,0,0,0,1.6540876954262986,1.2371844276078767,0.2737798485395554,6.2937009580811525,0.4144320944499372,1.144813553439825,4.067954761652304,all_objects,61,61,0,0,0,0.7866419509762015,0.15452704661147096,0.28970532526881265,0.9570537641543092,0.48664705619188675,0.843582615157669,0.9414564444920617,all_objects,61,61,0,0,0,0.09357834133050388,0.05439275119391277,0.014297211429255208,0.274622200712749,0.026152408525762585,0.07586555857677647,0.19186761763895246,all_objects,61,61,0,0,0,0.35057448036230954,0.10744125159067705,0.1571139514559664,0.6560050397811883,0.18617621711312887,0.32713862482690137,0.5575609929218781,all_objects,61,61,0,0,0,0.3148805214932809,0.06928139479603594,0.1705275573051086,0.5018531537460809,0.20442780651278783,0.31562101135508197,0.41631816797676113,all_objects,61,61,0,0,0,1.122166133428764,0.26523012833658505,0.6225840404052467,1.667421480688315,0.6739422621277689,1.1216035976165744,1.4645479751136365,all_objects,61,61,0,0,0,0.0022859778100850804,0.0034531782246729737,1.4582662193055388e-06,0.011848182622294154,2.282426760606729e-06,9.752528025286617e-05,0.010284599641265947,all_objects,61,61,0,0,0,0.008620804891060468,0.013142528482519369,3.1863732970916643e-06,0.04716445884705967,7.610329347091408e-06,0.00029028701776312145,0.03875147817141717,all_objects,61,61,0,0,0,0.0029412470706413965,0.0032802331581023667,0.00016507538849312557,0.011283286779836376,0.0001825952824501972,0.000961782448763066,0.008917169665046265,all_objects,61,61,0,0,0,0.010187572265009952,0.011881352316739993,0.00029404224345186446,0.03870932662930807,0.00045283034724599995,0.002468039519126804,0.03318359015319892,all_objects,61,61,0,0,0,0.21180046413403944,0.30117510278695586,0.00020535678612532138,0.9372573973132603,0.0003926345431750633,0.012491253805137603,0.8519685476568384,all_objects,61,61,0,0,0,0.8022897122033423,0.08891999251031571,0.5863064192557096,0.9511854998206088,0.6348565174002448,0.8217036268286203,0.9390259076646323,all_objects
llvip,train,base,9,2,0,2,2.0,2728,1024,14,2726,0.999266862170088,25,23,23,1.0,2,828,0.3035190615835777,939,0.34420821114369504,2072,2728,0.7595307917888563,0.7595307917888563,2728,2728,0,0,0,0.8511567305089872,0.07967457699973803,0.18045142822591412,0.9897798845035835,0.7055743547671314,0.8685553267341947,0.9430089087319982,all_objects,2728,2728,0,0,0,0.8511567305089872,0.07967457699973803,0.18045142822591412,0.9897798845035835,0.7055743547671314,0.8685553267341947,0.9430089087319982,all_objects,2728,2728,0,0,0,-0.03266067795861068,0.08082263472986945,-0.5922451649845555,0.7062894026455389,-0.15508026828663143,-0.03357664979254915,0.08768896945188581,all_objects,2728,2728,0,0,0,0.680910342085046,0.2595697124979214,0.2307109253492022,5.040649458002111,0.4518092784470714,0.6328195135142862,1.0887949282180818,all_objects,2728,2728,0,0,0,0.6940509226594641,0.2331736803587298,0.2639497760908837,5.656134247579917,0.47635273930739425,0.6515649360157927,1.0476577044207478,all_objects,2728,2728,0,0,0,0.013140580574418095,0.19594146299289492,-3.9475171179978314,1.6847217330864075,-0.18568100631290121,0.021949211457921503,0.19733914678094316,all_objects,2728,2728,0,0,0,0.2517220727311639,0.29446030140914803,0.016429890571896612,6.434990334925067,0.058788455847147286,0.1731242815330007,0.6650623212375295,all_objects,2728,2728,0,0,0,0.28515921708862657,0.37985371899365183,-0.7906388649826075,0.9524189006899006,-0.39377850946414633,0.32581432872857163,0.8211994877864867,all_objects,2728,2728,0,0,0,0.006511680543589678,0.014436280101507569,-0.0527730707913281,0.2622144329583635,-0.004621860388500454,0.002892359587602677,0.028476186603561562,all_objects,2728,2728,0,0,0,0.12592465378713133,0.0576844773297553,0.031017763274193415,0.631424020848214,0.05909186149247723,0.11380854104552618,0.2299323007421173,all_objects,2728,2728,0,0,0,0.11792015104802878,0.06826041970271496,0.008174690143492648,0.4789180932973905,0.0373807395573382,0.10251135930739493,0.25759444845412016,all_objects,2728,2728,0,0,0,1.335911804729641,0.8874561868387864,0.18237274953247481,14.163547127304014,0.47603500300545626,1.1398222143418293,2.7736355242610076,all_objects,2728,2728,0,0,0,0.00288531581940569,0.0056997322849949026,1.9453027277554705e-08,0.0321449740663293,1.0723224423390385e-06,4.299907742950546e-05,0.016476563972435507,all_objects,2728,2728,0,0,0,0.011539532033512075,0.02279880437130111,4.175823686111884e-08,0.12856180994750524,3.981633932260483e-06,0.00016945154663298675,0.06590587881166007,all_objects,2728,2728,0,0,0,0.0037966296789469878,0.005342354078376779,2.3622780390714698e-05,0.03022251401188965,0.00014495780618508218,0.00086704301759173,0.015436878393587102,all_objects,2728,2728,0,0,0,0.014962559497177189,0.021345902504635698,4.934090721534241e-05,0.11974485094028726,0.00047344947875779326,0.0031602787330266054,0.06159011982978681,all_objects,2728,2728,0,0,0,0.2735778636695425,0.5002041552741844,1.0259365069487103e-05,1.9763927472250202,0.0002243211567417802,0.006131919447163625,1.4986339865792786,all_objects,2728,2728,0,0,0,0.8551211554702243,0.07864018683508087,0.1804390157105269,0.9893186554908637,0.7137639002809907,0.872970372865903,0.9453054391874685,all_objects
llvip,train,n_iou_lt_070,9,2,0,2,2.0,82,73,13,82,1.0,25,23,23,1.0,2,67,0.8170731707317073,68,0.8292682926829268,72,82,0.8780487804878049,0.8780487804878049,82,82,0,0,0,0.7186339214147905,0.14596832380786232,0.18045142822591412,0.9455728400837885,0.48476114761890243,0.751929493322326,0.8905601793461969,all_objects,82,82,0,0,0,0.7186339214147905,0.14596832380786232,0.18045142822591412,0.9455728400837885,0.48476114761890243,0.751929493322326,0.8905601793461969,all_objects,82,82,0,0,0,0.12335769432840883,0.1559080405961964,-0.20630507749123383,0.7062894026455389,-0.10451514000465613,0.10684135708944054,0.33921664098470794,all_objects,82,82,0,0,0,1.5334687448175544,0.7647688205918972,0.7929635698187757,5.040649458002111,0.8679013923987137,1.3427683739816638,2.983705990080583,all_objects,82,82,0,0,0,1.094107587117878,0.6800913418768404,0.4748848213629695,5.656134247579917,0.578992349028209,0.8852860456377216,1.9398406527677017,all_objects,82,82,0,0,0,-0.4393611576996762,0.708537352048884,-3.9475171179978314,0.9612726114036854,-1.2471140029669077,-0.3492518251730618,0.5480073504766423,all_objects,82,82,0,0,0,0.8332151242849224,0.955692331955709,0.0888369002313975,6.434990334925067,0.12965554148497171,0.5194020574428013,2.205606922887567,all_objects,82,82,0,0,0,0.5464250002937369,0.34618932853579715,-0.3400169974506481,0.9404183594790969,-0.17859345765367202,0.6573142125117729,0.9154920232131807,all_objects,82,82,0,0,0,0.04695304606053133,0.04865465271004474,-0.014533888369553683,0.2622144329583635,-0.007123364863823934,0.03466372122188301,0.11886007922425254,all_objects,82,82,0,0,0,0.23052306036985987,0.10733533826118233,0.07550432101958497,0.631424020848214,0.10052614951804911,0.20745271344226612,0.4210485091532849,all_objects,82,82,0,0,0,0.2950183611650579,0.06983477943464111,0.16377375305143124,0.4789180932973905,0.18642605757071218,0.2860288092526103,0.42894910378168877,all_objects,82,82,0,0,0,0.7866458414768274,0.3134577828099737,0.3109732283757655,1.5997836497062798,0.3714377375750283,0.7474939080193437,1.3350697129905442,all_objects,82,82,0,0,0,0.0028418351577009808,0.005273500924337824,1.18179398585488e-06,0.0251369675731112,3.2948417142616295e-06,0.00010099886510983911,0.014123816917553517,all_objects,82,82,0,0,0,0.011360991464716193,0.02109558157477515,4.201646694628055e-06,0.10054552849804796,1.2664170107629725e-05,0.00038716339289928,0.05649284092349967,all_objects,82,82,0,0,0,0.0040881924759697775,0.005197891222788784,0.00015595437565582782,0.025211490235225276,0.0002252587931417292,0.0014024581447897094,0.013203361068893572,all_objects,82,82,0,0,0,0.0159242801346825,0.0207838785795173,0.0004577426790485361,0.10034151061118463,0.0007286408883248654,0.004900270011450847,0.052482006689416306,all_objects,82,82,0,0,0,0.26654527693104496,0.4526821421232376,0.0002785427473099844,1.7686704573743555,0.0007057155409682991,0.012761954820390997,1.2183576235887672,all_objects,82,82,0,0,0,0.7192950493544001,0.14372469031101953,0.1804390157105269,0.945577997203846,0.48676301549404705,0.7493326418147044,0.890460095811585,all_objects
llvip,train,quality_gate070,9,2,0,2,2.0,23,22,10,23,1.0,23,23,23,1.0,0,23,1.0,23,1.0,23,23,1.0,1.0,23,23,0,0,0,0.8090588317269976,0.0839572701611987,0.6268572073851029,0.9455728400837885,0.6426029715561464,0.8386584123052264,0.9242630221220652,all_objects,23,23,0,0,0,0.8090588317269976,0.0839572701611987,0.6268572073851029,0.9455728400837885,0.6426029715561464,0.8386584123052264,0.9242630221220652,all_objects,23,23,0,0,0,0.2272198909713525,0.15032950818423932,0.053274715483655144,0.7062894026455389,0.0641628386465275,0.19364193769344595,0.48588976740372347,all_objects,23,23,0,0,0,1.5602295811012972,0.8675419100842646,0.8444079983662671,4.737907360616081,0.875755745307193,1.3016217418434377,3.364608434650706,all_objects,23,23,0,0,0,0.8031650324522076,0.2065981281267189,0.5263498735701375,1.5133679951952068,0.5815542476520399,0.7685607389830666,1.2026015976289302,all_objects,23,23,0,0,0,-0.75706454864909,0.8751104177835543,-3.9475171179978314,-0.008818333457150107,-2.566817366142608,-0.5762021002202239,-0.06518765765576937,all_objects,23,23,0,0,0,1.2646235776195305,1.473782953034617,0.15287778310814,6.434990334925067,0.17255753296332804,0.8078389468780344,4.448029737934603,all_objects,23,23,0,0,0,0.7700883628685363,0.15587785372021215,0.42316232972508705,0.9404183594790969,0.4972069475031425,0.8353219503622604,0.9306953014193868,all_objects,23,23,0,0,0,0.07362303010781207,0.06051854766109709,0.014736522235734718,0.2622144329583635,0.01940418627208077,0.05511116093505776,0.215332711390397,all_objects,23,23,0,0,0,0.2872986698825002,0.12697197672063112,0.10932411753921048,0.631424020848214,0.12672794861333347,0.2616570229497711,0.5583973122526324,all_objects,23,23,0,0,0,0.2922976272256671,0.07049322033650486,0.16377375305143124,0.4532843179158149,0.19155322538519948,0.2780635786057447,0.4231893324850266,all_objects,23,23,0,0,0,0.9740587422930119,0.2957151331841332,0.4646840394421962,1.4706503557533777,0.49708507297293925,0.9632104109152397,1.3873507610975584,all_objects,23,23,0,0,0,0.0025259255529562407,0.004576379335090985,1.18179398585488e-06,0.015607423118785536,2.24340559179644e-06,7.189524726478348e-05,0.011340549390468987,all_objects,23,23,0,0,0,0.010102637429507295,0.018305463616735174,4.201646694628055e-06,0.062429167019392835,5.696899039044391e-06,0.00028423212632354807,0.04535839469994899,all_objects,23,23,0,0,0,0.003493982203826018,0.004758038582189741,0.00015595437565582782,0.014988993373246577,0.00021507913980941504,0.0009379459023806251,0.011950579370241429,all_objects,23,23,0,0,0,0.013775334987452686,0.01903680247740949,0.0004577426790485361,0.05979181044131747,0.0005027127464010774,0.003362303059572834,0.04764635343932347,all_objects,23,23,0,0,0,0.26187636746002846,0.4585830258868769,0.0002785427473099844,1.4673293875221134,0.0007093261916850224,0.011403906706732414,1.178929367493532,all_objects,23,23,0,0,0,0.8072189438738251,0.08144099753489412,0.6265842751481384,0.945577997203846,0.6425667478289403,0.8098874158743531,0.9242282226334784,all_objects
llvip,val,base,9,2,0,2,2.0,548,196,5,548,1.0,57,61,57,0.9344262295081968,0,281,0.5127737226277372,313,0.5711678832116789,442,548,0.8065693430656934,0.8065693430656934,548,548,0,0,0,0.7531915644446927,0.12852664871186212,0.08805752565213652,0.9738403168851372,0.5124951300771184,0.7773939275783093,0.9146873244524825,all_objects,548,548,0,0,0,0.7531915644446927,0.12852664871186212,0.08805752565213652,0.9738403168851372,0.5124951300771184,0.7773939275783093,0.9146873244524825,all_objects,548,548,0,0,0,0.026708738945268734,0.1489194162641772,-0.5012577973176697,0.5376354266437829,-0.18436273189705238,0.004695433629894219,0.3164456415481636,all_objects,548,548,0,0,0,1.1296532567372595,0.6875356714472393,0.3527060457076785,5.001997555456926,0.535784429351183,0.9031641937197016,2.495684714640167,all_objects,548,548,0,0,0,0.9666077953058394,0.550900707131997,0.3588812617612581,5.726455584839453,0.5287829251960791,0.7846581033820912,1.9468041707022556,all_objects,548,548,0,0,0,-0.16304546143141976,0.6643302879415097,-3.8671780747228652,3.534460456056514,-1.2287493528104605,-0.0441783533644009,0.5232936945014185,all_objects,548,548,0,0,0,0.8062928191552955,1.032353974235407,0.04768573620006735,8.722232198065733,0.10215332606364338,0.459939308164829,2.6058871749287396,all_objects,548,548,0,0,0,0.40465822694344117,0.397969600418517,-0.7853437953225122,0.9576657652550226,-0.3193764366474744,0.5077475039246717,0.8975009049934255,all_objects,548,548,0,0,0,0.030550293382880123,0.04457640083259163,-0.03839515473984886,0.28506078972564586,-0.008924274292033296,0.015119907648391898,0.12177916270514562,all_objects,548,548,0,0,0,0.22519559180065735,0.1114926851110481,0.0488727500430459,0.681479710328707,0.0865681131497449,0.20035573642965065,0.4494762700448077,all_objects,548,548,0,0,0,0.22094331233387587,0.09853059840946579,0.03175749632088304,0.5018531537460809,0.08393298169206632,0.21053633216692952,0.3973736483626606,all_objects,548,548,0,0,0,1.1429909597261418,0.5773568840254332,0.19703048873346996,5.527501129541657,0.4381549140413777,1.0517191299997997,2.184747315815769,all_objects,548,548,0,0,0,0.00332741650113938,0.006434978142934858,2.70044969853585e-07,0.02693269740007684,1.8899828105945775e-06,6.06326604397235e-05,0.01971097447264628,all_objects,548,548,0,0,0,0.013308352251403125,0.025739746250337075,7.771508027725583e-07,0.10773018795323187,6.606642325363384e-06,0.00024215507430697816,0.07884154089539694,all_objects,548,548,0,0,0,0.004095803873089863,0.005705702354889275,8.062227706217339e-05,0.024544596703846157,0.00018799658012968556,0.0009743587932065464,0.017084644799391733,all_objects,548,548,0,0,0,0.01616432680382986,0.02280564256545923,0.0001948441902571251,0.09778319161166601,0.0006268195145926296,0.003662004432175693,0.06820447756891053,all_objects,548,548,0,0,0,0.30560116519205976,0.548401083803896,3.6464887784859457e-05,1.959788945360458,0.0003177235613165408,0.008293702970437522,1.695001745572466,all_objects,548,548,0,0,0,0.7557704632604819,0.12876696166541557,0.08813436478289315,0.9742871914688509,0.5230028719851831,0.7787123028694363,0.9138857293493593,all_objects
llvip,val,n_iou_lt_070,9,2,0,2,2.0,199,109,5,199,1.0,57,61,57,0.9344262295081968,0,151,0.7587939698492462,162,0.8140703517587939,180,199,0.9045226130653267,0.9045226130653267,199,199,0,0,0,0.6895983897099109,0.15309973827111698,0.08805752565213652,0.9419205939636266,0.4176240591321739,0.7059680691132636,0.8989844045224019,all_objects,199,199,0,0,0,0.6895983897099109,0.15309973827111698,0.08805752565213652,0.9419205939636266,0.4176240591321739,0.7059680691132636,0.8989844045224019,all_objects,199,199,0,0,0,0.12821039734258005,0.16725766593599056,-0.468496155054659,0.5376354266437829,-0.09415476108870077,0.10988832873470455,0.39830445117247537,all_objects,199,199,0,0,0,1.7359173322976793,0.7979102861211226,0.7802346682423353,5.001997555456926,0.8758429577319732,1.5544592925965315,3.357660916473895,all_objects,199,199,0,0,0,1.1755504641238297,0.708974739915311,0.3588812617612581,5.726455584839453,0.5563346621721131,0.9364433021557492,2.6061529849809664,all_objects,199,199,0,0,0,-0.5603668681738494,0.862219511969858,-3.8671780747228652,2.641563878930744,-2.0820959118001126,-0.4822314231916175,0.6089427279900171,all_objects,199,199,0,0,0,1.3670982158372116,1.3633901285899532,0.0645732048826414,8.722232198065733,0.15716303235188556,0.9620654662511396,4.0568644285992095,all_objects,199,199,0,0,0,0.5652187707154297,0.33776724964886334,-0.46491215009845177,0.9576657652550226,-0.14375656442934576,0.6697605448811211,0.9211521864040576,all_objects,199,199,0,0,0,0.06324116676412626,0.05680973426554364,-0.03839515473984886,0.28506078972564586,-0.006145463436365634,0.05532484550740701,0.16807836818130006,all_objects,199,199,0,0,0,0.2943630282906083,0.12720882229817013,0.0488727500430459,0.681479710328707,0.11686535905332172,0.28964340695815766,0.515800623218095,all_objects,199,199,0,0,0,0.31668331667712996,0.06760143215060646,0.14747383833816738,0.5018531537460809,0.20423323313350353,0.3193137834123681,0.42770397153223966,all_objects,199,199,0,0,0,0.9343066249893014,0.35603486065371875,0.19703048873346996,1.96987202139642,0.38579425521676985,0.9567773109256942,1.5236378347773463,all_objects,199,199,0,0,0,0.004408861414219732,0.00736536898981862,6.147042703257238e-07,0.02693269740007684,3.3760845324108618e-06,0.00012612239663882278,0.021735145269190598,all_objects,199,199,0,0,0,0.017634034578473515,0.029461230408745733,2.3431967258490893e-06,0.10773018795323187,1.290871765487489e-05,0.0005043099952483636,0.0869391888294435,all_objects,199,199,0,0,0,0.005144477221387204,0.006421066089921891,0.00010787581442426145,0.024544596703846157,0.00024781107244482625,0.001405540076789278,0.01929254647003689,all_objects,199,199,0,0,0,0.020336336365564665,0.02565849551950677,0.00035011764136748787,0.09778319161166601,0.0008156341459268236,0.005427734754414606,0.07694388602827741,all_objects,199,199,0,0,0,0.38734762209107104,0.6030818459440186,9.642609808224734e-05,1.959788945360458,0.0006203457490983055,0.015854975153160922,1.7944824981791385,all_objects,199,199,0,0,0,0.6936659385487999,0.15481856697395607,0.08813436478289315,0.9733084260560769,0.4223230975472074,0.7125946011899269,0.8993147185348394,all_objects
llvip,val,quality_gate070,9,2,0,2,2.0,61,49,5,61,1.0,57,61,57,0.9344262295081968,0,61,1.0,59,0.9672131147540983,61,61,1.0,1.0,61,61,0,0,0,0.7781233662471394,0.08555587891006178,0.567548692719243,0.9160306607525414,0.6176166063710138,0.787111826592342,0.8984967920746985,all_objects,61,61,0,0,0,0.7781233662471394,0.08555587891006178,0.567548692719243,0.9160306607525414,0.6176166063710138,0.787111826592342,0.8984967920746985,all_objects,61,61,0,0,0,0.2304719175059075,0.11849017147416922,0.030044461461203098,0.5376354266437829,0.05090576811936676,0.2271989421511692,0.40362177290632106,all_objects,61,61,0,0,0,1.738786075620742,0.8104125587372356,0.7802346682423353,5.001997555456926,0.8676732916761339,1.5549755958521454,3.138343399318902,all_objects,61,61,0,0,0,0.8089914819183368,0.2734960210554219,0.4184152084967372,1.976534605262612,0.5480083537001863,0.739485885393392,1.2567254116581479,all_objects,61,61,0,0,0,-0.929794593702405,0.7718999492104615,-3.8671780747228652,0.04793775203919637,-2.2287952072633805,-0.7188686793114005,-0.083234720875341,all_objects,61,61,0,0,0,1.742531665274326,1.3418930734141143,0.11828232417333187,6.789734478385242,0.4027899260651605,1.3878209155699839,4.6000745008163335,all_objects,61,61,0,0,0,0.7763675492823859,0.168229701729446,0.2783809160940572,0.9576657652550226,0.4203791823285616,0.8515634313685801,0.9341481588996376,all_objects,61,61,0,0,0,0.09502837456387164,0.05766992417922043,0.006049826456502589,0.28506078972564586,0.02296848187551348,0.08161655115078749,0.20769744562371434,all_objects,61,61,0,0,0,0.3551194335622989,0.11810254761911289,0.11622002631979302,0.681479710328707,0.1782355280086065,0.3416347169498534,0.5787461703213577,all_objects,61,61,0,0,0,0.3148805214932809,0.06928139479603594,0.1705275573051086,0.5018531537460809,0.20442780651278783,0.31562101135508197,0.41631816797676113,all_objects,61,61,0,0,0,1.1277427010242576,0.2806824820844359,0.496206977153586,1.6426220184812015,0.6292174341852922,1.167575030671236,1.5214208265470646,all_objects,61,61,0,0,0,0.0043604229366640285,0.007069214512579708,2.0066541444791694e-06,0.02456209676622173,3.855588057925904e-06,0.0001365926379452149,0.021581146857790834,all_objects,61,61,0,0,0,0.017441152212702295,0.02827682583130693,7.852295800502957e-06,0.09824771930125135,1.5217165166023968e-05,0.0005461934471748022,0.08632410216725274,all_objects,61,61,0,0,0,0.0050980077514324856,0.006092545040470955,0.0001863528641294461,0.01969861424546544,0.00025069532800133453,0.0014862149307629466,0.017693835855842294,all_objects,61,61,0,0,0,0.020229695881941664,0.024359057026148847,0.0006503098722714049,0.07859086903902737,0.0009186741174424122,0.005843957628181541,0.07061294438530284,all_objects,61,61,0,0,0,0.409528491663089,0.6109978941363765,0.00044273138524886235,1.9011356645642081,0.0006313062545473258,0.01832827802945758,1.7943607088378144,all_objects,61,61,0,0,0,0.7857670909029921,0.08675360436066705,0.5806193433413745,0.9159991241602365,0.6209601541119356,0.7878836105308872,0.9063430556361033,all_objects
llvip,train,base,10,-2,0,2,2.0,2728,1024,14,2726,0.999266862170088,22,23,21,0.9130434782608695,1,799,0.2928885630498534,941,0.34494134897360706,2073,2728,0.7598973607038123,0.7598973607038123,2728,2728,0,0,0,0.8514969878495807,0.08033103909396976,0.12556731193523935,0.9869996034033406,0.7001358890632523,0.8676744105183551,0.9456453472888968,all_objects,2728,2728,0,0,0,0.8514969878495807,0.08033103909396976,0.12556731193523935,0.9869996034033406,0.7001358890632523,0.8676744105183551,0.9456453472888968,all_objects,2728,2728,0,0,0,-0.03232042061801699,0.0790330689395552,-0.5054974202737944,0.5551039221094232,-0.1522469098724793,-0.03440124453355059,0.09013408486536709,all_objects,2728,2728,0,0,0,0.680910342085046,0.2595697124979214,0.2307109253492022,5.040649458002111,0.4518092784470714,0.6328195135142862,1.0887949282180818,all_objects,2728,2728,0,0,0,0.6936848502405442,0.2390904742544893,0.28035661023684444,6.677575737476012,0.4754803626951495,0.653143368900053,1.0434445494500444,all_objects,2728,2728,0,0,0,0.012774508155498255,0.19734779516256007,-3.846642395187266,1.794208564286442,-0.18374052193900567,0.022575867257759397,0.19528323766407946,all_objects,2728,2728,0,0,0,0.2447026895531467,0.2831161974579019,0.01940637035842456,5.56793242238971,0.05785998217418913,0.17126452134191483,0.6354137441118453,all_objects,2728,2728,0,0,0,0.28616882733384086,0.37937033015160326,-0.8723114543295176,0.9722650442507159,-0.40453161270410853,0.3302346080658689,0.8251070832142614,all_objects,2728,2728,0,0,0,0.0064540062060271484,0.01431188259216451,-0.04988114741315927,0.2454050869523611,-0.004805526458589294,0.002924278539072357,0.02735684903292039,all_objects,2728,2728,0,0,0,0.12539646222004944,0.05600590687678866,0.03207335943132397,0.5985985344382271,0.05964453599288195,0.11403684330628557,0.2248143064855295,all_objects,2728,2728,0,0,0,0.11792015104802878,0.06826041970271496,0.008174690143492648,0.4789180932973905,0.0373807395573382,0.10251135930739493,0.25759444845412016,all_objects,2728,2728,0,0,0,1.3265551539189127,0.8557886811725639,0.17817233166823304,13.049099244333556,0.48447559874156887,1.1483731414099518,2.690918363083508,all_objects,2728,2728,0,0,0,0.0030413221385574636,0.005892995200224501,9.881556312548556e-09,0.037260512403730996,1.3277186600919113e-06,5.14947895400435e-05,0.017492848332869165,all_objects,2728,2728,0,0,0,0.012163433266195137,0.023572017782745078,2.1882798983799367e-08,0.14903863051246666,4.789316059284751e-06,0.00020185727465511525,0.06996932140355379,all_objects,2728,2728,0,0,0,0.003963036483626467,0.00545770234918937,1.6674775385743615e-05,0.03211491477691837,0.000163679163601006,0.0009331537000000381,0.01571185623385377,all_objects,2728,2728,0,0,0,0.015620734619564494,0.02181031874106461,3.6460132577649034e-05,0.12789879697239634,0.0005190030631764566,0.0034364415770940767,0.06269047868108463,all_objects,2728,2728,0,0,0,0.2869129103566279,0.5175916852008616,3.974492983616074e-06,1.9846871436774904,0.00027108771646027207,0.006959481167626791,1.560074948816706,all_objects,2728,2728,0,0,0,0.8555961721641722,0.07939775194794665,0.13116055345335892,0.9867299847592014,0.7115897495726025,0.8723723016294103,0.9486525096233398,all_objects
llvip,train,n_iou_lt_070,10,-2,0,2,2.0,82,73,13,82,1.0,22,23,21,0.9130434782608695,1,65,0.7926829268292683,67,0.8170731707317073,76,82,0.926829268292683,0.926829268292683,82,82,0,0,0,0.7074958550977302,0.13404611052613802,0.12556731193523935,0.9069898590475495,0.5007553657181489,0.7278012855167018,0.876767994022184,all_objects,82,82,0,0,0,0.7074958550977302,0.13404611052613802,0.12556731193523935,0.9069898590475495,0.5007553657181489,0.7278012855167018,0.876767994022184,all_objects,82,82,0,0,0,0.11221962801134837,0.14088381184046733,-0.1908227799122693,0.5551039221094232,-0.08187001736679245,0.08611117158572318,0.35235795012612287,all_objects,82,82,0,0,0,1.5334687448175544,0.7647688205918972,0.7929635698187757,5.040649458002111,0.8679013923987137,1.3427683739816638,2.983705990080583,all_objects,82,82,0,0,0,1.0975426590208006,0.7307009659858857,0.4708113585429186,6.677575737476012,0.5891774942510007,0.9033640786383988,1.9144995671805094,all_objects,82,82,0,0,0,-0.43592608579675374,0.7153759228483241,-3.846642395187266,1.6369262794739008,-1.220718922951417,-0.32849382556103207,0.4006472381300774,all_objects,82,82,0,0,0,0.8232322277250139,0.9323679559845942,0.0750786147948424,5.56793242238971,0.12817743139591722,0.5744797928245542,2.2750139065779287,all_objects,82,82,0,0,0,0.5416156141972699,0.3330084575578886,-0.4823594197978556,0.9316811611505812,-0.09378744352659239,0.6534961840108502,0.9015560629473216,all_objects,82,82,0,0,0,0.046433473931612755,0.048587516502344545,-0.021783500396794407,0.2454050869523611,-0.0018562168822055922,0.035748291680309616,0.1263790759270539,all_objects,82,82,0,0,0,0.22862602604532073,0.10861554008308243,0.06612065543346568,0.5985985344382271,0.09385873463962648,0.21312331468656107,0.3961104946579764,all_objects,82,82,0,0,0,0.2950183611650579,0.06983477943464111,0.16377375305143124,0.4789180932973905,0.18642605757071218,0.2860288092526103,0.42894910378168877,all_objects,82,82,0,0,0,0.7796084422853259,0.3159080424091296,0.23598937189620775,1.5099953700189062,0.3465851688754492,0.688662325738643,1.3702763127691662,all_objects,82,82,0,0,0,0.003403348418048903,0.006007700312021011,4.4055594945146167e-07,0.031099555745895027,5.405819425564803e-06,0.0003689490637143182,0.01612576764276519,all_objects,82,82,0,0,0,0.013607663131989797,0.024031516582824,1.716268923524483e-06,0.12439185529646327,2.1037453518324974e-05,0.0014712837523807704,0.06449877735665836,all_objects,82,82,0,0,0,0.004853202935900082,0.0056888327895461745,9.490383457836984e-05,0.0293710506745351,0.00032031496878030433,0.0024919492688249075,0.015700985337581772,all_objects,82,82,0,0,0,0.01898078574714749,0.022736571468988543,0.00032686068301344636,0.11668000185206832,0.0010767709891954485,0.009603528169029863,0.06256350319236621,all_objects,82,82,0,0,0,0.30375764735611577,0.4826405413844652,7.697071055190463e-05,1.8442477499514212,0.0009807262442585339,0.04162060536594936,1.486157947290292,all_objects,82,82,0,0,0,0.7106329857281755,0.13429803641794855,0.13116055345335892,0.9070330240819954,0.504371313152368,0.7313504999560299,0.8816146217005435,all_objects
llvip,train,quality_gate070,10,-2,0,2,2.0,23,22,10,23,1.0,21,23,21,0.9130434782608695,0,23,1.0,21,0.9130434782608695,23,23,1.0,1.0,23,23,0,0,0,0.7718141151905862,0.07948746383539076,0.6268572073851029,0.9069898590475495,0.6344133077244091,0.7635416025870224,0.8898844239113067,all_objects,23,23,0,0,0,0.7718141151905862,0.07948746383539076,0.6268572073851029,0.9069898590475495,0.6344133077244091,0.7635416025870224,0.8898844239113067,all_objects,23,23,0,0,0,0.18997517443494114,0.13639778428888102,0.03905539386343437,0.5551039221094232,0.0436221345590318,0.15750440354402961,0.4740225168676815,all_objects,23,23,0,0,0,1.5602295811012972,0.8675419100842646,0.8444079983662671,4.737907360616081,0.875755745307193,1.3016217418434377,3.364608434650706,all_objects,23,23,0,0,0,0.8244918615181692,0.2325768909783377,0.5635803634088651,1.602786294201789,0.5781363085331763,0.7605021102378862,1.2373150511650277,all_objects,23,23,0,0,0,-0.7357377195831284,0.8728010181785688,-3.846642395187266,0.05334763783398966,-2.57832983379141,-0.6000424212043604,0.00800445162349452,all_objects,23,23,0,0,0,1.2383640606962347,1.4485994220583986,0.09384732234872081,5.56793242238971,0.21395153535822528,0.6787535006705763,5.067296521223147,all_objects,23,23,0,0,0,0.7442842358919243,0.1804674498368025,0.33094842943549835,0.9316811611505812,0.37326624751142135,0.8235988718712905,0.9113495078868856,all_objects,23,23,0,0,0,0.07163073809671121,0.06073195028440862,0.01236759604911818,0.2454050869523611,0.013828765728679374,0.052242142187457735,0.22166550590673512,all_objects,23,23,0,0,0,0.28233755039252373,0.13276403561927366,0.08760419663226293,0.5985985344382271,0.14397818679761948,0.2653438179941927,0.5789904243555671,all_objects,23,23,0,0,0,0.2922976272256671,0.07049322033650486,0.16377375305143124,0.4532843179158149,0.19155322538519948,0.2780635786057447,0.4231893324850266,all_objects,23,23,0,0,0,0.9530454789062468,0.3161464745322271,0.4565002706672636,1.3950127787726305,0.4628458992725758,1.0765886322314004,1.3854666530903728,all_objects,23,23,0,0,0,0.00354994639537309,0.005494711516105802,4.4055594945146167e-07,0.01807726960036654,1.5642843606079742e-06,0.0004051389511738292,0.01566214060066088,all_objects,23,23,0,0,0,0.01419825947414888,0.021978435642349834,1.716268923524483e-06,0.07230836210800969,6.032909267776087e-06,0.001620332748765408,0.06264542354695285,all_objects,23,23,0,0,0,0.004746695029706769,0.005164410064802133,9.490383457836984e-05,0.01617291676582904,0.00016384617923328784,0.0022999162453366633,0.014187514459798316,all_objects,23,23,0,0,0,0.018752750871797893,0.02062169528578336,0.00032686068301344636,0.06450136798625358,0.0005441376779951237,0.009095942344996052,0.05637420225743743,all_objects,23,23,0,0,0,0.35913132392622243,0.5204880064316493,7.697071055190463e-05,1.6189317499548679,0.00030724149253842376,0.05293591542306331,1.4796048609124568,all_objects,23,23,0,0,0,0.7737431501546547,0.08195661421823819,0.6011345783615674,0.9070330240819954,0.631674883280255,0.7670355208463037,0.8966215953288388,all_objects
llvip,val,base,10,-2,0,2,2.0,548,196,5,543,0.9908759124087592,59,61,58,0.9508196721311475,1,283,0.5164233576642335,324,0.5912408759124088,438,548,0.7992700729927007,0.7992700729927007,548,548,0,0,0,0.7497123106681743,0.13191420003599794,0.09269231977175821,0.9555158728550245,0.516080222068978,0.776736290384682,0.9122123358390448,all_objects,548,548,0,0,0,0.7497123106681743,0.13191420003599794,0.09269231977175821,0.9555158728550245,0.516080222068978,0.776736290384682,0.9122123358390448,all_objects,548,548,0,0,0,0.023229485168750345,0.1544803213870406,-0.46455931097949527,0.5689302322077677,-0.19265575974316948,0.005772763246376156,0.3109298160331979,all_objects,548,548,0,0,0,1.1296532567372595,0.6875356714472393,0.3527060457076785,5.001997555456926,0.535784429351183,0.9031641937197016,2.495684714640167,all_objects,548,548,0,0,0,0.9758262591672525,0.5618233474662705,0.391489633124197,5.777873896654757,0.5303621904433786,0.7957403150491904,2.040824197204667,all_objects,548,548,0,0,0,-0.1538269975700068,0.669436369037947,-3.8518361142491226,3.3720062781036435,-1.1859375366157008,-0.04364665628528608,0.5732451395836093,all_objects,548,548,0,0,0,0.8308700472905954,1.005237800115371,0.041679484245320086,9.208407986158463,0.11947737581764646,0.5016347909634118,2.5814617274295317,all_objects,548,548,0,0,0,0.40359747816993663,0.396363871192896,-0.7154292504344222,0.952771607216487,-0.324428459396521,0.4914991847072091,0.9025444041027417,all_objects,548,548,0,0,0,0.030650163250934805,0.04365008418336911,-0.036633626719214926,0.2722801050956372,-0.009838809583296186,0.015332444668801026,0.1162736308175687,all_objects,548,548,0,0,0,0.231506456514583,0.10764333368060912,0.04944065967999923,0.665341586751858,0.09765285690943917,0.21073744910126568,0.4442810901710847,all_objects,548,548,0,0,0,0.22094331233387587,0.09853059840946579,0.03175749632088304,0.5018531537460809,0.08393298169206632,0.21053633216692952,0.3973736483626606,all_objects,548,548,0,0,0,1.189737099765096,0.6137623371078696,0.2575485598118378,5.802438377389664,0.4150419939093514,1.0966926000519495,2.2268644508499205,all_objects,548,548,0,0,0,0.004011671006694551,0.007083324645966401,4.357338251104961e-07,0.03139764703210844,1.8233086834477001e-06,6.918753463161007e-05,0.02165884489760615,all_objects,548,548,0,0,0,0.01604507401723475,0.028333063771600917,1.1347805753759444e-06,0.12558738323131344,7.121063350212759e-06,0.0002728134251561131,0.08663271700625884,all_objects,548,548,0,0,0,0.0047426088585024,0.006122924355165943,0.00012848926436380995,0.029796697853690164,0.00019089247252929912,0.0010478194031377421,0.01766286572043852,all_objects,548,548,0,0,0,0.018735501338187337,0.02447031847144332,0.000337524251227162,0.11862711525745151,0.0006510485135970905,0.0038977113964866043,0.0704288758506718,all_objects,548,548,0,0,0,0.3650691107970836,0.5931766856483582,6.447224882322189e-05,1.999786621100725,0.0003554583190108929,0.0096040141552578,1.7788247130922554,all_objects,548,548,0,0,0,0.7540106912239956,0.13150369985947002,0.09442871001121368,0.9640033943335576,0.5163936225408122,0.7786117926973763,0.9179729670398653,all_objects
llvip,val,n_iou_lt_070,10,-2,0,2,2.0,199,109,5,197,0.9899497487437185,59,61,58,0.9508196721311475,1,154,0.7738693467336684,162,0.8140703517587939,180,199,0.9045226130653267,0.9045226130653267,199,199,0,0,0,0.692644494822459,0.16045286435119102,0.09269231977175821,0.9553269300029904,0.4133590966611276,0.7088227514226694,0.899216599374277,all_objects,199,199,0,0,0,0.692644494822459,0.16045286435119102,0.09269231977175821,0.9553269300029904,0.4133590966611276,0.7088227514226694,0.899216599374277,all_objects,199,199,0,0,0,0.13125650245512815,0.16789742342815314,-0.4638613609350374,0.5689302322077677,-0.11057757752167069,0.1366369172907983,0.4047996468916235,all_objects,199,199,0,0,0,1.7359173322976793,0.7979102861211226,0.7802346682423353,5.001997555456926,0.8758429577319732,1.5544592925965315,3.357660916473895,all_objects,199,199,0,0,0,1.1783585784461463,0.715806985031832,0.391489633124197,5.777873896654757,0.5594561933567168,0.962649759036213,2.7458217967637357,all_objects,199,199,0,0,0,-0.5575587538515333,0.8606465166520819,-3.8518361142491226,2.514377347364457,-2.1151558629560334,-0.4931724474184285,0.5084590693472936,all_objects,199,199,0,0,0,1.3745649009445637,1.3301217011666704,0.08117839410783667,9.208407986158463,0.19423746933044064,0.9907298384402841,3.9547665751648884,all_objects,199,199,0,0,0,0.5699433324282344,0.33654715135717905,-0.48308427678741145,0.952771607216487,-0.15052379364235396,0.6768084346612808,0.9255317930290362,all_objects,199,199,0,0,0,0.06315346573122084,0.054840801514190886,-0.036633626719214926,0.2722801050956372,-0.007771477757857505,0.05391236917174042,0.1704705459987187,all_objects,199,199,0,0,0,0.29687263486017884,0.12326616552945716,0.08453974840098043,0.665341586751858,0.12329459709904989,0.28716463635889233,0.5082676899806476,all_objects,199,199,0,0,0,0.31668331667712996,0.06760143215060646,0.14747383833816738,0.5018531537460809,0.20423323313350353,0.3193137834123681,0.42770397153223966,all_objects,199,199,0,0,0,0.946514762070588,0.35164257527010434,0.26465876683377804,1.8855714111238657,0.3812750808664095,0.9379650146224102,1.4830493508964642,all_objects,199,199,0,0,0,0.003937252707956076,0.007100550884809896,8.605133432332094e-07,0.028035114303377767,2.8582089581633292e-06,6.82916389173346e-05,0.021217978147836002,all_objects,199,199,0,0,0,0.015747020576314396,0.02840168343194773,3.067732068656991e-06,0.11213969627936395,1.0788296310738479e-05,0.00027249807569750646,0.08487093561923927,all_objects,199,199,0,0,0,0.004622341230275309,0.006117022047551448,0.00013297160275056063,0.027837692163209565,0.0002386506871224834,0.0010247587584049085,0.01730996877335164,all_objects,199,199,0,0,0,0.01822140242654055,0.024433150173371564,0.00039005897721936894,0.11092457535982882,0.0008118842487644558,0.003846906299507976,0.06892261553005187,all_objects,199,199,0,0,0,0.3536730286600949,0.5961369098389635,0.00017992437236102887,1.9814197029484149,0.0005099677268560754,0.009601035198954833,1.7486668977188429,all_objects,199,199,0,0,0,0.6957253317415563,0.15901968003606895,0.09442871001121368,0.9552654861916414,0.4132338281586618,0.7155216257562628,0.9071992839631886,all_objects
llvip,val,quality_gate070,10,-2,0,2,2.0,61,49,5,61,1.0,58,61,58,0.9508196721311475,0,60,0.9836065573770492,60,0.9836065573770492,61,61,1.0,1.0,61,61,0,0,0,0.7908794419921666,0.09255389893830547,0.5421829136358415,0.9553269300029904,0.6112346067020553,0.7983153138936616,0.919274520666885,all_objects,61,61,0,0,0,0.7908794419921666,0.09255389893830547,0.5421829136358415,0.9553269300029904,0.6112346067020553,0.7983153138936616,0.919274520666885,all_objects,61,61,0,0,0,0.24322799325093464,0.1259741529381188,-0.007035430277031018,0.5689302322077677,0.06340616081623496,0.20974464210059118,0.4668739323278581,all_objects,61,61,0,0,0,1.738786075620742,0.8104125587372356,0.7802346682423353,5.001997555456926,0.8676732916761339,1.5549755958521454,3.138343399318902,all_objects,61,61,0,0,0,0.8054067926092126,0.2914618153692315,0.411233491410414,1.9660426291043576,0.535439228771309,0.7069397479148516,1.2701934965843198,all_objects,61,61,0,0,0,-0.9333792830115294,0.7548945039883824,-3.8518361142491226,0.03744577588094189,-2.184036951115871,-0.6941862983775908,-0.21522568752748594,all_objects,61,61,0,0,0,1.6973560837394601,1.2323501221368949,0.33576505732576584,6.224154177771208,0.4464005218451068,1.2375393561185586,3.945609288909357,all_objects,61,61,0,0,0,0.7828074050225456,0.15644398437594456,0.29269337475415225,0.951547452851343,0.49116069348686425,0.8384313411089347,0.9393013331674365,all_objects,61,61,0,0,0,0.09384556748021895,0.053774988686026974,0.016178256554275332,0.2722801050956372,0.02856952905172648,0.07988038867365183,0.19009264516864077,all_objects,61,61,0,0,0,0.3545122876330933,0.10559928035706873,0.1622585925990623,0.6557998658498324,0.2081176983887014,0.33650851091084893,0.547094941849698,all_objects,61,61,0,0,0,0.3148805214932809,0.06928139479603594,0.1705275573051086,0.5018531537460809,0.20442780651278783,0.31562101135508197,0.41631816797676113,all_objects,61,61,0,0,0,1.1359012586730597,0.2603892814854512,0.6458114866109991,1.7030869401115043,0.7035381376095945,1.1513470197068365,1.4672759061363232,all_objects,61,61,0,0,0,0.0036498542909879526,0.0063307546490789166,1.3711453086787981e-06,0.02358228427893322,3.161638119010134e-06,3.7405375458448496e-05,0.019376367340319143,all_objects,61,61,0,0,0,0.014598817147311547,0.025322939020108133,4.605295525565303e-06,0.09432891769411934,1.2079905378058382e-05,0.00014939287963672005,0.07750295634283434,all_objects,61,61,0,0,0,0.004425997113438944,0.0057866917535565,0.00016710531196336846,0.019382772382683718,0.0002462646478009035,0.0008021700081161444,0.016679261888434254,all_objects,61,61,0,0,0,0.017536284471286086,0.023138977441180115,0.0004588407667261237,0.07741865325861615,0.0008214650632547095,0.002938389784559844,0.06636718030639784,all_objects,61,61,0,0,0,0.35063764962163424,0.5704958808923278,0.00033768078708362737,1.8679799257096192,0.0006519469471868433,0.006060562710672457,1.6915003343860917,all_objects,61,61,0,0,0,0.7938492173741512,0.09038455928652918,0.5678585707865442,0.9552654861916414,0.617625966570609,0.801997687240977,0.9191874814956361,all_objects
llvip,train,base,11,0,2,2,2.0,2728,1024,14,2728,1.0,21,23,21,0.9130434782608695,0,1017,0.37280058651026393,901,0.33027859237536655,2068,2728,0.7580645161290323,0.7580645161290323,2728,2728,0,0,0,0.8686623560997617,0.07708908148417452,0.14492098494357775,0.9786447635718847,0.7220315062987571,0.8862282364531455,0.9526606167658437,all_objects,2728,2728,0,0,0,0.8686623560997617,0.07708908148417452,0.14492098494357775,0.9786447635718847,0.7220315062987571,0.8862282364531455,0.9526606167658437,all_objects,2728,2728,0,0,0,-0.015155052367836033,0.07426685293727109,-0.5275345388608136,0.6274555679180605,-0.12428645014276335,-0.017683128231988365,0.09801405307733549,all_objects,2728,2728,0,0,0,0.680910342085046,0.2595697124979214,0.2307109253492022,5.040649458002111,0.4518092784470714,0.6328195135142862,1.0887949282180818,all_objects,2728,2728,0,0,0,0.695234088748143,0.2373647691331737,0.28031899459742704,6.581391201102158,0.47599892243042774,0.6542703508189558,1.0576596192196004,all_objects,2728,2728,0,0,0,0.01432374666309701,0.19890142201273878,-3.980741291440661,1.7656851170309862,-0.18373952204244326,0.025626651976018877,0.19518983282555538,all_objects,2728,2728,0,0,0,0.24770365087817095,0.29007429951127217,0.024869627977216008,6.012862949039045,0.06349248231236981,0.17479574727959069,0.6474835720460678,all_objects,2728,2728,0,0,0,0.28492543984564883,0.38289036812156274,-0.87292232078016,0.9558369600641838,-0.4033682064788522,0.3313424122912092,0.8245971093093913,all_objects,2728,2728,0,0,0,0.006440879383386413,0.014438155764522875,-0.04678971355045151,0.2570889157970516,-0.004106460019499961,0.0029241437329475366,0.027530623599042917,all_objects,2728,2728,0,0,0,0.12426875433727462,0.05645630542575667,0.033490394399918307,0.6167308579927714,0.059768439419746994,0.11277643572842638,0.22658531588175104,all_objects,2728,2728,0,0,0,0.11792015104802878,0.06826041970271496,0.008174690143492648,0.4789180932973905,0.0373807395573382,0.10251135930739493,0.25759444845412016,all_objects,2728,2728,0,0,0,1.3233853975769436,0.8792475865768258,0.1641229846324639,14.319236757372199,0.4699890108372747,1.1477778427909673,2.7523188293458705,all_objects,2728,2728,0,0,0,0.0004195858898491902,0.0022671143868806145,4.081587334521621e-09,0.026438258409133896,7.741407477377027e-08,1.5737347716562323e-06,0.0007173076557379295,all_objects,2728,2728,0,0,0,0.0016758221882319955,0.009067618017173085,1.1030302822478286e-08,0.10574114879437302,2.274875647050252e-07,5.495661030042092e-06,0.002866809372430608,all_objects,2728,2728,0,0,0,0.0007669209167126984,0.002282511239873557,1.1194349036220102e-05,0.02038613917532955,4.523904579696738e-05,0.00018185669052348663,0.0029356579338007662,all_objects,2728,2728,0,0,0,0.0028455730144899545,0.009091312765822741,2.6540239584589486e-05,0.0809329594745996,0.00011422010935900026,0.0005427442737492938,0.010950223799446948,all_objects,2728,2728,0,0,0,0.04278574389290793,0.21292398262177378,2.10689927371277e-06,1.9547314879654891,2.4332362427514907e-05,0.00041430559545574397,0.0975384988625823,all_objects,2728,2728,0,0,0,0.8689391160062234,0.07702929138304523,0.14494449943241752,0.9786473308971896,0.7223520034072859,0.8866518178230836,0.9527251415559775,all_objects
llvip,train,n_iou_lt_070,11,0,2,2,2.0,82,73,13,82,1.0,21,23,21,0.9130434782608695,0,70,0.8536585365853658,67,0.8170731707317073,73,82,0.8902439024390244,0.8902439024390244,82,82,0,0,0,0.7190689367845267,0.1372246106438596,0.14492098494357775,0.9369423635692017,0.5031645190587186,0.7393897564868301,0.9100192330271935,all_objects,82,82,0,0,0,0.7190689367845267,0.1372246106438596,0.14492098494357775,0.9369423635692017,0.5031645190587186,0.7393897564868301,0.9100192330271935,all_objects,82,82,0,0,0,0.12379270969814495,0.14355580097857606,-0.1908227799122693,0.6274555679180605,-0.07022258987407226,0.09929633842362645,0.3363524406366947,all_objects,82,82,0,0,0,1.5334687448175544,0.7647688205918972,0.7929635698187757,5.040649458002111,0.8679013923987137,1.3427683739816638,2.983705990080583,all_objects,82,82,0,0,0,1.1048755956145766,0.7531847606260822,0.44953410198547833,6.581391201102158,0.5857386110555327,0.8832375929460896,1.989062147692099,all_objects,82,82,0,0,0,-0.4285931492029779,0.7391757736513014,-3.980741291440661,1.540741743100047,-1.229250159805703,-0.3586922085376925,0.4559203984354096,all_objects,82,82,0,0,0,0.8283106189925641,0.9664585866529877,0.08459011597214965,6.012862949039045,0.10981000609359112,0.5426736574309663,2.3314027828324475,all_objects,82,82,0,0,0,0.5485288439345748,0.34674732627841715,-0.5547374462977462,0.9503995840471389,-0.20163350688739579,0.6539512753470398,0.9119710943526568,all_objects,82,82,0,0,0,0.04721647348346812,0.04973401122897361,-0.022458388225004254,0.2570889157970516,-0.008102740714277015,0.03449790317186815,0.12727918979266434,all_objects,82,82,0,0,0,0.23073217766386356,0.1088918419201261,0.07028006295899182,0.6167308579927714,0.09487553686398863,0.2148591874493841,0.41230741644601016,all_objects,82,82,0,0,0,0.2950183611650579,0.06983477943464111,0.16377375305143124,0.4789180932973905,0.18642605757071218,0.2860288092526103,0.42894910378168877,all_objects,82,82,0,0,0,0.7880446676889598,0.3162432928547989,0.2533842241573783,1.5255406649392314,0.37003011165417815,0.7460145653437775,1.3602665713918063,all_objects,82,82,0,0,0,0.000710870859756,0.002619858451845134,1.5776654069425005e-07,0.01821606780608529,5.325791661513553e-07,7.97828418401477e-06,0.004767576283431543,all_objects,82,82,0,0,0,0.002832905662809445,0.010473787691372102,6.005319809487879e-07,0.07286399623947802,1.700915347900922e-06,3.10535879614607e-05,0.018756735150663402,all_objects,82,82,0,0,0,0.0013708247359263935,0.00272019579232138,5.8950904729638385e-05,0.016298179515172106,0.00010935343508400835,0.00041172496693908417,0.006865266750484866,all_objects,82,82,0,0,0,0.005049936310069029,0.01082133532875924,0.00019337682758643912,0.06505564692453256,0.00030144910301263463,0.0011707540489393287,0.026813734670306247,all_objects,82,82,0,0,0,0.08006326549829033,0.25773477088057417,6.525617112629334e-05,1.6261687694495208,0.00017947529222936965,0.0016902202876849515,0.5858921583144313,all_objects,82,82,0,0,0,0.7198105464655816,0.13751409090527544,0.14494449943241752,0.9369441804522621,0.5031666509697316,0.739946944370172,0.910143207788382,all_objects
llvip,train,quality_gate070,11,0,2,2,2.0,23,22,10,23,1.0,21,23,21,0.9130434782608695,0,23,1.0,22,0.9565217391304348,23,23,1.0,1.0,23,23,0,0,0,0.7905996047910611,0.08749465064837338,0.6087185498727453,0.9227191379987814,0.6249652840764852,0.771394452765902,0.9216998509823174,all_objects,23,23,0,0,0,0.7905996047910611,0.08749465064837338,0.6087185498727453,0.9227191379987814,0.6249652840764852,0.771394452765902,0.9216998509823174,all_objects,23,23,0,0,0,0.2087606640354162,0.14816588076950257,0.03777536661369696,0.6274555679180605,0.044077365381747224,0.17871308984814593,0.5132057512617195,all_objects,23,23,0,0,0,1.5602295811012972,0.8675419100842646,0.8444079983662671,4.737907360616081,0.875755745307193,1.3016217418434377,3.364608434650706,all_objects,23,23,0,0,0,0.812903586792158,0.2157729420067491,0.5460911345995574,1.6427964424033528,0.5812289570245757,0.7571660691754201,1.074922073343154,all_objects,23,23,0,0,0,-0.7473259943091393,0.8991642183769772,-3.980741291440661,0.024886829694321655,-2.6409330459105527,-0.5551752161682305,-0.0387273459585944,all_objects,23,23,0,0,0,1.258316616950939,1.5084362223882675,0.08459011597214965,6.012862949039045,0.2257305874683856,0.6907300355908574,5.127269462192816,all_objects,23,23,0,0,0,0.7593941330187757,0.16443785421602042,0.41049291638771324,0.9503995840471389,0.4475327142514178,0.8185487256084726,0.9433470578948373,all_objects,23,23,0,0,0,0.07381895757638945,0.06230489822293529,0.013529111033775455,0.2570889157970516,0.015757200175577368,0.050590519381381566,0.22724303861749579,all_objects,23,23,0,0,0,0.28763365144272135,0.13148834874443505,0.08697059018624756,0.6167308579927714,0.1445605118853971,0.2701140055314528,0.5893523921794962,all_objects,23,23,0,0,0,0.2922976272256671,0.07049322033650486,0.16377375305143124,0.4532843179158149,0.19155322538519948,0.2780635786057447,0.4231893324850266,all_objects,23,23,0,0,0,0.9724074555137239,0.30688832832194535,0.4513949170270805,1.4190180065962208,0.4631787281913806,1.0131732844358,1.361689626101537,all_objects,23,23,0,0,0,0.00025430332338955916,0.0010562169504150316,1.5776654069425005e-07,0.005200680668191,5.18852862947809e-07,3.951967676118792e-06,0.00019085075616254965,all_objects,23,23,0,0,0,0.0010156975377140615,0.004224148291558294,6.005319809487879e-07,0.02079802038998815,1.4019233774276941e-06,1.5378324807416604e-05,0.0007587360252008875,all_objects,23,23,0,0,0,0.0007669112850068253,0.0015849808721789304,5.8950904729638385e-05,0.00787585094010716,0.00010892133996017757,0.0002530027285582086,0.0016684028805591198,all_objects,23,23,0,0,0,0.002844347291664552,0.006283442317005328,0.00019337682758643912,0.03108626509338223,0.00023777862733048133,0.0008571231404815675,0.006255466333053008,all_objects,23,23,0,0,0,0.030521261594450923,0.12157515804723405,6.525617112629334e-05,0.5994119313593842,0.0001526160742173488,0.0014060346444466632,0.027776493720904225,all_objects,23,23,0,0,0,0.7908650782351618,0.08742489481829488,0.6088267469949032,0.9227291678405265,0.6249720675987356,0.7713650124562668,0.9217120740661576,all_objects
llvip,val,base,11,0,2,2,2.0,548,196,5,548,1.0,62,61,60,0.9836065573770492,2,300,0.5474452554744526,320,0.583941605839416,440,548,0.8029197080291971,0.8029197080291971,548,548,0,0,0,0.7604805004537659,0.132086463090147,0.08103250419001533,0.9746188288372384,0.5113130751791859,0.7823561279438629,0.9262508682040488,all_objects,548,548,0,0,0,0.7604805004537659,0.132086463090147,0.08103250419001533,0.9746188288372384,0.5113130751791859,0.7823561279438629,0.9262508682040488,all_objects,548,548,0,0,0,0.033997674954341826,0.15295175702153105,-0.4755211765167802,0.5558439093604564,-0.1846312688263683,0.01862767104687632,0.3286583995935145,all_objects,548,548,0,0,0,1.1296532567372595,0.6875356714472393,0.3527060457076785,5.001997555456926,0.535784429351183,0.9031641937197016,2.495684714640167,all_objects,548,548,0,0,0,0.9686024056811212,0.5478176752101818,0.378827835953039,5.805975337861364,0.5318072857641074,0.7948344678197142,1.9842218884787532,all_objects,548,548,0,0,0,-0.16105085105613803,0.6703149892416842,-3.8349149592553315,3.098403225260449,-1.1933478703642495,-0.049181471903179064,0.6085735282575673,all_objects,548,548,0,0,0,0.8515323353245656,1.0296858129784245,0.03796270188465025,9.040583401357416,0.11423840483951864,0.5154455963452367,2.646611780555629,all_objects,548,548,0,0,0,0.402681687867545,0.39776315733094725,-0.7075866293185037,0.9611869851362879,-0.3321760232494357,0.5026273239134607,0.897989236573662,all_objects,548,548,0,0,0,0.03123386876407913,0.04462369339227316,-0.04211288338354467,0.27490487105401135,-0.008554737741696206,0.015696937830302043,0.1165326535034375,all_objects,548,548,0,0,0,0.23230637981120061,0.11077392398335585,0.055182406070441836,0.6646994724489691,0.09334370156101773,0.21011232656935225,0.4494294184196503,all_objects,548,548,0,0,0,0.22094331233387587,0.09853059840946579,0.03175749632088304,0.5018531537460809,0.08393298169206632,0.21053633216692952,0.3973736483626606,all_objects,548,548,0,0,0,1.185745017032575,0.6072037170686397,0.20177653659584088,5.99665827666183,0.45120968204707523,1.1091180347020415,2.2098693101809075,all_objects,548,548,0,0,0,0.0006126341800705169,0.0030009256137349316,2.8911535598270582e-08,0.023992977519261844,1.2466451590945975e-07,1.9064770202859276e-06,0.0016974117896049945,all_objects,548,548,0,0,0,0.00244754446482703,0.012003163180464967,7.944958020976239e-08,0.09595982805293099,3.200239879376848e-07,6.4299455754920794e-06,0.006786725849824872,all_objects,548,548,0,0,0,0.0009499163763435556,0.002702268706175907,2.897333190668737e-05,0.018863175205258556,5.7640944012874026e-05,0.00020772098380241396,0.004492476404564868,all_objects,548,548,0,0,0,0.003547138881416623,0.010775043409270355,7.035453769790229e-05,0.07524567031051078,0.00013563984883344156,0.0006176481219075138,0.017083177162260505,all_objects,548,548,0,0,0,0.060254331879369544,0.2688454492229156,7.753607803806517e-06,1.9003453228717149,4.170367496243444e-05,0.0004887232008741194,0.2151767999819865,all_objects,548,548,0,0,0,0.7607021805075209,0.1321009446503356,0.08846903154067264,0.9746186978406497,0.5099432158986947,0.7830361285574894,0.9278158327407561,all_objects
llvip,val,n_iou_lt_070,11,0,2,2,2.0,199,109,5,199,1.0,62,61,60,0.9836065573770492,2,153,0.7688442211055276,160,0.8040201005025126,178,199,0.8944723618090452,0.8944723618090452,199,199,0,0,0,0.6996160531775317,0.15960359947807526,0.08103250419001533,0.9445827732396471,0.4273598637487151,0.7205271510159679,0.9085542112098028,all_objects,199,199,0,0,0,0.6996160531775317,0.15960359947807526,0.08103250419001533,0.9445827732396471,0.4273598637487151,0.7205271510159679,0.9085542112098028,all_objects,199,199,0,0,0,0.13822806081020084,0.1716039857603708,-0.4755211765167802,0.5558439093604564,-0.10491846518676996,0.13156090603514026,0.39572343699466267,all_objects,199,199,0,0,0,1.7359173322976793,0.7979102861211226,0.7802346682423353,5.001997555456926,0.8758429577319732,1.5544592925965315,3.357660916473895,all_objects,199,199,0,0,0,1.1792656883107404,0.7176429496118221,0.378827835953039,5.805975337861364,0.5712903621319199,0.973746225584063,2.719208834287764,all_objects,199,199,0,0,0,-0.5566516439869391,0.879798809608867,-3.8349149592553315,2.612055407328609,-2.203054842431426,-0.5101958225976572,0.6366083743457933,all_objects,199,199,0,0,0,1.4217837779002138,1.363820766112728,0.09213612837641628,9.040583401357416,0.20774275348943966,1.023194566017635,4.151124481927578,all_objects,199,199,0,0,0,0.5604847920206978,0.34603579006817714,-0.5161975705681607,0.9446467998003232,-0.15404373179243788,0.6760631678616619,0.9121346014737519,all_objects,199,199,0,0,0,0.06412255892152308,0.05656190082126102,-0.04211288338354467,0.27490487105401135,-0.00735287979867875,0.05703362046026023,0.16906396608519322,all_objects,199,199,0,0,0,0.30140535038514915,0.1262634464648874,0.0778172124297531,0.6646994724489691,0.13370397923162416,0.29577554337295314,0.5050183542274679,all_objects,199,199,0,0,0,0.31668331667712996,0.06760143215060646,0.14747383833816738,0.5018531537460809,0.20423323313350353,0.3193137834123681,0.42770397153223966,all_objects,199,199,0,0,0,0.9593299080811671,0.35635016921019036,0.247060374182118,1.9655472902740774,0.42381689414230606,0.959232353643512,1.5040757323990233,all_objects,199,199,0,0,0,0.0006544571020715279,0.003043920857794814,2.8911535598270582e-08,0.023992977519261844,1.9144095748336007e-07,3.8411203768855625e-06,0.0017846688695860877,all_objects,199,199,0,0,0,0.0026125404667491684,0.01217445040359915,7.944958020976239e-08,0.09595982805293099,4.962815778550839e-07,1.1283297585250694e-05,0.007137983397747022,all_objects,199,199,0,0,0,0.0010550161348572653,0.0026538396667591625,2.897333190668737e-05,0.017958016920109607,7.041259516924772e-05,0.00029054540965468075,0.004658874887654118,all_objects,199,199,0,0,0,0.0038930421069644848,0.010562059939141112,7.035453769790229e-05,0.0712006553249428,0.0001659750609992404,0.0008178752049047721,0.018255665609281383,all_objects,199,199,0,0,0,0.06762116093038607,0.27621718941088447,7.753607803806517e-06,1.9003453228717149,6.356517720291776e-05,0.0008829038709450288,0.2832343056776115,all_objects,199,199,0,0,0,0.6996992942967939,0.15948123494994315,0.08846903154067264,0.9445858634416723,0.4271338177349578,0.7205375021451595,0.9085553836509556,all_objects
llvip,val,quality_gate070,11,0,2,2,2.0,61,49,5,61,1.0,60,61,60,0.9836065573770492,0,61,1.0,61,1.0,61,61,1.0,1.0,61,61,0,0,0,0.801974793341833,0.08754243095585476,0.5867815536081316,0.9445827732396471,0.6489316679141324,0.8036951079774388,0.9255631320241182,all_objects,61,61,0,0,0,0.801974793341833,0.08754243095585476,0.5867815536081316,0.9445827732396471,0.6489316679141324,0.8036951079774388,0.9255631320241182,all_objects,61,61,0,0,0,0.25432334460060096,0.11748032996491051,0.03756320969525906,0.5356792404361355,0.1034967591895033,0.234215796258616,0.4723713522207913,all_objects,61,61,0,0,0,1.738786075620742,0.8104125587372356,0.7802346682423353,5.001997555456926,0.8676732916761339,1.5549755958521454,3.138343399318902,all_objects,61,61,0,0,0,0.7837262080783388,0.22741151582009436,0.42317383870077685,1.8022412767733005,0.5718363176385998,0.721620190365412,1.1670825962015945,all_objects,61,61,0,0,0,-0.9550598675424034,0.7576174950734709,-3.8349149592553315,-0.08140166436719098,-2.271572772087651,-0.7022930530999267,-0.20478524257954456,all_objects,61,61,0,0,0,1.7864915416691391,1.2854264534990019,0.21855933382987514,6.479075595404468,0.3731434070633832,1.3421126452078758,4.159875586220723,all_objects,61,61,0,0,0,0.7856855487201927,0.14049108036167596,0.30627598206719353,0.9446467998003232,0.5310233577264996,0.8362790721042904,0.9259209336334818,all_objects,61,61,0,0,0,0.0961585348129526,0.054448024535809054,0.012568409306336882,0.27490487105401135,0.025759398629270337,0.08281649465662563,0.20173705209409074,all_objects,61,61,0,0,0,0.36151504776084387,0.1109430393121939,0.14481473287782265,0.6646994724489691,0.17576545531028978,0.3488437847102629,0.5772274516344414,all_objects,61,61,0,0,0,0.3148805214932809,0.06928139479603594,0.1705275573051086,0.5018531537460809,0.20442780651278783,0.31562101135508197,0.41631816797676113,all_objects,61,61,0,0,0,1.1563825075298024,0.2728026501199243,0.5343078051923743,1.656057646939982,0.6894835223997622,1.1991566180287578,1.501831417550859,all_objects,61,61,0,0,0,4.3458539613155953e-05,0.0002371634940581957,2.8911535598270582e-08,0.001863211878087967,1.4761245930493052e-07,1.1879650653071277e-06,7.64959471437718e-05,all_objects,61,61,0,0,0,0.00017287961523787277,0.0009485375880934172,7.944958020976239e-08,0.007451072825092062,4.070946543444597e-07,3.1908121100682794e-06,0.000305682481506678,all_objects,61,61,0,0,0,0.0003816916105700656,0.0007110566786478349,2.897333190668737e-05,0.005299958924696531,6.0187534963408246e-05,0.0001634775192512816,0.0010976112572619523,all_objects,61,61,0,0,0,0.0013375201078455329,0.0028197627927557347,7.035453769790229e-05,0.02090215498142758,0.00014411535408698488,0.0004352274267963089,0.0042573708609460175,all_objects,61,61,0,0,0,0.005822868068995175,0.028437757932386103,7.753607803806517e-06,0.22231085904940073,5.1429667905722454e-05,0.00043312117730920363,0.010128401567726542,all_objects,61,61,0,0,0,0.802009623457377,0.08758845681459781,0.5867923981275172,0.9445858634416723,0.6489321984828668,0.803694966391806,0.925564581695083,all_objects
llvip,train,base,12,0,-2,2,2.0,2728,1024,14,2728,1.0,23,23,22,0.9565217391304348,1,1062,0.38929618768328444,919,0.33687683284457476,2090,2728,0.7661290322580645,0.7661290322580645,2728,2728,0,0,0,0.8700824424370506,0.07757435399204528,0.15988869463369598,0.9846792068002543,0.7238139152263567,0.8873235647883323,0.9557364293344774,all_objects,2728,2728,0,0,0,0.8700824424370506,0.07757435399204528,0.15988869463369598,0.9846792068002543,0.7238139152263567,0.8873235647883323,0.9557364293344774,all_objects,2728,2728,0,0,0,-0.013734966030547005,0.07466549806850889,-0.5475272240285918,0.6245425769644988,-0.12300593362134968,-0.015223741610487007,0.09824841359101075,all_objects,2728,2728,0,0,0,0.680910342085046,0.2595697124979214,0.2307109253492022,5.040649458002111,0.4518092784470714,0.6328195135142862,1.0887949282180818,all_objects,2728,2728,0,0,0,0.6915408872072886,0.2287496875306636,0.2650076937146669,6.399409585887151,0.4759825704575636,0.6536610463670012,1.0152642048376403,all_objects,2728,2728,0,0,0,0.01063054512224261,0.19503615160492213,-3.851492147564168,1.7523464300858451,-0.18437701374443635,0.023806053857578113,0.1977173290321807,all_objects,2728,2728,0,0,0,0.232100871832229,0.2816123133866491,0.017681248312104745,6.341301224916035,0.053843639722964104,0.16052740592867376,0.6136876559817496,all_objects,2728,2728,0,0,0,0.2934830576125122,0.3809758752899298,-0.8483588493089959,0.957098623673229,-0.40729127629892015,0.34124450626769975,0.8269058043922489,all_objects,2728,2728,0,0,0,0.006458511941998159,0.014337971277730273,-0.03530030002322606,0.26150046821328315,-0.004419102121623123,0.0028970604156405566,0.02789323821706418,all_objects,2728,2728,0,0,0,0.12209038534892434,0.056065869422385714,0.030321002773987395,0.6338444908460339,0.057788381694336546,0.11002425845642998,0.22077685021892024,all_objects,2728,2728,0,0,0,0.11792015104802878,0.06826041970271496,0.008174690143492648,0.4789180932973905,0.0373807395573382,0.10251135930739493,0.25759444845412016,all_objects,2728,2728,0,0,0,1.2968468712017072,0.8714587023711089,0.19159228171768297,13.474549066663231,0.46536273721658916,1.1151106619202333,2.6418260790489776,all_objects,2728,2728,0,0,0,0.0007329912858539564,0.0030965492647517506,5.92589419264333e-09,0.03338193077530883,1.1856793511630863e-07,2.2263315001174594e-06,0.004874765897391068,all_objects,2728,2728,0,0,0,0.002930339881853406,0.012385923418962637,1.6914541514494955e-08,0.13350444971066408,3.26195824572536e-07,7.70271185268961e-06,0.019497900311669904,all_objects,2728,2728,0,0,0,0.0011453834996133542,0.003072317394763335,1.311890765528262e-05,0.030286234946974643,5.5169299845490254e-05,0.00021127837611117797,0.007973064715046616,all_objects,2728,2728,0,0,0,0.004367119347121698,0.01227074352857168,3.246916823859564e-05,0.12007235767025365,0.00013772782720566202,0.0006162887999777194,0.03142862664904212,all_objects,2728,2728,0,0,0,0.07168779278836424,0.2748251158686102,3.6823905702476623e-06,1.9233916372216981,3.80850589124293e-05,0.0005528786070527758,0.5450160449302748,all_objects,2728,2728,0,0,0,0.8704694772250877,0.07749874724356455,0.15988600625186558,0.9846832311094128,0.7238478942767391,0.8875400879496027,0.9558699288038071,all_objects
llvip,train,n_iou_lt_070,12,0,-2,2,2.0,82,73,13,82,1.0,23,23,22,0.9565217391304348,1,67,0.8170731707317073,64,0.7804878048780488,72,82,0.8780487804878049,0.8780487804878049,82,82,0,0,0,0.7237937173052574,0.14012088340018128,0.15988869463369598,0.9454738936064713,0.5005444625770015,0.7457202915625913,0.888103342719657,all_objects,82,82,0,0,0,0.7237937173052574,0.14012088340018128,0.15988869463369598,0.9454738936064713,0.5005444625770015,0.7457202915625913,0.888103342719657,all_objects,82,82,0,0,0,0.12851749021887576,0.14670632927089064,-0.1908227799122693,0.6245425769644988,-0.07091850540851755,0.11487312133335298,0.3536048806674142,all_objects,82,82,0,0,0,1.5334687448175544,0.7647688205918972,0.7929635698187757,5.040649458002111,0.8679013923987137,1.3427683739816638,2.983705990080583,all_objects,82,82,0,0,0,1.0991161237258902,0.7259865748895589,0.46375561599977955,6.399409585887151,0.5764937520434716,0.8952435347580704,1.691340447596223,all_objects,82,82,0,0,0,-0.43435262109166434,0.7210507308044305,-3.851492147564168,1.3587601278850396,-1.230872223593965,-0.3248071958623545,0.3906992066077354,all_objects,82,82,0,0,0,0.8041743769939934,0.9529170687548186,0.052104995656011954,6.341301224916035,0.08452448669903741,0.5468793090773956,2.0694641728077685,all_objects,82,82,0,0,0,0.5472747378494448,0.3478503616308097,-0.46950825542557934,0.9496776045832439,-0.19087797663265535,0.65997760037829,0.9104926889060727,all_objects,82,82,0,0,0,0.047017926849825274,0.049555945694048004,-0.026538249801141726,0.26150046821328315,-0.007052160247331547,0.033345780467844796,0.1257893690143199,all_objects,82,82,0,0,0,0.22830410933077586,0.10911465337670186,0.05678884332474929,0.6338444908460339,0.08835563413223586,0.21170504720385025,0.4011687153015445,all_objects,82,82,0,0,0,0.2950183611650579,0.06983477943464111,0.16377375305143124,0.4789180932973905,0.18642605757071218,0.2860288092526103,0.42894910378168877,all_objects,82,82,0,0,0,0.7763848709213724,0.3145068251849324,0.2026834637234524,1.5780858948825933,0.3320891276290149,0.7126203836929264,1.3535095149202314,all_objects,82,82,0,0,0,0.0018809451653286683,0.005387322713204257,8.103084279916583e-08,0.02861711332494431,2.2429410740914608e-07,8.71772325830046e-06,0.015636241668511,all_objects,82,82,0,0,0,0.00751661220016725,0.021549250742809636,1.8919594658534716e-07,0.11446579385420755,4.875236083174155e-07,2.5792276349090695e-05,0.06254290589479537,all_objects,82,82,0,0,0,0.0022908834772170806,0.005053209239167071,4.754828461493592e-05,0.028714146832811645,8.013853650126572e-05,0.0004136418132505568,0.01426439231140767,all_objects,82,82,0,0,0,0.008780422434831084,0.02020742060761055,0.00010173768631095274,0.11437916003708991,0.00017064181214278455,0.0011278706012431902,0.05688044103672943,all_objects,82,82,0,0,0,0.1665890198107262,0.4261094528549944,2.9372704773322766e-05,1.66343611230252,7.390866537804185e-05,0.0020369911548101527,1.3371660848403153,all_objects,82,82,0,0,0,0.7244152198095432,0.13966612411162974,0.15988600625186558,0.9589088127591797,0.5014675359691486,0.7457223913658091,0.8924393302435389,all_objects
llvip,train,quality_gate070,12,0,-2,2,2.0,23,22,10,23,1.0,22,23,22,0.9565217391304348,0,23,1.0,21,0.9130434782608695,23,23,1.0,1.0,23,23,0,0,0,0.8026039867116392,0.08119921488181202,0.6454095642003762,0.9454738936064713,0.6546870891696824,0.7848167742628116,0.9160095220600938,all_objects,23,23,0,0,0,0.8026039867116392,0.08119921488181202,0.6454095642003762,0.9454738936064713,0.6546870891696824,0.7848167742628116,0.9160095220600938,all_objects,23,23,0,0,0,0.22076504595599425,0.14174960820624508,0.04380120161194856,0.6245425769644988,0.06407400151441336,0.22377907928564988,0.5166219100451329,all_objects,23,23,0,0,0,1.5602295811012972,0.8675419100842646,0.8444079983662671,4.737907360616081,0.875755745307193,1.3016217418434377,3.364608434650706,all_objects,23,23,0,0,0,0.7968416666709797,0.18238719938424916,0.523268091222557,1.248604511365681,0.5537851175856646,0.7639655504478811,1.2036432538217527,all_objects,23,23,0,0,0,-0.7633879144303178,0.8649460892612182,-3.851492147564168,0.062428048962341665,-2.6062194645260024,-0.5782012539743282,0.0011461107424503465,all_objects,23,23,0,0,0,1.235105428855837,1.4976330730639535,0.17587101341077804,6.341301224916035,0.20222304409768205,0.7095094916811148,4.708623587624782,all_objects,23,23,0,0,0,0.7744790567631256,0.1601521918731012,0.33975917399131994,0.9496776045832439,0.4651134693563308,0.8109561684542616,0.9424995172139047,all_objects,23,23,0,0,0,0.0743821979270377,0.06073409548713059,0.013793876291464356,0.26150046821328315,0.01451566817957921,0.05916616504774244,0.21708810699610756,all_objects,23,23,0,0,0,0.28698015200809956,0.12856641847529998,0.11987964453058686,0.6338444908460339,0.1352863588240942,0.2663541602281022,0.5635310271074127,all_objects,23,23,0,0,0,0.2922976272256671,0.07049322033650486,0.16377375305143124,0.4532843179158149,0.19155322538519948,0.2780635786057447,0.4231893324850266,all_objects,23,23,0,0,0,0.974659780538448,0.303329019648528,0.47744204857575234,1.452639823532745,0.530147675317584,1.0433625263510309,1.3940351900126868,all_objects,23,23,0,0,0,0.0015509288791108638,0.004098811732049373,8.103084279916583e-08,0.015758010201450588,3.5854635258186165e-07,4.037440656469603e-06,0.010717411621006099,all_objects,23,23,0,0,0,0.006202371851024193,0.016395151945879167,1.9680750711066354e-07,0.06302995014095959,8.608288327628138e-07,1.3390566139168202e-05,0.04286858071981579,all_objects,23,23,0,0,0,0.0019328590129361904,0.004155162166355313,4.754828461493592e-05,0.014940569346370124,9.442546212240335e-05,0.0002654944769276382,0.012184006504149204,all_objects,23,23,0,0,0,0.0074976607918934,0.016604029707347128,0.00010437735860851454,0.059444254984332236,0.0002117330827562458,0.0007039236350156213,0.04850036408105225,all_objects,23,23,0,0,0,0.15656782341483408,0.40367896330822844,2.9372704773322766e-05,1.477606403947675,0.00016512041599696657,0.0008421561627187657,1.1017789003811995,all_objects,23,23,0,0,0,0.8032214227602463,0.08268526106018112,0.6454048449308091,0.9589088127591797,0.654684515413667,0.7848246248333837,0.9160196486630743,all_objects
llvip,val,base,12,0,-2,2,2.0,548,196,5,548,1.0,61,61,61,1.0,0,300,0.5474452554744526,312,0.5693430656934306,434,548,0.791970802919708,0.791970802919708,548,548,0,0,0,0.7613236384461557,0.13073278971337268,0.10460639899955922,0.9706030380719323,0.5155837112955609,0.7854626318934633,0.9216655957643628,all_objects,548,548,0,0,0,0.7613236384461557,0.13073278971337268,0.10460639899955922,0.9706030380719323,0.5155837112955609,0.7854626318934633,0.9216655957643628,all_objects,548,548,0,0,0,0.03484081294673171,0.15399226915376324,-0.4978635203869139,0.5833811473999758,-0.17830230170169215,0.013595182139973294,0.33429376201573147,all_objects,548,548,0,0,0,1.1296532567372595,0.6875356714472393,0.3527060457076785,5.001997555456926,0.535784429351183,0.9031641937197016,2.495684714640167,all_objects,548,548,0,0,0,0.9740434220450938,0.5437038345415673,0.3824489694880208,5.01756143380734,0.5367121638715731,0.7879716817482185,1.9310433454209914,all_objects,548,548,0,0,0,-0.1556098346921655,0.6777721932021673,-4.099689241955136,3.522375535326041,-1.2578675274984517,-0.04381076933870329,0.5659416729559108,all_objects,548,548,0,0,0,0.7778828998113262,0.9925302196645502,0.025442492257922014,8.747050431848669,0.09590097067584309,0.45344946100381817,2.4837954690561648,all_objects,548,548,0,0,0,0.39210279661721675,0.4048917744546135,-0.7425581798390746,0.9598859276948298,-0.3400575349172177,0.472902775856508,0.8983552031716305,all_objects,548,548,0,0,0,0.029762730845189267,0.04393007857273344,-0.039368099996468134,0.2769581939717897,-0.010106050727700157,0.013175223097561785,0.11575449922681327,all_objects,548,548,0,0,0,0.22276322818805416,0.10927946840518052,0.0370048705794421,0.6584743805835486,0.08939065928041584,0.19902261657381928,0.43543296194356296,all_objects,548,548,0,0,0,0.22094331233387587,0.09853059840946579,0.03175749632088304,0.5018531537460809,0.08393298169206632,0.21053633216692952,0.3973736483626606,all_objects,548,548,0,0,0,1.134801345959017,0.5765328775410434,0.18091287113021506,4.654380899896709,0.4271810225209487,1.0535065405351018,2.1722308939710304,all_objects,548,548,0,0,0,0.0007627718833215057,0.003110858630896314,3.200921488894916e-08,0.02587232336052061,2.2681125009285687e-07,3.657642786916875e-06,0.005085074712958503,all_objects,548,548,0,0,0,0.0030489607928792252,0.012442845853037916,7.600516381786728e-08,0.1034848948172059,6.195803413539024e-07,1.292558121368204e-05,0.020339815791066192,all_objects,548,548,0,0,0,0.0011852794958663083,0.002869778330740025,3.09345233211648e-05,0.019203305887510236,7.574577348602703e-05,0.0002748050732992109,0.006804309578559908,all_objects,548,548,0,0,0,0.00452287419508291,0.01145723228588783,6.679982726608797e-05,0.07636905749224758,0.00018741479698476364,0.0008553424391547713,0.02704227166208708,all_objects,548,548,0,0,0,0.08001596716376096,0.2952699438522213,9.81268266286861e-06,1.9539164899960042,7.044084818232931e-05,0.000894204819303468,0.6155286935952312,all_objects,548,548,0,0,0,0.7616876090600144,0.13078231518368477,0.10457566816738825,0.9705991542056789,0.5141035885037253,0.7859284520610027,0.9216918874215752,all_objects
llvip,val,n_iou_lt_070,12,0,-2,2,2.0,199,109,5,199,1.0,61,61,61,1.0,0,157,0.7889447236180904,160,0.8040201005025126,181,199,0.9095477386934674,0.9095477386934674,199,199,0,0,0,0.7034734951920156,0.15853167655493056,0.10460639899955922,0.9706030380719323,0.4273598637487151,0.7282785986571488,0.91078653525795,all_objects,199,199,0,0,0,0.7034734951920156,0.15853167655493056,0.10460639899955922,0.9706030380719323,0.4273598637487151,0.7282785986571488,0.91078653525795,all_objects,199,199,0,0,0,0.14208550282468474,0.17226591890309362,-0.45194728170723636,0.5833811473999758,-0.08878290756350415,0.13156090603514026,0.42401960058549,all_objects,199,199,0,0,0,1.7359173322976793,0.7979102861211226,0.7802346682423353,5.001997555456926,0.8758429577319732,1.5544592925965315,3.357660916473895,all_objects,199,199,0,0,0,1.1711206190154084,0.6815157912374425,0.3824489694880208,5.01756143380734,0.559167032130762,0.9425900738011639,2.5627344846572235,all_objects,199,199,0,0,0,-0.5647967132822712,0.8753743260040501,-4.099689241955136,2.5750633757512746,-2.1076068621476076,-0.5013988758426426,0.5713243591368258,all_objects,199,199,0,0,0,1.316970056563135,1.3097679061947318,0.030445895063864605,8.747050431848669,0.16423143526252873,0.9310270643302314,4.061008845255973,all_objects,199,199,0,0,0,0.5665600887532886,0.34821643781289424,-0.6637086381816379,0.9598859276948298,-0.2084147115480414,0.6972009275262219,0.9195616767018546,all_objects,199,199,0,0,0,0.0625920092429447,0.055722959311202906,-0.039368099996468134,0.2769581939717897,-0.006755055293902686,0.05490020053337297,0.1671561993992708,all_objects,199,199,0,0,0,0.291082426547231,0.12511897846666045,0.04585339262405538,0.6584743805835486,0.1089982916332915,0.2789541329866252,0.49981015937616075,all_objects,199,199,0,0,0,0.31668331667712996,0.06760143215060646,0.14747383833816738,0.5018531537460809,0.20423323313350353,0.3193137834123681,0.42770397153223966,all_objects,199,199,0,0,0,0.9272554697926104,0.3588692707467486,0.20365322379229112,1.9249749063453319,0.3556400970830298,0.9364104632517708,1.4734398447845545,all_objects,199,199,0,0,0,0.0009807745890371795,0.0034785610184105593,4.6328150545679706e-08,0.02587232336052061,3.280298193415624e-07,1.0753746512364688e-05,0.006801065047042278,all_objects,199,199,0,0,0,0.00391882389427732,0.013913278798676694,1.3291864156091892e-07,0.1034848948172059,9.443694421358052e-07,4.261242157043034e-05,0.027203743905593426,all_objects,199,199,0,0,0,0.0015020272763476188,0.0031285234547876934,3.5573339200092784e-05,0.019203305887510236,8.849778883747955e-05,0.00041132127926561245,0.008601848191852106,all_objects,199,199,0,0,0,0.005737135558934278,0.012489226530478879,8.815378179415103e-05,0.07636905749224758,0.00021560298915214877,0.001288590475696026,0.03429870751444203,all_objects,199,199,0,0,0,0.10753952612372605,0.33114702256738565,2.4694148578419117e-05,1.9539164899960042,0.00010225422090570646,0.002389985752074608,1.0242118484119707,all_objects,199,199,0,0,0,0.7036183660563333,0.1585130696449406,0.10457566816738825,0.9705991542056789,0.4273573504181418,0.7282813928855767,0.9107998302326576,all_objects
llvip,val,quality_gate070,12,0,-2,2,2.0,61,49,5,61,1.0,61,61,61,1.0,0,61,1.0,59,0.9672131147540983,61,61,1.0,1.0,61,61,0,0,0,0.7996204247206414,0.08976127258683317,0.6044703930531653,0.9706030380719323,0.6292928950657023,0.803894360400036,0.9344363633293499,all_objects,61,61,0,0,0,0.7996204247206414,0.08976127258683317,0.6044703930531653,0.9706030380719323,0.6292928950657023,0.803894360400036,0.9344363633293499,all_objects,61,61,0,0,0,0.25196897597940954,0.1290465833216743,0.0552520491402928,0.5567909903421778,0.07879846519551059,0.2132766913732571,0.4926448634282487,all_objects,61,61,0,0,0,1.738786075620742,0.8104125587372356,0.7802346682423353,5.001997555456926,0.8676732916761339,1.5549755958521454,3.138343399318902,all_objects,61,61,0,0,0,0.8135008633320934,0.2874018199604963,0.4481536045439024,1.9646102774410785,0.5336741352475918,0.7074826020749037,1.1968614483356725,all_objects,61,61,0,0,0,-0.9252852122886486,0.7851548319254038,-4.099689241955136,0.03601342421766285,-2.1804290162970936,-0.6732292585851454,-0.14414266447198043,all_objects,61,61,0,0,0,1.6662285712585003,1.2521793809411972,0.2072220034468384,6.42339018769167,0.4278148562841352,1.1671886420899231,4.080178047643477,all_objects,61,61,0,0,0,0.7791395880984336,0.15744659197270242,0.24260734014213217,0.9598859276948298,0.4773142839571614,0.840628155419004,0.9390133418728547,all_objects,61,61,0,0,0,0.09331931259687118,0.055216553184029044,0.012377481324139355,0.2769581939717897,0.02383176427394591,0.0771961556631047,0.19362875661773654,all_objects,61,61,0,0,0,0.351317164265301,0.10910174682744733,0.1458143180844005,0.6584743805835486,0.1825221878301936,0.3271760385172793,0.5575509242359841,all_objects,61,61,0,0,0,0.3148805214932809,0.06928139479603594,0.1705275573051086,0.5018531537460809,0.20442780651278783,0.31562101135508197,0.41631816797676113,all_objects,61,61,0,0,0,1.1250657899919883,0.2735671779475762,0.6194766124117123,1.6387419895594855,0.6621578588769065,1.1332992019354184,1.4731043491789257,all_objects,61,61,0,0,0,0.0009221013291822101,0.003017653251627419,1.6541780424374062e-07,0.015222143327919019,2.820003790741837e-07,4.677325120251398e-06,0.006545549658652519,all_objects,61,61,0,0,0,0.0036877282494000418,0.012070513882605051,5.552540400066036e-07,0.060888273600924366,8.442992983729298e-07,1.8506078014143314e-05,0.02618174847057756,all_objects,61,61,0,0,0,0.0014564970278438478,0.003157864417394738,6.405114942880269e-05,0.01467617100915462,7.932405002788716e-05,0.00026370703899083006,0.00922022465339667,all_objects,61,61,0,0,0,0.0056574614308143294,0.012618853768729225,0.0001770985267712012,0.05857082264166946,0.00021081639925008233,0.0008812807675207125,0.03672532645736547,all_objects,61,61,0,0,0,0.09712028396431432,0.301469566878683,4.815213196707191e-05,1.4417831731466322,9.088662039857809e-05,0.0008952886688575745,0.730049817113354,all_objects,61,61,0,0,0,0.799556163946298,0.08934755776976593,0.6044726865893268,0.9705991542056789,0.6292970811322877,0.8043387858446028,0.9344369576620707,all_objects
llvip,train,base,13,2,2,2,2.8284271247461903,2728,1024,14,2726,0.999266862170088,23,23,21,0.9130434782608695,2,674,0.2470674486803519,581,0.21297653958944282,1927,2728,0.7063782991202346,0.7063782991202346,2728,2728,0,0,0,0.8390926428112442,0.07845826408221403,0.17144109570486657,0.9757089421145834,0.6979697978407334,0.855311298691542,0.9312308786103055,all_objects,2728,2728,0,0,0,0.8390926428112442,0.07845826408221403,0.17144109570486657,0.9757089421145834,0.6979697978407334,0.855311298691542,0.9312308786103055,all_objects,2728,2728,0,0,0,-0.04472476565635353,0.08218909925638167,-0.5839274746086063,0.7062894026455389,-0.16807446301123993,-0.04628005418400838,0.08457718688021282,all_objects,2728,2728,0,0,0,0.680910342085046,0.2595697124979214,0.2307109253492022,5.040649458002111,0.4518092784470714,0.6328195135142862,1.0887949282180818,all_objects,2728,2728,0,0,0,0.7257949153093447,0.2245339940296899,0.32479967907225227,5.688887659239754,0.5167370075713698,0.6855698574130336,1.0753595090894799,all_objects,2728,2728,0,0,0,0.044884573224298646,0.19607451561065628,-4.0269679803479,1.4816724288802332,-0.15766447009244317,0.05649475569142082,0.23261990955506692,all_objects,2728,2728,0,0,0,0.2928571680913113,0.29515563903549136,0.024846264451528557,6.222714498534921,0.08501956452605472,0.2198458554097521,0.723138632376495,all_objects,2728,2728,0,0,0,0.21768720974719166,0.3749062632901496,-0.8267271983293522,0.9463823106968184,-0.42083076606958536,0.24267877296935367,0.7868715462270957,all_objects,2728,2728,0,0,0,0.005671526348434135,0.014030526454378633,-0.046446834643431696,0.25786220794819253,-0.0047691992424281305,0.0022349781332559934,0.026053374685286266,all_objects,2728,2728,0,0,0,0.1303434534859031,0.05450202414983091,0.03627076796627913,0.6156672102781772,0.06667124912400986,0.1188270505270363,0.23035555147375017,all_objects,2728,2728,0,0,0,0.11792015104802878,0.06826041970271496,0.008174690143492648,0.4789180932973905,0.0373807395573382,0.10251135930739493,0.25759444845412016,all_objects,2728,2728,0,0,0,1.4166081159609314,0.9729876163050513,0.19009745296806896,14.459884010048373,0.5038701458441008,1.1879020823787254,3.025258684720059,all_objects,2728,2728,0,0,0,0.003304901709254881,0.006209014135698257,5.8694976603846376e-08,0.0392388056116401,1.783062783803262e-06,7.310696579829693e-05,0.017690382869450582,all_objects,2728,2728,0,0,0,0.012708297384950181,0.023662716355850336,1.914135969558731e-07,0.12856180994750524,5.084059043308872e-06,0.0002573073948311367,0.06741061347015137,all_objects,2728,2728,0,0,0,0.004563550595659686,0.005944346643725856,4.7546888663491856e-05,0.0338645431150571,0.00023984837833161544,0.001339063318851915,0.016956021080801232,all_objects,2728,2728,0,0,0,0.0162430351059233,0.021906546587421572,0.00010468330177058763,0.11974485094028726,0.0005345176774215149,0.0037745673980284656,0.06216289122548868,all_objects,2728,2728,0,0,0,0.30186459189467824,0.5198402462092634,1.3361126860900185e-05,1.9763927472250202,0.000292119184283024,0.009246611400378413,1.5327435448469056,all_objects,2728,2728,0,0,0,0.8432278034847337,0.07732263654076266,0.17145785251962967,0.9784366517016932,0.7037539805439231,0.8591880244411078,0.93323350149667,all_objects
llvip,train,n_iou_lt_070,13,2,2,2,2.8284271247461903,82,73,13,82,1.0,23,23,21,0.9130434782608695,2,65,0.7926829268292683,70,0.8536585365853658,72,82,0.8780487804878049,0.8780487804878049,82,82,0,0,0,0.7098451280934599,0.14409324305420748,0.17144109570486657,0.9265311176322525,0.4853823973917868,0.7435594796478319,0.8904085205697692,all_objects,82,82,0,0,0,0.7098451280934599,0.14409324305420748,0.17144109570486657,0.9265311176322525,0.4853823973917868,0.7435594796478319,0.8904085205697692,all_objects,82,82,0,0,0,0.11456890100707817,0.15437500661590658,-0.20630507749123383,0.7062894026455389,-0.10938924628912129,0.09763406318856205,0.3090024410023263,all_objects,82,82,0,0,0,1.5334687448175544,0.7647688205918972,0.7929635698187757,5.040649458002111,0.8679013923987137,1.3427683739816638,2.983705990080583,all_objects,82,82,0,0,0,1.0976000115739304,0.6718567680787794,0.5020347069357464,5.688887659239754,0.6228805155098728,0.8925214338098868,1.9851541787634364,all_objects,82,82,0,0,0,-0.43586873324362424,0.7106009936445559,-4.0269679803479,1.0074863555371918,-1.2126151164067427,-0.3477077120777066,0.5141259897913374,all_objects,82,82,0,0,0,0.8470752787479798,0.9449077566989663,0.06934350690672045,6.222714498534921,0.14508695539418903,0.5535939176778872,2.241962156779129,all_objects,82,82,0,0,0,0.5505948193591934,0.33719693083611085,-0.38558218733197636,0.9463823106968184,-0.15380839590516332,0.6384382215759945,0.9062892321856454,all_objects,82,82,0,0,0,0.04628226052009676,0.04752899173616586,-0.016395402172646227,0.25786220794819253,-0.0044588253878673064,0.034867483876563715,0.1141587383510121,all_objects,82,82,0,0,0,0.22910116067615713,0.1029657611656577,0.08840859349502557,0.6156672102781772,0.09912668967769558,0.20203776307718785,0.41644081018715634,all_objects,82,82,0,0,0,0.2950183611650579,0.06983477943464111,0.16377375305143124,0.4789180932973905,0.18642605757071218,0.2860288092526103,0.42894910378168877,all_objects,82,82,0,0,0,0.7836652994296593,0.29906172469213654,0.33189476354248626,1.5362181565773745,0.3879458123415372,0.7895771402222562,1.345727739656095,all_objects,82,82,0,0,0,0.003552706017456981,0.006682094298405825,3.0211901658822875e-06,0.0392388056116401,1.2435109983951173e-05,0.00020536044307574035,0.015534238053768714,all_objects,82,82,0,0,0,0.012503178749964634,0.021374157336892227,6.560739197544397e-06,0.10054552849804796,4.08125056804571e-05,0.0007473557720334627,0.05649284092349967,all_objects,82,82,0,0,0,0.005459017211896171,0.006489686191247909,0.0003529464958518357,0.0338645431150571,0.0005939876257254695,0.0026485949006510305,0.017778501750915922,all_objects,82,82,0,0,0,0.017650573096743925,0.020788722787703,0.000591704022908295,0.10034151061118463,0.0014475183889111705,0.0061702796585398284,0.05278402976021046,all_objects,82,82,0,0,0,0.29932725266528776,0.46134736696498746,0.00039091924332979033,1.7686704573743555,0.0013176194528909946,0.024881452363475276,1.2894499381912172,all_objects,82,82,0,0,0,0.7111724521311831,0.14198404473994156,0.17145785251962967,0.9264742205409099,0.498553526767751,0.7410079418698525,0.8904616816923824,all_objects
llvip,train,quality_gate070,13,2,2,2,2.8284271247461903,23,22,10,23,1.0,21,23,21,0.9130434782608695,0,23,1.0,23,1.0,23,23,1.0,1.0,23,23,0,0,0,0.7955947525028257,0.08653101568853619,0.6087185498727453,0.9265311176322525,0.6249652840764852,0.8114003364462439,0.9211922389122302,all_objects,23,23,0,0,0,0.7955947525028257,0.08653101568853619,0.6087185498727453,0.9265311176322525,0.6249652840764852,0.8114003364462439,0.9211922389122302,all_objects,23,23,0,0,0,0.213755811747181,0.1536278090472888,0.03777536661369696,0.7062894026455389,0.044077365381747224,0.17183318631831335,0.4848388541090242,all_objects,23,23,0,0,0,1.5602295811012972,0.8675419100842646,0.8444079983662671,4.737907360616081,0.875755745307193,1.3016217418434377,3.364608434650706,all_objects,23,23,0,0,0,0.8166901455163064,0.192618796204915,0.5601107898695431,1.5781186350379155,0.6263422002897951,0.7746669368631303,1.0028029649503496,all_objects,23,23,0,0,0,-0.743539435584991,0.8951973245846817,-4.0269679803479,-0.022768704235285098,-2.5996505073819094,-0.5182020041060744,-0.04046978448913428,all_objects,23,23,0,0,0,1.2649618823165911,1.4627419519430447,0.16623806085132578,6.222714498534921,0.20394040729027807,0.7662968873575333,4.62978571885872,all_objects,23,23,0,0,0,0.7657814848910492,0.150065662487302,0.4538936836105578,0.9463823106968184,0.47743504398520115,0.80035749067182,0.9300795072851605,all_objects,23,23,0,0,0,0.07240660448690629,0.05992460474678175,0.014243001368936388,0.25786220794819253,0.017635725540126924,0.05235005237220214,0.21510956769264497,all_objects,23,23,0,0,0,0.2831157362848518,0.1251200554026375,0.10335111945682018,0.6156672102781772,0.1342168742158151,0.24703474739440068,0.5621372563863625,all_objects,23,23,0,0,0,0.2922976272256671,0.07049322033650486,0.16377375305143124,0.4532843179158149,0.19155322538519948,0.2780635786057447,0.4231893324850266,all_objects,23,23,0,0,0,0.9593287055430161,0.2880269614515732,0.45705497076203955,1.4370971969044921,0.5251114765320404,0.9511253627150112,1.357126546808115,all_objects,23,23,0,0,0,0.0027802288763458,0.004563687325958298,3.0211901658822875e-06,0.01560794070091467,4.588261676944017e-06,0.0001501975950078015,0.011343527485307928,all_objects,23,23,0,0,0,0.011069277440798634,0.01826165519909383,6.560739197544397e-06,0.062429167019392835,1.379590376796718e-05,0.0006001177540247279,0.04535839469994899,all_objects,23,23,0,0,0,0.004260893488832844,0.0047226126276021995,0.0003529464958518357,0.01509756103837705,0.00037807837445392534,0.0015788055811504624,0.012356982775387678,all_objects,23,23,0,0,0,0.01551199660784653,0.018891859731825163,0.000591704022908295,0.05979181044131747,0.000832545342368037,0.005670362583181652,0.04764635343932347,all_objects,23,23,0,0,0,0.2899824244743342,0.4587803766876225,0.00039091924332979033,1.4673293875221134,0.0007137360224760414,0.020002970993544977,1.178929367493532,all_objects,23,23,0,0,0,0.7940367360107977,0.08393927690328178,0.608564577783876,0.9264742205409099,0.6265859933259851,0.809889192965771,0.9212294173747962,all_objects
llvip,val,base,13,2,2,2,2.8284271247461903,548,196,5,548,1.0,59,61,58,0.9508196721311475,1,272,0.49635036496350365,309,0.5638686131386861,445,548,0.8120437956204379,0.8120437956204379,548,548,0,0,0,0.7464324296434631,0.12739796749717192,0.07702181875552287,0.9878728660501512,0.5113108296198285,0.7682039797857587,0.9096122631749379,all_objects,548,548,0,0,0,0.7464324296434631,0.12739796749717192,0.07702181875552287,0.9878728660501512,0.5113108296198285,0.7682039797857587,0.9096122631749379,all_objects,548,548,0,0,0,0.019949604144038974,0.14784352086549143,-0.4873041470965372,0.5375975359692697,-0.1941724013728808,-0.0014151878667605367,0.2997798953554287,all_objects,548,548,0,0,0,1.1296532567372595,0.6875356714472393,0.3527060457076785,5.001997555456926,0.535784429351183,0.9031641937197016,2.495684714640167,all_objects,548,548,0,0,0,0.9614549115707832,0.5108750115233631,0.40431530133360144,5.788679995984422,0.5643314847516587,0.8055884009618877,1.81076598199686,all_objects,548,548,0,0,0,-0.1681983451664758,0.6552614130331915,-3.819548762853064,3.15871852088446,-1.166369292890572,-0.03297359879573142,0.5243566220518391,all_objects,548,548,0,0,0,0.8536197466925927,1.0176557074390644,0.06536594391358472,8.769406404654756,0.13771811311643312,0.5228206469151737,2.6927686751758486,all_objects,548,548,0,0,0,0.4011405309419925,0.3846764483752493,-0.7218365768172779,0.9335126494869235,-0.30369957770077827,0.48788026352275915,0.8853359282708646,all_objects,548,548,0,0,0,0.0304353662357805,0.04335327652603259,-0.032910356686173564,0.2762498100166791,-0.007034872437150907,0.015408536924523363,0.11578960625715164,all_objects,548,548,0,0,0,0.22673063725962786,0.1068916184905266,0.06175416781585753,0.6654056038006947,0.0980730609090485,0.20182439402122443,0.4390373637851549,all_objects,548,548,0,0,0,0.22094331233387587,0.09853059840946579,0.03175749632088304,0.5018531537460809,0.08393298169206632,0.21053633216692952,0.3973736483626606,all_objects,548,548,0,0,0,1.1621402374817238,0.5942710387458044,0.2014476403707268,5.963690927788955,0.4706317913213541,1.0742960624915554,2.234396395740472,all_objects,548,548,0,0,0,0.003940050681209897,0.006914304485659159,5.123196980373698e-07,0.026966940253811474,2.2914795714418333e-06,0.00010347332259921294,0.020650119382588244,all_objects,548,548,0,0,0,0.015481000726503187,0.027321005020457704,1.074805614443226e-06,0.10773018795323187,8.24097035506758e-06,0.0003717354866028033,0.0816176494003323,all_objects,548,548,0,0,0,0.005045720249433418,0.006198309064507727,0.00012806943007534054,0.024854324608145614,0.0002619104306674922,0.0015431407110566373,0.018081120350522825,all_objects,548,548,0,0,0,0.018270120007506795,0.023727700299601907,0.0002587528416718133,0.09778319161166601,0.0006708921733022209,0.0045123132416426265,0.06973911770118886,all_objects,548,548,0,0,0,0.3560185870021345,0.5829014722887482,5.124705324988099e-05,1.959788945360458,0.00039130012690336,0.012605956848020128,1.7360338855287207,all_objects,548,548,0,0,0,0.7491493123605,0.12745899755279091,0.08413428306219595,0.983041609790764,0.5124802323828453,0.7697961006358165,0.9106027304059606,all_objects
llvip,val,n_iou_lt_070,13,2,2,2,2.8284271247461903,199,109,5,199,1.0,59,61,58,0.9508196721311475,1,151,0.7587939698492462,169,0.8492462311557789,185,199,0.9296482412060302,0.9296482412060302,199,199,0,0,0,0.6821274391711379,0.1517437942015868,0.07702181875552287,0.9580216889123401,0.41095966138957035,0.7019684835487561,0.8849090370510776,all_objects,199,199,0,0,0,0.6821274391711379,0.1517437942015868,0.07702181875552287,0.9580216889123401,0.41095966138957035,0.7019684835487561,0.8849090370510776,all_objects,199,199,0,0,0,0.12073944680380701,0.16601809135931628,-0.4795318619512727,0.5375975359692697,-0.09637965364138538,0.10162148429129725,0.377998613442713,all_objects,199,199,0,0,0,1.7359173322976793,0.7979102861211226,0.7802346682423353,5.001997555456926,0.8758429577319732,1.5544592925965315,3.357660916473895,all_objects,199,199,0,0,0,1.1573669561966762,0.6749046674833636,0.40431530133360144,5.788679995984422,0.5976768012490151,0.9474328795833948,2.269646488236746,all_objects,199,199,0,0,0,-0.578550376101003,0.8514441255142329,-3.819548762853064,2.667625320942851,-2.1962542761286894,-0.49556691292496646,0.6079893346786844,all_objects,199,199,0,0,0,1.4096370426917013,1.3471015294929771,0.07710418580988065,8.769406404654756,0.213033308557053,1.0106937844429724,4.024605062250481,all_objects,199,199,0,0,0,0.5701236986675099,0.31765951421164745,-0.4362225072965224,0.9335126494869235,-0.08787969849824849,0.680124369985251,0.9070469350234995,all_objects,199,199,0,0,0,0.06274892092110348,0.05481761682287018,-0.032910356686173564,0.2762498100166791,-0.0050886802692901925,0.05350308849163357,0.160191990825288,all_objects,199,199,0,0,0,0.29359585356926654,0.12272991097011647,0.06175416781585753,0.6654056038006947,0.12223699237111374,0.2847850913951643,0.5041088636990682,all_objects,199,199,0,0,0,0.31668331667712996,0.06760143215060646,0.14747383833816738,0.5018531537460809,0.20423323313350353,0.3193137834123681,0.42770397153223966,all_objects,199,199,0,0,0,0.932836559736413,0.34044096956733405,0.2014476403707268,1.9671314379731966,0.42901640475651526,0.9313732969908642,1.5036715834475411,all_objects,199,199,0,0,0,0.005063318516291261,0.0076883053131873704,9.016620923368202e-07,0.026966940253811474,5.229517627480039e-06,0.00022052020064414375,0.022676511156642303,all_objects,199,199,0,0,0,0.01995552923710303,0.030561737736274533,2.3431967258490893e-06,0.10773018795323187,1.67977073836732e-05,0.0007901847080617775,0.09069414032027961,all_objects,199,199,0,0,0,0.006199493356244469,0.006718022463001408,0.00019202942843802036,0.024854324608145614,0.00039158711733009593,0.0022752321763215987,0.019709853677824796,all_objects,199,199,0,0,0,0.02253381126498395,0.026079374761186238,0.00035011764136748787,0.09778319161166601,0.0010095908587863113,0.006844618554997295,0.07694388602827741,all_objects,199,199,0,0,0,0.4421853059361022,0.6291207921488681,0.00015806873972223912,1.959788945360458,0.0007934295879181264,0.030935955546638638,1.7994204556159101,all_objects,199,199,0,0,0,0.6861533465467526,0.15311979329624473,0.08413428306219595,0.9581547946169132,0.40971607524270853,0.7016071611686688,0.8894039967916402,all_objects
llvip,val,quality_gate070,13,2,2,2,2.8284271247461903,61,49,5,61,1.0,58,61,58,0.9508196721311475,0,61,1.0,61,1.0,61,61,1.0,1.0,61,61,0,0,0,0.7710570020495741,0.0847451078112513,0.567548692719243,0.9160306607525414,0.6112346067020553,0.7832922960121053,0.8865769628072954,all_objects,61,61,0,0,0,0.7710570020495741,0.0847451078112513,0.567548692719243,0.9160306607525414,0.6112346067020553,0.7832922960121053,0.8865769628072954,all_objects,61,61,0,0,0,0.2234055533083422,0.11405308990595592,0.030555482904573883,0.5364568059366865,0.05095435193028419,0.21674643019661588,0.395189774802827,all_objects,61,61,0,0,0,1.738786075620742,0.8104125587372356,0.7802346682423353,5.001997555456926,0.8676732916761339,1.5549755958521454,3.138343399318902,all_objects,61,61,0,0,0,0.7993847409654528,0.19833003999673782,0.4550226408311362,1.512943416422513,0.5847935070300017,0.7641287919208515,1.182448792603862,all_objects,61,61,0,0,0,-0.9394013346552894,0.7666975133250451,-3.819548762853064,-0.020069925018540102,-2.2344522758848084,-0.7462813600686299,-0.14137268073304998,all_objects,61,61,0,0,0,1.770359319941244,1.3094008102199108,0.13152145297146553,6.585560950480457,0.38712116200779023,1.4125761583604592,4.448847556640802,all_objects,61,61,0,0,0,0.7773770053018682,0.15552467478779147,0.20672475036325091,0.9335126494869235,0.4492101251492622,0.8397537890463843,0.9268553494106726,all_objects,61,61,0,0,0,0.09363853010874541,0.055352829926612786,0.005684693990198405,0.2762498100166791,0.022613284008457465,0.08079017619707624,0.2043667511538118,all_objects,61,61,0,0,0,0.3515170360024995,0.11480944291385249,0.11171414290499472,0.6654056038006947,0.1737475598805538,0.3428339764873048,0.5799948209985731,all_objects,61,61,0,0,0,0.3148805214932809,0.06928139479603594,0.1705275573051086,0.5018531537460809,0.20442780651278783,0.31562101135508197,0.41631816797676113,all_objects,61,61,0,0,0,1.1177032604450035,0.2704389063211415,0.44920161120103863,1.5861737883224314,0.6832622710325373,1.1517697995933582,1.5025158404505992,all_objects,61,61,0,0,0,0.0044038814762771845,0.007051846068149941,2.1242442076967514e-06,0.024582524410873535,4.24735359261873e-06,0.00019775862281089476,0.02158173896942068,all_objects,61,61,0,0,0,0.0175814756759963,0.028206139315722925,7.852295800502957e-06,0.09824771930125135,1.5217165166023968e-05,0.0007131130089312568,0.08632410216725274,all_objects,61,61,0,0,0,0.005479699362002554,0.006074467247177003,0.00024237683154424068,0.020296484823999237,0.0003868885713700696,0.0020016594127667173,0.017813419921530054,all_objects,61,61,0,0,0,0.020697041929517063,0.024132232255294615,0.0006503098722714049,0.07859086903902737,0.0009186741174424122,0.0061347240308990015,0.07061294438530284,all_objects,61,61,0,0,0,0.4138681845644339,0.608747926895922,0.00044273138524886235,1.9011356645642081,0.0006313062545473258,0.025114542968481146,1.7943607088378144,all_objects,61,61,0,0,0,0.7785742929945851,0.08551143078234598,0.581130917258027,0.9159990519268536,0.61126055210226,0.7949745672198998,0.8939009555670706,all_objects
llvip,train,base,14,2,-2,2,2.8284271247461903,2728,1024,14,2726,0.999266862170088,24,23,22,0.9565217391304348,2,701,0.2569648093841642,584,0.21407624633431085,1932,2728,0.7082111436950147,0.7082111436950147,2728,2728,0,0,0,0.8403384968779769,0.07820373090853994,0.18138518890453584,0.9728185648647486,0.6985783972943527,0.8565407040492851,0.9328421341183442,all_objects,2728,2728,0,0,0,0.8403384968779769,0.07820373090853994,0.18138518890453584,0.9728185648647486,0.6985783972943527,0.8565407040492851,0.9328421341183442,all_objects,2728,2728,0,0,0,-0.04347891158962085,0.08189959090345872,-0.6004606941027515,0.7029307274909034,-0.1661208835861499,-0.04575931143907641,0.08051431531986972,all_objects,2728,2728,0,0,0,0.680910342085046,0.2595697124979214,0.2307109253492022,5.040649458002111,0.4518092784470714,0.6328195135142862,1.0887949282180818,all_objects,2728,2728,0,0,0,0.7221017137684903,0.21571499201562347,0.3094883781894922,5.506906044024746,0.5155039541660921,0.6812068206799157,1.0566615585244432,all_objects,2728,2728,0,0,0,0.04119137168344424,0.1924983059971343,-3.8977188364714075,1.7612784588600345,-0.15903203931876325,0.05558240867630809,0.2237987262458635,all_objects,2728,2728,0,0,0,0.27725438904536936,0.28676980883486897,0.028661633865391844,6.551152774411912,0.07897306336889022,0.20558385010994473,0.7077083331756971,all_objects,2728,2728,0,0,0,0.2225265037478967,0.3718086250600206,-0.8091453273026248,0.9513090589732889,-0.4272314186076016,0.24574367474954528,0.7887362613042253,all_objects,2728,2728,0,0,0,0.005689158907045881,0.013918584099302035,-0.034957421116206255,0.26227376036442407,-0.0049454843311658465,0.002290904154624878,0.02605105471641347,all_objects,2728,2728,0,0,0,0.12820071753888154,0.054257429974603984,0.03499808359004706,0.632809608956028,0.06600306853567728,0.11639911212079194,0.22644139453802162,all_objects,2728,2728,0,0,0,0.11792015104802878,0.06826041970271496,0.008174690143492648,0.4789180932973905,0.0373807395573382,0.10251135930739493,0.25759444845412016,all_objects,2728,2728,0,0,0,1.3923209674465313,0.9652733434427047,0.2427642816481547,13.623919289994653,0.5014233747924945,1.16554875596183,2.9641920160705895,all_objects,2728,2728,0,0,0,0.0036183071052596468,0.006407441538854723,7.81426249449134e-08,0.037098582023137955,1.8806628199502271e-06,0.00010865013182188556,0.01826758743730218,all_objects,2728,2728,0,0,0,0.01398241201003134,0.024607799898526902,1.914135969558731e-07,0.13350444971066408,5.516734268095669e-06,0.000381096030107889,0.0685210452431476,all_objects,2728,2728,0,0,0,0.004942013178560341,0.006109083600532132,5.878178408737528e-05,0.034937558743646825,0.00025269252281800314,0.0015680905897645333,0.01723177287927402,all_objects,2728,2728,0,0,0,0.017617285743733474,0.022655341469142894,0.00010468330177058763,0.12007235767025365,0.0005476699579935422,0.004652539356331642,0.06339241908773659,all_objects,2728,2728,0,0,0,0.3309521754169488,0.5355557952354104,1.3361126860900185e-05,1.9763927472250202,0.00030258628001149644,0.013231966358773661,1.5275951966484551,all_objects,2728,2728,0,0,0,0.8445920383836905,0.07702874986067372,0.1895850317194516,0.97429608674713,0.7060982051777727,0.8612781597951189,0.9349106087772722,all_objects
llvip,train,n_iou_lt_070,14,2,-2,2,2.8284271247461903,82,73,13,82,1.0,24,23,22,0.9565217391304348,2,64,0.7804878048780488,65,0.7926829268292683,72,82,0.8780487804878049,0.8780487804878049,82,82,0,0,0,0.7142293764132296,0.14585104894420498,0.18138518890453584,0.901889352923146,0.4777145950045788,0.7473799219779318,0.8934936557088422,all_objects,82,82,0,0,0,0.7142293764132296,0.14585104894420498,0.18138518890453584,0.901889352923146,0.4777145950045788,0.7473799219779318,0.8934936557088422,all_objects,82,82,0,0,0,0.11895314932684786,0.1565535081013625,-0.20630507749123383,0.7029307274909034,-0.10747969293983642,0.1101287698051853,0.3384336054867586,all_objects,82,82,0,0,0,1.5334687448175544,0.7647688205918972,0.7929635698187757,5.040649458002111,0.8679013923987137,1.3427683739816638,2.983705990080583,all_objects,82,82,0,0,0,1.0918405396852437,0.6457326596234576,0.5162562209500476,5.506906044024746,0.6121937456012583,0.9016305612716922,1.8093795386729121,all_objects,82,82,0,0,0,-0.44162820513231066,0.6959145291052997,-3.8977188364714075,0.9490598463866946,-1.2150341508457252,-0.3438362677665402,0.40021876318616284,all_objects,82,82,0,0,0,0.8229390367494093,0.9358918187561619,0.08794389503465613,6.551152774411912,0.1124624648362229,0.5443504604597293,2.1200360510009406,all_objects,82,82,0,0,0,0.5496428697249116,0.34467110530196754,-0.3632993416956689,0.9421986189823464,-0.14721711219247613,0.6444076026336734,0.9214065292719825,all_objects,82,82,0,0,0,0.046083713886453916,0.04725570344171448,-0.009111282461421809,0.26227376036442407,-0.005241336051067869,0.03430564250838516,0.11198744851353855,all_objects,82,82,0,0,0,0.22611961456210025,0.10437055417330604,0.06849931831692094,0.632809608956028,0.09264812951354312,0.2125226501836586,0.40624076351858834,all_objects,82,82,0,0,0,0.2950183611650579,0.06983477943464111,0.16377375305143124,0.4789180932973905,0.18642605757071218,0.2860288092526103,0.42894910378168877,all_objects,82,82,0,0,0,0.7698572203286737,0.30257704696270976,0.27958958319320754,1.6535691473130498,0.35593134602010096,0.7231504822707479,1.2806808990855674,all_objects,82,82,0,0,0,0.004722780323029648,0.0070739993777642046,1.5288608096323388e-06,0.028670789490508525,8.922449494800173e-06,0.0003261249566849013,0.020001838115324497,all_objects,82,82,0,0,0,0.018028074581768305,0.027392969151708805,4.201646694628055e-06,0.11446579385420755,2.6689393821291023e-05,0.0012011374890572417,0.07490523692753796,all_objects,82,82,0,0,0,0.006379075953186858,0.0068453460326501235,0.00024981880101583364,0.029943319722221466,0.00045760817060870254,0.0026906884959454975,0.020060205578369128,all_objects,82,82,0,0,0,0.022069386099115483,0.025384679838482496,0.0004577426790485361,0.11437916003708991,0.0009890309927022333,0.007908779132773845,0.06983426347736837,all_objects,82,82,0,0,0,0.4066676070841518,0.5519319283688087,0.0002785427473099844,1.7686704573743555,0.0013417487389659755,0.039004493324029,1.4667878778928782,all_objects,82,82,0,0,0,0.7155102715168886,0.14321842266534607,0.1895850317194516,0.9029334362366128,0.4853662461502164,0.7426784712171746,0.8900735476324029,all_objects
llvip,train,quality_gate070,14,2,-2,2,2.8284271247461903,23,22,10,23,1.0,22,23,22,0.9565217391304348,0,23,1.0,22,0.9565217391304348,23,23,1.0,1.0,23,23,0,0,0,0.8073842652201707,0.07751143583290748,0.6454095642003762,0.901889352923146,0.6546870891696824,0.8289312869492899,0.8978240668500778,all_objects,23,23,0,0,0,0.8073842652201707,0.07751143583290748,0.6454095642003762,0.901889352923146,0.6546870891696824,0.8289312869492899,0.8978240668500778,all_objects,23,23,0,0,0,0.22554532446452571,0.1458557219188473,0.04380120161194856,0.7029307274909034,0.06407400151441336,0.22377907928564988,0.48588976740372347,all_objects,23,23,0,0,0,1.5602295811012972,0.8675419100842646,0.8444079983662671,4.737907360616081,0.875755745307193,1.3016217418434377,3.364608434650706,all_objects,23,23,0,0,0,0.8006282253951278,0.15756624307501893,0.5607045629653831,1.2667924899917467,0.5760357145484069,0.7905948108352303,1.1316597218514581,all_objects,23,23,0,0,0,-0.7596013557061695,0.8614126119176169,-3.8977188364714075,0.027861899931646006,-2.5649369259973596,-0.5643530985701561,-0.03999894541188079,all_objects,23,23,0,0,0,1.2417506942214889,1.4615599229589837,0.16667963696583438,6.551152774411912,0.25924926753525335,0.7358886246413469,4.218491276604533,all_objects,23,23,0,0,0,0.7848827785899196,0.14805348757730663,0.4420781679666966,0.9421986189823464,0.46413728721723174,0.8603285256396165,0.9335667334799889,all_objects,23,23,0,0,0,0.07296984483755453,0.05838858863531664,0.014567004299660092,0.26227376036442407,0.018433718745097225,0.06017744082073521,0.2046585505143271,all_objects,23,23,0,0,0,0.2820962066619564,0.12286540152278203,0.11959066058933569,0.632809608956028,0.13432720620965646,0.2494999060586627,0.5349524392150488,all_objects,23,23,0,0,0,0.2922976272256671,0.07049322033650486,0.16377375305143124,0.4532843179158149,0.19155322538519948,0.2780635786057447,0.4231893324850266,all_objects,23,23,0,0,0,0.9599232566196945,0.2898825858236144,0.4797728042684744,1.5234425627427013,0.4931155506336605,0.9517726079869546,1.3845214448234693,all_objects,23,23,0,0,0,0.004076854432067106,0.0062160312329938355,1.5288608096323388e-06,0.020058462492506427,5.165838232203387e-06,0.00010096406505693361,0.01579857633136666,all_objects,23,23,0,0,0,0.014776531548169072,0.021796498492439913,4.201646694628055e-06,0.06302995014095959,1.601528542548886e-05,0.000395074420087083,0.06078470388564147,all_objects,23,23,0,0,0,0.00542684121676221,0.006345992112714076,0.00024981880101583364,0.02133545533667009,0.0003867331989724024,0.0015114593927314927,0.015811184490746304,all_objects,23,23,0,0,0,0.01856052017222309,0.02164892317591278,0.0004577426790485361,0.05979181044131747,0.0007807144662216586,0.004516094244408849,0.05844590880024876,all_objects,23,23,0,0,0,0.3759546428385786,0.5358300916395777,0.0002785427473099844,1.477606403947675,0.001051719808009466,0.015522863774833695,1.4401179601859038,all_objects,23,23,0,0,0,0.806170046342054,0.07639633756531836,0.6451206344180362,0.9029334362366128,0.654647528630262,0.8080523069658808,0.9016820420129084,all_objects
llvip,val,base,14,2,-2,2,2.8284271247461903,548,196,5,548,1.0,55,61,55,0.9016393442622951,0,269,0.4908759124087591,301,0.5492700729927007,442,548,0.8065693430656934,0.8065693430656934,548,548,0,0,0,0.7470316365228981,0.12511605944706267,0.09932172863393009,0.9579207403715981,0.5119289952278866,0.7716065186551363,0.9035226282187145,all_objects,548,548,0,0,0,0.7470316365228981,0.12511605944706267,0.09932172863393009,0.9579207403715981,0.5119289952278866,0.7716065186551363,0.9035226282187145,all_objects,548,548,0,0,0,0.020548811023473983,0.14781520113456362,-0.5149164488033922,0.5376354266437829,-0.18608918576312813,-0.001905322436940804,0.30499652476377603,all_objects,548,548,0,0,0,1.1296532567372595,0.6875356714472393,0.3527060457076785,5.001997555456926,0.535784429351183,0.9031641937197016,2.495684714640167,all_objects,548,548,0,0,0,0.9668959279347559,0.5031155121884092,0.4079364348685832,5.000266091930399,0.5739651200021476,0.8012342890029591,1.8454790836545634,all_objects,548,548,0,0,0,-0.1627573288025033,0.6603353445555861,-4.084323045552868,3.5826908309500527,-1.2848075690900036,-0.031851289930033166,0.4403080425344283,all_objects,548,548,0,0,0,0.7799703111793532,0.9838603620583183,0.05333043971691039,8.475873435146008,0.1304619085094459,0.4533675774847959,2.3937391657741447,all_objects,548,548,0,0,0,0.3916178034855068,0.3926402868928144,-0.7517068394493248,0.9595080438672364,-0.3430559310898139,0.4682172704687608,0.8913965694004077,all_objects,548,548,0,0,0,0.02896422831689063,0.04266745547052529,-0.030165573299097026,0.2783031329344574,-0.008160006953453269,0.013068581574737118,0.11713405104535833,all_objects,548,548,0,0,0,0.21683069565607185,0.10557173442267116,0.054710760965187746,0.6591871803822622,0.09256804896828749,0.19440962120485727,0.4255181110433766,all_objects,548,548,0,0,0,0.22094331233387587,0.09853059840946579,0.03175749632088304,0.5018531537460809,0.08393298169206632,0.21053633216692952,0.3973736483626606,all_objects,548,548,0,0,0,1.1095258945172897,0.5640540246273414,0.24299233293469877,4.611828331199977,0.42449927418928685,1.0102639673627922,2.171233615759726,all_objects,548,548,0,0,0,0.004090188384460886,0.007268795031946533,4.928481420508516e-07,0.03908118807167941,3.5415069238232746e-06,0.00013320471674587093,0.021052806745742055,all_objects,548,548,0,0,0,0.015464641556560627,0.027021747223025538,1.5086426082772026e-06,0.10773018795323187,1.0938547833645638e-05,0.0004731284513577544,0.07997614467498684,all_objects,548,548,0,0,0,0.005281083368956171,0.006495547941813312,0.00012282235709549616,0.03192897299570377,0.0003432241554583231,0.0017530416156037204,0.018945758137183268,all_objects,548,548,0,0,0,0.018457047536916252,0.02345574459305398,0.0002830142622221854,0.09778319161166601,0.0007847415882146787,0.004994573499320109,0.06903849990310866,all_objects,548,548,0,0,0,0.36041039967461597,0.579517704938485,9.208965326479301e-05,1.959788945360458,0.0004974531762385936,0.01700875773880739,1.7144212049037206,all_objects,548,548,0,0,0,0.7499412258330078,0.12540828867086232,0.09938020829250979,0.9583579090442329,0.5146235287701322,0.7751847444203463,0.9037326205473606,all_objects
llvip,val,n_iou_lt_070,14,2,-2,2,2.8284271247461903,199,109,5,199,1.0,55,61,55,0.9016393442622951,0,153,0.7688442211055276,170,0.8542713567839196,186,199,0.9346733668341709,0.9346733668341709,199,199,0,0,0,0.6854660842775955,0.1492539383969994,0.09932172863393009,0.9281296072391545,0.4236726018690886,0.7059680691132636,0.8892352177939616,all_objects,199,199,0,0,0,0.6854660842775955,0.1492539383969994,0.09932172863393009,0.9281296072391545,0.4236726018690886,0.7059680691132636,0.8892352177939616,all_objects,199,199,0,0,0,0.12407809191026456,0.1650526716005242,-0.4572319520728655,0.5376354266437829,-0.09482605854638393,0.11718579603744739,0.3791795880201386,all_objects,199,199,0,0,0,1.7359173322976793,0.7979102861211226,0.7802346682423353,5.001997555456926,0.8758429577319732,1.5544592925965315,3.357660916473895,all_objects,199,199,0,0,0,1.149221886901344,0.6297743899082904,0.4079364348685832,5.000266091930399,0.5926778379071248,0.9304303719485463,2.4227511212649904,all_objects,199,199,0,0,0,-0.5866954453963353,0.8419373287398835,-4.084323045552868,2.630633289365517,-2.0847314262385823,-0.4572149245124639,0.40114570563244495,all_objects,199,199,0,0,0,1.3048233213546219,1.2976749665512453,0.0626828480181951,8.475873435146008,0.1709950678147445,0.9155464916568994,3.831125930899623,all_objects,199,199,0,0,0,0.5748145765911157,0.3211433243849174,-0.39224424232397437,0.9595080438672364,-0.0512908615499137,0.6722370449745475,0.9123006824146614,all_objects,199,199,0,0,0,0.061218371242525105,0.054042036064389,-0.030165573299097026,0.2783031329344574,-0.0028420865780224725,0.05262576255919814,0.16221234830490033,all_objects,199,199,0,0,0,0.2829179165134467,0.12171566644712614,0.054710760965187746,0.6591871803822622,0.10617310735806881,0.2688641410318127,0.5006348635151262,all_objects,199,199,0,0,0,0.31668331667712996,0.06760143215060646,0.14747383833816738,0.5018531537460809,0.20423323313350353,0.3193137834123681,0.42770397153223966,all_objects,199,199,0,0,0,0.8995321059034366,0.3438264613161812,0.24299233293469877,1.9265924151251994,0.38042519267047403,0.8950529494294707,1.4661872370348523,all_objects,199,199,0,0,0,0.005389636003256913,0.008369393389094957,1.44316316477184e-06,0.03908118807167941,6.384837222555631e-06,0.0003179456204971662,0.024149551150355515,all_objects,199,199,0,0,0,0.02005406613980539,0.030491515600737023,3.0788705413614887e-06,0.10773018795323187,1.67977073836732e-05,0.0010853052545392492,0.09166355893684608,all_objects,199,199,0,0,0,0.006646504497734823,0.00733262767809873,0.00023958805726423786,0.03192897299570377,0.00041791739143929094,0.0026899884580208993,0.02154273293821126,all_objects,199,199,0,0,0,0.022790673324392406,0.0259318502736477,0.0004107533650787301,0.09778319161166601,0.0010115962204711073,0.00800927645731752,0.07694388602827741,all_objects,199,199,0,0,0,0.4520294593544781,0.6274856531844862,0.00018499782277103805,1.959788945360458,0.0008254145557827997,0.042241492394680336,1.8354199309206876,all_objects,199,199,0,0,0,0.6896415520523981,0.15095486802318492,0.09938020829250979,0.951658413025301,0.42887402260232765,0.7123858804377944,0.8891912558491798,all_objects
llvip,val,quality_gate070,14,2,-2,2,2.8284271247461903,61,49,5,61,1.0,55,61,55,0.9016393442622951,0,61,1.0,59,0.9672131147540983,61,61,1.0,1.0,61,61,0,0,0,0.7684251690610568,0.08342620497267787,0.5641683307257648,0.9164248196777651,0.6176166063710138,0.7792657685226422,0.8890349446133121,all_objects,61,61,0,0,0,0.7684251690610568,0.08342620497267787,0.5641683307257648,0.9164248196777651,0.6176166063710138,0.7792657685226422,0.8890349446133121,all_objects,61,61,0,0,0,0.2207737203198251,0.1228509790524817,0.013673900855573073,0.5376354266437829,0.035132491062553894,0.21294890193029015,0.4111710303183339,all_objects,61,61,0,0,0,1.738786075620742,0.8104125587372356,0.7802346682423353,5.001997555456926,0.8676732916761339,1.5549755958521454,3.138343399318902,all_objects,61,61,0,0,0,0.8291593962192072,0.26743531557971156,0.48000240667426175,2.0129426399841828,0.5767814847091942,0.7372011302553134,1.2441926105366488,all_objects,61,61,0,0,0,-0.9096266794015345,0.7947401794664191,-4.084323045552868,0.0843457867607671,-2.1769973310943693,-0.6895583358241553,-0.08281092512332944,all_objects,61,61,0,0,0,1.650096349530605,1.2771463788367459,0.1526365435122909,6.529875542767659,0.4334049058598929,1.2130571261633445,4.323113955220789,all_objects,61,61,0,0,0,0.7708824183478128,0.17168415454424896,0.24716440286147037,0.9595080438672364,0.45650328870874035,0.832379195600099,0.9425529768499787,all_objects,61,61,0,0,0,0.09079930789266402,0.05607938812014695,0.005493766008000876,0.2783031329344574,0.023670403924417507,0.07693461908740051,0.1962584556774576,all_objects,61,61,0,0,0,0.3408671749739769,0.11349210169123083,0.11262899392040618,0.6591871803822622,0.1831390324007807,0.32896766487188794,0.5555605026290749,all_objects,61,61,0,0,0,0.3148805214932809,0.06928139479603594,0.1705275573051086,0.5018531537460809,0.20442780651278783,0.31562101135508197,0.41631816797676113,all_objects,61,61,0,0,0,1.0847684488798843,0.2732131691617848,0.5403487789144428,1.5680866255147146,0.6556773851736891,1.1309064221868779,1.471652185129133,all_objects,61,61,0,0,0,0.0052825242658462385,0.007721338397439898,2.4396374002612267e-06,0.02655148353502622,4.311757400417803e-06,0.000517709367552566,0.022648493247958635,all_objects,61,61,0,0,0,0.01980817366487444,0.028774100677030855,7.852295800502957e-06,0.09824771930125135,1.629755054042326e-05,0.0012802873958256053,0.08632410216725274,all_objects,61,61,0,0,0,0.006554504779276334,0.006976013403985692,0.0002749228704686732,0.02665217598102412,0.0003757396698210578,0.00299040038680722,0.020075872068828552,all_objects,61,61,0,0,0,0.02276938424076749,0.02462522394830963,0.0006503098722714049,0.07859086903902737,0.001016271595036961,0.008535852905807,0.07061294438530284,all_objects,61,61,0,0,0,0.4699526506236766,0.625743705808778,0.00044273138524886235,1.9011356645642081,0.0007244188980308763,0.042241492394680336,1.7943607088378144,all_objects,61,61,0,0,0,0.7759037571536158,0.08441891619770915,0.5642493075448812,0.9168019744277014,0.6209716598375078,0.7842978554485756,0.8939999581968163,all_objects
llvip,train,base,15,-2,2,2,2.8284271247461903,2728,1024,14,2726,0.999266862170088,20,23,19,0.8260869565217391,1,655,0.2401026392961877,581,0.21297653958944282,1933,2728,0.7085777126099707,0.7085777126099707,2728,2728,0,0,0,0.8393287311213071,0.07840058997118228,0.11957506291393528,0.9784996834193319,0.692916870680983,0.8539529888074384,0.9300656602513667,all_objects,2728,2728,0,0,0,0.8393287311213071,0.07840058997118228,0.11957506291393528,0.9784996834193319,0.692916870680983,0.8539529888074384,0.9300656602513667,all_objects,2728,2728,0,0,0,-0.04448867734629056,0.07979153138590858,-0.4823050024017142,0.5551039221094232,-0.16051910975447925,-0.04734627806789976,0.07987966531093636,all_objects,2728,2728,0,0,0,0.680910342085046,0.2595697124979214,0.2307109253492022,5.040649458002111,0.4518092784470714,0.6328195135142862,1.0887949282180818,all_objects,2728,2728,0,0,0,0.7254288428904248,0.2305054183183081,0.34120651321821305,6.71032914913585,0.5122867203037329,0.6868472845990933,1.0812108750517067,all_objects,2728,2728,0,0,0,0.04451850080537881,0.19728470477878693,-3.9260932575373344,1.8267863548069485,-0.15929746909552148,0.057332436784824026,0.2244714798422067,all_objects,2728,2728,0,0,0,0.28583778491329404,0.2843570305598669,0.02950757941019914,5.565599583724441,0.0852491257665071,0.21438208737745457,0.6808044529899802,all_objects,2728,2728,0,0,0,0.21631969344368512,0.3733431846129727,-0.8699810539681719,0.945220259277228,-0.4183764871745834,0.22680198666967866,0.7943854490228953,all_objects,2728,2728,0,0,0,0.005613852010871606,0.0138811460639503,-0.04355491126526287,0.24105286194219017,-0.004586746923434859,0.0022382167313342275,0.0253421217607608,all_objects,2728,2728,0,0,0,0.12961128629213306,0.053265541909748,0.03495632512914803,0.602962110813088,0.06751761700829696,0.11915622383175192,0.22371387957132527,all_objects,2728,2728,0,0,0,0.11792015104802878,0.06826041970271496,0.008174690143492648,0.4789180932973905,0.0373807395573382,0.10251135930739493,0.25759444845412016,all_objects,2728,2728,0,0,0,1.4059650690605927,0.9469053225683494,0.2146377969703225,13.59284465691566,0.5064933507886161,1.1991093698177955,2.914831531908366,all_objects,2728,2728,0,0,0,0.003460908028406654,0.006364967199486073,4.539797507120783e-08,0.03989555210422604,2.126704196867132e-06,8.567706835813077e-05,0.01824025542131874,all_objects,2728,2728,0,0,0,0.013371110728760871,0.024418056407114256,1.3533430227355773e-07,0.14903863051246666,6.238962547825059e-06,0.0003065357348884287,0.07145378876124285,all_objects,2728,2728,0,0,0,0.004729957400339165,0.006028335315464659,4.309755289340836e-05,0.03564403787154131,0.0002581752342107709,0.0014365020457727505,0.01673931130364975,all_objects,2728,2728,0,0,0,0.016896518598169444,0.02237165940958688,8.608219765222885e-05,0.12789879697239634,0.0005841316229690818,0.0042278488262517105,0.06371324958372383,all_objects,2728,2728,0,0,0,0.3160099034623161,0.5369827260041442,1.0681976249315994e-05,1.9846871436774904,0.0003488483132514375,0.010328955918879501,1.5932522579240618,all_objects,2728,2728,0,0,0,0.8436045482859044,0.07738134610369111,0.12489161754184139,0.978486870962565,0.698385582585806,0.8577970810327588,0.9327294185888492,all_objects
llvip,train,n_iou_lt_070,15,-2,2,2,2.8284271247461903,82,73,13,82,1.0,20,23,19,0.8260869565217391,1,64,0.7804878048780488,68,0.8292682926829268,77,82,0.9390243902439024,0.9390243902439024,82,82,0,0,0,0.6987499134211431,0.13162784285898346,0.11957506291393528,0.8932212387384104,0.49764986931336774,0.7174098935363602,0.8717043583486558,all_objects,82,82,0,0,0,0.6987499134211431,0.13162784285898346,0.11957506291393528,0.8932212387384104,0.49764986931336774,0.7174098935363602,0.8717043583486558,all_objects,82,82,0,0,0,0.10347368633476131,0.13890030461453456,-0.1908227799122693,0.5551039221094232,-0.08173447094357555,0.07403973158672766,0.3288481211620749,all_objects,82,82,0,0,0,1.5334687448175544,0.7647688205918972,0.7929635698187757,5.040649458002111,0.8679013923987137,1.3427683739816638,2.983705990080583,all_objects,82,82,0,0,0,1.1010350834768527,0.7244226873409547,0.4979612441156955,6.71032914913585,0.6242799828829602,0.894288805529936,1.9673530148813159,all_objects,82,82,0,0,0,-0.4324336613407015,0.7188103704284183,-3.9260932575373344,1.669679691133739,-1.1874786539565656,-0.33425485493513374,0.41580408674336855,all_objects,82,82,0,0,0,0.8370923821880711,0.9262040092755398,0.10568458425931401,5.565599583724441,0.12544069206896802,0.5475620696944998,2.0856979334054797,all_objects,82,82,0,0,0,0.5476741781810828,0.3206176861260691,-0.527274442773071,0.922082630716735,-0.03157573511232276,0.6663742981178287,0.888224502510434,all_objects,82,82,0,0,0,0.0457626883911782,0.04731806303973637,-0.01852415207353233,0.24105286194219017,-0.0014475560763170772,0.03535783287521548,0.12499166440390769,all_objects,82,82,0,0,0,0.2266782214595639,0.10541210956242848,0.07291424141035856,0.602962110813088,0.09261228549257021,0.20215794437367127,0.39265960942601336,all_objects,82,82,0,0,0,0.2950183611650579,0.06983477943464111,0.16377375305143124,0.4789180932973905,0.18642605757071218,0.2860288092526103,0.42894910378168877,all_objects,82,82,0,0,0,0.7749438593999951,0.3058610542528156,0.24028285345341735,1.4912513238145748,0.3778057195632037,0.7326570378889297,1.3566761440086772,all_objects,82,82,0,0,0,0.004114219277804903,0.006575673379344463,5.983224901457117e-07,0.03591915452943391,9.57742629762819e-06,0.0004578162512558331,0.017631093768062066,all_objects,82,82,0,0,0,0.015608970250658251,0.025054835617767213,1.716268923524483e-06,0.12439185529646327,2.5436783426659274e-05,0.0017292834837132104,0.07018019839136325,all_objects,82,82,0,0,0,0.0062240276718264756,0.006417899027449696,0.00015385473930800824,0.03564403787154131,0.0005873987528150993,0.0032720226724191888,0.016707772255988393,all_objects,82,82,0,0,0,0.020950983460749174,0.023354179169975252,0.00032686068301344636,0.11668000185206832,0.0011351717639388626,0.010110085478789138,0.06441007308582085,all_objects,82,82,0,0,0,0.3530785815247269,0.5119546498648723,7.697071055190463e-05,1.8442477499514212,0.0013425050335229116,0.05353606498178465,1.5015057667455551,all_objects,82,82,0,0,0,0.7025194970904868,0.13197174611417442,0.12489161754184139,0.8914564139210893,0.5001251351643196,0.719703483061625,0.8718640833569403,all_objects
llvip,train,quality_gate070,15,-2,2,2,2.8284271247461903,23,22,10,23,1.0,19,23,19,0.8260869565217391,0,23,1.0,21,0.9130434782608695,23,23,1.0,1.0,23,23,0,0,0,0.7587953187636475,0.07923400610892996,0.6087185498727453,0.8854209540851183,0.6205571471658562,0.7549443613025851,0.871254928810959,all_objects,23,23,0,0,0,0.7587953187636475,0.07923400610892996,0.6087185498727453,0.8854209540851183,0.6205571471658562,0.7549443613025851,0.871254928810959,all_objects,23,23,0,0,0,0.17695637800800254,0.13816255616330758,0.01208624057909058,0.5551039221094232,0.03552016847497973,0.13936574603167207,0.4715837918682496,all_objects,23,23,0,0,0,1.5602295811012972,0.8675419100842646,0.8444079983662671,4.737907360616081,0.875755745307193,1.3016217418434377,3.364608434650706,all_objects,23,23,0,0,0,0.8380169745822679,0.21729669977126476,0.5973412797082707,1.6675369340444977,0.6229242611709316,0.7818851586059004,1.1134487239277147,all_objects,23,23,0,0,0,-0.7222126065190295,0.8922153637839794,-3.9260932575373344,0.06333943586482982,-2.6111629750307106,-0.5581745460745909,0.009934217557098803,all_objects,23,23,0,0,0,1.2387023653932954,1.4469916153762414,0.10720760009190657,5.565599583724441,0.20907216990102337,0.7507648535546787,5.070128143761579,all_objects,23,23,0,0,0,0.7442249202283351,0.17014844100161874,0.3742210477109361,0.922082630716735,0.42739039599231127,0.8090670072696777,0.9140375849002474,all_objects,23,23,0,0,0,0.07041431247580544,0.06004884404906879,0.01187407518231985,0.24105286194219017,0.012708146128488182,0.051151950313847123,0.221604368067544,all_objects,23,23,0,0,0,0.27788359614667024,0.13141015301579786,0.0800261612526491,0.602962110813088,0.14500493447837054,0.2509364670768551,0.5632156937237399,all_objects,23,23,0,0,0,0.2922976272256671,0.07049322033650486,0.16377375305143124,0.4532843179158149,0.19155322538519948,0.2780635786057447,0.4231893324850266,all_objects,23,23,0,0,0,0.9370812167107485,0.3116990437601752,0.4220425247626122,1.4051819396607277,0.44910738398010386,1.0475657319011964,1.3743678145969949,all_objects,23,23,0,0,0,0.0038042497187626484,0.0055337965052279755,5.983224901457117e-07,0.01807824541173835,4.77625674959781e-06,0.00041544138175783515,0.015851056621331894,all_objects,23,23,0,0,0,0.014902186162081825,0.021919073098152976,1.716268923524483e-06,0.07230836210800969,1.4232045868262505e-05,0.001620332748765408,0.06264542354695285,all_objects,23,23,0,0,0,0.005513606314713594,0.005588310619014025,0.00015385473930800824,0.016308577807755336,0.00036889723955089174,0.0024843623837218043,0.015849410535849595,all_objects,23,23,0,0,0,0.019489189451915183,0.020737168667520345,0.00032686068301344636,0.06450136798625358,0.0007695840335834948,0.009095942344996052,0.05637420225743743,all_objects,23,23,0,0,0,0.3785480712593479,0.520742831806976,7.697071055190463e-05,1.6189317499548679,0.0008684824562635641,0.05293591542306331,1.4796048609124568,all_objects,23,23,0,0,0,0.7609485656107056,0.08152967916796372,0.5841074528375322,0.8854752195546475,0.6176145632654816,0.7587200643515801,0.8714695031762848,all_objects
llvip,val,base,15,-2,2,2,2.8284271247461903,548,196,5,543,0.9908759124087592,60,61,58,0.9508196721311475,2,275,0.5018248175182481,305,0.5565693430656934,443,548,0.8083941605839416,0.8083941605839416,548,548,0,0,0,0.74280716649657,0.1299769557940522,0.08103250419001533,0.9566209717094046,0.509884126354027,0.7660935241647643,0.907383444531552,all_objects,548,548,0,0,0,0.74280716649657,0.1299769557940522,0.08103250419001533,0.9566209717094046,0.509884126354027,0.7660935241647643,0.907383444531552,all_objects,548,548,0,0,0,0.016324340997145997,0.1525177626173412,-0.4755211765167802,0.5558439093604564,-0.1999243775750078,0.0007177620054762968,0.29941560766097036,all_objects,548,548,0,0,0,1.1296532567372595,0.6875356714472393,0.3527060457076785,5.001997555456926,0.535784429351183,0.9031641937197016,2.495684714640167,all_objects,548,548,0,0,0,0.9706733754321965,0.5177611655742155,0.43974154012757016,5.840098307799726,0.5654813627466638,0.812965239489434,1.981617841521259,all_objects,548,548,0,0,0,-0.1589798813050629,0.656587619943156,-3.804206802379322,2.9962643429315894,-1.1589254622902492,-0.03521585277574979,0.534883807940645,all_objects,548,548,0,0,0,0.8781969748278926,0.9935837952866897,0.04708463040073444,9.255582192747486,0.1528386561096224,0.5621986903089542,2.5784012126784877,all_objects,548,548,0,0,0,0.4008565333992815,0.382066378675712,-0.6265851598375407,0.9426342442256528,-0.3251268207975114,0.48690357812751056,0.8943398086160668,all_objects,548,548,0,0,0,0.030535236103835184,0.04244262434566777,-0.034456502276593894,0.26346912538667044,-0.00813613135356735,0.015752774290190796,0.10935687165317579,all_objects,548,548,0,0,0,0.232677510962451,0.10359743800931359,0.052047659971012405,0.6628216228009373,0.10271265908319083,0.21305549711772215,0.432239910227503,all_objects,548,548,0,0,0,0.22094331233387587,0.09853059840946579,0.03175749632088304,0.5018531537460809,0.08393298169206632,0.21053633216692952,0.3973736483626606,all_objects,548,548,0,0,0,1.205521805672421,0.6347081554358124,0.26297590387701375,6.219375520782805,0.4595876284974448,1.1081766510917617,2.2380352709871243,all_objects,548,548,0,0,0,0.004624305186765068,0.008110426531872578,1.003707005122706e-06,0.040641795943205626,2.844352672068908e-06,0.0001097047380991301,0.023361368134169322,all_objects,548,548,0,0,0,0.01723872767199551,0.029262089578290858,2.7509777573749985e-06,0.12558738323131344,8.737525414827036e-06,0.0003403873122787992,0.08926538350181402,all_objects,548,548,0,0,0,0.005692525234845956,0.007112201572464134,0.00018943619142192372,0.03425327617476667,0.0003109518942434001,0.0016611481448444605,0.019636978514991344,all_objects,548,548,0,0,0,0.019850490190898854,0.02491095055768783,0.00039005897721936894,0.11862711525745151,0.0007008489143282895,0.004866658126112639,0.07099154917898443,all_objects,548,548,0,0,0,0.39149695135284296,0.6111738878387398,0.00010061107440151318,1.999786621100725,0.0004542997439045849,0.012565237379249083,1.8142647183988407,all_objects,548,548,0,0,0,0.7472544977339418,0.12948114817280046,0.09010834184856542,0.9568214575532015,0.5082469113112849,0.7699597082922791,0.9089811194160369,all_objects
llvip,val,n_iou_lt_070,15,-2,2,2,2.8284271247461903,199,109,5,197,0.9899497487437185,60,61,58,0.9508196721311475,2,150,0.7537688442211056,167,0.8391959798994975,183,199,0.9195979899497487,0.9195979899497487,199,199,0,0,0,0.6848707089931355,0.1583108750916544,0.08103250419001533,0.9363706464386604,0.4133590966611276,0.6936663581515831,0.8966492229948546,all_objects,199,199,0,0,0,0.6848707089931355,0.1583108750916544,0.08103250419001533,0.9363706464386604,0.4133590966611276,0.6936663581515831,0.8966492229948546,all_objects,199,199,0,0,0,0.12348271662580475,0.16561268123150744,-0.4755211765167802,0.5558439093604564,-0.11250039816463804,0.1371354430018712,0.3948221730790278,all_objects,199,199,0,0,0,1.7359173322976793,0.7979102861211226,0.7802346682423353,5.001997555456926,0.8758429577319732,1.5544592925965315,3.357660916473895,all_objects,199,199,0,0,0,1.1601750705189924,0.6738131962410108,0.43974154012757016,5.840098307799726,0.5857821044662724,0.9588766380429166,2.5886895365627876,all_objects,199,199,0,0,0,-0.5757422617786869,0.8432321708354332,-3.804206802379322,2.540438789376563,-2.157842861550413,-0.5144371315095663,0.47052391302479213,all_objects,199,199,0,0,0,1.417103727799053,1.3180909112203507,0.12433447678737608,9.255582192747486,0.24387884584443117,1.0546094998615962,3.9945210727785603,all_objects,199,199,0,0,0,0.5738345107315042,0.3144876134233639,-0.4046262478638758,0.9426342442256528,-0.07818244671030306,0.6555819095720369,0.9113175855884076,all_objects,199,199,0,0,0,0.06266121988819805,0.05285344882466509,-0.034456502276593894,0.26346912538667044,-0.0043630589571674065,0.05616232373429855,0.1656873017726511,all_objects,199,199,0,0,0,0.29593971271015745,0.11906752168028026,0.09653175162183547,0.6628216228009373,0.12986318199727798,0.28510346068028275,0.50771051659247,all_objects,199,199,0,0,0,0.31668331667712996,0.06760143215060646,0.14747383833816738,0.5018531537460809,0.20423323313350353,0.3193137834123681,0.42770397153223966,all_objects,199,199,0,0,0,0.9441785564706043,0.3383252259327095,0.3156138262644414,1.8827081186497616,0.4056324037466053,0.943690713704531,1.4730276527048511,all_objects,199,199,0,0,0,0.004591709810027604,0.008143308347088011,1.4161135273468743e-06,0.04017961678060447,4.270961679876754e-06,8.980043380220187e-05,0.023517823955398164,all_objects,199,199,0,0,0,0.017011861370972953,0.029286406677649993,3.067732068656991e-06,0.11213969627936395,1.3865254821320837e-05,0.00031671038143821066,0.08945297056774633,all_objects,199,199,0,0,0,0.0056773573651325735,0.0070526886995232905,0.00024842479749292165,0.03230773232681445,0.00036518191656415906,0.0016624555631005683,0.019054127459349365,all_objects,199,199,0,0,0,0.019492018423083193,0.024810886463078285,0.00039005897721936894,0.11092457535982882,0.0008640945883729065,0.004625274268974276,0.07052241730514999,all_objects,199,199,0,0,0,0.38279251471285486,0.6133446411266071,0.00021763478991942975,1.9814197029484149,0.0007329989159018169,0.01278177609992781,1.777357547381089,all_objects,199,199,0,0,0,0.6879803059816457,0.15667069797950486,0.09010834184856542,0.936312817747609,0.4129212266150869,0.6997228087518391,0.8996581824715018,all_objects
llvip,val,quality_gate070,15,-2,2,2,2.8284271247461903,61,49,5,61,1.0,58,61,58,0.9508196721311475,0,60,0.9836065573770492,61,1.0,61,61,1.0,1.0,61,61,0,0,0,0.7833785593439223,0.08958398676597434,0.5275137537036698,0.9363706464386604,0.6112346067020553,0.7927645992470064,0.9076049442761427,all_objects,61,61,0,0,0,0.7833785593439223,0.08958398676597434,0.5275137537036698,0.9363706464386604,0.6112346067020553,0.7927645992470064,0.9076049442761427,all_objects,61,61,0,0,0,0.2357271106026905,0.11988963768532958,-0.02170459020920268,0.5304400273455867,0.08004325908815524,0.19516494704299936,0.4620749572640488,all_objects,61,61,0,0,0,1.738786075620742,0.8104125587372356,0.7802346682423353,5.001997555456926,0.8676732916761339,1.5549755958521454,3.138343399318902,all_objects,61,61,0,0,0,0.7958000516563284,0.22267583888680398,0.447840923744813,1.7976301698584125,0.5858318410786463,0.7237686727023291,1.1977907530776042,all_objects,61,61,0,0,0,-0.9429860239644136,0.7496406243482371,-3.804206802379322,-0.1401478223630357,-2.2531624354296262,-0.6865749329505946,-0.18048780941887088,all_objects,61,61,0,0,0,1.7251837384063782,1.199651700113794,0.35118787372060656,6.019980649866423,0.500735194135166,1.2929707355765339,3.982429804837467,all_objects,61,61,0,0,0,0.7832320415359133,0.14177368768893106,0.37127557941856376,0.9362976798345962,0.4653075601424201,0.823503797860042,0.9205003031545045,all_objects,61,61,0,0,0,0.09245572302509272,0.0513869753112134,0.01581312408797115,0.26346912538667044,0.02912424201629274,0.08195713605878889,0.1867619506987383,all_objects,61,61,0,0,0,0.3506765603705005,0.10268169766776053,0.16399638293203156,0.639080187479104,0.19785993747724578,0.3349378424382315,0.5406181758118473,all_objects,61,61,0,0,0,0.3148805214932809,0.06928139479603594,0.1705275573051086,0.5018531537460809,0.20442780651278783,0.31562101135508197,0.41631816797676113,all_objects,61,61,0,0,0,1.1248316049889029,0.25424325514089763,0.5823101276736101,1.6487101979245,0.6899239375150377,1.139213088560383,1.4466167217110029,all_objects,61,61,0,0,0,0.003693312830601108,0.006425811192175082,1.8554525680045337e-06,0.023584985443370565,4.063488917162271e-06,5.659847030443899e-05,0.01953653190266448,all_objects,61,61,0,0,0,0.014599747738450958,0.025322404258451503,6.372746594183329e-06,0.09432891769411934,1.4001807579433882e-05,0.00014939287963672005,0.07750295634283434,all_objects,61,61,0,0,0,0.00480768872400901,0.006084840377519283,0.00024842479749292165,0.0229777021716867,0.0003267579476705216,0.0012848517567406264,0.017848041828645085,all_objects,61,61,0,0,0,0.017548746312316697,0.023130371495838853,0.00047702422933815626,0.07741865325861615,0.0009005783820230449,0.002938389784559844,0.06636718030639784,all_objects,61,61,0,0,0,0.3507255706411596,0.5704421553378828,0.00040434209370232566,1.8679799257096192,0.0007406509674297013,0.006060562710672457,1.6915003343860917,all_objects,61,61,0,0,0,0.7862843094397846,0.08692384709960306,0.5522558242353061,0.936312817747609,0.6176251004326037,0.7973549667428146,0.9083647926249263,all_objects
llvip,train,base,16,-2,-2,2,2.8284271247461903,2728,1024,14,2726,0.999266862170088,23,23,21,0.9130434782608695,2,668,0.24486803519061584,599,0.21957478005865103,1945,2728,0.7129765395894428,0.7129765395894428,2728,2728,0,0,0,0.8406843043917157,0.07886468567704984,0.13162405018515821,0.9716687715715056,0.6945871548715559,0.8569402799808499,0.9356903854497859,all_objects,2728,2728,0,0,0,0.8406843043917157,0.07886468567704984,0.13162405018515821,0.9716687715715056,0.6945871548715559,0.8569402799808499,0.9356903854497859,all_objects,2728,2728,0,0,0,-0.04313310407588196,0.08013339896533306,-0.5279188127807931,0.5525762700234751,-0.1607371958331442,-0.04592273951169601,0.08118025042988002,all_objects,2728,2728,0,0,0,0.680910342085046,0.2595697124979214,0.2307109253492022,5.040649458002111,0.4518092784470714,0.6328195135142862,1.0887949282180818,all_objects,2728,2728,0,0,0,0.7217356413495705,0.22167160466044858,0.32589521233545293,6.528347533920842,0.5131672772965262,0.6836600199912608,1.041331617354808,all_objects,2728,2728,0,0,0,0.04082529926452441,0.19344184142198995,-3.7968441136608417,1.870765290060069,-0.15940343595621817,0.05501680500866618,0.22154977435323972,all_objects,2728,2728,0,0,0,0.2702350058673521,0.2754548185089464,0.02479573729459664,5.684094861876553,0.07750052401986476,0.20436978061543604,0.6596496576920367,all_objects,2728,2728,0,0,0,0.22353940940768818,0.37521135967948305,-0.8466301360581769,0.9523450876974219,-0.4324771280871726,0.254573914731211,0.7868815830879091,all_objects,2728,2728,0,0,0,0.005631484569483352,0.013808300238859069,-0.03206549773803742,0.24546441435842167,-0.005019275427285743,0.002272676133998887,0.025577814719980118,all_objects,2728,2728,0,0,0,0.1276126947065115,0.05263753243509529,0.030858581291012318,0.5998484603673028,0.06669113846652218,0.11742312411611644,0.21861004487710417,all_objects,2728,2728,0,0,0,0.11792015104802878,0.06826041970271496,0.008174690143492648,0.4789180932973905,0.0373807395573382,0.10251135930739493,0.25759444845412016,all_objects,2728,2728,0,0,0,1.3824270201351225,0.9375979136016087,0.1776826493477785,13.911964673693468,0.48831073363248356,1.16861018520809,2.8842233427561803,all_objects,2728,2728,0,0,0,0.0037743134244114197,0.006659346302012286,3.385373715461699e-08,0.038672119335312234,2.2789238205976918e-06,0.00011983135580335746,0.018513605735530927,all_objects,2728,2728,0,0,0,0.014443963604192875,0.025283877069062797,7.248853989647538e-08,0.14903863051246666,6.292997901438513e-06,0.0004185356295082497,0.07190986632938128,all_objects,2728,2728,0,0,0,0.0051084199832398215,0.006330931159437529,4.1710505154361136e-05,0.0353425068327337,0.00027345685943898595,0.001715284680385793,0.01794860588721343,all_objects,2728,2728,0,0,0,0.01801911413262727,0.023044168325205085,6.434819384272334e-05,0.12789879697239634,0.0005868437681705264,0.005053822315626273,0.06427229256806419,all_objects,2728,2728,0,0,0,0.33957395229705134,0.5504688744975982,6.154710149530729e-06,1.9846871436774904,0.0003548865805953483,0.013909899045117413,1.594455875118811,all_objects,2728,2728,0,0,0,0.8450818895350218,0.07789708802877705,0.13751778248174493,0.9796710486562841,0.6994399896806487,0.860668018343114,0.937692759011909,all_objects
llvip,train,n_iou_lt_070,16,-2,-2,2,2.8284271247461903,82,73,13,82,1.0,23,23,21,0.9130434782608695,2,63,0.7682926829268293,69,0.8414634146341463,75,82,0.9146341463414634,0.9146341463414634,82,82,0,0,0,0.7033390492901348,0.1347401430172773,0.13162405018515821,0.8981940800566055,0.500136226820134,0.7275613163122354,0.8718170198218405,all_objects,82,82,0,0,0,0.7033390492901348,0.1347401430172773,0.13162405018515821,0.8981940800566055,0.500136226820134,0.7275613163122354,0.8718170198218405,all_objects,82,82,0,0,0,0.10806282220375318,0.1421507738450243,-0.1908227799122693,0.5525762700234751,-0.08305768876084321,0.08163940068165132,0.35328448642690075,all_objects,82,82,0,0,0,1.5334687448175544,0.7647688205918972,0.7929635698187757,5.040649458002111,0.8679013923987137,1.3427683739816638,2.983705990080583,all_objects,82,82,0,0,0,1.095275611588166,0.6961017830677381,0.5121827581299967,6.528347533920842,0.6187642331576181,0.928881586948882,1.7085127824445192,all_objects,82,82,0,0,0,-0.4381931332293881,0.7001584962359118,-3.7968441136608417,1.4876980759187308,-1.1891007177448272,-0.291596134301356,0.37763040421445415,all_objects,82,82,0,0,0,0.8129561401895005,0.9098492230706366,0.05516387613668356,5.684094861876553,0.13766745457764923,0.5834094782146748,2.116233212224373,all_objects,82,82,0,0,0,0.5481979347342262,0.32599840197885444,-0.4478848712487448,0.9172281594625786,-0.1305193369811443,0.645462699324093,0.8982386532522819,all_objects,82,82,0,0,0,0.04556414175753534,0.04731854755412979,-0.02091983891786312,0.24546441435842167,-0.0030538297395416372,0.03476687672120622,0.12365462396421675,all_objects,82,82,0,0,0,0.2244786183075816,0.10506227544538425,0.04978399298082356,0.5998484603673028,0.10102014057346008,0.20690816011144664,0.397532133319516,all_objects,82,82,0,0,0,0.2950183611650579,0.06983477943464111,0.16377375305143124,0.4789180932973905,0.18642605757071218,0.2860288092526103,0.42894910378168877,all_objects,82,82,0,0,0,0.7641552527719863,0.30136275769616566,0.1776826493477785,1.4279441022103647,0.3740303888980982,0.6970318762950907,1.3225483776102482,all_objects,82,82,0,0,0,0.005284293583377572,0.0076172127058381925,5.536091589893867e-06,0.031180204024361377,9.511107349388531e-06,0.0006954601059965611,0.020585527956103012,all_objects,82,82,0,0,0,0.020175411228179865,0.029370801022627097,2.0287496917376758e-05,0.12439185529646327,3.0783915733995956e-05,0.002282088198731504,0.07525365312808703,all_objects,82,82,0,0,0,0.007144086413117163,0.00725930431990091,0.00036756837139624007,0.03156892721816327,0.0005318153571218494,0.00393991438183327,0.020721238209108563,all_objects,82,82,0,0,0,0.024783488381250964,0.02663257546564237,0.001073824616413528,0.11668000185206832,0.0012055422099905276,0.010867942573682036,0.07335719654793617,all_objects,82,82,0,0,0,0.43538614044125146,0.5675345039343036,0.0008421561627187657,1.8442477499514212,0.0014352202455484076,0.06949721148609456,1.525270932033729,all_objects,82,82,0,0,0,0.7071351272927588,0.1348430746500159,0.13751778248174493,0.9117920181161249,0.5050483239253906,0.7276550023401258,0.8823389524018336,all_objects
llvip,train,quality_gate070,16,-2,-2,2,2.8284271247461903,23,22,10,23,1.0,21,23,21,0.9130434782608695,0,23,1.0,21,0.9130434782608695,23,23,1.0,1.0,23,23,0,0,0,0.7707571436161752,0.07701045695871496,0.6454095642003762,0.8918896568413683,0.6485361140787805,0.7681169927385354,0.881320555411732,all_objects,23,23,0,0,0,0.7707571436161752,0.07701045695871496,0.6454095642003762,0.8918896568413683,0.6485361140787805,0.7681169927385354,0.881320555411732,all_objects,23,23,0,0,0,0.1889182028605302,0.13398874124620308,0.01962868679720453,0.5525762700234751,0.046009914234105755,0.17182885222786737,0.4740225168676815,all_objects,23,23,0,0,0,1.5602295811012972,0.8675419100842646,0.8444079983662671,4.737907360616081,0.875755745307193,1.3016217418434377,3.364608434650706,all_objects,23,23,0,0,0,0.8219550544610894,0.1877584605284316,0.566133291592114,1.2877975616767143,0.6015729973492008,0.7873369295847382,1.229754956915834,all_objects,23,23,0,0,0,-0.738274526640208,0.8584940051406973,-3.7968441136608417,0.1008806551328496,-2.576449393646161,-0.5812005838806885,0.030442964135896693,all_objects,23,23,0,0,0,1.2154911772981933,1.427043918757355,0.198488497530535,5.684094861876553,0.22432831803772404,0.7691633719832668,4.829892293644751,all_objects,23,23,0,0,0,0.7556137011930122,0.1760102970987013,0.2546785405121907,0.9172281594625786,0.40642637344182797,0.8191095921762661,0.912525896630026,all_objects,23,23,0,0,0,0.07097755282645367,0.058576654821072584,0.008795297780411328,0.24546441435842167,0.01286472388633901,0.05722377706549134,0.21144943644615574,all_objects,23,23,0,0,0,0.2774338516493358,0.1279961233413038,0.11494099399374723,0.5998484603673028,0.13387798686101104,0.2531229038445833,0.5582949326683525,all_objects,23,23,0,0,0,0.2922976272256671,0.07049322033650486,0.16377375305143124,0.4532843179158149,0.19155322538519948,0.2780635786057447,0.4231893324850266,all_objects,23,23,0,0,0,0.9406946042047358,0.3042772396589653,0.4749252841611862,1.3851849854347174,0.4769874203101596,1.0635886072413523,1.339072279990646,all_objects,23,23,0,0,0,0.005100875274483954,0.006358351337756055,5.536091589893867e-06,0.018646993212831236,8.409304829888433e-06,0.000691704539250498,0.017880409570739345,all_objects,23,23,0,0,0,0.019762973067357276,0.024400172839398843,2.0287496917376758e-05,0.07230836210800969,2.662934002356062e-05,0.0017859271005589777,0.0631718933948816,all_objects,23,23,0,0,0,0.006679554042642961,0.006323189144575607,0.0003874978673373198,0.021399166330077872,0.0005190025598001848,0.003867769737666314,0.016731817907352047,all_objects,23,23,0,0,0,0.023731323401889215,0.022586429296013358,0.00109360699072953,0.06450136798625358,0.0011828684863972214,0.009643000172066419,0.05914861669479951,all_objects,23,23,0,0,0,0.49582255539690673,0.5799051348943317,0.0008421561627187657,1.6189317499548679,0.001279524773974572,0.0651765580029462,1.488101284652214,all_objects,23,23,0,0,0,0.7732250030165531,0.08093791861792628,0.6186316830123265,0.9117920181161249,0.6453802804186247,0.768924815385616,0.8884770709099326,all_objects
llvip,val,base,16,-2,-2,2,2.8284271247461903,548,196,5,543,0.9908759124087592,59,61,58,0.9508196721311475,1,266,0.4854014598540146,293,0.5346715328467153,438,548,0.7992700729927007,0.7992700729927007,548,548,0,0,0,0.7436398153326115,0.12867398855541348,0.10460639899955922,0.975463819929852,0.5131567827337081,0.7658094025346245,0.9034282407148718,all_objects,548,548,0,0,0,0.7436398153326115,0.12867398855541348,0.10460639899955922,0.975463819929852,0.5131567827337081,0.7658094025346245,0.9034282407148718,all_objects,548,548,0,0,0,0.017156989833187475,0.15355775635617672,-0.4803495191786728,0.5790815096583367,-0.1996384610574258,-0.004895507033684909,0.3047010615762064,all_objects,548,548,0,0,0,1.1296532567372595,0.6875356714472393,0.3527060457076785,5.001997555456926,0.535784429351183,0.9031641937197016,2.495684714640167,all_objects,548,548,0,0,0,0.976114391796169,0.5169211383976975,0.44336267366255194,5.051684403745703,0.572694721940717,0.8072493135184406,1.9412957844466963,all_objects,548,548,0,0,0,-0.15353886494109034,0.6669193714848148,-4.068981085079125,3.420236652997182,-1.2399498549058798,-0.022527505196850706,0.5260860788121944,all_objects,548,548,0,0,0,0.8045475393146534,0.9551205307017337,0.05725924980160834,8.962049223238738,0.13644490085916133,0.49501389640930216,2.3762944461160735,all_objects,548,548,0,0,0,0.3905214138302053,0.3867222893324958,-0.6621757014321585,0.9597155806816688,-0.3003671001071081,0.46480055646433893,0.8931384266516023,all_objects,548,548,0,0,0,0.029064098184945316,0.04173732165757562,-0.028404045278463096,0.2655224483044488,-0.00903675178774838,0.013207243829907237,0.10985091428836175,all_objects,548,548,0,0,0,0.2233019188015416,0.10166537287272713,0.058694788276619225,0.657707555514773,0.10052545100791598,0.1998750133853997,0.42394163692478193,all_objects,548,548,0,0,0,0.22094331233387587,0.09853059840946579,0.03175749632088304,0.5018531537460809,0.08393298169206632,0.21053633216692952,0.3973736483626606,all_objects,548,548,0,0,0,1.1565184844405099,0.6033895225411618,0.2672190802246844,5.075953376717939,0.4307088803467337,1.0615701856100062,2.1888168998861874,all_objects,548,548,0,0,0,0.004774442890016057,0.0078611809516164,1.3512409972356105e-06,0.03745692174794153,3.5858694121275935e-06,0.00021446375924409427,0.02324063695735037,all_objects,548,548,0,0,0,0.018012194275607688,0.02936724818910891,3.815677907124571e-06,0.12558738323131344,9.951416993547738e-06,0.0007835314931769753,0.08915885200284678,all_objects,548,548,0,0,0,0.005927888354368708,0.006904425039225516,0.00021995662228318382,0.032136742974546495,0.0003442241881108501,0.0022745474545949737,0.019451500225960247,all_objects,548,548,0,0,0,0.020747301957393702,0.02489429200225973,0.00045836570774935914,0.11862711525745151,0.0007671244182790993,0.006797740984983462,0.07081331699287352,all_objects,548,548,0,0,0,0.4132985627189028,0.6169993125015177,0.00014787620449396854,1.999786621100725,0.0004934354079381365,0.024503487004707836,1.795374874521213,all_objects,548,548,0,0,0,0.7482462000604868,0.12832890235569233,0.10655587232095169,0.9769364665789944,0.5143176920061152,0.7705889848424268,0.9090381538027855,all_objects
llvip,val,n_iou_lt_070,16,-2,-2,2,2.8284271247461903,199,109,5,197,0.9899497487437185,59,61,58,0.9508196721311475,1,156,0.7839195979899497,165,0.8291457286432161,184,199,0.9246231155778895,0.9246231155778895,199,199,0,0,0,0.6885333350719959,0.15652805296005234,0.10460639899955922,0.975463819929852,0.40931685169268506,0.7150446433726766,0.8864904269345381,all_objects,199,199,0,0,0,0.6885333350719959,0.15652805296005234,0.10460639899955922,0.975463819929852,0.40931685169268506,0.7150446433726766,0.8864904269345381,all_objects,199,199,0,0,0,0.127145342704665,0.16575342294690962,-0.45194728170723636,0.5790815096583367,-0.10636733450131729,0.12317178857350475,0.4029394792204635,all_objects,199,199,0,0,0,1.7359173322976793,0.7979102861211226,0.7802346682423353,5.001997555456926,0.8758429577319732,1.5544592925965315,3.357660916473895,all_objects,199,199,0,0,0,1.1520300012236604,0.6414837414840254,0.44336267366255194,5.051684403745703,0.5737633630335056,0.945979723314687,2.4670141192854205,all_objects,199,199,0,0,0,-0.5838873310740189,0.8433857692367586,-4.068981085079125,2.503446757799229,-2.112508938133821,-0.5132862091957301,0.4912560417243129,all_objects,199,199,0,0,0,1.3122900064619745,1.2624903730179564,0.06724403438266481,8.962049223238738,0.19240558225314533,0.9617462250523006,3.8698830875246033,all_objects,199,199,0,0,0,0.5821837565528818,0.3138727618614227,-0.4116565521437617,0.9597155806816688,-0.06396532087924513,0.6916727573142575,0.9208825587878341,all_objects,199,199,0,0,0,0.06113067020961969,0.051978914307462584,-0.028404045278463096,0.2655224483044488,-0.004338218437753493,0.053931169155432765,0.15864386258968535,all_objects,199,199,0,0,0,0.28543707822103853,0.1178098354037983,0.0731754154906352,0.657707555514773,0.11534907415938833,0.27475522319906076,0.5010856343472073,all_objects,199,199,0,0,0,0.31668331667712996,0.06760143215060646,0.14747383833816738,0.5018531537460809,0.20423323313350353,0.3193137834123681,0.42770397153223966,all_objects,199,199,0,0,0,0.9117370594225958,0.3405336746758487,0.2904264646394548,1.8534481552788988,0.3592629518415487,0.9083656092898146,1.450969341753008,all_objects,199,199,0,0,0,0.004918027296993256,0.007928504890097936,2.9165324386110776e-06,0.030138800256123706,5.537853688171924e-06,0.00034156453448549795,0.02311277208375353,all_objects,199,199,0,0,0,0.01851561516714121,0.02978055967384397,6.372746594183329e-06,0.11213969627936395,1.5953310334337703e-05,0.0011614817027258693,0.08956174103400683,all_objects,199,199,0,0,0,0.006124368506622927,0.006861637559301022,0.00033015077698625114,0.028567757520014257,0.00039436048784719766,0.0025678632822526823,0.019772771941399862,all_objects,199,199,0,0,0,0.02115246773911707,0.024936029281454608,0.0005880844869037289,0.11092457535982882,0.0009215624666567578,0.007987810267672708,0.07073038653537986,all_objects,199,199,0,0,0,0.4238284375012718,0.6259402603314075,0.00039330977779172827,1.9814197029484149,0.0007849395341224863,0.03737562156328522,1.831073677660146,all_objects,199,199,0,0,0,0.6917371583165701,0.15509779034037427,0.10655587232095169,0.9769364665789944,0.41324432342912804,0.7179017239627224,0.8941785590944992,all_objects
llvip,val,quality_gate070,16,-2,-2,2,2.8284271247461903,61,49,5,61,1.0,58,61,58,0.9508196721311475,0,60,0.9836065573770492,60,0.9836065573770492,61,61,1.0,1.0,61,61,0,0,0,0.7808921153625961,0.0900995891779856,0.5428047553815144,0.9273110700861362,0.6176166063710138,0.7875343295222528,0.8928309646283846,all_objects,61,61,0,0,0,0.7808921153625961,0.0900995891779856,0.5428047553815144,0.9273110700861362,0.6176166063710138,0.7875343295222528,0.8928309646283846,all_objects,61,61,0,0,0,0.23324066662136422,0.12988385454536255,-0.006413588531358094,0.5790815096583367,0.06340616081623496,0.2010839886548189,0.4668739323278581,all_objects,61,61,0,0,0,1.738786075620742,0.8104125587372356,0.7802346682423353,5.001997555456926,0.8676732916761339,1.5549755958521454,3.138343399318902,all_objects,61,61,0,0,0,0.8255747069100832,0.28313391389993287,0.47282068958793855,2.002450663825928,0.5613532521702514,0.7454438950810206,1.2686469060976986,all_objects,61,61,0,0,0,-0.9132113687106587,0.7772653229849915,-4.068981085079125,0.07385381060251239,-2.1322390749468596,-0.6579507738441941,-0.19519761134360925,all_objects,61,61,0,0,0,1.6049207679957396,1.164688626912293,0.3663800371204982,5.964295242153625,0.40231814641636765,1.1001156995889638,3.8608845277206214,all_objects,61,61,0,0,0,0.7780898379978938,0.15916300420629417,0.24622686732364638,0.9597155806816688,0.4806872561672306,0.8417004867512248,0.9397220035614707,all_objects,61,61,0,0,0,0.08961650080901132,0.05212471005362202,0.014709525676273847,0.2655224483044488,0.027587296812647075,0.0714486540855751,0.17865365522238405,all_objects,61,61,0,0,0,0.34020947827013737,0.10050146896060923,0.16763010653345034,0.6326030408078014,0.18775714498510107,0.3063400739511089,0.532976117611892,all_objects,61,61,0,0,0,0.3148805214932809,0.06928139479603594,0.1705275573051086,0.5018531537460809,0.20442780651278783,0.31562101135508197,0.41631816797676113,all_objects,61,61,0,0,0,1.0927764582384065,0.2543533520785679,0.5826305108285204,1.631316552695164,0.7258143198612638,1.0791376687251786,1.449689501234984,all_objects,61,61,0,0,0,0.004571955620170161,0.006906356449345947,2.9165324386110776e-06,0.02369636524458831,4.564853521213458e-06,0.00019505056050573235,0.020569199282531894,all_objects,61,61,0,0,0,0.017241609782120935,0.026285056965038738,6.372746594183329e-06,0.09432891769411934,1.5220658694182816e-05,0.0005805740355262429,0.07750295634283434,all_objects,61,61,0,0,0,0.005882494141282793,0.0065604663162047334,0.00033015077698625114,0.022566573559672752,0.0003651905649003944,0.001923564897526132,0.01783433933009253,all_objects,61,61,0,0,0,0.020375144530019904,0.023762704633479986,0.0005880844869037289,0.07741865325861615,0.0009056606944919999,0.004936079038253608,0.06636718030639784,all_objects,61,61,0,0,0,0.41760601848936413,0.5958300717314475,0.00040434209370232566,1.8679799257096192,0.0007771436008283672,0.024620440253556808,1.6915003343860917,all_objects,61,61,0,0,0,0.7837259415031408,0.08737924886551074,0.5685228486983652,0.9272688625299673,0.6176374105172625,0.798081149614312,0.9098046644170551,all_objects
llvip,train,base,17,4,0,4,4.0,2728,1024,14,2698,0.9890029325513197,24,23,22,0.9565217391304348,2,364,0.13343108504398826,529,0.1939149560117302,1869,2728,0.6851173020527859,0.6851173020527859,2728,2728,0,0,0,0.7935253808001547,0.08544764875058423,0.14520707265824412,0.9752745229279223,0.6401521757982418,0.8072639393999993,0.9033496050420119,all_objects,2728,2728,0,0,0,0.7935253808001547,0.08544764875058423,0.14520707265824412,0.9752745229279223,0.6401521757982418,0.8072639393999993,0.9033496050420119,all_objects,2728,2728,0,0,0,-0.0902920276674431,0.09278275382299889,-0.6427609588898565,0.7499931456384223,-0.2309446963527432,-0.09230163320309104,0.05709297731191111,all_objects,2728,2728,0,0,0,0.680910342085046,0.2595697124979214,0.2307109253492022,5.040649458002111,0.4518092784470714,0.6328195135142862,1.0887949282180818,all_objects,2728,2728,0,0,0,0.7411110368864328,0.23692793354223102,0.3220438417608521,5.379382898505101,0.5213377331392621,0.69219216919882,1.1295428956195845,all_objects,2728,2728,0,0,0,0.060200694801386644,0.20036920777256428,-3.9572465960960583,1.7434892271284153,-0.13668756481223496,0.0645976210438218,0.27043463312321253,all_objects,2728,2728,0,0,0,0.38579076733547607,0.3274399976202817,0.03457540815920879,6.689418265007361,0.11401962229231112,0.30632925318429294,0.9141739003080221,all_objects,2728,2728,0,0,0,0.18070774482500085,0.3512131811746775,-0.7953969904297306,0.927912673058163,-0.423310481936317,0.19271941031998385,0.7300671107798778,all_objects,2728,2728,0,0,0,0.005731948812610942,0.014344488632373129,-0.05234674087765438,0.26318319628613573,-0.006071891536780489,0.0022778438976942986,0.027634896594835655,all_objects,2728,2728,0,0,0,0.1571801321200952,0.055911472289022664,0.050257193803441014,0.6336602507209814,0.08877647170863394,0.14471585198560233,0.26013403754918596,all_objects,2728,2728,0,0,0,0.11792015104802878,0.06826041970271496,0.008174690143492648,0.4789180932973905,0.0373807395573382,0.10251135930739493,0.25759444845412016,all_objects,2728,2728,0,0,0,1.7473993681661992,1.1998779074425814,0.30359432403321335,14.405475046372455,0.6167642649286578,1.449278953762232,3.787312275772008,all_objects,2728,2728,0,0,0,0.00577063163881138,0.011399464569989805,3.890605455510941e-08,0.0642899481326586,2.144644884678077e-06,8.599815485901092e-05,0.032953127944871013,all_objects,2728,2728,0,0,0,0.02307906406702415,0.04559760874260222,8.351647372223768e-08,0.2571236198950105,7.963267864520966e-06,0.0003389030932659735,0.13181175762332015,all_objects,2728,2728,0,0,0,0.0075932593578939755,0.010684708156753557,4.7245560781429396e-05,0.0604450280237793,0.00028991561237016436,0.00173408603518346,0.030873756787174203,all_objects,2728,2728,0,0,0,0.029925118994354377,0.042691805009271395,9.868181443068482e-05,0.23948970188057453,0.0009468989575155865,0.006320557466053211,0.12318023965957361,all_objects,2728,2728,0,0,0,0.5280779897553183,0.9748863038469194,2.0351698026388476e-05,3.945995310078956,0.0004308396384715252,0.011533457417726822,2.9232319364516797,all_objects,2728,2728,0,0,0,0.8032052107238221,0.08300632118205795,0.1659613036162093,0.9654928577087326,0.6577320145422618,0.8162350069627107,0.9085371550215341,all_objects
llvip,train,n_iou_lt_070,17,4,0,4,4.0,82,73,13,82,1.0,24,23,22,0.9565217391304348,2,59,0.7195121951219512,66,0.8048780487804879,74,82,0.9024390243902439,0.9024390243902439,82,82,0,0,0,0.6879226959622219,0.15421379864495915,0.14520707265824412,0.9507970141395615,0.431312362557628,0.7270688743698652,0.8810887107768811,all_objects,82,82,0,0,0,0.6879226959622219,0.15421379864495915,0.14520707265824412,0.9507970141395615,0.431312362557628,0.7270688743698652,0.8810887107768811,all_objects,82,82,0,0,0,0.09264646887584013,0.16988968355405729,-0.31479242523872414,0.7499931456384223,-0.16152561705622392,0.09147457764003725,0.32425182167234007,all_objects,82,82,0,0,0,1.5334687448175544,0.7647688205918972,0.7929635698187757,5.040649458002111,0.8679013923987137,1.3427683739816638,2.983705990080583,all_objects,82,82,0,0,0,1.133366585267288,0.6657736799087093,0.5343290344065087,5.379382898505101,0.6192654153525997,0.8854709150969191,2.0627225967851253,all_objects,82,82,0,0,0,-0.40010215955026623,0.7142613180666544,-3.9572465960960583,1.0874763245555474,-1.2170145668442351,-0.3432090479935451,0.5709868676130334,all_objects,82,82,0,0,0,0.9410706449196021,0.9626943605456688,0.1285787220348268,6.689418265007361,0.15796343934483828,0.6559786213255165,2.3494708708526977,all_objects,82,82,0,0,0,0.5191349983030787,0.3354645510790858,-0.3136222414571458,0.9162858880616429,-0.19184181733726108,0.5833319746906521,0.9040445582586375,all_objects,82,82,0,0,0,0.04600710305110158,0.04713966596795233,-0.013749197586351403,0.26318319628613573,-0.005550067011254247,0.03702594488467652,0.1190835628505867,all_objects,82,82,0,0,0,0.24469262943360787,0.10142751610839501,0.09557475168057451,0.6336602507209814,0.11033894030696313,0.229526293563925,0.431371111352924,all_objects,82,82,0,0,0,0.2950183611650579,0.06983477943464111,0.16377375305143124,0.4789180932973905,0.18642605757071218,0.2860288092526103,0.42894910378168877,all_objects,82,82,0,0,0,0.8403252910414872,0.30376571339216507,0.3737080865111619,1.72011678121781,0.43287520605827157,0.8056500246309253,1.3464509563331761,all_objects,82,82,0,0,0,0.0056836703154019615,0.010547001848675647,2.36358797170976e-06,0.0502739351462224,6.589683428523259e-06,0.00020199773021967822,0.028247633835107033,all_objects,82,82,0,0,0,0.022721982929432387,0.0421911631495503,8.40329338925611e-06,0.20109105699609592,2.532834021525945e-05,0.00077432678579856,0.11298568184699934,all_objects,82,82,0,0,0,0.008176384951939555,0.010395782445577567,0.00031190875131165564,0.05042298047045055,0.0004505175862834584,0.002804916289579419,0.026406722137787143,all_objects,82,82,0,0,0,0.031848560269365,0.0415677571590346,0.0009154853580970722,0.20068302122236925,0.0014572817766497308,0.009800540022901694,0.10496401337883261,all_objects,82,82,0,0,0,0.5098571503690736,0.8729641644671112,0.0005402811073054181,3.4905698302386554,0.0013589675434815263,0.023870366665134313,2.320453641333539,all_objects,82,82,0,0,0,0.693801633120284,0.15159178495368492,0.1659613036162093,0.9509226803035258,0.4373097628300228,0.7442162482266855,0.8621316710964024,all_objects
llvip,train,quality_gate070,17,4,0,4,4.0,23,22,10,23,1.0,22,23,22,0.9565217391304348,0,23,1.0,22,0.9565217391304348,23,23,1.0,1.0,23,23,0,0,0,0.7842839685809898,0.08659105279761796,0.6268572073851029,0.9507970141395615,0.6373888491587877,0.771394452765902,0.913632990783292,all_objects,23,23,0,0,0,0.7842839685809898,0.08659105279761796,0.6268572073851029,0.9507970141395615,0.6373888491587877,0.771394452765902,0.913632990783292,all_objects,23,23,0,0,0,0.2024450278253448,0.1598819218277183,0.010666172438953625,0.7499931456384223,0.05435253940159246,0.18004551102193,0.4510890879517287,all_objects,23,23,0,0,0,1.5602295811012972,0.8675419100842646,0.8444079983662671,4.737907360616081,0.875755745307193,1.3016217418434377,3.364608434650706,all_objects,23,23,0,0,0,0.8298255048880689,0.20039393259051874,0.5526262603014644,1.4937195316234373,0.6201400013564918,0.7910716631095968,1.2418474111445874,all_objects,23,23,0,0,0,-0.7304040762132284,0.8769650160046635,-3.9572465960960583,0.030922016092277627,-2.51954154682683,-0.5087158661591002,-0.015343685461541377,all_objects,23,23,0,0,0,1.3423869438968479,1.452711996393647,0.2237207277815059,6.689418265007361,0.33384694113662816,0.8624577286549884,4.047750375470167,all_objects,23,23,0,0,0,0.745487416179451,0.15830537440186476,0.3965538064785303,0.9162858880616429,0.4975796148943286,0.8173725150656669,0.9148328532506638,all_objects,23,23,0,0,0,0.07217226185844071,0.058713481605299676,0.015460796232923221,0.26318319628613573,0.021287703425507145,0.0501308487922852,0.20441837655064862,all_objects,23,23,0,0,0,0.2922148503373292,0.12072278277290832,0.13272618376379988,0.6336602507209814,0.15254990645014474,0.27144102203707016,0.53463528091343,all_objects,23,23,0,0,0,0.2922976272256671,0.07049322033650486,0.16377375305143124,0.4532843179158149,0.19155322538519948,0.2780635786057447,0.4231893324850266,all_objects,23,23,0,0,0,0.9981717032151498,0.29270589650373074,0.5086381621622776,1.6331721309940652,0.5477438197491455,0.9210622085751373,1.3929488295433345,all_objects,23,23,0,0,0,0.0050518511059124815,0.00915275867018197,2.36358797170976e-06,0.03121484623757107,4.48681118359288e-06,0.00014379049452956696,0.022681098780937974,all_objects,23,23,0,0,0,0.02020527485901459,0.03661092723347035,8.40329338925611e-06,0.12485833403878567,1.1393798078088783e-05,0.0005684642526470961,0.09071678939989798,all_objects,23,23,0,0,0,0.006987964407652036,0.009516077164379482,0.00031190875131165564,0.029977986746493154,0.0004301582796188301,0.0018758918047612502,0.023901158740482858,all_objects,23,23,0,0,0,0.02755066997490537,0.03807360495481898,0.0009154853580970722,0.11958362088263494,0.0010054254928021549,0.006724606119145668,0.09529270687864694,all_objects,23,23,0,0,0,0.5038498433684037,0.885602342959098,0.0005402811073054181,2.8586615189973372,0.0013681879813987052,0.021640781860014613,2.2761470201458676,all_objects,23,23,0,0,0,0.7912051004546405,0.08261095437369693,0.6263397013786933,0.9509226803035258,0.6387951814116349,0.7998843678010983,0.9136157733488233,all_objects
llvip,val,base,17,4,0,4,4.0,548,196,5,536,0.9781021897810219,50,61,49,0.8032786885245902,1,225,0.41058394160583944,280,0.5109489051094891,442,548,0.8065693430656934,0.8065693430656934,548,548,0,0,0,0.7192513794608978,0.12163585097576847,0.08151197265371918,0.9617605508865309,0.49496760997227573,0.7379573825546111,0.8755916344546055,all_objects,548,548,0,0,0,0.7192513794608978,0.12163585097576847,0.08151197265371918,0.9617605508865309,0.49496760997227573,0.7379573825546111,0.8755916344546055,all_objects,548,548,0,0,0,-0.007231446038526163,0.14457830367272798,-0.5188572613433746,0.5030055591812521,-0.21254146867414667,-0.028030973792969316,0.26267221735801494,all_objects,548,548,0,0,0,1.1296532567372595,0.6875356714472393,0.3527060457076785,5.001997555456926,0.535784429351183,0.9031641937197016,2.495684714640167,all_objects,548,548,0,0,0,0.9985931975939133,0.54671396043801,0.4094203009144256,5.721022888632297,0.5667976986325484,0.8186540357469039,1.9275582755233402,all_objects,548,548,0,0,0,-0.131060059143346,0.6663251397108122,-3.846627411699703,3.603646337632664,-1.1815763067163765,-0.009731695958665632,0.5879546641471917,all_objects,548,548,0,0,0,0.8995530354781337,1.039832269261041,0.08036881914650623,8.501288223907533,0.1557073466943601,0.5669818562574226,2.6756051056969277,all_objects,548,548,0,0,0,0.3741050570804995,0.3750843470798341,-0.6579340941875814,0.9552357235483243,-0.3092814880375318,0.4123367718395489,0.8677127629310257,all_objects,548,548,0,0,0,0.029759948677443426,0.04384027590395635,-0.02914064145770684,0.2864816318245389,-0.00875016772529097,0.014526477609897167,0.12314029093172549,all_objects,548,548,0,0,0,0.23677116603389417,0.10656430993972361,0.05488343140404842,0.6856965346346443,0.10744766294894806,0.21338274158324594,0.44680218969235425,all_objects,548,548,0,0,0,0.22094331233387587,0.09853059840946579,0.03175749632088304,0.5018531537460809,0.08393298169206632,0.21053633216692952,0.3973736483626606,all_objects,548,548,0,0,0,1.2257068427047866,0.6204236475030702,0.2703921403705251,5.8957508663589815,0.4983108057823037,1.1153897962639974,2.3839641362179496,all_objects,548,548,0,0,0,0.00665483300227876,0.012869956285869715,5.4008993970717e-07,0.05386539480015368,3.779965621189155e-06,0.000121265320879447,0.03942194894529256,all_objects,548,548,0,0,0,0.02661670450280625,0.05147949250067415,1.5543016055451166e-06,0.21546037590646375,1.3213284650726767e-05,0.0004843101486139563,0.15768308179079388,all_objects,548,548,0,0,0,0.008191607746179726,0.01141140470977855,0.00016124455412434678,0.049089193407692314,0.0003759931602593711,0.0019487175864130928,0.034169289598783466,all_objects,548,548,0,0,0,0.03232865360765972,0.04561128513091846,0.0003896883805142502,0.19556638322333203,0.0012536390291852592,0.007324008864351386,0.13640895513782106,all_objects,548,548,0,0,0,0.5921588359186831,1.0735623269561352,7.160098681424643e-05,3.908534613004747,0.0006053622055091524,0.01580194326028561,3.3345924992336244,all_objects,548,548,0,0,0,0.7262977883739266,0.12175193401242813,0.08166049740621649,0.9554422429975714,0.508663625458314,0.7451963384043829,0.8784190521461012,all_objects
llvip,val,n_iou_lt_070,17,4,0,4,4.0,199,109,5,192,0.964824120603015,50,61,49,0.8032786885245902,1,141,0.7085427135678392,161,0.8090452261306532,182,199,0.914572864321608,0.914572864321608,199,199,0,0,0,0.655025691948168,0.1413752545149418,0.08151197265371918,0.9617605508865309,0.4117248617964907,0.673836580427792,0.8545690239670529,all_objects,199,199,0,0,0,0.655025691948168,0.1413752545149418,0.08151197265371918,0.9617605508865309,0.4117248617964907,0.673836580427792,0.8545690239670529,all_objects,199,199,0,0,0,0.0936376995808371,0.15755445425565923,-0.4750417080530764,0.5030055591812521,-0.12304293358822489,0.09121198945011155,0.36129236697618905,all_objects,199,199,0,0,0,1.7359173322976793,0.7979102861211226,0.7802346682423353,5.001997555456926,0.8758429577319732,1.5544592925965315,3.357660916473895,all_objects,199,199,0,0,0,1.204587686726889,0.7027670698346681,0.4094203009144256,5.721022888632297,0.5833840803772848,0.9430268884629868,2.585555159854122,all_objects,199,199,0,0,0,-0.5313296455707907,0.8645088308359198,-3.846627411699703,2.7045564900317336,-2.0492061497931275,-0.4424601407894593,0.6255461151641364,all_objects,199,199,0,0,0,1.4465615899822577,1.3689167461610523,0.10635107594645325,8.501288223907533,0.19358745621562137,1.046258613491498,4.10321565802674,all_objects,199,199,0,0,0,0.5481809143459786,0.3162504570510125,-0.34762033857533026,0.9552357235483243,-0.05438856938867548,0.6496650970918906,0.8994201803209836,all_objects,199,199,0,0,0,0.061897524107083914,0.05578879963195087,-0.02914064145770684,0.2864816318245389,-0.002436367441937552,0.053734757089382065,0.1655746853417832,all_objects,199,199,0,0,0,0.30015529659581924,0.12279499614972793,0.08790397870690797,0.6856965346346443,0.11992378843958293,0.2936973015969817,0.5068101488327154,all_objects,199,199,0,0,0,0.31668331667712996,0.06760143215060646,0.14747383833816738,0.5018531537460809,0.20423323313350353,0.3193137834123681,0.42770397153223966,all_objects,199,199,0,0,0,0.9542043557322597,0.3426474969551542,0.3140556867055529,1.9893553603809346,0.4264211151837295,0.9506516561975166,1.5121201036042717,all_objects,199,199,0,0,0,0.008817722828439465,0.01473073797963724,1.2294085406514476e-06,0.05386539480015368,6.7521690648217235e-06,0.00025224479327764555,0.043470290538381195,all_objects,199,199,0,0,0,0.03526806915694703,0.058922460817491466,4.6863934516981786e-06,0.21546037590646375,2.581743530974978e-05,0.0010086199904967273,0.173878377658887,all_objects,199,199,0,0,0,0.010288954442774409,0.012842132179843781,0.0002157516288485229,0.049089193407692314,0.0004956221448896525,0.002811080153578556,0.03858509294007378,all_objects,199,199,0,0,0,0.04067267273112933,0.05131699103901354,0.0007002352827349757,0.19556638322333203,0.001631268291853647,0.010855469508829213,0.15388777205655482,all_objects,199,199,0,0,0,0.7500044636534394,1.1815425882084356,0.00017899496185691532,3.908534613004747,0.0011873018490859977,0.03014440975391608,3.5460659765227502,all_objects,199,199,0,0,0,0.6646634902962245,0.1434671167620217,0.08166049740621649,0.9308613453563079,0.41733191365277034,0.680126139755515,0.8572573979177583,all_objects
llvip,val,quality_gate070,17,4,0,4,4.0,61,49,5,59,0.9672131147540983,49,61,49,0.8032786885245902,0,57,0.9344262295081968,58,0.9508196721311475,60,61,0.9836065573770492,0.9836065573770492,61,61,0,0,0,0.7241666835100384,0.08932772864049049,0.46297933808420344,0.9308339129914854,0.6033507530577135,0.7232912360070428,0.8562539564384102,all_objects,61,61,0,0,0,0.7241666835100384,0.08932772864049049,0.46297933808420344,0.9308339129914854,0.6033507530577135,0.7232912360070428,0.8562539564384102,all_objects,61,61,0,0,0,0.17651523476880648,0.12260323609176223,-0.035865388832507894,0.5030055591812521,-0.009112155912625042,0.19286427477584273,0.384018155888908,all_objects,61,61,0,0,0,1.738786075620742,0.8104125587372356,0.7802346682423353,5.001997555456926,0.8676732916761339,1.5549755958521454,3.138343399318902,all_objects,61,61,0,0,0,0.8438906223472847,0.27315428947966475,0.46175215056382446,2.0309741796671474,0.5587376422489443,0.7560635084751697,1.3303990036818787,all_objects,61,61,0,0,0,-0.8948954532734571,0.7836287742048226,-3.846627411699703,0.10237732644373176,-2.2180659187146228,-0.6961144064717448,-0.025373871207100107,all_objects,61,61,0,0,0,1.8117479145420896,1.3797494110792652,0.10635107594645325,6.968072874323203,0.3318982554277972,1.4076478959781584,4.916395101911619,all_objects,61,61,0,0,0,0.7422329909841315,0.20382099911845988,-0.04767313723472088,0.9552357235483243,0.3227771830221843,0.8223165808288126,0.9300158883776944,all_objects,61,61,0,0,0,0.09253529936521931,0.05896283205704688,-0.0009413847116961681,0.2864816318245389,0.02088174526969674,0.07864145265030653,0.21018647782181046,all_objects,61,61,0,0,0,0.35481434633193054,0.12102767695443113,0.10560170270891131,0.6856965346346443,0.17086281542656906,0.3399870109611385,0.5877527903116647,all_objects,61,61,0,0,0,0.3148805214932809,0.06928139479603594,0.1705275573051086,0.5018531537460809,0.20442780651278783,0.31562101135508197,0.41631816797676113,all_objects,61,61,0,0,0,1.1228431761553659,0.2851385474632211,0.4337028554619454,1.6684682874273316,0.6924369473350807,1.1685631034911819,1.5308349943112793,all_objects,61,61,0,0,0,0.008720845873328057,0.014138429025159415,4.013308288958339e-06,0.04912419353244346,7.711176115851807e-06,0.0002731852758904298,0.04316229371558167,all_objects,61,61,0,0,0,0.03488230442540459,0.05655365166261386,1.5704591601005913e-05,0.1964954386025027,3.0434330332047937e-05,0.0010923868943496045,0.17264820433450548,all_objects,61,61,0,0,0,0.010196015502864971,0.01218509008094191,0.0003727057282588922,0.03939722849093088,0.0005013906560026691,0.002972429861525893,0.03538767171168459,all_objects,61,61,0,0,0,0.04045939176388333,0.048718114052297694,0.0013006197445428098,0.15718173807805474,0.0018373482348848244,0.011687915256363082,0.14122588877060568,all_objects,61,61,0,0,0,0.7958375669061903,1.198613458372324,0.000854060047117855,3.778094252996084,0.0012089410531075373,0.03453609067094021,3.5458094973222956,all_objects,61,61,0,0,0,0.7415065529942965,0.0879266699312321,0.51824590470606,0.9308613453563079,0.6034098831000212,0.7465998391918977,0.8946028872191145,all_objects
llvip,train,base,18,-4,0,4,4.0,2728,1024,14,2708,0.9926686217008798,18,23,16,0.6956521739130435,2,364,0.13343108504398826,539,0.1975806451612903,1889,2728,0.6924486803519062,0.6924486803519062,2728,2728,0,0,0,0.7936541350299904,0.08464513631648768,0.09999561710524968,0.9725261603987901,0.6359259380952508,0.8083790858883966,0.9030294226299825,all_objects,2728,2728,0,0,0,0.7936541350299904,0.08464513631648768,0.09999561710524968,0.9725261603987901,0.6359259380952508,0.8083790858883966,0.9030294226299825,all_objects,2728,2728,0,0,0,-0.09016327343760731,0.08892344590876845,-0.5054974202737944,0.4884665308407155,-0.22811978117486514,-0.09244660970696217,0.051024271817990775,all_objects,2728,2728,0,0,0,0.680910342085046,0.2595697124979214,0.2307109253492022,5.040649458002111,0.4518092784470714,0.6328195135142862,1.0887949282180818,all_objects,2728,2728,0,0,0,0.740494888424153,0.2457466148164674,0.349849824743915,6.8604397119776355,0.5190319047157529,0.6936607216529584,1.1059309966814275,all_objects,2728,2728,0,0,0,0.059584546339107015,0.20243793938553456,-3.783833986212726,1.9520814317081607,-0.14219123220682983,0.06558812755413068,0.2695325131221371,all_objects,2728,2728,0,0,0,0.3708218813030622,0.30545971336861705,0.04073518821280156,5.5736277830202985,0.11655805205759703,0.30230229236632,0.8673513466112844,all_objects,2728,2728,0,0,0,0.18351433943389073,0.35108826029124385,-0.8152256474391655,0.9370314776017554,-0.4184007324214429,0.1899114893623273,0.7389781324568035,all_objects,2728,2728,0,0,0,0.0056189215557840115,0.01410336080869335,-0.04664556744285998,0.22934849570397972,-0.006104557220963509,0.002321382902847143,0.026388232029897925,all_objects,2728,2728,0,0,0,0.1559293937980465,0.05334260776675792,0.05563488749528976,0.5973096718439128,0.0913086702617121,0.14463214574288563,0.25563920860730244,all_objects,2728,2728,0,0,0,0.11792015104802878,0.06826041970271496,0.008174690143492648,0.4789180932973905,0.0373807395573382,0.10251135930739493,0.25759444845412016,all_objects,2728,2728,0,0,0,1.7297116133977823,1.1551601674578786,0.2674488176120129,16.488874537066913,0.618277260125315,1.4577782142818476,3.6860749206205674,all_objects,2728,2728,0,0,0,0.006082644277114927,0.011785990400449002,1.9763112625097112e-08,0.07452102480746199,2.6554373201838225e-06,0.000102989579080087,0.03498569666573833,all_objects,2728,2728,0,0,0,0.024326866532390273,0.047144035565490156,4.3765597967598734e-08,0.2980772610249333,9.578632118569503e-06,0.0004037145493102305,0.13993864280710758,all_objects,2728,2728,0,0,0,0.007926072967252933,0.01091540469837874,3.334955077148723e-05,0.06422982955383674,0.000327358327202012,0.0018663074000000762,0.03142371246770754,all_objects,2728,2728,0,0,0,0.03124146923912899,0.04362063748212922,7.292026515529807e-05,0.2557975939447927,0.0010380061263529131,0.006872883154188153,0.12538095736216925,all_objects,2728,2728,0,0,0,0.5544539041522153,1.0097242447519388,7.878412418449443e-06,3.9648336404708857,0.0005228056708745044,0.013161266592305765,3.051710429825384,all_objects,2728,2728,0,0,0,0.8035779274710516,0.08285432055718478,0.11003617904499241,0.9725311250564281,0.6487060381548281,0.8173429987749609,0.9096127990561541,all_objects
llvip,train,n_iou_lt_070,18,-4,0,4,4.0,82,73,13,82,1.0,18,23,16,0.6956521739130435,2,57,0.6951219512195121,62,0.7560975609756098,75,82,0.9146341463414634,0.9146341463414634,82,82,0,0,0,0.6703643216326787,0.1340390606291022,0.09999561710524968,0.8823399953231592,0.4482826416894846,0.6902561953969368,0.8542864629865671,all_objects,82,82,0,0,0,0.6703643216326787,0.1340390606291022,0.09999561710524968,0.8823399953231592,0.4482826416894846,0.6902561953969368,0.8542864629865671,all_objects,82,82,0,0,0,0.07508809454629699,0.14356950150811804,-0.1908227799122693,0.4884665308407155,-0.13591337163864625,0.04600459524115291,0.3398120719065076,all_objects,82,82,0,0,0,1.5334687448175544,0.7647688205918972,0.7929635698187757,5.040649458002111,0.8679013923987137,1.3427683739816638,2.983705990080583,all_objects,82,82,0,0,0,1.1386930023528634,0.7429470465143111,0.5281865726845391,6.8604397119776355,0.635576677658723,0.9477359704300221,1.940861484737758,all_objects,82,82,0,0,0,-0.3947757424646908,0.7232832548291044,-3.783833986212726,1.8197902539755244,-1.171488441245462,-0.26932714572505995,0.4226813533179352,all_objects,82,82,0,0,0,0.9170911086769795,0.9099377323390802,0.14045164981014294,5.5736277830202985,0.17575476556995168,0.6213130514640318,2.372070730009807,all_objects,82,82,0,0,0,0.502159283050242,0.32183313425316834,-0.43957778791431434,0.8979582991276294,-0.12578268834742506,0.5448135929985798,0.8760820791364677,all_objects,82,82,0,0,0,0.044983319067110575,0.046924935598213986,-0.016554857168996115,0.22934849570397972,-0.0032804498302489,0.032015942113624726,0.12434433752127251,all_objects,82,82,0,0,0,0.24144370918648508,0.10272244143827344,0.09335987747085688,0.5973096718439128,0.11096632703140343,0.2217859559173103,0.4092331285398726,all_objects,82,82,0,0,0,0.2950183611650579,0.06983477943464111,0.16377375305143124,0.4789180932973905,0.18642605757071218,0.2860288092526103,0.42894910378168877,all_objects,82,82,0,0,0,0.8285184672675152,0.30293435790964585,0.3021821533223094,1.5065145575710857,0.3781175057251349,0.7797636725325715,1.4051770658897735,all_objects,82,82,0,0,0,0.006806696836097806,0.012015400624042022,8.811118989029233e-07,0.062199111491790054,1.0811638851129606e-05,0.0007378981274286364,0.03225153528553038,all_objects,82,82,0,0,0,0.027215326263979593,0.048063033165648,3.432537847048966e-06,0.24878371059292653,4.207490703664995e-05,0.002942567504761541,0.12899755471331673,all_objects,82,82,0,0,0,0.009706405871800165,0.011377665579092349,0.00018980766915673968,0.0587421013490702,0.0006406299375606087,0.004983898537649815,0.031401970675163544,all_objects,82,82,0,0,0,0.03796157149429498,0.045473142937977086,0.0006537213660268927,0.23336000370413665,0.002153541978390897,0.019207056338059726,0.12512700638473243,all_objects,82,82,0,0,0,0.5809108553005752,0.9359419762647712,0.00014707658601764706,3.6535935096333105,0.0018729031097400649,0.07867268181644249,2.8947188858900184,all_objects,82,82,0,0,0,0.6771394971257721,0.13189581639447648,0.11003617904499241,0.8819352841118118,0.4771638685394277,0.6912818035795396,0.8554642651400487,all_objects
llvip,train,quality_gate070,18,-4,0,4,4.0,23,22,10,23,1.0,16,23,16,0.6956521739130435,0,19,0.8260869565217391,20,0.8695652173913043,23,23,1.0,1.0,23,23,0,0,0,0.7293482507372973,0.08902263805221355,0.5706292285676231,0.8662906266896163,0.5736264745207839,0.7205849711735376,0.8579104895827283,all_objects,23,23,0,0,0,0.7293482507372973,0.08902263805221355,0.5706292285676231,0.8662906266896163,0.5736264745207839,0.7205849711735376,0.8579104895827283,all_objects,23,23,0,0,0,0.14750930998165215,0.1363302107111809,-0.014681084627989893,0.4884665308407155,-0.012107085710727227,0.1255407942954212,0.43313533992906345,all_objects,23,23,0,0,0,1.5602295811012972,0.8675419100842646,0.8444079983662671,4.737907360616081,0.875755745307193,1.3016217418434377,3.364608434650706,all_objects,23,23,0,0,0,0.8650828692785003,0.23623610042025578,0.6210571574066596,1.6419635539851676,0.6287085209622223,0.8076427315221548,1.2859013258374692,all_objects,23,23,0,0,0,-0.6951467118227971,0.8700519889223618,-3.783833986212726,0.10547967410452874,-2.539239657647305,-0.5580860037339086,0.05714857410883238,all_objects,23,23,0,0,0,1.2859792383363022,1.4116758037864663,0.1481804116603709,5.5736277830202985,0.2113085341581935,0.93604152435239,4.759401237474191,all_objects,23,23,0,0,0,0.68914423250317,0.20963320070382863,0.2160290649757666,0.8979582991276294,0.24664232472292513,0.7804407231877933,0.8902568749744572,all_objects,23,23,0,0,0,0.06817567185819186,0.05882709175920167,0.008818708816466224,0.22934849570397972,0.009010319449737422,0.053968842593690156,0.21600020923087584,all_objects,23,23,0,0,0,0.28260257643241504,0.1317880052840468,0.115382247150733,0.5973096718439128,0.1185376558952555,0.2804907970919618,0.5527094419134256,all_objects,23,23,0,0,0,0.2922976272256671,0.07049322033650486,0.16377375305143124,0.4532843179158149,0.19155322538519948,0.2780635786057447,0.4231893324850266,all_objects,23,23,0,0,0,0.9579970893253239,0.32709882102335,0.3570793579754757,1.506509193118426,0.4781837137603787,1.0301755417898277,1.428794539666836,all_objects,23,23,0,0,0,0.00709989279074618,0.010989423032211605,8.811118989029233e-07,0.03615453920073308,3.1285687212159484e-06,0.0008102779023476584,0.03132428120132176,all_objects,23,23,0,0,0,0.02839651894829776,0.04395687128469967,3.432537847048966e-06,0.14461672421601937,1.2065818535552175e-05,0.003240665497530816,0.1252908470939057,all_objects,23,23,0,0,0,0.009493390059413537,0.010328820129604266,0.00018980766915673968,0.03234583353165808,0.0003276923584665757,0.0045998324906733265,0.02837502891959663,all_objects,23,23,0,0,0,0.037505501743595786,0.04124339057156672,0.0006537213660268927,0.12900273597250717,0.0010882753559902474,0.018191884689992104,0.11274840451487486,all_objects,23,23,0,0,0,0.6925120546150367,1.0121009381556956,0.00014707658601764706,3.173437594488803,0.0005903559881829779,0.09933649429490288,2.8847837076398033,all_objects,23,23,0,0,0,0.7361319091942121,0.08778602730493014,0.5785714362171808,0.8663719590003089,0.5937614412581665,0.7204756506823198,0.857753810815828,all_objects
llvip,val,base,18,-4,0,4,4.0,548,196,5,536,0.9781021897810219,55,61,54,0.8852459016393442,1,222,0.4051094890510949,284,0.5182481751824818,442,548,0.8065693430656934,0.8065693430656934,548,548,0,0,0,0.7103774666947418,0.1270174238884727,0.08292186325634932,0.9553424634263854,0.4936011843099478,0.7249879419249022,0.8693656497740492,all_objects,548,548,0,0,0,0.7103774666947418,0.1270174238884727,0.08292186325634932,0.9553424634263854,0.4936011843099478,0.7249879419249022,0.8693656497740492,all_objects,548,548,0,0,0,-0.016105358804682175,0.15342291449924478,-0.4758007685842625,0.5078347193994986,-0.2367133223835461,-0.03288749997958085,0.2698074226198626,all_objects,548,548,0,0,0,1.1296532567372595,0.6875356714472393,0.3527060457076785,5.001997555456926,0.535784429351183,0.9031641937197016,2.495684714640167,all_objects,548,548,0,0,0,1.012901180914986,0.5603237434696089,0.41287631453236817,5.82513540277794,0.5716199741524446,0.8322398639686599,2.0917395100085834,all_objects,548,548,0,0,0,-0.11675207582227319,0.6688176488804751,-3.813376726991477,3.3208551514014215,-1.1308749259597293,-0.006742280658866506,0.6376359239745749,all_objects,548,548,0,0,0,0.9462141621578508,0.9912381669535444,0.08530263120992934,9.465075577243105,0.1994276917408671,0.637466154745419,2.7007504172220833,all_objects,548,548,0,0,0,0.3740509379283866,0.37458357122169256,-0.7571685069623348,0.9431856199723598,-0.2928370443794801,0.43634051107921135,0.8824629186464135,all_objects,548,548,0,0,0,0.029958044536147505,0.041890671000903795,-0.029232810846280394,0.2608206294123698,-0.009373458306785935,0.015934876308356896,0.11338392564986448,all_objects,548,548,0,0,0,0.2479447302396455,0.09968564840654515,0.08049143697960504,0.6754581992337854,0.12308905984520353,0.23186025699873053,0.44116607930844365,all_objects,548,548,0,0,0,0.22094331233387587,0.09853059840946579,0.03175749632088304,0.5018531537460809,0.08393298169206632,0.21053633216692952,0.3973736483626606,all_objects,548,548,0,0,0,1.3066936133382119,0.6952283252507679,0.28712934997397016,6.466893485188733,0.5056500601718054,1.1907051475211707,2.4980422937780467,all_objects,548,548,0,0,0,0.008023342013389102,0.014166649291932802,8.714676502209922e-07,0.06279529406421688,3.6466173668954003e-06,0.00013837506926322015,0.0433176897952123,all_objects,548,548,0,0,0,0.0320901480344695,0.056666127543201834,2.269561150751889e-06,0.2511747664626269,1.4242126700425518e-05,0.0005456268503122262,0.17326543401251768,all_objects,548,548,0,0,0,0.0094852177170048,0.012245848710331885,0.0002569785287276199,0.05959339570738033,0.00038178494505859825,0.0020956388062754842,0.03532573144087704,all_objects,548,548,0,0,0,0.037471002676374675,0.04894063694288664,0.000675048502454324,0.23725423051490302,0.001302097027194181,0.0077954227929732086,0.1408577517013436,all_objects,548,548,0,0,0,0.7086079228678828,1.1631576321112735,0.00012651195424950856,3.9995123627402336,0.0006851182355660512,0.017998174885640594,3.51300484153439,all_objects,548,548,0,0,0,0.7205732040805151,0.12639119671997326,0.09597995659924911,0.9512602067327776,0.5044180661117532,0.7431908492068529,0.8783523073003243,all_objects
llvip,val,n_iou_lt_070,18,-4,0,4,4.0,199,109,5,195,0.9798994974874372,55,61,54,0.8852459016393442,1,141,0.7085427135678392,161,0.8090452261306532,185,199,0.9296482412060302,0.9296482412060302,199,199,0,0,0,0.6576269591473491,0.1540153268152875,0.08292186325634932,0.9553424634263854,0.39706974441095894,0.6647662039582657,0.857386903111815,all_objects,199,199,0,0,0,0.6576269591473491,0.1540153268152875,0.08292186325634932,0.9553424634263854,0.39706974441095894,0.6647662039582657,0.857386903111815,all_objects,199,199,0,0,0,0.09623896678001818,0.15728207888123194,-0.4638613609350374,0.5078347193994986,-0.13780713632577518,0.09265592452548632,0.336828780789051,all_objects,199,199,0,0,0,1.7359173322976793,0.7979102861211226,0.7802346682423353,5.001997555456926,0.8758429577319732,1.5544592925965315,3.357660916473895,all_objects,199,199,0,0,0,1.2093929953220484,0.7103258474277072,0.41287631453236817,5.82513540277794,0.5932008567541187,1.0104335234544355,2.803545804887874,all_objects,199,199,0,0,0,-0.5265243369756311,0.8531063530329009,-3.813376726991477,2.472858768551955,-2.0976109164439447,-0.44839085833373515,0.48551387711650756,all_objects,199,199,0,0,0,1.4625007333147721,1.3084394494296596,0.08530263120992934,9.465075577243105,0.23786730594530178,1.1233284436711548,3.915399667660776,all_objects,199,199,0,0,0,0.5583515125355429,0.3069742919429537,-0.46890707929133296,0.9431856199723598,-0.04968032121831447,0.615378044843792,0.9157689148577228,all_objects,199,199,0,0,0,0.06171033233386823,0.05176515424778462,-0.029232810846280394,0.2608206294123698,-0.0030876574119767875,0.05276271373663937,0.15775164045030696,all_objects,199,199,0,0,0,0.3049631867182389,0.11505435757698936,0.08310394174097785,0.6754581992337854,0.13550817939054177,0.2901783539872229,0.49713329065807105,all_objects,199,199,0,0,0,0.31668331667712996,0.06760143215060646,0.14747383833816738,0.5018531537460809,0.20423323313350353,0.3193137834123681,0.42770397153223966,all_objects,199,199,0,0,0,0.9773998896101459,0.33570310177864565,0.28712934997397016,1.887712731013462,0.4412103467350281,0.9427433580693221,1.5035926740846848,all_objects,199,199,0,0,0,0.007874505415912152,0.014201101769619792,1.7210266864664188e-06,0.056070228606755534,5.7164179163266585e-06,0.0001365832778346692,0.042435956295672005,all_objects,199,199,0,0,0,0.03149404115262879,0.05680336686389546,6.135464137313982e-06,0.2242793925587279,2.1576592621476958e-05,0.0005449961513950129,0.16974187123847853,all_objects,199,199,0,0,0,0.009244682460550617,0.012234044095102896,0.00026594320550112126,0.05567538432641913,0.0004773013742449668,0.002049517516809817,0.03461993754670328,all_objects,199,199,0,0,0,0.0364428048530811,0.04886630034674313,0.0007801179544387379,0.22184915071965763,0.0016237684975289116,0.007693812599015952,0.13784523106010374,all_objects,199,199,0,0,0,0.6865301439404282,1.1687467301275987,0.00034757884509417636,3.9574673973459227,0.0009332846714869448,0.017683970649763125,3.4476944534877245,all_objects,199,199,0,0,0,0.6663403589009642,0.15295910166629467,0.09597995659924911,0.9512602067327776,0.4124002110113584,0.6766934918612306,0.8630746458109236,all_objects
llvip,val,quality_gate070,18,-4,0,4,4.0,61,49,5,60,0.9836065573770492,54,61,54,0.8852459016393442,0,58,0.9508196721311475,60,0.9836065573770492,61,61,1.0,1.0,61,61,0,0,0,0.741872525236737,0.09672402857967756,0.48516789696591917,0.9553424634263854,0.5698815507875876,0.7565067512449891,0.8696447396795065,all_objects,61,61,0,0,0,0.741872525236737,0.09672402857967756,0.48516789696591917,0.9553424634263854,0.5698815507875876,0.7565067512449891,0.8696447396795065,all_objects,61,61,0,0,0,0.19422107649550494,0.1229117325132554,-0.06405044694695333,0.5078347193994986,0.016401356739358497,0.18073848313531815,0.3862732588232871,all_objects,61,61,0,0,0,1.738786075620742,0.8104125587372356,0.7802346682423353,5.001997555456926,0.8676732916761339,1.5549755958521454,3.138343399318902,all_objects,61,61,0,0,0,0.8396690111694795,0.29606428689579906,0.4389909293325517,2.009695404864845,0.5585595014617278,0.7512699907935634,1.4167830369802012,all_objects,61,61,0,0,0,-0.8991170644512625,0.7562565374288462,-3.813376726991477,0.08109855164142932,-2.129695590183575,-0.6655556159416997,-0.1585801059272871,all_objects,61,61,0,0,0,1.7213513407657575,1.1763964805063596,0.40474982030234724,5.857254404782154,0.5440283571151447,1.34094604594702,3.9073929792664988,all_objects,61,61,0,0,0,0.7601411141404852,0.16659189109401648,0.18188328809519727,0.9397166917786871,0.4356226152412012,0.8244720341111018,0.9201119786145385,all_objects,61,61,0,0,0,0.09018339448250619,0.05126148614887758,0.01418524642595332,0.2608206294123698,0.030697178554514055,0.08119233373647894,0.17900443484569653,all_objects,61,61,0,0,0,0.3528674082965491,0.09841407265874526,0.16712730388928365,0.6348990145459339,0.21655131709725406,0.3380539917035898,0.5200665251284791,all_objects,61,61,0,0,0,0.3148805214932809,0.06928139479603594,0.1705275573051086,0.5018531537460809,0.20442780651278783,0.31562101135508197,0.41631816797676113,all_objects,61,61,0,0,0,1.1370175918212073,0.2577701511026703,0.6462708384603294,1.7089641614187667,0.7156548890573764,1.1534185177570764,1.5035053783365693,all_objects,61,61,0,0,0,0.007299708581975905,0.012661509298157833,2.7422906173575963e-06,0.04716456855786644,6.323276238020268e-06,7.481075091689699e-05,0.038752734680638286,all_objects,61,61,0,0,0,0.029197634294623093,0.050645878040216266,9.210591051130607e-06,0.1886578353882387,2.4159810756116763e-05,0.0002987857592734401,0.15500591268566868,all_objects,61,61,0,0,0,0.008851994226877888,0.011573383507113,0.0003342106239267369,0.038765544765367435,0.000492529295601807,0.0016043400162322888,0.03335852377686851,all_objects,61,61,0,0,0,0.03507256894257217,0.04627795488236023,0.0009176815334522474,0.1548373065172323,0.001642930126509419,0.005876779569119688,0.13273436061279567,all_objects,61,61,0,0,0,0.6799412042272577,1.1143618689090078,0.000656943332614901,3.7052618025197717,0.0012555888566794238,0.011535052162344073,3.326409418076196,all_objects,61,61,0,0,0,0.7513613424234817,0.09255138920916654,0.5332670818462509,0.9512602067327776,0.5863924160686957,0.7564897628374189,0.878335444278467,all_objects
llvip,train,base,19,0,4,4,4.0,2728,1024,14,2726,0.999266862170088,16,23,16,0.6956521739130435,0,670,0.24560117302052786,502,0.1840175953079179,1864,2728,0.6832844574780058,0.6832844574780058,2728,2728,0,0,0,0.8445590678788351,0.07554894393768946,0.13758106379826238,0.9756291725236795,0.7025833076455876,0.8611369683394037,0.9276130081577715,all_objects,2728,2728,0,0,0,0.8445590678788351,0.07554894393768946,0.13758106379826238,0.9756291725236795,0.7025833076455876,0.8611369683394037,0.9276130081577715,all_objects,2728,2728,0,0,0,-0.03925834058876292,0.07646197360207259,-0.5285107586277509,0.6274555679180605,-0.14932850369100323,-0.041560048100679536,0.07830444044371604,all_objects,2728,2728,0,0,0,0.680910342085046,0.2595697124979214,0.2307109253492022,5.040649458002111,0.4518092784470714,0.6328195135142862,1.0887949282180818,all_objects,2728,2728,0,0,0,0.7422152521216588,0.24070351885196486,0.3520416042058416,6.6242921759773505,0.5261665323120506,0.6971890479239327,1.1151879893736039,all_objects,2728,2728,0,0,0,0.061304910036612904,0.204307826083888,-3.9787320700365174,1.837538706786753,-0.1461136207152141,0.07030985727739247,0.26769728664513315,all_objects,2728,2728,0,0,0,0.3791615440863535,0.3140214888404821,0.04092855912754402,5.862228851932924,0.1210928407975138,0.312015256404647,0.8638786590289349,all_objects,2728,2728,0,0,0,0.18191873176055584,0.3587358059315338,-0.8417066913723399,0.9212487507127771,-0.4269349444746041,0.18948685453700848,0.7395753109199292,all_objects,2728,2728,0,0,0,0.005599019075128192,0.014357733096610753,-0.04046234868089596,0.2527346210921222,-0.005683912817717127,0.0022366764872244304,0.026662141335857092,all_objects,2728,2728,0,0,0,0.15263819411752036,0.05285802721776027,0.044314238224493284,0.6179706526217755,0.09070964719989466,0.14047176841616882,0.2535295676824604,all_objects,2728,2728,0,0,0,0.11792015104802878,0.06826041970271496,0.008174690143492648,0.4789180932973905,0.0373807395573382,0.10251135930739493,0.25759444845412016,all_objects,2728,2728,0,0,0,1.7199255013046586,1.2068427580303682,0.24539868229531608,16.86435627643566,0.5717352850423827,1.4111207806593176,3.6556078741211455,all_objects,2728,2728,0,0,0,0.0008391717796983804,0.004534228773761229,8.163174669043242e-09,0.05287651681826779,1.5482814954754055e-07,3.1474695433124646e-06,0.001434615311475859,all_objects,2728,2728,0,0,0,0.003351644376463991,0.01813523603434617,2.2060605644956573e-08,0.21148229758874604,4.549751294100504e-07,1.0991322060084183e-05,0.005733618744861216,all_objects,2728,2728,0,0,0,0.0015338418334253968,0.004565022479747114,2.2388698072440205e-05,0.0407722783506591,9.047809159393476e-05,0.00036371338104697326,0.0058713158676015325,all_objects,2728,2728,0,0,0,0.005691146028979909,0.018182625531645482,5.308047916917897e-05,0.1618659189491992,0.00022844021871800053,0.0010854885474985876,0.021900447598893896,all_objects,2728,2728,0,0,0,0.08263599652881602,0.41422929976307293,4.169677367826807e-06,3.897321854806762,4.782537500460648e-05,0.0008058086451185886,0.18357303223615762,all_objects,2728,2728,0,0,0,0.8453006605336835,0.07530255032158127,0.13762605747813408,0.9756342050730559,0.7045618953597174,0.8618389555043799,0.9282292359927682,all_objects
llvip,train,n_iou_lt_070,19,0,4,4,4.0,82,73,13,82,1.0,16,23,16,0.6956521739130435,0,67,0.8170731707317073,64,0.7804878048780488,74,82,0.9024390243902439,0.9024390243902439,82,82,0,0,0,0.7032973743574866,0.1341996787047866,0.13758106379826238,0.9227191379987814,0.5007222810835184,0.7209275578048462,0.8776166244860272,all_objects,82,82,0,0,0,0.7032973743574866,0.1341996787047866,0.13758106379826238,0.9227191379987814,0.5007222810835184,0.7209275578048462,0.8776166244860272,all_objects,82,82,0,0,0,0.108021147271105,0.14212545958443334,-0.1908227799122693,0.6274555679180605,-0.08935784585432412,0.07794376934765923,0.31114836409394125,all_objects,82,82,0,0,0,1.5334687448175544,0.7647688205918972,0.7929635698187757,5.040649458002111,0.8679013923987137,1.3427683739816638,2.983705990080583,all_objects,82,82,0,0,0,1.1382508980115233,0.7566657668316947,0.487815502216684,6.6242921759773505,0.6330192662098026,0.9122557174125743,2.0820679460754734,all_objects,82,82,0,0,0,-0.3952178468060311,0.7455925320411511,-3.9787320700365174,1.5836427179752395,-1.189973392250288,-0.3190858180119586,0.46080849819942393,all_objects,82,82,0,0,0,0.9162312836156109,0.9725383690413172,0.09208904249256547,5.862228851932924,0.18419798573832658,0.6302722311784384,2.4510331656387954,all_objects,82,82,0,0,0,0.5237028090130097,0.3380270226728528,-0.5413966587726103,0.9212487507127771,-0.15274288155128932,0.6093814784650611,0.8981111857306838,all_objects,82,82,0,0,0,0.04654464657304063,0.04880065552611354,-0.020488703998832576,0.2527346210921222,-0.006920397419650676,0.03286730033565991,0.1261449662731244,all_objects,82,82,0,0,0,0.2416965747969127,0.10362682283545101,0.07712437325348982,0.6179706526217755,0.11456616273339783,0.23400760251318972,0.41379814705766854,all_objects,82,82,0,0,0,0.2950183611650579,0.06983477943464111,0.16377375305143124,0.4789180932973905,0.18642605757071218,0.2860288092526103,0.42894910378168877,all_objects,82,82,0,0,0,0.8313698509283707,0.30847469054123217,0.2780603581966386,1.5309674783591984,0.4167738174992662,0.808824114942343,1.360750845727273,all_objects,82,82,0,0,0,0.001421741719512,0.005239716903690268,3.155330813885001e-07,0.03643213561217058,1.0651583323027105e-06,1.595656836802954e-05,0.009535152566863086,all_objects,82,82,0,0,0,0.00566581132561889,0.020947575382744204,1.2010639618975759e-06,0.14572799247895604,3.401830695801844e-06,6.21071759229214e-05,0.037513470301326804,all_objects,82,82,0,0,0,0.002741649471852787,0.00544039158464276,0.00011790180945927677,0.03259635903034421,0.0002187068701680167,0.0008234499338781683,0.013730533500969732,all_objects,82,82,0,0,0,0.010099872620138058,0.02164267065751848,0.00038675365517287823,0.1301112938490651,0.0006028982060252693,0.0023415080978786574,0.053627469340612494,all_objects,82,82,0,0,0,0.15423735591728369,0.5002531434984507,0.00012811028972237182,3.1885666623229554,0.00035583225284980814,0.0032715919449799458,1.1130781911119378,all_objects,82,82,0,0,0,0.7047375932276497,0.13442643395313045,0.13762605747813408,0.9227387958420483,0.5005851298314568,0.7238111156893094,0.8776283593335811,all_objects
llvip,train,quality_gate070,19,0,4,4,4.0,23,22,10,23,1.0,16,23,16,0.6956521739130435,0,23,1.0,20,0.8695652173913043,23,23,1.0,1.0,23,23,0,0,0,0.7691631825712519,0.0861284795491874,0.5909799066137623,0.9227191379987814,0.6075549027533078,0.771394452765902,0.9096703566878204,all_objects,23,23,0,0,0,0.7691631825712519,0.0861284795491874,0.5909799066137623,0.9227191379987814,0.6075549027533078,0.771394452765902,0.9096703566878204,all_objects,23,23,0,0,0,0.18732424181560695,0.15200593567591103,0.020484757958172173,0.6274555679180605,0.02375813708970428,0.15119196628986897,0.5098503130846873,all_objects,23,23,0,0,0,1.5602295811012972,0.8675419100842646,0.8444079983662671,4.737907360616081,0.875755745307193,1.3016217418434377,3.364608434650706,all_objects,23,23,0,0,0,0.8471403357861007,0.2186540094457796,0.59444782413686,1.7171997652853201,0.6281863029173995,0.7937819362536611,1.0913197325782598,all_objects,23,23,0,0,0,-0.7130892453151966,0.9087079590444028,-3.9787320700365174,0.03850607503904224,-2.6247543870618033,-0.5061944749813425,0.016990145626974387,all_objects,23,23,0,0,0,1.3295359317533852,1.5105917253628078,0.21099054102566522,5.862228851932924,0.28950769511910474,0.6593908337989153,5.394466233183534,all_objects,23,23,0,0,0,0.7205695879942268,0.17401898915327152,0.3425411868254559,0.9212487507127771,0.36118815119474856,0.736358345847776,0.9181226752055696,all_objects,23,23,0,0,0,0.07260390925814268,0.061839126508783586,0.013035505113449265,0.2527346210921222,0.014017242534099849,0.052035391773017754,0.22717973993956336,all_objects,23,23,0,0,0,0.2938392078245946,0.1265039398158945,0.11449143476090606,0.6179706526217755,0.16799369786230042,0.26622422891511155,0.5861369432131669,all_objects,23,23,0,0,0,0.2922976272256671,0.07049322033650486,0.16377375305143124,0.4532843179158149,0.19155322538519948,0.2780635786057447,0.4231893324850266,all_objects,23,23,0,0,0,0.9991728077258223,0.2924687411121258,0.4790912934524079,1.440158817165968,0.5335674036081625,1.0075886097173135,1.410295516664088,all_objects,23,23,0,0,0,0.0005086066467791183,0.0021124339008300633,3.155330813885001e-07,0.010401361336382,1.037705725895618e-06,7.903935352237584e-06,0.0003817015123250993,all_objects,23,23,0,0,0,0.002031395075428123,0.008448296583116587,1.2010639618975759e-06,0.0415960407799763,2.8038467548553882e-06,3.075664961483321e-05,0.001517472050401775,all_objects,23,23,0,0,0,0.0015338225700136507,0.0031699617443578607,0.00011790180945927677,0.01575170188021432,0.00021784267992035514,0.0005060054571164172,0.0033368057611182396,all_objects,23,23,0,0,0,0.005688694583329104,0.012566884634010657,0.00038675365517287823,0.06217253018676446,0.00047555725466096266,0.001714246280963135,0.012510932666106016,all_objects,23,23,0,0,0,0.057958818872571746,0.23081325916948162,0.00012811028972237182,1.1380364276725459,0.0002982064555993702,0.002756940654990103,0.05264568340829356,all_objects,23,23,0,0,0,0.7696591086621674,0.08594829100025295,0.5911841993238058,0.9227387958420483,0.6075679845483506,0.7713382089539997,0.9096751384495948,all_objects
llvip,val,base,19,0,4,4,4.0,548,196,5,547,0.9981751824817519,61,61,60,0.9836065573770492,1,282,0.5145985401459854,291,0.531021897810219,438,548,0.7992700729927007,0.7992700729927007,548,548,0,0,0,0.7456892539080449,0.127677058927445,0.0696188986622001,0.9457950418536781,0.5047683559513734,0.76594995946407,0.9048522656721463,all_objects,548,548,0,0,0,0.7456892539080449,0.127677058927445,0.0696188986622001,0.9457950418536781,0.5047683559513734,0.76594995946407,0.9048522656721463,all_objects,548,548,0,0,0,0.019206428408620874,0.15034907433025263,-0.48693478204459545,0.5259910551874776,-0.19689418253819424,0.004582922946154255,0.31476016396984746,all_objects,548,548,0,0,0,1.1296532567372595,0.6875356714472393,0.3527060457076785,5.001997555456926,0.535784429351183,0.9031641937197016,2.495684714640167,all_objects,548,548,0,0,0,1.0026722782436401,0.5419781715329672,0.4351963546614648,5.877238130589362,0.5723902151451965,0.8339039558555644,1.9592524592274747,all_objects,548,548,0,0,0,-0.12698097849361914,0.6707194070926019,-3.7800881059344684,2.914698042970858,-1.1244180512475754,-0.013368957150577399,0.6457386138988348,all_objects,548,548,0,0,0,0.9894582012905531,1.0268023616114255,0.06457312165168592,9.105895729066065,0.20166701094307954,0.6484979985271929,2.8501262464016826,all_objects,548,548,0,0,0,0.3762459195333067,0.374306973200507,-0.6831195052753966,0.9320016531886726,-0.3160420735561819,0.43386394639620907,0.866803766977995,all_objects,548,548,0,0,0,0.031119649405386487,0.04367012767375633,-0.03981306730612247,0.26608112610660506,-0.00889199471943776,0.016786383936076045,0.11289224258649451,all_objects,548,548,0,0,0,0.24928554094416355,0.10388742271271996,0.06681272716387869,0.654122601405803,0.11874112249738414,0.22867271742993647,0.4537917886082652,all_objects,548,548,0,0,0,0.22094331233387587,0.09853059840946579,0.03175749632088304,0.5018531537460809,0.08393298169206632,0.21053633216692952,0.3973736483626606,all_objects,548,548,0,0,0,1.3017730623480934,0.6736527874966248,0.2752480421435322,6.7787795820350984,0.536700284206805,1.189085440617688,2.4277836880942854,all_objects,548,548,0,0,0,0.0012252683601410338,0.006001851227469863,5.7823071196541165e-08,0.04798595503852369,2.493290318189195e-07,3.812954040571855e-06,0.003394823579209989,all_objects,548,548,0,0,0,0.00489508892965406,0.024006326360929933,1.5889916041952477e-07,0.19191965610586198,6.400479758753696e-07,1.2859891150984159e-05,0.013573451699649745,all_objects,548,548,0,0,0,0.0018998327526871112,0.005404537412351814,5.794666381337474e-05,0.03772635041051711,0.00011528188802574805,0.0004154419676048279,0.008984952809129736,all_objects,548,548,0,0,0,0.007094277762833246,0.02155008681854071,0.00014070907539580457,0.15049134062102157,0.0002712796976668831,0.0012352962438150275,0.03416635432452101,all_objects,548,548,0,0,0,0.11715037483867421,0.5265706775735008,1.5362429962806345e-05,3.7770225890851066,8.158452058211196e-05,0.0009463016206581187,0.4054451312244505,all_objects,548,548,0,0,0,0.7462897910669036,0.12772625347860064,0.08391552840157324,0.9654408305108376,0.5070292336644993,0.7666584886996397,0.9057459983521504,all_objects
llvip,val,n_iou_lt_070,19,0,4,4,4.0,199,109,5,198,0.9949748743718593,61,61,60,0.9836065573770492,1,153,0.7688442211055276,157,0.7889447236180904,180,199,0.9045226130653267,0.9045226130653267,199,199,0,0,0,0.6859222122040413,0.15511965475593475,0.0696188986622001,0.9440421237378257,0.42296260964464316,0.7024302492876509,0.8935402990992799,all_objects,199,199,0,0,0,0.6859222122040413,0.15511965475593475,0.0696188986622001,0.9440421237378257,0.42296260964464316,0.7024302492876509,0.8935402990992799,all_objects,199,199,0,0,0,0.12453421983671045,0.1675293764739939,-0.48693478204459545,0.5259910551874776,-0.12577557711890955,0.11801376304204048,0.3909183645845079,all_objects,199,199,0,0,0,1.7359173322976793,0.7979102861211226,0.7802346682423353,5.001997555456926,0.8758429577319732,1.5544592925965315,3.357660916473895,all_objects,199,199,0,0,0,1.2106119409341358,0.7147954881953944,0.4351963546614648,5.877238130589362,0.6100226981272138,1.0035072271619403,2.6738729663799234,all_objects,199,199,0,0,0,-0.5253053913635436,0.881275026845583,-3.7800881059344684,2.6413892298225905,-2.1580042881285495,-0.5013674767117446,0.6635793841871597,all_objects,199,199,0,0,0,1.550574150521361,1.3574616589170538,0.11206438908679744,9.105895729066065,0.2888319568553896,1.196937914746858,4.079483646291072,all_objects,199,199,0,0,0,0.5454924996842023,0.32102470209756834,-0.44140715369197403,0.9171798213536779,-0.11584492267853821,0.6476076686447134,0.8926567008410059,all_objects,199,199,0,0,0,0.06362988796730512,0.05484529634580513,-0.03981306730612247,0.26608112610660506,-0.004390884367787081,0.057409048935393635,0.1633341565549088,all_objects,199,199,0,0,0,0.31248145101603436,0.11974343836582355,0.10243564416157863,0.654122601405803,0.14411507222898087,0.3031378543753395,0.5118418987087665,all_objects,199,199,0,0,0,0.31668331667712996,0.06760143215060646,0.14747383833816738,0.5018531537460809,0.20423323313350353,0.3193137834123681,0.42770397153223966,all_objects,199,199,0,0,0,0.9980978114232371,0.3390709223165125,0.2752480421435322,1.9674994274759512,0.5052249660180298,0.996197399924318,1.5192512566721774,all_objects,199,199,0,0,0,0.0013089142041430558,0.006087841715589628,5.7823071196541165e-08,0.04798595503852369,3.8288191496672014e-07,7.682240753771125e-06,0.0035693377391721754,all_objects,199,199,0,0,0,0.005225080933498337,0.0243489008071983,1.5889916041952477e-07,0.19191965610586198,9.925631557101678e-07,2.2566595170501388e-05,0.014275966795494043,all_objects,199,199,0,0,0,0.0021100322697145306,0.005307679333518325,5.794666381337474e-05,0.035916033840219214,0.00014082519033849545,0.0005810908193093615,0.009317749775308236,all_objects,199,199,0,0,0,0.0077860842139289696,0.021124119878282225,0.00014070907539580457,0.1424013106498856,0.0003319501219984808,0.0016357504098095442,0.036511331218562766,all_objects,199,199,0,0,0,0.13152075564548468,0.541393228728255,1.5362429962806345e-05,3.7770225890851066,0.0001226134927350131,0.0016895200919861963,0.540514047249051,all_objects,199,199,0,0,0,0.6861947914877906,0.15480851628746733,0.08391552840157324,0.9440525914333181,0.42587800297561296,0.7022694490360487,0.8935429641882554,all_objects
llvip,val,quality_gate070,19,0,4,4,4.0,61,49,5,61,1.0,60,61,60,0.9836065573770492,0,61,1.0,61,1.0,61,61,1.0,1.0,61,61,0,0,0,0.7854269416130196,0.08282604724222509,0.5701681662985648,0.9117942607122834,0.6400806189452265,0.7990443869179091,0.909346620029903,all_objects,61,61,0,0,0,0.7854269416130196,0.08282604724222509,0.5701681662985648,0.9117942607122834,0.6400806189452265,0.7990443869179091,0.909346620029903,all_objects,61,61,0,0,0,0.23777549287178762,0.11197351338604211,0.020949822385692318,0.4985632251855009,0.08149512109976331,0.21674643019661588,0.438947521203934,all_objects,61,61,0,0,0,1.738786075620742,0.8104125587372356,0.7802346682423353,5.001997555456926,0.8676732916761339,1.5549755958521454,3.138343399318902,all_objects,61,61,0,0,0,0.8132408376333137,0.21463676140952878,0.4784850302734424,1.7770450110789966,0.6103442807084496,0.751447446343815,1.1901851074278935,all_objects,61,61,0,0,0,-0.9255452379874284,0.7544688893082255,-3.7800881059344684,-0.02738650361117323,-2.320251453272081,-0.723523445295003,-0.12799293126493816,all_objects,61,61,0,0,0,1.903876974165343,1.2608173877489528,0.2645174446603495,6.363964009127329,0.5698685113649751,1.5025902811992151,4.103829449497483,all_objects,61,61,0,0,0,0.7639592521382192,0.1364313349035265,0.310235736403156,0.9171798213536779,0.4900742706649454,0.8101267427384798,0.9082759897964882,all_objects,61,61,0,0,0,0.09476666428203882,0.0523577796002935,0.012202957105991676,0.26608112610660506,0.026832323492677855,0.08357008233410863,0.19840521174478376,all_objects,61,61,0,0,0,0.3671872527074093,0.1064042992312897,0.1550298788707742,0.6524162178537515,0.19833024069802832,0.3618122154108963,0.575021959315827,all_objects,61,61,0,0,0,0.3148805214932809,0.06928139479603594,0.1705275573051086,0.5018531537460809,0.20442780651278783,0.31562101135508197,0.41631816797676113,all_objects,61,61,0,0,0,1.1790031938755836,0.26830448815262875,0.4712739154144455,1.618594874631952,0.7166543573109552,1.230844230639751,1.5187525477107058,all_objects,61,61,0,0,0,8.691707922631191e-05,0.0004743269881163914,5.7823071196541165e-08,0.003726423756175934,2.9522491860986104e-07,2.3759301306142554e-06,0.0001529918942875436,all_objects,61,61,0,0,0,0.00034575923047574554,0.0018970751761868345,1.5889916041952477e-07,0.014902145650184124,8.141893086889194e-07,6.381624220136559e-06,0.000611364963013356,all_objects,61,61,0,0,0,0.0007633832211401312,0.0014221133572956699,5.794666381337474e-05,0.010599917849393061,0.00012037506992681649,0.0003269550385025632,0.0021952225145239045,all_objects,61,61,0,0,0,0.0026750402156910658,0.0056395255855114694,0.00014070907539580457,0.04180430996285516,0.00028823070817396977,0.0008704548535926178,0.008514741721892035,all_objects,61,61,0,0,0,0.011003501763860729,0.053452850055276585,1.5362429962806345e-05,0.4177295851170584,0.00010086140574117053,0.0008358259465239826,0.01903952115571883,all_objects,61,61,0,0,0,0.7855035923302099,0.08290708386070997,0.5701889332273848,0.9118002015510441,0.640107796875583,0.7990469818020445,0.9093516119696932,all_objects
llvip,train,base,20,0,-4,4,4.0,2728,1024,14,2726,0.999266862170088,22,23,21,0.9130434782608695,1,701,0.2569648093841642,525,0.19244868035190615,1870,2728,0.6854838709677419,0.6854838709677419,2728,2728,0,0,0,0.8467773741408464,0.07547137416732837,0.16752027126977062,0.9686447256337976,0.7070029113175579,0.8626944528540359,0.9341838154525822,all_objects,2728,2728,0,0,0,0.8467773741408464,0.07547137416732837,0.16752027126977062,0.9686447256337976,0.7070029113175579,0.8626944528540359,0.9341838154525822,all_objects,2728,2728,0,0,0,-0.03704003432675128,0.07711972860549375,-0.5573113293804415,0.5966369004278826,-0.15207720545361245,-0.04030349841088304,0.08028345921632142,all_objects,2728,2728,0,0,0,0.680910342085046,0.2595697124979214,0.2307109253492022,5.040649458002111,0.4518092784470714,0.6328195135142862,1.0887949282180818,all_objects,2728,2728,0,0,0,0.7360898605632503,0.22659071149724544,0.32610523088838533,6.2882087039169186,0.522657147439545,0.6940398854014481,1.0754706737500173,all_objects,2728,2728,0,0,0,0.05517951847820442,0.1987392423272593,-3.795272792438212,1.8553568756779983,-0.1593356698055558,0.06651111772495827,0.2556323716040077,all_objects,2728,2728,0,0,0,0.34528972623936477,0.29108952248885794,0.0386806686296162,6.518240980728102,0.1049263497626847,0.2823862626203285,0.7732012484496353,all_objects,2728,2728,0,0,0,0.188231283200026,0.3575153861187656,-0.8210923403283384,0.9556362369040773,-0.4333698185601772,0.20353347187862303,0.7424435414289644,all_objects,2728,2728,0,0,0,0.005634528609229181,0.01420558934263765,-0.02567346202613703,0.2615627092117255,-0.005434273542792757,0.0022741434586150953,0.0266744864100645,all_objects,2728,2728,0,0,0,0.14912251637217125,0.05145670385334223,0.05002207484938816,0.6396226264881546,0.08732146740294844,0.13859476208264326,0.2415905488223588,all_objects,2728,2728,0,0,0,0.11792015104802878,0.06826041970271496,0.008174690143492648,0.4789180932973905,0.0373807395573382,0.10251135930739493,0.25759444845412016,all_objects,2728,2728,0,0,0,1.680341352716863,1.1901169205169042,0.20071400179345603,15.430629832450032,0.5600236938964915,1.3911555637374513,3.7173253097897003,all_objects,2728,2728,0,0,0,0.0014659825717079128,0.006193098529503501,1.185178838528666e-08,0.06676386155061766,2.3713587023261726e-07,4.452663000234919e-06,0.009749531794782136,all_objects,2728,2728,0,0,0,0.005860679763706812,0.024771846837925274,3.382908302898991e-08,0.26700889942132816,6.52391649145072e-07,1.540542370537922e-05,0.03899580062333981,all_objects,2728,2728,0,0,0,0.0022907669992267084,0.00614463478952667,2.623781531056524e-05,0.060572469893949286,0.00011033859969098051,0.00042255675222235595,0.01594612943009323,all_objects,2728,2728,0,0,0,0.008734238694243395,0.02454148705714336,6.493833647719128e-05,0.2401447153405073,0.00027545565441132404,0.0012325775999554387,0.06285725329808424,all_objects,2728,2728,0,0,0,0.13824574981203808,0.5330968455390446,7.297123033822572e-06,3.827285551924433,7.484958632204552e-05,0.0010760379922629681,1.0314817824810172,all_objects,2728,2728,0,0,0,0.8478100979811755,0.07516385698422955,0.16751500462373187,0.9686620734265935,0.70894904763588,0.8636235640227894,0.9344629201137516,all_objects
llvip,train,n_iou_lt_070,20,0,-4,4,4.0,82,73,13,82,1.0,22,23,21,0.9130434782608695,1,66,0.8048780487804879,63,0.7682926829268293,73,82,0.8902439024390244,0.8902439024390244,82,82,0,0,0,0.7107661350229358,0.13778174249227965,0.16752027126977062,0.9279917941265481,0.5009041457113941,0.7341963376304972,0.8687533780976187,all_objects,82,82,0,0,0,0.7107661350229358,0.13778174249227965,0.16752027126977062,0.9279917941265481,0.5009041457113941,0.7341963376304972,0.8687533780976187,all_objects,82,82,0,0,0,0.1154899079365541,0.14627213808908943,-0.1908227799122693,0.5966369004278826,-0.07625428118621329,0.10220538949749752,0.3532058621791272,all_objects,82,82,0,0,0,1.5334687448175544,0.7647688205918972,0.7929635698187757,5.040649458002111,0.8679013923987137,1.3427683739816638,2.983705990080583,all_objects,82,82,0,0,0,1.1305145341023932,0.7108175563197656,0.5159791847304979,6.2882087039169186,0.6077379131458567,0.9437604238958054,1.7747491337304857,all_objects,82,82,0,0,0,-0.40295421071516124,0.7197239652688855,-3.795272792438212,1.2475592459148075,-1.1922660418222861,-0.2551245351546723,0.4018916224999631,all_objects,82,82,0,0,0,0.8625077056950227,0.943296834224881,0.060918290364579034,6.518240980728102,0.13025812118573749,0.626214241883126,1.864553684016797,all_objects,82,82,0,0,0,0.5230768626055635,0.34413921819687937,-0.37820583061281504,0.9556362369040773,-0.12397348872452858,0.6509731452602459,0.9098007284111027,all_objects,82,82,0,0,0,0.04614229498903586,0.048602533925606886,-0.02567346202613703,0.2615627092117255,-0.004853462621789445,0.03129745467666644,0.1258897764883399,all_objects,82,82,0,0,0,0.2369996887618531,0.10329023864269585,0.06161040433407882,0.6396226264881546,0.0975509783352715,0.22627838794921995,0.39714151318686486,all_objects,82,82,0,0,0,0.2950183611650579,0.06983477943464111,0.16377375305143124,0.4789180932973905,0.18642605757071218,0.2860288092526103,0.42894910378168877,all_objects,82,82,0,0,0,0.8092497307066288,0.3005956064545342,0.2319782001150008,1.6688910530539633,0.39256072021984345,0.7713597025751029,1.3093863442890443,all_objects,82,82,0,0,0,0.0037618903306573365,0.010774645426408514,1.6206168559833167e-07,0.05723422664988862,4.4858821481829217e-07,1.743544651660092e-05,0.031272483337022,all_objects,82,82,0,0,0,0.0150332244003345,0.04309850148561927,3.783918931706943e-07,0.2289315877084151,9.75047216634831e-07,5.158455269818139e-05,0.12508581178959075,all_objects,82,82,0,0,0,0.004581766954434161,0.010106418478334142,9.509656922987184e-05,0.05742829366562329,0.00016027707300253144,0.0008272836265011136,0.02852878462281534,all_objects,82,82,0,0,0,0.017560844869662168,0.0404148412152211,0.00020347537262190547,0.22875832007417982,0.0003412836242855691,0.0022557412024863804,0.11376088207345886,all_objects,82,82,0,0,0,0.3213136322216629,0.8240414616655872,5.823615342848143e-05,3.2670974889199442,0.00014644243044372728,0.003913914072768421,2.559807174541979,all_objects,82,82,0,0,0,0.7119824726412947,0.13667241967095212,0.16751500462373187,0.953952622033819,0.5004158108700484,0.7341508858171182,0.8649770345711404,all_objects
llvip,train,quality_gate070,20,0,-4,4,4.0,23,22,10,23,1.0,21,23,21,0.9130434782608695,0,23,1.0,21,0.9130434782608695,23,23,1.0,1.0,23,23,0,0,0,0.7862599481315257,0.0743668840725821,0.6599052365368818,0.9279917941265481,0.66710120946506,0.763021946950948,0.9107218660346752,all_objects,23,23,0,0,0,0.7862599481315257,0.0743668840725821,0.6599052365368818,0.9279917941265481,0.66710120946506,0.763021946950948,0.9107218660346752,all_objects,23,23,0,0,0,0.20442100737588054,0.13928469668558077,0.022973989528234928,0.5966369004278826,0.04458058876068304,0.2027602752238018,0.5148737000971405,all_objects,23,23,0,0,0,1.5602295811012972,0.8675419100842646,0.8444079983662671,4.737907360616081,0.875755745307193,1.3016217418434377,3.364608434650706,all_objects,23,23,0,0,0,0.8205369795250262,0.17425334010894378,0.533095205161132,1.2931225882002102,0.6026521663827554,0.789748825670626,1.168501957531482,all_objects,23,23,0,0,0,-0.7396926015762709,0.8581478175931274,-3.795272792438212,0.11699459891202402,-2.5638822926319143,-0.6180246646822443,0.04574293773667276,all_objects,23,23,0,0,0,1.2786588748407457,1.4887463320014502,0.23936378130528652,6.518240980728102,0.2861377959428652,0.6895897030758764,4.549630058528877,all_objects,23,23,0,0,0,0.758141300270037,0.17771728883257581,0.22984127485817432,0.9241630092379621,0.442190603196911,0.8219235093565301,0.9128741715281731,all_objects,23,23,0,0,0,0.0737485713539479,0.05884361813179025,0.008651559503170002,0.2615627092117255,0.014444738080468367,0.058401529091416465,0.20686770830222662,all_objects,23,23,0,0,0,0.2915231657708442,0.12221590588876961,0.14410082367669455,0.6396226264881546,0.15534885638833043,0.26804793585122105,0.5471410667166576,all_objects,23,23,0,0,0,0.2922976272256671,0.07049322033650486,0.16377375305143124,0.4532843179158149,0.19155322538519948,0.2780635786057447,0.4231893324850266,all_objects,23,23,0,0,0,0.9986394438071121,0.29734214929251185,0.5276227528373927,1.571663563984999,0.5539836338955612,1.0383924822222848,1.4095192821859854,all_objects,23,23,0,0,0,0.0031018577582217276,0.008197623464098747,1.6206168559833167e-07,0.031516020402901176,7.170927051637233e-07,8.074881312939207e-06,0.021434823242012197,all_objects,23,23,0,0,0,0.012404743702048386,0.032790303891758334,3.936150142213271e-07,0.12605990028191918,1.7216576655256276e-06,2.6781132278336403e-05,0.08573716143963157,all_objects,23,23,0,0,0,0.003865718025872381,0.008310324332710626,9.509656922987184e-05,0.02988113869274025,0.0001888509242448067,0.0005309889538552764,0.024368013008298408,all_objects,23,23,0,0,0,0.0149953215837868,0.033208059414694256,0.00020875471721702908,0.11888850996866447,0.0004234661655124916,0.0014078472700312426,0.0970007281621045,all_objects,23,23,0,0,0,0.30250952634777756,0.7814125984175719,5.823615342848143e-05,2.8798610936903515,0.0003267977970523361,0.0016031932168516505,2.119666507807943,all_objects,23,23,0,0,0,0.7874560998457464,0.07734562389900193,0.6599078157730291,0.953952622033819,0.6670960433273386,0.7630216762294857,0.9107228728164324,all_objects
llvip,val,base,20,0,-4,4,4.0,548,196,5,547,0.9981751824817519,60,61,60,0.9836065573770492,0,272,0.49635036496350365,278,0.5072992700729927,428,548,0.781021897810219,0.781021897810219,548,548,0,0,0,0.7472373902098746,0.12546593254929975,0.11678315058422573,0.9647208691457579,0.5106561715680635,0.7645739986003456,0.9030320181210368,all_objects,548,548,0,0,0,0.7472373902098746,0.12546593254929975,0.11678315058422573,0.9647208691457579,0.5106561715680635,0.7645739986003456,0.9030320181210368,all_objects,548,548,0,0,0,0.02075456471045061,0.1525185077777226,-0.5122354545519767,0.5833811473999758,-0.19043414793022853,-0.0013947767907829811,0.3189791392813319,all_objects,548,548,0,0,0,1.1296532567372595,0.6875356714472393,0.3527060457076785,5.001997555456926,0.535784429351183,0.9031641937197016,2.495684714640167,all_objects,548,548,0,0,0,1.0082050214119738,0.5322604851068927,0.43714865823829935,4.8046429099578525,0.5856526317030567,0.8274098041204105,1.9510794596915562,all_objects,548,548,0,0,0,-0.12144823532528524,0.6815406752001006,-4.1385060680951185,3.576392887855375,-1.2518974205671838,-0.009914916647239591,0.5918142770719471,all_objects,548,548,0,0,0,0.8396967143519503,0.9536638766122527,0.0595214413133071,8.532128486047888,0.1589117829523326,0.5298106125631297,2.3879035736214047,all_objects,548,548,0,0,0,0.3506915628308921,0.3891839944163585,-0.7681980075326262,0.9575148673440803,-0.33467415143401114,0.4049781439740556,0.8725263815509329,all_objects,548,548,0,0,0,0.028176022831168514,0.042379813637762914,-0.0311323203263211,0.2701997845913804,-0.009368148608436181,0.012667837840209546,0.11069328448183424,all_objects,548,548,0,0,0,0.23111911863532436,0.10081123833678192,0.06928837146896934,0.6444397786709654,0.1077394159334438,0.20623017351030148,0.420616425354574,all_objects,548,548,0,0,0,0.22094331233387587,0.09853059840946579,0.03175749632088304,0.5018531537460809,0.08393298169206632,0.21053633216692952,0.3973736483626606,all_objects,548,548,0,0,0,1.2072762531123866,0.6181180551342312,0.22458316260332353,4.981140741639339,0.48621137315454377,1.0842619262952047,2.3370985526194734,all_objects,548,548,0,0,0,0.0015255437666430113,0.006221717261792628,6.401842977789832e-08,0.05174464672104122,4.5362250018571374e-07,7.31528557383375e-06,0.010170149425917006,all_objects,548,548,0,0,0,0.0060979215857584505,0.02488569170607583,1.5201032763573456e-07,0.2069697896344118,1.239160682707805e-06,2.585116242736408e-05,0.040679631582132385,all_objects,548,548,0,0,0,0.0023705589917326166,0.00573955666148005,6.18690466423296e-05,0.03840661177502047,0.00015149154697205407,0.0005496101465984218,0.013608619157119816,all_objects,548,548,0,0,0,0.00904574839016582,0.02291446457177566,0.00013359965453217594,0.15273811498449516,0.0003748295939695273,0.0017106848783095426,0.05408454332417416,all_objects,548,548,0,0,0,0.1551916656530895,0.5763006015855239,1.9417239514041285e-05,3.8958058286344794,0.00013711598258510095,0.0017366108231726685,1.1779847267982666,all_objects,548,548,0,0,0,0.7481019765097905,0.12555802552160372,0.11671573016934844,0.9647359774927975,0.5106576381832999,0.764936844740103,0.9048344190812755,all_objects
llvip,val,n_iou_lt_070,20,0,-4,4,4.0,199,109,5,198,0.9949748743718593,60,61,60,0.9836065573770492,0,156,0.7839195979899497,160,0.8040201005025126,182,199,0.914572864321608,0.914572864321608,199,199,0,0,0,0.6922624209766459,0.15232505961485207,0.11678315058422573,0.9647208691457579,0.42112497791895137,0.7218846538504641,0.8835419715410779,all_objects,199,199,0,0,0,0.6922624209766459,0.15232505961485207,0.11678315058422573,0.9647208691457579,0.42112497791895137,0.7218846538504641,0.8835419715410779,all_objects,199,199,0,0,0,0.1308744286093151,0.1684089469182071,-0.43977053012256984,0.5833811473999758,-0.10356414612225565,0.12044028807310403,0.4216025637749348,all_objects,199,199,0,0,0,1.7359173322976793,0.7979102861211226,0.7802346682423353,5.001997555456926,0.8758429577319732,1.5544592925965315,3.357660916473895,all_objects,199,199,0,0,0,1.1931794823495194,0.6594407124233682,0.43714865823829935,4.8046429099578525,0.6022059071985592,0.9621060362424121,2.459821893332294,all_objects,199,199,0,0,0,-0.5427378499481598,0.8746725608130007,-4.1385060680951185,2.5658524332550687,-2.092894286158164,-0.4834733829708642,0.5671433175497302,all_objects,199,199,0,0,0,1.3380779019993985,1.2522796959503828,0.09693964906426975,8.532128486047888,0.2042501268455402,0.9652335083590426,3.895472495882259,all_objects,199,199,0,0,0,0.5519011692182834,0.32809384502167555,-0.5001001138759129,0.9575148673440803,-0.16212657857193402,0.6716188791814799,0.911732382619345,all_objects,199,199,0,0,0,0.06057098703361642,0.053275925497727354,-0.0311323203263211,0.2701997845913804,-0.007664423150720319,0.05413865978298051,0.15928399025104378,all_objects,199,199,0,0,0,0.2921397534931803,0.11744962024627328,0.07022634860595776,0.6444397786709654,0.12287394278284981,0.278181241713847,0.4986974413987944,all_objects,199,199,0,0,0,0.31668331667712996,0.06760143215060646,0.14747383833816738,0.5018531537460809,0.20423323313350353,0.3193137834123681,0.42770397153223966,all_objects,199,199,0,0,0,0.9351828607045113,0.3442981697412426,0.2662110688321072,1.8904602245929185,0.3861632691211905,0.9247636969376112,1.4494017893346334,all_objects,199,199,0,0,0,0.001961549178074359,0.006957122036821119,9.265630109135941e-08,0.05174464672104122,6.560596386831248e-07,2.1507493024729375e-05,0.013602130094084557,all_objects,199,199,0,0,0,0.00783764778855464,0.027826557597353387,2.6583728312183785e-07,0.2069697896344118,1.8887388842716105e-06,8.522484314086069e-05,0.05440748781118685,all_objects,199,199,0,0,0,0.0030040545526952376,0.006257046909575387,7.114667840018557e-05,0.03840661177502047,0.0001769955776749591,0.0008226425585312249,0.01720369638370421,all_objects,199,199,0,0,0,0.011474271117868556,0.024978453060957757,0.00017630756358830206,0.15273811498449516,0.00043120597830429753,0.002577180951392052,0.06859741502888406,all_objects,199,199,0,0,0,0.20876263608726536,0.6475535841083038,4.8136714752899934e-05,3.8958058286344794,0.00020085185900597935,0.004703038842677643,1.970597562298279,all_objects,199,199,0,0,0,0.6928793740505502,0.15244143514528632,0.11671573016934844,0.9647359774927975,0.42113611159834724,0.7223858489201264,0.8835811237202337,all_objects
llvip,val,quality_gate070,20,0,-4,4,4.0,61,49,5,61,1.0,60,61,60,0.9836065573770492,0,61,1.0,59,0.9672131147540983,61,61,1.0,1.0,61,61,0,0,0,0.7836836822704928,0.08805737878391531,0.6044703930531653,0.9647208691457579,0.6176166063710138,0.7829065182361867,0.9081542307117472,all_objects,61,61,0,0,0,0.7836836822704928,0.08805737878391531,0.6044703930531653,0.9647208691457579,0.6176166063710138,0.7829065182361867,0.9081542307117472,all_objects,61,61,0,0,0,0.23603223352926092,0.1323649458807844,0.04847056917271442,0.5567909903421778,0.06340616081623496,0.21104173733435183,0.48439235858724344,all_objects,61,61,0,0,0,1.738786075620742,0.8104125587372356,0.7802346682423353,5.001997555456926,0.8676732916761339,1.5549755958521454,3.138343399318902,all_objects,61,61,0,0,0,0.852478723953932,0.28555003815447644,0.518411940740321,2.005773656004931,0.5752332064282186,0.7450487479748222,1.2151858148730623,all_objects,61,61,0,0,0,-0.8863073516668101,0.7956651939337709,-4.1385060680951185,0.09829278673941455,-2.1220051731320915,-0.6219777443668288,-0.10195334625877939,all_objects,61,61,0,0,0,1.6584943666757965,1.195202166103516,0.24443472956555315,6.252056036885001,0.45200661804226855,1.1790124041826087,3.9263134789366383,all_objects,61,61,0,0,0,0.7517418531202804,0.16670840424543656,0.20686531311248096,0.9575148673440803,0.4342968434828111,0.8020786028401211,0.931029297527758,all_objects,61,61,0,0,0,0.08908660674992983,0.053862311616251594,0.011672249690441384,0.2701997845913804,0.022607163916955195,0.07543648014255061,0.18216392012735896,all_objects,61,61,0,0,0,0.34639265311299533,0.10341683301827817,0.1598820543158693,0.6396982061250788,0.19894759026493894,0.33450774535436734,0.5385874278682792,all_objects,61,61,0,0,0,0.3148805214932809,0.06928139479603594,0.1705275573051086,0.5018531537460809,0.20442780651278783,0.31562101135508197,0.41631816797676113,all_objects,61,61,0,0,0,1.1151159763037481,0.27319494591291027,0.6034595036428125,1.5830048785337962,0.6707019024136187,1.1182976065229258,1.4704667010943704,all_objects,61,61,0,0,0,0.0018442026583644201,0.006035306503254838,3.3083560848748124e-07,0.030444286655838038,5.640007581483674e-07,9.354650240502797e-06,0.013091099317305038,all_objects,61,61,0,0,0,0.0073754564988000836,0.024141027765210103,1.1105080800132072e-06,0.12177654720184873,1.6885985967458595e-06,3.701215602828663e-05,0.05236349694115512,all_objects,61,61,0,0,0,0.0029129940556876957,0.006315728834789476,0.00012810229885760539,0.02935234201830924,0.00015864810005577432,0.0005274140779816601,0.01844044930679334,all_objects,61,61,0,0,0,0.011314922861628659,0.02523770753745845,0.0003541970535424024,0.11714164528333892,0.00042163279850016466,0.001762561535041425,0.07345065291473094,all_objects,61,61,0,0,0,0.18693295258502357,0.582654729151902,9.408329879079247e-05,2.8061626769336954,0.00017798501846755244,0.0017741374828688095,1.389926068410773,all_objects,61,61,0,0,0,0.7841121814411979,0.08757919863246047,0.6044749427786734,0.9647359774927975,0.6176387720426186,0.7829032422455702,0.9081542949848919,all_objects
llvip,train,base,21,4,4,4,5.656854249492381,2728,1024,14,2696,0.9882697947214076,18,23,16,0.6956521739130435,2,253,0.09274193548387097,257,0.09420821114369501,1564,2728,0.5733137829912024,0.5733137829912024,2728,2728,0,0,0,0.7622226331849443,0.08454852506938604,0.14520707265824412,0.9733695120879253,0.6148551368214681,0.7744140688850187,0.8760967142214328,all_objects,2728,2728,0,0,0,0.7622226331849443,0.08454852506938604,0.14520707265824412,0.9733695120879253,0.6148551368214681,0.7744140688850187,0.8760967142214328,all_objects,2728,2728,0,0,0,-0.12159477528265349,0.09628575993581923,-0.6290881390671934,0.7499931456384223,-0.26494380591485645,-0.12395488821676404,0.035780205239453806,all_objects,2728,2728,0,0,0,0.680910342085046,0.2595697124979214,0.2307109253492022,5.040649458002111,0.4518092784470714,0.6328195135142862,1.0887949282180818,all_objects,2728,2728,0,0,0,0.819836192909829,0.23562028969551269,0.45190078473983525,5.45503728504013,0.6114835525342931,0.7662135170300446,1.2169784640787815,all_objects,2728,2728,0,0,0,0.1389258508247831,0.2100482465878722,-4.034688237041983,1.50060317051776,-0.07953755199503747,0.14329152585715416,0.3888859780432599,all_objects,2728,2728,0,0,0,0.5583837559038061,0.36256074182303744,0.07297938115037214,6.326508331511094,0.20029613423807088,0.4852242703171416,1.1595474520502993,all_objects,2728,2728,0,0,0,0.07643471383630566,0.33911186499677626,-0.7795865804232696,0.925682418404395,-0.4700488113027199,0.07003423751025208,0.638699075425083,all_objects,2728,2728,0,0,0,0.004049934309197179,0.013997452302246478,-0.039693139860202425,0.25447667657103534,-0.007677101148113484,0.000998267230740713,0.024483612050714913,all_objects,2728,2728,0,0,0,0.18217279823100288,0.05368872336249697,0.07281013795019213,0.606478312034119,0.11365883289006147,0.17312567365519546,0.28374806648249434,all_objects,2728,2728,0,0,0,0.11792015104802878,0.06826041970271496,0.008174690143492648,0.4789180932973905,0.0373807395573382,0.10251135930739493,0.25759444845412016,all_objects,2728,2728,0,0,0,2.099698020058894,1.5348655755275347,0.3334532651298017,21.07951957253997,0.7127501173583817,1.695180521446217,4.6724356348474485,all_objects,2728,2728,0,0,0,0.006609803418509762,0.012418028271396514,1.1738995320769275e-07,0.0784776112232802,3.566125567606524e-06,0.00014621393159659386,0.035380765738901164,all_objects,2728,2728,0,0,0,0.025416594769900363,0.04732543271170067,3.828271939117462e-07,0.2571236198950105,1.0168118086617744e-05,0.0005146147896622734,0.13482122694030274,all_objects,2728,2728,0,0,0,0.009127101191319372,0.011888693287451712,9.509377732698371e-05,0.0677290862301142,0.0004796967566632309,0.00267812663770383,0.033912042161602464,all_objects,2728,2728,0,0,0,0.0324860702118466,0.043813093174843144,0.00020936660354117526,0.23948970188057453,0.0010690353548430298,0.007549134796056931,0.12432578245097736,all_objects,2728,2728,0,0,0,0.5829683628625321,1.0136729259727162,2.595660410520395e-05,3.945995310078956,0.0005677921080019743,0.017615850605409378,2.994127632574985,all_objects,2728,2728,0,0,0,0.7719636754461782,0.08192073006444198,0.16596123256276335,0.9733337189825986,0.6267612616683992,0.7836128556735393,0.8814483049235574,all_objects
llvip,train,n_iou_lt_070,21,4,4,4,5.656854249492381,82,73,13,82,1.0,18,23,16,0.6956521739130435,2,55,0.6707317073170732,64,0.7804878048780488,72,82,0.8780487804878049,0.8780487804878049,82,82,0,0,0,0.6659401431320544,0.1522290562040308,0.14520707265824412,0.91870321649328,0.3958320963575511,0.701152116077457,0.8556274650319212,all_objects,82,82,0,0,0,0.6659401431320544,0.1522290562040308,0.14520707265824412,0.91870321649328,0.3958320963575511,0.701152116077457,0.8556274650319212,all_objects,82,82,0,0,0,0.07066391604567263,0.16909834208515576,-0.31479242523872414,0.7499931456384223,-0.19727785358164093,0.059416816483699814,0.28191421627039387,all_objects,82,82,0,0,0,1.5334687448175544,0.7647688205918972,0.7929635698187757,5.040649458002111,0.8679013923987137,1.3427683739816638,2.983705990080583,all_objects,82,82,0,0,0,1.1702343121202867,0.6640044289629518,0.5997603202104913,5.45503728504013,0.7155009475094521,0.9602772184124311,2.19189133731754,all_objects,82,82,0,0,0,-0.3632344326972674,0.7253615851002987,-4.034688237041983,1.222146457133611,-1.1433649376240282,-0.2830308450070518,0.4652753522879069,all_objects,82,82,0,0,0,1.0428514640057065,0.9554415285890705,0.13196172527645134,6.326508331511094,0.28453994582136083,0.7830423746916648,2.4622846923259205,all_objects,82,82,0,0,0,0.5014602909055639,0.31932328674371796,-0.2185529652109778,0.925682418404395,-0.15906783072576894,0.5746015455776525,0.8686747968322932,all_objects,82,82,0,0,0,0.044664490600239526,0.04538152529892829,-0.016011012951005786,0.25447667657103534,-0.005740844677659699,0.03760741813245476,0.10998116675896531,all_objects,82,82,0,0,0,0.2531848484904646,0.09245524130536047,0.1083189098245562,0.606478312034119,0.13562420170401973,0.23493192148398162,0.4296014785098511,all_objects,82,82,0,0,0,0.2950183611650579,0.06983477943464111,0.16377375305143124,0.4789180932973905,0.18642605757071218,0.2860288092526103,0.42894910378168877,all_objects,82,82,0,0,0,0.8762996548787761,0.28693051185531454,0.4146442229006273,1.6490530866725328,0.4917432113072446,0.8250564099088791,1.4344215442179034,all_objects,82,82,0,0,0,0.007105412034913962,0.01336418859681165,6.042380331764575e-06,0.0784776112232802,2.4870219967902346e-05,0.0004107208861514807,0.031068476107537428,all_objects,82,82,0,0,0,0.025006357499929268,0.042748314673784454,1.3121478395088794e-05,0.20109105699609592,8.16250113609142e-05,0.0014947115440669253,0.11298568184699934,all_objects,82,82,0,0,0,0.010918034423792342,0.012979372382495817,0.0007058929917036714,0.0677290862301142,0.001187975251450939,0.005297189801302061,0.035557003501831844,all_objects,82,82,0,0,0,0.03530114619348785,0.041577445575406,0.00118340804581659,0.20068302122236925,0.002895036777822341,0.012340559317079657,0.10556805952042092,all_objects,82,82,0,0,0,0.572746061581172,0.8901410394695785,0.0007556003149602475,3.4905698302386554,0.0023831996622448058,0.04676717927158336,2.4945120301978214,all_objects,82,82,0,0,0,0.6725601285030738,0.14878803562491497,0.16596123256276335,0.9188327953468903,0.40127716712426453,0.7062520250327697,0.8548964068896352,all_objects
llvip,train,quality_gate070,21,4,4,4,5.656854249492381,23,22,10,23,1.0,16,23,16,0.6956521739130435,0,22,0.9565217391304348,21,0.9130434782608695,23,23,1.0,1.0,23,23,0,0,0,0.7511011337886969,0.08939539083177395,0.5909799066137623,0.91870321649328,0.6035336960336062,0.7513323316222912,0.8796925441317052,all_objects,23,23,0,0,0,0.7511011337886969,0.08939539083177395,0.5909799066137623,0.91870321649328,0.6035336960336062,0.7513323316222912,0.8796925441317052,all_objects,23,23,0,0,0,0.16926219303305207,0.1671232259358477,-0.024532746237540093,0.7499931456384223,0.010277586358406655,0.13618976884071565,0.44529001287719133,all_objects,23,23,0,0,0,1.5602295811012972,0.8675419100842646,0.8444079983662671,4.737907360616081,0.875755745307193,1.3016217418434377,3.364608434650706,all_objects,23,23,0,0,0,0.8775873669461104,0.18973803530871353,0.6347438661381726,1.6328734943481136,0.7044415297655865,0.837504493422757,1.0403333444888438,all_objects,23,23,0,0,0,-0.6826422141551871,0.9066716470259631,-4.034688237041983,0.07655000608829832,-2.5361960292173817,-0.384668450707325,0.03088077185210226,all_objects,23,23,0,0,0,1.4139445633963543,1.4280431796262318,0.3011016266302956,6.326508331511094,0.39301311351525253,0.9391769813254663,4.479947851392822,all_objects,23,23,0,0,0,0.7057715441777261,0.16114752635207708,0.3791192181132565,0.925682418404395,0.44630734516941467,0.7467416628679376,0.890166015896897,all_objects,23,23,0,0,0,0.06974078791928819,0.057761230792183524,0.0144736694457987,0.25447667657103534,0.017779285052075787,0.04399759142862537,0.20396939566516334,all_objects,23,23,0,0,0,0.29389672392574,0.11427067890501078,0.1623354752753453,0.606478312034119,0.17062201670935795,0.26992526293587427,0.5476915698048024,all_objects,23,23,0,0,0,0.2922976272256671,0.07049322033650486,0.16377375305143124,0.4532843179158149,0.19155322538519948,0.2780635786057447,0.4231893324850266,all_objects,23,23,0,0,0,1.0084333490037394,0.27612760195677744,0.5267369990211511,1.6490530866725328,0.6723929473160871,0.9788749357523717,1.4293448560842856,all_objects,23,23,0,0,0,0.0055604577526916,0.009127374651916596,6.042380331764575e-06,0.03121588140182934,9.176523353888033e-06,0.000300395190015603,0.022687054970615857,all_objects,23,23,0,0,0,0.02213855488159727,0.03652331039818766,1.3121478395088794e-05,0.12485833403878567,2.759180753593436e-05,0.0012002355080494558,0.09071678939989798,all_objects,23,23,0,0,0,0.008521786977665688,0.009445225255204399,0.0007058929917036714,0.0301951220767541,0.0007561567489078507,0.0031576111623009247,0.024713965550775357,all_objects,23,23,0,0,0,0.03102399321569306,0.03778371946365033,0.00118340804581659,0.11958362088263494,0.001665090684736074,0.011340725166363304,0.09529270687864694,all_objects,23,23,0,0,0,0.5571728537414508,0.8855925698036289,0.0007556003149602475,2.8586615189973372,0.0013723066356419622,0.037626623504564805,2.2761470201458676,all_objects,23,23,0,0,0,0.7579891019248185,0.08522458882257182,0.5907067542505122,0.9188327953468903,0.6063785147291165,0.7681185960410376,0.8617312426164736,all_objects
llvip,val,base,21,4,4,4,5.656854249492381,548,196,5,535,0.9762773722627737,47,61,46,0.7540983606557377,1,202,0.3686131386861314,256,0.46715328467153283,439,548,0.801094890510949,0.801094890510949,548,548,0,0,0,0.7000582884010349,0.11922290435283737,0.06137794612916583,0.9518441572634507,0.47687669079274425,0.714738988773197,0.8619502722132996,all_objects,548,548,0,0,0,0.7000582884010349,0.11922290435283737,0.06137794612916583,0.9518441572634507,0.47687669079274425,0.714738988773197,0.8619502722132996,all_objects,548,548,0,0,0,-0.02642453709838903,0.14407470171178424,-0.49517573457762976,0.4863615203390757,-0.23519616093587037,-0.0473374772988307,0.22622553553987063,all_objects,548,548,0,0,0,1.1296532567372595,0.6875356714472393,0.3527060457076785,5.001997555456926,0.535784429351183,0.9031641937197016,2.495684714640167,all_objects,548,548,0,0,0,1.0275101864213763,0.5048934157965944,0.5112228591951947,5.854510092505265,0.6422751021193983,0.8801437677717902,1.8888677831063627,all_objects,548,548,0,0,0,-0.10214307031588316,0.6613982940286115,-3.7441712465090387,3.04419922017102,-1.1139542974014098,0.03627109241095916,0.5972680105060033,all_objects,548,548,0,0,0,1.0848058289814182,1.0208883542838731,0.11273957424807232,8.613774758205203,0.28030046703833417,0.7448147023444885,2.920314234081843,all_objects,548,548,0,0,0,0.3489853053130302,0.35122309750330266,-0.6720567599655696,0.9128156783798574,-0.26634798136304083,0.39780936832932523,0.8347776650857455,all_objects,548,548,0,0,0,0.02953080217165116,0.041764685216631604,-0.02860460649104089,0.26884690716816584,-0.007433298332355926,0.01523193938394165,0.10837116682827813,all_objects,548,548,0,0,0,0.25393342188938206,0.09655072359930576,0.0959347157929634,0.6575342517574914,0.13679300301917546,0.23181916968251975,0.436595948186106,all_objects,548,548,0,0,0,0.22094331233387587,0.09853059840946579,0.03175749632088304,0.5018531537460809,0.08393298169206632,0.21053633216692952,0.3973736483626606,all_objects,548,548,0,0,0,1.348490032851966,0.7117230331875285,0.306400305459841,7.0543717762845315,0.5770157403560789,1.2013017965034951,2.5568376683343543,all_objects,548,548,0,0,0,0.007880101362419794,0.013828608971318318,1.0246393960747395e-06,0.05393388050762295,4.5829591428836665e-06,0.0002069466451984259,0.04130023876517649,all_objects,548,548,0,0,0,0.030962001453006375,0.05464201004091541,2.149611228886452e-06,0.21546037590646375,1.648194071013516e-05,0.0007434709732056066,0.1632352988006646,all_objects,548,548,0,0,0,0.010091440498866837,0.012396618129015454,0.0002561388601506811,0.04970864921629123,0.0005238208613349844,0.0030862814221132746,0.03616224070104565,all_objects,548,548,0,0,0,0.03654024001501359,0.04745540059920381,0.0005175056833436266,0.19556638322333203,0.0013417843466044417,0.009024626483285253,0.13947823540237772,all_objects,548,548,0,0,0,0.6905377277651572,1.142152079439164,9.863096590834175e-05,3.908534613004747,0.0007509629062525391,0.023965042391168367,3.4211836857205746,all_objects,548,548,0,0,0,0.7072288658553995,0.11869732144741948,0.07399758260271022,0.9554192699742315,0.4942900429424511,0.7220293537814648,0.8648101343695233,all_objects
llvip,val,n_iou_lt_070,21,4,4,4,5.656854249492381,199,109,5,191,0.9597989949748744,47,61,46,0.7540983606557377,1,136,0.6834170854271356,159,0.7989949748743719,186,199,0.9346733668341709,0.9346733668341709,199,199,0,0,0,0.6366721546667934,0.13962753317544563,0.06137794612916583,0.9224985133011714,0.3960487099592735,0.6543668622163022,0.8353311665111541,all_objects,199,199,0,0,0,0.6366721546667934,0.13962753317544563,0.06137794612916583,0.9224985133011714,0.3960487099592735,0.6543668622163022,0.8353311665111541,all_objects,199,199,0,0,0,0.0752841622994625,0.1564337424702962,-0.49517573457762976,0.4863615203390757,-0.14959391895766658,0.06275998866724097,0.3406999716767002,all_objects,199,199,0,0,0,1.7359173322976793,0.7979102861211226,0.7802346682423353,5.001997555456926,0.8758429577319732,1.5544592925965315,3.357660916473895,all_objects,199,199,0,0,0,1.2177504314231307,0.6744448165924029,0.5112228591951947,5.854510092505265,0.6635911355535331,0.9860096992262569,2.453206575875452,all_objects,199,199,0,0,0,-0.5181669008745486,0.862398863178472,-3.7441712465090387,2.7599517545378225,-2.1373304518578546,-0.44593097392807934,0.6608217205292884,all_objects,199,199,0,0,0,1.6178907894578942,1.3412137837404319,0.16967088029577798,8.613774758205203,0.37550798640016564,1.2435313952911318,4.152646959935731,all_objects,199,199,0,0,0,0.5328235347230319,0.29114517543157953,-0.3256436579935938,0.9128156783798574,-0.05306382075894682,0.6092038009483196,0.8686854384731749,all_objects,199,199,0,0,0,0.06091260730984323,0.0522989911436599,-0.02860460649104089,0.26884690716816584,-0.001766119583864797,0.05056234281712421,0.15746562728717328,all_objects,199,199,0,0,0,0.31027322075118874,0.11192553832921256,0.11111599653542352,0.6575342517574914,0.15043955451007665,0.3052963187758723,0.5055240877759412,all_objects,199,199,0,0,0,0.31668331667712996,0.06760143215060646,0.14747383833816738,0.5018531537460809,0.20423323313350353,0.3193137834123681,0.42770397153223966,all_objects,199,199,0,0,0,0.9910235873880056,0.30991762493142067,0.306400305459841,1.9885730839657023,0.5263549460012774,0.971685255084194,1.4874478508785387,all_objects,199,199,0,0,0,0.010126637032582523,0.015376610626374741,1.8033241846736404e-06,0.05393388050762295,1.0459035254960078e-05,0.0004410404012882875,0.045353022313284606,all_objects,199,199,0,0,0,0.03991105847420606,0.061123475472549066,4.6863934516981786e-06,0.21546037590646375,3.35954147673464e-05,0.001580369416123555,0.18138828064055923,all_objects,199,199,0,0,0,0.012398986712488938,0.013436044926002816,0.0003840588568760407,0.04970864921629123,0.0007831742346601919,0.004550464352643197,0.03941970735564959,all_objects,199,199,0,0,0,0.0450676225299679,0.052158749522372476,0.0007002352827349757,0.19556638322333203,0.0020191817175726225,0.01368923710999459,0.15388777205655482,all_objects,199,199,0,0,0,0.8569916927897036,1.2338011739535655,0.0003067653893822353,3.908534613004747,0.0015185859765381338,0.05631950337919989,3.556663134807094,all_objects,199,199,0,0,0,0.6459536446983116,0.14052099026178017,0.07399758260271022,0.9173627471690622,0.38624276810348557,0.6607223721136782,0.8567674224011765,all_objects
llvip,val,quality_gate070,21,4,4,4,5.656854249492381,61,49,5,59,0.9672131147540983,46,61,46,0.7540983606557377,0,56,0.9180327868852459,58,0.9508196721311475,60,61,0.9836065573770492,0.9836065573770492,61,61,0,0,0,0.7043774943176798,0.09015188687986417,0.46297933808420344,0.9172289334160949,0.5913349802752664,0.6979804562616247,0.8732705699358752,all_objects,61,61,0,0,0,0.7043774943176798,0.09015188687986417,0.46297933808420344,0.9172289334160949,0.5913349802752664,0.6979804562616247,0.8732705699358752,all_objects,61,61,0,0,0,0.1567260455764479,0.11806208156037959,-0.03720795563087431,0.4863615203390757,-0.027440876478995846,0.1646511241585239,0.3581601919344811,all_objects,61,61,0,0,0,1.738786075620742,0.8104125587372356,0.7802346682423353,5.001997555456926,0.8676732916761339,1.5549755958521454,3.138343399318902,all_objects,61,61,0,0,0,0.8637985109493754,0.18382899475723366,0.553670774470889,1.4199284589626247,0.6571298070504286,0.816290276155534,1.2344169517486092,all_objects,61,61,0,0,0,-0.8749875646713663,0.775629291350972,-3.7441712465090387,0.1566597237119698,-2.240961854328476,-0.6961420761299091,-0.0197975396899146,all_objects,61,61,0,0,0,1.9569610017052115,1.3237800288348667,0.2423615259293621,6.648787760141281,0.5133905254043419,1.5778061646496953,4.72789712373541,all_objects,61,61,0,0,0,0.7204065025298276,0.1849769140532021,-0.04898617226988847,0.9128156783798574,0.35502603599866756,0.7820425338336817,0.8935037138624013,all_objects,61,61,0,0,0,0.08975358437917934,0.05474478644995166,-0.0016719693783455543,0.26884690716816584,0.018082911466091887,0.08103781333803223,0.2035239430026009,all_objects,61,61,0,0,0,0.35770856213395763,0.11144406749038366,0.11111599653542352,0.6575342517574914,0.18513048667962353,0.35044316759757416,0.586075693224564,all_objects,61,61,0,0,0,0.3148805214932809,0.06928139479603594,0.1705275573051086,0.5018531537460809,0.20442780651278783,0.31562101135508197,0.41631816797676113,all_objects,61,61,0,0,0,1.1390790561090296,0.2584284394550455,0.4467964697752665,1.5989625302141246,0.7458646755541583,1.1460448649485864,1.4904261478141487,all_objects,61,61,0,0,0,0.008807762952554369,0.014103692136299882,4.248488415393503e-06,0.04916504882174707,8.49470718523746e-06,0.0003955172456217895,0.04316347793884136,all_objects,61,61,0,0,0,0.0351629513519926,0.05641227863144585,1.5704591601005913e-05,0.1964954386025027,3.0434330332047937e-05,0.0014262260178625136,0.17264820433450548,all_objects,61,61,0,0,0,0.010959398724005108,0.012148934494354006,0.00048475366308848135,0.040592969647998474,0.0007737771427401392,0.004003318825533435,0.03562683984306011,all_objects,61,61,0,0,0,0.04139408385903413,0.04826446451058923,0.0013006197445428098,0.15718173807805474,0.0018373482348848244,0.012269448061798003,0.14122588877060568,all_objects,61,61,0,0,0,0.8040042151485113,1.1943773729236342,0.000854060047117855,3.778094252996084,0.0012089410531075373,0.047408430023097026,3.5458094973222956,all_objects,61,61,0,0,0,0.7208647898067578,0.08741191196250923,0.5186848738238291,0.9173627471690622,0.5927895571962006,0.7137684702589969,0.8766200368148136,all_objects
llvip,train,base,22,4,-4,4,5.656854249492381,2728,1024,14,2696,0.9882697947214076,22,23,20,0.8695652173913043,2,242,0.08870967741935484,259,0.09494134897360704,1586,2728,0.5813782991202346,0.5813782991202346,2728,2728,0,0,0,0.7638017900108617,0.08241196243819207,0.14520707265824412,0.9414741417367622,0.6188921102688948,0.7749987438244303,0.8713157187833518,all_objects,2728,2728,0,0,0,0.7638017900108617,0.08241196243819207,0.14520707265824412,0.9414741417367622,0.6188921102688948,0.7749987438244303,0.8713157187833518,all_objects,2728,2728,0,0,0,-0.12001561845673603,0.09492236521137157,-0.6561493640456846,0.7118201381942695,-0.2586564548598978,-0.12418856537818618,0.03440973607489235,all_objects,2728,2728,0,0,0,0.680910342085046,0.2595697124979214,0.2307109253492022,5.040649458002111,0.4518092784470714,0.6328195135142862,1.0887949282180818,all_objects,2728,2728,0,0,0,0.8137108013514206,0.2207687937122503,0.428679981033179,5.118953812979697,0.6096816056658084,0.7609779050529779,1.1681034964251047,all_objects,2728,2728,0,0,0,0.1328004592663746,0.20418775024027155,-3.851228959443678,1.923056398494195,-0.08699985622094186,0.1403581654940685,0.3687957547833783,all_objects,2728,2728,0,0,0,0.5245119380568173,0.3399861545616438,0.044720641187764504,6.982520460306272,0.18492928262481745,0.4552603111748009,1.0998312524906846,all_objects,2728,2728,0,0,0,0.07718187666381471,0.33573676105610306,-0.7946660553907551,0.9220831414171474,-0.4599258216540384,0.07750508563618605,0.6270465027979153,all_objects,2728,2728,0,0,0,0.004085443843298168,0.013806681241256185,-0.01924803220804104,0.2633047646906387,-0.00793822946499775,0.001037707983526688,0.024804896914043594,all_objects,2728,2728,0,0,0,0.17911546918766363,0.05272555400466889,0.05536394837698108,0.6408083068800449,0.11130146499644712,0.17081995338356415,0.27756493822589134,all_objects,2728,2728,0,0,0,0.11792015104802878,0.06826041970271496,0.008174690143492648,0.4789180932973905,0.0373807395573382,0.10251135930739493,0.25759444845412016,all_objects,2728,2728,0,0,0,2.067936233071437,1.5210180866221075,0.3232299458171229,19.560882247411033,0.6852848500292689,1.6674296717583972,4.67643592470927,all_objects,2728,2728,0,0,0,0.0072366142105192936,0.012814883077709446,1.562852498898268e-07,0.07419716404627591,3.7613256399004543e-06,0.00021730026364377112,0.03653517487460436,all_objects,2728,2728,0,0,0,0.02796482402006268,0.049215599797053804,3.828271939117462e-07,0.26700889942132816,1.1033468536191339e-05,0.000762192060215778,0.1370420904862952,all_objects,2728,2728,0,0,0,0.009884026357120683,0.012218167201064264,0.00011756356817475056,0.06987511748729365,0.0005053850456360063,0.0031361811795290666,0.03446354575854804,all_objects,2728,2728,0,0,0,0.03523457148746695,0.04531068293828579,0.00020936660354117526,0.2401447153405073,0.0010953399159870844,0.009305078712663284,0.12678483817547317,all_objects,2728,2728,0,0,0,0.6389863965292573,1.0438586747085508,2.595660410520395e-05,3.945995310078956,0.0005791621447926332,0.024939040122376355,2.984254544262111,all_objects,2728,2728,0,0,0,0.7738354199924176,0.07963118586728786,0.16694366116563727,0.9502861727893557,0.6327574140741783,0.7861743576345289,0.8775587352234805,all_objects
llvip,train,n_iou_lt_070,22,4,-4,4,5.656854249492381,82,73,13,82,1.0,22,23,20,0.8695652173913043,2,57,0.6951219512195121,62,0.7560975609756098,73,82,0.8902439024390244,0.8902439024390244,82,82,0,0,0,0.6714388736677633,0.14969701933844573,0.14520707265824412,0.9321872587505851,0.431312362557628,0.7153667285449012,0.8590555873907175,all_objects,82,82,0,0,0,0.6714388736677633,0.14969701933844573,0.14520707265824412,0.9321872587505851,0.431312362557628,0.7153667285449012,0.8590555873907175,all_objects,82,82,0,0,0,0.07616264658138155,0.16806318636847756,-0.31479242523872414,0.7118201381942695,-0.1984684084093625,0.07917481815818866,0.31982118425689493,all_objects,82,82,0,0,0,1.5334687448175544,0.7647688205918972,0.7929635698187757,5.040649458002111,0.8679013923987137,1.3427683739816638,2.983705990080583,all_objects,82,82,0,0,0,1.1624979482111566,0.6181897209459775,0.6279240027243053,5.118953812979697,0.6759435694799588,0.9821548272984837,1.8553818987986592,all_objects,82,82,0,0,0,-0.3709707966063976,0.7048275854487352,-3.851228959443678,1.1106763414383547,-1.1465165227209193,-0.2541193261266913,0.4075699103543466,all_objects,82,82,0,0,0,0.9891278860851183,0.9426023472967693,0.13263763156585948,6.982520460306272,0.18054800849527222,0.7269655534984275,2.1322823689358774,all_objects,82,82,0,0,0,0.5081321174495204,0.3229275186925145,-0.43581056161191567,0.9220831414171474,-0.013963817180484459,0.5971874144075522,0.8891206185513272,all_objects,82,82,0,0,0,0.044262139016234756,0.044805040320450455,-0.018128515660181903,0.2633047646906387,-0.0011287722758154893,0.03184496221643711,0.1041522905015577,all_objects,82,82,0,0,0,0.2476203107678588,0.09495627434641542,0.09225674436032992,0.6408083068800449,0.11911234804092213,0.2297088936398332,0.40218985521097833,all_objects,82,82,0,0,0,0.2950183611650579,0.06983477943464111,0.16377375305143124,0.4789180932973905,0.18642605757071218,0.2860288092526103,0.42894910378168877,all_objects,82,82,0,0,0,0.8513527871743971,0.29041180602026345,0.3232299458171229,1.8516552582598504,0.45383963655358234,0.8131972044098048,1.279750982629443,all_objects,82,82,0,0,0,0.009445560646059297,0.014147998755528409,3.0577216192646776e-06,0.05734157898101705,1.7844898989600346e-05,0.0006522499133698026,0.040003676230648995,all_objects,82,82,0,0,0,0.03605614916353661,0.05478593830341761,8.40329338925611e-06,0.2289315877084151,5.3378787642582046e-05,0.0024022749781144833,0.14981047385507593,all_objects,82,82,0,0,0,0.012758151906373716,0.013690692065300247,0.0004996376020316673,0.05988663944444293,0.0009152163412174051,0.005381376991890995,0.040120411156738256,all_objects,82,82,0,0,0,0.044138772198230966,0.05076935967696499,0.0009154853580970722,0.22875832007417982,0.0019780619854044665,0.01581755826554769,0.13966852695473675,all_objects,82,82,0,0,0,0.7807314066973758,1.0672355422291127,0.0005402811073054181,3.4905698302386554,0.0024797026550317015,0.07328830146366627,2.8552919449258014,all_objects,82,82,0,0,0,0.6782289179157222,0.1461015373649795,0.16694366116563727,0.9163462095415982,0.4356318414918615,0.7198323855813697,0.8591083816067676,all_objects
llvip,train,quality_gate070,22,4,-4,4,5.656854249492381,23,22,10,23,1.0,20,23,20,0.8695652173913043,0,23,1.0,21,0.9130434782608695,23,23,1.0,1.0,23,23,0,0,0,0.7664220974880954,0.0698316370855062,0.6599052365368818,0.8849937199953222,0.6667946949763092,0.7568808813642723,0.8612310326012405,all_objects,23,23,0,0,0,0.7664220974880954,0.0698316370855062,0.6599052365368818,0.8849937199953222,0.6667946949763092,0.7568808813642723,0.8612310326012405,all_objects,23,23,0,0,0,0.18458315673245038,0.15088159179014538,0.01756444655524758,0.7118201381942695,0.024959155532420896,0.17060873047987624,0.44587010544862515,all_objects,23,23,0,0,0,1.5602295811012972,0.8675419100842646,0.8444079983662671,4.737907360616081,0.875755745307193,1.3016217418434377,3.364608434650706,all_objects,23,23,0,0,0,0.8509840106850363,0.14573977309849234,0.6326584138971381,1.3510509163757036,0.6401655507370227,0.8126207117221524,1.051997872329318,all_objects,23,23,0,0,0,-0.709245570416261,0.8575581066362544,-3.851228959443678,0.11212032631560298,-2.4753239347874927,-0.5490129595526119,0.054498956081233216,all_objects,23,23,0,0,0,1.3630675064837148,1.4454826063658883,0.314045243535119,6.982520460306272,0.34513379995678867,0.7705876178130624,3.649001382115568,all_objects,23,23,0,0,0,0.7478519665698251,0.15552404877466716,0.39882596000526827,0.9220831414171474,0.40934716320239184,0.8283329673464502,0.9055926860489631,all_objects,23,23,0,0,0,0.07088545001509342,0.05496563061770151,0.015121726421968145,0.2633047646906387,0.017857709746059876,0.056403576024934635,0.1830659783859458,all_objects,23,23,0,0,0,0.2906485677630162,0.11195641758443786,0.15249912436909766,0.6408083068800449,0.16417223603286882,0.26625319160290084,0.49004712440498954,all_objects,23,23,0,0,0,0.2922976272256671,0.07049322033650486,0.16377375305143124,0.4532843179158149,0.19155322538519948,0.2780635786057447,0.4231893324850266,all_objects,23,23,0,0,0,1.003739011745138,0.295805842560701,0.5712347748409714,1.7847352419894091,0.6121389270829115,1.0025898856375652,1.429184940513489,all_objects,23,23,0,0,0,0.008153708864134211,0.012432062465987671,3.0577216192646776e-06,0.040116924985012854,1.0331676464406775e-05,0.00020192813011386723,0.03159715266273332,all_objects,23,23,0,0,0,0.029553063096338143,0.043592996984879825,8.40329338925611e-06,0.12605990028191918,3.203057085097772e-05,0.000790148840174166,0.12156940777128294,all_objects,23,23,0,0,0,0.01085368243352442,0.012691984225428152,0.0004996376020316673,0.04267091067334018,0.0007734663979448048,0.0030229187854629853,0.03162236898149261,all_objects,23,23,0,0,0,0.03712104034444618,0.04329784635182556,0.0009154853580970722,0.11958362088263494,0.0015614289324433171,0.009032188488817698,0.11689181760049752,all_objects,23,23,0,0,0,0.7249471911828581,1.0371230032247616,0.0005402811073054181,2.8798610936903515,0.002039411858930862,0.029476455283543146,2.8036872007724916,all_objects,23,23,0,0,0,0.7742060560539009,0.06749967872861068,0.6593519648702485,0.9030730770897822,0.6670241265388546,0.7681257589990743,0.8618185629088458,all_objects
llvip,val,base,22,4,-4,4,5.656854249492381,548,196,5,535,0.9762773722627737,44,61,44,0.7213114754098361,0,190,0.3467153284671533,248,0.45255474452554745,434,548,0.791970802919708,0.791970802919708,548,548,0,0,0,0.7009035790378684,0.11469685837972418,0.10242464290710285,0.951364078015214,0.4903560319517068,0.7195113950648067,0.853564603074808,all_objects,548,548,0,0,0,0.7009035790378684,0.11469685837972418,0.10242464290710285,0.951364078015214,0.4903560319517068,0.7195113950648067,0.853564603074808,all_objects,548,548,0,0,0,-0.02557924646155563,0.1433300751297421,-0.5439459038894061,0.5016488000478602,-0.22681202483090973,-0.04743096642317418,0.2383096527996806,all_objects,548,548,0,0,0,1.1296532567372595,0.6875356714472393,0.3527060457076785,5.001997555456926,0.535784429351183,0.9031641937197016,2.495684714640167,all_objects,548,548,0,0,0,1.03304292958971,0.4879766071729863,0.5131751627720292,4.781914871873756,0.6501969810994658,0.873505956034311,1.8626475554749202,all_objects,548,548,0,0,0,-0.09661032714754929,0.6676254896952446,-4.102589208669689,3.705894065055537,-1.200927513810237,0.03521857309901694,0.5290189218160894,all_objects,548,548,0,0,0,0.9350443420428155,0.9590055297780142,0.09336908426510077,8.040007515187028,0.22344556298189838,0.6364691317738358,2.5165609398785413,all_objects,548,548,0,0,0,0.3225718411579102,0.361932493341312,-0.6804014921285193,0.9532252426188172,-0.31585660328891807,0.3461360556766314,0.8418948831660029,all_objects,548,548,0,0,0,0.02658717559743318,0.04053459389661918,-0.023821696929419982,0.27296556565294117,-0.00767198508940956,0.011694816290481897,0.10917177898806552,all_objects,548,548,0,0,0,0.23571904011938186,0.09425409464445927,0.08265164739903934,0.6449171775005953,0.12388364270345938,0.21804763188068724,0.41714440722503116,all_objects,548,548,0,0,0,0.22094331233387587,0.09853059840946579,0.03175749632088304,0.5018531537460809,0.08393298169206632,0.21053633216692952,0.3973736483626606,all_objects,548,548,0,0,0,1.2546861760358103,0.6647573555744153,0.30109379647661016,4.918707249069908,0.527710889395085,1.091860333554509,2.5195479026800527,all_objects,548,548,0,0,0,0.008180376768921771,0.014537590063893066,9.856962841017033e-07,0.07816237614335882,7.083013847646549e-06,0.00026640943349174185,0.04210561349148411,all_objects,548,548,0,0,0,0.030929283113121254,0.054043494446051075,3.017285216554405e-06,0.21546037590646375,2.1877095667291276e-05,0.0009462569027155088,0.1599522893499737,all_objects,548,548,0,0,0,0.010562166737912342,0.012991095883626624,0.0002456447141909923,0.06385794599140754,0.0006864483109166461,0.003506083231207441,0.037891516274366537,all_objects,548,548,0,0,0,0.036914095073832504,0.04691148918610796,0.0005660285244443708,0.19556638322333203,0.0015694831764293574,0.009989146998640218,0.13807699980621732,all_objects,548,548,0,0,0,0.6988940248696617,1.135176795560446,0.0001769707416769961,3.908534613004747,0.0009476900175926061,0.03268284501419316,3.3750962782537415,all_objects,548,548,0,0,0,0.7085231431013304,0.11501410690850959,0.10255632296476734,0.9554862533671503,0.4928411764280186,0.7261608004518763,0.8569938107325091,all_objects
llvip,val,n_iou_lt_070,22,4,-4,4,5.656854249492381,199,109,5,191,0.9597989949748744,44,61,44,0.7213114754098361,0,134,0.6733668341708543,163,0.8190954773869347,184,199,0.9246231155778895,0.9246231155778895,199,199,0,0,0,0.6412460063656867,0.13225860587217392,0.10242464290710285,0.9151342577084217,0.4121208623081433,0.6514400889894469,0.8285378757299083,all_objects,199,199,0,0,0,0.6412460063656867,0.13225860587217392,0.10242464290710285,0.9151342577084217,0.4121208623081433,0.6514400889894469,0.8285378757299083,all_objects,199,199,0,0,0,0.07985801399835572,0.1524399190218463,-0.4541290377996927,0.5016488000478602,-0.11676541308355493,0.07509616883318038,0.3295554790083215,all_objects,199,199,0,0,0,1.7359173322976793,0.7979102861211226,0.7802346682423353,5.001997555456926,0.8758429577319732,1.5544592925965315,3.357660916473895,all_objects,199,199,0,0,0,1.2003179728385143,0.6000745201244259,0.5131751627720292,4.781914871873756,0.6675758178664687,0.9931881952803603,2.330812188446799,all_objects,199,199,0,0,0,-0.5355993594591651,0.8446433393606222,-4.102589208669689,2.6844149579703,-2.0513544396280907,-0.3999309995277498,0.5305963049966211,all_objects,199,199,0,0,0,1.4053945409359316,1.2526661135174038,0.14410594137830957,8.040007515187028,0.2749708188444058,1.1060080996991948,3.6274672888096364,all_objects,199,199,0,0,0,0.5356812999041316,0.29955667628909055,-0.41772802031636075,0.9532252426188172,-0.09298517213439816,0.6257827180180224,0.8772330354784234,all_objects,199,199,0,0,0,0.057853706376154494,0.05103901359258126,-0.018325635102224798,0.27296556565294117,-0.004757854186635405,0.04941376298912124,0.1566441794504056,all_objects,199,199,0,0,0,0.28936051491876497,0.11056306190514541,0.09517168315789448,0.6449171775005953,0.1370464167745904,0.27968120478222297,0.4823488861268836,all_objects,199,199,0,0,0,0.31668331667712996,0.06760143215060646,0.14747383833816738,0.5018531537460809,0.20423323313350353,0.3193137834123681,0.42770397153223966,all_objects,199,199,0,0,0,0.9262362325203606,0.31969205132944645,0.30109379647661016,1.9123830092119565,0.4268711558817797,0.9080605868628889,1.4406445995885249,all_objects,199,199,0,0,0,0.010779272006513825,0.016738786778189914,2.88632632954368e-06,0.07816237614335882,1.2769674445111261e-05,0.0006358912409943324,0.04829910230071103,all_objects,199,199,0,0,0,0.04010813227961078,0.060983031201474046,6.1577410827229774e-06,0.21546037590646375,3.35954147673464e-05,0.0021706105090784984,0.18332711787369216,all_objects,199,199,0,0,0,0.013293008995469646,0.01466525535619746,0.00047917611452847573,0.06385794599140754,0.0008358347828785819,0.005379976916041799,0.04308546587642252,all_objects,199,199,0,0,0,0.04558134664878481,0.0518637005472954,0.0008215067301574602,0.19556638322333203,0.0020231924409422146,0.01601855291463504,0.15388777205655482,all_objects,199,199,0,0,0,0.87639322002532,1.2310619496591921,0.0003576812266601337,3.908534613004747,0.0015765113255611141,0.07945712862607479,3.6343602488341897,all_objects,199,199,0,0,0,0.6511656561483387,0.1344348322448138,0.10255632296476734,0.906533369335029,0.40777240740955706,0.6614130456201737,0.8318515512983119,all_objects
llvip,val,quality_gate070,22,4,-4,4,5.656854249492381,61,49,5,59,0.9672131147540983,44,61,44,0.7213114754098361,0,54,0.8852459016393442,56,0.9180327868852459,60,61,0.9836065573770492,0.9836065573770492,61,61,0,0,0,0.7017179069074364,0.08443038339238253,0.46297933808420344,0.8539554337489732,0.5742258595400503,0.7075954939553498,0.8398388972200241,all_objects,61,61,0,0,0,0.7017179069074364,0.08443038339238253,0.46297933808420344,0.8539554337489732,0.5742258595400503,0.7075954939553498,0.8398388972200241,all_objects,61,61,0,0,0,0.15406645816620465,0.12835341676590223,-0.06281440570338781,0.5016488000478602,-0.035865388832507894,0.15589268133459322,0.36353406145853795,all_objects,61,61,0,0,0,1.738786075620742,0.8104125587372356,0.7802346682423353,5.001997555456926,0.8676732916761339,1.5549755958521454,3.138343399318902,all_objects,61,61,0,0,0,0.903036397269994,0.26712137223825855,0.5935976849377675,2.10854559295257,0.6544989488511371,0.8090794923062721,1.3729281449435882,all_objects,61,61,0,0,0,-0.8357496783507481,0.817038210095851,-4.102589208669689,0.21010888199661726,-2.107844199380609,-0.6283125867570498,0.017481885083987514,all_objects,61,61,0,0,0,1.7115783942156653,1.262721800291062,0.18754183921517303,6.536879787898954,0.39911786313137865,1.4139594047416355,4.451302228659926,all_objects,61,61,0,0,0,0.7079006525709258,0.2143740274858438,-0.09738691635226011,0.9532252426188172,0.20979894028421897,0.7840207293813313,0.9242204700736749,all_objects,61,61,0,0,0,0.08407352684707034,0.05607221873459774,-0.0022026767938958486,0.27296556565294117,0.020332723012304717,0.07642825885969164,0.18728265138517614,all_objects,61,61,0,0,0,0.3355908627415536,0.11085362638902707,0.12095607178895419,0.6449171775005953,0.18911017560412816,0.32876682083126885,0.5473397858119462,all_objects,61,61,0,0,0,0.3148805214932809,0.06928139479603594,0.1705275573051086,0.5018531537460809,0.20442780651278783,0.31562101135508197,0.41631816797676113,all_objects,61,61,0,0,0,1.0706930614092898,0.27200369884242287,0.5293296137214898,1.534122610495252,0.6198249476923248,1.108971350980953,1.4482996367416034,all_objects,61,61,0,0,0,0.010565048531692477,0.015442676794879796,4.879274800522453e-06,0.05310296707005244,8.623514800835606e-06,0.001035418735105132,0.04529698649591727,all_objects,61,61,0,0,0,0.03961634732974888,0.05754820135406171,1.5704591601005913e-05,0.1964954386025027,3.259510108084652e-05,0.0025605747916512107,0.17264820433450548,all_objects,61,61,0,0,0,0.013109009558552667,0.013952026807971384,0.0005498457409373464,0.05330435196204824,0.0007514793396421156,0.00598080077361444,0.040151744137657104,all_objects,61,61,0,0,0,0.04553876848153498,0.04925044789661926,0.0013006197445428098,0.15718173807805474,0.002032543190073922,0.017071705811614,0.14122588877060568,all_objects,61,61,0,0,0,0.912612186867347,1.2266620158486243,0.000854060047117855,3.778094252996084,0.001383669082230199,0.07945712862607479,3.5458094973222956,all_objects,61,61,0,0,0,0.7186532160273195,0.08237260571883226,0.49040246094857526,0.8855926834442532,0.5751035831949975,0.7264262072870585,0.8529710013859134,all_objects
llvip,train,base,23,-4,4,4,5.656854249492381,2728,1024,14,2706,0.9919354838709677,14,23,12,0.5217391304347826,2,214,0.07844574780058651,253,0.09274193548387097,1530,2728,0.5608504398826979,0.5608504398826979,2728,2728,0,0,0,0.7620748334542087,0.0821028936492163,0.09069791806953374,0.9788518012211028,0.6099291540574266,0.7733591163121365,0.8699473198274386,all_objects,2728,2728,0,0,0,0.7620748334542087,0.0821028936492163,0.09069791806953374,0.9788518012211028,0.6099291540574266,0.7733591163121365,0.8699473198274386,all_objects,2728,2728,0,0,0,-0.12174257501338925,0.09113377271981131,-0.48344835190746893,0.4884665308407155,-0.26043859992084756,-0.12678471198693553,0.027685821567424315,all_objects,2728,2728,0,0,0,0.680910342085046,0.2595697124979214,0.2307109253492022,5.040649458002111,0.4518092784470714,0.6328195135142862,1.0887949282180818,all_objects,2728,2728,0,0,0,0.8192200444475495,0.24362494274723323,0.48242233733369816,6.9360940985126645,0.6066516584026449,0.7666534535220966,1.201620081785645,all_objects,2728,2728,0,0,0,0.13830970236250345,0.21102891883609193,-3.8612756271586512,1.9684346168846742,-0.08291660920311568,0.14273404894454328,0.3800088681271439,all_objects,2728,2728,0,0,0,0.5434148698713922,0.34372291077946393,0.053278688897763195,6.041723238221944,0.20170378343461576,0.4728246450260164,1.1275119895734693,all_objects,2728,2728,0,0,0,0.07533508719855926,0.3357363263628157,-0.7939681548762283,0.9185411917766143,-0.45712212536951957,0.058083023849055816,0.6416249826213931,all_objects,2728,2728,0,0,0,0.003936907052370248,0.013664497305025686,-0.03399196642540803,0.226263789448359,-0.007641439838991783,0.0008459467827722929,0.024069070486700456,all_objects,2728,2728,0,0,0,0.18075282171929624,0.05220677981726539,0.05763040228964216,0.6108612731116859,0.11428571055914433,0.17168310763113384,0.28061573033381954,all_objects,2728,2728,0,0,0,0.11792015104802878,0.06826041970271496,0.008174690143492648,0.4789180932973905,0.0373807395573382,0.10251135930739493,0.25759444845412016,all_objects,2728,2728,0,0,0,2.082701279086301,1.503357983262487,0.26558583407344766,22.766401617774477,0.6988033579289301,1.6869856709525883,4.621297436685261,all_objects,2728,2728,0,0,0,0.006921816056813308,0.012729934398972145,9.079595014241566e-08,0.07979110420845208,4.253408393734264e-06,0.00017135413671626155,0.03648051084263748,all_objects,2728,2728,0,0,0,0.026742221457521743,0.04883611281422851,2.7066860454711546e-07,0.2980772610249333,1.2477925095650118e-05,0.0006130714697768574,0.1429075775224857,all_objects,2728,2728,0,0,0,0.00945991480067833,0.012056670630929318,8.619510578681672e-05,0.07128807574308262,0.0005163504684215418,0.002873004091545501,0.0334786226072995,all_objects,2728,2728,0,0,0,0.03379303719633889,0.04474331881917376,0.0001721643953044577,0.2557975939447927,0.0011682632459381636,0.008455697652503421,0.12742649916744767,all_objects,2728,2728,0,0,0,0.6109425847220024,1.0479456112452206,2.0822618012061866e-05,3.9648336404708857,0.0006696682131263288,0.019077692566327187,3.116296575645354,all_objects,2728,2728,0,0,0,0.7720835290383993,0.08019653572283374,0.09975162152080853,0.9788257809255402,0.6201274664746703,0.7849183165274802,0.8775897758402069,all_objects
llvip,train,n_iou_lt_070,23,-4,4,4,5.656854249492381,82,73,13,82,1.0,14,23,12,0.5217391304347826,2,51,0.6219512195121951,63,0.7682926829268293,76,82,0.926829268292683,0.926829268292683,82,82,0,0,0,0.647865173802305,0.12820569241900764,0.09069791806953374,0.8596988789502723,0.446845720328767,0.6536940695607228,0.825562230511828,all_objects,82,82,0,0,0,0.647865173802305,0.12820569241900764,0.09069791806953374,0.8596988789502723,0.446845720328767,0.6536940695607228,0.825562230511828,all_objects,82,82,0,0,0,0.05258894671592334,0.13948399556076785,-0.1908227799122693,0.4884665308407155,-0.14612943168694098,0.04287921206067119,0.31100684840283427,all_objects,82,82,0,0,0,1.5334687448175544,0.7647688205918972,0.7929635698187757,5.040649458002111,0.8679013923987137,1.3427683739816638,2.983705990080583,all_objects,82,82,0,0,0,1.175560729205862,0.7398187764158981,0.5936178584885217,6.9360940985126645,0.7271290588795348,0.9981192495494782,2.082020303289157,all_objects,82,82,0,0,0,-0.35790801561169205,0.73268894120154,-3.8612756271586512,1.8954446405105534,-1.1846973443997624,-0.22905713791051185,0.5429453388273294,all_objects,82,82,0,0,0,1.018871927763084,0.9231936634967721,0.15938570052339182,6.041723238221944,0.2330558033490509,0.8186594737590798,2.111549754938823,all_objects,82,82,0,0,0,0.4885056027106959,0.2981881210099132,-0.474566711199138,0.9059721599232038,-0.04799487079673929,0.5362418534657405,0.8618086827533491,all_objects,82,82,0,0,0,0.04364070661624851,0.04456512997112157,-0.020275131178361386,0.226263789448359,-0.0020460344513646036,0.030616498785710513,0.1193035267270638,all_objects,82,82,0,0,0,0.24884082436657157,0.09702434764662347,0.09939368635552732,0.6108612731116859,0.12453016004532112,0.2389538408793338,0.40860461514737867,all_objects,82,82,0,0,0,0.2950183611650579,0.06983477943464111,0.16377375305143124,0.4789180932973905,0.18642605757071218,0.2860288092526103,0.42894910378168877,all_objects,82,82,0,0,0,0.8606456896358918,0.29884958272382806,0.26558583407344766,1.6714840315678479,0.4005547407051013,0.8184343544476178,1.4201209289080088,all_objects,82,82,0,0,0,0.008228438555609806,0.013151346758688925,1.1966449802914234e-06,0.07183830905886782,1.915485259525638e-05,0.0009156325025116662,0.03526218753612413,all_objects,82,82,0,0,0,0.031217940501316502,0.05010967123553443,3.432537847048966e-06,0.24878371059292653,5.087356685331855e-05,0.003458566967426421,0.1403603967827265,all_objects,82,82,0,0,0,0.012448055343652951,0.012835798054899391,0.0003077094786160165,0.07128807574308262,0.0011747975056301985,0.0065440453448383775,0.033415544511976786,all_objects,82,82,0,0,0,0.04190196692149835,0.046708358339950504,0.0006537213660268927,0.23336000370413665,0.0022703435278777252,0.020220170957578276,0.1288201461716417,all_objects,82,82,0,0,0,0.6764262145460201,0.994216289974506,0.00014707658601764706,3.6535935096333105,0.0024915394123638636,0.09969794253544251,2.9291852877449287,all_objects,82,82,0,0,0,0.6555621592456662,0.125846254451108,0.09975162152080853,0.8628645778730133,0.4566657019944189,0.6647547139552962,0.8294256919319872,all_objects
llvip,train,quality_gate070,23,-4,4,4,5.656854249492381,23,22,10,23,1.0,12,23,12,0.5217391304347826,0,19,0.8260869565217391,20,0.8695652173913043,23,23,1.0,1.0,23,23,0,0,0,0.6981333807780049,0.0845328554131059,0.5440094704596254,0.8476080625869398,0.5553095411002046,0.7002257053412179,0.8281792864213479,all_objects,23,23,0,0,0,0.6981333807780049,0.0845328554131059,0.5440094704596254,0.8476080625869398,0.5553095411002046,0.7002257053412179,0.8281792864213479,all_objects,23,23,0,0,0,0.11629444002235997,0.13978524588000837,-0.0667260453328824,0.4884665308407155,-0.0443082353303399,0.08407659264589606,0.43207908249710025,all_objects,23,23,0,0,0,1.5602295811012972,0.8675419100842646,0.8444079983662671,4.737907360616081,0.875755745307193,1.3016217418434377,3.364608434650706,all_objects,23,23,0,0,0,0.9128447313365418,0.2199808677118027,0.696987101661991,1.7811175167098439,0.705688909731068,0.8468205868070193,1.1837489082542165,all_objects,23,23,0,0,0,-0.6473848497647557,0.8981745892899784,-3.8612756271586512,0.12909071748008927,-2.555894140037857,-0.46723738741725085,0.12150889808055808,all_objects,23,23,0,0,0,1.3575368578358087,1.4301769069773707,0.15938570052339182,6.041723238221944,0.2778817212130624,0.9319749965034282,4.470473479127611,all_objects,23,23,0,0,0,0.6627672473948024,0.19675263816975408,0.19061294847054266,0.9059721599232038,0.3253225154209672,0.7069632153895595,0.8782737638387222,all_objects,23,23,0,0,0,0.06574419791903932,0.057497539319009285,0.0067760345100458565,0.226263789448359,0.010361431561221275,0.05093017763767925,0.21081614060022055,all_objects,23,23,0,0,0,0.2838789759484139,0.12694323499524862,0.11427356906206407,0.6108612731116859,0.13510417642121406,0.2623295438932611,0.5256708091689106,all_objects,23,23,0,0,0,0.2922976272256671,0.07049322033650486,0.16377375305143124,0.4532843179158149,0.19155322538519948,0.2780635786057447,0.4231893324850266,all_objects,23,23,0,0,0,0.9667727562457118,0.3182189193771175,0.35364827503265345,1.535202598273833,0.4832262565577421,1.016096452981967,1.4358948660848678,all_objects,23,23,0,0,0,0.007608499437525297,0.011067593010455951,1.1966449802914234e-06,0.0361564908234767,9.55251349919562e-06,0.0008308827635156703,0.03170211324266379,all_objects,23,23,0,0,0,0.02980437232416365,0.04383814619630595,3.432537847048966e-06,0.14461672421601937,2.846409173652501e-05,0.003240665497530816,0.1252908470939057,all_objects,23,23,0,0,0,0.011027212629427187,0.01117662123802805,0.0003077094786160165,0.03261715561551067,0.0007377944791017835,0.0049687247674436085,0.03169882107169919,all_objects,23,23,0,0,0,0.038978378903830366,0.04147433733504069,0.0006537213660268927,0.12900273597250717,0.0015391680671669897,0.018191884689992104,0.11274840451487486,all_objects,23,23,0,0,0,0.7294489499579481,1.0121524491258491,0.00014707658601764706,3.173437594488803,0.0016659662616689275,0.09933649429490288,2.8847837076398033,all_objects,23,23,0,0,0,0.7050111145800813,0.08319135649625366,0.5465623162561565,0.8474610724208335,0.5686024182893672,0.6985635069989021,0.8282808706680065,all_objects
llvip,val,base,23,-4,4,4,5.656854249492381,548,196,5,535,0.9762773722627737,53,61,52,0.8524590163934426,1,196,0.35766423357664234,258,0.4708029197080292,451,548,0.822992700729927,0.822992700729927,548,548,0,0,0,0.6910775525979332,0.12271107648344011,0.0696188986622001,0.9306033727124735,0.4819580903785934,0.7071278117378428,0.8475816715613129,all_objects,548,548,0,0,0,0.6910775525979332,0.12271107648344011,0.0696188986622001,0.9306033727124735,0.4819580903785934,0.7071278117378428,0.8475816715613129,all_objects,548,548,0,0,0,-0.03540527290149078,0.15065506615434138,-0.48693478204459545,0.4620006363393442,-0.25216570786854364,-0.04999252001967358,0.2455575238360264,all_objects,548,548,0,0,0,1.1296532567372595,0.6875356714472393,0.3527060457076785,5.001997555456926,0.535784429351183,0.9031641937197016,2.495684714640167,all_objects,548,548,0,0,0,1.0418181697424491,0.5116384824897854,0.5309095532396162,5.958622606650909,0.6496778091610764,0.8752447387038912,1.9778209178813542,all_objects,548,548,0,0,0,-0.08783508699481038,0.6576971882857994,-3.7109205618008128,2.806008182906819,-1.0603457251606507,0.03467145081895917,0.5903552313531603,all_objects,548,548,0,0,0,1.1314669556611352,0.9863007193356901,0.14815629237280892,9.577562111540775,0.29247947944492986,0.8422053242615432,3.0083229830203027,all_objects,548,548,0,0,0,0.3524471709104269,0.34828911864838197,-0.5446934818700329,0.9020400340775161,-0.2816632469770936,0.3825379332566305,0.8460339524183305,all_objects,548,548,0,0,0,0.02972889803035524,0.039895056201099205,-0.034870405938934354,0.24318590475599677,-0.007877612372976473,0.01699645916760222,0.10861112625569146,all_objects,548,548,0,0,0,0.2632961887899646,0.09206857489145998,0.08843540273562699,0.6717071513103312,0.14490007311298297,0.24892934075894624,0.44035556634491374,all_objects,548,548,0,0,0,0.22094331233387587,0.09853059840946579,0.03175749632088304,0.5018531537460809,0.08393298169206632,0.21053633216692952,0.3973736483626606,all_objects,548,548,0,0,0,1.4156664845916331,0.7901716938806587,0.3814350761307261,7.5382354850882445,0.5855404982828032,1.2704812185429604,2.836969567906622,all_objects,548,548,0,0,0,0.009248610373530136,0.016220853063745155,2.007414010245412e-06,0.08128359188641125,5.688705344137816e-06,0.0002194094761982602,0.046722736268338644,all_objects,548,548,0,0,0,0.03447745534399102,0.058524179156581715,5.501955514749997e-06,0.2511747664626269,1.7475050829654072e-05,0.0006807746245575984,0.17853076700362805,all_objects,548,548,0,0,0,0.011385050469691913,0.014224403144928267,0.00037887238284384743,0.06850655234953335,0.0006219037884868002,0.003322296289688921,0.03927395702998269,all_objects,548,548,0,0,0,0.03970098038179771,0.04982190111537566,0.0007801179544387379,0.23725423051490302,0.001401697828656579,0.009733316252225278,0.14198309835796885,all_objects,548,548,0,0,0,0.7605207377198787,1.1994863071850912,0.0001827193376584546,3.9995123627402336,0.0008640054100652605,0.02387781081893081,3.5887379814681823,all_objects,548,548,0,0,0,0.7014116261841964,0.1218906511833019,0.08682700173605218,0.9154112633329207,0.4860467055053413,0.7200050024620251,0.8528107247634731,all_objects
llvip,val,n_iou_lt_070,23,-4,4,4,5.656854249492381,199,109,5,194,0.9748743718592965,53,61,52,0.8524590163934426,1,135,0.678391959798995,164,0.8241206030150754,189,199,0.949748743718593,0.949748743718593,199,199,0,0,0,0.6385539984563786,0.15021148806048215,0.0696188986622001,0.91166373621853,0.3862717438193939,0.6470664276962735,0.8434359634951615,all_objects,199,199,0,0,0,0.6385539984563786,0.15021148806048215,0.0696188986622001,0.91166373621853,0.3862717438193939,0.6470664276962735,0.8434359634951615,all_objects,199,199,0,0,0,0.07716600608904763,0.1536035201530083,-0.48693478204459545,0.4620006363393442,-0.1468871676584922,0.07704278173809287,0.3256515851494849,all_objects,199,199,0,0,0,1.7359173322976793,0.7979102861211226,0.7802346682423353,5.001997555456926,0.8758429577319732,1.5544592925965315,3.357660916473895,all_objects,199,199,0,0,0,1.2225557400182903,0.6663696232194553,0.5309095532396162,5.958622606650909,0.672550495761568,1.0420041908059874,2.5503562695856266,all_objects,199,199,0,0,0,-0.5133615922793893,0.8382351336258355,-3.7109205618008128,2.528254033058044,-2.0612619499929674,-0.4147833014118607,0.49773343091095507,all_objects,199,199,0,0,0,1.6338299327904087,1.299649278367041,0.16420982508301243,9.577562111540775,0.36916420931930555,1.2386061319657933,3.9758385804784577,all_objects,199,199,0,0,0,0.5430401696080586,0.2746612191049167,-0.32951920024479026,0.9020400340775161,0.008232292488729571,0.6121658155083379,0.8766122207531171,all_objects,199,199,0,0,0,0.060725415536627525,0.04833284985310112,-0.034870405938934354,0.24318590475599677,0.0003856171417502251,0.05198645028984387,0.15679465620367766,all_objects,199,199,0,0,0,0.3138610554304867,0.10656581453037442,0.10707823698041119,0.6717071513103312,0.16264864057904113,0.3005998708145929,0.4959246155329018,all_objects,199,199,0,0,0,0.31668331667712996,0.06760143215060646,0.14747383833816738,0.5018531537460809,0.20423323313350353,0.3193137834123681,0.42770397153223966,all_objects,199,199,0,0,0,1.0090264344326907,0.3164430386408509,0.3814350761307261,1.8390720169489445,0.5100734060241809,0.9880516871340135,1.5237148295579033,all_objects,199,199,0,0,0,0.009183419620055209,0.016286616694176023,2.8322270546937486e-06,0.08035923356120894,8.541923359753509e-06,0.00017960086760440374,0.04703564791079633,all_objects,199,199,0,0,0,0.03402372274194591,0.058572813355299985,6.135464137313982e-06,0.2242793925587279,2.7730509642641674e-05,0.0006334207628764213,0.17890594113549266,all_objects,199,199,0,0,0,0.011354714730265147,0.014105377399046581,0.0004968495949858433,0.0646154646536289,0.0007303638331283181,0.0033249111262011366,0.03810825491869873,all_objects,199,199,0,0,0,0.03898403684616639,0.04962177292615657,0.0007801179544387379,0.22184915071965763,0.001728189176745813,0.009250548537948553,0.14104483461029999,all_objects,199,199,0,0,0,0.7435510093515929,1.203550784162111,0.00043103116934162244,3.9574673973459227,0.0013565924109911977,0.024329931450893127,3.5092668556502127,all_objects,199,199,0,0,0,0.6471546842015444,0.14855642655477172,0.08682700173605218,0.9116372241955796,0.4107271419570301,0.6550057631243227,0.8581558375954611,all_objects
llvip,val,quality_gate070,23,-4,4,4,5.656854249492381,61,49,5,60,0.9836065573770492,52,61,52,0.8524590163934426,0,58,0.9508196721311475,60,0.9836065573770492,61,61,1.0,1.0,61,61,0,0,0,0.7208153629416815,0.0924755958358376,0.46007382412717535,0.91166373621853,0.567098714798692,0.7311832532844185,0.8660659560929532,all_objects,61,61,0,0,0,0.7208153629416815,0.0924755958358376,0.46007382412717535,0.91166373621853,0.567098714798692,0.7311832532844185,0.8660659560929532,all_objects,61,61,0,0,0,0.17316391420044955,0.11459406751739569,-0.08914451978569715,0.4620006363393442,0.006605775856684981,0.16361100417992402,0.3432277159075863,all_objects,61,61,0,0,0,1.738786075620742,0.8104125587372356,0.7802346682423353,5.001997555456926,0.8676732916761339,1.5549755958521454,3.138343399318902,all_objects,61,61,0,0,0,0.8595768997715703,0.21910271346113896,0.5309095532396162,1.7913908922830217,0.6695831065640566,0.7768116991908584,1.2910769936561135,all_objects,61,61,0,0,0,-0.8792091758491716,0.7487474847118536,-3.7109205618008128,0.15964394112643654,-2.27560979245903,-0.6405684509425311,-0.12784007252985896,all_objects,61,61,0,0,0,1.866564427928879,1.1257324378866156,0.3547193554204404,5.5379692906002305,0.5885371515419067,1.4965057024179904,3.8135091239454297,all_objects,61,61,0,0,0,0.7396809796750317,0.14375613816239002,0.272436777513173,0.8983153619144792,0.45180227628539776,0.7803882728250903,0.8836414929212243,all_objects,61,61,0,0,0,0.08740167949646617,0.04681564097525869,0.01867810435338615,0.24318590475599677,0.029694969261289304,0.0802402198212616,0.1684253177068852,all_objects,61,61,0,0,0,0.3541886631607031,0.09265746097558283,0.1795940090609121,0.6043743155493309,0.20032990805888537,0.3398092570687263,0.5135023504936607,all_objects,61,61,0,0,0,0.3148805214932809,0.06928139479603594,0.1705275573051086,0.5018531537460809,0.20442780651278783,0.31562101135508197,0.41631816797676113,all_objects,61,61,0,0,0,1.1463726761776591,0.2594025965964219,0.5465875409045821,1.6345012902838358,0.7292024530331364,1.1511045183411457,1.5159869070862793,all_objects,61,61,0,0,0,0.007386625661202216,0.012851622384350165,3.7109051360090674e-06,0.04716997088674113,8.126977834324542e-06,0.00011319694060887798,0.03907306380532896,all_objects,61,61,0,0,0,0.029199495476901916,0.050644808516903006,1.2745493188366657e-05,0.1886578353882387,2.8003615158867763e-05,0.0002987857592734401,0.15500591268566868,all_objects,61,61,0,0,0,0.00961537744801802,0.012169680755038567,0.0004968495949858433,0.0459554043433734,0.0006535158953410432,0.0025697035134812527,0.03569608365729017,all_objects,61,61,0,0,0,0.035097492624633395,0.046260742991677706,0.0009540484586763125,0.1548373065172323,0.0018011567640460898,0.005876779569119688,0.13273436061279567,all_objects,61,61,0,0,0,0.6801198411146384,1.1142535008065584,0.0007831980297510199,3.7052618025197717,0.0014204399938080314,0.011535052162344073,3.326409418076196,all_objects,61,61,0,0,0,0.7299672324452738,0.08801384576565953,0.504856718762772,0.9116372241955796,0.5806975765539356,0.7223778484848016,0.866356287349696,all_objects
llvip,train,base,24,-4,-4,4,5.656854249492381,2728,1024,14,2706,0.9919354838709677,17,23,14,0.6086956521739131,3,222,0.0813782991202346,259,0.09494134897360704,1587,2728,0.5817448680351907,0.5817448680351907,2728,2728,0,0,0,0.7639783111884819,0.08199054705735516,0.10945319627754628,0.9383192217666492,0.6088964010336223,0.7765378956722918,0.8726195790332517,all_objects,2728,2728,0,0,0,0.7639783111884819,0.08199054705735516,0.10945319627754628,0.9383192217666492,0.6088964010336223,0.7765378956722918,0.8726195790332517,all_objects,2728,2728,0,0,0,-0.11983909727911583,0.09160572825705564,-0.5496070000430271,0.4651995454843087,-0.25898069862459594,-0.1221891274288503,0.028100330375310976,all_objects,2728,2728,0,0,0,0.680910342085046,0.2595697124979214,0.2307109253492022,5.040649458002111,0.4518092784470714,0.6328195135142862,1.0887949282180818,all_objects,2728,2728,0,0,0,0.8130946528891411,0.2293411607598135,0.4564859640162419,6.600010626452232,0.6042753995338868,0.7635256752971661,1.1813312383106003,all_objects,2728,2728,0,0,0,0.13218431080409496,0.20525080259958786,-3.677816349560346,2.1316486030739403,-0.09696710825555965,0.14073978380308722,0.3685011895279757,all_objects,2728,2728,0,0,0,0.5095430520244033,0.3188201743039531,0.06954202128609158,5.296897242071511,0.18894321032679057,0.4410915207203527,1.0525761392844852,all_objects,2728,2728,0,0,0,0.08012960691700224,0.3379097271389548,-0.8003386929038664,0.8997271021708553,-0.4625020446154503,0.07672612788192255,0.6396922019309479,all_objects,2728,2728,0,0,0,0.003972416586471237,0.013632765034841518,-0.0271135534528456,0.2294700641084826,-0.007565864166259929,0.0010557176556350509,0.02346070749112799,all_objects,2728,2728,0,0,0,0.17793567630221285,0.05028870084877884,0.0719774499866015,0.575753150626757,0.11141066383683366,0.17042884191670526,0.2749492506719868,all_objects,2728,2728,0,0,0,0.11792015104802878,0.06826041970271496,0.008174690143492648,0.4789180932973905,0.0373807395573382,0.10251135930739493,0.25759444845412016,all_objects,2728,2728,0,0,0,2.0519963008102047,1.4873981305321546,0.3137090323917888,21.367990347943085,0.7053200138925837,1.671736043072848,4.566739735261846,all_objects,2728,2728,0,0,0,0.007548626848822839,0.013318692604024572,6.770747430923398e-08,0.07734423867062447,4.5578476411953835e-06,0.00023966271160671493,0.037027211471061854,all_objects,2728,2728,0,0,0,0.02888792720838575,0.050567754138125594,1.4497707979295075e-07,0.2980772610249333,1.2585995802877026e-05,0.0008370712590164994,0.14381973265876255,all_objects,2728,2728,0,0,0,0.010216839966479643,0.012661862318875058,8.342101030872227e-05,0.0706850136654674,0.0005469137188779719,0.003430569360771586,0.03589721177442686,all_objects,2728,2728,0,0,0,0.03603822826525454,0.04608833665041017,0.00012869638768544668,0.2557975939447927,0.0011736875363410528,0.010107644631252546,0.12854458513612838,all_objects,2728,2728,0,0,0,0.6564010577602686,1.073810933160825,1.2019466907986498e-05,3.9648336404708857,0.0006809261770087005,0.02624267242691758,3.1198539928498845,all_objects,2728,2728,0,0,0,0.774280018662699,0.08005016310608384,0.12054384407661707,0.9447957389243739,0.6220326675322221,0.7865658821700585,0.8782634057951498,all_objects
llvip,train,n_iou_lt_070,24,-4,-4,4,5.656854249492381,82,73,13,82,1.0,17,23,14,0.6086956521739131,3,52,0.6341463414634146,62,0.7560975609756098,74,82,0.9024390243902439,0.9024390243902439,82,82,0,0,0,0.6552429524905647,0.13444002518482967,0.10945319627754628,0.8802882782224042,0.4220882279530834,0.6589421428253391,0.833405665377311,all_objects,82,82,0,0,0,0.6552429524905647,0.13444002518482967,0.10945319627754628,0.8802882782224042,0.4220882279530834,0.6589421428253391,0.833405665377311,all_objects,82,82,0,0,0,0.059966725404183,0.14602151740766786,-0.1908227799122693,0.4651995454843087,-0.14624800762784598,0.046670741115136194,0.36546143464539377,all_objects,82,82,0,0,0,1.5334687448175544,0.7647688205918972,0.7929635698187757,5.040649458002111,0.8679013923987137,1.3427683739816638,2.983705990080583,all_objects,82,82,0,0,0,1.167824365296732,0.6944664722981911,0.6217815410023355,6.600010626452232,0.7015281845119055,1.0439046397526626,1.699445906227876,all_objects,82,82,0,0,0,-0.3656443795208221,0.7079271081384282,-3.677816349560346,1.5593611684501205,-1.1359342636671603,-0.20762447741029155,0.39881262976214105,all_objects,82,82,0,0,0,0.9651483498424953,0.8793735251758418,0.1431233769080888,5.296897242071511,0.2057738795280494,0.8379978562552448,2.1086546829404473,all_objects,82,82,0,0,0,0.4827404314663845,0.32245397586106106,-0.33904518376176634,0.8928790416499528,-0.11560439747256195,0.5592293422097114,0.8589149703075901,all_objects,82,82,0,0,0,0.04323835503224375,0.04512742811938473,-0.014296746533348595,0.2294700641084826,-0.005114328389576114,0.03005478994724535,0.12153766358109706,all_objects,82,82,0,0,0,0.24515751765027252,0.09442057318082112,0.09058901781781502,0.575753150626757,0.11970756206166216,0.22449318361678178,0.3896974329380746,all_objects,82,82,0,0,0,0.2950183611650579,0.06983477943464111,0.16377375305143124,0.4789180932973905,0.18642605757071218,0.2860288092526103,0.42894910378168877,all_objects,82,82,0,0,0,0.8435627938364788,0.27809039999466045,0.323318715995372,1.5799634808524141,0.4395247821203909,0.8253341707458499,1.2932311946365396,all_objects,82,82,0,0,0,0.010568587166755143,0.015234425411676385,1.1072183179787734e-05,0.062360408048722754,1.9022214698777062e-05,0.0013909202119931222,0.041171055912206024,all_objects,82,82,0,0,0,0.04035082245635973,0.05874160204525419,4.0574993834753515e-05,0.24878371059292653,6.156783146799191e-05,0.004564176397463008,0.15050730625617406,all_objects,82,82,0,0,0,0.014288172826234326,0.01451860863980182,0.0007351367427924801,0.06313785443632654,0.0010636307142436988,0.00787982876366654,0.041442476418217127,all_objects,82,82,0,0,0,0.04956697676250193,0.05326515093128474,0.002147649232827056,0.23336000370413665,0.002411084419981055,0.021735885147364072,0.14671439309587234,all_objects,82,82,0,0,0,0.8353025616627251,1.1011259697008788,0.0016031932168516505,3.6535935096333105,0.002661148069188357,0.1302441810947954,2.9792292421947195,all_objects,82,82,0,0,0,0.6632547411773397,0.13244201378055856,0.12054384407661707,0.8859800682217003,0.44830343258282,0.6681137078508008,0.8338440952794063,all_objects
llvip,train,quality_gate070,24,-4,-4,4,5.656854249492381,23,22,10,23,1.0,14,23,14,0.6086956521739131,0,20,0.8695652173913043,21,0.9130434782608695,22,23,0.9565217391304348,0.9565217391304348,23,23,0,0,0,0.7146209381914003,0.08481823030758016,0.5722308426193216,0.8802882782224042,0.5976299970484433,0.7100058181111961,0.8368287812977235,all_objects,23,23,0,0,0,0.7146209381914003,0.08481823030758016,0.5722308426193216,0.8802882782224042,0.5976299970484433,0.7100058181111961,0.8368287812977235,all_objects,23,23,0,0,0,0.13278199743575533,0.13412763512875783,-0.04916999990272042,0.4651995454843087,-0.037088118302051984,0.11166661575309567,0.42844214682079984,all_objects,23,23,0,0,0,1.5602295811012972,0.8675419100842646,0.8444079983662671,4.737907360616081,0.875755745307193,1.3016217418434377,3.364608434650706,all_objects,23,23,0,0,0,0.8862413750754676,0.18633309709351445,0.6279044473846555,1.3805079396727853,0.6572731247295984,0.8437101482765706,1.256419910870877,all_objects,23,23,0,0,0,-0.6739882060258298,0.8492107542160782,-3.677816349560346,0.20757924135307126,-2.495022045607968,-0.5541069132577205,0.11675524734783876,all_objects,23,23,0,0,0,1.3066598009231696,1.37060434176505,0.19998003648779716,5.296897242071511,0.2404073493717223,0.8399717368876891,4.866443800377056,all_objects,23,23,0,0,0,0.6895628320590734,0.23300579803977678,-0.04805882599781455,0.8928790416499528,0.27607809961418917,0.7980288600466999,0.8772817294581579,all_objects,23,23,0,0,0,0.06688886001484455,0.05495046083584827,-0.0014188578805030166,0.2294700641084826,0.010558781338934146,0.05755222457620575,0.19556374107641555,all_objects,23,23,0,0,0,0.28179879068450203,0.12193874058177828,0.11302273832755051,0.575753150626757,0.1363231335672987,0.2654802939478219,0.5418374179189538,all_objects,23,23,0,0,0,0.2922976272256671,0.07049322033650486,0.16377375305143124,0.4532843179158149,0.19155322538519948,0.2780635786057447,0.4231893324850266,all_objects,23,23,0,0,0,0.9683046512850461,0.3163981248602307,0.4117658503421556,1.5799634808524141,0.4394932587621907,0.9772846153358096,1.3021786680493306,all_objects,23,23,0,0,0,0.010201750548967908,0.01271670267551211,1.1072183179787734e-05,0.03729398642566247,1.6818609659776866e-05,0.001383409078500996,0.03576081914147869,all_objects,23,23,0,0,0,0.03952594613471455,0.04880034567879769,4.0574993834753515e-05,0.14461672421601937,5.325868004712124e-05,0.0035718542011179554,0.1263437867897632,all_objects,23,23,0,0,0,0.013359108085285922,0.012646378289151213,0.0007749957346746396,0.042798332660155744,0.0010380051196003696,0.007735539475332628,0.033463635814704094,all_objects,23,23,0,0,0,0.04746264680377843,0.045172858592026716,0.00218721398145906,0.12900273597250717,0.002365736972794443,0.019286000344132838,0.11829723338959902,all_objects,23,23,0,0,0,0.9575090156629827,1.127236925287906,0.0016031932168516505,3.173437594488803,0.0024525953983186356,0.12341743552670437,2.902174767095244,all_objects,23,23,0,0,0,0.7222741422926657,0.08582584297422918,0.5976945010296917,0.8803022374729289,0.6084032130383215,0.7086898689776412,0.8683995912239421,all_objects
llvip,val,base,24,-4,-4,4,5.656854249492381,548,196,5,535,0.9762773722627737,48,61,47,0.7704918032786885,1,197,0.3594890510948905,242,0.4416058394160584,429,548,0.7828467153284672,0.7828467153284672,548,548,0,0,0,0.6923140771074948,0.1199412241319447,0.08292186325634932,0.9460911251022484,0.4846031221185483,0.711201595534771,0.8464277182396289,all_objects,548,548,0,0,0,0.6923140771074948,0.1199412241319447,0.08292186325634932,0.9460911251022484,0.4846031221185483,0.711201595534771,0.8464277182396289,all_objects,548,548,0,0,0,-0.03416874839192915,0.15199774383774683,-0.4788734845077368,0.5137445107874673,-0.2467587555487766,-0.05151738653251364,0.23167081779242807,all_objects,548,548,0,0,0,1.1296532567372595,0.6875356714472393,0.3527060457076785,5.001997555456926,0.535784429351183,0.9031641937197016,2.495684714640167,all_objects,548,548,0,0,0,1.0473509129107827,0.5067842200193254,0.5398786269589193,4.8860273860194,0.650412599651831,0.8737719249388675,1.9920425334488423,all_objects,548,548,0,0,0,-0.08230234382647648,0.6728255224712743,-4.069338523961463,3.4231028788242948,-1.188368872784486,0.06289523865643365,0.5968915623320753,all_objects,548,548,0,0,0,0.9817054687225324,0.9056023755043446,0.10485008711692423,9.0037948685226,0.2592717913498727,0.7204761689019559,2.4632771046971897,all_objects,548,548,0,0,0,0.3261498643207261,0.35971952941203217,-0.7355114442828579,0.9459477674051789,-0.28939987016765867,0.35014964972757234,0.8440002542377407,all_objects,548,548,0,0,0,0.02678527145613726,0.038584444445379805,-0.022569612608834683,0.24730456324077202,-0.008898406962301183,0.013719433008388276,0.10543384085435543,all_objects,548,548,0,0,0,0.2466673965898074,0.0871766954267061,0.08312516654145431,0.6622814717210711,0.1330308838221251,0.23283047239681015,0.41035265677554006,all_objects,548,548,0,0,0,0.22094331233387587,0.09853059840946579,0.03175749632088304,0.5018531537460809,0.08393298169206632,0.21053633216692952,0.3973736483626606,all_objects,548,548,0,0,0,1.3312418501572851,0.739893732404169,0.3428840447904348,7.287901237990377,0.5372722749126612,1.1885179659998024,2.6547939400208187,all_objects,548,548,0,0,0,0.009548885780032114,0.0157223619032328,2.702481994471221e-06,0.07491384349588306,7.171738824255187e-06,0.00042892751848818854,0.04648127391470074,all_objects,548,548,0,0,0,0.036024388551215376,0.05873449637821782,7.631355814249142e-06,0.2511747664626269,1.9902833987095475e-05,0.0015670629863539507,0.17831770400569355,all_objects,548,548,0,0,0,0.011855776708737416,0.013808850078451031,0.00043991324456636765,0.06427348594909299,0.0006884483762217002,0.004549094909189947,0.038903000451920494,all_objects,548,548,0,0,0,0.041494603914787404,0.04978858400451946,0.0009167314154987183,0.23725423051490302,0.0015342488365581986,0.013595481969966924,0.14162663398574704,all_objects,548,548,0,0,0,0.8027044241330328,1.2104731360371461,0.0002837017491401639,3.9995123627402336,0.0009346937265519272,0.04713411764080888,3.547886435401768,all_objects,548,548,0,0,0,0.7029215656857511,0.11928578817763176,0.12094761426321791,0.9460762515343152,0.49903810310078295,0.7207634369353333,0.855796350141492,all_objects
llvip,val,n_iou_lt_070,24,-4,-4,4,5.656854249492381,199,109,5,194,0.9748743718592965,48,61,47,0.7704918032786885,1,136,0.6834170854271356,163,0.8190954773869347,187,199,0.9396984924623115,0.9396984924623115,199,199,0,0,0,0.6438069535778947,0.14449302734198946,0.08292186325634932,0.8832119257892469,0.39706974441095894,0.6637319253101094,0.8323014794790554,all_objects,199,199,0,0,0,0.6438069535778947,0.14449302734198946,0.08292186325634932,0.8832119257892469,0.39706974441095894,0.6637319253101094,0.8323014794790554,all_objects,199,199,0,0,0,0.08241896121056388,0.15204713923561305,-0.43977053012256984,0.5137445107874673,-0.13780713632577518,0.07688535050201428,0.3289206486169772,all_objects,199,199,0,0,0,1.7359173322976793,0.7979102861211226,0.7802346682423353,5.001997555456926,0.8758429577319732,1.5544592925965315,3.357660916473895,all_objects,199,199,0,0,0,1.205123281433674,0.6162737885926911,0.5449033035703599,4.8860273860194,0.6402565716228444,1.0258474918413965,2.4843238180967897,all_objects,199,199,0,0,0,-0.5307940508640054,0.8383674608678552,-4.069338523961463,2.452717236490522,-2.06300985134378,-0.4600998591508212,0.4810545215605642,all_objects,199,199,0,0,0,1.4213336842684463,1.1862518551596637,0.14403577710736876,9.0037948685226,0.30364440523145436,1.1017201197534974,3.7969264457944267,all_objects,199,199,0,0,0,0.5490818186564979,0.2820139230081914,-0.2945689569519921,0.9459477674051789,-0.028367777276315013,0.6116973793962924,0.8994899389508936,all_objects,199,199,0,0,0,0.05766651460293879,0.046652066820628724,-0.022569612608834683,0.24730456324077202,-0.0009337397236473844,0.04871904602402201,0.13938592417270493,all_objects,199,199,0,0,0,0.29430478989966674,0.1020128726723647,0.08734003551518907,0.6622814717210711,0.14229158857248037,0.2831170978737264,0.45775035917498963,all_objects,199,199,0,0,0,0.31668331667712996,0.06760143215060646,0.14747383833816738,0.5018531537460809,0.20423323313350353,0.3193137834123681,0.42770397153223966,all_objects,199,199,0,0,0,0.9493278286163631,0.3146221495968803,0.3428840447904348,1.855886206053673,0.4341172542751452,0.9327084376930673,1.516577536746752,all_objects,199,199,0,0,0,0.009836054593986511,0.01585700978019587,5.833064877222155e-06,0.06027760051224741,1.1075707376343847e-05,0.0006831290689709959,0.04622554416750706,all_objects,199,199,0,0,0,0.03703123033428242,0.05956111934768794,1.2745493188366657e-05,0.2242793925587279,3.190662066867541e-05,0.0023229634054517385,0.17912348206801365,all_objects,199,199,0,0,0,0.012248737013245853,0.013723275118602043,0.0006603015539725023,0.05713551504002851,0.0007887209756943953,0.0051357265645053645,0.039545543882799725,all_objects,199,199,0,0,0,0.04230493547823414,0.049872058562909216,0.0011761689738074579,0.22184915071965763,0.0018431249333135157,0.015975620535345417,0.14146077307075972,all_objects,199,199,0,0,0,0.8233035400395161,1.2285201898562057,0.0007259934104695276,3.9574673973459227,0.0015124631648689047,0.06873958882425768,3.625301440625219,all_objects,199,199,0,0,0,0.6528351371437456,0.14345409896874026,0.12094761426321791,0.8967304497912216,0.3992205973021898,0.6708016333897789,0.841792483649259,all_objects
llvip,val,quality_gate070,24,-4,-4,4,5.656854249492381,61,49,5,60,0.9836065573770492,47,61,47,0.7704918032786885,0,56,0.9180327868852459,60,0.9836065573770492,61,61,1.0,1.0,61,61,0,0,0,0.7186038635545987,0.09197012004488932,0.4840104752331197,0.8832119257892469,0.5611059802836068,0.7301412351445842,0.861556553652918,all_objects,61,61,0,0,0,0.7186038635545987,0.09197012004488932,0.4840104752331197,0.8832119257892469,0.5611059802836068,0.7301412351445842,0.861556553652918,all_objects,61,61,0,0,0,0.17095241481336668,0.1293905407844383,-0.06351459186424252,0.5137445107874673,-0.042447649162352,0.15551629873660477,0.3958961419521822,all_objects,61,61,0,0,0,1.738786075620742,0.8104125587372356,0.7802346682423353,5.001997555456926,0.8676732916761339,1.5549755958521454,3.138343399318902,all_objects,61,61,0,0,0,0.8988147860921888,0.2845280844325495,0.5708364637064949,2.087266818150268,0.6218447963576479,0.8021511168164726,1.4599966351843265,all_objects,61,61,0,0,0,-0.839971289528553,0.7886462696349836,-4.069338523961463,0.15866996492685237,-2.0624884323127968,-0.5974615943705603,-0.08876515902287663,all_objects,61,61,0,0,0,1.621181820439333,1.052990089215552,0.4221559127907752,5.4260613183579025,0.6236181665909213,1.200037875369092,3.7849902791716854,all_objects,61,61,0,0,0,0.727874421019573,0.17750681088868173,0.12187394777111313,0.9459477674051789,0.3536423266940096,0.773804038022526,0.9273858053738411,all_objects,61,61,0,0,0,0.0817216219643572,0.04816037639992361,0.01057648811282531,0.24730456324077202,0.027317611940787766,0.06945773188491072,0.16733567864374066,all_objects,61,61,0,0,0,0.3330405563762078,0.0874846273988023,0.1824285589010707,0.5906227111251077,0.2244395790054616,0.31369848831119174,0.48927245125673274,all_objects,61,61,0,0,0,0.3148805214932809,0.06928139479603594,0.1705275573051086,0.5018531537460809,0.20442780651278783,0.31562101135508197,0.41631816797676113,all_objects,61,61,0,0,0,1.0818587342154786,0.25908490607892387,0.5660953380531849,1.6485386486272358,0.6885459315396015,1.1043989069945281,1.5552806578689198,all_objects,61,61,0,0,0,0.009143911240340322,0.013812712898691895,5.833064877222155e-06,0.04739273048917662,9.129707042426916e-06,0.0003901011210114647,0.04113839856506379,all_objects,61,61,0,0,0,0.03448321956424187,0.052570113930077475,1.2745493188366657e-05,0.1886578353882387,3.0441317388365632e-05,0.0011611480710524858,0.15500591268566868,all_objects,61,61,0,0,0,0.011764988282565586,0.013120932632409467,0.0006603015539725023,0.045133147119345504,0.0007303811298007888,0.003847129795052264,0.03566867866018506,all_objects,61,61,0,0,0,0.04075028906003981,0.04752540926695997,0.0011761689738074579,0.1548373065172323,0.0018113213889839998,0.009872158076507216,0.13273436061279567,all_objects,61,61,0,0,0,0.809478535427523,1.1631936659510622,0.0007831980297510199,3.7052618025197717,0.0015217848630300068,0.04779181428204993,3.326409418076196,all_objects,61,61,0,0,0,0.7278474279987955,0.08607416893767525,0.5338790810896464,0.8795835480685849,0.5696006371242899,0.7372987326440512,0.8478046457833173,all_objects
