id,level,region,tokens,cka_paired,cka_donor_mean,delta_cka,energy_corr_paired,energy_corr_donor_mean,delta_energy_corr
00006,P3,all,5120,0.30016082525253296,0.08919688686728477,0.21096393838524818,0.5379014472115371,0.22329600076814718,0.31460544644338995
00006,P3,fg,562,0.6913172602653503,0.08447476588189602,0.6068424943834543,0.7049671076935988,0.05072246795434772,0.6542446397392511
00006,P3,bg,4558,0.23928950726985931,0.11526124626398086,0.12402826100587845,0.38779199987519847,0.27612480422300356,0.1116671956521949
00006,P4,all,1280,0.43757739663124084,0.1131579890847206,0.3244194075465202,0.7029491278899247,0.16880525257220652,0.5341438753177181
00006,P4,fg,129,0.7240110635757446,0.12099477425217628,0.6030162893235683,0.811634570341504,0.09469911099270995,0.716935459348794
00006,P4,bg,1151,0.31484436988830566,0.1623521327972412,0.15249223709106446,0.4830992095179331,0.2300769897025913,0.2530222198153418
00006,P5,all,320,0.3192480802536011,0.1972910314798355,0.12195704877376556,0.3895709655241035,0.2244290786965609,0.16514188682754258
00006,P5,fg,33,0.5119093656539917,0.4223112940788269,0.0895980715751648,0.312644646167677,0.2969795833727595,0.015665062794917528
00006,P5,bg,287,0.3153272271156311,0.2197672575712204,0.0955599695444107,0.3650026867625884,0.22591392265005913,0.13908876411252927
00007,P3,all,5120,0.4611431360244751,0.0485982995480299,0.4125448364764452,0.6942062948597296,0.1385981214306289,0.5556081734291007
00007,P3,fg,1191,0.6611050367355347,0.027440424263477325,0.6336646124720573,0.6483695422224914,-0.010517590388688141,0.6588871326111796
00007,P3,bg,3929,0.2859179675579071,0.1054185189306736,0.1804994486272335,0.5236339344179882,0.2902395302666498,0.23339440415133844
00007,P4,all,1280,0.5396310091018677,0.06743269488215446,0.4721983142197132,0.7922881339623176,0.11739719717154004,0.6748909367907775
00007,P4,fg,319,0.687487781047821,0.04561215229332447,0.6418756287544966,0.7896389688302656,0.007664585876647384,0.7819743829536182
00007,P4,bg,961,0.34683260321617126,0.1427471086382866,0.20408549457788466,0.6351580536882646,0.23457148234546557,0.40058657134279907
00007,P5,all,320,0.3886852264404297,0.23397815823554993,0.15470706820487976,0.4804991973958896,0.23425678931598615,0.24624240807990344
00007,P5,fg,80,0.4766290783882141,0.26918554604053496,0.20744353234767915,0.08040072048158899,0.21170940188730683,-0.13130868140571783
00007,P5,bg,240,0.43977090716362,0.29088340401649476,0.14888750314712523,0.5371495928513548,0.2609925300805516,0.27615706277080315
00009,P3,all,5120,0.3315197229385376,0.09482717961072921,0.23669254332780837,0.5567342156438545,0.19495224275036052,0.361781972893494
00009,P3,fg,852,0.5872476696968079,0.08241870850324631,0.5048289611935616,0.5768546195802253,0.006900608166231166,0.5699540114139942
00009,P3,bg,4268,0.2780270576477051,0.1318923071026802,0.14613475054502487,0.43455690310689965,0.30593605316429856,0.1286208499426011
00009,P4,all,1280,0.4555720388889313,0.11937007158994675,0.33620196729898455,0.6707983032252903,0.11128445925905688,0.5595138439662335
00009,P4,fg,222,0.599028468132019,0.09571748301386833,0.5033109851181508,0.6932644327756922,0.04617218799950116,0.647092244776191
00009,P4,bg,1058,0.3651677668094635,0.18440166115760803,0.18076610565185547,0.4677728295991214,0.19592678822363574,0.2718460413754857
00009,P5,all,320,0.36346501111984253,0.16657986044883727,0.19688515067100526,0.48265513928148657,0.1013967924890768,0.3812583467924098
00009,P5,fg,52,0.486897349357605,0.2741643786430359,0.2127329707145691,0.23385567008415775,0.1489566556631831,0.08489901442097464
00009,P5,bg,268,0.3939337730407715,0.1888109564781189,0.20512281656265258,0.504616162313508,0.09369725333326635,0.4109189089802417
00013,P3,all,5120,0.2971893548965454,0.08011204302310944,0.21707731187343599,0.38731535781429194,0.13821081525086734,0.2491045425634246
00013,P3,fg,541,0.5021305084228516,0.1626261979341507,0.3395043104887009,0.5142085648116285,0.14504767719738462,0.3691608876142438
00013,P3,bg,4579,0.30748337507247925,0.08217437118291855,0.2253090038895607,0.38581995412069503,0.13631560984064986,0.24950434428004517
00013,P4,all,1280,0.32831284403800964,0.11932758837938309,0.20898525565862655,0.523083394612411,0.12482681617691385,0.3982565784354972
00013,P4,fg,128,0.49165573716163635,0.1893926203250885,0.30226311683654783,0.5432750464906975,0.07076805934863357,0.4725069871420639
00013,P4,bg,1152,0.3161555230617523,0.1272107645869255,0.1889447584748268,0.40493519167957487,0.15031457897878014,0.2546206127007947
00013,P5,all,320,0.4327470660209656,0.28930829763412474,0.14343876838684083,0.47250691920485877,0.25842209867833493,0.21408482052652383
00013,P5,fg,34,0.5166208148002625,0.41638739705085753,0.10023341774940492,0.35996083640182364,0.3104470545736326,0.04951378182819105
00013,P5,bg,286,0.48211154341697693,0.32911124229431155,0.15300030112266538,0.4982292494704951,0.2836489830687778,0.2145802664017173
00029,P3,all,5120,0.3456886112689972,0.05580564513802529,0.2898829661309719,0.6051996407440697,0.07623841154673623,0.5289612291973335
00029,P3,fg,508,0.4722120463848114,0.06962965354323387,0.40258239284157754,0.528593643873717,0.022994646370320088,0.5055989975033969
00029,P3,bg,4612,0.3353174924850464,0.05897553116083145,0.27634196132421496,0.6073187772131572,0.09187935255735326,0.515439424655804
00029,P4,all,1280,0.3162837624549866,0.07254325300455093,0.24374050945043563,0.6312187285899123,0.030489884653421073,0.6007288439364913
00029,P4,fg,121,0.6187223196029663,0.13780826181173325,0.4809140577912331,0.748632376600032,0.022839785914996205,0.7257925906850358
00029,P4,bg,1159,0.29180988669395447,0.08141331225633622,0.21039657443761825,0.5197642624953939,0.06835568316246332,0.45140857933293055
00029,P5,all,320,0.5044862031936646,0.21451700925827027,0.2899691939353943,0.6208792620747042,0.13893200182244586,0.48194726025225837
00029,P5,fg,31,0.6688889265060425,0.3297320306301117,0.3391568958759308,0.554507522328205,0.2518481345558169,0.3026593877723881
00029,P5,bg,289,0.5134360194206238,0.24048927724361419,0.2729467421770096,0.6151908849660825,0.13502830818863282,0.4801625767774497
00032,P3,all,5120,0.2691483795642853,0.06114255636930466,0.20800582319498062,0.5641885231929271,0.11249373817839925,0.45169478501452787
00032,P3,fg,407,0.6960122585296631,0.09566237777471542,0.6003498807549477,0.7333880281455026,0.13482956486316588,0.5985584632823368
00032,P3,bg,4713,0.20543429255485535,0.06352055892348289,0.14191373363137244,0.4220220521712979,0.1024375760145719,0.319584476156726
00032,P4,all,1280,0.356088787317276,0.09840444549918174,0.25768434181809424,0.6262988360066625,0.11065583423326246,0.5156430017734001
00032,P4,fg,93,0.709977388381958,0.20753307938575744,0.5024443089962005,0.7608890819905353,0.1969503788012493,0.563938703189286
00032,P4,bg,1187,0.2655876874923706,0.09714685082435608,0.16844083666801452,0.43847614430825244,0.0972997869495488,0.34117635735870366
00032,P5,all,320,0.5379287004470825,0.275982141494751,0.26194655895233154,0.655829719059019,0.2407926060395294,0.4150371130194896
00032,P5,fg,21,0.5205914974212646,0.6517396330833435,-0.13114813566207884,0.44133331259466035,0.42727482238470554,0.01405849020995481
00032,P5,bg,299,0.5567111968994141,0.2622389942407608,0.29447220265865326,0.679558756943888,0.22863471679219752,0.4509240401516905
00037,P3,all,5120,0.38893911242485046,0.04469164721667766,0.3442474652081728,0.66446960491932,0.0670323974100674,0.5974372075092526
00037,P3,fg,481,0.8649405241012573,0.04402237460017204,0.8209181495010853,0.8490148602408448,-0.015082889272065206,0.8640977495129101
00037,P3,bg,4639,0.3275682330131531,0.052967846393585205,0.27460038661956787,0.5456836653461326,0.07750088185677048,0.46818278348936204
00037,P4,all,1280,0.4440532326698303,0.05987656712532043,0.3841766655445099,0.6506357820783467,0.01733686932731633,0.6332989127510303
00037,P4,fg,126,0.8616905212402344,0.08922859132289887,0.7724619299173355,0.8969547401667318,0.03596238434236825,0.8609923558243636
00037,P4,bg,1154,0.31964245438575745,0.07290161699056626,0.2467408373951912,0.416903385345226,0.0011157252200186241,0.41578766012520735
00037,P5,all,320,0.45068660378456116,0.23291589617729186,0.2177707076072693,0.4455840455587449,0.053229173709017405,0.3923548718497275
00037,P5,fg,34,0.8511682152748108,0.302310174703598,0.5488580405712128,0.8734542837625885,0.08034523772471172,0.7931090460378768
00037,P5,bg,286,0.4022144079208374,0.2711718827486038,0.13104252517223358,0.30595411053378385,0.06746557895828777,0.2384885315754961
00043,P3,all,5120,0.3145744502544403,0.10213827490806579,0.21243617534637452,0.5167876506093976,0.2277692943860584,0.28901835622333916
00043,P3,fg,126,0.6143202781677246,0.3592069625854492,0.2551133155822754,0.36752236451580483,0.2659570280964384,0.10156533641936644
00043,P3,bg,4994,0.30837956070899963,0.10195204317569732,0.2064275175333023,0.5197676698240644,0.229426900160299,0.29034076966376543
00043,P4,all,1280,0.45430824160575867,0.12918784618377685,0.3251203954219818,0.46286437023239746,0.16279527646522945,0.300069093767168
00043,P4,fg,30,0.841890811920166,0.4921285152435303,0.3497622966766357,0.683401428825374,-0.06432600057054944,0.7477274293959235
00043,P4,bg,1250,0.44883105158805847,0.13200282752513887,0.3168282240629196,0.43154912607136375,0.1746609032420045,0.25688822282935925
00043,P5,all,320,0.4568111300468445,0.24793221950531005,0.20887891054153443,0.40937655135290885,0.04207127750730751,0.36730527384560135
00043,P5,fg,10,0.8945651054382324,0.6607462048530579,0.23381890058517452,0.5092629243750225,-0.588853114164292,1.0981160385393145
00043,P5,bg,310,0.4397397041320801,0.24711554646492004,0.19262415766716004,0.26662651331061665,0.04875308230122048,0.21787343100939616
00045,P3,all,5120,0.3488769829273224,0.0666322261095047,0.2822447568178177,0.4924045980087863,0.15255347034016997,0.3398511276686163
00045,P3,fg,63,0.8946474194526672,0.27579763531684875,0.6188497841358185,0.8806291290861776,0.23061088392747126,0.6500182451587064
00045,P3,bg,5057,0.3471694886684418,0.06943562775850295,0.2777338609099388,0.47811481992976324,0.15072178139751397,0.32739303853224927
00045,P4,all,1280,0.2741767168045044,0.09700061678886414,0.17717610001564027,0.4669204069261385,0.06498588873071463,0.40193451819542386
00045,P4,fg,16,0.9141691327095032,0.4430697560310364,0.4710993766784668,0.9256405769694308,0.22799925853798228,0.6976413184314485
00045,P4,bg,1264,0.27323928475379944,0.09932607561349868,0.17391320914030076,0.45888475419558866,0.06112598106781766,0.397758773127771
00045,P5,all,320,0.3773699700832367,0.22281951010227202,0.15455045998096467,0.3408861202000588,0.14805633215999423,0.1928297880400646
00045,P5,fg,4,,,,,,
00045,P5,bg,316,0.3798070549964905,0.22473811507225036,0.15506893992424012,0.3359896283019387,0.14903447523739355,0.18695515306454513
00054,P3,all,5120,0.28053537011146545,0.07093940451741218,0.20959596559405327,0.3808541535361799,0.0687572834103687,0.3120968701258112
00054,P3,fg,597,0.6978312730789185,0.10247126370668411,0.5953600093722343,0.528625748185301,0.10562529091062581,0.42300045727467517
00054,P3,bg,4523,0.23903782665729523,0.07442501559853554,0.1646128110587597,0.3829684282869719,0.06865209073403951,0.3143163375529324
00054,P4,all,1280,0.4267910420894623,0.12164903879165649,0.3051420032978058,0.5017264649766723,0.02673502811379307,0.4749914368628792
00054,P4,fg,145,0.7934115529060364,0.22237955033779144,0.5710320025682449,0.7223386729769101,0.060729944183165206,0.6616087287937449
00054,P4,bg,1135,0.3780950903892517,0.12804716527462007,0.25004792511463164,0.4315275978986409,0.01938623895613821,0.4121413589425027
00054,P5,all,320,0.5233626365661621,0.23214179277420044,0.29122084379196167,0.546449630935825,-0.03465683809308144,0.5811064690289064
00054,P5,fg,36,0.7167539596557617,0.34326833486557007,0.37348562479019165,0.5762631167663347,-0.23536265920055294,0.8116257759668877
00054,P5,bg,284,0.4800347089767456,0.2819214046001434,0.19811330437660218,0.3679915202771226,0.010361409890619165,0.35763011038650344
00059,P3,all,5120,0.3465821146965027,0.04765177145600319,0.2989303432404995,0.5732924351308412,0.09917912884399882,0.47411330628684234
00059,P3,fg,574,0.6697280406951904,0.0818965382874012,0.5878315024077893,0.7034775829381115,0.0006037546366017023,0.7028738283015098
00059,P3,bg,4546,0.3297186493873596,0.05574604943394661,0.273972599953413,0.508297748010637,0.13038697712175615,0.3779107708888808
00059,P4,all,1280,0.3564029932022095,0.08563367277383804,0.27076932042837143,0.6063903860680434,0.09785833049150112,0.5085320555765422
00059,P4,fg,140,0.6888276934623718,0.11311546564102173,0.5757122278213501,0.7370862174633236,0.016512600219694265,0.7205736172436293
00059,P4,bg,1140,0.3206784725189209,0.09880583137273788,0.22187264114618302,0.5165115195887391,0.12337414890427131,0.39313737068446775
00059,P5,all,320,0.5180175304412842,0.28937852680683135,0.22863900363445283,0.6386066467403428,0.31253146295918577,0.3260751837811571
00059,P5,fg,35,0.7369463443756104,0.4072323560714722,0.3297139883041382,0.7216370505220847,0.10698940759161132,0.6146476429304734
00059,P5,bg,285,0.5218000411987305,0.3241447299718857,0.19765531122684477,0.6122848906648432,0.34414716272680834,0.2681377279380348
00064,P3,all,5120,0.22799180448055267,0.046506891027092934,0.18148491345345974,0.4383439210786167,0.04658851954334599,0.3917554015352707
00064,P3,fg,168,0.8898193836212158,0.1529863730072975,0.7368330106139183,0.8496257137730241,0.0359333324027949,0.8136923813702291
00064,P3,bg,4952,0.209616020321846,0.048622486740350725,0.1609935335814953,0.32150422691454983,0.05291555649074914,0.2685886704238007
00064,P4,all,1280,0.24909129738807678,0.07743768393993378,0.171653613448143,0.48607906939721507,0.01688498300439819,0.4691940863928169
00064,P4,fg,43,0.9080792665481567,0.21977388262748718,0.6883053839206695,0.9373580664838054,-0.0411414169156764,0.9784994833994818
00064,P4,bg,1237,0.2078871726989746,0.08319841399788856,0.12468875870108605,0.32249317212772527,0.033715488049274066,0.2887776840784512
00064,P5,all,320,0.41684776544570923,0.26614720821380616,0.15070055723190307,0.21276595001539161,0.15916355816899294,0.05360239184639867
00064,P5,fg,9,0.8141819834709167,0.7502779364585876,0.0639040470123291,-0.3600229697227459,-0.04473780968983176,-0.3152851600329141
00064,P5,bg,311,0.41805049777030945,0.27266992926597594,0.1453805685043335,0.25281283196559384,0.16274738460397475,0.09006544736161909
00075,P3,all,5120,0.16120897233486176,0.06880800202488899,0.09240097030997277,0.41332172090998726,0.15244332020005275,0.2608784007099345
00075,P3,fg,14,0.9405497908592224,0.563378244638443,0.3771715462207794,0.7871202631810255,0.09489409944272997,0.6922261637382955
00075,P3,bg,5106,0.1588839292526245,0.06958286091685295,0.08930106833577156,0.3891366698748609,0.1558607429282441,0.2332759269466168
00075,P4,all,1280,0.19490499794483185,0.0903905175626278,0.10451448038220405,0.1834671440876991,0.05619633508771278,0.12727080899998633
00075,P4,fg,6,,,,,,
00075,P4,bg,1274,0.18963126838207245,0.0913679376244545,0.09826333075761795,0.13384446251456258,0.06187029687415639,0.07197416564040619
00075,P5,all,320,0.42954376339912415,0.25491059720516207,0.17463316619396207,0.33313012424105276,0.022483264109823313,0.31064686013122944
00075,P5,fg,2,,,,,,
00075,P5,bg,318,0.4274384081363678,0.2570555090904236,0.17038289904594422,0.33758858900561134,0.022527717334890004,0.31506087167072133
00078,P3,all,5120,0.17322155833244324,0.05686701834201813,0.11635453999042511,0.23827678688026194,0.08367315231222262,0.15460363456803933
00078,P3,fg,36,0.5793454051017761,0.4432771921157837,0.13606821298599242,0.11996027984568555,-0.006835897973027548,0.1267961778187131
00078,P3,bg,5084,0.1755484938621521,0.057662443816661836,0.11788605004549027,0.2280229971380284,0.08430954303170807,0.14371345410632033
00078,P4,all,1280,0.21767187118530273,0.08247146010398865,0.1352004110813141,0.08864882181211779,0.038658888403853266,0.04998993340826453
00078,P4,fg,14,0.46839839220046997,0.4534562289714813,0.01494216322898867,0.1731627421845031,-0.03267566963519657,0.20583841181969967
00078,P4,bg,1266,0.2171190232038498,0.08306588828563691,0.13405313491821289,0.06581351609771958,0.041838428774358526,0.02397508732336106
00078,P5,all,320,0.42351916432380676,0.2889223873615265,0.13459677696228028,0.3302035325062095,0.12922759399168432,0.20097593851452517
00078,P5,fg,3,,,,,,
00078,P5,bg,317,0.42629286646842957,0.2906688630580902,0.13562400341033937,0.33607498554798493,0.12692585612865556,0.20914912941932937
00129,P3,all,5120,0.21228726208209991,0.05707928016781807,0.15520798191428184,0.4000965358332954,0.09759051905554453,0.3025060167777509
00129,P3,fg,188,0.5899624228477478,0.16140047311782837,0.42856194972991946,0.5976095481781668,-0.04218835437305833,0.6397979025512252
00129,P3,bg,4932,0.2056964784860611,0.05841878652572632,0.14727769196033477,0.38711930102411646,0.10408677921472573,0.28303252180939076
00129,P4,all,1280,0.18294315040111542,0.08201896473765373,0.10092418566346169,0.3479132305786933,0.009318114919500773,0.3385951156591925
00129,P4,fg,51,0.6952698826789856,0.18572003543376922,0.5095498472452163,0.6903520034495707,-0.11000746369750214,0.8003594671470728
00129,P4,bg,1229,0.17568033933639526,0.08505630865693092,0.09062403067946434,0.3331058606932935,0.014196252410595573,0.31890960828269793
00129,P5,all,320,0.49798741936683655,0.2858601987361908,0.21212722063064576,0.5761486493353954,0.19011857481279382,0.38603007452260163
00129,P5,fg,8,0.8154429197311401,0.6956812024116517,0.11976171731948848,-0.31069306557301224,0.3384467741849516,-0.6491398397579639
00129,P5,bg,312,0.5051778554916382,0.2909747689962387,0.2142030864953995,0.5817359709446377,0.19178886730387526,0.38994710364076246
00130,P3,all,5120,0.16851107776165009,0.05512512251734734,0.11338595524430276,0.3549308563173408,0.10743407349313086,0.24749678282420992
00130,P3,fg,325,0.7432742714881897,0.12326270937919617,0.6200115621089936,0.8147636232267187,-0.061851039878799606,0.8766146631055183
00130,P3,bg,4795,0.1452149897813797,0.062255286425352094,0.0829597033560276,0.2833950745999213,0.12523642548635291,0.1581586491135684
00130,P4,all,1280,0.17315247654914856,0.08440652936697006,0.0887459471821785,0.40202642595168353,0.08602177354251297,0.31600465240917053
00130,P4,fg,77,0.8640901446342468,0.19856698215007781,0.665523162484169,0.9148541506312767,-0.018727497535791046,0.9335816481670678
00130,P4,bg,1203,0.14573822915554047,0.09011545330286026,0.055622775852680204,0.2498815153403416,0.1265399910153975,0.12334152432494408
00130,P5,all,320,0.5056412816047668,0.27954076528549193,0.2261005163192749,0.5497602173619276,0.2560673953841627,0.2936928219777649
00130,P5,fg,19,0.904991090297699,0.3538006544113159,0.5511904358863831,0.8385551162791052,-0.04660959750559113,0.8851647137846963
00130,P5,bg,301,0.5138999223709106,0.2900801956653595,0.22381972670555117,0.5475300254232837,0.2726721055767388,0.27485791984654484
00143,P3,all,5120,0.4841613173484802,0.0587172981351614,0.4254440192133188,0.5384912659776167,0.08640423644329834,0.45208702953431834
00143,P3,fg,281,0.8266473412513733,0.11811669766902924,0.7085306435823441,0.7898812342335888,0.10781572671339582,0.682065507520193
00143,P3,bg,4839,0.4784243106842041,0.06022028289735317,0.41820402778685095,0.4911766969659375,0.09100196131549823,0.40017473565043926
00143,P4,all,1280,0.3972679674625397,0.09537657201290131,0.3018913954496384,0.5977395277253499,0.10642843390323438,0.4913110938221155
00143,P4,fg,60,0.8688741326332092,0.26529560685157777,0.6035785257816315,0.878995101219902,0.030191685743947188,0.8488034154759548
00143,P4,bg,1220,0.3891691267490387,0.09825045764446258,0.2909186691045761,0.5263840278206178,0.11066769018932235,0.41571633763129545
00143,P5,all,320,0.581881046295166,0.23401052951812745,0.34787051677703856,0.689224022060694,0.14815608636339633,0.5410679356972976
00143,P5,fg,18,0.810714066028595,0.5260056316852569,0.28470843434333803,0.766639567558111,0.14592878406741003,0.620710783490701
00143,P5,bg,302,0.569078266620636,0.23677410185337067,0.3323041647672653,0.6748699950519026,0.15399345721539004,0.5208765378365126
00147,P3,all,5120,0.43416738510131836,0.06047222092747688,0.37369516417384147,0.49767605364027495,0.1759266337249593,0.32174941991531564
00147,P3,fg,712,0.6555365324020386,0.16967292726039887,0.48586360514163973,0.6252599050360971,0.30805462188275995,0.3172052831533371
00147,P3,bg,4408,0.41616302728652954,0.06021920070052147,0.3559438265860081,0.45791161322620694,0.14020844989874914,0.3177031633274578
00147,P4,all,1280,0.44472524523735046,0.09326291978359222,0.3514623254537582,0.6410987705574693,0.0724807543650854,0.568618016192384
00147,P4,fg,183,0.741638720035553,0.19347638189792632,0.5481623381376266,0.7190299377305153,0.020261192305773206,0.6987687454247421
00147,P4,bg,1097,0.41325780749320984,0.09394443184137344,0.3193133756518364,0.49012698031538837,0.060652780375649785,0.42947419993973857
00147,P5,all,320,0.5290518999099731,0.16814079582691194,0.3609111040830612,0.6965062363547325,0.04275346550177626,0.6537527708529562
00147,P5,fg,38,0.6927263140678406,0.2991127252578735,0.39361358880996705,0.5457824877106899,0.025983017622980685,0.5197994700877092
00147,P5,bg,282,0.48904743790626526,0.1946203500032425,0.29442708790302274,0.6029480001271189,0.05652790930907248,0.5464200908180464
00150,P3,all,5120,0.6054777503013611,0.047351715713739397,0.5581260345876217,0.6459052432714232,0.14777022400405798,0.4981350192673652
00150,P3,fg,140,0.7534961104393005,0.15222460478544236,0.6012715056538582,0.7815035316448964,0.20960537718702077,0.5718981544578756
00150,P3,bg,4980,0.6076094508171082,0.04896329529583454,0.5586461555212736,0.6372551648340393,0.14797368353632329,0.48928148129771604
00150,P4,all,1280,0.5077793598175049,0.07790586352348328,0.4298734962940216,0.6093016785929292,0.1148304639250193,0.4944712146679099
00150,P4,fg,39,0.8090723752975464,0.26069480180740356,0.5483775734901428,0.6617836447296368,0.02834040808964548,0.6334432366399914
00150,P4,bg,1241,0.5130189657211304,0.08173926994204521,0.43127969577908515,0.6081409624601768,0.1206579796369158,0.48748298282326097
00150,P5,all,320,0.49127212166786194,0.26150361001491546,0.22976851165294648,0.6100840571608586,0.21361438761315124,0.39646966954770735
00150,P5,fg,11,0.8482511639595032,0.47897900342941285,0.3692721605300903,0.8437166020570951,0.009321754729406485,0.8343948473276886
00150,P5,bg,309,0.4966634511947632,0.2804212957620621,0.2162421554327011,0.5949981130525744,0.2229882969284968,0.37200981612407763
00172,P3,all,5120,0.36989131569862366,0.08472197502851486,0.2851693406701088,0.5805502875395129,0.08772904921947469,0.4928212383200382
00172,P3,fg,701,0.7281706929206848,0.09135519415140152,0.6368154987692833,0.8016066100864733,0.03181052527309602,0.7697960848133772
00172,P3,bg,4419,0.3285340964794159,0.09815384969115257,0.23038024678826333,0.4826553938167701,0.09976547165793861,0.38288992215883144
00172,P4,all,1280,0.45261433720588684,0.10082830786705017,0.3517860293388367,0.657403908448186,0.056827377765212995,0.600576530682973
00172,P4,fg,182,0.7456169724464417,0.09040703922510147,0.6552099332213401,0.8505733582235151,-0.09121717334227336,0.9417905315657884
00172,P4,bg,1098,0.31008481979370117,0.13474691957235335,0.17533790022134782,0.44073176769534256,0.11694341256412424,0.3237883551312183
00172,P5,all,320,0.449626088142395,0.2607725143432617,0.1888535737991333,0.4755143243410547,0.20994185466967613,0.26557246967137854
00172,P5,fg,37,0.47972479462623596,0.33330231308937075,0.1464224815368652,-0.3820221760859209,-0.03528201606823785,-0.34674016001768304
00172,P5,bg,283,0.47910067439079285,0.28761003017425535,0.1914906442165375,0.5222673584868537,0.22823740053972016,0.2940299579471335
00187,P3,all,5120,0.3996054232120514,0.04459099844098091,0.3550144247710705,0.5391972761228244,0.08760440998587823,0.45159286613694616
00187,P3,fg,910,0.53839111328125,0.03648621067404747,0.5019049026072026,0.4515205719395964,0.03904204787827683,0.4124785240613196
00187,P3,bg,4210,0.3976363241672516,0.07160452827811241,0.32603179588913916,0.5175849575137837,0.12000588287668426,0.3975790746370995
00187,P4,all,1280,0.4728151857852936,0.06843814775347709,0.40437703803181646,0.6294628731168342,0.10593944374073354,0.5235234293761007
00187,P4,fg,214,0.5109931826591492,0.07038177326321601,0.44061140939593313,0.49085739528256994,0.05741251368058351,0.4334448816019864
00187,P4,bg,1066,0.4229256212711334,0.11991652995347976,0.30300909131765363,0.5116980000043534,0.15199741857099627,0.35970058143335715
00187,P5,all,320,0.364156037569046,0.20918989181518555,0.15496614575386047,0.523503507942217,0.1952968360384169,0.3282066719038001
00187,P5,fg,55,0.6588400602340698,0.31532631516456605,0.3435137450695038,0.7856883694295538,0.23306926719751977,0.552619102232034
00187,P5,bg,265,0.32820674777030945,0.22724081873893737,0.10096592903137208,0.4509014312118306,0.19226453977957564,0.25863689143225493
00209,P3,all,5120,0.31190863251686096,0.04800962805747986,0.2638990044593811,0.5706388503707465,0.09538822047023864,0.4752506299005078
00209,P3,fg,379,0.8454688191413879,0.09684792011976243,0.7486208990216255,0.8470662721252414,-0.0004290550067824167,0.8474953271320238
00209,P3,bg,4741,0.2770528793334961,0.05185981243848801,0.2251930668950081,0.4574082237883621,0.12143315284945395,0.33597507093890816
00209,P4,all,1280,0.3125625252723694,0.07367164641618729,0.2388908788561821,0.5657591637261528,0.00835001989453856,0.5574091438316142
00209,P4,fg,96,0.8807656764984131,0.1317591890692711,0.749006487429142,0.9124359098714836,-0.10016306333055583,1.0125989732020395
00209,P4,bg,1184,0.2644593417644501,0.08213183134794236,0.18232751041650772,0.4266394760371767,0.04339376849041249,0.38324570754676424
00209,P5,all,320,0.5780698657035828,0.3919714570045471,0.18609840869903566,0.5927566326068479,0.23278616514696351,0.35997046745988437
00209,P5,fg,25,0.5570618510246277,0.49596871733665465,0.061093133687973034,0.22110862955510185,0.09390954617602128,0.1271990833790806
00209,P5,bg,295,0.6061183214187622,0.42075549364089965,0.18536282777786256,0.6329410567855621,0.24594066649989324,0.3870003902856689
00217,P3,all,5120,0.4572199285030365,0.08322272896766662,0.37399719953536986,0.565566767918394,0.1469078801152675,0.4186588878031265
00217,P3,fg,117,0.8702648282051086,0.1774043172597885,0.6928605109453201,0.8649036822535965,-0.1298568699686416,0.994760552222238
00217,P3,bg,5003,0.452867716550827,0.08518115505576133,0.3676865614950657,0.5479656219103483,0.1626712836758802,0.385294338234468
00217,P4,all,1280,0.45041608810424805,0.10870172083377838,0.34171436727046967,0.5336978031347921,0.08383721328478658,0.44986058985000554
00217,P4,fg,28,0.9142071604728699,0.2608281284570694,0.6533790320158005,0.9311693126996486,-0.0029557199059305856,0.9341250326055792
00217,P4,bg,1252,0.4466545581817627,0.11080536097288132,0.3358491972088814,0.5054402345262505,0.10551370721778475,0.3999265273084658
00217,P5,all,320,0.4442780911922455,0.2272872135043144,0.21699087768793107,0.4822015832677974,0.12926459334560417,0.35293698992219324
00217,P5,fg,8,0.8900160789489746,0.5826205730438232,0.3073955059051514,0.6239608792450889,0.07781822086924439,0.5461426583758445
00217,P5,bg,312,0.4442242681980133,0.22843101918697356,0.21579324901103974,0.4827188782963523,0.1271591018822509,0.3555597764141014
00222,P3,all,5120,0.3416585922241211,0.04953079372644424,0.29212779849767684,0.5821627180940464,0.0732198166170815,0.5089429014769649
00222,P3,fg,283,0.8383141756057739,0.11358296573162079,0.7247312098741532,0.8162567330977953,-0.04786354728646244,0.8641202803842578
00222,P3,bg,4837,0.3281140625476837,0.05280301421880722,0.2753110483288765,0.5377217312500022,0.09011749777476026,0.447604233475242
00222,P4,all,1280,0.37098267674446106,0.08116500675678254,0.28981766998767855,0.6200168653226499,0.02751112540790489,0.592505739914745
00222,P4,fg,66,0.8527421355247498,0.12729845941066742,0.7254436761140823,0.9075958568228871,-0.12152546813279437,1.0291213249556814
00222,P4,bg,1214,0.33339062333106995,0.08919841349124909,0.24419220983982087,0.5045359992311647,0.05346640778337334,0.4510695914477913
00222,P5,all,320,0.4926709234714508,0.18198832273483276,0.310682600736618,0.5472404310889972,0.11656599078203767,0.43067444030695956
00222,P5,fg,21,0.6882127523422241,0.4429092526435852,0.2453034996986389,0.3549509988480814,-0.05614255346538899,0.4110935523134704
00222,P5,bg,299,0.5023613572120667,0.19386549592018126,0.3084958612918854,0.554909287039618,0.12756591233335599,0.42734337470626194
00259,P3,all,5120,0.47029349207878113,0.0368640061467886,0.43342948593199254,0.7076534638887927,0.04128157405624141,0.6663718898325512
00259,P3,fg,828,0.7917428016662598,0.06377682387828827,0.7279659777879715,0.8292553560588715,0.032445305230548886,0.7968100508283226
00259,P3,bg,4292,0.45499056577682495,0.04107893407344818,0.41391163170337675,0.5865024295789828,0.057089043494679394,0.5294133860843034
00259,P4,all,1280,0.4645385444164276,0.053518963232636454,0.41101958118379117,0.6932543555468749,-0.015454324951393067,0.708708680498268
00259,P4,fg,205,0.8338263630867004,0.08850872442126274,0.7453176386654377,0.8619047144973437,0.04455016543099324,0.8173545490663505
00259,P4,bg,1075,0.39672529697418213,0.060397091507911685,0.33632820546627046,0.5767272749345218,-0.021468337281150256,0.5981956122156721
00259,P5,all,320,0.4464930593967438,0.22646798491477965,0.22002507448196412,0.40990043303313745,0.10311571710645104,0.30678471592668644
00259,P5,fg,50,0.5635321140289307,0.29115543961524964,0.272376674413681,0.6028199478175269,0.12062006078064372,0.4821998870368832
00259,P5,bg,270,0.4704386591911316,0.25277715027332304,0.21766150891780855,0.3675585823462779,0.09703585645625146,0.27052272589002646
00261,P3,all,5120,0.5058530569076538,0.04495203234255314,0.4609010245651007,0.7233715763331707,0.11762083731836763,0.6057507390148031
00261,P3,fg,918,0.8564764261245728,0.06485114321112632,0.7916252829134465,0.8708270633190226,0.088256666954677,0.7825703963643456
00261,P3,bg,4202,0.4742050766944885,0.053742692619562146,0.42046238407492637,0.5936502526971131,0.1508494362027611,0.44280081649435205
00261,P4,all,1280,0.5044184923171997,0.07037047296762466,0.43404801934957504,0.7201102074660186,0.06503273976222046,0.6550774677037982
00261,P4,fg,208,0.882976770401001,0.09575466960668563,0.7872221007943153,0.9377208377081304,0.037190252335014495,0.9005305853731159
00261,P4,bg,1072,0.3980398178100586,0.08617170453071595,0.31186811327934266,0.5465684248514182,0.08685794935086805,0.45971047550055016
00261,P5,all,320,0.4164121150970459,0.20997728407382965,0.20643483102321625,0.4121956355724311,0.04414618440058985,0.36804945117184124
00261,P5,fg,55,0.6918811798095703,0.3028629899024963,0.389018189907074,0.6764253857618202,-0.03870410770643066,0.7151294934682508
00261,P5,bg,265,0.38743919134140015,0.24221950769424438,0.14521968364715576,0.303342499369221,0.06447978195026795,0.23886271741895304
00271,P3,all,5120,0.4112740159034729,0.04880759939551353,0.36246641650795935,0.6247812563813352,0.08083489190603693,0.5439463644752982
00271,P3,fg,286,0.9254265427589417,0.04193718135356903,0.8834893614053726,0.8904725483902338,0.016258196790741867,0.8742143515994919
00271,P3,bg,4834,0.36881697177886963,0.054633860290050504,0.3141831114888191,0.496160644239033,0.10996406920954815,0.38619657502948485
00271,P4,all,1280,0.4921431839466095,0.07752637341618537,0.4146168105304241,0.6459394003287494,0.060331393381185094,0.5856080069475643
00271,P4,fg,78,0.9356178045272827,0.11008323282003403,0.8255345717072486,0.9549933834845498,-0.0010929893887090096,0.9560863728732588
00271,P4,bg,1202,0.41372814774513245,0.08851753398776055,0.3252106137573719,0.47462522839905197,0.09405088160321753,0.38057434679583446
00271,P5,all,320,0.4451430141925812,0.25014170110225675,0.19500131309032442,0.3067530634073752,0.11545841216127291,0.1912946512461023
00271,P5,fg,15,0.86579430103302,0.6037037312984467,0.26209056973457334,0.7042927517708321,0.22982562880609744,0.4744671229647346
00271,P5,bg,305,0.4397518038749695,0.2530216172337532,0.18673018664121627,0.30066051168797664,0.11349005273116149,0.18717045895681517
00278,P3,all,5120,0.24747338891029358,0.046279749274253844,0.20119363963603973,0.474146020858006,0.0997798281093827,0.3743661927486233
00278,P3,fg,579,0.6476751565933228,0.0738278016448021,0.5738473549485207,0.7270131394968057,0.16966636034418936,0.5573467791526163
00278,P3,bg,4541,0.21384644508361816,0.050533637404441833,0.16331280767917633,0.36938892181137895,0.07814670021860395,0.291242221592775
00278,P4,all,1280,0.22205625474452972,0.06439980119466782,0.1576564535498619,0.40135124183888954,0.034399492814297286,0.36695174902459227
00278,P4,fg,145,0.6536813974380493,0.10673849433660507,0.5469429031014442,0.7794879267576702,0.07026616840789296,0.7092217583497773
00278,P4,bg,1135,0.17190049588680267,0.06914392858743668,0.102756567299366,0.2524911700775793,0.023588791275215962,0.22890237880236336
00278,P5,all,320,0.46530458331108093,0.24375307857990264,0.2215515047311783,0.5556490187417054,0.06656920999080228,0.48907980875090307
00278,P5,fg,29,0.8198415040969849,0.556498384475708,0.2633431196212769,0.7548976414499359,0.03349185866269973,0.7214057827872361
00278,P5,bg,291,0.42858749628067017,0.2561223924160004,0.1724651038646698,0.4354799820248166,0.09473968707185638,0.3407402949529602
00292,P3,all,5120,0.3619811534881592,0.026356208696961404,0.33562494479119775,0.5234396086696376,0.07080947829370446,0.45263013037593314
00292,P3,fg,280,0.7498224973678589,0.10435960441827774,0.6454628929495811,0.8140501951549419,-0.07266424661674627,0.8867144417716882
00292,P3,bg,4840,0.3494507372379303,0.02907831482589245,0.32037242241203784,0.4357330791070099,0.0944523173399547,0.34128076176705524
00292,P4,all,1280,0.2980250120162964,0.04461973011493683,0.2534052819013596,0.43177568215372303,0.07097924525840402,0.36079643689531904
00292,P4,fg,66,0.8504817485809326,0.2553697437047958,0.5951120048761368,0.8330536801608797,0.14002624649838494,0.6930274336624948
00292,P4,bg,1214,0.27522358298301697,0.0480990894138813,0.22712449356913567,0.2990666179283017,0.07399860061410138,0.2250680173142003
00292,P5,all,320,0.5053794980049133,0.22448505461215973,0.2808944433927536,0.5840020108526207,0.10776452341590063,0.47623748743672006
00292,P5,fg,16,0.865562379360199,0.42025975584983827,0.4453026235103607,0.778128357666678,-0.05837393787292142,0.8365022955395994
00292,P5,bg,304,0.49377042055130005,0.24039467871189119,0.25337574183940886,0.5197890375247212,0.10991685607039506,0.40987218145432613
00299,P3,all,5120,0.35822129249572754,0.08325659185647964,0.2749647006392479,0.5241315368434676,0.184524269290213,0.33960726755325454
00299,P3,fg,77,0.46731990575790405,0.18356043696403504,0.28375946879386904,0.33534721976695286,-0.08595840234857391,0.4213056221155268
00299,P3,bg,5043,0.3576163649559021,0.08617465943098068,0.2714417055249214,0.5377302853312076,0.19536076315535872,0.3423695221758489
00299,P4,all,1280,0.31736665964126587,0.1427066370844841,0.17466002255678176,0.4932941194498043,0.13357409919097388,0.35972002025883043
00299,P4,fg,19,0.5490544438362122,0.27718873918056486,0.2718657046556473,0.4116605051592389,-0.20271488980746497,0.6143753949667039
00299,P4,bg,1261,0.32024720311164856,0.14694856852293015,0.17329863458871841,0.5028563950920379,0.14326709555380965,0.35958929953822827
00299,P5,all,320,0.5554673671722412,0.3767630815505981,0.1787042856216431,0.49630114266596626,0.21288060595457078,0.28342053671139544
00299,P5,fg,5,,,,,,
00299,P5,bg,315,0.5554010272026062,0.38205808997154234,0.17334293723106386,0.4880570880860627,0.20598727883254325,0.28206980925351943
00300,P3,all,5120,0.22390586137771606,0.049100711941719055,0.174805149435997,0.34632104088929627,0.142562711986793,0.20375832890250328
00300,P3,fg,158,0.3115687072277069,0.08583855777978897,0.22573014944791794,0.08961033828687084,-0.0941886480842107,0.18379898637108155
00300,P3,bg,4962,0.21595735847949982,0.05081360749900341,0.1651437509804964,0.3670466629722478,0.15514336892141095,0.21190329405083685
00300,P4,all,1280,0.28931304812431335,0.09141640067100525,0.1978966474533081,0.28036132058089824,0.10199769440962145,0.1783636261712768
00300,P4,fg,39,0.24683766067028046,0.1291435107588768,0.11769414991140364,0.11545444042864604,-0.10188284759510484,0.21733728802375088
00300,P4,bg,1241,0.28902846574783325,0.09477567970752716,0.1942527860403061,0.3061689357342885,0.1207814966860276,0.18538743904826088
00300,P5,all,320,0.5480550527572632,0.28351886570453644,0.26453618705272675,0.443828881230009,0.14769668306321188,0.29613219816679714
00300,P5,fg,7,,,,,,
00300,P5,bg,313,0.5521672368049622,0.29007390737533567,0.2620933294296265,0.4347593941578272,0.14664417353150816,0.28811522062631906
00307,P3,all,5120,0.35790953040122986,0.04765752702951431,0.31025200337171555,0.6217042610917791,0.12985852689906352,0.4918457341927156
00307,P3,fg,355,0.8154087066650391,0.05114023983478546,0.7642684668302536,0.7947399556219246,-0.053864697224527226,0.8486046528464518
00307,P3,bg,4765,0.3295755088329315,0.05132721439003944,0.27824829444289206,0.5648569734455465,0.17389213771054718,0.39096483573499935
00307,P4,all,1280,0.37656354904174805,0.08241838663816452,0.2941451624035835,0.5633161563602327,0.07803724830577076,0.48527890805446194
00307,P4,fg,87,0.856819212436676,0.10779798030853271,0.7490212321281433,0.8911840658107111,-0.06244674696864529,0.9536308127793564
00307,P4,bg,1193,0.3240043520927429,0.09291380047798156,0.23109055161476136,0.4507808298064286,0.13707201297743626,0.3137088168289923
00307,P5,all,320,0.6001977920532227,0.2856077432632446,0.31459004878997804,0.6725332410330012,0.2393543892036642,0.43317885182933696
00307,P5,fg,23,0.5540797710418701,0.4260587990283966,0.1280209720134735,0.470770175624587,0.10621435461978428,0.3645558210048027
00307,P5,bg,297,0.6319942474365234,0.31213201582431793,0.3198622316122055,0.6965239126623773,0.2515248751328739,0.4449990375295034
00322,P3,all,5120,0.21240539848804474,0.042721650749444964,0.1696837477385998,0.4090390791351794,0.04037477260259928,0.3686643065325801
00322,P3,fg,205,0.772060751914978,0.16020085364580156,0.6118598982691765,0.7108440844765171,0.045805306993362896,0.6650387774831542
00322,P3,bg,4915,0.19431301951408386,0.044355949759483336,0.14995706975460052,0.32510381911647,0.04756917609664564,0.2775346430198244
00322,P4,all,1280,0.2377568781375885,0.06643164977431297,0.17132522836327552,0.4305313710603587,0.013339275763854755,0.417192095296504
00322,P4,fg,67,0.8627578020095825,0.25398868322372437,0.6087691187858582,0.87477638778617,-0.047846025164625085,0.9226224129507951
00322,P4,bg,1213,0.2053569108247757,0.07039155438542366,0.13496535643935204,0.21471484924395642,0.015903162250932627,0.1988116869930238
00322,P5,all,320,0.47405529022216797,0.23692498207092286,0.2371303081512451,0.6200686377275504,0.08333882249335565,0.5367298152341947
00322,P5,fg,13,0.8783704042434692,0.4852926075458527,0.39307779669761655,0.8480696022847971,0.21943003694389676,0.6286395653409004
00322,P5,bg,307,0.44158750772476196,0.28844828605651857,0.1531392216682434,0.4235552225083465,0.10352609033371665,0.3200291321746298
00328,P3,all,5120,0.29049408435821533,0.060217882692813876,0.23027620166540147,0.5592924654126868,0.13639641998772167,0.4228960454249652
00328,P3,fg,179,0.7956326007843018,0.1511816769838333,0.6444509238004684,0.7951652186730176,0.09555992653493317,0.6996052921380844
00328,P3,bg,4941,0.27967360615730286,0.06491809785366058,0.21475550830364226,0.4944791433324251,0.14862698559336215,0.34585215773906297
00328,P4,all,1280,0.31122925877571106,0.09069477543234825,0.2205344833433628,0.5783232236390966,0.13363817502012515,0.44468504861897146
00328,P4,fg,62,0.8103087544441223,0.20945119559764863,0.6008575588464737,0.8737284646519866,0.10471931402170968,0.769009150630277
00328,P4,bg,1218,0.28785568475723267,0.10138190537691116,0.1864737793803215,0.49999374444643363,0.1612330107679067,0.33876073367852694
00328,P5,all,320,0.412034809589386,0.2317795932292938,0.18025521636009217,0.5857851851579955,0.21583261940224996,0.36995256575574553
00328,P5,fg,9,0.7713067531585693,0.5859756112098694,0.18533114194869993,0.35092797341709936,-0.0025581008682781154,0.3534860742853775
00328,P5,bg,311,0.4131312072277069,0.23821215629577636,0.17491905093193055,0.5882935606115418,0.22143552327903585,0.366858037332506
00330,P3,all,5120,0.44010910391807556,0.06851083114743232,0.3715982727706432,0.6131589528756907,0.09761536142156332,0.5155435914541273
00330,P3,fg,308,0.6820055246353149,0.11347738057374954,0.5685281440615654,0.7157635092017222,0.023278379889126632,0.6924851293125955
00330,P3,bg,4812,0.4430740475654602,0.07299902960658074,0.3700750179588795,0.5834848081985834,0.10985221948378303,0.47363258871480035
00330,P4,all,1280,0.4515342712402344,0.10195700228214263,0.3495772689580917,0.7325470442575173,0.10960594768835727,0.62294109656916
00330,P4,fg,82,0.7114413380622864,0.15859750807285308,0.5528438299894333,0.7689673945380142,0.011805015139743223,0.757162379398271
00330,P4,bg,1198,0.44870230555534363,0.11517927646636963,0.333523029088974,0.7124532682855772,0.1300836303354847,0.5823696379500924
00330,P5,all,320,0.4409486651420593,0.2581716120243073,0.18277705311775205,0.4656489004395808,0.24521964361929963,0.22042925682028117
00330,P5,fg,18,0.5809426307678223,0.4357032418251038,0.14523938894271848,0.04694937374572811,0.28055441012399185,-0.23360503637826374
00330,P5,bg,302,0.45157623291015625,0.2789010614156723,0.17267517149448397,0.486002526933355,0.2542284037347015,0.23177412319865348
00334,P3,all,5120,0.34040912985801697,0.0599107138812542,0.2804984159767628,0.5008429981193745,0.11467453336323241,0.3861684647561421
00334,P3,fg,934,0.4607069790363312,0.03914493769407272,0.42156204134225844,0.3744324545556041,0.08109648237960158,0.2933359721760025
00334,P3,bg,4186,0.33691665530204773,0.07524807751178741,0.2616685777902603,0.5099397816439425,0.12594805424600955,0.38399172739793297
00334,P4,all,1280,0.4193086624145508,0.07891909256577492,0.3403895698487759,0.5663047386250024,0.08463626171459973,0.4816684769104027
00334,P4,fg,220,0.46982279419898987,0.07227940559387207,0.3975433886051178,0.46566272350965615,0.06560598534521811,0.40005673816443804
00334,P4,bg,1060,0.37250012159347534,0.10699986517429352,0.26550025641918185,0.4528633498648991,0.09176862924436467,0.36109472062053444
00334,P5,all,320,0.4682084619998932,0.23632241189479827,0.23188605010509492,0.4883270415843183,0.20422154448877672,0.28410549709554156
00334,P5,fg,59,0.6138198971748352,0.3709562420845032,0.24286365509033203,0.6223317393573113,0.20832827334446363,0.4140034660128477
00334,P5,bg,261,0.44722774624824524,0.25702759325504304,0.1902001529932022,0.40308021078094186,0.18159268790280841,0.22148752287813345
00340,P3,all,5120,0.1577838510274887,0.07418851107358933,0.08359533995389938,0.34407548445931124,0.14500584041404907,0.19906964404526217
00340,P3,fg,36,0.6952672600746155,0.41474640369415283,0.28052085638046265,0.4256189924928115,-0.1207297800736836,0.5463487725664951
00340,P3,bg,5084,0.15745370090007782,0.07428612262010574,0.08316757827997208,0.3370348349418317,0.14764031417371332,0.18939452076811836
00340,P4,all,1280,0.2666062116622925,0.14675414562225342,0.11985206604003906,0.4081307681183935,0.12743864653674997,0.28069212158164353
00340,P4,fg,15,0.7895519137382507,0.43305248618125913,0.3564994275569916,0.651734728919927,-0.055926687461295796,0.7076614163812228
00340,P4,bg,1265,0.26584482192993164,0.14597192257642747,0.11987289935350418,0.38376107340192617,0.13110904197860193,0.25265203142332426
00340,P5,all,320,0.34647616744041443,0.367419445514679,-0.02094327807426455,0.32088722343259357,0.3342949687376967,-0.013407745305103136
00340,P5,fg,2,,,,,,
00340,P5,bg,318,0.3328443169593811,0.35997201800346373,-0.02712770104408263,0.2788796978909888,0.31944226333965,-0.04056256544866116
00343,P3,all,5120,0.24436475336551666,0.07378628253936767,0.170578470826149,0.45671650179804774,0.16215298316799534,0.29456351863005237
00343,P3,fg,135,0.6680827140808105,0.16262062042951583,0.5054620936512947,0.5674789357368306,0.012104611409571591,0.555374324327259
00343,P3,bg,4985,0.24193409085273743,0.07636102735996246,0.16557306349277495,0.4589578092710635,0.16573457021985966,0.29322323905120384
00343,P4,all,1280,0.28876981139183044,0.13828665614128113,0.1504831552505493,0.47627171828049486,0.1346680970034302,0.3416036212770647
00343,P4,fg,35,0.6608810424804688,0.2466717392206192,0.41420930325984956,0.6573712653974753,-0.07073384692389842,0.7281051123213736
00343,P4,bg,1245,0.2835150957107544,0.1433359757065773,0.1401791200041771,0.4316712798044879,0.15240423770012881,0.27926704210435904
00343,P5,all,320,0.46293970942497253,0.26292420029640196,0.20001550912857058,0.5461628045886422,0.22991989490964349,0.3162429096789987
00343,P5,fg,8,0.7538458108901978,0.5996999025344849,0.15414590835571285,0.34779816506789113,0.14866432049567108,0.19913384457222005
00343,P5,bg,312,0.470218300819397,0.26914276778697965,0.20107553303241732,0.5575225049405709,0.2315718476298952,0.3259506573106757
00346,P3,all,5120,0.2720670700073242,0.0712203860282898,0.20084668397903443,0.4960289029613805,0.07552294957869368,0.4205059533826868
00346,P3,fg,24,0.9095936417579651,0.49546735882759096,0.4141262829303741,0.8740612733822155,-0.08084474344663851,0.954906016828854
00346,P3,bg,5096,0.27132847905158997,0.07223922982811928,0.19908924922347068,0.48356894992463806,0.07956453271666811,0.40400441720797
00346,P4,all,1280,0.2400289624929428,0.09132379740476608,0.14870516508817672,0.24054533636665373,0.006401156250629226,0.2341441801160245
00346,P4,fg,6,,,,,,
00346,P4,bg,1274,0.23664186894893646,0.09213257431983948,0.14450929462909698,0.20512190053067922,0.00943375878591404,0.19568814174476518
00346,P5,all,320,0.4478680193424225,0.29764694571495054,0.15022107362747195,0.23553214036469763,0.12523057259603307,0.11030156776866457
00346,P5,fg,2,,,,,,
00346,P5,bg,318,0.4491560757160187,0.2983982086181641,0.1507578670978546,0.2294260774253379,0.12685270845745816,0.10257336896787975
00357,P3,all,5120,0.26806482672691345,0.05768690854310989,0.21037791818380355,0.4304590277945343,0.08926329902222785,0.3411957287723065
00357,P3,fg,304,0.7502440214157104,0.08511258512735367,0.6651314362883568,0.6252985834957061,-0.0873362217098921,0.7126348052055982
00357,P3,bg,4816,0.2473870813846588,0.05799990296363831,0.1893871784210205,0.36411889478676857,0.09569710805218205,0.2684217867345865
00357,P4,all,1280,0.2478407919406891,0.06976145058870316,0.17807934135198594,0.4268924839348284,0.05253493799737043,0.374357545937458
00357,P4,fg,76,0.7535630464553833,0.23495087921619415,0.5186121672391891,0.7841363481105985,0.06769714612915496,0.7164392019814435
00357,P4,bg,1204,0.20363745093345642,0.0702915333211422,0.13334591761231424,0.22416987611793282,0.05645634945455609,0.16771352666337674
00357,P5,all,320,0.5597622990608215,0.28580458611249926,0.2739577129483223,0.431792825855394,0.22636868261791676,0.20542414323747726
00357,P5,fg,23,0.7121961712837219,0.3974073648452759,0.31478880643844603,0.33349154011752463,0.37226802632253786,-0.03877648620501323
00357,P5,bg,297,0.5579579472541809,0.3061333179473877,0.2518246293067932,0.4388750570552825,0.21008157763487995,0.22879347942040257
00358,P3,all,5120,0.2496049404144287,0.045936289429664615,0.2036686509847641,0.4373661877989741,0.05905444384628165,0.37831174395269246
00358,P3,fg,398,0.8502717614173889,0.052116777002811435,0.7981549844145774,0.816511282553774,-0.011145409198818712,0.8276566917525927
00358,P3,bg,4722,0.2144794464111328,0.04808592386543751,0.1663935225456953,0.3026543335679502,0.08619808999846051,0.21645624356948967
00358,P4,all,1280,0.24970050156116486,0.05460895374417305,0.1950915478169918,0.4225398893630627,0.011905233998346086,0.4106346553647166
00358,P4,fg,98,0.8253026008605957,0.1185128465294838,0.7067897543311119,0.8385492767341131,-0.0063176157280192295,0.8448668924621323
00358,P4,bg,1182,0.1839878112077713,0.05796980001032352,0.12601801119744777,0.22959066795875663,0.02653078551159275,0.2030598824471639
00358,P5,all,320,0.3831574320793152,0.24063296914100646,0.14252446293830873,0.20601522096811756,0.07824781279282922,0.12776740817528834
00358,P5,fg,29,0.5204849243164062,0.41458874344825747,0.10589618086814878,0.21375043665718746,0.034281303258422005,0.17946913339876547
00358,P5,bg,291,0.38644927740097046,0.2575174570083618,0.12893182039260864,0.20605662297166116,0.08078046425556164,0.12527615871609954
00359,P3,all,5120,0.2567727565765381,0.03854735232889652,0.21822540424764156,0.46223772972054294,0.03352415954970425,0.42871357017083866
00359,P3,fg,520,0.7058616876602173,0.03666413575410843,0.6691975519061089,0.6865092686745425,0.0030635762778845554,0.683445692396658
00359,P3,bg,4600,0.2202776074409485,0.03791511245071888,0.1823624949902296,0.3328280530755786,0.0243128580682888,0.3085151950072898
00359,P4,all,1280,0.2618035674095154,0.04739592969417572,0.21440763771533966,0.4909981949031292,0.007364256210251249,0.4836339386928779
00359,P4,fg,117,0.7680966258049011,0.09202362149953842,0.6760730043053627,0.7425548098752531,0.06367946328556004,0.6788753465896931
00359,P4,bg,1163,0.1869410276412964,0.04779446944594383,0.13914655819535254,0.3307843713058828,0.0036995743770286303,0.32708479692885417
00359,P5,all,320,0.407490074634552,0.21585938483476638,0.19163068979978562,0.23775144247881588,0.10043769579443751,0.13731374668437837
00359,P5,fg,35,0.588750958442688,0.3455071926116943,0.24324376583099366,0.6515571342524764,0.3131165638389188,0.33844057041355763
00359,P5,bg,285,0.36417850852012634,0.21416539400815965,0.1500131145119667,0.09385062021765357,0.0662070868122297,0.027643533405423873
00366,P3,all,5120,0.5473183989524841,0.056022733077406885,0.4912956658750772,0.7673043561182104,0.09554203486732464,0.6717623212508858
00366,P3,fg,729,0.8815963864326477,0.02151707336306572,0.860079313069582,0.8511821670672696,-0.008127027247178231,0.8593091943144477
00366,P3,bg,4391,0.47708213329315186,0.07621947228908539,0.4008626610040665,0.6877925091007482,0.1389605320437338,0.5488319770570144
00366,P4,all,1280,0.6563794612884521,0.06583929359912873,0.5905401676893234,0.772715168405833,0.0616364963627389,0.711078672043094
00366,P4,fg,208,0.916540265083313,0.04739990308880806,0.869140361994505,0.9288990770015976,-0.020614750540131333,0.9495138275417289
00366,P4,bg,1072,0.4386869966983795,0.11419619917869568,0.32449079751968385,0.5449900603492519,0.11959338393408199,0.4253966764151699
00366,P5,all,320,0.4267232418060303,0.22209879457950593,0.20462444722652434,0.36180025544468347,0.1802617527297132,0.18153850271497027
00366,P5,fg,49,0.5666147470474243,0.19580175429582597,0.37081299275159835,-0.13260334335382531,-0.07660041945860166,-0.056002923895223655
00366,P5,bg,271,0.4557074010372162,0.26352448761463165,0.19218291342258453,0.42165847684412816,0.20670651531786927,0.2149519615262589
00390,P3,all,5120,0.5209877490997314,0.07287926599383354,0.4481084831058979,0.7512047085513351,0.15546801807537924,0.5957366904759559
00390,P3,fg,1479,0.6554126143455505,0.0691380299627781,0.5862745843827725,0.7208892330551678,0.11789480966346928,0.6029944233916985
00390,P3,bg,3641,0.3720504641532898,0.12680296003818511,0.24524750411510468,0.6321215449039905,0.2554950658549799,0.37662647904901064
00390,P4,all,1280,0.6140973567962646,0.09207029938697815,0.5220270574092865,0.840349896537278,0.10436712802531085,0.7359827685119671
00390,P4,fg,365,0.7043120265007019,0.09746300131082535,0.6068490251898766,0.8180902199866916,0.0427014015311892,0.7753888184555024
00390,P4,bg,915,0.4647178649902344,0.15200874358415603,0.3127091214060783,0.7014332594408249,0.2230580786468853,0.4783751807939396
00390,P5,all,320,0.466849684715271,0.2058158278465271,0.2610338568687439,0.6813768690911817,0.1794829873677722,0.5018938817234094
00390,P5,fg,97,0.5346904993057251,0.26700455248355864,0.26768594682216645,0.5750520852769117,0.10592354223370497,0.46912854304320667
00390,P5,bg,223,0.517803430557251,0.2663183450698853,0.2514850854873657,0.7403254982669847,0.2384184319810727,0.501907066285912
00395,P3,all,5120,0.23300525546073914,0.04897841066122055,0.18402684479951859,0.3249842435878824,0.08905847475657377,0.23592576883130864
00395,P3,fg,137,0.8226233720779419,0.3900382280349731,0.43258514404296877,0.7574439709141751,0.20480901131884055,0.5526349595953346
00395,P3,bg,4983,0.22279734909534454,0.045726677775382994,0.17707067131996154,0.2877130480806535,0.0853996647120312,0.2023133833686223
00395,P4,all,1280,0.25184667110443115,0.07345593199133874,0.17839073911309242,0.4388295676366153,0.061714186552966885,0.3771153810836484
00395,P4,fg,36,0.8619742393493652,0.45205771923065186,0.4099165201187134,0.7545788687381288,0.21685740268878387,0.537721466049345
00395,P4,bg,1244,0.2406410276889801,0.06726096197962761,0.1733800657093525,0.37975870951597845,0.061024123358342876,0.31873458615763556
00395,P5,all,320,0.4845615327358246,0.3000688701868057,0.18449266254901886,0.3962401510603081,0.2257715097496909,0.17046864131061717
00395,P5,fg,12,0.8302806615829468,0.7839352250099182,0.04634543657302859,0.8346774777880325,0.5811124792728968,0.2535649985151357
00395,P5,bg,308,0.39280030131340027,0.2710458695888519,0.12175443172454836,0.22479521368994274,0.1864450037948229,0.038350209895119836
00399,P3,all,5120,0.35261860489845276,0.05921390503644943,0.29340469986200335,0.5447497733792679,0.10464102090101961,0.44010875247824827
00399,P3,fg,68,0.8533344864845276,0.15467131435871123,0.6986631721258163,0.8231090971241719,-0.03846574621318043,0.8615748433373523
00399,P3,bg,5052,0.3523414433002472,0.061114730685949324,0.2912267126142979,0.5270954636562543,0.1028905122861653,0.42420495137008896
00399,P4,all,1280,0.37371012568473816,0.09461157470941543,0.2790985509753227,0.5740340287701324,0.03655411037895609,0.5374799183911764
00399,P4,fg,23,0.906770646572113,0.23797370195388795,0.6687969446182251,0.9359127605562345,0.019272748257837653,0.9166400122983969
00399,P4,bg,1257,0.3718351423740387,0.09795060008764267,0.273884542286396,0.5471139744854857,0.032216578804717955,0.5148973956807678
00399,P5,all,320,0.419687420129776,0.3483301103115082,0.07135730981826782,0.23701438491978394,0.14818981093890382,0.08882457398088012
00399,P5,fg,4,,,,,,
00399,P5,bg,316,0.42243698239326477,0.35550817251205447,0.0669288098812103,0.24353903604712232,0.14721620645950825,0.09632282958761407
00402,P3,all,5120,0.3439824879169464,0.053709688037633894,0.29027279987931254,0.5428048593416026,0.10091067059966627,0.4418941887419363
00402,P3,fg,443,0.8434381484985352,0.07314944714307785,0.7702887013554574,0.8222529866636914,0.03261557769640354,0.7896374089672878
00402,P3,bg,4677,0.32037076354026794,0.059023980796337125,0.2613467827439308,0.4397688227642578,0.10496028042892636,0.33480854233533147
00402,P4,all,1280,0.41526558995246887,0.0690254382789135,0.3462401516735554,0.6614297452966746,0.03442054309229162,0.627009202204383
00402,P4,fg,104,0.8818321228027344,0.15131656229496002,0.7305155605077743,0.903121684824417,0.03182507692793436,0.8712966078964827
00402,P4,bg,1176,0.36165082454681396,0.07434993833303452,0.28730088621377947,0.5276203027933367,0.009883898064400112,0.5177364047289366
00402,P5,all,320,0.47627443075180054,0.18622102439403534,0.2900534063577652,0.532504991443485,0.1074897843090676,0.42501520713441737
00402,P5,fg,30,0.8481385707855225,0.4401695191860199,0.4079690515995026,0.6398116730840198,0.21779279860708126,0.42201887447693853
00402,P5,bg,290,0.4625425338745117,0.18131570816040038,0.28122682571411134,0.5206488088043878,0.09621040257664834,0.42443840622773943
00404,P3,all,5120,0.2615275979042053,0.05088696889579296,0.21064062900841235,0.3677098593716336,0.06701395485814558,0.300695904513488
00404,P3,fg,278,0.38803064823150635,0.20221561193466187,0.18581503629684448,0.49975903110437236,0.17271878578413125,0.3270402453202411
00404,P3,bg,4842,0.2586679458618164,0.04956437423825264,0.20910357162356377,0.34513832067559524,0.06562683027592077,0.2795114903996745
00404,P4,all,1280,0.23741871118545532,0.0711132414638996,0.16630546972155572,0.40790365953758556,0.02153716730669614,0.3863664922308894
00404,P4,fg,57,0.4081133306026459,0.2585999757051468,0.14951335489749906,0.42435808605035596,0.020552987337257377,0.4038050987130986
00404,P4,bg,1223,0.2288772314786911,0.06940988376736641,0.1594673477113247,0.3862436490332077,0.027487093006828257,0.3587565560263794
00404,P5,all,320,0.391592800617218,0.25125976502895353,0.1403330355882645,0.37052352203448974,0.08928230436130788,0.2812412176731819
00404,P5,fg,16,0.7325744032859802,0.42373985052108765,0.3088345527648926,0.7720701179965072,0.3588691236605665,0.41320099433594065
00404,P5,bg,304,0.34217846393585205,0.2595894992351532,0.08258896470069887,0.25039531289904904,0.06617205867882484,0.1842232542202242
00408,P3,all,5120,0.3430801331996918,0.04055790081620216,0.30252223238348963,0.5554951807049306,0.09478690723344081,0.46070827347148985
00408,P3,fg,226,0.8395963311195374,0.07724486887454987,0.7623514622449875,0.8190282712771236,0.08082306741403042,0.7382052038630932
00408,P3,bg,4894,0.32826244831085205,0.042762580886483194,0.28549986742436884,0.5009898232030908,0.09156852394882281,0.409421299254268
00408,P4,all,1280,0.38628992438316345,0.06316793262958527,0.3231219917535782,0.6061226449062349,0.0743613249246968,0.5317613199815381
00408,P4,fg,64,0.9034294486045837,0.1604745328426361,0.7429549157619476,0.942019253610553,0.14410521225701306,0.7979140413535399
00408,P4,bg,1216,0.36692145466804504,0.06622877418994903,0.300692680478096,0.5400081820962119,0.07645415681364456,0.4635540252825674
00408,P5,all,320,0.40455198287963867,0.21295144259929658,0.1916005402803421,0.29013069381811973,0.11223540336321028,0.17789529045490945
00408,P5,fg,11,0.6121332049369812,0.565166974067688,0.04696623086929319,-0.2072967294480641,0.12844134328958878,-0.3357380727376529
00408,P5,bg,309,0.41133564710617065,0.21985934674739838,0.19147630035877228,0.3093019472678214,0.11885656561725536,0.19044538165056604
00410,P3,all,5120,0.42292162775993347,0.06625067442655563,0.35667095333337784,0.5888497273831964,0.12154602751561898,0.4673036998675774
00410,P3,fg,202,0.8250991702079773,0.09629242271184921,0.7288067474961281,0.8310154303304383,-0.15320800508871932,0.9842234354191577
00410,P3,bg,4918,0.4194684326648712,0.07074539177119732,0.3487230408936739,0.549628492904928,0.13965305848742982,0.4099754344174982
00410,P4,all,1280,0.39595088362693787,0.10659304335713386,0.289357840269804,0.6406706109727902,0.1539061173451422,0.486764493627648
00410,P4,fg,50,0.833223819732666,0.2109616816043854,0.6222621381282807,0.8715058498772159,-0.012352714501829643,0.8838585643790455
00410,P4,bg,1230,0.39291977882385254,0.11274644061923027,0.28017333820462226,0.6094825926161302,0.16963008262450652,0.43985250999162373
00410,P5,all,320,0.5100798010826111,0.3345926642417908,0.1754871368408203,0.553843281601463,0.24751179334394596,0.30633148825751705
00410,P5,fg,12,0.6708816885948181,0.6098758816719055,0.061005806922912575,-0.14824818010614302,-0.04238270720617408,-0.10586547289996893
00410,P5,bg,308,0.51775723695755,0.349185711145401,0.16857152581214907,0.5733815131548636,0.25588712280892884,0.3174943903459348
00413,P3,all,5120,0.30001822113990784,0.05368976145982742,0.2463284596800804,0.4751064645835873,0.10567806311052716,0.3694284014730601
00413,P3,fg,100,0.8573988080024719,0.19535645693540574,0.6620423510670662,0.7054731863581548,-0.05405315061136101,0.7595263369695158
00413,P3,bg,5020,0.2967453598976135,0.05470819845795631,0.2420371614396572,0.4555331337251452,0.1173636255551852,0.33816950816996
00413,P4,all,1280,0.29274290800094604,0.07186759263277054,0.2208753153681755,0.5309315976168216,0.07391113962890833,0.4570204579879133
00413,P4,fg,26,0.8634582757949829,0.20924449861049652,0.6542137771844864,0.8088426130725956,-0.11991893842622395,0.9287615514988196
00413,P4,bg,1254,0.28699925541877747,0.07403466328978539,0.21296459212899208,0.5047041803391707,0.08618278385133203,0.4185213964878387
00413,P5,all,320,0.5138920545578003,0.2644129753112793,0.24947907924652102,0.5193512671636368,0.1244359392239148,0.39491532793972195
00413,P5,fg,7,,,,,,
00413,P5,bg,313,0.515826404094696,0.2708621919155121,0.24496421217918396,0.5228730114912851,0.12751113936518332,0.39536187212610174
00420,P3,all,5120,0.28765207529067993,0.042304285988211635,0.2453477893024683,0.46527187568310396,0.09820754070085252,0.36706433498225144
00420,P3,fg,144,0.5085142254829407,0.16053958088159562,0.3479746446013451,0.5243550407262524,0.09594010868617919,0.4284149320400732
00420,P3,bg,4976,0.29368728399276733,0.04245190024375915,0.25123538374900817,0.4573090880563558,0.09933519968010174,0.35797388837625405
00420,P4,all,1280,0.2779560685157776,0.06313820332288742,0.21481786519289017,0.46236252034917324,0.09462320669869553,0.36773931365047774
00420,P4,fg,34,0.5669256448745728,0.29093842804431913,0.2759872168302536,0.49671188854849374,0.16579049057845427,0.3309213979700395
00420,P4,bg,1246,0.27452078461647034,0.06283581107854844,0.2116849735379219,0.44752757720482106,0.09671023213440619,0.35081734507041484
00420,P5,all,320,0.3807251453399658,0.26169889867305757,0.11902624666690825,0.3525433932035634,0.17394982383519314,0.1785935693683703
00420,P5,fg,7,,,,,,
00420,P5,bg,313,0.3751102387905121,0.2700431436300278,0.10506709516048429,0.36392385154585105,0.18519071703716655,0.1787331345086845
00421,P3,all,5120,0.37486451864242554,0.052672429382801055,0.3221920892596245,0.6158346654773135,0.103156723946356,0.5126779415309575
00421,P3,fg,199,0.7074325680732727,0.1467465117573738,0.5606860563158989,0.7150228112025265,0.06854828756007116,0.6464745236424554
00421,P3,bg,4921,0.3737999200820923,0.05456340759992599,0.3192365124821663,0.5670938558406694,0.114075220850723,0.45301863498994643
00421,P4,all,1280,0.3286117911338806,0.061890379339456555,0.26672141179442405,0.6163139225411385,0.06498440752721396,0.5513295150139246
00421,P4,fg,47,0.7916536927223206,0.19333345592021942,0.5983202368021011,0.8395010860397479,0.07420134218256884,0.7652997438571791
00421,P4,bg,1233,0.30997753143310547,0.06570666879415513,0.24427086263895034,0.5124652114218325,0.07035120391890262,0.44211400750292995
00421,P5,all,320,0.3420361876487732,0.20117430686950682,0.14086188077926637,0.3659770714539475,0.04923300261315015,0.3167440688407973
00421,P5,fg,14,0.6763335466384888,0.48206092715263366,0.1942726194858551,0.6016561618627718,0.018180392049111916,0.5834757698136599
00421,P5,bg,306,0.30039674043655396,0.21868433952331542,0.08171240091323853,0.2792838954815312,0.05093626502348707,0.22834763045804413
00433,P3,all,5120,0.19653327763080597,0.038724187016487124,0.15780909061431886,0.42611139890323246,0.037708063057750686,0.38840333584548176
00433,P3,fg,105,0.8101096153259277,0.14734421968460082,0.6627653956413269,0.7415129265154636,0.19172050334057905,0.5497924231748845
00433,P3,bg,5015,0.18358728289604187,0.03981500118970871,0.14377228170633316,0.3537196661314514,0.031713836814278196,0.3220058293171732
00433,P4,all,1280,0.2288219928741455,0.05665778666734696,0.17216420620679856,0.46968805161692634,-0.007773288152382307,0.47746133976930866
00433,P4,fg,30,0.8267677426338196,0.3067499279975891,0.5200178146362304,0.8397424362910407,0.14993105176088967,0.689811384530151
00433,P4,bg,1250,0.21273007988929749,0.057474566251039506,0.15525551363825799,0.3732834787050005,-0.01660342232481047,0.389886901029811
00433,P5,all,320,0.3685011863708496,0.2900036185979843,0.07849756777286532,0.2700601644261543,0.11468691467767103,0.1553732497484833
00433,P5,fg,6,,,,,,
00433,P5,bg,314,0.3698476254940033,0.2990622162818909,0.0707854092121124,0.2727413349870666,0.1166609164248787,0.1560804185621879
00436,P3,all,5120,0.18228009343147278,0.04598873183131218,0.1362913616001606,0.39319876021006783,0.10479137880018778,0.28840738140988004
00436,P3,fg,73,0.7096589803695679,0.3360087454319,0.37365023493766786,0.5455930980699473,0.039373261388294986,0.5062198366816523
00436,P3,bg,5047,0.17894896864891052,0.04566080570220947,0.13328816294670104,0.3745509244285272,0.10411589183427858,0.2704350325942486
00436,P4,all,1280,0.22394095361232758,0.07157464921474457,0.152366304397583,0.4778152761760149,0.03573057836841838,0.4420846978075965
00436,P4,fg,16,0.7455147504806519,0.4794273734092712,0.26608737707138064,0.6349367927264282,-0.04175972619456717,0.6766965189209954
00436,P4,bg,1264,0.21773691475391388,0.07047801241278648,0.1472589023411274,0.4193211317046008,0.03314395091455317,0.3861771807900476
00436,P5,all,320,0.39214304089546204,0.25328853726387024,0.1388545036315918,0.3279918269061679,0.19379294916499576,0.13419887774117215
00436,P5,fg,5,,,,,,
00436,P5,bg,315,0.376465767621994,0.2457158237695694,0.1307499438524246,0.24804843063784776,0.14429745697083035,0.10375097366701741
00437,P3,all,5120,0.19855250418186188,0.03991706967353821,0.15863543450832368,0.31366926165415265,0.10817920498122251,0.20549005667293013
00437,P3,fg,193,0.4254820644855499,0.15879672169685363,0.26668534278869627,0.19057805234144012,0.04648298845412404,0.14409506388731608
00437,P3,bg,4927,0.19608114659786224,0.04059618003666401,0.15548496656119823,0.3186516221920882,0.12015244620150489,0.1984991759905833
00437,P4,all,1280,0.24569694697856903,0.059426353126764295,0.18627059385180472,0.3741163351821845,0.08115989198988667,0.29295644319229786
00437,P4,fg,43,0.6420127749443054,0.3489099591970444,0.29310281574726105,0.48438446723834605,0.1304983878153272,0.35388607942301886
00437,P4,bg,1237,0.23738469183444977,0.06243302896618843,0.17495166286826133,0.27111908425167436,0.1161504594345375,0.15496862481713686
00437,P5,all,320,0.36658087372779846,0.21064096689224243,0.15593990683555603,0.303826549940432,0.06713570749311452,0.23669084244731747
00437,P5,fg,11,0.70731121301651,0.572210967540741,0.13510024547576904,0.16539375191742625,0.07536956029558463,0.09002419162184162
00437,P5,bg,309,0.36494147777557373,0.21287880837917328,0.15206266939640045,0.2685558762627285,0.08123450772736271,0.18732136853536577
00438,P3,all,5120,0.2378237247467041,0.0441715307533741,0.19365219399333,0.45451528288355497,0.12868509522561436,0.3258301876579406
00438,P3,fg,126,0.8348811268806458,0.23165642619132995,0.6032247006893158,0.744671945419579,-0.015051136778035948,0.759723082197615
00438,P3,bg,4994,0.22897875308990479,0.0455382339656353,0.18344051912426948,0.40133701327251786,0.14549209801317609,0.2558449152593418
00438,P4,all,1280,0.26512640714645386,0.07585137933492661,0.18927502781152725,0.5061009253813732,0.006838229435693037,0.4992626959456802
00438,P4,fg,26,0.9065418243408203,0.4478264689445496,0.45871535539627073,0.8493705712027223,0.016563646680787268,0.832806924521935
00438,P4,bg,1254,0.25069287419319153,0.0800952710211277,0.17059760317206382,0.3830707709948981,0.029026011274497415,0.3540447597204007
00438,P5,all,320,0.39385515451431274,0.2512118071317673,0.14264334738254547,0.2894096568145451,0.07219572515170787,0.21721393166283726
00438,P5,fg,7,,,,,,
00438,P5,bg,313,0.3943389356136322,0.26663383543491365,0.12770510017871856,0.2120557868872262,0.12439766070152165,0.08765812618570455
00450,P3,all,5120,0.3292304575443268,0.053098975121974944,0.27613148242235186,0.5569496717744006,0.08856629315497518,0.4683833786194254
00450,P3,fg,298,0.6406558156013489,0.09156718403100968,0.5490886315703392,0.6155014724346556,-0.024340622124753592,0.6398420945594092
00450,P3,bg,4822,0.31417569518089294,0.05644281879067421,0.25773287639021875,0.4989612720091043,0.13914833828289766,0.3598129337262066
00450,P4,all,1280,0.4040199816226959,0.09913765043020248,0.3048823311924934,0.6032394330169489,0.054570366049139216,0.5486690669678097
00450,P4,fg,76,0.7011444568634033,0.1552509158849716,0.5458935409784317,0.8057328190768842,-0.05506996424390972,0.860802783320794
00450,P4,bg,1204,0.3840470016002655,0.10850124806165695,0.27554575353860855,0.5155566415617385,0.12094430198932851,0.39461233957241004
00450,P5,all,320,0.5238266587257385,0.3115300953388214,0.2122965633869171,0.4505652909916305,0.2704875274128722,0.18007776357875832
00450,P5,fg,20,0.6849938631057739,0.5886613488197326,0.09633251428604128,0.046345101756638626,0.22847512727395874,-0.1821300255173201
00450,P5,bg,300,0.5288230180740356,0.31523229479789733,0.21359072327613832,0.47295819150195734,0.2709615999381954,0.20199659156376193
00459,P3,all,5120,0.5027782320976257,0.06422998234629632,0.43854824975132944,0.702508704575589,0.09689698289992432,0.6056117216756647
00459,P3,fg,497,0.8674592971801758,0.03574609346687794,0.8317132037132978,0.8203563069977164,-0.010473374638323403,0.8308296816360399
00459,P3,bg,4623,0.4852745234966278,0.08243867233395577,0.40283585116267207,0.6970963046464198,0.1696300208310568,0.527466283815363
00459,P4,all,1280,0.5771379470825195,0.09537299126386642,0.4817649558186531,0.7022802880988691,0.06967691420981734,0.6326033738890517
00459,P4,fg,126,0.8810697793960571,0.0937323585152626,0.7873374208807945,0.9030110320820263,-0.06388786055767508,0.9668988926397013
00459,P4,bg,1154,0.5135239958763123,0.14658457189798355,0.3669394239783287,0.5655781557546519,0.19648279983795672,0.3690953559166952
00459,P5,all,320,0.5015373229980469,0.3645990252494812,0.1369382977485657,0.4819573317623803,0.34165282552300186,0.14030450623937846
00459,P5,fg,29,0.8087218999862671,0.31838359236717223,0.49033830761909486,0.8027390405675936,-0.17898022439916725,0.9817192649667609
00459,P5,bg,291,0.49907857179641724,0.38535993695259096,0.11371863484382627,0.45258548170834223,0.3727673606332785,0.07981812107506375
00464,P3,all,5120,0.4617859125137329,0.07440739423036576,0.38737851828336717,0.6704030372675933,0.13595163654475234,0.5344514007228409
00464,P3,fg,649,0.4317534863948822,0.05000344067811966,0.3817500457167625,0.44776493733708217,-0.03522971194777583,0.482994649284858
00464,P3,bg,4471,0.5053803324699402,0.09134629070758819,0.414034041762352,0.7232512423265683,0.1935885418885932,0.5296627004379751
00464,P4,all,1280,0.45074498653411865,0.09045155122876167,0.36029343530535696,0.5976072736819578,0.06224680109728566,0.5353604725846721
00464,P4,fg,175,0.4451769292354584,0.10508629530668259,0.3400906339287758,0.48558618592965797,-0.11404753770063572,0.5996337236302937
00464,P4,bg,1105,0.5019770264625549,0.126234070956707,0.3757429555058479,0.5687868752807238,0.15772082782452335,0.41106604745620046
00464,P5,all,320,0.4837089478969574,0.23489501774311067,0.24881393015384673,0.5133805070801295,0.13767755175812585,0.37570295532200365
00464,P5,fg,41,0.30476871132850647,0.20841591954231262,0.09635279178619385,0.1285341253575783,-0.07191890604691542,0.20045303140449372
00464,P5,bg,279,0.5771915912628174,0.30032157003879545,0.27687002122402193,0.694834656426532,0.22074615531947472,0.47408850110705725
00468,P3,all,5120,0.35839471220970154,0.04161142371594906,0.3167832884937525,0.5698863923370748,0.05354405070297198,0.5163423416341029
00468,P3,fg,525,0.3796239197254181,0.03205979503691196,0.3475641246885061,0.4145241521415829,-0.03075728613558202,0.44528143827716493
00468,P3,bg,4595,0.374337762594223,0.046745619550347325,0.3275921430438757,0.5774892072658059,0.07289851931742013,0.5045906879483858
00468,P4,all,1280,0.36720243096351624,0.069586730748415,0.29761570021510125,0.5924519336911306,0.057107190184169446,0.5353447435069612
00468,P4,fg,131,0.3907250761985779,0.07626248598098755,0.3144625902175903,0.5376916437180151,0.018849290029503467,0.5188423536885117
00468,P4,bg,1149,0.36496981978416443,0.08166623711585999,0.28330358266830447,0.5539429856015899,0.07502618832570135,0.4789167972758886
00468,P5,all,320,0.4759824573993683,0.29715047478675843,0.17883198261260985,0.5842915326511577,0.18380021472112446,0.4004913179300333
00468,P5,fg,33,0.6461388468742371,0.5704158186912537,0.07572302818298338,0.6620201896059261,0.4018755980167172,0.26014459158920894
00468,P5,bg,287,0.4703468382358551,0.3027716875076294,0.1675751507282257,0.5867941313941963,0.15482247280688513,0.43197165858731124
00470,P3,all,5120,0.37104541063308716,0.050535231828689575,0.3205101788043976,0.6116535055969807,0.001503986290988585,0.6101495193059921
00470,P3,fg,411,0.39824405312538147,0.048541567474603656,0.34970248565077783,0.4798284230423891,0.09037999898380414,0.38944842405858493
00470,P3,bg,4709,0.3882511854171753,0.05668647289276123,0.33156471252441405,0.6201191256612719,-0.013643481450477996,0.6337626071117499
00470,P4,all,1280,0.385658323764801,0.08208544403314591,0.30357287973165514,0.6598315016522204,0.03666094766770951,0.6231705539845108
00470,P4,fg,95,0.4589564800262451,0.09976767897605895,0.35918880105018614,0.6532770469279783,0.05600656488633624,0.597270482041642
00470,P4,bg,1185,0.39236998558044434,0.09920371770858764,0.2931662678718567,0.6348153135127803,0.04802196657879075,0.5867933469339895
00470,P5,all,320,0.4952203631401062,0.2836113214492798,0.2116090416908264,0.499381830984937,0.1636517113127844,0.3357301196721526
00470,P5,fg,21,0.2770877480506897,0.3260492503643036,-0.0489615023136139,0.022707796490083997,-0.08182123028366751,0.1045290267737515
00470,P5,bg,299,0.5354601740837097,0.3102083206176758,0.22525185346603394,0.5734643940811298,0.18427089418030818,0.38919349990082164
00484,P3,all,5120,0.5504182577133179,0.043548131734132765,0.5068701259791851,0.7303262215711612,0.08657898629970058,0.6437472352714606
00484,P3,fg,484,0.7425830364227295,0.035400239005684855,0.7071827974170446,0.7509526430293638,0.01700574296393756,0.7339469000654263
00484,P3,bg,4636,0.5423710346221924,0.053881948441267015,0.48848908618092535,0.5729946822690951,0.1401976443072554,0.4327970379618397
00484,P4,all,1280,0.549901008605957,0.06494937539100647,0.48495163321495055,0.735843187022665,0.05039135556078882,0.6854518314618763
00484,P4,fg,107,0.8078336119651794,0.1140256553888321,0.6938079565763473,0.8538783516502165,-0.05007259293953823,0.9039509445897548
00484,P4,bg,1173,0.5045031309127808,0.08415645807981491,0.42034667283296584,0.609254226784075,0.08855026247878803,0.520703964305287
00484,P5,all,320,0.5040124654769897,0.2536752372980118,0.25033722817897797,0.5870209856405038,0.09669067648115635,0.4903303091593474
00484,P5,fg,33,0.5690580010414124,0.3263035356998444,0.24275446534156797,0.07130676488844165,-0.06815584313931675,0.1394626080277584
00484,P5,bg,287,0.5387232899665833,0.28227308988571165,0.2564502000808716,0.639400249431336,0.10591491983288555,0.5334853295984504
00494,P3,all,5120,0.45850032567977905,0.0639694094657898,0.3945309162139893,0.6422278799499445,0.07489845223550404,0.5673294277144404
00494,P3,fg,190,0.7749353647232056,0.06248029395937919,0.7124550707638264,0.7461934457121282,-0.08138817110050187,0.8275816168126301
00494,P3,bg,4930,0.46223270893096924,0.0675216220319271,0.3947110868990421,0.5969764950937257,0.09047192335772329,0.5065045717360025
00494,P4,all,1280,0.42972755432128906,0.08467373251914978,0.3450538218021393,0.6386782554373688,0.017042034945218186,0.6216362204921506
00494,P4,fg,50,0.8764541149139404,0.13182028383016586,0.7446338310837746,0.8889340095546872,-0.1206968975331745,1.0096309070878617
00494,P4,bg,1230,0.42417144775390625,0.08897764086723328,0.335193806886673,0.5819423264749871,0.020157544056469353,0.5617847824185178
00494,P5,all,320,0.5830344557762146,0.23075955510139465,0.3522749006748199,0.5997489035390168,0.06848389472878433,0.5312650088102324
00494,P5,fg,14,0.8534702658653259,0.37601277232170105,0.4774574935436249,0.6910509717988023,0.21953413465916452,0.47151683713963777
00494,P5,bg,306,0.5832041501998901,0.2380733907222748,0.34513075947761535,0.5981319643915187,0.06427810366932715,0.5338538607221915
00495,P3,all,5120,0.4144245386123657,0.04894986972212791,0.36547466889023783,0.6073034241170714,0.06901104818920864,0.5382923759278627
00495,P3,fg,232,0.8719024062156677,0.06514829993247986,0.8067541062831879,0.8191908367584375,-0.019949424301008607,0.8391402610594462
00495,P3,bg,4888,0.41488564014434814,0.05321755409240723,0.3616680860519409,0.5471780422331561,0.08644823549126805,0.46072980674188807
00495,P4,all,1280,0.37634435296058655,0.0765461951494217,0.29979815781116487,0.6182372385166018,0.03308083050656136,0.5851564080100404
00495,P4,fg,53,0.8769412040710449,0.15551032721996308,0.7214308768510819,0.8091130590533142,-0.035291910160742804,0.844404969214057
00495,P4,bg,1227,0.3702116906642914,0.08451932072639465,0.2856923699378967,0.5599814081339104,0.04740068450769981,0.5125807236262105
00495,P5,all,320,0.4648917019367218,0.2466751903295517,0.2182165116071701,0.6071339829219689,0.0896407158923064,0.5174932670296625
00495,P5,fg,13,0.8048580288887024,0.5168800771236419,0.28797795176506047,0.46175741463478953,-0.040481745234008534,0.5022391598687981
00495,P5,bg,307,0.4687824845314026,0.25661479532718656,0.21216768920421603,0.608917482650286,0.09239015517284019,0.5165273274774458
00509,P3,all,5120,0.24900339543819427,0.06579057648777961,0.18321281895041466,0.4033937192326003,0.09416817681781663,0.30922554241478367
00509,P3,fg,515,0.8450939655303955,0.06257518120110035,0.7825187843292951,0.787325626015583,-0.0684290292231031,0.8557546552386861
00509,P3,bg,4605,0.20802666246891022,0.07113083750009537,0.13689582496881486,0.344529317952521,0.13062669474035662,0.21390262321216438
00509,P4,all,1280,0.34429794549942017,0.08841762393712997,0.2558803215622902,0.5698482924104383,0.09194835467240373,0.47789993773803463
00509,P4,fg,133,0.8259190917015076,0.14965356439352034,0.6762655273079872,0.8565907258726014,0.10168637980430377,0.7549043460682977
00509,P4,bg,1147,0.2367459088563919,0.09950057566165924,0.13724533319473267,0.35901278196378866,0.10837830683113463,0.250634475132654
00509,P5,all,320,0.4741993844509125,0.22937786281108857,0.2448215216398239,0.5643032442123448,0.08723568815894721,0.47706755605339757
00509,P5,fg,36,0.7456238269805908,0.39613271951675416,0.34949110746383666,0.7796888804429246,0.20740181920456605,0.5722870612383586
00509,P5,bg,284,0.4594857394695282,0.2582954287528992,0.20119031071662902,0.49685070877735166,0.08672312959779191,0.4101275791795598
00523,P3,all,5120,0.43857327103614807,0.04487438052892685,0.39369889050722123,0.6059677340776655,0.08580583610328145,0.5201618979743841
00523,P3,fg,353,0.572067379951477,0.06906574368476867,0.5030016362667084,0.6833233211907499,-0.0017561008565417063,0.6850794220472916
00523,P3,bg,4767,0.449022114276886,0.04832606315612793,0.40069605112075807,0.5673207289085271,0.09590227682121243,0.4714184520873147
00523,P4,all,1280,0.41756463050842285,0.06753023490309715,0.3500343956053257,0.5719033757588686,0.05883566184135758,0.513067713917511
00523,P4,fg,90,0.5909119248390198,0.14576301127672195,0.4451489135622978,0.8056175299961803,-0.012492405021856098,0.8181099350180364
00523,P4,bg,1190,0.4076661765575409,0.07032880261540413,0.33733737394213675,0.47396167007204115,0.07090973314562198,0.40305193692641916
00523,P5,all,320,0.5074225068092346,0.22649136185646057,0.28093114495277405,0.5045514863296837,0.10182767538948037,0.4027238109402034
00523,P5,fg,22,0.7702000141143799,0.5089028537273407,0.2612971603870392,0.8446916575459291,0.32227752250081526,0.5224141350451139
00523,P5,bg,298,0.5033463835716248,0.2347039133310318,0.26864247024059296,0.43004276602627073,0.08624228378315932,0.34380048224311144
00537,P3,all,5120,0.43749502301216125,0.09647394567728043,0.34102107733488085,0.6196448711896859,0.20800603450217653,0.4116388366875094
00537,P3,fg,324,0.7634319067001343,0.1028008371591568,0.6606310695409775,0.7875449358364873,0.0819491005363065,0.7055958353001808
00537,P3,bg,4796,0.43150824308395386,0.09821782782673835,0.3332904152572155,0.5797264525993413,0.22850826370767646,0.35121818889166484
00537,P4,all,1280,0.38360512256622314,0.11376902014017105,0.2698361024260521,0.602166118020575,0.10591806965244736,0.4962480483681276
00537,P4,fg,85,0.795261561870575,0.15220774114131927,0.6430538207292557,0.8792432673463939,0.035952378471538884,0.843290888874855
00537,P4,bg,1195,0.35899603366851807,0.11683125048875809,0.24216478317975998,0.5355348473322125,0.12085105553243825,0.4146837917997742
00537,P5,all,320,0.5757171511650085,0.3109864205121994,0.26473073065280917,0.5341606868079971,0.2633318012851201,0.270828885522877
00537,P5,fg,20,0.860831081867218,0.6987172961235046,0.16211378574371338,0.8826083246270028,0.6871867775559652,0.19542154707103754
00537,P5,bg,300,0.5688070058822632,0.31503231525421144,0.25377469062805175,0.4999952168864721,0.23938978478646603,0.2606054321000061
00541,P3,all,5120,0.5180147290229797,0.04685828611254692,0.4711564429104328,0.6801295268544655,0.1007406706111675,0.579388856243298
00541,P3,fg,1184,0.8156383633613586,0.037215516343712805,0.7784228470176459,0.884411528696163,0.07963902236679746,0.8047725063293656
00541,P3,bg,3936,0.48372021317481995,0.05671374723315239,0.4270064659416676,0.4849949197894516,0.10224349641598822,0.38275142337346335
00541,P4,all,1280,0.45134732127189636,0.08230052441358567,0.3690467968583107,0.6113616796020355,0.12664716041441065,0.4847145191876248
00541,P4,fg,288,0.8263604044914246,0.07470421046018601,0.7516561940312385,0.8788811142354388,0.116335826761542,0.7625452874738968
00541,P4,bg,992,0.3741169273853302,0.09113165885210037,0.2829852685332298,0.47436178296584675,0.11356128165921384,0.3608005013066329
00541,P5,all,320,0.6004528999328613,0.3342864453792572,0.2661664545536041,0.5847380356091016,0.21210293288586043,0.3726351027232412
00541,P5,fg,68,0.7120765447616577,0.3986272394657135,0.3134493052959442,0.669936483189728,0.27562128064446656,0.3943152025452614
00541,P5,bg,252,0.5826558470726013,0.3555975317955017,0.22705831527709963,0.5391770795068493,0.17857788092907242,0.3605991985777769
00565,P3,all,5120,0.4471341669559479,0.03796267211437225,0.4091714948415756,0.630764210664931,0.04199939238587298,0.588764818279058
00565,P3,fg,344,0.859951376914978,0.10388101786375045,0.7560703590512275,0.8628386771520015,0.01469737213215932,0.8481413050198422
00565,P3,bg,4776,0.43482163548469543,0.039347485080361365,0.3954741504043341,0.6018641445720982,0.052396779387038364,0.5494673651850599
00565,P4,all,1280,0.43650197982788086,0.05742504671216011,0.37907693311572077,0.7134733773589331,-0.005565181094690494,0.7190385584536236
00565,P4,fg,89,0.8602980971336365,0.18436265885829925,0.6759354382753372,0.9066805105418169,-0.12897468650535507,1.035655197047172
00565,P4,bg,1191,0.4290698766708374,0.05970295742154121,0.3693669192492962,0.6846139658420227,0.017787093936399302,0.6668268719056234
00565,P5,all,320,0.4844210147857666,0.26143770217895507,0.22298331260681153,0.4980675598012721,0.06760594958159144,0.43046161021968066
00565,P5,fg,25,0.8237214684486389,0.3712768256664276,0.4524446427822113,0.7446395758391509,-0.2979794923748423,1.042619068213993
00565,P5,bg,295,0.48536527156829834,0.28210914731025694,0.2032561242580414,0.4706975225192132,0.09736140428443858,0.37333611823477464
00567,P3,all,5120,0.26750674843788147,0.06750197857618331,0.20000476986169816,0.43449220432161156,0.09091071046012589,0.3435814938614857
00567,P3,fg,270,0.8089125156402588,0.053051332384347914,0.7558611832559109,0.8120484492935461,-0.03738528171133826,0.8494337310048844
00567,P3,bg,4850,0.2542276084423065,0.07118034437298774,0.18304726406931876,0.3719564660920081,0.10080902343534907,0.271147442656659
00567,P4,all,1280,0.27989906072616577,0.09014399647712708,0.1897550642490387,0.5217070069430835,0.04663351953388052,0.47507348740920297
00567,P4,fg,55,0.869017481803894,0.1273803025484085,0.7416371792554856,0.8645160057573239,-0.03909928237087326,0.9036152881281971
00567,P4,bg,1225,0.23222260177135468,0.09712764769792556,0.1350949540734291,0.3969198208756074,0.060853337451134235,0.33606648342447315
00567,P5,all,320,0.39966660737991333,0.2807531088590622,0.11891349852085115,0.16682713265839044,0.12090431143403306,0.04592282122435738
00567,P5,fg,18,0.8648160099983215,0.4710432827472687,0.39377272725105283,-0.2404359177023298,0.037911719822646565,-0.2783476375249764
00567,P5,bg,302,0.3983311653137207,0.2925224661827087,0.10580869913101199,0.17176864413225817,0.121048566663424,0.05072007746883417
00572,P3,all,5120,0.35741400718688965,0.07027031555771827,0.28714369162917136,0.5100368529837719,0.17183945334278644,0.33819739964098544
00572,P3,fg,44,0.8367451429367065,0.3820436894893646,0.4547014534473419,0.8083608644064881,-0.022657864406235708,0.8310187288127239
00572,P3,bg,5076,0.35713228583335876,0.07073395922780037,0.2863983266055584,0.5045737125500679,0.1731751347648684,0.3313985777851995
00572,P4,all,1280,0.2743211090564728,0.11871596723794937,0.15560514181852342,0.3777680171902744,0.09443801101449162,0.2833300061757828
00572,P4,fg,12,0.9004836082458496,0.5526453971862793,0.34783821105957036,0.8257167822951962,0.26203049640246323,0.563686285892733
00572,P4,bg,1268,0.2736956477165222,0.11926796883344651,0.1544276788830757,0.37214323311082975,0.09285961674383472,0.27928361636699506
00572,P5,all,320,0.36058759689331055,0.2836350679397583,0.07695252895355226,0.21247722101622962,0.22865010133593566,-0.01617288031970604
00572,P5,fg,2,,,,,,
00572,P5,bg,318,0.35918161273002625,0.2835805833339691,0.07560102939605712,0.20857041884083452,0.22776994798752814,-0.019199529146693622
00582,P3,all,5120,0.4280279874801636,0.057632554322481155,0.3703954331576824,0.6009341546042036,0.1553769803693537,0.4455571742348499
00582,P3,fg,296,0.801679253578186,0.07554062977433204,0.726138623803854,0.8594211261543792,0.069915584051372,0.7895055421030072
00582,P3,bg,4824,0.4143758714199066,0.061032307147979734,0.35334356427192687,0.5658355246429028,0.1627454728295368,0.403090051813366
00582,P4,all,1280,0.3316205143928528,0.08526559472084046,0.24635491967201234,0.4712929202043722,0.09279573821469547,0.37849718198967675
00582,P4,fg,67,0.8407496213912964,0.1438010811805725,0.6969485402107238,0.8844539485332393,0.07008691848272655,0.8143670300505128
00582,P4,bg,1213,0.3142123520374298,0.08758689314126969,0.22662545889616012,0.4105875478173263,0.09566768576285993,0.31491986205446637
00582,P5,all,320,0.4874683916568756,0.2628339290618896,0.22463446259498598,0.5894429921771694,0.135179213911462,0.4542637782657074
00582,P5,fg,23,0.6404532790184021,0.5327876448631287,0.10766563415527342,0.646601111470023,0.23787758354266725,0.4087235279273557
00582,P5,bg,297,0.4925096333026886,0.26858842372894287,0.22392120957374573,0.5930567880193762,0.1264399520039049,0.4666168360154713
00583,P3,all,5120,0.45150914788246155,0.04901142232120037,0.4024977255612612,0.5891182851484941,0.10796492943323219,0.48115335571526185
00583,P3,fg,302,0.6906126141548157,0.0660541832447052,0.6245584309101104,0.7694014212072202,0.09239346303996614,0.6770079581672541
00583,P3,bg,4818,0.44605687260627747,0.053124289587140085,0.39293258301913736,0.5685451765578243,0.11038677091353163,0.45815840564429267
00583,P4,all,1280,0.3606627881526947,0.06814386546611786,0.29251892268657687,0.5589099311364273,0.0738254150020642,0.4850845161343631
00583,P4,fg,74,0.6973222494125366,0.1338083788752556,0.5635138705372811,0.8267816047854324,0.09468295325679266,0.7320986515286397
00583,P4,bg,1206,0.34892889857292175,0.07074591144919395,0.2781829871237278,0.5229095943912856,0.07989018499976888,0.44301940939151674
00583,P5,all,320,0.4392966628074646,0.21205459535121918,0.22724206745624542,0.5723996525596822,0.0964626233425034,0.4759370292171788
00583,P5,fg,19,0.702011227607727,0.5262813985347747,0.17572982907295231,0.24224414558650348,-0.051448709879834166,0.29369285546633767
00583,P5,bg,301,0.4461134672164917,0.22321098744869233,0.22290247976779937,0.5718006460977828,0.10358545802433543,0.46821518807344736
00588,P3,all,5120,0.28090086579322815,0.05533682480454445,0.2255640409886837,0.5878562380607514,0.09747873732604265,0.49037750073470876
00588,P3,fg,207,0.8242854475975037,0.07967809215188026,0.7446073554456234,0.8150119860293442,-0.06553093586237206,0.8805429218917162
00588,P3,bg,4913,0.26490771770477295,0.05906853675842285,0.2058391809463501,0.5301648419621512,0.1140517954844447,0.41611304647770647
00588,P4,all,1280,0.26128169894218445,0.07412505745887757,0.18715664148330688,0.5457847260646955,0.09224829018465364,0.4535364358800419
00588,P4,fg,58,0.8280901908874512,0.15446777492761612,0.6736224159598351,0.8586327079318976,-0.00018284579601415932,0.8588155537279117
00588,P4,bg,1222,0.2319682538509369,0.07683354914188385,0.15513470470905305,0.46835173849940565,0.09955569333676176,0.36879604516264386
00588,P5,all,320,0.3758518397808075,0.3006166279315948,0.07523521184921267,0.3046499201173236,0.16859537409565345,0.13605454602167016
00588,P5,fg,14,0.6825814247131348,0.5301086068153381,0.15247281789779665,0.43617327803159817,0.3136444695311716,0.12252880850042658
00588,P5,bg,306,0.36166223883628845,0.30392474234104155,0.0577374964952469,0.29126772078386887,0.15168127199300815,0.1395864487908607
00597,P3,all,5120,0.4504581093788147,0.05841448232531547,0.3920436270534992,0.6534643812169877,0.11007234415923679,0.5433920370577509
00597,P3,fg,720,0.8561118245124817,0.05708728656172753,0.7990245379507541,0.8582066696631593,0.08140108089951428,0.776805588763645
00597,P3,bg,4400,0.419116348028183,0.06528792753815651,0.3538284204900265,0.5825502747773047,0.13101104057062124,0.45153923420668346
00597,P4,all,1280,0.411636084318161,0.07816855013370513,0.33346753418445585,0.686355076444618,0.03958994634317961,0.6467651301014384
00597,P4,fg,187,0.8652435541152954,0.11670352816581726,0.7485400259494781,0.9192222203433779,0.004649757945931543,0.9145724623974463
00597,P4,bg,1093,0.37398508191108704,0.09078320860862732,0.2832018733024597,0.5936842417496103,0.07757193819050716,0.5161123035591032
00597,P5,all,320,0.45590853691101074,0.23596586883068085,0.2199426680803299,0.49479808686925036,0.06861717065026605,0.4261809162189843
00597,P5,fg,48,0.7334458827972412,0.22651320099830627,0.5069326817989349,0.6311136867843042,-0.06756620272607448,0.6986798895103787
00597,P5,bg,272,0.45962607860565186,0.2718166381120682,0.18780944049358367,0.4752198319511423,0.11093820684758196,0.3642816251035603
00606,P3,all,5120,0.31223174929618835,0.06288538053631783,0.24934636875987054,0.5398407280481952,0.1560013452313589,0.38383938281683627
00606,P3,fg,259,0.7310165166854858,0.21760238707065582,0.51341412961483,0.8242286417331868,0.2112655755344071,0.6129630661987797
00606,P3,bg,4861,0.2991929054260254,0.06526040062308311,0.23393250480294228,0.5258705116208101,0.15391961059733533,0.3719509010234748
00606,P4,all,1280,0.25746867060661316,0.08419941663742066,0.17326925396919252,0.501490738090154,0.08429793868012495,0.41719279941002907
00606,P4,fg,70,0.8531997203826904,0.28641391098499297,0.5667858093976974,0.9219817386155854,0.15084095828490204,0.7711407803306833
00606,P4,bg,1210,0.24314062297344208,0.0855548046529293,0.15758581832051277,0.44038149685303757,0.08086016290896621,0.3595213339440714
00606,P5,all,320,0.4825366139411926,0.2685429185628891,0.21399369537830354,0.585696178730566,0.13381972771360626,0.4518764510169597
00606,P5,fg,22,0.8753185868263245,0.4033035397529602,0.4720150470733643,0.8864873820167078,0.17755718255827746,0.7089301994584304
00606,P5,bg,298,0.4526669979095459,0.28914979100227356,0.16351720690727234,0.44959534090971026,0.13846017857465812,0.3111351623350521
00607,P3,all,5120,0.2876955270767212,0.05210234224796295,0.23559318482875824,0.4345787698980138,0.14422610644901496,0.29035266344899885
00607,P3,fg,259,0.7214856147766113,0.07032487541437149,0.6511607393622398,0.7717383019824018,-0.06894358940336834,0.8406818913857701
00607,P3,bg,4861,0.2745669484138489,0.05594856888055801,0.21861837953329086,0.398269580839436,0.1580228334076256,0.24024674743181038
00607,P4,all,1280,0.24883614480495453,0.06961493194103241,0.17922121286392212,0.4036968616118605,0.044351269334496235,0.3593455922773643
00607,P4,fg,54,0.7338317632675171,0.15570025891065598,0.5781315043568611,0.815647222689761,-0.03350635430281655,0.8491535769925775
00607,P4,bg,1226,0.23448438942432404,0.071621373295784,0.16286301612854004,0.35750262108656106,0.05003933916526345,0.3074632819212976
00607,P5,all,320,0.4538463056087494,0.3018340528011322,0.1520122528076172,0.46145698968702004,0.18483090595994386,0.2766260837270762
00607,P5,fg,16,0.5057511329650879,0.5495970726013184,-0.04384593963623051,-0.09558351400795027,0.24697762553843808,-0.34256113954638834
00607,P5,bg,304,0.47582587599754333,0.3099092662334442,0.1659166097640991,0.49569408189181724,0.1848327711038701,0.3108613107879471
00608,P3,all,5120,0.31217920780181885,0.052895481884479525,0.25928372591733934,0.48913735819756166,0.09185436306478545,0.3972829951327762
00608,P3,fg,169,0.738045871257782,0.1266566202044487,0.6113892510533333,0.7096073335072115,0.06585880524611214,0.6437485282610994
00608,P3,bg,4951,0.3052275776863098,0.054403463006019594,0.2508241146802902,0.4640290453522967,0.09871588468393022,0.3653131606683665
00608,P4,all,1280,0.26510798931121826,0.066750618070364,0.19835737124085426,0.4810733623545621,0.04550367195151872,0.4355696904030434
00608,P4,fg,34,0.8752076625823975,0.24994776546955108,0.6252598971128464,0.9163487868053969,-0.055693786577169155,0.972042573382566
00608,P4,bg,1246,0.2565746009349823,0.06956942230463029,0.18700517863035201,0.4348841616729987,0.0545010271168652,0.3803831345561335
00608,P5,all,320,0.4751376211643219,0.2510132670402527,0.22412435412406922,0.48114821510612305,0.12249013997253999,0.35865807513358305
00608,P5,fg,14,0.7562628388404846,0.5574415385723114,0.19882130026817324,0.513212814066307,0.14590043590282908,0.36731237816347795
00608,P5,bg,306,0.47209876775741577,0.255788254737854,0.21631051301956178,0.4725888588200375,0.12316260200241244,0.34942625681762507
00614,P3,all,5120,0.3117500841617584,0.04636877104640007,0.26538131311535834,0.5268420883843977,0.04231944978706779,0.4845226385973299
00614,P3,fg,151,0.8063477873802185,0.16048164665699005,0.6458661407232285,0.6749601662883927,0.11067800254660351,0.5642821637417892
00614,P3,bg,4969,0.30755046010017395,0.047079792618751524,0.26047066748142245,0.4980206531371221,0.03635385415414157,0.4616667989829806
00614,P4,all,1280,0.2974754571914673,0.06055922731757164,0.23691622987389566,0.5195612262815454,0.03352628669976911,0.48603493958177635
00614,P4,fg,39,0.8750647902488708,0.27444311380386355,0.6006216764450073,0.9044524514371309,0.11220598411980469,0.7922464673173263
00614,P4,bg,1241,0.2871791422367096,0.060460736602544786,0.22671840563416482,0.4583365141626414,0.03227126475748647,0.4260652494051549
00614,P5,all,320,0.48586055636405945,0.3168149530887604,0.16904560327529905,0.3430229263888492,0.20634496310103784,0.13667796328781134
00614,P5,fg,10,0.876900315284729,0.6456802785396576,0.2312200367450714,0.8598624214328134,0.2045539531903639,0.6553084682424495
00614,P5,bg,310,0.4682565927505493,0.31785634756088255,0.15040024518966677,0.30651415110897,0.20970168227802496,0.09681246883094505
00618,P3,all,5120,0.396769642829895,0.040423625707626344,0.35634601712226865,0.606974835430143,0.06289502343890838,0.5440798119912346
00618,P3,fg,109,0.7949095368385315,0.10278496444225312,0.6921245723962783,0.7608694649476989,-0.03966221536532261,0.8005316803130216
00618,P3,bg,5011,0.3984467089176178,0.041579282656311986,0.3568674262613058,0.580177123336271,0.07545197989835169,0.5047251434379193
00618,P4,all,1280,0.3503008186817169,0.06485995352268219,0.2854408651590347,0.5741430698009516,0.01899736967914132,0.5551457001218103
00618,P4,fg,32,0.782528817653656,0.20728215873241423,0.5752466589212417,0.7775534890959188,0.01576877736375561,0.7617847117321632
00618,P4,bg,1248,0.34781375527381897,0.06725006178021431,0.28056369349360466,0.5540259634711712,0.03165806995694499,0.5223678935142262
00618,P5,all,320,0.5122696757316589,0.3393261194229126,0.17294355630874636,0.4981182333303201,0.2744806026093918,0.22363763072092835
00618,P5,fg,8,0.7796253561973572,0.6394116163253785,0.14021373987197872,0.6399663475260974,0.33041267748394276,0.3095536700421546
00618,P5,bg,312,0.515586256980896,0.3460393905639648,0.16954686641693117,0.4982697320537678,0.2725188881939847,0.2257508438597831
00625,P3,all,5120,0.3647204637527466,0.09509258344769478,0.2696278803050518,0.5666563436652999,0.1572208277452651,0.4094355159200348
00625,P3,fg,359,0.6420296430587769,0.11697288155555725,0.5250567615032196,0.6307362236694845,-0.06846906091753513,0.6992052845870196
00625,P3,bg,4761,0.35855942964553833,0.10252313017845154,0.2560362994670868,0.5611691928057309,0.17380174826674938,0.3873674445389815
00625,P4,all,1280,0.3947077691555023,0.11748045533895493,0.2772273138165474,0.6283123784190567,0.12490714661020622,0.5034052318088506
00625,P4,fg,89,0.7771344184875488,0.1831530064344406,0.5939814120531082,0.725275562188939,-0.06890046288748103,0.79417602507642
00625,P4,bg,1191,0.38507768511772156,0.12962138056755065,0.2554563045501709,0.5726334174637273,0.17248104098156675,0.40015237648216057
00625,P5,all,320,0.4264541566371918,0.26009549498558043,0.16635866165161134,0.5215763901402217,0.1655373575775988,0.3560390325626229
00625,P5,fg,21,0.7421286106109619,0.40743334889411925,0.33469526171684266,0.7198802202829906,-0.197218842603003,0.9170990628859936
00625,P5,bg,299,0.4151724576950073,0.2814347267150879,0.13373773097991942,0.42777497863846375,0.20704326362616615,0.2207317150122976
00632,P3,all,5120,0.24290253221988678,0.04421932697296142,0.19868320524692534,0.422966045436587,0.09923736952705965,0.32372867590952736
00632,P3,fg,205,0.7521728873252869,0.10572553724050522,0.6464473500847816,0.7900497318927439,-0.008936254019667597,0.7989859859124114
00632,P3,bg,4915,0.23536208271980286,0.045496872067451476,0.18986521065235137,0.36955891296583965,0.11163480306716236,0.2579241098986773
00632,P4,all,1280,0.23116165399551392,0.06417066603899002,0.1669909879565239,0.4494945671169442,0.03914867125105507,0.4103458958658891
00632,P4,fg,56,0.8255413770675659,0.15061323940753937,0.6749281376600266,0.8666836728197432,0.022176915491362574,0.8445067573283807
00632,P4,bg,1224,0.20774780213832855,0.06578218340873718,0.14196561872959138,0.3627978182968391,0.05096563709900255,0.31183218119783657
00632,P5,all,320,0.3303149938583374,0.23064033389091493,0.09967465996742247,0.1387071975148094,0.11385570246329786,0.024851495051511532
00632,P5,fg,14,0.7268170714378357,0.47661484479904176,0.25020222663879393,0.3545676429394483,-0.08571841083221607,0.4402860537716644
00632,P5,bg,306,0.3341952860355377,0.24077313244342805,0.09342215359210967,0.132747240112519,0.11790272275381919,0.014844517358699821
00635,P3,all,5120,0.1768338531255722,0.04207760840654373,0.13475624471902847,0.3757982477315468,0.08976386458051579,0.286034383151031
00635,P3,fg,162,0.6057124733924866,0.12945647910237312,0.47625599429011345,0.7119919075443145,-0.020305483723884365,0.7322973912681989
00635,P3,bg,4958,0.16858071088790894,0.04309094175696373,0.1254897691309452,0.33300225228136726,0.10204731278154659,0.23095493949982066
00635,P4,all,1280,0.20592260360717773,0.05317502021789551,0.15274758338928224,0.39937240530479245,0.04939149524178332,0.34998091006300913
00635,P4,fg,46,0.6145026683807373,0.19670919477939605,0.4177934736013412,0.7580438703489586,0.011020589980145388,0.7470232803688132
00635,P4,bg,1234,0.18672575056552887,0.05488126501441002,0.13184448555111886,0.3161646781337476,0.06876304854666948,0.24740162958707812
00635,P5,all,320,0.3811132311820984,0.31441799402236936,0.06669523715972903,0.21445455035102792,0.21022613441059934,0.0042284159404285815
00635,P5,fg,11,0.6752964854240417,0.6135774374008178,0.06171904802322392,0.41872880665780293,-0.2446301980739173,0.6633590047317203
00635,P5,bg,309,0.3884117305278778,0.3235619843006134,0.06484974622726442,0.21112784236744553,0.2204314994607091,-0.009303657093263584
00636,P3,all,5120,0.19918164610862732,0.049273721128702166,0.14990792497992517,0.38882543519804985,0.03733942173472675,0.3514860134633231
00636,P3,fg,56,0.5433840751647949,0.2693828731775284,0.2740012019872665,0.31887932518049095,0.1770200037873313,0.14185932139315965
00636,P3,bg,5064,0.20047858357429504,0.04982563555240631,0.15065294802188872,0.3863504479386026,0.03386737770708669,0.3524830702315159
00636,P4,all,1280,0.17639896273612976,0.06931767016649246,0.1070812925696373,0.36075550607301776,0.027952017783880966,0.3328034882891368
00636,P4,fg,16,0.45880579948425293,0.3506423354148865,0.10816346406936644,0.19962530211201931,0.13019135736612839,0.06943394474589093
00636,P4,bg,1264,0.17593228816986084,0.06972315087914467,0.10620913729071617,0.34491239382790856,0.020058703789538692,0.3248536900383699
00636,P5,all,320,0.2735273540019989,0.2614799618721008,0.012047392129898082,0.07757673113719143,0.13234812156372328,-0.05477139042653184
00636,P5,fg,4,,,,,,
00636,P5,bg,316,0.27426937222480774,0.2627163201570511,0.011553052067756642,0.07607206607553485,0.13178523235225564,-0.055713166276720794
00643,P3,all,5120,0.29261863231658936,0.04526664353907108,0.24735198877751827,0.49163539781044047,0.1254120850527237,0.3662233127577168
00643,P3,fg,299,0.742483913898468,0.04424787685275078,0.6982360370457172,0.7780236591576948,0.017949132645830847,0.7600745265118639
00643,P3,bg,4821,0.2744779586791992,0.048557350784540175,0.22592060789465904,0.3996788377432161,0.14761905667793349,0.2520597810652826
00643,P4,all,1280,0.33207979798316956,0.07553830742835999,0.25654149055480957,0.5468291153457392,0.06821837721663547,0.4786107381291037
00643,P4,fg,87,0.7765475511550903,0.09582370519638062,0.6807238459587097,0.832564398158771,-0.05391963682795997,0.886484034986731
00643,P4,bg,1193,0.24873903393745422,0.08504628017544746,0.16369275376200676,0.3589047484485435,0.1083065605208654,0.2505981879276781
00643,P5,all,320,0.43055352568626404,0.26091056168079374,0.1696429640054703,0.4616414826885714,0.12247118531441666,0.33917029737415477
00643,P5,fg,18,0.7624471783638,0.5219274699687958,0.24051970839500425,0.25579214638925785,-0.061579509939765284,0.31737165632902314
00643,P5,bg,302,0.42706745862960815,0.271155446767807,0.15591201186180115,0.4662392166265411,0.12946147773697406,0.3367777388895671
00648,P3,all,5120,0.5510373115539551,0.038610074669122696,0.5124272368848324,0.7884949861135379,0.1091532758996602,0.6793417102138777
00648,P3,fg,1658,0.6863213181495667,0.043001358211040494,0.6433199599385262,0.8208214871360913,0.10375064110824098,0.7170708460278503
00648,P3,bg,3462,0.4542407691478729,0.06198028847575188,0.39226048067212105,0.5579566265911357,0.165381385577003,0.39257524101413266
00648,P4,all,1280,0.6222655773162842,0.05863730236887932,0.5636282749474049,0.8048456477237872,0.05546615078906579,0.7493794969347214
00648,P4,fg,409,0.7422153949737549,0.07399037554860115,0.6682250194251538,0.8491925280709571,0.03992388378052599,0.8092686442904311
00648,P4,bg,871,0.36251047253608704,0.11517824232578278,0.24733223021030426,0.5148221862872026,0.07554170897811271,0.4392804773090898
00648,P5,all,320,0.5688291192054749,0.22549854218959808,0.34333057701587677,0.6907474922816538,0.11112274020210541,0.5796247520795483
00648,P5,fg,95,0.6725070476531982,0.23920851647853852,0.4332985311746597,0.721563108111058,0.08219520282501327,0.6393679052860447
00648,P5,bg,225,0.5559403300285339,0.3121681958436966,0.24377213418483734,0.5042580365523319,0.17056603579536733,0.3336920007569646
00651,P3,all,5120,0.38629773259162903,0.04900072962045669,0.3372970029711723,0.675216034805065,0.07814753666496492,0.5970684981401001
00651,P3,fg,280,0.8588477373123169,0.08770137652754784,0.7711463607847691,0.8563684434679937,-0.04478988298257146,0.9011583264505652
00651,P3,bg,4840,0.3409178853034973,0.0526738315820694,0.2882440537214279,0.5319603366751223,0.07289520815678456,0.45906512851833775
00651,P4,all,1280,0.41237932443618774,0.07394134923815728,0.3384379751980305,0.6147108573585967,0.0591702641689287,0.555540593189668
00651,P4,fg,71,0.8977635502815247,0.18289367258548736,0.7148698776960373,0.9195943165508282,-0.044336522308349786,0.9639308388591781
00651,P4,bg,1209,0.2996711730957031,0.07883452028036117,0.22083665281534196,0.36779404931735393,0.03681190981092193,0.330982139506432
00651,P5,all,320,0.5071473717689514,0.22640725076198578,0.28074012100696566,0.5730203829461964,0.029903422399724745,0.5431169605464716
00651,P5,fg,21,0.8447482585906982,0.5075689315795898,0.3371793270111084,0.7889383987096485,0.13342587834193362,0.6555125203677149
00651,P5,bg,299,0.47845906019210815,0.23065289855003357,0.24780616164207458,0.5535783178430778,0.019090236024024987,0.5344880818190527
00654,P3,all,5120,0.48771932721138,0.05186831019818783,0.4358510170131922,0.7406929918984753,0.09495959794604747,0.6457333939524278
00654,P3,fg,421,0.7970927953720093,0.040694684535264966,0.7563981108367444,0.8200632678738123,0.03012196319530943,0.7899413046785029
00654,P3,bg,4699,0.4460667073726654,0.06011675298213959,0.3859499543905258,0.5900791812148216,0.1370428218985531,0.4530363593162685
00654,P4,all,1280,0.5437183380126953,0.07474407255649566,0.46897426545619963,0.7225909239274929,0.07777847910797123,0.6448124448195217
00654,P4,fg,106,0.8163844347000122,0.09663610905408859,0.7197483256459236,0.887095859591813,-0.004683875145351679,0.8917797347371648
00654,P4,bg,1174,0.4096032679080963,0.09629543200135231,0.313307835906744,0.44271301113774164,0.15219482475560292,0.2905181863821387
00654,P5,all,320,0.4514750838279724,0.23227279782295226,0.21920228600502015,0.32695400221792065,0.17052060162622895,0.1564334005916917
00654,P5,fg,30,0.6309117674827576,0.40963311195373536,0.2212786555290222,0.39793258251380725,0.1188626272464978,0.27906995526730943
00654,P5,bg,290,0.45001205801963806,0.24684651792049409,0.20316554009914398,0.30600699876709936,0.17986350157096512,0.12614349719613424
00655,P3,all,5120,0.3070718050003052,0.03657437823712826,0.2704974267631769,0.5158617502824292,0.02438168726387386,0.49148006301855535
00655,P3,fg,190,0.5001638531684875,0.10451799035072326,0.39564586281776426,0.612697585461572,-0.03152580727379448,0.6442233927353666
00655,P3,bg,4930,0.3070893883705139,0.03834494724869728,0.2687444411218166,0.48464050147066035,0.03287767759736948,0.45176282387329086
00655,P4,all,1280,0.23053540289402008,0.05041140466928482,0.18012399822473527,0.4139213115850588,0.004711237041601916,0.40921007454345687
00655,P4,fg,49,0.5567721128463745,0.1617016077041626,0.3950705051422119,0.7213287005227654,0.07038565510762057,0.6509430454151448
00655,P4,bg,1231,0.21627947688102722,0.052264575660228726,0.16401490122079848,0.30636534878487337,0.0037901294419614624,0.3025752193429119
00655,P5,all,320,0.4085391163825989,0.2559619605541229,0.15257715582847597,0.41610473856266394,0.10718525265556464,0.3089194859070993
00655,P5,fg,10,0.5746737718582153,0.524690967798233,0.049982804059982344,-0.3487062223875965,0.10796037447180491,-0.4566665968594014
00655,P5,bg,310,0.4166927933692932,0.26270447969436644,0.15398831367492677,0.44039712811211545,0.10700545065227367,0.3333916774598418
00663,P3,all,5120,0.48867538571357727,0.08228596150875092,0.4063894242048264,0.6929494553592026,0.13276059468640233,0.5601888606728003
00663,P3,fg,561,0.7733619213104248,0.06728516072034836,0.7060767605900764,0.7685448123009706,-0.028120049191629942,0.7966648614926005
00663,P3,bg,4559,0.44853946566581726,0.09730722159147262,0.3512322440743446,0.5628037713156393,0.2033378606574953,0.35946591065814404
00663,P4,all,1280,0.5015795826911926,0.09040165394544601,0.4111779287457466,0.7389482824403267,0.08590409947118546,0.6530441829691412
00663,P4,fg,126,0.836148738861084,0.14678355902433396,0.68936517983675,0.8703045766082387,0.02010187975763884,0.8502026968505998
00663,P4,bg,1154,0.37867748737335205,0.11472195088863373,0.2639555364847183,0.4164617021944066,0.12031623127516541,0.29614547091924115
00663,P5,all,320,0.5049221515655518,0.2105063885450363,0.2944157630205154,0.6104678380643919,0.10286635152586385,0.507601486538528
00663,P5,fg,25,0.7684674263000488,0.3592972278594971,0.40917019844055175,0.7840072785112498,0.14356510925883142,0.6404421692524185
00663,P5,bg,295,0.4726037085056305,0.22320249676704407,0.24940121173858643,0.5366227182925069,0.10869373621210247,0.42792898208040436
00666,P3,all,5120,0.6356181502342224,0.02608935683965683,0.6095287933945656,0.817868107784085,0.0639655012412336,0.7539026065428515
00666,P3,fg,1690,0.7860375046730042,0.020495444908738135,0.765542059764266,0.8356700096284337,0.031498947592357954,0.8041710620360758
00666,P3,bg,3430,0.28865763545036316,0.07561046928167343,0.21304716616868974,0.5473483952270057,0.18125366201075502,0.36609473321625075
00666,P4,all,1280,0.6978723406791687,0.04077924862504005,0.6570930920541287,0.8227562683046993,0.05464371753328291,0.7681125507714164
00666,P4,fg,438,0.8238616585731506,0.03541514948010445,0.7884465090930461,0.8972413779423654,0.014702450519573815,0.8825389274227915
00666,P4,bg,842,0.32102593779563904,0.13992278277873993,0.1811031550168991,0.5308624784042051,0.19871963243715335,0.33214284596705174
00666,P5,all,320,0.4120713770389557,0.21010086238384246,0.20197051465511323,0.494388112934209,0.15389192403778149,0.3404961888964275
00666,P5,fg,106,0.42815813422203064,0.2491181969642639,0.17903993725776673,0.41012733997326206,0.14340351448777858,0.26672382548548346
00666,P5,bg,214,0.43769603967666626,0.25235825777053833,0.18533778190612793,0.535881593893893,0.15535262318708667,0.38052897070680636
00667,P3,all,5120,0.7433977723121643,0.020052606239914894,0.7233451660722494,0.8917192432723269,0.055024643070835134,0.8366946002014918
00667,P3,fg,1797,0.8366164565086365,0.014514654688537122,0.8221018018200994,0.8724856182738464,0.05194474772372275,0.8205408705501237
00667,P3,bg,3323,0.4681728780269623,0.0800817258656025,0.3880911521613598,0.7419114629319304,0.19852507783525958,0.5433863850966709
00667,P4,all,1280,0.7629221677780151,0.029002236574888228,0.7339199312031269,0.8843075946769573,0.03061155229310291,0.8536960423838544
00667,P4,fg,462,0.8480451703071594,0.024942007288336752,0.8231031630188227,0.9057674053531738,0.02178088702292285,0.883986518330251
00667,P4,bg,818,0.48806655406951904,0.10873742252588273,0.37932913154363634,0.7124038250010254,0.08624600998666457,0.6261578150143609
00667,P5,all,320,0.5268361568450928,0.2406154304742813,0.2862207263708115,0.5978762552081739,0.21916037260315274,0.37871588260502115
00667,P5,fg,118,0.41123637557029724,0.23225195705890656,0.17898441851139069,0.39011346452890416,0.14164545714318372,0.24846800738572045
00667,P5,bg,202,0.6262838840484619,0.28718688488006594,0.339096999168396,0.7003208442625675,0.2391648731144281,0.46115597114813933
00670,P3,all,5120,0.2534877061843872,0.04577549360692501,0.2077122125774622,0.5147684501334855,0.10386369993447372,0.41090475019901174
00670,P3,fg,287,0.8345550894737244,0.0971234381198883,0.737431651353836,0.7550172305597075,0.06734389800141874,0.6876733325582888
00670,P3,bg,4833,0.22809945046901703,0.0463969498872757,0.18170250058174134,0.42250941981012485,0.11550841292675315,0.30700100688337173
00670,P4,all,1280,0.31134524941444397,0.05352592393755913,0.25781932547688485,0.5837569050343535,0.03640494975077963,0.5473519552835738
00670,P4,fg,73,0.9239983558654785,0.16884184777736663,0.7551565080881119,0.9034766239700274,-0.026972958166635717,0.9304495821366631
00670,P4,bg,1207,0.21278811991214752,0.05575929060578346,0.15702882930636405,0.23352308347414358,0.05893267520937456,0.17459040826476901
00670,P5,all,320,0.5568563938140869,0.19731415808200836,0.35954223573207855,0.6875580037987646,0.08026675396253444,0.6072912498362302
00670,P5,fg,15,0.9154471755027771,0.468856543302536,0.4465906322002411,0.8741858338756411,-0.09720759557071094,0.971393429446352
00670,P5,bg,305,0.5188792943954468,0.23285270631313323,0.2860265880823135,0.5981139991081248,0.11318361953930875,0.484930379568816
00693,P3,all,5120,0.48146626353263855,0.037932989001274106,0.44353327453136443,0.8021453960832313,0.05598243607660832,0.746162960006623
00693,P3,fg,796,0.8254011869430542,0.04051076024770737,0.7848904266953468,0.8827881965070662,0.05419853757917671,0.8285896589278895
00693,P3,bg,4324,0.3594827353954315,0.05016298741102219,0.3093197479844093,0.5513438449870857,0.10328561440220926,0.44805823058487637
00693,P4,all,1280,0.5780932903289795,0.06116186901926994,0.5169314213097096,0.8106017284696232,0.05580453396469544,0.7547971945049278
00693,P4,fg,192,0.8527594804763794,0.07812022864818573,0.7746392518281937,0.9315215415131775,0.03803185670710454,0.8934896848060729
00693,P4,bg,1088,0.3669278919696808,0.08419315740466118,0.28273473456501963,0.5368179514497314,0.1187702782823675,0.4180476731673639
00693,P5,all,320,0.6551352739334106,0.28733584880828855,0.3677994251251221,0.6899567083908029,0.21027505047744768,0.47968165791335526
00693,P5,fg,49,0.8588226437568665,0.23168613910675048,0.627136504650116,0.9060601803621906,0.16601417246191574,0.7400460079002749
00693,P5,bg,271,0.5673494338989258,0.33450432419776915,0.23284510970115663,0.5109706132633378,0.24639995541423082,0.264570657849107
00704,P3,all,5120,0.3953811228275299,0.041033584251999856,0.35434753857553003,0.6732176426222659,0.07112375590772138,0.6020938867145446
00704,P3,fg,309,0.8944356441497803,0.06895209178328514,0.8254835523664952,0.9089187422026455,-0.047986992298901854,0.9569057345015473
00704,P3,bg,4811,0.3482963740825653,0.04509456530213356,0.30320180878043174,0.48697739459732037,0.08951222138759828,0.3974651732097221
00704,P4,all,1280,0.39220693707466125,0.06193952783942223,0.330267409235239,0.6566472702258063,0.019880959277211,0.6367663109485953
00704,P4,fg,79,0.9192317724227905,0.14222423434257508,0.7770075380802155,0.9642660566754482,-0.0059324008897678245,0.970198457565216
00704,P4,bg,1201,0.3047223687171936,0.06711802035570144,0.23760434836149216,0.46038382751127527,0.0024328323965669557,0.4579509951147083
00704,P5,all,320,0.4249632954597473,0.26272750794887545,0.16223578751087187,0.552733431380555,0.0641337736486003,0.4885996577319547
00704,P5,fg,19,0.8556565642356873,0.5240709245204925,0.3315856397151947,0.8682557308444481,0.27340141126322093,0.5948543195812271
00704,P5,bg,301,0.3830045461654663,0.27689469456672666,0.10610985159873965,0.4728869212594296,0.030416749891244255,0.44247017136818534
00715,P3,all,5120,0.38353878259658813,0.03467508628964424,0.3488636963069439,0.6259495666926586,0.042525458431512835,0.5834241082611458
00715,P3,fg,479,0.7068912982940674,0.06469374895095825,0.6421975493431091,0.7616797002915464,0.01607485726744867,0.7456048430240978
00715,P3,bg,4641,0.3770418167114258,0.03866294249892235,0.33837887421250346,0.47566298083080477,0.03707358483662528,0.4385893959941795
00715,P4,all,1280,0.3757011294364929,0.05107650458812714,0.3246246248483658,0.6626062914760026,0.03143760710636724,0.6311686843696354
00715,P4,fg,116,0.7533685564994812,0.12694394886493682,0.6264246076345443,0.7781888714645862,-0.009053563821847802,0.787242435286434
00715,P4,bg,1164,0.3495655059814453,0.05448784530162811,0.2950776606798172,0.5221855282705046,0.022556554573500233,0.4996289736970043
00715,P5,all,320,0.42467206716537476,0.2113489881157875,0.21332307904958725,0.5903693718817509,0.0740545675124796,0.5163148043692712
00715,P5,fg,29,0.9205490350723267,0.2837424069643021,0.6368066281080246,0.929654699639802,0.04418643843161475,0.8854682612081872
00715,P5,bg,291,0.35325106978416443,0.247932630777359,0.10531843900680543,0.45146327951044996,0.0957433674106605,0.3557199120997895
00716,P3,all,5120,0.21697579324245453,0.04615227058529854,0.170823522657156,0.3944449214268381,0.06766261972348145,0.32678230170335665
00716,P3,fg,48,0.41918036341667175,0.23132829368114471,0.18785206973552704,0.4334003119350499,-0.06510147158012838,0.49850178351517827
00716,P3,bg,5072,0.21772971749305725,0.04685100875794888,0.17087870873510838,0.37330932868737216,0.06932748646594614,0.303981842221426
00716,P4,all,1280,0.2167324274778366,0.04935481995344162,0.16737760752439498,0.24994907936412156,-0.00926465385029261,0.25921373321441415
00716,P4,fg,13,0.4294096529483795,0.31843016743659974,0.11097948551177977,0.44313786854479853,-0.17512699836950182,0.6182648669143004
00716,P4,bg,1267,0.21555288136005402,0.04903674796223641,0.16651613339781762,0.21298701239027848,-0.009093209439549327,0.2220802218298278
00716,P5,all,320,0.46370717883110046,0.24779397249221802,0.21591320633888245,0.34297272544399426,0.04972404226420225,0.293248683179792
00716,P5,fg,3,,,,,,
00716,P5,bg,317,0.4557056128978729,0.24722593724727632,0.2084796756505966,0.3414216208926591,0.049581194160155315,0.29184042673250377
00722,P3,all,5120,0.5334534645080566,0.04438774511218071,0.48906571939587595,0.7978449361795154,0.08158348056206151,0.7162614556174538
00722,P3,fg,595,0.8285704255104065,0.04854634255170822,0.7800240829586983,0.8601515554953423,0.0994261586947733,0.7607253968005689
00722,P3,bg,4525,0.42718935012817383,0.05174642503261566,0.37544292509555816,0.5685500849459346,0.08064516398820516,0.48790492095772947
00722,P4,all,1280,0.6625616550445557,0.06228377744555473,0.600277877599001,0.8106089960586579,0.0609408885495167,0.7496681075091411
00722,P4,fg,154,0.8591963052749634,0.10104880183935165,0.7581475034356118,0.8907527544077478,0.15233443500120308,0.7384183194065448
00722,P4,bg,1126,0.40251412987709045,0.0863442912697792,0.31616983860731124,0.43761261323401085,0.05055363614047398,0.38705897709353687
00722,P5,all,320,0.4997992515563965,0.2236647814512253,0.2761344701051712,0.35119136945716234,0.12025211164431777,0.23093925781284458
00722,P5,fg,39,0.763110876083374,0.5225096881389618,0.2406011879444122,0.702795300910183,0.38630787110267917,0.3164874298075039
00722,P5,bg,281,0.4716162085533142,0.21539346873760223,0.256222739815712,0.24129795960489092,0.06446154579310988,0.17683641381178106
00736,P3,all,5120,0.3486224114894867,0.06429064869880677,0.28433176279067995,0.6126642513181106,0.09766218750555619,0.5150020638125544
00736,P3,fg,255,0.8250882625579834,0.10605709552764893,0.7190311670303344,0.803447188789262,-0.08047472511304601,0.883921913902308
00736,P3,bg,4865,0.3307127356529236,0.06801595017313958,0.26269678547978403,0.5121822725962878,0.1253691029306167,0.3868131696656711
00736,P4,all,1280,0.35362139344215393,0.07340252175927162,0.2802188716828823,0.6331305425103564,0.0601482280208971,0.5729823144894592
00736,P4,fg,64,0.8866315484046936,0.24624564945697786,0.6403858989477158,0.8695335420452595,-0.0323306406215219,0.9018641826667814
00736,P4,bg,1216,0.3090987801551819,0.07634587809443474,0.23275290206074714,0.43190358069876317,0.06631667065979874,0.36558691003896443
00736,P5,all,320,0.5163659453392029,0.2004409521818161,0.31592499315738676,0.6579334583720784,0.10330698001306755,0.5546264783590108
00736,P5,fg,24,0.9098778963088989,0.38898792266845705,0.5208899736404419,0.8391419651820037,0.1440656592012972,0.6950763059807065
00736,P5,bg,296,0.4602176249027252,0.2418170303106308,0.21840059459209443,0.49140341618459954,0.12256866954074848,0.3688347466438511
00744,P3,all,5120,0.31093451380729675,0.044612620025873184,0.26632189378142357,0.619995613716458,0.12576993106435536,0.4942256826521026
00744,P3,fg,443,0.41775423288345337,0.10624674409627914,0.3115074887871742,0.57819083403523,0.1807963344299314,0.3973944996052986
00744,P3,bg,4677,0.2993050813674927,0.05030251815915108,0.2490025632083416,0.47930980071340407,0.1371511686632972,0.3421586320501069
00744,P4,all,1280,0.4012714624404907,0.06626022234559059,0.33501124009490013,0.6812063952156628,0.046336924797773835,0.634869470417889
00744,P4,fg,130,0.5658074021339417,0.18000943958759308,0.38579796254634857,0.6737728151056629,0.06120678073840953,0.6125660343672533
00744,P4,bg,1150,0.330086886882782,0.07931151911616326,0.25077536776661874,0.363483520795307,0.04572820046814492,0.3177553203271621
00744,P5,all,320,0.49492478370666504,0.19485148191452026,0.30007330179214475,0.6656480081186755,0.006103601382877361,0.6595444067357982
00744,P5,fg,26,0.7624942660331726,0.3677312046289444,0.39476306140422823,0.7774710440771914,0.034289908889709696,0.7431811351874816
00744,P5,bg,294,0.4508955478668213,0.23636345863342284,0.21453208923339845,0.48311271343455486,0.0017265921232646898,0.48138612131129016
00747,P3,all,5120,0.302489697933197,0.047272267192602156,0.2552174307405949,0.5907804038833527,0.08017207516173039,0.5106083287216223
00747,P3,fg,367,0.6366384029388428,0.06643114089965821,0.5702072620391846,0.6455769249792138,-0.013953115543812237,0.6595300405230261
00747,P3,bg,4753,0.27224981784820557,0.05578647032380104,0.21646334752440452,0.4192301068601908,0.10941105354607875,0.3098190533141121
00747,P4,all,1280,0.35829421877861023,0.06351480782032012,0.2947794109582901,0.6115325230205475,0.018327565221410824,0.5932049577991367
00747,P4,fg,99,0.6427306532859802,0.13806118667125702,0.5046694666147232,0.6881914186639881,0.0056731021185536055,0.6825183165454345
00747,P4,bg,1181,0.25053560733795166,0.07477256953716278,0.1757630378007889,0.2182760658854316,0.01817179902010984,0.20010426686532176
00747,P5,all,320,0.4141443371772766,0.18753108829259874,0.22661324888467788,0.6106017058943404,0.18011235368087947,0.4304893522134609
00747,P5,fg,15,0.88834148645401,0.6105037689208984,0.2778377175331116,0.7045220746927979,0.2875119733992081,0.41701010129358984
00747,P5,bg,305,0.40380239486694336,0.19703661948442458,0.20676577538251878,0.5770001124097093,0.17770658004524967,0.39929353236445964
00748,P3,all,5120,0.37273022532463074,0.056613510102033617,0.3161167152225971,0.6432643894238037,0.13568404619143107,0.5075803432323727
00748,P3,fg,1069,0.5895085334777832,0.03758968263864517,0.551918850839138,0.770681816455868,-0.02446044570777372,0.7951422621636417
00748,P3,bg,4051,0.3545910120010376,0.07643746808171273,0.2781535439193249,0.5751933191070534,0.201839986932678,0.3733533321743754
00748,P4,all,1280,0.41865265369415283,0.08031304776668549,0.33833960592746737,0.680679191173697,0.04371518481040938,0.6369640063632876
00748,P4,fg,256,0.7287799715995789,0.08936246484518051,0.6394175067543983,0.8597134507997954,-0.008237531554663372,0.8679509823544588
00748,P4,bg,1024,0.3296050727367401,0.11536313444375992,0.2142419382929802,0.40741358848556974,0.12855334015684766,0.2788602483287221
00748,P5,all,320,0.48814713954925537,0.1860852301120758,0.3020619094371796,0.6637397872870171,0.1067553884901111,0.556984398796906
00748,P5,fg,74,0.804776132106781,0.2347107857465744,0.5700653463602066,0.8613914612357524,0.11496527882313852,0.7464261824126138
00748,P5,bg,246,0.45038679242134094,0.27844735980033875,0.1719394326210022,0.43090054148613527,0.14950241218838892,0.2813981292977463
00749,P3,all,5120,0.4391174018383026,0.04349499493837357,0.39562240689992906,0.6820458291662238,0.08130754716218742,0.6007382820040363
00749,P3,fg,437,0.55952388048172,0.0520296934992075,0.5074941869825125,0.6170559671927776,0.06792795550645903,0.5491280116863185
00749,P3,bg,4683,0.4372982084751129,0.05293856933712959,0.3843596391379833,0.5832407418624391,0.11552668706053704,0.4677140548019021
00749,P4,all,1280,0.4936496615409851,0.06035987138748169,0.43328979015350344,0.7666706906628947,0.01754052985418598,0.7491301608087088
00749,P4,fg,113,0.6650930643081665,0.1145542949438095,0.550538769364357,0.7437321872687667,0.018677300616044876,0.7250548866527218
00749,P4,bg,1167,0.4148949384689331,0.07978139221668243,0.33511354625225065,0.4884109570711029,0.03605661178972151,0.45235434528138135
00749,P5,all,320,0.5919633507728577,0.16322615444660188,0.4287371963262558,0.754392446759948,0.03903866723701059,0.7153537795229374
00749,P5,fg,36,0.7861353754997253,0.22635082602500917,0.5597845494747162,0.8347288418235662,0.09871609204100537,0.7360127497825608
00749,P5,bg,284,0.5192277431488037,0.25289942026138307,0.26632832288742064,0.5931108426455841,0.025671239442900368,0.5674396032026837
00768,P3,all,5120,0.6966831088066101,0.030218742415308954,0.6664643663913011,0.8415003960275134,0.04656874210311314,0.7949316539244002
00768,P3,fg,1760,0.8424461483955383,0.023524005711078644,0.8189221426844597,0.8756518257398387,0.015207095418505474,0.8604447303213332
00768,P3,bg,3360,0.4466753304004669,0.06430697813630104,0.3823683522641659,0.5847497081882833,0.11255771799958772,0.4721919901886956
00768,P4,all,1280,0.7250176072120667,0.041424280405044554,0.6835933268070221,0.8378499431713005,0.04115231632285759,0.7966976268484429
00768,P4,fg,432,0.8617382645606995,0.038171212375164035,0.8235670521855354,0.9156198943690007,0.025098070517112603,0.8905218238518882
00768,P4,bg,848,0.3964979350566864,0.11151728332042694,0.28498065173625947,0.5138011633632653,0.07213461023337112,0.4416665531298942
00768,P5,all,320,0.42070654034614563,0.23293050825595857,0.18777603209018706,0.4299802173315296,0.17246864044917737,0.2575115768823522
00768,P5,fg,109,0.51533043384552,0.3158869594335556,0.19944347441196442,0.4946433524078574,0.22007799058434974,0.27456536182350766
00768,P5,bg,211,0.4251284599304199,0.25016995668411257,0.17495850324630735,0.43654679102123223,0.14716152590790665,0.2893852651133256
00776,P3,all,5120,0.36122748255729675,0.04794484525918961,0.3132826372981071,0.623887902883256,0.09256059390397267,0.5313273089792834
00776,P3,fg,324,0.6496722102165222,0.06222168579697609,0.5874505244195461,0.6773268343310926,0.023279879357818334,0.6540469549732744
00776,P3,bg,4796,0.3405592143535614,0.05611619800329208,0.2844430163502693,0.5115847156937908,0.1279031190213218,0.38368159667246904
00776,P4,all,1280,0.3417942523956299,0.06960288286209107,0.27219136953353884,0.6062732339770851,0.04555650249712421,0.5607167314799609
00776,P4,fg,88,0.6859994530677795,0.15405516922473908,0.5319442838430405,0.7816315720128721,-0.04079640340528136,0.8224279754181535
00776,P4,bg,1192,0.2507539391517639,0.08245677947998047,0.16829715967178344,0.2877391123740281,0.07371863407741241,0.2140204782966157
00776,P5,all,320,0.42143434286117554,0.25906966626644135,0.1623646765947342,0.37287848628080905,0.12896518905794524,0.2439132972228638
00776,P5,fg,21,0.835236132144928,0.4541894257068634,0.3810467064380646,0.8245776709794546,0.24171906293851078,0.5828586080409438
00776,P5,bg,299,0.40382814407348633,0.2959193289279938,0.10790881514549255,0.27250492865729786,0.12082993221053792,0.15167499644675994
00788,P3,all,5120,0.37334969639778137,0.0406556524336338,0.3326940439641476,0.6486303061962753,0.04136039465601272,0.6072699115402626
00788,P3,fg,475,0.6303505897521973,0.047643103450536725,0.5827074863016606,0.7009721267144621,0.007117228153252005,0.6938548985612101
00788,P3,bg,4645,0.3536158800125122,0.050846999138593675,0.3027688808739185,0.514223712494036,0.046536855266093434,0.46768685722794257
00788,P4,all,1280,0.4034833312034607,0.06726218536496162,0.33622114583849905,0.6582492311213259,-0.01714122680812783,0.6753904579294537
00788,P4,fg,96,0.6194332242012024,0.11630660593509674,0.5031266182661056,0.7299775241333478,-0.007337111054444734,0.7373146351877926
00788,P4,bg,1184,0.3269660770893097,0.08489344716072082,0.24207262992858886,0.4234810749268299,-0.020487140703504877,0.4439682156303348
00788,P5,all,320,0.442626416683197,0.2458023101091385,0.19682410657405852,0.6096760655920754,0.024496010145536765,0.5851800554465386
00788,P5,fg,27,0.7718664407730103,0.36233333945274354,0.4095331013202667,0.7882220076246016,0.0012922902672566614,0.786929717357345
00788,P5,bg,293,0.42568421363830566,0.2852353423833847,0.14044887125492095,0.5004640463808955,0.016752387306794764,0.48371165907410074
00811,P3,all,5120,0.2993377149105072,0.06786013022065163,0.23147758468985558,0.5620120550649546,0.1401816832956966,0.421830371769258
00811,P3,fg,390,0.6746331453323364,0.0565493643283844,0.618083781003952,0.7101627851436423,-0.026765650088682685,0.736928435232325
00811,P3,bg,4730,0.24472305178642273,0.07333853542804718,0.17138451635837554,0.48885867914146514,0.1617435853272636,0.32711509381420156
00811,P4,all,1280,0.38653039932250977,0.09010898917913437,0.2964214101433754,0.6954150686001198,0.13215741849860407,0.5632576501015157
00811,P4,fg,91,0.7335224151611328,0.11222128868103028,0.6213011264801025,0.8089072535258869,0.007959121139306951,0.8009481323865799
00811,P4,bg,1189,0.2648940682411194,0.11229262948036194,0.15260143876075744,0.512834392704935,0.15515286509846898,0.35768152760646604
00811,P5,all,320,0.37811097502708435,0.13711881041526794,0.2409921646118164,0.4836641546939744,0.11667127659160852,0.36699287810236586
00811,P5,fg,23,0.4937326908111572,0.21723924875259398,0.27649344205856324,0.5313719142932319,0.11947137561192497,0.41190053868130694
00811,P5,bg,297,0.3146560788154602,0.16688888818025588,0.14776719063520433,0.4102702793972076,0.12776897015450558,0.282501309242702
00822,P3,all,5120,0.37597933411598206,0.11512205898761749,0.26085727512836454,0.5053552146573759,0.19059983687566592,0.3147553777817099
00822,P3,fg,1341,0.5074388980865479,0.06622938066720963,0.4412095174193382,0.46457209860886034,0.04027769102063809,0.42429440758822223
00822,P3,bg,3779,0.3112502694129944,0.17973956912755967,0.1315107002854347,0.4222225518311815,0.3248541529876037,0.09736839884357784
00822,P4,all,1280,0.43856996297836304,0.11198198944330215,0.32658797353506086,0.6125838312825262,0.033718694325753855,0.5788651369567724
00822,P4,fg,335,0.48764726519584656,0.08807851448655128,0.39956875070929526,0.45273392400792767,0.05637632628712115,0.39635759772080653
00822,P4,bg,945,0.3778257369995117,0.20320030450820922,0.1746254324913025,0.35726152625951496,0.2204115192762321,0.13685000698328287
00822,P5,all,320,0.4302176535129547,0.2612846612930298,0.16893299221992492,0.35643450241266567,0.17324861581920045,0.1831858865934652
00822,P5,fg,82,0.47113168239593506,0.284874415397644,0.18625726699829104,0.15661521167739711,0.11548367737217431,0.0411315343052228
00822,P5,bg,238,0.44855454564094543,0.3352436900138855,0.11331085562705995,0.34085292989964533,0.239352077598815,0.10150085230083034
00823,P3,all,5120,0.3548641502857208,0.05274718925356865,0.3021169610321522,0.6227199998810232,0.09670414111506623,0.526015858765957
00823,P3,fg,532,0.6526341438293457,0.042398636043071744,0.610235507786274,0.6312703741049854,0.016787145899804484,0.614483228205181
00823,P3,bg,4588,0.3388124406337738,0.0638385459780693,0.2749738946557045,0.5631662565573425,0.13540575124346244,0.4277605053138801
00823,P4,all,1280,0.4574834406375885,0.0704712525010109,0.3870121881365776,0.7092153527217085,0.0477830534132498,0.6614322993084587
00823,P4,fg,118,0.7691829204559326,0.10620908290147782,0.6629738375544548,0.7081648132167558,0.03466161433293298,0.6735031988838228
00823,P4,bg,1162,0.32010984420776367,0.10307495594024658,0.2170348882675171,0.5384468312685263,0.11219062388486885,0.4262562073836575
00823,P5,all,320,0.6450668573379517,0.12345587611198425,0.5216109812259674,0.7282225786206485,0.015947730337627187,0.7122748482830213
00823,P5,fg,35,0.7794055938720703,0.23428142070770264,0.5451241731643677,0.7615528040720073,-0.08048516047592578,0.8420379645479331
00823,P5,bg,285,0.39089325070381165,0.23171643018722535,0.1591768205165863,0.47387410243247097,0.09971973946677741,0.37415436296569354
00833,P3,all,5120,0.4128558337688446,0.06268617585301399,0.3501696579158306,0.7152663654959955,0.13458415617923455,0.580682209316761
00833,P3,fg,431,0.8054636716842651,0.037228658050298694,0.7682350136339664,0.8829631801503877,-0.017866519146197614,0.9008296992965853
00833,P3,bg,4689,0.3250429034233093,0.09402164965867996,0.23102125376462937,0.5690018654134951,0.24025496071345268,0.3287469047000424
00833,P4,all,1280,0.556262195110321,0.07710947394371033,0.47915272116661073,0.7730198909924672,0.07799964485914819,0.6950202461333189
00833,P4,fg,97,0.8507524728775024,0.10748236179351807,0.7432701110839843,0.9157705753688226,-0.004991399048769102,0.9207619744175917
00833,P4,bg,1183,0.4336647093296051,0.15407928079366684,0.27958542853593826,0.5749966778396967,0.19112774905113714,0.3838689287885595
00833,P5,all,320,0.4866209328174591,0.2002670645713806,0.2863538682460785,0.55490603284819,0.17597115899991073,0.37893487384827923
00833,P5,fg,25,0.7424060702323914,0.30923326015472413,0.4331728100776672,0.7652398873674576,0.11998504163291816,0.6452548457345395
00833,P5,bg,295,0.4511212110519409,0.25963870286941526,0.19148250818252566,0.37510515725590865,0.23267687079103175,0.1424282864648769
00841,P3,all,5120,0.5348296165466309,0.06914851292967797,0.4656811036169529,0.7054883829419999,0.13272200239911933,0.5727663805428805
00841,P3,fg,546,0.7993980646133423,0.08000495806336402,0.7193931065499782,0.8582962151274114,0.046947688842326904,0.8113485262850845
00841,P3,bg,4574,0.519657552242279,0.06732131987810135,0.4523362323641777,0.6705758659348876,0.15326574119610284,0.5173101247387848
00841,P4,all,1280,0.5909163951873779,0.09193619787693023,0.4989801973104477,0.7099392590982186,0.06755124221658895,0.6423880168816297
00841,P4,fg,133,0.8841574192047119,0.17049995213747024,0.7136574670672416,0.9086128539395486,0.06821767860819325,0.8403951753313553
00841,P4,bg,1147,0.5753309726715088,0.09680945724248886,0.47852151542901994,0.6088473865627226,0.08759049825173189,0.5212568883109907
00841,P5,all,320,0.5876528024673462,0.18381129801273347,0.40384150445461275,0.7334331197117496,0.09030440990041685,0.6431287098113327
00841,P5,fg,30,0.900916576385498,0.40384726524353026,0.4970693111419678,0.8801318714770497,0.013989747539887987,0.8661421239371617
00841,P5,bg,290,0.5514414310455322,0.2088974565267563,0.34254397451877594,0.48523485130378485,0.13675727112481964,0.34847758017896524
00842,P3,all,5120,0.42386338114738464,0.0799604371190071,0.3439029440283775,0.7334115836184166,0.19062282262220648,0.5427887609962101
00842,P3,fg,989,0.8001938462257385,0.03763661906123161,0.7625572271645069,0.8819875070547107,-0.018539129506635107,0.9005266365613458
00842,P3,bg,4131,0.36874181032180786,0.11629845947027206,0.2524433508515358,0.6415497429913106,0.28286627686169424,0.3586834661296164
00842,P4,all,1280,0.5513822436332703,0.10801658779382706,0.4433656558394432,0.7955012130509185,0.09755082387626657,0.6979503891746519
00842,P4,fg,260,0.8720492124557495,0.07723172008991241,0.7948174923658371,0.9382289805370017,-0.03467527869236215,0.9729042592293639
00842,P4,bg,1020,0.43360963463783264,0.18709570169448853,0.24651393294334412,0.5157885231678527,0.22807076772527918,0.28771775544257355
00842,P5,all,320,0.4728376567363739,0.15624951124191283,0.31658814549446107,0.6293275467744507,0.03302221727263461,0.596305329501816
00842,P5,fg,70,0.7418139576911926,0.17692828476428984,0.5648856729269027,0.8287900727520455,-0.011059800034830657,0.8398498727868762
00842,P5,bg,250,0.38416481018066406,0.24886764883995055,0.1352971613407135,0.4085758739332011,0.1234299121168414,0.2851459618163597
00875,P3,all,5120,0.25684165954589844,0.058525973558425905,0.19831568598747254,0.4457288842949169,0.1597993946403557,0.2859294896545612
00875,P3,fg,322,0.6584448218345642,0.11226649135351181,0.5461783304810524,0.734834438005982,-0.08582585248780883,0.8206602904937909
00875,P3,bg,4798,0.2583395540714264,0.06347320526838303,0.19486634880304338,0.40053331311776735,0.1821307742795414,0.21840253883822594
00875,P4,all,1280,0.25147929787635803,0.08196287527680397,0.16951642259955407,0.464661020115458,0.08277229468207685,0.38188872543338115
00875,P4,fg,81,0.8282353281974792,0.22098779082298278,0.6072475373744964,0.8733156836522761,-0.06795103095780523,0.9412667146100813
00875,P4,bg,1199,0.2405661791563034,0.08952438831329346,0.15104179084300995,0.3673610031453402,0.10292523981481091,0.2644357633305293
00875,P5,all,320,0.41899603605270386,0.19434329271316528,0.22465274333953858,0.48707724273497305,0.12817947880690045,0.3588977639280726
00875,P5,fg,15,0.8063128590583801,0.502786386013031,0.3035264730453491,0.7837051851782699,0.1956499975832565,0.5880551875950134
00875,P5,bg,305,0.33977997303009033,0.20978393256664277,0.12999604046344757,0.3375868106666551,0.11943915845876174,0.21814765220789334
00883,P3,all,5120,0.39732810854911804,0.07060589492321015,0.3267222136259079,0.6291760605485307,0.12197056935427111,0.5072054911942596
00883,P3,fg,1052,0.7483873963356018,0.08345339298248292,0.6649340033531189,0.7650913357137654,0.029646454087238823,0.7354448816265265
00883,P3,bg,4068,0.24109266698360443,0.0934487298130989,0.14764393717050553,0.5149110631510845,0.16626247035829386,0.3486485927927906
00883,P4,all,1280,0.4634336531162262,0.08237867057323456,0.38105498254299164,0.6518224365221527,0.0542120344933555,0.5976104020287971
00883,P4,fg,278,0.7823154330253601,0.0876386135816574,0.6946768194437027,0.8124826056423392,0.033021401520986496,0.7794612041213527
00883,P4,bg,1002,0.27099698781967163,0.150482614338398,0.12051437348127364,0.3622819664637485,0.10903744339146063,0.25324452307228784
00883,P5,all,320,0.4376351535320282,0.22350886166095735,0.21412629187107085,0.5080088352287206,0.14422674990614276,0.3637820853225779
00883,P5,fg,71,0.8429332375526428,0.2624530702829361,0.5804801672697067,0.7901255821817129,0.08737965307601388,0.702745929105699
00883,P5,bg,249,0.3493955433368683,0.25590709149837493,0.09348845183849336,0.3945388163374065,0.2072375516346597,0.1873012647027468
00893,P3,all,5120,0.32929298281669617,0.04092600867152214,0.28836697414517404,0.4646806709084681,0.08284617032953087,0.3818345005789372
00893,P3,fg,663,0.5335758924484253,0.10034489035606384,0.43323100209236143,0.6685165351095099,0.04510986797854216,0.6234066671309677
00893,P3,bg,4457,0.30213916301727295,0.04276312291622162,0.2593760401010513,0.44750536339281327,0.08838402978069046,0.35912133361212284
00893,P4,all,1280,0.3222498297691345,0.07007011249661446,0.2521797172725201,0.47602318602789495,-0.005503231582348139,0.48152641761024306
00893,P4,fg,157,0.6426160931587219,0.1463707536458969,0.496245339512825,0.7684094671961356,-0.028285365840547704,0.7966948330366833
00893,P4,bg,1123,0.31176048517227173,0.0765338659286499,0.23522661924362182,0.4175864994162121,0.00034572380427106417,0.41724077561194106
00893,P5,all,320,0.6028966903686523,0.20662615597248077,0.39627053439617155,0.7381736216945887,0.07156343705314203,0.6666101846414466
00893,P5,fg,42,0.8060998320579529,0.2848427891731262,0.5212570428848267,0.8466190926789997,0.13546076203943191,0.7111583306395678
00893,P5,bg,278,0.5861513018608093,0.2599391430616379,0.3262121587991714,0.6453272598856749,0.07964127066929158,0.5656859892163832
00895,P3,all,5120,0.2666004002094269,0.05383819006383419,0.21276221014559268,0.3994604546386698,0.13953137131822557,0.25992908332044423
00895,P3,fg,440,0.7438531517982483,0.1314472399652004,0.6124059118330478,0.6038433420696977,0.10938797035389165,0.49445537171580606
00895,P3,bg,4680,0.2490166425704956,0.0552156001329422,0.19380104243755342,0.4005123400754377,0.14094878869532165,0.259563551380116
00895,P4,all,1280,0.3238580524921417,0.07503839433193207,0.24881965816020965,0.5150936457300542,0.04418377133309932,0.4709098743969549
00895,P4,fg,106,0.8288974761962891,0.16175081878900527,0.6671466574072837,0.8032833651805023,0.07603528019225045,0.7272480849882518
00895,P4,bg,1174,0.2886934280395508,0.08042562529444694,0.20826780274510384,0.39277083660617895,0.04454206968078469,0.3482287669253943
00895,P5,all,320,0.45006096363067627,0.24282328486442567,0.2072376787662506,0.3215592802035303,0.08309127250445891,0.2384680076990714
00895,P5,fg,23,0.7860923409461975,0.4450797438621521,0.3410125970840454,0.6186444234889668,0.04048768723517734,0.5781567362537894
00895,P5,bg,297,0.43697741627693176,0.2579487174749374,0.17902869880199435,0.23401939610984104,0.09195779327308831,0.14206160283675273
00896,P3,all,5120,0.36077067255973816,0.0725822314620018,0.28818844109773634,0.5552813910543174,0.19003315732405562,0.3652482337302618
00896,P3,fg,1870,0.5733412504196167,0.09362176358699799,0.4797194868326187,0.6950333925327252,0.15834422758171185,0.5366891649510134
00896,P3,bg,3250,0.27671241760253906,0.09040604680776596,0.1863063707947731,0.5028255046923105,0.20265091849003863,0.30017458620227183
00896,P4,all,1280,0.40158072113990784,0.0908532366156578,0.31072748452425003,0.5728604440365586,0.013684803416461203,0.5591756406200974
00896,P4,fg,439,0.6630368232727051,0.10077283233404159,0.5622639909386635,0.7553073237350654,-0.05342846168810086,0.8087357854231663
00896,P4,bg,841,0.2685603201389313,0.13829320967197417,0.1302671104669571,0.30909014646952554,0.0736067981814519,0.23548334828807366
00896,P5,all,320,0.7082281708717346,0.17432502508163453,0.5339031457901001,0.8412707474629383,0.09083288755974106,0.7504378599031972
00896,P5,fg,113,0.8135842084884644,0.25752484500408174,0.5560593634843827,0.8769344894618742,0.05898805730622612,0.8179464321556481
00896,P5,bg,207,0.617301344871521,0.321028733253479,0.29627261161804197,0.5116103827692771,0.21427864494130336,0.29733173782797373
00908,P3,all,5120,0.23747801780700684,0.09631809890270233,0.14115991890430452,0.5127306041378469,0.18422979754207053,0.32850080659577635
00908,P3,fg,314,0.5423474311828613,0.20782700777053834,0.334520423412323,0.6372284278462006,0.21470324496175636,0.42252518288444424
00908,P3,bg,4806,0.22827979922294617,0.09725733548402786,0.1310224637389183,0.5173852082065801,0.18497885990042875,0.33240634830615134
00908,P4,all,1280,0.3220277428627014,0.13990858793258668,0.18211915493011474,0.4845281051008447,0.13913046410490043,0.3453976409959443
00908,P4,fg,77,0.571927011013031,0.2592734307050705,0.31265358030796053,0.6238174956250807,0.07939910014621655,0.5444183954788642
00908,P4,bg,1203,0.3102647662162781,0.14029294848442078,0.1699718177318573,0.42400652123494925,0.14193706361545683,0.2820694576194924
00908,P5,all,320,0.2764069139957428,0.20617596209049224,0.07023095190525055,0.2855542352273232,0.12532521541207092,0.16022901981525228
00908,P5,fg,19,0.33223798871040344,0.5266469359397888,-0.1944089472293854,0.23214448189673112,0.3880910051974603,-0.1559465233007292
00908,P5,bg,301,0.28751882910728455,0.2001251608133316,0.08739366829395295,0.29875423962490644,0.10962410778906555,0.18913013183584088
00909,P3,all,5120,0.4780397117137909,0.0786381058394909,0.3994016058743,0.708652838814745,0.1954761343469433,0.5131767044678016
00909,P3,fg,977,0.7092347741127014,0.03768787160515785,0.6715469025075436,0.7600377819754293,-0.0028148920636589304,0.7628526740390882
00909,P3,bg,4143,0.45134106278419495,0.10690527856349945,0.3444357842206955,0.7103536435128381,0.24942907366042374,0.46092456985241437
00909,P4,all,1280,0.5547425150871277,0.08416366428136826,0.47057885080575945,0.7547827264984107,0.06787574431018836,0.6869069821882223
00909,P4,fg,241,0.7379835844039917,0.05938392952084541,0.6785996548831463,0.8290527069846562,0.019054972983542785,0.8099977340011134
00909,P4,bg,1039,0.46787822246551514,0.1250336080789566,0.34284461438655855,0.6396859832988927,0.11728887488644076,0.5223971084124519
00909,P5,all,320,0.3156377673149109,0.15302833020687104,0.16260943710803985,0.45732198214626785,0.1300191199058655,0.32730286224040234
00909,P5,fg,62,0.2520259618759155,0.24709148406982423,0.0049344778060912975,0.20082424784305802,0.16321155817394395,0.037612689669114074
00909,P5,bg,258,0.38172245025634766,0.1880219578742981,0.19370049238204956,0.48138573538073126,0.12340782567993783,0.35797790970079346
00910,P3,all,5120,0.34836193919181824,0.06836376711726189,0.27999817207455635,0.47083172573862625,0.14933842633877825,0.321493299399848
00910,P3,fg,1541,0.5336358547210693,0.054790692031383516,0.4788451626896858,0.40744922317755905,0.1007930449499758,0.30665617822758323
00910,P3,bg,3579,0.28829583525657654,0.09461061954498291,0.19368521571159364,0.5042215050462575,0.17977407883154056,0.32444742621471695
00910,P4,all,1280,0.44764629006385803,0.09669975489377976,0.3509465351700783,0.5799131548574326,0.09977485198144961,0.4801383028759829
00910,P4,fg,385,0.5826597809791565,0.0831561729311943,0.4995036080479622,0.5421691469497957,0.05076872129418788,0.4914004256556078
00910,P4,bg,895,0.4147064983844757,0.13660669475793838,0.2780998036265373,0.525863011639475,0.17026358167869615,0.35559942996077887
00910,P5,all,320,0.5149052739143372,0.30156369507312775,0.2133415788412094,0.5896619862568909,0.23051899428669959,0.35914299197019134
00910,P5,fg,105,0.6227807998657227,0.32915592193603516,0.2936248779296875,0.6374803164632626,0.2401837141580619,0.39729660230520075
00910,P5,bg,215,0.4565253257751465,0.3494774967432022,0.10704782903194426,0.4185434932093132,0.30952341735306727,0.10902007585624596
00913,P3,all,5120,0.2995551824569702,0.06303099915385246,0.23652418330311775,0.5782294034074298,0.1795228320883085,0.3987065713191213
00913,P3,fg,186,0.7275390625,0.16832827031612396,0.559210792183876,0.7158517956187996,0.04042985156287493,0.6754219440559247
00913,P3,bg,4934,0.2853165864944458,0.0690970279276371,0.2162195585668087,0.5315261052476015,0.20678232961511167,0.3247437756324898
00913,P4,all,1280,0.3231120705604553,0.08461027815937996,0.23850179240107536,0.6254921217944531,0.09336191564647925,0.5321302061479739
00913,P4,fg,46,0.8035706877708435,0.2780612826347351,0.5255094051361084,0.7407460366042338,-0.04912203623321314,0.7898680728374469
00913,P4,bg,1234,0.28628408908843994,0.09601649567484856,0.1902675934135914,0.4527683237874008,0.1346140725583251,0.3181542512290757
00913,P5,all,320,0.4135749936103821,0.14209787398576737,0.27147711962461474,0.5621827329346993,0.07091614866335487,0.49126658427134445
00913,P5,fg,13,0.8986329436302185,0.3931503236293793,0.5054826200008392,0.8896514084218992,-0.12083788311292668,1.0104892915348258
00913,P5,bg,307,0.33211809396743774,0.17531807124614715,0.1568000227212906,0.37507503988262186,0.11408173729328426,0.2609933025893376
00914,P3,all,5120,0.38500410318374634,0.10463088229298592,0.28037322089076044,0.5557364519286128,0.25180992279787284,0.3039265291307399
00914,P3,fg,655,0.723308265209198,0.06437272652983665,0.6589355386793614,0.6785278567841206,0.02490914668183396,0.6536187101022867
00914,P3,bg,4465,0.33348092436790466,0.13043104633688926,0.2030498780310154,0.5021186067415199,0.30334349113299675,0.19877511560852312
00914,P4,all,1280,0.5329078435897827,0.13424994125962258,0.39865790233016013,0.7368393453166546,0.15951453043408179,0.5773248148825728
00914,P4,fg,163,0.7782059907913208,0.09083461686968804,0.6873713739216327,0.8085138189635764,0.006910036286754994,0.8016037826768214
00914,P4,bg,1117,0.4300653040409088,0.1815345525741577,0.2485307514667511,0.5970441925319672,0.2397014057873387,0.3573427867446285
00914,P5,all,320,0.3659960627555847,0.22697007656097412,0.1390259861946106,0.3446733537834027,0.17139932276481487,0.17327403101858782
00914,P5,fg,37,0.6402920484542847,0.4338603675365448,0.2064316809177399,0.37145414314163183,0.2539893016666285,0.11746484147500336
00914,P5,bg,283,0.37312865257263184,0.2403328686952591,0.13279578387737273,0.33859057189914576,0.1670470557084503,0.17154351619069547
00925,P3,all,5120,0.2712728977203369,0.08104850053787231,0.1902243971824646,0.5484123078064024,0.2109688950203855,0.33744341278601686
00925,P3,fg,1167,0.41805750131607056,0.09527881443500519,0.32277868688106537,0.4476263199225961,0.10421046401672403,0.3434158559058721
00925,P3,bg,3953,0.1884981244802475,0.1064437285065651,0.0820543959736824,0.474009990053449,0.25743973090020156,0.21657025915324746
00925,P4,all,1280,0.30593448877334595,0.08159130588173866,0.2243431828916073,0.6511853155815608,0.1227853421253513,0.5283999734562095
00925,P4,fg,279,0.4184117019176483,0.10784914791584015,0.31056255400180816,0.5488267875727848,0.09120598568300817,0.4576208018897766
00925,P4,bg,1001,0.21584650874137878,0.11107739806175232,0.10476911067962646,0.5041933487624207,0.16289197557689508,0.34130137318552567
00925,P5,all,320,0.20454029738903046,0.16706025302410127,0.03748004436492919,0.39772425977640796,0.20411641918305676,0.1936078405933512
00925,P5,fg,74,0.3683791756629944,0.22399848997592925,0.14438068568706514,0.4672766820954592,0.18256877827500026,0.28470790382045896
00925,P5,bg,246,0.17004764080047607,0.2056191384792328,-0.035571497678756725,0.21490531256172218,0.23828232355447812,-0.023377010992755937
00933,P3,all,5120,0.26688218116760254,0.1151503399014473,0.15173184126615524,0.3838224804341876,0.2540437764196909,0.1297787040144967
00933,P3,fg,71,0.702582061290741,0.2942833542823792,0.4082987070083618,0.5140778058415526,0.17987280333342265,0.33420500250812996
00933,P3,bg,5049,0.25825536251068115,0.11586141288280487,0.14239394962787627,0.3698763420784004,0.2581941291858638,0.1116822128925366
00933,P4,all,1280,0.29373782873153687,0.12721676081418992,0.16652106791734694,0.3385028159552521,0.11342261171531912,0.225080204239933
00933,P4,fg,18,0.8024802207946777,0.3177736759185791,0.48470654487609866,0.5759787338539846,-0.14361953154522483,0.7195982653992095
00933,P4,bg,1262,0.2814711332321167,0.12846222668886184,0.15300890654325486,0.29641159209164536,0.13225147465439152,0.16416011743725384
00933,P5,all,320,0.38445141911506653,0.2703437864780426,0.11410763263702395,0.23693069669205707,0.12221361979226184,0.11471707689979524
00933,P5,fg,4,,,,,,
00933,P5,bg,316,0.39047056436538696,0.27154392898082735,0.11892663538455961,0.25243432504894475,0.12090013163582651,0.13153419341311823
00947,P3,all,5120,0.20973603427410126,0.09010494947433471,0.11963108479976654,0.4441794735761957,0.2096069417648311,0.2345725318113646
00947,P3,fg,1152,0.3968687355518341,0.13120941519737245,0.26565932035446166,0.5945970055617638,0.2279981882221828,0.366598817339581
00947,P3,bg,3968,0.18602648377418518,0.10182993337512017,0.08419655039906501,0.441821442483824,0.20791333747805063,0.23390810500577336
00947,P4,all,1280,0.3304313123226166,0.12178882509469986,0.20864248722791673,0.5259962827483405,0.11551238789700762,0.4104838948513329
00947,P4,fg,282,0.5255496501922607,0.1594139367341995,0.36613571345806123,0.6303275442277376,0.06886123914678335,0.5614663050809543
00947,P4,bg,998,0.2791273593902588,0.1462909534573555,0.1328364059329033,0.3648730093158671,0.16589632086748365,0.19897668844838343
00947,P5,all,320,0.5381024479866028,0.183574116230011,0.3545283317565918,0.6988074959114698,0.05480130720118178,0.644006188710288
00947,P5,fg,69,0.7142101526260376,0.24451346099376678,0.4696966916322708,0.6780203947222748,0.03668046540501942,0.6413399293172554
00947,P5,bg,251,0.44606947898864746,0.26979194283485414,0.17627753615379332,0.3720803277276764,0.06536914398664222,0.3067111837410342
00955,P3,all,5120,0.3259068727493286,0.06071886345744133,0.2651880092918873,0.5205846689314658,0.12719794143723057,0.39338672749423526
00955,P3,fg,830,0.4407369792461395,0.051108092069625854,0.38962888717651367,0.4275801404686726,0.017069013564052764,0.4105111269046198
00955,P3,bg,4290,0.3090994358062744,0.08516823500394821,0.2239312008023262,0.47436116744487533,0.17375598692954652,0.3006051805153288
00955,P4,all,1280,0.4819398820400238,0.0714312806725502,0.4105086013674736,0.6578691653444753,0.09591342445972936,0.5619557408847459
00955,P4,fg,207,0.5302499532699585,0.07922751531004905,0.45102243795990943,0.5663309627429546,0.008559082404078206,0.5577718803388764
00955,P4,bg,1073,0.3736935257911682,0.11873129308223725,0.254962232708931,0.5268978779668068,0.13463677492175802,0.39226110304504874
00955,P5,all,320,0.5194963812828064,0.10484190434217452,0.41465447694063184,0.609209774675548,0.08594719279845338,0.5232625818770946
00955,P5,fg,64,0.479358971118927,0.17623892724514006,0.30312004387378694,0.4220837564667325,0.11184194697387402,0.3102418094928585
00955,P5,bg,256,0.5201433897018433,0.14196906685829164,0.3781743228435516,0.6175092767033924,0.0917434436681113,0.5257658330352811
00967,P3,all,5120,0.4854769706726074,0.05868999138474464,0.4267869792878628,0.6662338182100397,0.04016504684334614,0.6260687713666936
00967,P3,fg,185,0.785402774810791,0.07530717477202416,0.7100956000387668,0.7688604369287105,-0.0817627517673646,0.8506231886960751
00967,P3,bg,4935,0.4904540181159973,0.06355739757418633,0.426896620541811,0.655992815570451,0.05992173217603204,0.5960710833944189
00967,P4,all,1280,0.42017847299575806,0.06902556791901589,0.3511529050767422,0.6058429358858823,0.008434703293072053,0.5974082325928103
00967,P4,fg,49,0.8223366141319275,0.17798762321472167,0.6443489909172058,0.8615156633604365,0.020239665827895596,0.8412759975325409
00967,P4,bg,1231,0.3951584994792938,0.07722380459308624,0.31793469488620757,0.4638799264160087,0.023107944463405677,0.44077198195260303
00967,P5,all,320,0.44467872381210327,0.23995628356933593,0.20472244024276734,0.35963317796496364,0.03881858173192101,0.32081459623304265
00967,P5,fg,11,0.6262975335121155,0.3638605535030365,0.262436980009079,0.24152136837427532,-0.006115951858804642,0.24763732023307997
00967,P5,bg,309,0.4173562228679657,0.2507401674985886,0.16661605536937713,0.35738449256214816,0.03483309536933893,0.32255139719280923
00968,P3,all,5120,0.41143330931663513,0.07619837671518326,0.3352349326014519,0.7213896201306768,0.15384717372678836,0.5675424464038884
00968,P3,fg,445,0.8137272596359253,0.08388154432177544,0.7298457153141499,0.8419899578740297,-0.08343836645262102,0.9254283243266508
00968,P3,bg,4675,0.3743017911911011,0.09193761348724365,0.2823641777038574,0.6872990775917893,0.2062059731994228,0.4810931043923665
00968,P4,all,1280,0.5339922904968262,0.08799390122294426,0.4459983892738819,0.8284494959645557,0.003926303430969723,0.8245231925335861
00968,P4,fg,104,0.9265658855438232,0.11259603053331375,0.8139698550105094,0.9589311947268822,-0.19564209742925742,1.1545732921561396
00968,P4,bg,1176,0.386484831571579,0.12405665814876557,0.26242817342281344,0.547107307507579,0.11353166634947857,0.4335756411581004
00968,P5,all,320,0.5129987597465515,0.23313684165477752,0.27986191809177396,0.5794349525175999,0.10891062124032638,0.47052433127727356
00968,P5,fg,24,0.7804481983184814,0.32280941009521485,0.4576387882232666,0.8262102235329639,-0.1060386392531305,0.9322488627860944
00968,P5,bg,296,0.4691254198551178,0.28919659852981566,0.17992882132530214,0.5197745990896439,0.18046990990573297,0.3393046891839109
00971,P3,all,5120,0.3147600591182709,0.04784455560147762,0.2669155035167933,0.49940977213810894,0.11218428592877387,0.38722548620933506
00971,P3,fg,602,0.4031418263912201,0.07655512765049935,0.32658669874072077,0.3085822794657,-0.012202156494270552,0.3207844359599705
00971,P3,bg,4518,0.3243541419506073,0.0528352402150631,0.2715189017355442,0.5384716804071998,0.13589224781448703,0.4025794325927128
00971,P4,all,1280,0.34822359681129456,0.06555365920066833,0.2826699376106262,0.5911656535914362,0.0668650290793987,0.5243006245120375
00971,P4,fg,143,0.5784804224967957,0.1297265961766243,0.44875382632017136,0.5389325897596224,-0.010687003471179147,0.5496195932308016
00971,P4,bg,1137,0.3332546651363373,0.07570834457874298,0.2575463205575943,0.5750880438585874,0.09918301452312664,0.47590502933546075
00971,P5,all,320,0.5508716702461243,0.21606728434562683,0.33480438590049744,0.6992267559804322,0.10866130837681018,0.590565447603622
00971,P5,fg,35,0.8216649889945984,0.35744865238666534,0.46421633660793304,0.8512230430843097,0.11434602816007997,0.7368770149242297
00971,P5,bg,285,0.5417336225509644,0.2522809326648712,0.28945268988609313,0.6160913223111746,0.13265025123625518,0.4834410710749194
00972,P3,all,5120,0.49105796217918396,0.04474947303533554,0.4463084891438484,0.7371481277939047,0.10142955543214241,0.6357185723617623
00972,P3,fg,542,0.7954347729682922,0.040838034451007844,0.7545967385172844,0.7969478573247868,0.017585745857968176,0.7793621114668187
00972,P3,bg,4578,0.36827316880226135,0.07762042060494423,0.2906527481973171,0.5563687445793527,0.2206900965700383,0.3356786480093144
00972,P4,all,1280,0.6205618977546692,0.05614286214113236,0.5644190356135368,0.83335613406179,0.03169122504131071,0.8016649090204793
00972,P4,fg,134,0.854693591594696,0.1050860196352005,0.7496075719594956,0.8710451875541873,0.014706122614332389,0.8563390649398549
00972,P4,bg,1146,0.40856677293777466,0.11512555032968522,0.29344122260808947,0.5832302554403602,0.15733139067683283,0.4258988647635274
00972,P5,all,320,0.550253689289093,0.141835717856884,0.40841797143220904,0.6864594745795365,0.06635896350164619,0.6201005110778903
00972,P5,fg,31,0.5509175658226013,0.18629249930381775,0.36462506651878357,0.6491627134519998,-0.037570934854073805,0.6867336483060736
00972,P5,bg,289,0.48836642503738403,0.2177751839160919,0.2705912411212921,0.6211099930567299,0.09341428991633366,0.5276957031403962
00973,P3,all,5120,0.34959062933921814,0.06695848554372788,0.2826321437954903,0.4622710537029852,0.14871723479684293,0.3135538189061423
00973,P3,fg,448,0.5918161869049072,0.12089938521385193,0.4709168016910553,0.5693505376516147,0.0663329952483633,0.5030175424032514
00973,P3,bg,4672,0.3156075179576874,0.07036357000470161,0.24524394795298576,0.36178318108506496,0.1734572872008663,0.18832589388419865
00973,P4,all,1280,0.4314222037792206,0.06524429693818093,0.3661779068410397,0.714582318010402,0.07533325052441969,0.6392490674859823
00973,P4,fg,119,0.6047329902648926,0.11669218242168426,0.4880408078432083,0.7832186231532947,0.05023455175781333,0.7329840713954814
00973,P4,bg,1161,0.3406355082988739,0.07797909379005433,0.2626564145088196,0.5346575931316434,0.08667639957610436,0.44798119355553906
00973,P5,all,320,0.3940475285053253,0.10195829719305038,0.29208923131227493,0.5659064885101281,0.1357894558420027,0.43011703266812545
00973,P5,fg,30,0.6191160082817078,0.26829001903533933,0.35082598924636843,0.6313099046698107,0.00959891993749204,0.6217109847323187
00973,P5,bg,290,0.30663928389549255,0.12032431662082672,0.18631496727466584,0.40299352565905244,0.13026455445304283,0.2727289712060096
00974,P3,all,5120,0.40247204899787903,0.06587652117013931,0.3365955278277397,0.6410007870230638,0.1370306123068716,0.5039701747161922
00974,P3,fg,962,0.48536306619644165,0.03062925711274147,0.4547338090837002,0.5107854434029817,-0.05671871659063814,0.5675041599936198
00974,P3,bg,4158,0.36318230628967285,0.12238108068704605,0.2408012256026268,0.5762312275056747,0.30602016889753914,0.27021105860813555
00974,P4,all,1280,0.5436793565750122,0.07250777930021286,0.47117157727479936,0.7327390721690906,0.02428578765313246,0.7084532845159581
00974,P4,fg,247,0.6010069251060486,0.05788988322019577,0.5431170418858529,0.6727647430498994,-0.06742727102238477,0.7401920140722842
00974,P4,bg,1033,0.3824968636035919,0.14920021295547486,0.23329665064811705,0.4144769027927224,0.16370980772944518,0.2507670950632772
00974,P5,all,320,0.41109511256217957,0.15209320485591887,0.2590019077062607,0.5460213462042854,0.11992870724736213,0.4260926389569233
00974,P5,fg,58,0.42616093158721924,0.22102765142917633,0.2051332801580429,0.564398605932795,0.012504204350339063,0.551894401582456
00974,P5,bg,262,0.40208879113197327,0.22257741093635558,0.1795113801956177,0.5207434818920597,0.1778129836757047,0.34293049821635496
00996,P3,all,5120,0.267556369304657,0.07065900638699532,0.19689736291766166,0.48653014989510424,0.15770548370912046,0.32882466618598377
00996,P3,fg,446,0.745101273059845,0.0754047691822052,0.6696965038776398,0.7410366874828022,0.01868161441526269,0.7223550730675394
00996,P3,bg,4674,0.2257126271724701,0.07887766063213349,0.14683496654033662,0.4021115434009486,0.17645569283664828,0.22565585056430035
00996,P4,all,1280,0.30040162801742554,0.10893933624029159,0.19146229177713395,0.4335961315254592,0.0695186643332573,0.3640774671922019
00996,P4,fg,121,0.8211277723312378,0.08167772144079208,0.7394500508904457,0.8395807066870353,-0.013565312762897372,0.8531460194499327
00996,P4,bg,1159,0.22823233902454376,0.12319811880588531,0.10503422021865845,0.28299610338455805,0.09241065694096841,0.19058544644358966
00996,P5,all,320,0.4201281666755676,0.2079740881919861,0.21215407848358153,0.4593589955155153,0.08936684171709071,0.3699921537984246
00996,P5,fg,25,0.5998829007148743,0.4857728183269501,0.1141100823879242,0.31711012556482004,0.15640211704515253,0.16070800851966752
00996,P5,bg,295,0.4336749315261841,0.20915920436382293,0.22451572716236115,0.4664679645166795,0.09031654511419066,0.37615141940248886
00999,P3,all,5120,0.30007606744766235,0.0753776989877224,0.22469836845993996,0.4470444291466828,0.20703529788554306,0.24000913126113974
00999,P3,fg,352,0.5985532999038696,0.11248269975185395,0.4860706001520157,0.59217411134941,0.12416758413650666,0.46800652721290337
00999,P3,bg,4768,0.26970571279525757,0.07739687860012054,0.19230883419513703,0.42918089431035206,0.21425156021369868,0.21492933409665338
00999,P4,all,1280,0.42286765575408936,0.11885422468185425,0.3040134310722351,0.6018375513785367,0.15492232936776792,0.4469152220107687
00999,P4,fg,82,0.6201929450035095,0.16206796020269393,0.4581249848008156,0.660043498423486,0.10299187716621108,0.5570516212572749
00999,P4,bg,1198,0.35198068618774414,0.13111915141344072,0.22086153477430343,0.4384577758884273,0.17276105688224777,0.2656967190061795
00999,P5,all,320,0.42579278349876404,0.2211337000131607,0.20465908348560333,0.5068559998290579,0.15358934552043652,0.3532666543086214
00999,P5,fg,24,0.45058977603912354,0.433207294344902,0.01738248169422152,0.4819020287888552,0.1786996018973897,0.3032024268914655
00999,P5,bg,296,0.46151989698410034,0.23872147798538207,0.22279841899871827,0.5223916271281559,0.1543240926949675,0.3680675344331884
01002,P3,all,5120,0.5339400768280029,0.06027531325817108,0.47366476356983184,0.6909660522711178,0.10950811894035492,0.5814579333307629
01002,P3,fg,1397,0.7359397411346436,0.0556431733071804,0.6802965678274632,0.7517421162880764,0.08348299298742519,0.6682591233006512
01002,P3,bg,3723,0.5145177841186523,0.08459805399179458,0.42991973012685775,0.5995413524699349,0.1467739898012206,0.4527673626687143
01002,P4,all,1280,0.48484814167022705,0.08190230429172515,0.40294583737850187,0.6456473321788537,0.08693768035252283,0.5587096518263309
01002,P4,fg,335,0.7356492280960083,0.0925827756524086,0.6430664524435997,0.8152186832274176,0.08603999117074036,0.7291786920566773
01002,P4,bg,945,0.433104544878006,0.12469545155763626,0.3084090933203697,0.4909208890293219,0.12385184717056333,0.36706904185875855
01002,P5,all,320,0.5570467710494995,0.25541542172431947,0.30163134932518004,0.49985963677794853,0.17593713796858998,0.32392249880935853
01002,P5,fg,86,0.6364956498146057,0.3112942218780518,0.32520142793655393,0.5580257267873324,0.16649621696233444,0.391529509824998
01002,P5,bg,234,0.582714319229126,0.31301937699317933,0.26969494223594664,0.4652458930348588,0.21688975109648773,0.24835614193837108
01008,P3,all,5120,0.4036256968975067,0.08397204875946045,0.31965364813804625,0.5894908544608207,0.20897535352377056,0.38051550093705017
01008,P3,fg,539,0.7935234308242798,0.17872969806194305,0.6147937327623367,0.8607623171621057,0.2818152025309197,0.578947114631186
01008,P3,bg,4581,0.3865925371646881,0.08520997762680053,0.30138255953788756,0.48013921274050536,0.22802588613057556,0.2521133266099298
01008,P4,all,1280,0.4193405210971832,0.10465076118707657,0.31468975991010667,0.6045455492812607,0.08782136824972524,0.5167241810315355
01008,P4,fg,146,0.8194302320480347,0.2376130551099777,0.5818171769380569,0.8845019089414452,0.2526981320620455,0.6318037768793997
01008,P4,bg,1134,0.3738798201084137,0.10530565530061722,0.2685741648077965,0.5092917458738366,0.09662767315325795,0.4126640727205787
01008,P5,all,320,0.5557420253753662,0.28146074414253236,0.27428128123283385,0.4779307789202498,0.15479675496463113,0.3231340239556187
01008,P5,fg,34,0.8636759519577026,0.48323001265525817,0.38044593930244447,0.8597542075574678,0.312635311164427,0.5471188963930408
01008,P5,bg,286,0.5034768581390381,0.28108507096767427,0.22239178717136382,0.3616036766234988,0.13166552093259282,0.22993815569090598
01011,P3,all,5120,0.4736842215061188,0.059692039340734485,0.4139921821653843,0.6314424078511367,0.12566385987007114,0.5057785479810656
01011,P3,fg,697,0.7187225222587585,0.054065833985805514,0.664656688272953,0.6662301702507464,-0.03061178393556908,0.6968419541863154
01011,P3,bg,4423,0.45959317684173584,0.07038824483752251,0.38920493200421336,0.6143550766200068,0.16446166045246063,0.44989341616754613
01011,P4,all,1280,0.5013232231140137,0.09053763821721077,0.4107855848968029,0.6917640279717695,0.06472103443777415,0.6270429935339954
01011,P4,fg,169,0.7584881782531738,0.08294699490070342,0.6755411833524704,0.8159975545685834,-0.057869918255912436,0.8738674728244958
01011,P4,bg,1111,0.4653272032737732,0.11695957481861115,0.34836762845516206,0.6273003984604819,0.1282934848084533,0.49900691365202865
01011,P5,all,320,0.46974658966064453,0.30759224891662595,0.16215434074401858,0.47997191422329294,0.22554159230521725,0.2544303219180757
01011,P5,fg,44,0.6731019020080566,0.41190404891967775,0.2611978530883789,0.2171279595171003,0.09113075413134963,0.12599720538575065
01011,P5,bg,276,0.4979958236217499,0.3263486623764038,0.17164716124534607,0.5093510434479926,0.23301748071543602,0.2763335627325566
01012,P3,all,5120,0.38623493909835815,0.12437082156538963,0.2618641175329685,0.5317049793234196,0.23155482404585997,0.30015015527755967
01012,P3,fg,267,0.8788179755210876,0.07866761758923531,0.8001503579318523,0.8389259361370873,0.04765413044753769,0.7912718056895496
01012,P3,bg,4853,0.3824112117290497,0.1337929755449295,0.24861823618412018,0.45967062696041305,0.24818056567104488,0.21149006128936818
01012,P4,all,1280,0.33954569697380066,0.12705964148044585,0.2124860554933548,0.4356678864764921,0.13167777034621567,0.3039901161302765
01012,P4,fg,59,0.8672112226486206,0.12913412004709243,0.7380771026015281,0.859393045367027,0.059371461926166824,0.8000215834408602
01012,P4,bg,1221,0.30724573135375977,0.1387887865304947,0.16845694482326506,0.28416873780893875,0.1439765240111712,0.14019221379776756
01012,P5,all,320,0.41419631242752075,0.2597756028175354,0.15442070960998533,0.3809124095810042,0.18536655982478872,0.19554584975621547
01012,P5,fg,19,0.8264031410217285,0.4286953568458557,0.3977077841758728,0.6228287439930456,0.0838637488257791,0.5389649951672665
01012,P5,bg,301,0.41191309690475464,0.2747054547071457,0.13720764219760895,0.37669239488806594,0.18733698463619203,0.1893554102518739
01016,P3,all,5120,0.23977422714233398,0.09865797460079193,0.14111625254154206,0.49598020223603095,0.18181410128847236,0.3141661009475586
01016,P3,fg,212,0.41930240392684937,0.17174769937992096,0.2475547045469284,0.4211068081499921,-0.0017323121442190212,0.4228391202942111
01016,P3,bg,4908,0.25023841857910156,0.10373631119728088,0.14650210738182068,0.5190556697055241,0.1915027648949128,0.3275529048106113
01016,P4,all,1280,0.2670288681983948,0.1345892921090126,0.13243957608938217,0.49327116707452295,0.09860406620568052,0.39466710086884244
01016,P4,fg,63,0.48179522156715393,0.1975422292947769,0.284252992272377,0.36505457308832934,-0.06787566467874179,0.4329302377670711
01016,P4,bg,1217,0.27387237548828125,0.14333859086036682,0.13053378462791443,0.4951108535656116,0.11744694929431465,0.3776639042712969
01016,P5,all,320,0.4164617657661438,0.20007082372903823,0.21639094203710557,0.5437247291297891,0.14467071472860993,0.39905401440117916
01016,P5,fg,16,0.6656385064125061,0.40926713943481446,0.25637136697769164,0.13062849148915007,0.003049057325832405,0.12757943416331766
01016,P5,bg,304,0.4362691640853882,0.22376158237457275,0.21250758171081544,0.5530075981864976,0.1518665597460514,0.4011410384404462
01021,P3,all,5120,0.2414434850215912,0.07528250962495804,0.16616097539663316,0.45855724426879874,0.11923108245788065,0.33932616181091807
01021,P3,fg,335,0.8040522933006287,0.09708450734615326,0.7069677859544754,0.7901050553920321,0.018060345481608512,0.7720447099104236
01021,P3,bg,4785,0.2119947373867035,0.07651197239756584,0.13548276498913764,0.4060735808196654,0.13754900980007437,0.26852457101959104
01021,P4,all,1280,0.22743281722068787,0.09576629102230072,0.13166652619838715,0.3590106341373504,0.02852996662691327,0.33048066751043714
01021,P4,fg,83,0.8732500076293945,0.1306911140680313,0.7425588935613632,0.887822707559747,-0.020668159265861775,0.9084908668256088
01021,P4,bg,1197,0.19288203120231628,0.09866181761026382,0.09422021359205246,0.27047583892970195,0.03883695828891134,0.2316388806407906
01021,P5,all,320,0.3884635269641876,0.28857768774032594,0.09988583922386168,0.18299891326970047,0.10832135302414381,0.07467756024555666
01021,P5,fg,20,0.7310743927955627,0.5409793496131897,0.19009504318237302,0.41074770599122706,0.06197376672787004,0.34877393926335704
01021,P5,bg,300,0.3884073793888092,0.29240962266922,0.09599775671958921,0.19439799178499526,0.10827501538530915,0.08612297639968611
01022,P3,all,5120,0.17946165800094604,0.08776105865836144,0.09170059934258461,0.4338277728199151,0.20246472174189964,0.23136305107801544
01022,P3,fg,129,0.7440964579582214,0.19765455424785613,0.5464419037103653,0.7596459668561849,0.13718077183340444,0.6224651950227804
01022,P3,bg,4991,0.1713314801454544,0.09225396066904068,0.07907751947641373,0.4223877612689098,0.20527899354650675,0.21710876772240306
01022,P4,all,1280,0.18016982078552246,0.10965265929698945,0.07051716148853301,0.375783257467948,0.05771259050390355,0.31807066696404446
01022,P4,fg,22,0.9132252335548401,0.374653223156929,0.538572010397911,0.7932621143942722,-0.3084855389852898,1.101747653379562
01022,P4,bg,1258,0.16768482327461243,0.1178637057542801,0.04982111752033233,0.25738369794267596,0.09256530454055098,0.16481839340212498
01022,P5,all,320,0.4975769519805908,0.2934393912553787,0.2041375607252121,0.5042545921538822,0.15752332963767401,0.3467312625162082
01022,P5,fg,11,0.9122109413146973,0.5021219551563263,0.41008898615837097,0.8670550181856853,0.038466162622058465,0.8285888555636268
01022,P5,bg,309,0.4776829183101654,0.3247974872589111,0.1528854310512543,0.4113476528415413,0.2337024586788039,0.17764519416273739
01027,P3,all,5120,0.43853121995925903,0.051444456726312635,0.3870867632329464,0.5310144487228061,0.11437193903643188,0.41664250968637423
01027,P3,fg,578,0.5941900014877319,0.1082101047039032,0.48597989678382875,0.5557614702530975,0.07244316332296762,0.4833183069301299
01027,P3,bg,4542,0.4309558868408203,0.04929409027099609,0.38166179656982424,0.5292809838946199,0.11980508443933964,0.40947589945528023
01027,P4,all,1280,0.42027169466018677,0.07506217435002327,0.3452095203101635,0.5997185201553481,0.016284544203222527,0.5834339759521255
01027,P4,fg,153,0.6501675844192505,0.16322925090789794,0.4869383335113525,0.6066304908638006,-0.015157458943867188,0.6217879498076678
01027,P4,bg,1127,0.41697031259536743,0.07646424174308777,0.3405060708522797,0.5833348594090247,0.029086137577312644,0.5542487218317121
01027,P5,all,320,0.5337393283843994,0.23053567707538605,0.3032036513090134,0.6844221891280595,0.06136880636544635,0.6230533827626131
01027,P5,fg,34,0.8554102778434753,0.3266351819038391,0.5287750959396362,0.8203680984051481,-0.033928724556542014,0.8542968229616902
01027,P5,bg,286,0.5000951886177063,0.2702490955591202,0.2298460930585861,0.5582011619353857,0.08624889748488582,0.47195226445049987
01032,P3,all,5120,0.38912975788116455,0.05759480446577072,0.33153495341539385,0.548410889865928,0.15047321809167688,0.3979376717742511
01032,P3,fg,509,0.7443096041679382,0.16125357896089554,0.5830560252070427,0.7975214432001738,0.2667944047469425,0.5307270384532313
01032,P3,bg,4611,0.36243876814842224,0.0550666555762291,0.30737211257219316,0.4659328295248794,0.13000517036928894,0.3359276591555905
01032,P4,all,1280,0.4675251841545105,0.09019683748483658,0.3773283466696739,0.7502770022664679,0.07459618368027501,0.6756808185861929
01032,P4,fg,130,0.8380396366119385,0.2560316979885101,0.5820079386234284,0.8825900048471658,0.07651825983884661,0.8060717450083191
01032,P4,bg,1150,0.3700660169124603,0.08342941328883172,0.28663660362362864,0.550693440573362,0.06273480378254083,0.4879586367908212
01032,P5,all,320,0.6532508134841919,0.24574769735336305,0.40750311613082885,0.7841272441137463,0.15231879631468054,0.6318084477990658
01032,P5,fg,25,0.8826581239700317,0.5024047136306763,0.38025341033935545,0.9136820961415656,0.3287474031251325,0.5849346930164331
01032,P5,bg,295,0.5240563750267029,0.23700622320175171,0.2870501518249512,0.6141864419041415,0.1351543951516041,0.4790320467525374
01033,P3,all,5120,0.45225170254707336,0.04273182153701782,0.40951988101005554,0.4648043702725252,0.13163292237290522,0.33317144789961994
01033,P3,fg,382,0.8084465265274048,0.14280012249946594,0.6656464040279388,0.8392248818040923,0.1041403869406573,0.735084494863435
01033,P3,bg,4738,0.43875396251678467,0.04223473519086838,0.39651922732591627,0.402742365248491,0.133189872254591,0.2695524929939
01033,P4,all,1280,0.36004719138145447,0.06442805603146554,0.29561913534998896,0.5293942210231812,0.05747854256474257,0.4719156784584387
01033,P4,fg,90,0.8229605555534363,0.20951394140720367,0.6134466141462326,0.8565122061938804,0.06948630194932612,0.7870259042445542
01033,P4,bg,1190,0.34734663367271423,0.0648144043982029,0.2825322292745113,0.45919430625558005,0.04937382969926598,0.4098204765563141
01033,P5,all,320,0.5614746809005737,0.2914366006851196,0.2700380802154541,0.6677090062768437,0.2239458085000165,0.4437631977768272
01033,P5,fg,28,0.8144413828849792,0.5109810292720794,0.3034603536128998,0.8656856110703154,0.3527057144898337,0.5129798965804817
01033,P5,bg,292,0.5532868504524231,0.2953062683343887,0.2579805821180344,0.6505927702369547,0.21001941983671482,0.4405733504002399
01042,P3,all,5120,0.4147353768348694,0.0807961419224739,0.33393923491239547,0.626820076700559,0.14670185607575997,0.480118220624799
01042,P3,fg,903,0.5749554634094238,0.08383320793509483,0.491122255474329,0.6279785177976374,0.1247696278276608,0.5032088899699766
01042,P3,bg,4217,0.4294085204601288,0.09118347018957138,0.3382250502705574,0.6567880482785621,0.16706111717329733,0.4897269311052648
01042,P4,all,1280,0.5250985622406006,0.09850440621376037,0.4265941560268402,0.7011356024589241,0.04772402536382873,0.6534115770950955
01042,P4,fg,229,0.5809817314147949,0.09270455986261368,0.48827717155218125,0.6719266557969,0.004383185467133655,0.6675434703297664
01042,P4,bg,1051,0.49578338861465454,0.12358303666114807,0.3722003519535065,0.5901298931854696,0.1008262412546932,0.4893036519307764
01042,P5,all,320,0.3982747495174408,0.18308012783527375,0.21519462168216705,0.49041021889833114,0.10193739253079101,0.3884728263675401
01042,P5,fg,58,0.4817460775375366,0.3256377995014191,0.15610827803611754,0.38622043730671923,0.2083830622931651,0.17783737501355412
01042,P5,bg,262,0.40698421001434326,0.18903467059135437,0.2179495394229889,0.5024252575355211,0.08833548386697987,0.41408977366854127
01078,P3,all,5120,0.44357648491859436,0.05994238033890724,0.3836341045796871,0.7254204230073024,0.12609059503347186,0.5993298279738305
01078,P3,fg,568,0.7417412996292114,0.10180650800466537,0.639934791624546,0.7314003260780432,0.06684783594206296,0.6645524901359802
01078,P3,bg,4552,0.4326810836791992,0.05970582589507103,0.3729752577841282,0.7253267390388298,0.13734799098431108,0.5879787480545188
01078,P4,all,1280,0.42424070835113525,0.07925253361463547,0.3449881747364998,0.6801179418654256,0.03233617453560568,0.64778176732982
01078,P4,fg,139,0.8301742076873779,0.19345051050186157,0.6367236971855164,0.8615085044665753,0.06120948409597934,0.800299020370596
01078,P4,bg,1141,0.4037359356880188,0.08394253700971603,0.31979339867830275,0.5936198172321224,0.03981132949625126,0.5538084877358712
01078,P5,all,320,0.5537697672843933,0.23156158924102782,0.3222081780433655,0.6862550901225195,0.10102139264611136,0.5852336974764082
01078,P5,fg,36,0.8554122447967529,0.2885977476835251,0.5668144971132278,0.8834637602589919,0.07534422714008605,0.8081195331189058
01078,P5,bg,284,0.4987424612045288,0.30203266739845275,0.19670979380607606,0.48837989488524614,0.20187405098134822,0.2865058439038979
01091,P3,all,5120,0.30458784103393555,0.043626589328050615,0.2609612517058849,0.41346454850741876,0.06170213936637821,0.35176240914104057
01091,P3,fg,586,0.6356582045555115,0.07514623925089836,0.5605119653046131,0.6750020167049388,-0.03865203767539146,0.7136540543803302
01091,P3,bg,4534,0.286453515291214,0.050543788075447085,0.23590972721576692,0.3452712336585704,0.07568258486011187,0.2695886487984585
01091,P4,all,1280,0.2930056154727936,0.062531378865242,0.23047423660755156,0.4718670702728786,0.05599303325187647,0.4158740370210021
01091,P4,fg,150,0.6164116859436035,0.09500374048948287,0.5214079454541206,0.7410187881531035,-0.003714428887169173,0.7447332170402727
01091,P4,bg,1130,0.24205873906612396,0.07361911758780479,0.16843962147831917,0.35996288450456243,0.06831027628909817,0.29165260821546424
01091,P5,all,320,0.376918762922287,0.25347960293293,0.123439159989357,0.17852179201525503,0.07888479331044507,0.09963699870480996
01091,P5,fg,34,0.647876501083374,0.4670417010784149,0.1808348000049591,0.22624702687511383,0.11541474455692442,0.11083228231818941
01091,P5,bg,286,0.3840779662132263,0.27795809507369995,0.10611987113952637,0.16221415296035185,0.09209006027156301,0.07012409268878884
01124,P3,all,5120,0.35405024886131287,0.05870807021856308,0.2953421786427498,0.6012160611569233,0.16260419003313795,0.4386118711237853
01124,P3,fg,1055,0.815406084060669,0.047047979384660724,0.7683581046760082,0.8640782003105273,0.11403209432224955,0.7500461059882777
01124,P3,bg,4065,0.2881539463996887,0.07088427022099494,0.21726967617869378,0.5000314223222505,0.17897746118508015,0.32105396113717033
01124,P4,all,1280,0.340660035610199,0.08912199288606644,0.25153804272413255,0.5879235235670441,0.08438138235415125,0.5035421412128929
01124,P4,fg,251,0.8498049974441528,0.09701148867607116,0.7527935087680817,0.8992947969217088,0.012215782360471317,0.8870790145612375
01124,P4,bg,1029,0.26548436284065247,0.11455385684967041,0.15093050599098207,0.3927359691332895,0.155877382862504,0.23685858627078551
01124,P5,all,320,0.6461281776428223,0.22906346023082733,0.4170647174119949,0.7955474614849388,0.13585578785771957,0.6596916736272193
01124,P5,fg,66,0.90833979845047,0.21124888062477112,0.6970909178256989,0.9386398364601316,0.04469089338783665,0.893948943072295
01124,P5,bg,254,0.6085792779922485,0.3109452098608017,0.2976340681314468,0.6507528004175115,0.21729304663892038,0.43345975377859114
01144,P3,all,5120,0.42464762926101685,0.06199792698025704,0.3626497022807598,0.5232646929226309,0.1260497273667503,0.3972149655558806
01144,P3,fg,1200,0.5392025113105774,0.0593295581638813,0.4798729531466961,0.6507621720904816,0.06996793744078418,0.5807942346496974
01144,P3,bg,3920,0.42814022302627563,0.07885445356369018,0.34928576946258544,0.4616419937448453,0.17288621993463407,0.2887557738102112
01144,P4,all,1280,0.4360158145427704,0.08719577938318253,0.34882003515958787,0.5928805664169715,0.11192240504136149,0.48095816137561004
01144,P4,fg,285,0.6370572447776794,0.10124707072973252,0.535810174047947,0.7270848001398261,0.12445618772025127,0.6026286124195749
01144,P4,bg,995,0.4462568461894989,0.10901245176792144,0.33724439442157744,0.5593705506210787,0.11454206119181987,0.4448284894292588
01144,P5,all,320,0.4719872772693634,0.30159775018692014,0.17038952708244326,0.49850177171164906,0.3469664332649164,0.15153533844673267
01144,P5,fg,80,0.6515389084815979,0.5318033158779144,0.1197355926036835,0.7485664263373207,0.5269063197221474,0.22166010661517332
01144,P5,bg,240,0.4351045787334442,0.27583929896354675,0.15926527976989746,0.2969878469914513,0.2581678509881301,0.0388199960033212
01146,P3,all,5120,0.2832682132720947,0.0805194079875946,0.20274880528450012,0.5068285813066131,0.1991086658297691,0.307719915476844
01146,P3,fg,238,0.7798728346824646,0.07489006519317627,0.7049827694892883,0.80872881213752,0.031387806040182875,0.7773410060973371
01146,P3,bg,4882,0.27380985021591187,0.08503051549196243,0.18877933472394942,0.4568281053129349,0.2154786598841485,0.2413494454287864
01146,P4,all,1280,0.31145811080932617,0.0886882297694683,0.22276988103985787,0.46667504078809685,0.09497677101582921,0.3716982697722676
01146,P4,fg,61,0.7841967344284058,0.11782491952180862,0.6663718149065971,0.8955496374179827,-0.12066033914781833,1.016209976565801
01146,P4,bg,1219,0.27982184290885925,0.09621039554476737,0.18361144736409188,0.35535521440814394,0.11383832154121913,0.2415168928669248
01146,P5,all,320,0.5175246000289917,0.2409147560596466,0.27660984396934507,0.5135206602621251,0.21931886193947964,0.2942017983226454
01146,P5,fg,12,0.26379233598709106,0.4925857186317444,-0.22879338264465332,-0.03194380013138289,-0.12874309615371066,0.09679929602232776
01146,P5,bg,308,0.5497602224349976,0.26082222163677216,0.2889380007982254,0.55065563794539,0.24520239887145417,0.3054532390739358
01149,P3,all,5120,0.25045907497406006,0.049556554108858106,0.20090252086520194,0.33032489900023,0.04809758127732282,0.28222731772290716
01149,P3,fg,383,0.3806193768978119,0.08345942199230194,0.29715995490550995,0.023486030162029017,0.05346891197766113,-0.02998288181563211
01149,P3,bg,4737,0.2562445104122162,0.05294525846838951,0.20329925194382667,0.3798793191884108,0.047077830045622396,0.3328014891427884
01149,P4,all,1280,0.29694247245788574,0.07448255196213723,0.22245992049574853,0.39679018018277684,-0.003300294909095032,0.4000904750918719
01149,P4,fg,101,0.4139261841773987,0.12879348844289779,0.2851326957345009,0.32326499085406546,0.012780345733213346,0.3104846451208521
01149,P4,bg,1179,0.2988150715827942,0.0817543737590313,0.2170606978237629,0.38283518576077297,-0.002297196044602308,0.3851323818053753
01149,P5,all,320,0.36849766969680786,0.2090257316827774,0.15947193801403045,0.2900912274937769,0.05928694650773003,0.23080428098604688
01149,P5,fg,25,0.503131091594696,0.4581200063228607,0.04501108527183534,0.13718223943210558,0.08808494147534121,0.049097297956764374
01149,P5,bg,295,0.37656694650650024,0.22774888277053834,0.1488180637359619,0.29961225547984893,0.06293254616553925,0.23667970931430968
01166,P3,all,5120,0.38123366236686707,0.09081565961241722,0.29041800275444984,0.5910693069045657,0.22128179178584578,0.36978751511871993
01166,P3,fg,549,0.5621567368507385,0.05378702431917191,0.5083697125315666,0.6159811209232696,0.02196615241452263,0.594014968508747
01166,P3,bg,4571,0.34728896617889404,0.11516589671373367,0.23212306946516037,0.5515220880323864,0.2791995718517588,0.27232251618062764
01166,P4,all,1280,0.4662623405456543,0.0976709321141243,0.36859140843153,0.7259787686768258,0.03731632888072385,0.6886624397961019
01166,P4,fg,129,0.5844818949699402,0.0903003305196762,0.49418156445026395,0.7001827448586071,-0.021527697544995696,0.7217104424036028
01166,P4,bg,1151,0.3971029222011566,0.13320473581552505,0.26389818638563156,0.6261816085484317,0.10249497247746961,0.5236866360709621
01166,P5,all,320,0.3286891579627991,0.16095663905143737,0.1677325189113617,0.38350256088327184,0.11506391049201248,0.26843865039125936
01166,P5,fg,37,0.30815619230270386,0.24525584876537324,0.06290034353733062,0.21023171010161273,0.10303221221526523,0.1071994978863475
01166,P5,bg,283,0.37256506085395813,0.21234747767448425,0.16021758317947388,0.45309073143406947,0.13471110423957833,0.31837962719449114
01173,P3,all,5120,0.32120317220687866,0.08747410178184509,0.23372907042503357,0.40000666138860896,0.20356374250912213,0.19644291887948684
01173,P3,fg,1648,0.4109458029270172,0.03370722606778145,0.3772385768592358,0.3915430774637371,-0.005045979783047636,0.3965890572467848
01173,P3,bg,3472,0.2288178652524948,0.17133840620517732,0.057479459047317494,0.402976378666666,0.30963476792331074,0.09334161074335529
01173,P4,all,1280,0.40427926182746887,0.10301578193902969,0.30126347988843916,0.6311554171365776,0.04083580851775582,0.5903196086188218
01173,P4,fg,423,0.4279225766658783,0.045155363902449605,0.3827672127634287,0.5559930778291944,-0.05023277792134447,0.6062258557505389
01173,P4,bg,857,0.3224810063838959,0.22386870980262757,0.0986122965812683,0.43193500242431665,0.19067781601338876,0.2412571864109279
01173,P5,all,320,0.29992344975471497,0.17187294214963914,0.12805050760507583,0.3139208901138638,0.09591887543295943,0.21800201468090438
01173,P5,fg,103,0.25460487604141235,0.13348242193460463,0.12112245410680772,-0.1288533677144541,-0.0418768664183863,-0.0869765012960678
01173,P5,bg,217,0.4567752778530121,0.2941951245069504,0.16258015334606168,0.4258106375609169,0.1929471699085293,0.2328634676523876
01177,P3,all,5120,0.3519957661628723,0.05830525606870651,0.2936905100941658,0.5152049098457637,0.1124479522318248,0.4027569576139389
01177,P3,fg,933,0.4325787425041199,0.05904301106929779,0.3735357314348221,0.33680805325623103,0.07081617245029331,0.2659918808059377
01177,P3,bg,4187,0.3877205550670624,0.07295385673642159,0.3147666983306408,0.5762525364208854,0.13005016151402266,0.4462023749068627
01177,P4,all,1280,0.4600389301776886,0.08703348785638809,0.3730054423213005,0.6153741556502791,0.13057027758371997,0.4848038780665591
01177,P4,fg,234,0.4778999388217926,0.10151592642068863,0.376384012401104,0.46625412819697887,0.11702606209681257,0.3492280661001663
01177,P4,bg,1046,0.4643111526966095,0.11770382523536682,0.3466073274612427,0.5417511358589936,0.16022790069851806,0.38152323516047554
01177,P5,all,320,0.3987979590892792,0.16308732330799103,0.23571063578128815,0.49661398786379757,0.15610253427349358,0.340511453590304
01177,P5,fg,62,0.3760127127170563,0.2579797565937042,0.11803295612335207,0.4443137086698209,0.15521073245728687,0.289102976212534
01177,P5,bg,258,0.4579997658729553,0.18525779843330384,0.2727419674396515,0.5157521995410983,0.15388113775197013,0.3618710617891282
01180,P3,all,5120,0.38802123069763184,0.07010344490408897,0.31791778579354285,0.5743882957927502,0.14009362136854311,0.4342946744242071
01180,P3,fg,446,0.8288634419441223,0.05797444432973862,0.7708889976143837,0.8279545688675191,0.006127436074585947,0.8218271327929331
01180,P3,bg,4674,0.35580894351005554,0.07913047596812248,0.27667846754193304,0.5453800671683504,0.1542857649554702,0.3910943022128802
01180,P4,all,1280,0.3772217333316803,0.10325153023004532,0.273970203101635,0.39847880799294577,0.08619722015669203,0.31228158783625376
01180,P4,fg,119,0.8332201242446899,0.08010504767298698,0.753115076571703,0.8764265912764981,0.0483188443847344,0.8281077468917637
01180,P4,bg,1161,0.32552188634872437,0.12332980781793594,0.2021920785307884,0.28708419587770684,0.11003582984423513,0.1770483660334717
01180,P5,all,320,0.4078463017940521,0.2092723548412323,0.19857394695281982,0.07614476267098017,0.0967677257481313,-0.02062296307715114
01180,P5,fg,23,0.5449467897415161,0.42354735136032107,0.12139943838119505,0.03833787962270837,-0.024766406328656065,0.06310428595136444
01180,P5,bg,297,0.42077019810676575,0.21843159198760986,0.20233860611915588,0.0763327321170533,0.10620493139229019,-0.02987219927523689
01188,P3,all,5120,0.46988242864608765,0.08147983029484748,0.38840259835124014,0.5706934521732226,0.1892681386869558,0.38142531348626685
01188,P3,fg,1405,0.7271094918251038,0.04988134279847145,0.6772281490266323,0.7727508794674554,0.13999599452842046,0.6327548849390349
01188,P3,bg,3715,0.42282313108444214,0.10453277379274369,0.31829035729169847,0.47760287819701597,0.21110459700661735,0.26649828119039864
01188,P4,all,1280,0.4521128833293915,0.10333341211080552,0.348779471218586,0.5912720608218586,0.07540815517512463,0.5158639056467339
01188,P4,fg,365,0.8020305037498474,0.05708352476358414,0.7449469789862633,0.8665729954103903,0.011978769343855718,0.8545942260665347
01188,P4,bg,915,0.35927054286003113,0.1368340939283371,0.22243644893169404,0.44967540076272033,0.10481783555672045,0.34485756520599986
01188,P5,all,320,0.5365995764732361,0.27190829813480377,0.2646912783384323,0.38326012160683487,0.07496484007190651,0.30829528153492836
01188,P5,fg,86,0.5120800137519836,0.31945469975471497,0.19262531399726868,0.3781572467098549,0.03259766399497972,0.3455595827148752
01188,P5,bg,234,0.5728315711021423,0.30465999245643616,0.2681715786457062,0.3863587454307048,0.084417398088899,0.3019413473418058
01190,P3,all,5120,0.35747554898262024,0.04543448984622955,0.3120410591363907,0.5990080945878249,0.13620673496321217,0.4628013596246127
01190,P3,fg,679,0.6413262486457825,0.09221246838569641,0.5491137802600861,0.8131793157787072,0.10965917049794176,0.7035201452807655
01190,P3,bg,4441,0.33716246485710144,0.04878158569335937,0.28838087916374205,0.5278580265164262,0.13909239516234534,0.3887656313540809
01190,P4,all,1280,0.34895116090774536,0.05952172800898552,0.28942943289875983,0.6533757143293395,0.06598377821383213,0.5873919361155073
01190,P4,fg,180,0.7713197469711304,0.14043378829956055,0.6308859586715698,0.8868174567533605,0.06726629700095374,0.8195511597524068
01190,P4,bg,1100,0.2756689786911011,0.0673745483160019,0.20829443037509918,0.43504393913793393,0.06378199436775378,0.37126194477018015
01190,P5,all,320,0.4951280951499939,0.15941177904605866,0.33571631610393526,0.700478264569882,0.06961749778413284,0.6308607667857492
01190,P5,fg,37,0.665018618106842,0.403124725818634,0.26189389228820803,0.6849246261815244,0.1858942601993731,0.4990303659821513
01190,P5,bg,283,0.467886745929718,0.18048544526100158,0.28740130066871644,0.6295820736352858,0.05061483980297364,0.5789672338323122
01193,P3,all,5120,0.29910075664520264,0.06659877672791481,0.23250197991728783,0.5381977738985472,0.20400681600568324,0.3341909578928639
01193,P3,fg,56,0.5311015248298645,0.2929831385612488,0.2381183862686157,0.3591664603760169,-0.06210009640386934,0.4212665567798862
01193,P3,bg,5064,0.3029153645038605,0.06754629723727704,0.23536906726658344,0.5508633502997483,0.20696160742337985,0.34390174287636843
01193,P4,all,1280,0.27877727150917053,0.082642862200737,0.19613440930843354,0.4845835283451912,0.09714335719517972,0.3874401711500115
01193,P4,fg,16,0.5830020904541016,0.3603102624416351,0.22269182801246645,0.3961684022298592,-0.08569657336468896,0.48186497559454816
01193,P4,bg,1264,0.2796069085597992,0.08437684550881386,0.19523006305098534,0.46805078179657494,0.1014304050086201,0.36662037678795484
01193,P5,all,320,0.2632467746734619,0.14328065216541291,0.119966122508049,0.29605555009166384,0.0774304247257659,0.21862512536589795
01193,P5,fg,4,,,,,,
01193,P5,bg,316,0.2628743052482605,0.14413877278566362,0.11873553246259688,0.2942196318016196,0.08222495549606965,0.21199467630554994
01210,P3,all,5120,0.5571932792663574,0.03976828753948212,0.5174249917268753,0.811834671359779,0.10637310848879573,0.7054615628709833
01210,P3,fg,1223,0.758386492729187,0.023975837603211404,0.7344106551259756,0.8622357148048007,0.009203537082027893,0.8530321777227727
01210,P3,bg,3897,0.3965069055557251,0.09573137611150742,0.3007755294442177,0.6651641294914681,0.2362227641863161,0.428941365305152
01210,P4,all,1280,0.675593912601471,0.06160050928592682,0.6139934033155441,0.8701972942564787,0.09407590944505592,0.7761213848114228
01210,P4,fg,311,0.8374463319778442,0.05260494723916054,0.7848413847386837,0.9225740247708615,-0.02204084644317253,0.944614871214034
01210,P4,bg,969,0.510055422782898,0.1673142820596695,0.3427411407232285,0.6932627583723303,0.237281084065703,0.4559816743066273
01210,P5,all,320,0.5497477054595947,0.19947899580001832,0.3502687096595764,0.7116616940630823,0.16348606932258214,0.5481756247405002
01210,P5,fg,82,0.784148633480072,0.2929635763168335,0.4911850571632385,0.8085701820783204,0.17507949647261067,0.6334906856057098
01210,P5,bg,238,0.5133765339851379,0.21373024880886077,0.29964628517627717,0.6386692861117105,0.17586628226280565,0.4628030038489048
01213,P3,all,5120,0.4897758960723877,0.038994922488927844,0.45078097358345987,0.6606064073197238,0.11042016324982688,0.5501862440698969
01213,P3,fg,3501,0.5006436109542847,0.024439849704504014,0.47620376124978064,0.5951740391491286,0.07161504302262371,0.5235589961265049
01213,P3,bg,1619,0.43058180809020996,0.16274214088916777,0.2678396672010422,0.6761653093945321,0.26495518327986395,0.4112101261146682
01213,P4,all,1280,0.5959655046463013,0.041184688359498976,0.5547808162868023,0.7614450726989417,0.02112111847041659,0.7403239542285251
01213,P4,fg,877,0.60593581199646,0.030246182903647424,0.5756896290928125,0.7099004964862671,0.0151785148835011,0.694721981602766
01213,P4,bg,403,0.4936105012893677,0.21173576712608339,0.2818747341632843,0.64933086162417,0.1669301319379876,0.48240072968618236
01213,P5,all,320,0.44566091895103455,0.19218937754631044,0.2534715414047241,0.32269367101505253,0.15213416285467637,0.17055950816037616
01213,P5,fg,218,0.44037291407585144,0.16688137352466584,0.27349154055118563,0.30300951803431386,0.1424656711588454,0.16054384687546847
01213,P5,bg,102,0.467562735080719,0.3653626263141632,0.10220010876655578,0.37363050327949227,0.20143786162693794,0.17219264165255432
01228,P3,all,5120,0.3243783414363861,0.07955030202865601,0.2448280394077301,0.5368255955183587,0.10367036272718884,0.4331552327911699
01228,P3,fg,215,0.42971134185791016,0.13268111348152162,0.29703022837638854,0.47789299898267323,0.04657685648513857,0.4313161424975347
01228,P3,bg,4905,0.33742010593414307,0.07984968647360802,0.25757041946053505,0.5533637146904531,0.10489436860652683,0.44846934608392625
01228,P4,all,1280,0.3260096311569214,0.10617742165923119,0.2198322094976902,0.5412892304983378,0.15539647809431592,0.3858927524040219
01228,P4,fg,51,0.5432101488113403,0.21634770929813385,0.3268624395132065,0.5380768349141021,0.08944903786456644,0.44862779704953565
01228,P4,bg,1229,0.30842524766921997,0.11564997136592865,0.19277527630329133,0.4392157129513229,0.16445926396588023,0.27475644898544266
01228,P5,all,320,0.34277066588401794,0.13465032130479812,0.20812034457921982,0.4904168753781995,0.14871290988878927,0.34170396548941023
01228,P5,fg,14,0.3487243950366974,0.4391447365283966,-0.0904203414916992,0.2188949164679712,0.2159130831508686,0.0029818333171026112
01228,P5,bg,306,0.3204430043697357,0.16522831916809083,0.1552146852016449,0.46114746750635843,0.16860680809224254,0.2925406594141159
01250,P3,all,5120,0.3511676490306854,0.07565228641033173,0.2755153626203537,0.4766497885890455,0.22305187822181355,0.25359791036723195
01250,P3,fg,402,0.5357522368431091,0.08091006577014923,0.4548421710729599,0.5143868778213698,-0.04854309088900463,0.5629299687103745
01250,P3,bg,4718,0.3329235911369324,0.08494827672839164,0.24797531440854073,0.4350360177884895,0.251781025038227,0.18325499275026247
01250,P4,all,1280,0.3502146601676941,0.08342854753136635,0.26678611263632773,0.58536272096002,0.13731008969748276,0.4480526312625372
01250,P4,fg,105,0.5137649774551392,0.13119398951530456,0.3825709879398346,0.6035140930744513,-0.10788287745025552,0.7113969705247067
01250,P4,bg,1175,0.30142921209335327,0.10649273991584778,0.19493647217750548,0.4480019611842547,0.17985302876522724,0.2681489324190275
01250,P5,all,320,0.3260566294193268,0.1724354475736618,0.15362118184566498,0.4592769564933333,0.14386440077698767,0.31541255571634563
01250,P5,fg,27,0.6204645037651062,0.38160372972488404,0.23886077404022216,0.4401250240777107,0.17190496723156876,0.2682200568461419
01250,P5,bg,293,0.3119376599788666,0.1848209798336029,0.12711668014526367,0.44957998556816553,0.15630124709767887,0.2932787384704867
01252,P3,all,5120,0.43738019466400146,0.05328932330012322,0.38409087136387826,0.6227676756729053,0.12062005845162467,0.5021476172212805
01252,P3,fg,467,0.6702200174331665,0.031409638747572896,0.6388103786855936,0.7118759353161287,0.06343100166785344,0.6484449336482753
01252,P3,bg,4653,0.3453632891178131,0.08225873857736588,0.26310455054044724,0.4375665830825667,0.21904292215391688,0.2185236609286498
01252,P4,all,1280,0.5128548741340637,0.06751712635159493,0.4453377477824688,0.6817692746367555,0.051076495765833486,0.630692778870922
01252,P4,fg,119,0.7289772629737854,0.08888540863990783,0.6400918543338776,0.7973521158336556,0.04239330749402276,0.7549588083396328
01252,P4,bg,1161,0.3268255889415741,0.11835294216871262,0.20847264677286148,0.3855179986087077,0.13381506281616,0.2517029357925477
01252,P5,all,320,0.5520003437995911,0.15501386821269988,0.39698647558689115,0.6257277818754257,0.08534529643568575,0.5403824854397399
01252,P5,fg,32,0.6556869149208069,0.2826407581567764,0.37304615676403047,0.6956329776171374,0.0044499914853754615,0.6911829861317619
01252,P5,bg,288,0.4922947585582733,0.20298778414726257,0.2893069744110107,0.5846550424074499,0.11824723249358964,0.46640780991386027
01253,P3,all,5120,0.4431625306606293,0.04900429248809814,0.39415823817253115,0.7267774332421151,0.08214895019126625,0.6446284830508489
01253,P3,fg,407,0.8232145309448242,0.056693843007087706,0.7665206879377365,0.7774879681040554,-0.00047266769641872707,0.7779606358004741
01253,P3,bg,4713,0.36946621537208557,0.065195582062006,0.3042706333100796,0.5950339179273384,0.14146827819678992,0.4535656397305485
01253,P4,all,1280,0.6180963516235352,0.07153945863246917,0.546556892991066,0.7835610565573048,0.02304286968927708,0.7605181868680277
01253,P4,fg,103,0.893376886844635,0.12920575886964797,0.764171127974987,0.8837469474230579,-0.013684082445547025,0.8974310298686049
01253,P4,bg,1177,0.461676687002182,0.10398988425731659,0.3576868027448654,0.5272867702075419,0.0892176387060342,0.43806913150150767
01253,P5,all,320,0.6143094301223755,0.16937293708324433,0.4449364930391312,0.6408633035217357,0.06742499865706862,0.5734383048646671
01253,P5,fg,22,0.7512050867080688,0.3828527331352234,0.36835235357284546,0.5049178445527699,-0.09405157335276507,0.5989694179055349
01253,P5,bg,298,0.559455931186676,0.2343362897634506,0.3251196414232254,0.556592238760335,0.12520815515406708,0.43138408360626795
01265,P3,all,5120,0.3176588714122772,0.06804602071642876,0.24961285069584846,0.4578641081663902,0.11593162022871009,0.34193248793768016
01265,P3,fg,291,0.5383362174034119,0.09702651053667069,0.4413097068667412,0.37102688214451174,0.008485849968912053,0.3625410321755997
01265,P3,bg,4829,0.3201223611831665,0.07342676743865013,0.24669559374451638,0.4713076084895709,0.12321304570929636,0.3480945627802745
01265,P4,all,1280,0.33239302039146423,0.07919842377305031,0.2531945966184139,0.5605957108638288,0.04918482044715131,0.5114108904166774
01265,P4,fg,66,0.644005298614502,0.15205247700214386,0.4919528216123581,0.5140456046555161,0.08523123705201749,0.42881436760349856
01265,P4,bg,1214,0.3282400965690613,0.08624749332666397,0.2419926032423973,0.5339117549831388,0.04776640987681259,0.48614534510632623
01265,P5,all,320,0.4081958830356598,0.2803065061569214,0.12788937687873841,0.33085180942402204,0.12895187803097657,0.20189993139304546
01265,P5,fg,22,0.3954484164714813,0.3443873286247253,0.051061087846756004,0.043360892542351974,-0.10143413547897111,0.14479502802132307
01265,P5,bg,298,0.4229150712490082,0.2995279371738434,0.12338713407516477,0.3664343381675122,0.14290413564439394,0.22353020252311825
01280,P3,all,5120,0.5302751660346985,0.05941729359328747,0.47085787244141103,0.7109547296403403,0.09675204657163024,0.6142026830687101
01280,P3,fg,589,0.8680832982063293,0.057038731127977374,0.8110445670783519,0.8904425504144584,-0.03744973946677035,0.9278922898812287
01280,P3,bg,4531,0.5070504546165466,0.06719540283083916,0.4398550517857075,0.6673389273530853,0.12757310672044403,0.5397658206326412
01280,P4,all,1280,0.5627445578575134,0.09041705206036568,0.4723275057971478,0.7224187610978349,0.042398554961173604,0.6800202061366613
01280,P4,fg,143,0.8698990941047668,0.08477581441402435,0.7851232796907425,0.9136067286627513,-0.0594657120127771,0.9730724406755283
01280,P4,bg,1137,0.5083299279212952,0.10696495398879051,0.40136497393250464,0.6610476620176582,0.07275664237382212,0.588291019643836
01280,P5,all,320,0.5480586886405945,0.32139068841934204,0.22666800022125244,0.46010267099333063,0.19030945415836462,0.26979321683496604
01280,P5,fg,35,0.6833780407905579,0.4230713963508606,0.26030664443969725,0.7133668613718037,0.06307758383932852,0.6502892775324752
01280,P5,bg,285,0.5570460557937622,0.3389255106449127,0.2181205451488495,0.45194737359486004,0.20029327025273833,0.2516541033421217
01282,P3,all,5120,0.31059882044792175,0.04750170707702637,0.26309711337089536,0.43263939734961626,0.10215985253833763,0.3304795448112786
01282,P3,fg,52,0.9260722994804382,0.23705565929412842,0.6890166401863098,0.7894072698992066,0.06438967345694335,0.7250175964422633
01282,P3,bg,5068,0.30800965428352356,0.048344708234071734,0.25966494604945184,0.4103379678226818,0.10421172466987796,0.3061262431528038
01282,P4,all,1280,0.28735625743865967,0.06674582064151764,0.22061043679714204,0.39023201375134137,0.055246187790562694,0.3349858259607787
01282,P4,fg,14,0.8846117854118347,0.4109737992286682,0.4736379861831665,0.7904054431325505,0.05810659274057513,0.7322988503919753
01282,P4,bg,1266,0.2868848741054535,0.06771867498755454,0.21916619911789895,0.37030420920977886,0.0497881819749068,0.32051602723487205
01282,P5,all,320,0.329396516084671,0.29077784419059755,0.038618671894073475,0.12742903908196718,0.1676831537788661,-0.040254114696898935
01282,P5,fg,6,,,,,,
01282,P5,bg,314,0.329845130443573,0.2967569798231125,0.0330881506204605,0.12333933417886406,0.170287981755185,-0.046948647576320945
01291,P3,all,5120,0.41742363572120667,0.07307324409484864,0.34435039162635805,0.600789931683574,0.15548282351708795,0.445307108166486
01291,P3,fg,1593,0.47029978036880493,0.06456672623753548,0.4057330541312695,0.586300167519094,0.0878735726469209,0.49842659487217306
01291,P3,bg,3527,0.412305623292923,0.10490522533655167,0.3074003979563713,0.6016682779526068,0.1764220703038309,0.4252462076487759
01291,P4,all,1280,0.43493738770484924,0.10447803288698196,0.33045935481786726,0.6582012154353651,0.03824141056915685,0.6199598048662083
01291,P4,fg,389,0.6130213141441345,0.10621034801006317,0.5068109661340714,0.7375648254578614,0.028542981003729474,0.709021844454132
01291,P4,bg,891,0.4230653941631317,0.1621062457561493,0.2609591484069824,0.6090771032439412,0.05492090245870699,0.5541562007852342
01291,P5,all,320,0.5481834411621094,0.19147092700004578,0.3567125141620636,0.7192152233697393,0.0856051735632379,0.6336100498065014
01291,P5,fg,96,0.6063883900642395,0.22203276455402374,0.38435562551021574,0.7547394598294447,0.09361732786467045,0.6611221319647742
01291,P5,bg,224,0.5985355973243713,0.28969859778881074,0.3088369995355606,0.6174245291156666,0.09502604214485066,0.5223984869708159
01292,P3,all,5120,0.35761937499046326,0.05540934726595879,0.30221002772450445,0.6023656521596065,0.13752367730303855,0.4648419748565679
01292,P3,fg,416,0.7694622874259949,0.08979886099696159,0.6796634264290333,0.8007231107643427,0.0012121102862411553,0.7995110004781015
01292,P3,bg,4704,0.33500340580940247,0.06162318512797356,0.2733802206814289,0.5840452285579593,0.16244376383735448,0.4216014647206048
01292,P4,all,1280,0.4472728669643402,0.08388089016079903,0.3633919768035412,0.5976948222837919,0.055890202338553144,0.5418046199452388
01292,P4,fg,103,0.8582555651664734,0.13418492674827576,0.7240706384181976,0.8724749017228661,-0.019186806631250726,0.8916617083541168
01292,P4,bg,1177,0.3970947861671448,0.09735181629657745,0.2997429698705673,0.4078045203651727,0.10566035977517829,0.3021441605899944
01292,P5,all,320,0.537202000617981,0.2962797939777374,0.24092220664024355,0.5180511565136726,0.27321733378486607,0.24483382272880655
01292,P5,fg,23,0.7685022950172424,0.42271113991737364,0.3457911550998688,0.7622185620555152,0.19831227080990307,0.5639062912456121
01292,P5,bg,297,0.552745521068573,0.3305370569229126,0.22220846414566042,0.43450823879006195,0.30794000125395016,0.1265682375361118
01300,P3,all,5120,0.2824234664440155,0.0788383811712265,0.203585085272789,0.5167186226308499,0.13179338011179192,0.38492524251905796
01300,P3,fg,558,0.7225148677825928,0.12807736843824385,0.5944374993443489,0.8033848093525765,0.14298350513614366,0.6604013042164328
01300,P3,bg,4562,0.2445845752954483,0.0835961639881134,0.1609884113073349,0.49088328833316885,0.13264391623341357,0.3582393720997553
01300,P4,all,1280,0.3023243844509125,0.10409689545631409,0.19822748899459838,0.42064351534364575,0.04875799231874755,0.3718855230248982
01300,P4,fg,160,0.7395932674407959,0.16576314270496367,0.5738301247358322,0.8322750749565794,0.024575560567936992,0.8076995143886424
01300,P4,bg,1120,0.25892382860183716,0.11673165708780289,0.14219217151403427,0.29355353625035846,0.05007717477887345,0.24347636147148502
01300,P5,all,320,0.42741629481315613,0.21888306438922883,0.2085332304239273,0.4944221384193393,0.02539885445093416,0.46902328396840515
01300,P5,fg,35,0.734757125377655,0.3906299352645874,0.34412719011306764,0.8156550778172544,-0.08291863491548214,0.8985737127327366
01300,P5,bg,285,0.3910086154937744,0.2704679071903229,0.12054070830345154,0.10739641535140793,0.07597283376942776,0.031423581581980164
01316,P3,all,5120,0.40982767939567566,0.057491899281740186,0.35233578011393546,0.6507836300123951,0.023767024470348196,0.627016605542047
01316,P3,fg,564,0.720061719417572,0.0474741667509079,0.6725875526666641,0.7135877940815648,0.08054629666599995,0.6330414974155648
01316,P3,bg,4556,0.3950868546962738,0.07220568805932999,0.32288116663694383,0.5667496703110612,0.02194065565308865,0.5448090146579725
01316,P4,all,1280,0.5751525163650513,0.07812537252902985,0.4970271438360214,0.7470414093783408,-0.0010512667657056162,0.7480926761440465
01316,P4,fg,151,0.7141618728637695,0.08466358035802841,0.6294982925057411,0.8210527485801128,0.010565786414046985,0.8104869621660657
01316,P4,bg,1129,0.4691438674926758,0.10458194464445114,0.36456192284822464,0.5549761828759925,0.01537361137906979,0.5396025714969227
01316,P5,all,320,0.44762954115867615,0.16825224906206132,0.2793772920966148,0.3075734678950197,0.13794940683114618,0.16962406106387354
01316,P5,fg,32,0.5087324380874634,0.2878108412027359,0.22092159688472746,0.46790607424895886,0.09672760028895955,0.3711784739599993
01316,P5,bg,288,0.44240105152130127,0.19075497537851333,0.25164607614278794,0.2923280895716534,0.14309412747480926,0.14923396209684414
01325,P3,all,5120,0.4155524969100952,0.06759319677948952,0.3479593001306057,0.5177241115235998,0.16379811294818677,0.35392599857541296
01325,P3,fg,408,0.7605807185173035,0.14465937316417693,0.6159213453531265,0.7260452876664433,-0.031155830150750363,0.7572011178171937
01325,P3,bg,4712,0.40584567189216614,0.07493354827165603,0.3309121236205101,0.5032425093505134,0.1794233964660124,0.323819112884501
01325,P4,all,1280,0.3896527886390686,0.1025356486439705,0.28711713999509814,0.6163080714439715,0.0811324079263501,0.5351756635176214
01325,P4,fg,105,0.8417708873748779,0.14135411828756334,0.7004167690873147,0.8450528361172162,-0.04592696917530188,0.8909798052925181
01325,P4,bg,1175,0.374650776386261,0.11866862624883652,0.2559821501374245,0.5451728890647597,0.1067993758506403,0.4383735132141194
01325,P5,all,320,0.5509558916091919,0.2463648021221161,0.3045910894870758,0.5809854632444277,0.12018699744692485,0.46079846579750283
01325,P5,fg,25,0.7689928412437439,0.420200502872467,0.3487923383712769,0.5665650961894372,0.00788137440954444,0.5586837217798928
01325,P5,bg,295,0.5525274276733398,0.26293435096740725,0.2895930767059326,0.5823476572384526,0.12965468335439864,0.45269297388405394
01329,P3,all,5120,0.20271876454353333,0.0979323923587799,0.10478637218475342,0.3031416311391019,0.19592785889345993,0.10721377224564199
01329,P3,fg,1287,0.1806676983833313,0.06136207804083824,0.11930562034249306,0.19234409042116424,0.026309930600443322,0.16603415982072092
01329,P3,bg,3833,0.23903582990169525,0.13540409803390502,0.10363173186779023,0.3927111206843661,0.25266165883099667,0.14004946185336942
01329,P4,all,1280,0.26829731464385986,0.08698970079421997,0.1813076138496399,0.429414411006794,0.09413120470378802,0.335283206303006
01329,P4,fg,336,0.18666879832744598,0.07357102409005165,0.11309777423739434,0.2696822834334419,0.03673626914579857,0.23294601428764333
01329,P4,bg,944,0.31231755018234253,0.14321500211954116,0.16910254806280137,0.3605303926666701,0.1291011815153163,0.2314292111513538
01329,P5,all,320,0.2762572169303894,0.1523832008242607,0.12387401610612869,0.2879496691373522,0.1257336716248703,0.1622159975124819
01329,P5,fg,81,0.23166044056415558,0.1624903693795204,0.06917007118463517,0.20433532578623978,0.11459581786049455,0.08973950792574523
01329,P5,bg,239,0.32863709330558777,0.21428478956222535,0.11435230374336242,0.3352364375920579,0.1312649028336544,0.2039715347584035
01332,P3,all,5120,0.2695564329624176,0.09214316904544831,0.1774132639169693,0.4906451312449425,0.20829301253015756,0.28235211871478494
01332,P3,fg,382,0.47804585099220276,0.12264006286859512,0.3554057881236076,0.6633486558983289,0.14292150908715825,0.5204271468111706
01332,P3,bg,4738,0.23086737096309662,0.09809512943029404,0.1327722415328026,0.41288907871097685,0.22157141442033956,0.1913176642906373
01332,P4,all,1280,0.3180088698863983,0.11341887861490249,0.20458999127149582,0.5973254358164787,0.15544483844163776,0.4418805973748409
01332,P4,fg,98,0.5387699604034424,0.15543172657489776,0.3833382338285446,0.668632807111309,-0.016872147070945996,0.685504954182255
01332,P4,bg,1182,0.23573245108127594,0.1303743451833725,0.10535810589790345,0.38830305883293137,0.19104973995032848,0.1972533188826029
01332,P5,all,320,0.318429559469223,0.15999762415885926,0.15843193531036376,0.42692934977139807,0.16900787812165127,0.25792147164974677
01332,P5,fg,22,0.6290541887283325,0.45292654633522034,0.17612764239311218,0.7871478662642343,0.24331451406802923,0.5438333521962051
01332,P5,bg,298,0.26782914996147156,0.16755929291248323,0.10026985704898833,0.32353400663576964,0.15807554860820924,0.1654584580275604
01333,P3,all,5120,0.3933967351913452,0.058107152581214905,0.3352895826101303,0.5498787230731703,0.1853411651310753,0.364537557942095
01333,P3,fg,2309,0.41507458686828613,0.019267570041120053,0.39580701682716607,0.4587817235607225,0.06747179622670159,0.3913099273340209
01333,P3,bg,2811,0.3796851336956024,0.1966478019952774,0.18303733170032502,0.6459254286092648,0.34114172699264644,0.3047837016166184
01333,P4,all,1280,0.4777868986129761,0.07815541177988053,0.3996314868330956,0.7146213481963949,0.10584401944913642,0.6087773287472584
01333,P4,fg,551,0.4980264902114868,0.029964850470423698,0.46806163974106313,0.6353914343741156,0.07446899145313117,0.5609224429209845
01333,P4,bg,729,0.36687710881233215,0.2165459394454956,0.15033116936683655,0.5431333138939529,0.21450537031813316,0.32862794357581976
01333,P5,all,320,0.3516775965690613,0.28159171640872954,0.07008588016033174,0.12508325836900736,0.24358216022449639,-0.11849890185548903
01333,P5,fg,154,0.2340409755706787,0.23232464492321014,0.001716330647468567,-0.019884192478123036,0.18340020198701842,-0.20328439446514146
01333,P5,bg,166,0.46569228172302246,0.3699847996234894,0.09570748209953306,0.254859895258804,0.2697849230572358,-0.0149250277984318
01335,P3,all,5120,0.3154259920120239,0.07035665139555931,0.24506934061646463,0.42088630093028434,0.1752596920829421,0.24562660884734225
01335,P3,fg,66,0.7945230603218079,0.33845844864845276,0.4560646116733551,0.6513588612604136,0.06949649679221026,0.5818623644682034
01335,P3,bg,5054,0.3136868178844452,0.07173257246613503,0.24195424541831018,0.39912884083857114,0.17872146295621325,0.2204073778823579
01335,P4,all,1280,0.2919680178165436,0.10591929256916047,0.1860487252473831,0.4384119615531927,0.10318796541543682,0.3352239961377559
01335,P4,fg,21,0.9178537130355835,0.3816929519176483,0.5361607611179352,0.9338264264261701,-0.014558706204796434,0.9483851326309665
01335,P4,bg,1259,0.2866407632827759,0.10901930332183837,0.1776214599609375,0.37940687623767494,0.10817508472496265,0.27123179151271226
01335,P5,all,320,0.4677421450614929,0.2542648077011108,0.2134773373603821,0.4410026690032383,0.10967636572519417,0.33132630327804413
01335,P5,fg,5,,,,,,
01335,P5,bg,315,0.46148383617401123,0.263204300403595,0.19827953577041624,0.39678116953977743,0.12899344939561028,0.2677877201441672
01336,P3,all,5120,0.23183892667293549,0.07910623922944068,0.1527326874434948,0.40732203055089167,0.15346720433049602,0.2538548262203957
01336,P3,fg,249,0.8397783041000366,0.13566674292087555,0.7041115611791611,0.8523105651988294,0.10826947160195173,0.7440410935968776
01336,P3,bg,4871,0.21010327339172363,0.08151324316859246,0.12859003022313117,0.3628726761090154,0.15882775225204457,0.20404492385697084
01336,P4,all,1280,0.2563028931617737,0.1061317890882492,0.15017110407352446,0.3484687560240074,0.06799264328081009,0.2804761127431973
01336,P4,fg,65,0.8712807297706604,0.15511832535266876,0.7161624044179916,0.8884085800750249,0.0417863403678533,0.8466222397071715
01336,P4,bg,1215,0.2351723462343216,0.1089462086558342,0.12622613757848739,0.2769423276231015,0.06803116623361012,0.2089111613894914
01336,P5,all,320,0.4168524742126465,0.2396770805120468,0.17717539370059968,0.20997299698969923,0.11449380487213909,0.09547919211756015
01336,P5,fg,16,0.7223002314567566,0.5505687117576599,0.17173151969909672,0.3356754551934856,0.011338698200833186,0.3243367569926524
01336,P5,bg,304,0.39298737049102783,0.2508673071861267,0.14212006330490112,0.1327279759432278,0.12596598128326628,0.006761994659961523
01337,P3,all,5120,0.5374079346656799,0.06257181614637375,0.4748361185193062,0.5440130983853797,0.16809837343618791,0.37591472494919176
01337,P3,fg,2400,0.57478928565979,0.03291838504374027,0.5418709006160498,0.44635896232656647,0.07139399596017133,0.37496496636639515
01337,P3,bg,2720,0.4896646738052368,0.20559036433696748,0.28407430946826934,0.5995685971093293,0.3999315489517149,0.1996370481576144
01337,P4,all,1280,0.5282189846038818,0.07047829255461693,0.45774069204926493,0.6459375887362538,0.10494289744142864,0.5409946912948252
01337,P4,fg,610,0.5426826477050781,0.03797313272953033,0.5047095149755478,0.5362000764282735,0.05150172922952549,0.484698347198748
01337,P4,bg,670,0.534285843372345,0.25507207214832306,0.2792137712240219,0.5927046642670777,0.2952351957072734,0.2974694685598043
01337,P5,all,320,0.41816020011901855,0.2034107893705368,0.21474941074848175,0.34618782783500734,0.24696413907952058,0.09922368875548676
01337,P5,fg,128,0.39827796816825867,0.18129332065582277,0.2169846475124359,0.31365599771622715,0.18756076221257204,0.12609523550365512
01337,P5,bg,192,0.45586925745010376,0.32318158745765685,0.1326876699924469,0.3497148728120828,0.30457396664704867,0.045140906165034134
01341,P3,all,5120,0.43182629346847534,0.05485590025782585,0.3769703932106495,0.6539577102805627,0.05505229090412509,0.5989054193764376
01341,P3,fg,494,0.8681886196136475,0.03411279916763306,0.8340758204460144,0.8640999888079938,0.024334373564095946,0.8397656152438978
01341,P3,bg,4626,0.38440707325935364,0.0708571806550026,0.31354989260435107,0.5572971576626728,0.10169171663143786,0.455605441031235
01341,P4,all,1280,0.5892608165740967,0.07337009012699128,0.5158907264471054,0.797634618129618,0.03922872852840934,0.7584058896012087
01341,P4,fg,133,0.9060355424880981,0.07030832022428513,0.835727222263813,0.9509094330308402,0.038851821231736826,0.9120576117991034
01341,P4,bg,1147,0.4259762763977051,0.10495046377182007,0.32102581262588503,0.6107928776349172,0.13715338590779486,0.47363949172712233
01341,P5,all,320,0.6101363301277161,0.20957016348838806,0.400566166639328,0.6545624226930438,0.19289477381555892,0.46166764887748485
01341,P5,fg,35,0.7695298194885254,0.28922231793403624,0.48030750155448915,0.7702522956916606,0.2454378226378911,0.5248144730537696
01341,P5,bg,285,0.5928091406822205,0.2340162694454193,0.35879287123680115,0.6421386978220844,0.18824679384789442,0.45389190397419
01342,P3,all,5120,0.3644217848777771,0.08002601116895676,0.28439577370882035,0.5710914311020737,0.1713802826112894,0.3997111484907843
01342,P3,fg,795,0.5529059171676636,0.06959101632237434,0.4833149008452892,0.5315619706962228,0.09790632377501376,0.43365564692120906
01342,P3,bg,4325,0.3435351252555847,0.09832579642534256,0.24520932883024216,0.5368172647098828,0.21076278810809104,0.32605447660179177
01342,P4,all,1280,0.3978269398212433,0.0850326031446457,0.3127943366765976,0.6426869824853784,0.09138577495365899,0.5513012075317194
01342,P4,fg,182,0.6357703804969788,0.12016139775514603,0.5156089827418328,0.6197799092842272,0.04008899014301296,0.5796909191412143
01342,P4,bg,1098,0.29085206985473633,0.11345386654138565,0.17739820331335068,0.4005886577168434,0.1585300069186504,0.24205865079819297
01342,P5,all,320,0.37655192613601685,0.1632090300321579,0.21334289610385895,0.4726246160001941,0.12071000576663571,0.3519146102335584
01342,P5,fg,51,0.25908246636390686,0.2411166876554489,0.017965778708457947,0.13869260298245498,0.0029972526251183297,0.13569535035733665
01342,P5,bg,269,0.4494103193283081,0.2155717670917511,0.233838552236557,0.5879901361922505,0.1732638900858287,0.4147262461064218
01352,P3,all,5120,0.3765573501586914,0.06581373959779739,0.310743610560894,0.6289765611641929,0.12838561624273276,0.5005909449214601
01352,P3,fg,256,0.855554461479187,0.07106801047921181,0.7844864509999752,0.8506886937534922,-0.022074446211991217,0.8727631399654834
01352,P3,bg,4864,0.36146050691604614,0.07159617319703102,0.2898643337190151,0.58777918681066,0.13982971943769126,0.4479494673729687
01352,P4,all,1280,0.31374308466911316,0.083584363758564,0.23015872091054917,0.4190600882049764,0.08576624305501387,0.3332938451499625
01352,P4,fg,61,0.8808382749557495,0.13268860578536987,0.7481496691703796,0.9282951533928814,0.058802890831525345,0.869492262561356
01352,P4,bg,1219,0.29381272196769714,0.09319647252559662,0.20061624944210052,0.31795057401854937,0.09584724795338644,0.22210332606516292
01352,P5,all,320,0.4317610263824463,0.26772233843803406,0.16403868794441223,0.5439181033201549,0.13352711676202597,0.4103909865581289
01352,P5,fg,13,0.6750945448875427,0.42183753848075867,0.25325700640678406,0.2555537511068803,-0.019792247200993828,0.2753459983078741
01352,P5,bg,307,0.4262019395828247,0.2876009911298752,0.1386009484529495,0.5562650427507005,0.14371638492801347,0.41254865782268707
01354,P3,all,5120,0.40237709879875183,0.06232296377420425,0.34005413502454757,0.6467423818183481,0.1600699760437753,0.4866724057745728
01354,P3,fg,288,0.6784170269966125,0.16969427168369294,0.5087227553129197,0.6752464334377988,0.17376045291952996,0.5014859805182688
01354,P3,bg,4832,0.3836789131164551,0.06751702204346657,0.31616189107298853,0.5995133238978391,0.16876937666820577,0.4307439472296333
01354,P4,all,1280,0.4244743585586548,0.08022551238536835,0.34424884617328644,0.6975761850012518,0.11351920057823014,0.5840569844230217
01354,P4,fg,79,0.7658677697181702,0.22007260024547576,0.5457951694726944,0.7460282988916155,0.09503480663610905,0.6509934922555064
01354,P4,bg,1201,0.3758695125579834,0.08590921908617019,0.2899602934718132,0.5529001587629242,0.11132042050490024,0.441579738258024
01354,P5,all,320,0.6879194974899292,0.21365368664264678,0.4742658108472824,0.7916691643785108,0.18548072177481356,0.6061884426036972
01354,P5,fg,18,0.7777917385101318,0.32158887982368467,0.45620285868644717,0.7865188697513535,0.014777291624538214,0.7717415781268153
01354,P5,bg,302,0.5401608347892761,0.2788196265697479,0.2613412082195282,0.6455755566188177,0.22219748177807666,0.4233780748407411
01355,P3,all,5120,0.41215160489082336,0.0529464416205883,0.35920516327023505,0.6610314288874815,0.10854124302619954,0.552490185861282
01355,P3,fg,1097,0.7787151336669922,0.032638111338019374,0.7460770223289728,0.8290482535989974,0.06063083135423715,0.7684174222447602
01355,P3,bg,4023,0.297934889793396,0.08833424299955368,0.20960064679384233,0.37855736819519087,0.16277780908944708,0.21577955910574378
01355,P4,all,1280,0.48379164934158325,0.057432816922664644,0.4263588324189186,0.647648942627571,0.06896976415000915,0.5786791784775619
01355,P4,fg,267,0.8200682401657104,0.05050283297896385,0.7695654071867466,0.8921891160577918,0.054735660948785535,0.8374534551090063
01355,P4,bg,1013,0.2773726284503937,0.1042810097336769,0.17309161871671677,0.2868652910826229,0.12522809152242415,0.16163719956019873
01355,P5,all,320,0.4974738359451294,0.20033224523067475,0.2971415907144547,0.5272512325072846,0.14340758386276894,0.3838436486445156
01355,P5,fg,67,0.6833746433258057,0.23006510138511657,0.45330954194068906,0.735747099229388,0.13910976526155286,0.5966373339678351
01355,P5,bg,253,0.3862071931362152,0.24861884117126465,0.13758835196495056,0.3643187242964377,0.14988884207234093,0.21442988222409676
01359,P3,all,5120,0.20688898861408234,0.0764364056289196,0.13045258298516274,0.33828002281604685,0.11383658214823891,0.22444344066780794
01359,P3,fg,759,0.2568514943122864,0.11562711969017983,0.14122437462210655,0.42103016855587644,0.09357951650993136,0.3274506520459451
01359,P3,bg,4361,0.21217262744903564,0.08115679621696473,0.13101583123207092,0.3779088937493421,0.1174457538180483,0.26046313993129383
01359,P4,all,1280,0.29195263981819153,0.08656860440969467,0.20538403540849687,0.40483506649178247,0.10340145080286586,0.3014336156889166
01359,P4,fg,193,0.24209748208522797,0.11767575964331627,0.1244217224419117,0.2514247333690342,0.07531853677456837,0.17610619659446583
01359,P4,bg,1087,0.25456294417381287,0.10486366450786591,0.14969927966594695,0.35249935704358404,0.13458367070021096,0.21791568634337308
01359,P5,all,320,0.2959524989128113,0.17639169096946716,0.11956080794334412,0.26673471461188175,0.1325719015769969,0.13416281303488486
01359,P5,fg,49,0.2203597128391266,0.2748510271310806,-0.05449131429195403,-0.020737175348053426,-0.021430703510791644,0.0006935281627382175
01359,P5,bg,271,0.3307356834411621,0.2189820498228073,0.1117536336183548,0.33545378058485,0.18663944683691708,0.1488143337479329
01368,P3,all,5120,0.4764406085014343,0.08505787849426269,0.3913827300071716,0.7358252057158021,0.19294691678791429,0.5428782889278878
01368,P3,fg,141,0.7676991820335388,0.11073105484247207,0.6569681271910668,0.7171712181121928,0.03025033764466688,0.6869208804675259
01368,P3,bg,4979,0.46802374720573425,0.08859739899635315,0.3794263482093811,0.7332270067634808,0.20414042109214253,0.5290865856713383
01368,P4,all,1280,0.4630485475063324,0.15971235632896424,0.30333619117736815,0.6479863897933492,0.17045902682682684,0.4775273629665224
01368,P4,fg,37,0.8684808611869812,0.22327812314033507,0.6452027380466461,0.9456250106438749,-0.08512986267953224,1.030754873323407
01368,P4,bg,1243,0.4531759023666382,0.17207931578159333,0.2810965865850449,0.6017690447242566,0.20409202903827253,0.3976770156859841
01368,P5,all,320,0.4588377773761749,0.28689799904823304,0.17193977832794188,0.4994230755501207,0.2262610228871725,0.27316205266294824
01368,P5,fg,8,0.9149103164672852,0.6825264096260071,0.23238390684127808,0.4629272698343292,0.12409830567746756,0.33882896415686165
01368,P5,bg,312,0.45398029685020447,0.28847543597221376,0.1655048608779907,0.501423361184382,0.22749954702510977,0.27392381415927225
01374,P3,all,5120,0.4894764721393585,0.048947156965732576,0.4405293151736259,0.6762044340867704,0.1166342278664269,0.5595702062203436
01374,P3,fg,798,0.763308584690094,0.03375814743340015,0.7295504372566939,0.7678197250098415,-0.0020645712266961257,0.7698842962365376
01374,P3,bg,4322,0.4125761389732361,0.08047757893800736,0.33209856003522875,0.5294949980801134,0.20629795357446148,0.3231970445056519
01374,P4,all,1280,0.6575360298156738,0.054239857196807864,0.6032961726188659,0.813527703939564,0.023691148924561572,0.7898365550150024
01374,P4,fg,200,0.7962345480918884,0.06709497272968293,0.7291395753622055,0.8519701008127534,-0.030180113322832203,0.8821502141355856
01374,P4,bg,1080,0.48933494091033936,0.09905297458171844,0.3902819663286209,0.5552889101667478,0.05995561158842685,0.4953332985783209
01374,P5,all,320,0.6010587811470032,0.1807629644870758,0.4202958166599274,0.6713574738205783,0.13127475677432968,0.5400827170462487
01374,P5,fg,46,0.6732321977615356,0.26171223521232606,0.4115199625492096,0.6297600352802549,0.19779709699841086,0.43196293828184407
01374,P5,bg,274,0.5848316550254822,0.21202543377876282,0.37280622124671936,0.6792280875343656,0.1200016310922107,0.5592264564421549
01382,P3,all,5120,0.5164534449577332,0.05498293936252594,0.4614705055952072,0.6585060895480478,0.16365794324116786,0.4948481463068799
01382,P3,fg,1657,0.6231856346130371,0.032804982364177705,0.5903806522488594,0.7179976643849005,0.04678788207266133,0.6712097823122392
01382,P3,bg,3463,0.5283821821212769,0.08957590758800507,0.4388062745332718,0.6385971202229432,0.21661215724195762,0.42198496298098565
01382,P4,all,1280,0.588422954082489,0.06692873984575272,0.5214942142367363,0.800630835609422,0.040827021836310304,0.7598038137731118
01382,P4,fg,402,0.7657190561294556,0.05723152831196785,0.7084875278174877,0.8529390427130032,-0.020158407681514962,0.8730974503945182
01382,P4,bg,878,0.49585604667663574,0.13634929805994034,0.3595067486166954,0.63115411848319,0.12747395660996114,0.503680161873229
01382,P5,all,320,0.67606121301651,0.12323097884654999,0.55283023416996,0.8116460154229993,0.05854033259765312,0.7531056828253462
01382,P5,fg,104,0.7921807169914246,0.14911132156848908,0.6430693954229355,0.8747874610025593,0.00882525798952044,0.865962203013039
01382,P5,bg,216,0.4423671066761017,0.26387219727039335,0.17849490940570834,0.2904911411811309,0.15173233997499186,0.13875880120613904
01384,P3,all,5120,0.8210949301719666,0.019739658385515214,0.8013552717864514,0.8596868847265742,0.04784749327989694,0.8118393914466773
01384,P3,fg,3479,0.833402156829834,0.01552730742841959,0.8178748494014144,0.8185689778489487,0.04708858444564998,0.7714803934032987
01384,P3,bg,1641,0.60854172706604,0.19063132703304292,0.4179104000329971,0.773853579396408,0.3410614832195525,0.4327920961768555
01384,P4,all,1280,0.8724592328071594,0.03259105794131756,0.8398681748658419,0.9318020611633968,0.0003587078176719379,0.9314433533457249
01384,P4,fg,870,0.8645873665809631,0.027517383545637132,0.837069983035326,0.9058573855177214,0.020334033332669803,0.8855233521850516
01384,P4,bg,410,0.7509036064147949,0.2087930202484131,0.5421105861663819,0.8525452897324575,0.21966319521606711,0.6328820945163903
01384,P5,all,320,0.6229923963546753,0.23540515303611756,0.38758724331855776,0.5390353891929248,0.20659867486176742,0.3324367143311574
01384,P5,fg,217,0.6816178560256958,0.20677270889282226,0.4748451471328735,0.6284797566412126,0.11417427111425993,0.5143054855269527
01384,P5,bg,103,0.6045650243759155,0.3525731205940247,0.25199190378189085,0.45466400930922213,0.3309723508753815,0.12369165843384061
01391,P3,all,5120,0.1994759887456894,0.06286105141043663,0.13661493733525276,0.4499154105796307,0.14243049464310434,0.3074849159365264
01391,P3,fg,76,0.826725423336029,0.21215480864048003,0.614570614695549,0.7009206659301466,-0.009312012941091652,0.7102326788712382
01391,P3,bg,5044,0.1935204267501831,0.06430060416460037,0.12921982258558273,0.4256719645204242,0.1496334736149734,0.27603849090545085
01391,P4,all,1280,0.23430787026882172,0.10101488754153251,0.1332929827272892,0.33643941392758886,0.10103524826486923,0.23540416566271963
01391,P4,fg,12,0.9055604338645935,0.3339006811380386,0.5716597527265549,0.7741910725965672,0.07869018745756604,0.6955008851390011
01391,P4,bg,1268,0.22865718603134155,0.10219708010554314,0.12646010592579843,0.29777639623535096,0.10703591988667674,0.19074047634867422
01391,P5,all,320,0.31894591450691223,0.2785067856311798,0.04043912887573242,0.30336228180959934,0.18438140400990266,0.11898087779969668
01391,P5,fg,6,,,,,,
01391,P5,bg,314,0.3283211290836334,0.2835985690355301,0.04472256004810332,0.31523680950206157,0.18607037056056203,0.12916643894149954
01394,P3,all,5120,0.5343726277351379,0.047147879004478456,0.48722474873065946,0.7015738955014246,0.0647606346625632,0.6368132608388614
01394,P3,fg,343,0.8781715035438538,0.03935435004532337,0.8388171534985304,0.8145179963375684,-0.009799815546476012,0.8243178118840444
01394,P3,bg,4777,0.4328482151031494,0.07531362175941467,0.3575345933437347,0.5404849014315751,0.1624097372451677,0.3780751641864074
01394,P4,all,1280,0.6025671362876892,0.055189143121242526,0.5473779931664466,0.745593092777365,0.015168271771987906,0.7304248210053771
01394,P4,fg,90,0.8915171027183533,0.11763907670974731,0.773878026008606,0.8866125006211067,-0.036735456560429966,0.9233479571815367
01394,P4,bg,1190,0.4734398126602173,0.10807185620069504,0.36536795645952225,0.47731398056071234,0.10947046523964077,0.36784351532107157
01394,P5,all,320,0.556611180305481,0.1691792994737625,0.3874318808317184,0.6634973100650741,0.12961009889294556,0.5338872111721285
01394,P5,fg,24,0.8376241326332092,0.2758070707321167,0.5618170619010925,0.822482345789358,-0.02471679341444769,0.8471991392038056
01394,P5,bg,296,0.5017885565757751,0.21821560263633727,0.2835729539394379,0.5782446710116408,0.1886226975482773,0.38962197346336347
01396,P3,all,5120,0.3958129286766052,0.05311173647642135,0.34270119220018386,0.6283390673433882,0.13018780263693103,0.49815126470645715
01396,P3,fg,249,0.7000628709793091,0.13367884904146193,0.5663840219378471,0.826666097351941,-0.0432816884340648,0.8699477857860057
01396,P3,bg,4871,0.39161986112594604,0.05586744099855423,0.3357524201273918,0.6177405710901744,0.1413558329768499,0.47638473811332455
01396,P4,all,1280,0.37326672673225403,0.08934310227632522,0.2839236244559288,0.6387073169250742,0.07141324275203098,0.5672940741730432
01396,P4,fg,64,0.8511154055595398,0.2018854409456253,0.6492299646139145,0.900957227270071,-0.06753148285043124,0.9684887101205022
01396,P4,bg,1216,0.3702198266983032,0.09915688633918762,0.2710629403591156,0.5561009974112516,0.10856147606488373,0.4475395213463679
01396,P5,all,320,0.40112459659576416,0.2462656617164612,0.15485893487930297,0.4020410627814971,0.06693438894137761,0.3351066738401195
01396,P5,fg,16,0.5568309426307678,0.4170379340648651,0.1397930085659027,0.19261179153134078,-0.060536505737048385,0.25314829726838917
01396,P5,bg,304,0.39666715264320374,0.27112051844596863,0.1255466341972351,0.3946669505368756,0.10760621070999155,0.28706073982688407
01398,P3,all,5120,0.4348120093345642,0.04078220278024673,0.39402980655431746,0.5700659768542389,0.05164210427370443,0.5184238725805345
01398,P3,fg,841,0.5227078795433044,0.04506602101027966,0.47764185853302477,0.5476979174229227,-0.0001444725101642591,0.547842389933087
01398,P3,bg,4279,0.4538269639015198,0.04650893956422806,0.4073180243372917,0.5962045664509338,0.06771040562235273,0.528494160828581
01398,P4,all,1280,0.4970400035381317,0.05675368905067444,0.44028631448745725,0.7069787692725502,0.018819527747980378,0.6881592415245699
01398,P4,fg,209,0.5806099772453308,0.07210843861103058,0.5085015386343003,0.6495349455361846,-0.01558953542178955,0.6651244809579742
01398,P4,bg,1071,0.5021940469741821,0.06442632526159286,0.43776772171258926,0.7079274995129604,0.0364599240498285,0.671467575463132
01398,P5,all,320,0.46857398748397827,0.21525300145149232,0.253320986032486,0.5142601605221786,0.09173798884257509,0.4225221716796035
01398,P5,fg,58,0.5472919344902039,0.3133294224739075,0.23396251201629636,0.1540708340470459,0.020852492372379967,0.13321834167466595
01398,P5,bg,262,0.5028595328330994,0.24762606620788574,0.2552334666252136,0.568248153550045,0.09835257302524332,0.4698955805248017
01400,P3,all,5120,0.31044164299964905,0.06369576379656791,0.24674587920308114,0.5310711871815144,0.06120838259330612,0.4698628045882082
01400,P3,fg,658,0.4897938370704651,0.039443477243185046,0.45035035982728006,0.5094173145259636,0.049847793477786874,0.4595695210481767
01400,P3,bg,4462,0.32538658380508423,0.07959473729133607,0.24579184651374816,0.4514908735803575,0.07161759877250792,0.3798732748078496
01400,P4,all,1280,0.4173937439918518,0.07370227202773094,0.34369147196412086,0.603482523556676,0.035795860418569664,0.5676866631381063
01400,P4,fg,166,0.511399507522583,0.06642933338880538,0.4449701741337776,0.5776771989626479,-0.024098287442545514,0.6017754864051934
01400,P4,bg,1114,0.3238116502761841,0.09777982831001282,0.22603182196617128,0.3412496622945217,0.08750965843315396,0.25374000386136775
01400,P5,all,320,0.3295544981956482,0.1445916473865509,0.1849628508090973,0.21267857865870887,0.0732114152499846,0.13946716340872428
01400,P5,fg,47,0.3456990420818329,0.2337401956319809,0.11195884644985199,0.0869684879639764,0.03992213644401069,0.0470463515199657
01400,P5,bg,273,0.3248279392719269,0.18395942747592925,0.14086851179599763,0.18510594319301998,0.08214097655731001,0.10296496663570998
01415,P3,all,5120,0.561463475227356,0.05862184390425682,0.5028416313230991,0.7386783523091267,0.11002279378053843,0.6286555585285882
01415,P3,fg,1046,0.8306248784065247,0.07204094156622887,0.7585839368402958,0.8100212984563516,0.11431093495915497,0.6957103634971966
01415,P3,bg,4074,0.4872415065765381,0.061732235550880435,0.42550927102565766,0.6399375630297301,0.148552857589688,0.49138470544004215
01415,P4,all,1280,0.6538612246513367,0.06324063912034035,0.5906205855309963,0.8441085209413387,0.02731516892436216,0.8167933520169766
01415,P4,fg,239,0.9092516303062439,0.098311498016119,0.8109401322901248,0.8922439163787139,-0.06205067633938336,0.9542945927180972
01415,P4,bg,1041,0.45875516533851624,0.08880504965782166,0.3699501156806946,0.650827234844073,0.08072745515262747,0.5700997796914455
01415,P5,all,320,0.6541404724121094,0.196883687376976,0.45725678503513334,0.7490907955053281,0.10930207474902351,0.6397887207563046
01415,P5,fg,79,0.77839195728302,0.2119675248861313,0.5664244323968888,0.7822299243659224,-0.03317465044105374,0.8154045748069761
01415,P5,bg,241,0.6015810370445251,0.28212257027626036,0.3194584667682648,0.689023636467882,0.2072795911515531,0.4817440453163289
01418,P3,all,5120,0.4761171340942383,0.06963093057274819,0.4064862035214901,0.5917232694129543,0.10691005395177326,0.484813215461181
01418,P3,fg,1415,0.7926643490791321,0.08402841538190842,0.7086359336972237,0.7985592287836933,0.03827063992266429,0.760288588861029
01418,P3,bg,3705,0.40117841958999634,0.09405273795127869,0.3071256816387177,0.464108155206161,0.22060337009720216,0.24350478510895884
01418,P4,all,1280,0.5934720635414124,0.09114001840353012,0.5023320451378822,0.7294470590080452,0.01988651050494837,0.7095605485030968
01418,P4,fg,346,0.9068855047225952,0.12536889612674712,0.781516608595848,0.9241845321463832,-0.04849834839709466,0.9726828805434778
01418,P4,bg,934,0.36293524503707886,0.17623368203639983,0.18670156300067903,0.3258303653981863,0.20907759397089837,0.1167527714272879
01418,P5,all,320,0.5648343563079834,0.22821701169013978,0.33661734461784365,0.4370459290367303,0.09772053483217749,0.33932539420455277
01418,P5,fg,94,0.7026627063751221,0.29316569566726686,0.4094970107078552,0.34008871804594915,0.05905514316925757,0.28103357487669156
01418,P5,bg,226,0.5740684866905212,0.3206209123134613,0.25344757437705995,0.48855083786622916,0.1859575908844453,0.30259324698178386
01431,P3,all,5120,0.550851583480835,0.05867560282349586,0.4921759806573391,0.7114847121060139,0.11272564406864247,0.5987590680373714
01431,P3,fg,554,0.6572546362876892,0.034626302868127824,0.6226283334195614,0.666275576662196,0.03011491420386651,0.6361606624583295
01431,P3,bg,4566,0.42375659942626953,0.10770905315876007,0.31604754626750947,0.5729759513970217,0.21899754125293963,0.3539784101440821
01431,P4,all,1280,0.6630439758300781,0.08180574849247932,0.5812382273375988,0.8482240901355548,0.07793156063426979,0.770292529501285
01431,P4,fg,133,0.7325629591941833,0.08865387439727783,0.6439090847969056,0.7720219714222061,0.04035191272776253,0.7316700586944436
01431,P4,bg,1147,0.5429127812385559,0.14383188039064407,0.3990809008479118,0.7221750060880121,0.13553389068832655,0.5866411153996856
01431,P5,all,320,0.5829610824584961,0.15004652887582778,0.4329145535826683,0.6659999721539447,0.1223429157028804,0.5436570564510643
01431,P5,fg,35,0.5407839417457581,0.28645561933517455,0.2543283224105835,0.6383027106992978,0.23159033406692936,0.4067123766323684
01431,P5,bg,285,0.6010997891426086,0.1921641558408737,0.40893563330173494,0.6391750514267837,0.14971495970542076,0.4894600917213629
01443,P3,all,5120,0.49746203422546387,0.0647197961807251,0.43274223804473877,0.532012801208257,0.14266946730415997,0.38934333390409703
01443,P3,fg,484,0.582046389579773,0.07959384769201279,0.5024525418877601,0.6511011997229362,0.09855906702214919,0.552542132700787
01443,P3,bg,4636,0.5267473459243774,0.0682921588420868,0.45845518708229066,0.5406071971913285,0.14914932052838992,0.39145787666293863
01443,P4,all,1280,0.3979957699775696,0.06550475135445595,0.33249101862311364,0.5629464907966482,0.05265277093588756,0.5102937198607606
01443,P4,fg,125,0.6297227740287781,0.13097608387470244,0.49874669015407563,0.7240532317952902,0.05529360201895909,0.6687596297763312
01443,P4,bg,1155,0.39811474084854126,0.06853539198637008,0.32957934886217116,0.5061659871730154,0.05086889822917725,0.4552970889438382
01443,P5,all,320,0.48955237865448,0.19424454271793365,0.2953078359365463,0.5882362116945374,0.17131314935390124,0.4169230623406362
01443,P5,fg,33,0.6343304514884949,0.3222275793552399,0.312102872133255,0.7118026345543451,0.1614649930881159,0.5503376414662292
01443,P5,bg,287,0.49773353338241577,0.20539450645446777,0.292339026927948,0.5634242357451107,0.1723346031884782,0.3910896325566325
01447,P3,all,5120,0.39912962913513184,0.1029190868139267,0.29621054232120514,0.73434585398437,0.24719613985172054,0.4871497141326495
01447,P3,fg,291,0.7781985998153687,0.05299540087580681,0.7252031989395619,0.8128353296989345,-0.020614891975375506,0.8334502216743099
01447,P3,bg,4829,0.34053587913513184,0.12006088644266129,0.22047499269247056,0.623920836473424,0.3318589702134127,0.2920618662600113
01447,P4,all,1280,0.47156214714050293,0.09588758796453475,0.37567455917596815,0.7045348507773569,0.04329210682651635,0.6612427439508406
01447,P4,fg,74,0.7875279188156128,0.11144312918186187,0.676084789633751,0.8309031775237292,-0.04029796671612133,0.8712011442398505
01447,P4,bg,1206,0.3348837196826935,0.11647031903266906,0.2184134006500244,0.43266761067763926,0.08762315886658079,0.3450444518110585
01447,P5,all,320,0.22163014113903046,0.15343366265296937,0.06819647848606109,0.20827280555484826,0.08130360486018741,0.12696920069466083
01447,P5,fg,18,0.7703130841255188,0.36228653192520144,0.40802655220031736,0.016544768983656952,-0.014530804435683409,0.031075573419340363
01447,P5,bg,302,0.21350273489952087,0.1536729782819748,0.05982975661754608,0.20757669060235748,0.07482192237402752,0.13275476822832996
01464,P3,all,5120,0.308756947517395,0.09442641437053681,0.2143305331468582,0.5311176935961341,0.2273362321351625,0.3037814614609716
01464,P3,fg,1800,0.516652524471283,0.06723056361079216,0.4494219608604908,0.5655161289091941,0.0741541229526631,0.491362005956531
01464,P3,bg,3320,0.2568603456020355,0.15698360204696654,0.09987674355506898,0.5207210761572325,0.2980815143567791,0.2226395618004534
01464,P4,all,1280,0.29303738474845886,0.09492994844913483,0.19810743629932404,0.4805495456504131,0.021773181266050195,0.45877636438436287
01464,P4,fg,437,0.45903339982032776,0.09005944728851319,0.3689739525318146,0.5787781796268128,0.018949482512239657,0.5598286971145732
01464,P4,bg,843,0.2881052494049072,0.18825689256191253,0.0998483568429947,0.30621262310168557,0.08813924287472776,0.21807338022695782
01464,P5,all,320,0.4996710419654846,0.23941341042518616,0.26025763154029846,0.6341653716184771,0.041748714238810394,0.5924166573796666
01464,P5,fg,108,0.6342357397079468,0.2240964412689209,0.41013929843902586,0.7373508890026991,-0.0715269653724627,0.8088778543751618
01464,P5,bg,212,0.5131140351295471,0.3454979360103607,0.1676160991191864,0.4079234107816074,0.15938869986584264,0.24853471091576473
