id,rgb_gt,ir_gt,class_id,iou,center_shift_norm,center_shift_over_rgb_sqrt_area,dx_norm,dy_norm,rgb_hit,ir_hit,rgb_pred_iou,ir_pred_iou,rgb_wrong_class_overlap,ir_wrong_class_overlap,ir_minus_rgb_loc_iou,rgb_luminance
00006,0,0,0,1.0,0.0,0.0,0.0,0.0,True,True,0.8353398039196979,0.9278674727771149,False,False,0.09252766885741703,7.644718647003174
00006,1,1,0,1.0,0.0,0.0,0.0,0.0,True,True,0.7888284048121893,0.8951898213363032,False,False,0.1063614165241139,7.644718647003174
00006,2,2,0,1.0,0.0,0.0,0.0,0.0,True,True,0.9332967546547752,0.9177080887503193,False,False,-0.015588665904455956,7.644718647003174
00006,3,3,0,1.0,0.0,0.0,0.0,0.0,True,True,0.8517657914016846,0.8994869529694015,False,False,0.047721161567716885,7.644718647003174
00006,4,4,0,1.0,0.0,0.0,0.0,0.0,True,True,0.8610466467180948,0.8414861635676316,False,False,-0.019560483150463215,7.644718647003174
00006,5,7,0,1.0,0.0,0.0,0.0,0.0,True,True,0.7582318791458654,0.9571042798725846,False,False,0.1988724007267192,7.644718647003174
00006,6,8,1,1.0,0.0,0.0,0.0,0.0,False,True,0.0,0.9153099702644746,False,True,0.9153099702644746,7.644718647003174
00006,7,9,0,0.6658878764608241,0.008414320011147638,0.12755109917848795,-0.0031249999999999334,-0.0078125,True,True,0.7561762665747223,0.9056434746907907,False,False,0.1494672081160684,7.644718647003174
00006,8,10,0,1.0,0.0,0.0,0.0,0.0,False,True,0.0,0.9154272523144339,False,False,0.9154272523144339,7.644718647003174
00006,9,11,0,1.0,0.0,0.0,0.0,0.0,True,True,0.8703584301065596,0.9445164164016518,False,False,0.07415798629509229,7.644718647003174
00006,10,13,0,1.0,0.0,0.0,0.0,0.0,False,True,0.0,0.9589024216966854,False,False,0.9589024216966854,7.644718647003174
00006,11,14,0,1.0,0.0,0.0,0.0,0.0,False,True,0.0,0.9408179380633401,False,False,0.9408179380633401,7.644718647003174
00006,12,15,0,1.0,0.0,0.0,0.0,0.0,True,True,0.7500600194431634,0.8901001152324991,False,False,0.14004009578933574,7.644718647003174
00006,13,16,0,1.0,0.0,0.0,0.0,0.0,True,True,0.8266083222432496,0.9314735625701083,False,False,0.10486524032685862,7.644718647003174
00006,14,17,0,1.0,0.0,0.0,0.0,0.0,False,True,0.0,0.964460448013198,False,False,0.964460448013198,7.644718647003174
00006,15,18,0,1.0,0.0,0.0,0.0,0.0,False,True,0.0,0.7784847893723926,False,False,0.7784847893723926,7.644718647003174
00006,16,19,0,0.9642856244897994,0.001953130000000025,0.028752805246258107,0.0,-0.001953130000000025,False,True,0.0,0.9164730059855142,False,False,0.9164730059855142,7.644718647003174
00006,17,20,0,1.0,0.0,0.0,0.0,0.0,True,True,0.6726582025114533,0.9058765714417505,False,False,0.23321836893029724,7.644718647003174
00007,0,5,0,1.0,0.0,0.0,0.0,0.0,False,True,0.0,0.744978835220257,False,False,0.744978835220257,7.788209915161133
00007,1,6,0,1.0,0.0,0.0,0.0,0.0,False,True,0.0,0.9391513648105432,False,False,0.9391513648105432,7.788209915161133
00007,2,7,0,1.0,0.0,0.0,0.0,0.0,True,True,0.8809875162323231,0.9286548178842199,False,False,0.04766730165189681,7.788209915161133
00007,3,8,0,0.6666666666666669,0.009374999999999994,0.1264911064067351,-0.009374999999999994,0.0,True,True,0.7952354587236546,0.8911459245550747,False,False,0.09591046583142004,7.788209915161133
00007,4,11,0,1.0,0.0,0.0,0.0,0.0,True,True,0.82927865118042,0.8286139482793154,False,False,-0.0006647029011045413,7.788209915161133
00007,5,12,0,1.0,0.0,0.0,0.0,0.0,True,True,0.8863015336485154,0.9482015935540475,False,False,0.06190005990553216,7.788209915161133
00007,6,17,0,1.0,0.0,0.0,0.0,0.0,True,True,0.7251679881549674,0.9422680919679642,False,False,0.21710010381299683,7.788209915161133
00007,7,21,0,1.0,0.0,0.0,0.0,0.0,True,True,0.8877951223616455,0.9247583627549436,False,False,0.036963240393298125,7.788209915161133
00007,8,22,0,1.0,0.0,0.0,0.0,0.0,True,True,0.9509221392156335,0.9290163191104215,False,False,-0.021905820105212026,7.788209915161133
00007,9,24,0,1.0,0.0,0.0,0.0,0.0,True,True,0.8475677713694219,0.8796422419354483,False,False,0.032074470566026414,7.788209915161133
00007,10,25,0,1.0,0.0,0.0,0.0,0.0,True,True,0.9181463612798978,0.9114532450986791,False,False,-0.006693116181218706,7.788209915161133
00007,11,27,0,1.0,0.0,0.0,0.0,0.0,True,True,0.8058716347595466,0.828808145631881,False,False,0.022936510872334392,7.788209915161133
00007,12,28,0,1.0,0.0,0.0,0.0,0.0,True,True,0.8439950494200765,0.9085644315555775,False,False,0.06456938213550101,7.788209915161133
00007,13,29,0,1.0,0.0,0.0,0.0,0.0,True,True,0.7767357133745891,0.8884429238928407,False,False,0.11170721051825161,7.788209915161133
00007,14,30,0,1.0,0.0,0.0,0.0,0.0,True,True,0.9637665441620955,0.9410187789788274,False,False,-0.022747765183268154,7.788209915161133
00007,15,31,0,1.0,0.0,0.0,0.0,0.0,True,True,0.8503024166098122,0.8561126710293363,False,False,0.005810254419524097,7.788209915161133
00007,16,35,0,1.0,0.0,0.0,0.0,0.0,True,True,0.8033451454611541,0.9444103064381787,False,False,0.1410651609770246,7.788209915161133
00007,17,36,0,1.0,0.0,0.0,0.0,0.0,False,True,0.0,0.8929017156837942,False,False,0.8929017156837942,7.788209915161133
00007,18,37,0,1.0,0.0,0.0,0.0,0.0,True,True,0.7956062676774296,0.9098006812399144,False,False,0.11419441356248483,7.788209915161133
00007,19,38,0,1.0,0.0,0.0,0.0,0.0,True,True,0.882518608057325,0.8685514845323775,False,False,-0.013967123524947445,7.788209915161133
00007,20,39,0,1.0,0.0,0.0,0.0,0.0,True,True,0.8286148717618709,0.9422644508187883,False,False,0.11364957905691742,7.788209915161133
00007,21,40,0,1.0,0.0,0.0,0.0,0.0,True,True,0.8393611529680765,0.9059817940381606,False,False,0.06662064107008414,7.788209915161133
00007,22,41,0,1.0,0.0,0.0,0.0,0.0,True,True,0.8594266764536265,0.8632435017887872,False,False,0.0038168253351607007,7.788209915161133
00009,0,0,0,1.0,0.0,0.0,0.0,0.0,True,True,0.7885647631324822,0.9298439589540346,False,False,0.14127919582155235,8.483622550964355
00009,1,4,0,1.0,0.0,0.0,0.0,0.0,True,True,0.892836007801575,0.9257800053728937,False,False,0.03294399757131872,8.483622550964355
00009,2,5,0,1.0,0.0,0.0,0.0,0.0,True,True,0.9088690165138339,0.9355365655403977,False,False,0.026667549026563764,8.483622550964355
00009,3,7,0,0.770491877581298,0.01367187000000003,0.2173954183078408,0.0,0.01367187000000003,False,True,0.0,0.8601093665362786,False,False,0.8601093665362786,8.483622550964355
00009,4,9,0,1.0,0.0,0.0,0.0,0.0,False,True,0.0,0.8671237526633783,False,False,0.8671237526633783,8.483622550964355
00009,5,10,0,1.0,0.0,0.0,0.0,0.0,True,True,0.9141148947330697,0.9549423747934291,False,False,0.04082748006035941,8.483622550964355
00009,6,12,0,1.0,0.0,0.0,0.0,0.0,True,True,0.9156607131943993,0.865448741767527,False,False,-0.05021197142687239,8.483622550964355
00009,7,13,0,1.0,0.0,0.0,0.0,0.0,True,True,0.8682438836608621,0.9106232413655234,False,False,0.04237935770466128,8.483622550964355
00009,8,15,0,1.0,0.0,0.0,0.0,0.0,True,True,0.753856418254889,0.8820494631441891,False,False,0.12819304488930006,8.483622550964355
00009,9,20,0,1.0,0.0,0.0,0.0,0.0,False,True,0.0,0.8280268742113185,False,False,0.8280268742113185,8.483622550964355
00009,10,21,0,1.0,0.0,0.0,0.0,0.0,True,True,0.6741748787296248,0.9186868643302465,False,False,0.2445119856006217,8.483622550964355
00009,11,23,0,1.0,0.0,0.0,0.0,0.0,True,True,0.7650658444701788,0.8545374617128372,False,False,0.0894716172426584,8.483622550964355
00013,0,7,0,1.0,0.0,0.0,0.0,0.0,True,True,0.6802975841231157,0.7942167594602657,False,False,0.11391917533715001,20.127901077270508
00013,1,8,0,1.0,0.0,0.0,0.0,0.0,True,True,0.82231577863217,0.8398356592829948,False,False,0.01751988065082477,20.127901077270508
00013,2,9,0,1.0,0.0,0.0,0.0,0.0,True,True,0.7215485160522106,0.9161628979987775,False,False,0.19461438194656688,20.127901077270508
00013,3,10,0,1.0,0.0,0.0,0.0,0.0,True,True,0.9012450487011866,0.9474348626616107,False,False,0.0461898139604241,20.127901077270508
00029,0,0,0,0.7058824813840935,0.01953123999999995,0.2879082524064477,0.0,-0.01953123999999995,True,True,0.9288167692384414,0.9333551964050889,False,False,0.004538427166647541,157.1666717529297
00029,1,1,0,0.6549063447005963,0.012719325750942931,0.2921751238848446,0.0007812499999999556,0.012695310000000001,True,True,0.8587369816964329,0.8005714750547429,False,False,-0.05816550664168996,157.1666717529297
00029,2,2,3,1.0,0.0,0.0,0.0,0.0,True,True,0.9755005859912169,0.930060841852136,False,False,-0.04543974413908092,157.1666717529297
00029,3,3,0,0.6052630950323175,0.025438661483004537,0.38058239460611515,-0.0015625000000000222,0.02539062999999997,True,True,0.8456369507217918,0.7876778538436444,False,False,-0.057959096878147376,157.1666717529297
00029,4,4,3,1.0,0.0,0.0,0.0,0.0,True,True,0.9490090614497446,0.9559484773197201,False,False,0.006939415869975485,157.1666717529297
00029,5,5,0,0.41599997444096304,0.044949045696036714,0.6446701266340527,0.0015624999999999112,-0.04492187999999997,True,True,0.8243770379558605,0.7995343391124965,False,False,-0.024842698843363986,157.1666717529297
00029,6,6,0,0.6052631986703626,0.02929687000000003,0.4477312061178869,0.0,-0.02929687000000003,True,True,0.8164029262650838,0.8137399032367023,False,False,-0.002663023028381506,157.1666717529297
00029,7,7,0,1.0,0.0,0.0,0.0,0.0,True,False,0.8159217549950675,0.0,False,False,-0.8159217549950675,157.1666717529297
00029,8,8,0,0.5659574931113512,0.01503271530020111,0.23977531408016672,-0.006249999999999978,0.01367187000000003,True,True,0.8603770230901303,0.8646895208727328,False,False,0.0043124977826024535,157.1666717529297
00029,9,9,0,0.5789473684210547,0.023644915547533674,0.35668224265054443,-0.0031249999999999334,0.0234375,True,True,0.849382803164213,0.8443318452017506,False,False,-0.005050957962462355,157.1666717529297
00029,10,10,0,0.7474380963776048,0.011793779660142828,0.14925371938666382,0.0013281200000000437,0.01171875999999994,True,True,0.8494036942241425,0.9421347560984641,False,False,0.09273106187432156,157.1666717529297
00032,0,0,0,1.0,0.0,0.0,0.0,0.0,True,True,0.7970627699962907,0.7537330295549185,False,False,-0.043329740441372167,143.8056182861328
00032,1,1,0,1.0,0.0,0.0,0.0,0.0,True,True,0.7101167940374324,0.7399803012646382,False,False,0.029863507227205766,143.8056182861328
00032,2,2,1,1.0,0.0,0.0,0.0,0.0,True,False,0.9710220204342153,0.0,False,False,-0.9710220204342153,143.8056182861328
00032,3,3,1,1.0,0.0,0.0,0.0,0.0,True,False,0.9391544014605605,0.0,False,False,-0.9391544014605605,143.8056182861328
00032,4,4,0,0.8076923076923079,0.0078125,0.09134419860235009,0.0078125,0.0,True,True,0.8944511397665074,0.9119362991865692,False,False,0.01748515942006179,143.8056182861328
00032,5,5,0,0.8640589906365888,0.005002440810494441,0.05311099284016556,0.0031250000000000444,-0.00390625,True,True,0.9163818795636778,0.9247263832431561,False,False,0.008344503679478366,143.8056182861328
00032,6,6,0,0.8523003312817701,0.006064125909552017,0.07246058261388436,0.0015624999999999112,-0.00585937000000003,True,True,0.8855806962761124,0.8847101276077157,False,False,-0.0008705686683966318,143.8056182861328
00032,7,7,0,0.7773671361884616,0.006548069700064371,0.08545465539631278,0.006250000000000089,-0.0019531299999999974,True,True,0.9409955429030981,0.9135825207460211,False,False,-0.02741302215707697,143.8056182861328
00032,8,8,0,0.6578947368421049,0.012203515118604165,0.14668590542410076,0.009375000000000022,-0.0078125,True,True,0.9583047277415243,0.8592852283861605,False,False,-0.0990194993553638,143.8056182861328
00032,9,9,0,0.737062872795659,0.008014958549293953,0.10128323630847824,0.005468750000000022,-0.005859379999999997,True,True,0.91722908510368,0.8217870203175831,False,False,-0.09544206478609685,143.8056182861328
00037,0,0,0,1.0,0.0,0.0,0.0,0.0,True,True,0.9798732402571417,0.9487652641615171,False,False,-0.031107976095624656,168.39256286621094
00037,1,1,0,1.0,0.0,0.0,0.0,0.0,True,True,0.9026098331104051,0.8343221733618064,False,False,-0.06828765974859874,168.39256286621094
00037,2,2,0,1.0,0.0,0.0,0.0,0.0,True,True,0.8503473733243535,0.7541486301601441,False,False,-0.0961987431642094,168.39256286621094
00037,3,3,0,1.0,0.0,0.0,0.0,0.0,True,True,0.9491924014369872,0.8866999149920135,False,False,-0.06249248644497374,168.39256286621094
00037,4,4,0,1.0,0.0,0.0,0.0,0.0,True,True,0.9096016821500964,0.7989004667157386,False,False,-0.11070121543435785,168.39256286621094
00037,5,5,0,1.0,0.0,0.0,0.0,0.0,True,True,0.9574630777722789,0.9012714397562012,False,False,-0.05619163801607774,168.39256286621094
00037,6,6,0,1.0,0.0,0.0,0.0,0.0,True,True,0.9549458624971136,0.9157313820570683,False,False,-0.039214480440045274,168.39256286621094
00037,7,7,0,1.0,0.0,0.0,0.0,0.0,True,True,0.9286470927436022,0.8755659524635688,False,False,-0.05308114028003341,168.39256286621094
00037,8,8,0,1.0,0.0,0.0,0.0,0.0,True,True,0.9375375937874586,0.8668446147651783,False,False,-0.07069297902228033,168.39256286621094
00037,9,9,0,1.0,0.0,0.0,0.0,0.0,True,True,0.9294425795148024,0.9206453682665735,False,False,-0.008797211248228853,168.39256286621094
00037,10,10,0,1.0,0.0,0.0,0.0,0.0,True,True,0.9206128287086189,0.8219331820735553,False,False,-0.09867964663506368,168.39256286621094
00037,11,11,2,1.0,0.0,0.0,0.0,0.0,True,True,0.8581763974469242,0.8539485871688522,False,True,-0.004227810278071953,168.39256286621094
00037,12,12,0,1.0,0.0,0.0,0.0,0.0,True,True,0.9507334025030755,0.866176661906363,False,False,-0.08455674059671248,168.39256286621094
00037,13,13,0,1.0,0.0,0.0,0.0,0.0,True,False,0.885374458821072,0.0,False,False,-0.885374458821072,168.39256286621094
00037,14,14,0,1.0,0.0,0.0,0.0,0.0,True,True,0.8196831375582043,0.7431609823843418,False,False,-0.07652215517386252,168.39256286621094
00037,15,15,0,1.0,0.0,0.0,0.0,0.0,True,True,0.9127282998536564,0.8764514630771911,False,False,-0.036276836776465315,168.39256286621094
00037,16,16,0,1.0,0.0,0.0,0.0,0.0,True,True,0.9074282315548823,0.9299722685332408,False,False,0.022544036978358495,168.39256286621094
00037,17,17,0,1.0,0.0,0.0,0.0,0.0,True,True,0.9270360675936615,0.858498985056334,False,False,-0.06853708253732749,168.39256286621094
00037,18,18,0,1.0,0.0,0.0,0.0,0.0,True,True,0.9588173386032177,0.891514829246026,False,False,-0.06730250935719173,168.39256286621094
00037,19,19,0,1.0,0.0,0.0,0.0,0.0,True,True,0.9398343965338315,0.8311636858104728,False,False,-0.10867071072335865,168.39256286621094
00043,0,0,1,0.8022550748820877,0.007911016160626822,0.05161920321914043,0.007850509999999922,0.0009765599999999874,False,True,0.0,0.9121159980880462,False,True,0.9121159980880462,21.436355590820312
00045,0,0,0,0.9293567443206233,0.003032067785950677,0.029258646338477856,-0.0007812499999999556,-0.002929689999999985,True,True,0.9228165255700376,0.854468860802142,False,False,-0.06834766476789556,66.28836059570312
00054,0,0,1,0.9514844532764664,0.0025012165009051473,0.013790082747757707,0.0015625000000000222,-0.0019531200000000304,True,True,0.9170875555906892,0.8768969080109612,False,False,-0.04019064757972801,76.79243469238281
00054,1,1,1,0.7647159479808336,0.01040119575082119,0.057607887599918195,0.008593750000000067,-0.00585937999999997,False,True,0.06307357893377005,0.8879160585465711,False,False,0.824842479612801,76.79243469238281
00054,2,2,1,0.8302748692758344,0.0065861134788963846,0.04317656203468424,0.006289850000000041,0.0019531200000000304,True,False,0.8794397068330222,0.0,False,True,-0.8794397068330222,76.79243469238281
00054,3,3,1,0.8931355422438791,0.007401850107587932,0.04724757253468433,0.002838539999999945,-0.006835939999999985,True,False,0.9408533932378699,0.0,False,True,-0.9408533932378699,76.79243469238281
00059,0,0,1,0.5909433070855608,0.027521752050652534,0.3431355715943393,0.0031250000000000444,-0.02734375999999994,False,False,0.0,0.0,True,True,0.0,86.03336334228516
00059,1,1,0,0.48486976298789686,0.03654432798280599,0.4691770385168938,0.005468750000000022,-0.036132819999999954,True,True,0.9176768068950388,0.9446681779453261,False,False,0.02699137105028726,86.03336334228516
00059,2,2,0,0.6748466324473399,0.01593443597997744,0.22537446334856787,0.0031249999999999334,-0.015625,True,True,0.9270594515792353,0.8756527373562859,False,False,-0.0514067142229494,86.03336334228516
00059,3,3,0,0.7116563262228107,0.008567078497620959,0.11986157119082573,0.006249999999999978,-0.00585937999999997,True,True,0.9272687811828301,0.8695010235327799,False,False,-0.057767757650050156,86.03336334228516
00059,4,4,0,0.8091253791992257,0.008052941887714072,0.09451098671571107,0.0078125,-0.0019531299999999696,True,True,0.9357176891915837,0.9107123395132039,False,False,-0.025005349678379862,86.03336334228516
00059,5,5,0,0.6603772248249794,0.010401195750821098,0.15958373293070188,0.008593749999999956,-0.00585937999999997,True,True,0.7973630918693552,0.8472739891315723,False,False,0.04991089726221709,86.03336334228516
00059,6,6,0,0.6109725685785534,0.011880394744994803,0.18149818424214814,0.01171875,-0.0019531200000000304,True,True,0.7825452249476785,0.7720006240128506,False,False,-0.010544600934827897,86.03336334228516
00059,7,7,0,0.7127778295690734,0.009960944117647622,0.1240733564675921,0.004687499999999956,-0.008789069999999954,True,True,0.9548157238707505,0.6962471347248628,False,False,-0.25856858914588776,86.03336334228516
00059,8,8,0,0.8189452067516005,0.006902578032597699,0.07633960769796057,0.006250000000000033,-0.002929689999999985,True,True,0.9136504452796632,0.8675402430810703,False,False,-0.046110202198592964,86.03336334228516
00059,9,9,0,0.7866038897131766,0.008560391933702567,0.09113696925605401,0.007031249999999989,-0.004882810000000015,True,True,0.9228751300130629,0.9027658218347652,False,False,-0.020109308178297702,86.03336334228516
00059,10,10,0,1.0,0.0,0.0,0.0,0.0,True,True,0.7916605577780216,0.8828594054432157,False,False,0.09119884766519415,86.03336334228516
00059,11,11,0,0.8452721175708692,0.006548069700064273,0.06962882564672039,0.006249999999999978,-0.001953130000000025,True,True,0.8784035018603304,0.9036760854772307,False,False,0.025272583616900213,86.03336334228516
00059,12,12,0,0.7947300753667815,0.007617188461538795,0.09332388622191579,0.007031249999999989,-0.002929689999999985,True,True,0.9198428979939167,0.8957211206976825,False,False,-0.024121777296234215,86.03336334228516
00059,13,13,1,0.601235102182266,0.014740595518838454,0.1980622457232412,0.012500000000000011,-0.0078125,False,False,0.0,0.0,True,True,0.0,86.03336334228516
00059,14,14,0,0.5040216903001205,0.013281241176471417,0.22696934389027695,0.006249999999999978,-0.011718740000000005,True,True,0.8558623951099561,0.8274939140104972,False,False,-0.028368481099458887,86.03336334228516
00059,15,15,0,0.7569721172425833,0.01195082698498309,0.15003606765073876,-0.0023437499999999986,-0.01171875,True,True,0.864806222384915,0.8283633738655578,False,False,-0.036442848519357196,86.03336334228516
00064,0,0,0,1.0,0.0,0.0,0.0,0.0,True,True,0.9136515690102281,0.8606054247755075,False,False,-0.05304614423472065,77.80845642089844
00064,1,1,0,1.0,0.0,0.0,0.0,0.0,True,True,0.9386840060856723,0.8636331218525618,False,False,-0.07505088423311046,77.80845642089844
00064,2,2,0,1.0,0.0,0.0,0.0,0.0,True,True,0.884663175104337,0.8638686018162421,False,False,-0.020794573288094864,77.80845642089844
00064,3,3,0,1.0,0.0,0.0,0.0,0.0,True,True,0.8785068092717832,0.8761745252807899,False,False,-0.002332283990993278,77.80845642089844
00064,4,4,0,1.0,0.0,0.0,0.0,0.0,True,True,0.8808955282368882,0.8065283446997595,False,False,-0.07436718353712868,77.80845642089844
00064,5,5,0,1.0,0.0,0.0,0.0,0.0,True,True,0.9353125425105089,0.8795513719378025,False,False,-0.05576117057270635,77.80845642089844
00064,6,6,0,1.0,0.0,0.0,0.0,0.0,True,True,0.8316529816090983,0.8251631277209351,False,False,-0.006489853888163144,77.80845642089844
00075,0,0,0,1.0,0.0,0.0,0.0,0.0,True,True,0.7589186596594648,0.6961804693372887,False,False,-0.06273819032217609,60.20131301879883
00078,0,0,0,0.3853211009174313,0.04296875,0.6133871380250219,0.04296875,0.0,True,True,0.8262019070198467,0.9409311494545682,False,False,0.11472924243472149,53.34561538696289
00129,0,0,0,0.6100558676667509,0.023901653969966193,0.26287447047065704,0.004687500000000067,-0.0234375,True,True,0.9453862378675146,0.8540911279567592,False,False,-0.0912951099107554,70.97297668457031
00129,1,1,0,0.614377621332619,0.019779670158081512,0.20031275022032757,-0.0031250000000000444,-0.01953125,True,True,0.9847772025788687,0.7990682088204706,False,False,-0.1857089937583981,70.97297668457031
00129,2,2,0,0.6059834470694128,0.016828640022295317,0.19927125018082048,-0.006249999999999978,-0.015625,True,False,0.8706726226637022,0.0,False,False,-0.8706726226637022,70.97297668457031
00130,0,0,3,0.9282517102667655,0.006835939999999985,0.033166801536145644,0.0,0.006835939999999985,True,True,0.9537627946184846,0.9577200666302123,False,False,0.003957272011727686,63.5345573425293
00130,1,1,0,0.8326722944379911,0.004367318032488602,0.07160410311956789,-0.00390625,0.0019531200000000304,True,True,0.8344706150015214,0.7156959029430635,False,False,-0.11877471205845791,63.5345573425293
00130,2,2,0,0.7732865312704997,0.004882810000000001,0.07537780141033236,1.3877787807814457e-17,-0.004882810000000001,True,True,0.893516989458543,0.9041778876412222,False,False,0.010660898182679235,63.5345573425293
00130,3,3,0,0.8311688311688312,0.00390625,0.051031036307982884,-0.00390625,0.0,True,True,0.9237767172183643,0.8943670086794407,False,False,-0.02940970853892355,63.5345573425293
00143,0,0,0,0.935483870967742,0.0015625000000000014,0.022194838080923783,-0.0015625000000000014,0.0,True,True,0.8932312368731576,0.7821016482056867,False,False,-0.11112958866747091,80.45152282714844
00143,1,1,0,1.0,0.0,0.0,0.0,0.0,True,True,0.9426700088996403,0.7901773964163938,False,False,-0.15249261248324641,80.45152282714844
00143,2,2,0,1.0,0.0,0.0,0.0,0.0,True,True,0.8678288652822952,0.8934686878097857,False,False,0.02563982252749053,80.45152282714844
00143,3,3,0,0.9426229903789318,0.001250608250452567,0.019271109261674697,0.0007812500000000007,0.0009765600000000152,True,True,0.8785783322179175,0.8876649940686903,False,False,0.009086661850772781,80.45152282714844
00143,4,4,2,1.0,0.0,0.0,0.0,0.0,True,True,0.9257121797244161,0.8232351088103803,False,True,-0.1024770709140358,80.45152282714844
00143,5,5,2,1.0,0.0,0.0,0.0,0.0,True,True,0.9243729748495716,0.9320539507183406,False,False,0.0076809758687690355,80.45152282714844
00143,6,6,3,1.0,0.0,0.0,0.0,0.0,True,True,0.8844556211064055,0.830359017323835,False,False,-0.05409660378257053,80.45152282714844
00147,0,0,2,0.7027463651050078,0.015934435979977457,0.18792043976325445,-0.0031250000000000167,-0.015625,False,False,0.0,0.0,True,False,0.0,66.81641387939453
00147,1,1,2,0.7378039135085036,0.020836629403300812,0.1687407661924928,0.003687119999999988,-0.02050781,False,True,0.0,0.8444807958114746,False,False,0.8444807958114746,66.81641387939453
00147,2,2,0,0.4831107756284517,0.03529486561898912,0.4510981296529689,-0.0031250000000000167,-0.03515625,True,True,0.8120965344173598,0.9396364425269381,False,False,0.12753990810957827,66.81641387939453
00147,3,3,2,0.9137055458929632,0.01660157000000001,0.10301710743452938,0.0,-0.01660157000000001,True,True,0.9525084094387729,0.964593558984737,False,False,0.012085149545964069,66.81641387939453
00147,4,4,2,0.4338547320250996,0.023736002817932502,0.2702946936490325,-0.01786776999999999,-0.015625,False,False,0.0,0.0,False,False,0.0,66.81641387939453
00147,5,5,2,0.8222958711763305,0.025467715668968046,0.21175115566387911,0.0007812500000000007,-0.02545573000000001,False,True,0.0,0.9638073981316909,True,False,0.9638073981316909,66.81641387939453
00147,6,6,3,0.8793103006896549,0.013671880000000025,0.12493632041424052,0.0,-0.013671880000000025,True,True,0.9689040519848409,0.9469097473896717,False,False,-0.021994304595169156,66.81641387939453
00147,7,7,3,0.7604790689031512,0.02558220492812146,0.1909740146871185,0.0031250000000000444,-0.02539062000000003,True,True,0.9240477541768893,0.8894620055574503,False,False,-0.03458574861943908,66.81641387939453
00147,8,8,3,0.791368253840769,0.021611832832025172,0.18099440504484124,0.002343749999999978,-0.02148437000000003,True,True,0.7197909668011137,0.8312481917664944,False,False,0.1114572249653808,66.81641387939453
00150,0,0,0,0.7031249386875023,0.009796830143439223,0.15263132050796757,0.0007812500000000042,-0.00976562999999997,True,True,0.7929458563789437,0.9208599479169586,False,False,0.12791409153801492,66.1106948852539
00150,1,1,2,0.7502650460070991,0.007654578468348208,0.08284073941036156,-0.0065828399999999995,-0.00390625,True,False,0.888512529207916,0.0,False,False,-0.888512529207916,66.1106948852539
00150,2,2,1,0.9420288414030773,0.003906259999999939,0.050252019407800184,0.0,-0.003906259999999939,True,False,0.7238845977777361,0.0,False,True,-0.7238845977777361,66.1106948852539
00150,3,3,0,0.8907974816562497,0.002501224309593194,0.03647340262545089,-0.0015625000000000222,-0.0019531299999999696,True,True,0.8536867981511842,0.7980371578644224,False,False,-0.05564964028676178,66.1106948852539
00172,0,0,0,0.9010212503696065,0.0030746005083099994,0.04136057813308464,-0.0029153900000000177,-0.0009765600000000013,True,True,0.8497513926658344,0.9344494035254431,False,False,0.08469801085960871,18.5416316986084
00172,1,1,0,1.0,0.0,0.0,0.0,0.0,False,True,0.016546508273422262,0.8296289851425288,False,False,0.8130824768691065,18.5416316986084
00172,2,3,0,0.914893617021277,0.0031250000000000444,0.03693269286078563,-0.0031250000000000444,0.0,True,True,0.9679009161275245,0.8414678143924949,False,False,-0.12643310173502964,18.5416316986084
00172,3,4,0,0.9205021843376683,0.0025012165009051257,0.029887177080799684,-0.0015625000000000222,-0.0019531200000000026,True,True,0.8669614884164081,0.8804816889855457,False,False,0.013520200569137608,18.5416316986084
00172,4,5,0,1.0,0.0,0.0,0.0,0.0,True,True,0.7909042930797239,0.8723854704890172,False,False,0.08148117740929328,18.5416316986084
00172,5,6,0,0.966101609606439,0.0,0.0,0.0,0.0,True,True,0.9037470824711223,0.8970594367653068,False,False,-0.0066876457058155925,18.5416316986084
00172,6,7,0,0.9531249600000002,0.0029296800000000456,0.027063224586231827,0.0,0.0029296800000000456,False,False,0.2519519698345121,0.23822481720375813,True,True,-0.013727152630753997,18.5416316986084
00172,7,8,0,0.8614976001433423,0.005078126923078968,0.05484697248657526,0.004687499999999956,0.0019531299999999696,True,True,0.8401683460905275,0.895472264861976,False,False,0.05530391877144847,18.5416316986084
00172,8,9,0,0.8846739505542239,0.0025012165009051473,0.04062706327558778,0.0015625000000000222,-0.0019531200000000304,True,True,0.8519037975005538,0.9318523448617796,False,False,0.07994854736122581,18.5416316986084
00172,9,11,0,0.7700892266007623,0.00507812692307907,0.072992281176637,-0.004687500000000067,-0.0019531299999999696,True,True,0.856847258417567,0.8905394958129036,False,False,0.033692237395336555,18.5416316986084
00172,10,12,0,1.0,0.0,0.0,0.0,0.0,True,True,0.5643255390966567,0.8977660097358561,False,True,0.33344047063919935,18.5416316986084
00172,11,13,0,0.8518518518518513,0.006250000000000033,0.10119289030646475,-0.006250000000000033,0.0,True,True,0.7022701142516616,0.717495475411139,False,False,0.015225361159477369,18.5416316986084
00172,12,14,0,0.8578593818825424,0.00436732250462453,0.059932946016671824,0.00390625,-0.0019531299999999696,True,True,0.9546707794939441,0.930596596058391,False,False,-0.02407418343555312,18.5416316986084
00172,13,15,0,0.7037037317969793,0.0078125,0.12573891569474252,0.0,-0.0078125,True,True,0.7994874253338854,0.8895624175397338,False,False,0.09007499220584836,18.5416316986084
00172,14,16,0,0.8642767212723543,0.0036851462297174038,0.05528394238583207,-0.0031250000000000444,-0.0019531200000000304,True,True,0.7904488007153828,0.7989281520099494,False,False,0.008479351294566562,18.5416316986084
00172,15,21,0,1.0,0.0,0.0,0.0,0.0,True,True,0.8772123362000338,0.9163328044981441,False,False,0.039120468298110334,18.5416316986084
00187,0,0,0,0.32584278170317044,0.025390620000000003,0.37428084605566364,-2.7755575615628914e-17,-0.025390620000000003,True,True,0.9309192346472572,0.8082154970528691,False,False,-0.12270373759438813,138.28097534179688
00187,1,1,0,0.5800055665740884,0.019779670158081502,0.21287641728629825,-0.003124999999999989,-0.01953125,True,True,0.9306079152048752,0.868237130810864,False,False,-0.062370784394011225,138.28097534179688
00187,4,2,0,0.6781138127151203,0.020522685559122143,0.29686792691043334,-0.0007812499999999556,-0.020507810000000015,True,True,0.9073936764801557,0.9464248204787392,False,False,0.03903114399858354,138.28097534179688
00187,5,3,0,0.5952538027102539,0.02348952559120767,0.3865507478306243,-0.0015625000000000222,-0.0234375,True,True,0.8476457563740256,0.7146027910820905,False,False,-0.13304296529193516,138.28097534179688
00187,6,4,0,0.6428572930612374,0.01953124000000006,0.3597213552406698,0.0,-0.01953124000000006,True,True,0.7997992283074926,0.7665185619093222,False,False,-0.0332806663981704,138.28097534179688
00187,7,5,0,0.6284987277353702,0.023644915547533674,0.2675116819879086,-0.0031249999999999334,-0.0234375,True,True,0.9720988912775097,0.8689047911862261,False,False,-0.1031941000912836,138.28097534179688
00187,8,6,0,0.7659574050882778,0.02148437999999997,0.26474152478726265,0.0,-0.02148437999999997,True,True,0.8774004725163431,0.843009132122426,False,False,-0.034391340393917114,138.28097534179688
00187,9,7,0,0.4415906810471114,0.037404260990352385,0.5133001864204941,-0.004687499999999956,-0.03710937999999997,True,True,0.9836984470223293,0.8209051954286974,False,False,-0.1627932515936319,138.28097534179688
00187,10,8,0,0.6026097242469912,0.013820031896844553,0.3175446360225632,-0.0020182300000000097,-0.01367187000000003,False,True,0.0,0.6728075297040401,False,False,0.6728075297040401,138.28097534179688
00187,11,9,0,0.7202733485193616,0.015702930658001393,0.20864918585659678,-0.0015625000000000222,-0.015625,True,True,0.8921540119261351,0.8964105537008492,False,False,0.004256541774714129,138.28097534179688
00187,12,10,0,0.7250174496978049,0.017647427829131392,0.1656284402361384,-0.0015625000000000222,-0.01757812000000003,True,True,0.9169613976429021,0.8673533381815186,False,False,-0.04960805946138347,138.28097534179688
00187,13,11,0,0.37641261847281093,0.01970597351299597,0.3913655898203989,0.0015624999999999112,-0.019643929999999976,True,True,0.8028717911307317,0.7520760714589394,False,False,-0.050795719671792305,138.28097534179688
00187,14,12,0,0.536177983572421,0.013694183228542661,0.27047146843632996,0.0007812499999999556,-0.01367187999999997,True,True,0.8974056080716155,0.8690890897807062,False,False,-0.02831651829090931,138.28097534179688
00187,15,13,0,0.5248448518745423,0.01757812000000003,0.2791096378049297,0.0,-0.01757812000000003,True,True,0.9202776865017346,0.8118710016247027,False,False,-0.10840668487703187,138.28097534179688
00187,16,14,0,0.704566684349515,0.017647427829131382,0.24443447453977624,-0.0015624999999999112,-0.01757812000000003,True,True,0.918242008693455,0.8945163490238348,False,False,-0.023725659669620147,138.28097534179688
00187,17,15,0,0.8387097466805463,0.00976562000000003,0.14521139461205992,0.0,-0.00976562000000003,True,True,0.9297614342605992,0.8689331752449689,False,False,-0.06082825901563027,138.28097534179688
00187,18,16,0,0.7012986987080428,0.015799803450122423,0.22285883780202947,-0.002343750000000089,-0.015625,True,True,0.9263419382521855,0.8460483459855604,False,False,-0.08029359226662502,138.28097534179688
00187,19,17,0,0.6239600053200288,0.021710463122291957,0.2812899123609451,-0.0031250000000000444,-0.02148437999999997,True,True,0.8614615273902558,0.8242292839508552,False,False,-0.03723224343940068,138.28097534179688
00187,20,18,0,0.8719546767059962,0.00420716000557384,0.060340110264057376,-0.0015625000000000222,-0.00390625,True,True,0.9321416672240885,0.8893194242722853,False,False,-0.04282224295180326,138.28097534179688
00187,21,19,0,0.6567163797014928,0.022460939999999985,0.3249054649816913,0.0,-0.022460939999999985,True,True,0.9326940270683417,0.8328154025417677,False,False,-0.09987862452657403,138.28097534179688
00187,22,20,0,0.6834610039081663,0.012352656596866112,0.1856954807910776,0.00390625,-0.011718759999999995,True,True,0.8901675403184022,0.8660872531076715,False,False,-0.024080287210730633,138.28097534179688
00187,23,21,0,0.6756756756756752,0.01959365031872571,0.2600661619706622,0.0015625000000000222,-0.01953125,True,True,0.8915735997859825,0.8917824241327903,False,False,0.00020882434680780104,138.28097534179688
00187,24,22,0,0.29395209150797486,0.02540264638496155,0.39315235503429424,-0.0007812500000000666,-0.025390629999999997,True,True,0.9060888607926568,0.7138018288250614,False,False,-0.19228703196759545,138.28097534179688
00187,25,23,0,0.3487287419964992,0.02149856985614158,0.33988591519704353,-0.0007812499999999556,-0.02148436999999999,True,True,0.9112725459070065,0.8737493748039341,False,False,-0.03752317110307235,138.28097534179688
00187,26,24,0,0.3701067615658359,0.023901653969966193,0.35186577527449836,0.004687500000000067,-0.0234375,True,True,0.8857088754293465,0.7868787959558213,False,False,-0.09883007947352518,138.28097534179688
00187,27,25,0,0.46495796053655064,0.0318688719599549,0.42656458578991047,-0.006249999999999978,-0.03125,True,True,0.9349041647716341,0.7622743493853825,False,False,-0.17262981538625155,138.28097534179688
00209,0,0,2,1.0,0.0,0.0,0.0,0.0,False,False,0.0,0.0,False,False,0.0,160.15306091308594
00209,1,1,0,1.0,0.0,0.0,0.0,0.0,True,True,0.9218514737314818,0.9583311925734495,False,False,0.03647971884196766,160.15306091308594
00209,2,2,0,0.9696970449219521,0.0009765600000000152,0.012757726417132681,0.0,-0.0009765600000000152,True,True,0.9027647402077489,0.8329693108979263,False,False,-0.06979542930982263,160.15306091308594
00209,3,3,0,1.0,0.0,0.0,0.0,0.0,True,True,0.7162537235823946,0.6949325610532903,False,False,-0.02132116252910432,160.15306091308594
00209,4,4,0,1.0,0.0,0.0,0.0,0.0,True,True,0.9364805442301439,0.9092116551372689,False,False,-0.02726888909287506,160.15306091308594
00209,5,5,0,1.0,0.0,0.0,0.0,0.0,True,True,0.9282029682983749,0.8394073093968338,False,False,-0.08879565890154106,160.15306091308594
00209,6,6,0,1.0,0.0,0.0,0.0,0.0,True,True,0.8734077322670657,0.845387253506074,False,False,-0.028020478760991674,160.15306091308594
00209,7,7,0,1.0,0.0,0.0,0.0,0.0,True,True,0.9476727370476331,0.9415960972817375,False,False,-0.006076639765895564,160.15306091308594
00209,8,8,0,1.0,0.0,0.0,0.0,0.0,True,True,0.9463968798032414,0.9285811317768407,False,False,-0.017815748026400735,160.15306091308594
00209,9,9,0,1.0,0.0,0.0,0.0,0.0,True,False,0.851686260032894,0.0,False,False,-0.851686260032894,160.15306091308594
00209,10,10,2,1.0,0.0,0.0,0.0,0.0,True,True,0.9603076881068309,0.8997589360451551,False,False,-0.06054875206167576,160.15306091308594
00217,0,0,0,0.7215686274509795,0.005524271728019903,0.08242255917447343,-0.00390625,-0.00390625,True,True,0.9308360424062986,0.8201266380320354,False,False,-0.11070940437426313,46.448516845703125
00217,1,1,0,0.8404040404040416,0.005078123076925124,0.058184311481423515,-0.004687499999999956,0.0019531199999999749,True,True,0.9012536405934548,0.8448518140300002,False,False,-0.056401826563454605,46.448516845703125
00217,2,2,0,0.7691802518138058,0.0025012243095932376,0.04100867771697466,-0.0015625000000000222,-0.001953130000000025,True,True,0.8641659411243151,0.8811864384547297,False,False,0.017020497330414552,46.448516845703125
00222,0,2,0,0.7907742698197043,0.004882814000000434,0.07076733637376266,0.00390625,-0.0029296900000000403,True,True,0.8286400538650586,0.8053858898688383,False,False,-0.023254163996220267,58.27766418457031
00222,1,3,0,1.0,0.0,0.0,0.0,0.0,True,True,0.8892123353147168,0.9389338428089176,False,False,0.04972150749420079,58.27766418457031
00222,2,4,2,1.0,0.0,0.0,0.0,0.0,False,False,0.0,0.0,True,True,0.0,58.27766418457031
00222,3,5,0,1.0,0.0,0.0,0.0,0.0,True,True,0.9035226268198743,0.9263170315089595,False,False,0.022794404689085224,58.27766418457031
00222,4,6,0,1.0,0.0,0.0,0.0,0.0,True,True,0.8242717893335486,0.8700163498739949,False,False,0.04574456054044629,58.27766418457031
00222,5,7,0,0.9050164799999973,0.00494491507091882,0.05739869508420266,-0.0007812499999999556,0.004882810000000015,True,True,0.7366888261243626,0.8309166188374015,False,False,0.09422779271303894,58.27766418457031
00222,6,8,0,0.8875536457809801,0.00017160999999998872,0.0023819911264335233,-0.00017160999999998872,0.0,True,True,0.8285396055624912,0.8192039128409512,False,False,-0.009335692721540001,58.27766418457031
00222,7,9,0,0.9000000000000009,0.002343749999999978,0.033333333333333,0.002343749999999978,0.0,True,True,0.8937699710263737,0.8544933379265688,False,False,-0.03927663309980489,58.27766418457031
00259,0,0,0,0.6095139153562175,0.011759367837328673,0.18133612632671164,0.0078125,-0.008789060000000001,True,True,0.9164174281925693,0.9693116252331934,False,False,0.052894197040624036,87.8212661743164
00259,1,1,0,1.0,0.0,0.0,0.0,0.0,True,True,0.8470546004578469,0.9361590176565481,False,False,0.08910441719870121,87.8212661743164
00259,2,2,0,1.0,0.0,0.0,0.0,0.0,True,True,0.8351338270082315,0.8942952126330398,False,False,0.05916138562480833,87.8212661743164
00259,3,3,0,1.0,0.0,0.0,0.0,0.0,True,True,0.8204248313157059,0.9104257557453508,False,False,0.09000092442964491,87.8212661743164
00259,4,4,0,1.0,0.0,0.0,0.0,0.0,True,True,0.9254489342840416,0.9320308246941545,False,False,0.006581890410112923,87.8212661743164
00259,5,5,0,1.0,0.0,0.0,0.0,0.0,True,True,0.8370472576509899,0.8702159591823223,False,False,0.033168701531332445,87.8212661743164
00259,6,6,0,1.0,0.0,0.0,0.0,0.0,True,True,0.8064827300611664,0.9337555299256027,False,False,0.1272727998644363,87.8212661743164
00259,7,7,0,1.0,0.0,0.0,0.0,0.0,True,True,0.8450170742862854,0.9296021164414326,False,False,0.08458504215514728,87.8212661743164
00259,8,8,3,1.0,0.0,0.0,0.0,0.0,True,True,0.881749774032331,0.9153109211965229,False,False,0.033561147164191896,87.8212661743164
00259,9,9,0,1.0,0.0,0.0,0.0,0.0,True,True,0.8956361723085162,0.8931129080364693,False,False,-0.0025232642720469656,87.8212661743164
00259,10,10,0,1.0,0.0,0.0,0.0,0.0,True,True,0.8099279181928202,0.8279406825166927,False,False,0.018012764323872554,87.8212661743164
00259,11,11,0,1.0,0.0,0.0,0.0,0.0,True,True,0.8406783536176048,0.9527863134089373,False,False,0.11210795979133248,87.8212661743164
00259,12,12,0,1.0,0.0,0.0,0.0,0.0,True,True,0.8896041790635695,0.8218777481089513,False,False,-0.06772643095461817,87.8212661743164
00259,13,13,0,1.0,0.0,0.0,0.0,0.0,True,True,0.8432559349723344,0.9172060488417576,False,False,0.07395011386942318,87.8212661743164
00259,14,14,0,1.0,0.0,0.0,0.0,0.0,True,True,0.8782144737227242,0.936375604477389,False,False,0.05816113075466478,87.8212661743164
00259,15,15,0,1.0,0.0,0.0,0.0,0.0,True,True,0.9547220694780608,0.9137172274995405,False,False,-0.04100484197852028,87.8212661743164
00259,16,16,0,1.0,0.0,0.0,0.0,0.0,True,True,0.8931526099141397,0.8748589959270607,False,False,-0.01829361398707896,87.8212661743164
00259,17,17,0,1.0,0.0,0.0,0.0,0.0,True,True,0.8730071680745815,0.8961093389648929,False,False,0.023102170890311413,87.8212661743164
00259,18,18,0,1.0,0.0,0.0,0.0,0.0,True,True,0.7749163428266773,0.8057720231579267,False,False,0.030855680331249413,87.8212661743164
00259,19,19,0,1.0,0.0,0.0,0.0,0.0,True,True,0.791868757854282,0.8679104096789446,False,False,0.0760416518246626,87.8212661743164
00259,20,20,0,1.0,0.0,0.0,0.0,0.0,True,True,0.8192163821426709,0.8777177820356138,False,False,0.058501399892942896,87.8212661743164
00259,21,21,0,1.0,0.0,0.0,0.0,0.0,True,True,0.7672207583466365,0.8917095373146614,False,False,0.1244887789680249,87.8212661743164
00259,22,22,0,1.0,0.0,0.0,0.0,0.0,True,True,0.882267369769272,0.9252704712330837,False,False,0.0430031014638117,87.8212661743164
00259,23,23,0,0.6557876948339961,0.016577422228271833,0.16712616591961363,0.009375000000000022,0.013671880000000025,True,True,0.9026573991748758,0.9365710760340995,False,False,0.03391367685922375,87.8212661743164
00261,0,0,0,1.0,0.0,0.0,0.0,0.0,True,True,0.7613485144789214,0.8299618747116378,False,False,0.06861336023271647,87.95613861083984
00261,1,1,0,1.0,0.0,0.0,0.0,0.0,True,True,0.7360026977993794,0.8097264667021105,False,False,0.07372376890273102,87.95613861083984
00261,2,2,0,1.0,0.0,0.0,0.0,0.0,True,True,0.8130876431806635,0.92995003832886,False,False,0.11686239514819652,87.95613861083984
00261,3,3,0,1.0,0.0,0.0,0.0,0.0,True,True,0.8864374452811371,0.9172951155946208,False,False,0.030857670313483743,87.95613861083984
00261,4,4,0,1.0,0.0,0.0,0.0,0.0,True,True,0.8562225000434813,0.864236086592536,False,False,0.008013586549054708,87.95613861083984
00261,5,5,0,1.0,0.0,0.0,0.0,0.0,True,True,0.8844175634971521,0.9238813306636812,False,False,0.03946376716652911,87.95613861083984
00261,6,6,0,1.0,0.0,0.0,0.0,0.0,True,True,0.8456986890238402,0.9319075155565265,False,False,0.08620882653268636,87.95613861083984
00261,7,7,3,1.0,0.0,0.0,0.0,0.0,True,True,0.9172701861481868,0.8780183981238529,False,False,-0.03925178802433393,87.95613861083984
00261,8,8,0,1.0,0.0,0.0,0.0,0.0,True,True,0.9236082559472711,0.9443629623498324,False,False,0.020754706402561274,87.95613861083984
00261,9,9,0,1.0,0.0,0.0,0.0,0.0,True,True,0.9483206259134611,0.924480864985125,False,False,-0.023839760928336062,87.95613861083984
00261,10,10,0,1.0,0.0,0.0,0.0,0.0,True,True,0.9238716778840652,0.9029283417081445,False,False,-0.0209433361759207,87.95613861083984
00261,11,11,0,1.0,0.0,0.0,0.0,0.0,True,True,0.8781692705826094,0.930885728189296,False,False,0.05271645760668664,87.95613861083984
00261,12,12,0,1.0,0.0,0.0,0.0,0.0,True,True,0.849214590117123,0.9091381884397864,False,False,0.059923598322663474,87.95613861083984
00261,13,13,0,1.0,0.0,0.0,0.0,0.0,True,True,0.9169755042183401,0.9033820086850195,False,False,-0.013593495533320565,87.95613861083984
00261,14,14,0,1.0,0.0,0.0,0.0,0.0,True,True,0.8610010961948491,0.8839857662680649,False,False,0.022984670073215807,87.95613861083984
00261,15,15,0,1.0,0.0,0.0,0.0,0.0,True,True,0.8073796375697352,0.9028298179609642,False,False,0.09545018039122899,87.95613861083984
00261,16,16,0,1.0,0.0,0.0,0.0,0.0,True,True,0.8164602773971779,0.954067625392215,False,False,0.13760734799503715,87.95613861083984
00261,17,17,0,1.0,0.0,0.0,0.0,0.0,True,True,0.8331244142430368,0.8533528692934275,False,False,0.020228455050390615,87.95613861083984
00261,18,18,0,1.0,0.0,0.0,0.0,0.0,True,True,0.8295502894498306,0.8259453535248326,False,False,-0.0036049359249979984,87.95613861083984
00261,19,19,0,1.0,0.0,0.0,0.0,0.0,True,True,0.7819164763708427,0.8963826138730707,False,False,0.114466137502228,87.95613861083984
00261,20,20,0,1.0,0.0,0.0,0.0,0.0,True,True,0.8290525946321672,0.8853203341583578,False,False,0.056267739526190574,87.95613861083984
00261,21,21,0,1.0,0.0,0.0,0.0,0.0,True,True,0.8138077723251671,0.9312589680233712,False,False,0.11745119569820406,87.95613861083984
00261,22,22,0,1.0,0.0,0.0,0.0,0.0,True,True,0.8088888104603221,0.9155938355553273,False,False,0.10670502509500512,87.95613861083984
00261,23,23,0,1.0,0.0,0.0,0.0,0.0,True,True,0.949381422188312,0.8722579946124515,False,False,-0.07712342757586055,87.95613861083984
00261,24,24,0,1.0,0.0,0.0,0.0,0.0,True,True,0.9691260692340706,0.8865421536692676,False,False,-0.08258391556480305,87.95613861083984
00271,0,0,0,0.8592591777887594,0.002539061538462675,0.037428077802086165,-0.002343750000000089,0.0009765600000000152,True,True,0.9584069491409224,0.9139852833742836,False,False,-0.04442166576663875,111.86688232421875
00271,1,1,0,0.7970615861669087,0.0009765699999999544,0.013416940251968268,0.0,-0.0009765699999999544,True,True,0.8821140208830771,0.8439144175959048,False,False,-0.03819960328717231,111.86688232421875
00271,2,2,0,1.0,0.0,0.0,0.0,0.0,True,True,0.9682556640023198,0.8197806779802359,False,False,-0.14847498602208387,111.86688232421875
00271,3,3,0,1.0,0.0,0.0,0.0,0.0,True,True,0.9012994360807396,0.8654400660253463,False,False,-0.0358593700553933,111.86688232421875
00271,4,4,0,1.0,0.0,0.0,0.0,0.0,True,True,0.8863591179959301,0.919678796406872,False,False,0.033319678410941855,111.86688232421875
00271,5,5,0,1.0,0.0,0.0,0.0,0.0,True,True,0.8935448530309933,0.8676279149667645,False,False,-0.02591693806422879,111.86688232421875
00271,6,6,0,0.9508196721311454,0.002343750000000089,0.03216337604513506,-0.002343750000000089,0.0,True,True,0.8701346496014504,0.9318567940083681,False,False,0.0617221444069177,111.86688232421875
00271,7,7,0,0.8678572251428576,0.004788144283916224,0.07178164615051733,-0.004687499999999956,0.0009765600000000152,True,True,0.8951359130916043,0.9251620825866002,False,False,0.030026169494995814,111.86688232421875
00271,8,8,0,0.9109914571370583,0.0021035753604042927,0.030835297514029816,0.0007812499999999556,0.0019531200000000304,True,True,0.8571427177401051,0.935083386535572,False,False,0.0779406687954669,111.86688232421875
00271,9,9,0,0.9078849394790398,0.0025390615384625727,0.04140881862287192,-0.002343749999999978,0.0009765600000000152,True,True,0.8762420789903264,0.8450434286748153,False,False,-0.031198650315511056,111.86688232421875
00271,10,10,0,0.8296297082908155,0.007098742564433553,0.10492060519231437,-0.007031250000000044,-0.0009765600000000152,True,True,0.8804983935025658,0.8192181901132111,False,False,-0.06128020338935469,111.86688232421875
00278,0,0,0,0.7174231237857265,0.010004881620988821,0.12470924414741895,-0.006249999999999992,-0.0078125,True,True,0.9121090639512172,0.7815764848001994,False,False,-0.1305325791510178,115.8993148803711
00278,1,1,0,0.8075904677846429,0.006101751157462904,0.07487727213492744,-0.004687499999999983,-0.0039062400000000053,True,True,0.9041274356662679,0.9374728602445996,False,False,0.033345424578331784,115.8993148803711
00278,2,2,0,0.7273720046238797,0.013096133434628687,0.13319118179932626,0.012499999999999956,-0.0039062400000000608,True,True,0.8998646933359274,0.8468119911326518,False,False,-0.053052702203275626,115.8993148803711
00278,3,3,0,0.8274530610237817,0.004014577365750969,0.06055967741697145,0.0031250000000000028,0.0025201599999999935,True,True,0.9130860211767847,0.924780300340687,False,False,0.01169427916390231,115.8993148803711
00278,4,4,0,0.7445077794874508,0.009212870874276928,0.11475536842425395,0.0078125,0.004882810000000015,True,True,0.9118855705312915,0.8511025352951284,False,False,-0.06078303523616313,115.8993148803711
00278,5,5,0,1.0,0.0,0.0,0.0,0.0,True,True,0.906630275851891,0.754581251433905,False,False,-0.15204902441798607,115.8993148803711
00278,6,6,0,1.0,0.0,0.0,0.0,0.0,True,True,0.9009583838503766,0.7303276325462583,False,False,-0.1706307513041183,115.8993148803711
00278,7,7,0,1.0,0.0,0.0,0.0,0.0,True,True,0.9279959582306786,0.8568271708707544,False,False,-0.07116878735992416,115.8993148803711
00278,8,8,0,1.0,0.0,0.0,0.0,0.0,True,True,0.8882580217531759,0.7501801845478607,False,False,-0.1380778372053152,115.8993148803711
00278,9,9,1,1.0,0.0,0.0,0.0,0.0,False,False,0.0,0.0,True,False,0.0,115.8993148803711
00278,10,10,0,0.491911961574984,0.03285222803721229,0.51027445661388,-0.032837709999999964,-0.0009765699999999544,True,True,0.9702296652157761,0.932906668127198,False,False,-0.037322997088578114,115.8993148803711
00292,0,0,2,1.0,0.0,0.0,0.0,0.0,True,False,0.9048941276490932,0.0,True,True,-0.9048941276490932,151.08277893066406
00292,1,1,0,1.0,0.0,0.0,0.0,0.0,True,True,0.8993256042809662,0.8440722076805046,False,False,-0.05525339660046158,151.08277893066406
00292,2,2,0,1.0,0.0,0.0,0.0,0.0,True,True,0.9092998701258801,0.8732387193901873,False,False,-0.036061150735692826,151.08277893066406
00292,3,3,0,1.0,0.0,0.0,0.0,0.0,True,True,0.897910696440754,0.94350867226754,False,False,0.04559797582678593,151.08277893066406
00292,4,4,0,1.0,0.0,0.0,0.0,0.0,True,True,0.9145241854544824,0.8112143329137522,False,False,-0.10330985254073022,151.08277893066406
00299,0,0,0,0.47877760064568003,0.039559340316163004,0.3836497564095736,-0.006249999999999978,-0.0390625,True,True,0.926018189109928,0.9205554798339413,False,False,-0.005462709275986688,117.01020050048828
00300,0,0,0,0.40773479339700736,0.04728983109506736,0.4796649893385891,-0.006249999999999978,-0.046875,True,True,0.8878675225552286,0.8354732047275247,False,False,-0.05239431782770387,141.9233856201172
00300,1,1,0,0.31147539911052274,0.05313074417474783,0.544494601121892,-0.015625,-0.05078125,True,True,0.9099140029501438,0.946212289186442,False,False,0.03629828623629816,141.9233856201172
00307,0,0,0,1.0,0.0,0.0,0.0,0.0,True,True,0.8687402758981134,0.8627643774948603,False,False,-0.005975898403253077,131.817626953125
00307,1,1,0,1.0,0.0,0.0,0.0,0.0,True,True,0.8977737635769447,0.8548378311448095,False,False,-0.042935932432135226,131.817626953125
00307,2,2,0,0.9062500725000058,0.005859370000000003,0.07974656462043493,0.0,-0.005859370000000003,True,True,0.925915968631327,0.8893033033737129,False,False,-0.036612665257614085,131.817626953125
00307,3,3,0,1.0,0.0,0.0,0.0,0.0,True,True,0.9017300910720027,0.776157003613717,False,False,-0.12557308745828577,131.817626953125
00307,4,4,0,1.0,0.0,0.0,0.0,0.0,True,True,0.9143268660173647,0.8271273432845636,False,False,-0.08719952273280107,131.817626953125
00307,5,5,0,1.0,0.0,0.0,0.0,0.0,True,True,0.8987383900418533,0.8272944730548857,False,False,-0.07144391698696761,131.817626953125
00307,6,6,0,1.0,0.0,0.0,0.0,0.0,True,True,0.9056046853803338,0.8933712164031631,False,False,-0.012233468977170703,131.817626953125
00307,7,7,0,1.0,0.0,0.0,0.0,0.0,True,True,0.8266605295301634,0.8446789266473764,True,False,0.01801839711721298,131.817626953125
00307,8,8,0,1.0,0.0,0.0,0.0,0.0,True,True,0.9399794043830316,0.8901569808174263,False,False,-0.04982242356560529,131.817626953125
00307,9,9,0,0.8446602908114891,0.007012228263177156,0.09020869854364759,0.0015624999999999667,-0.006835930000000046,True,True,0.9313192848377362,0.9586871835914184,False,False,0.027367898753682174,131.817626953125
00307,10,10,0,1.0,0.0,0.0,0.0,0.0,True,True,0.8947455781813114,0.9276331844970531,False,False,0.032887606315741724,131.817626953125
00307,11,11,0,1.0,0.0,0.0,0.0,0.0,True,True,0.8809560860681842,0.8172685358232106,False,False,-0.06368755024497363,131.817626953125
00322,0,0,2,0.8192651329951884,0.005002440810494441,0.06845228093739122,-0.0031250000000000444,0.00390625,True,False,0.9385611161598374,0.0,False,True,-0.9385611161598374,151.75482177734375
00322,1,1,0,0.854176866030064,0.005078123076925124,0.06634032207743273,-0.004687499999999956,-0.0019531199999999749,True,True,0.9262816125791066,0.8505403635698511,False,False,-0.0757412490092555,151.75482177734375
00322,2,2,0,0.8805970149253716,0.006250000000000089,0.09014979178671251,-0.006250000000000089,0.0,True,True,0.8766186373822376,0.8479719598504135,False,False,-0.02864667753182404,151.75482177734375
00322,3,3,1,0.9705882352941173,0.004687500000000067,0.02790546756554952,0.004687500000000067,0.0,True,True,0.9795045262185516,0.9015474570209946,False,False,-0.07795706919755696,151.75482177734375
00328,0,0,0,0.9189189189189177,0.004687500000000067,0.06368939035301081,-0.004687500000000067,0.0,True,True,0.8590160587303372,0.8527482326398191,False,False,-0.006267826090518014,78.83445739746094
00328,1,1,0,0.8769230769230774,0.006249999999999978,0.08506307681853226,-0.006249999999999978,0.0,True,True,0.901219814156522,0.8580163060971661,False,False,-0.04320350805935591,78.83445739746094
00328,2,2,0,1.0,0.0,0.0,0.0,0.0,True,True,0.9064180796200516,0.8361131445771708,False,False,-0.07030493504288082,78.83445739746094
00328,3,3,0,1.0,0.0,0.0,0.0,0.0,True,True,0.8825921308157263,0.8579313400385663,False,False,-0.02466079077715999,78.83445739746094
00328,4,4,0,0.629650854688305,0.006902578032597662,0.10655772340357775,-0.006249999999999992,-0.002929689999999985,True,True,0.8490471929265005,0.7572711253431113,False,False,-0.0917760675833893,78.83445739746094
00330,0,0,0,0.957852809372605,0.001250608250452565,0.014369622807511678,0.0007812500000000666,0.0009765599999999597,True,True,0.8097210842033,0.9599621719958874,False,False,0.15024108779258738,91.59119415283203
00330,1,1,0,0.7647058823529415,0.006249999999999992,0.08101915096214728,-0.006249999999999992,0.0,True,True,0.8445238861407164,0.8074917721287991,False,False,-0.037032114011917305,91.59119415283203
00330,2,2,0,1.0,0.0,0.0,0.0,0.0,True,True,0.8594976235348617,0.9047949680621479,False,False,0.045297344527286176,91.59119415283203
00330,3,3,0,0.9577464788732398,0.002343749999999978,0.021239770239106726,-0.002343749999999978,0.0,True,True,0.9210354569263476,0.8852477559067703,False,False,-0.03578770101957729,91.59119415283203
00330,4,4,0,0.9374999999999989,0.0015625000000000222,0.02186086119279875,-0.0015625000000000222,0.0,True,True,0.7229493285781926,0.71523866762333,False,False,-0.007710660954862614,91.59119415283203
00330,5,5,0,0.7666667320888954,0.005078123076925145,0.07830754193232228,-0.004687499999999956,-0.0019531200000000304,True,True,0.9037324359912814,0.9362721072137332,False,False,0.03253967122245183,91.59119415283203
00330,6,6,0,0.5234009370997423,0.014594954447085558,0.18607260536175876,-0.014062500000000089,-0.00390625,True,True,0.8697687241680158,0.8225558190647025,False,False,-0.04721290510331322,91.59119415283203
00330,7,7,2,0.666666666666666,0.009375000000000022,0.1224744871391592,-0.009375000000000022,0.0,False,False,0.0,0.0,True,True,0.0,91.59119415283203
00330,8,8,0,0.9025105379342618,0.0021974089055066975,0.04005874971411232,-0.0010069400000000117,0.0019531200000000304,True,True,0.8499639125104513,0.8072040565802685,False,False,-0.04275985593018283,91.59119415283203
00334,0,0,0,1.0,0.0,0.0,0.0,0.0,True,True,0.8872749509866389,0.7707113779651932,False,False,-0.11656357302144571,75.56460571289062
00334,1,1,0,1.0,0.0,0.0,0.0,0.0,True,True,0.9520927795301724,0.8528312979320463,False,False,-0.09926148159812609,75.56460571289062
00334,2,2,0,0.7428571428571425,0.014062500000000006,0.1308961101203259,0.014062500000000006,0.0,False,True,0.2512996674286214,0.9412361216002253,True,False,0.6899364541716039,75.56460571289062
00334,3,3,0,0.6781292984869325,0.016105881350068987,0.1523943690424518,0.015625,-0.00390625,True,True,0.9592162044288498,0.838151547161107,False,False,-0.12106465726774285,75.56460571289062
00334,4,4,0,0.775510329972045,0.010156246153850326,0.09617759526174409,0.009374999999999994,-0.0039062399999999498,True,True,0.9465359243751856,0.8530409917006364,False,False,-0.09349493267454922,75.56460571289062
00334,5,5,0,0.7746478873239433,0.012500000000000011,0.12046772038736694,0.012500000000000011,0.0,True,True,0.9420150610956862,0.8631280046566046,False,False,-0.07888705643908167,75.56460571289062
00334,6,6,0,0.38650761821065505,0.020406184676389178,0.27085091562449654,0.02031250000000001,-0.001953130000000025,True,True,0.9094604383543051,0.8764262991339293,False,False,-0.03303413922037579,75.56460571289062
00334,7,7,0,0.5500000000000007,0.014062499999999978,0.1779650366004494,0.014062499999999978,0.0,True,True,0.8668688611750025,0.6064905694315649,False,False,-0.26037829174343763,75.56460571289062
00334,8,8,0,0.6470588235294125,0.009374999999999967,0.12121830534626492,0.009374999999999967,0.0,False,True,0.0,0.7778506144571354,False,False,0.7778506144571354,75.56460571289062
00334,9,9,0,0.4897959439566851,0.017298116486612086,0.20174621353982425,0.017187500000000022,0.0019531200000000304,True,True,0.9398817799341106,0.9159301272920557,False,False,-0.0239516526420549,75.56460571289062
00334,10,10,0,0.5016523471190816,0.016105881350068987,0.193421742526654,0.015625,0.00390625,True,True,0.8491285058731135,0.9261131895093337,False,False,0.07698468363622024,75.56460571289062
00334,11,11,0,0.5323223959139088,0.018158813018322565,0.19369400552877403,0.017187500000000022,0.005859380000000025,True,True,0.8231595081594513,0.8149033726476542,False,False,-0.008256135511797047,75.56460571289062
00334,12,12,0,0.4245614316601042,0.021140716001282985,0.2685942063499015,0.020312500000000067,0.005859369999999975,True,True,0.7021682518198578,0.7519024802235125,False,False,0.04973422840365471,75.56460571289062
00334,13,13,0,0.8450704225352118,0.008593749999999956,0.07665924044246766,0.008593749999999956,0.0,True,True,0.9134057037538094,0.9093047183578514,False,False,-0.0041009853959579345,75.56460571289062
00334,14,14,0,0.4444444444444436,0.015625,0.24325212770526022,0.015625,0.0,True,True,0.773293993874204,0.7532094252983569,False,False,-0.020084568575847173,75.56460571289062
00334,15,15,0,0.5468378266854163,0.013566841093124803,0.19415282511465343,0.01171875,0.006835939999999985,True,True,0.7587305993759794,0.8491735038350416,False,False,0.09044290445906222,75.56460571289062
00334,16,16,0,0.6418963605906363,0.016105881350068987,0.15109947395329035,0.015625,0.00390625,True,True,0.9344524921922078,0.8848469578358166,False,False,-0.049605534356391257,75.56460571289062
00334,17,17,0,0.4634146341463412,0.017187500000000022,0.23792475633465718,0.017187500000000022,0.0,True,False,0.7852317439750264,0.0,False,False,-0.7852317439750264,75.56460571289062
00334,18,18,0,0.3050000005302855,0.02376079113397742,0.318212020903824,0.0234375,-0.00390625,True,True,0.8924836513568357,0.8824032444249632,False,False,-0.01008040693187251,75.56460571289062
00334,19,19,0,0.42675161562091785,0.017298116486612065,0.22692916378939837,0.0171875,0.0019531200000000304,True,True,0.9023343385615792,0.8646590730850466,False,False,-0.03767526547653255,75.56460571289062
00334,20,20,0,0.833986928104575,0.0039835991891881495,0.05872187740496279,0.0007812500000000042,0.0039062400000000608,True,True,0.8422707188959219,0.9808511496238735,False,False,0.13858043072795168,75.56460571289062
00340,0,0,0,0.6905955850962653,0.016459778946477332,0.19313477209393598,0.016406249999999956,0.0013263799999999604,True,True,0.8923010709269158,0.9153964330264316,False,False,0.023095362099515793,41.611976623535156
00343,0,0,0,0.7849245725995214,0.007503665120086322,0.08322068782992582,0.004687500000000011,-0.005859379999999997,True,True,0.9086873452284713,0.8798083821903672,False,False,-0.02887896303810411,41.842899322509766
00343,1,1,0,0.6263088637975964,0.013537287553158453,0.15545096315431137,0.009374999999999967,-0.00976562999999997,True,True,0.8294450793827353,0.8868397367882975,False,False,0.057394657405562266,41.842899322509766
00346,0,0,0,0.8298163705033924,0.005078123076925184,0.08099724258921018,0.004687499999999997,0.0019531200000000304,True,True,0.8908368481467966,0.8692668128490173,False,False,-0.021570035297779344,128.854248046875
00357,0,0,0,0.6512378868111249,0.010004881620988813,0.1438087593083211,0.006249999999999978,-0.0078125,True,True,0.9587990875635696,0.8605392205351242,False,False,-0.09825986702844536,129.690673828125
00357,1,1,0,0.898305167112902,0.00585937000000003,0.08964206920544898,0.0,-0.00585937000000003,True,True,0.9071722624143242,0.7976047874689909,False,False,-0.10956747494533337,129.690673828125
00357,2,2,2,1.0,0.0,0.0,0.0,0.0,False,False,0.0,0.0,True,True,0.0,129.690673828125
00357,3,3,3,1.0,0.0,0.0,0.0,0.0,True,True,0.9635319695325805,0.899771293317789,False,False,-0.06376067621479142,129.690673828125
00357,4,4,0,1.0,0.0,0.0,0.0,0.0,True,True,0.9569321596774956,0.8066409070576445,False,False,-0.1502912526198511,129.690673828125
00357,5,5,0,1.0,0.0,0.0,0.0,0.0,True,True,0.8939940584082627,0.8798167881176325,False,False,-0.014177270290630206,129.690673828125
00357,6,6,0,1.0,0.0,0.0,0.0,0.0,True,True,0.9714324758923119,0.8740342023212763,False,False,-0.09739827357103559,129.690673828125
00357,7,7,0,1.0,0.0,0.0,0.0,0.0,True,True,0.920658412997308,0.8992441537249087,False,False,-0.02141425927239926,129.690673828125
00357,8,8,0,0.7090057736867353,0.007582496069303273,0.11414088663000911,0.005801069999999964,-0.004882810000000001,True,True,0.8338724983441117,0.8973786580074333,False,False,0.06350615966332163,129.690673828125
00358,0,0,0,1.0,0.0,0.0,0.0,0.0,True,True,0.8852014117693047,0.9157076343041831,False,False,0.030506222534878447,128.9914093017578
00358,1,1,0,1.0,0.0,0.0,0.0,0.0,True,True,0.9178319830678853,0.8788371648695029,False,False,-0.03899481819838235,128.9914093017578
00358,2,2,0,1.0,0.0,0.0,0.0,0.0,True,True,0.9186091989376846,0.8701195086882789,False,False,-0.04848969024940564,128.9914093017578
00358,3,3,0,1.0,0.0,0.0,0.0,0.0,True,True,0.9087220227640983,0.8979735844294814,False,False,-0.010748438334616917,128.9914093017578
00358,4,4,0,1.0,0.0,0.0,0.0,0.0,True,True,0.857182084273942,0.8318054361262677,False,False,-0.025376648147674374,128.9914093017578
00358,5,5,0,1.0,0.0,0.0,0.0,0.0,True,True,0.9601607430533484,0.8513321396050058,False,False,-0.10882860344834266,128.9914093017578
00358,6,6,1,1.0,0.0,0.0,0.0,0.0,True,True,0.9449559528691254,0.8562510110163605,False,False,-0.0887049418527649,128.9914093017578
00358,7,7,0,1.0,0.0,0.0,0.0,0.0,True,True,0.9090708457675718,0.9150518507411238,False,False,0.005981004973552029,128.9914093017578
00358,8,8,0,1.0,0.0,0.0,0.0,0.0,True,True,0.857167542032084,0.7635127915529408,False,False,-0.09365475047914318,128.9914093017578
00358,9,9,0,1.0,0.0,0.0,0.0,0.0,True,True,0.9220881488723595,0.9509220844403339,False,False,0.028833935567974422,128.9914093017578
00358,10,10,0,1.0,0.0,0.0,0.0,0.0,True,True,0.9277064785230658,0.9087883018956823,False,False,-0.018918176627383487,128.9914093017578
00358,11,11,0,1.0,0.0,0.0,0.0,0.0,True,True,0.8981765484535471,0.9345353604872273,False,False,0.03635881203368019,128.9914093017578
00358,12,12,0,0.9666666666666686,0.0007812499999999556,0.011301058393679519,0.0007812499999999556,0.0,True,True,0.9570987596151186,0.8237396737188613,False,False,-0.13335908589625733,128.9914093017578
00358,13,13,0,1.0,0.0,0.0,0.0,0.0,True,True,0.9115636695613252,0.8597147269821578,False,False,-0.05184894257916739,128.9914093017578
00358,14,14,0,0.6774193548387091,0.0078125,0.11826247644552634,0.0078125,0.0,True,True,0.9513467600420585,0.8131851431524905,False,False,-0.13816161688956807,128.9914093017578
00359,0,0,0,0.7364672285815849,0.011822457773766844,0.19383441893133954,0.0015625000000000222,-0.01171875,True,True,0.8886100092413503,0.8899376868485424,False,False,0.0013276776071921015,130.37332153320312
00359,1,1,0,0.8983051671129016,0.00585937000000003,0.09345831767618976,0.0,-0.00585937000000003,True,True,0.9490809869215834,0.855888755356939,False,False,-0.0931922315646444,130.37332153320312
00359,2,2,0,0.7208589010049287,0.00841432001114768,0.14379624757242476,0.0031250000000000444,-0.0078125,True,True,0.925725109829892,0.8279026232327783,False,False,-0.09782248659711368,130.37332153320312
00359,3,3,0,0.766666732088894,0.01367187000000003,0.21500321745463902,0.0,-0.01367187000000003,True,True,0.9468324369951522,0.9127689375418334,False,False,-0.03406349945331877,130.37332153320312
00359,4,4,0,0.7762983355799735,0.009889830141837658,0.15500149440689967,-0.0015625000000000222,-0.00976562000000003,True,True,0.889811648904237,0.8723558701546344,False,False,-0.01745577874960258,130.37332153320312
00359,5,5,0,0.7999999338338458,0.009889840016243916,0.13513743824335986,-0.0015625000000000222,-0.00976562999999997,True,True,0.9228190903210597,0.9559606975325406,False,False,0.03314160721148096,130.37332153320312
00359,6,6,0,0.8000000534260895,0.005126718223786072,0.10589703627424801,-0.0015625000000000222,-0.004882810000000015,True,True,0.9236557485496271,0.9217938823866998,False,False,-0.0018618661629272726,130.37332153320312
00359,7,7,0,0.9062499200000004,0.002929689999999985,0.06356851051531344,0.0,-0.002929689999999985,True,True,0.9217624321391809,0.8357854577593882,False,False,-0.08597697437979268,130.37332153320312
00359,8,8,0,1.0,0.0,0.0,0.0,0.0,True,True,0.910892991787101,0.7938058427087928,False,False,-0.1170871490783082,130.37332153320312
00359,9,9,0,0.7666665813333339,0.01367187999999997,0.20315909304763735,0.0,-0.01367187999999997,True,True,0.8901066362515919,0.843516619097249,False,False,-0.046590017154342966,130.37332153320312
00359,10,10,0,0.7812500625000046,0.01367187000000003,0.19590091024773754,0.0,-0.01367187000000003,True,True,0.9140399012612341,0.9322720485003251,False,False,0.018232147239090946,130.37332153320312
00359,11,11,0,0.8437499325000059,0.00976562999999997,0.13287356601173478,0.0,-0.00976562999999997,True,True,0.8760961641571642,0.8689642936142008,False,False,-0.007131870542963381,130.37332153320312
00359,12,12,0,0.6666666666666692,0.009374999999999911,0.12443420336764983,0.009374999999999911,0.0,True,True,0.8841105740842149,0.745513838519922,False,False,-0.13859673556429286,130.37332153320312
00359,13,13,0,0.658536585365854,0.01328124999999999,0.1655879066801368,0.006249999999999978,-0.01171875,True,True,0.9019940674353449,0.9436936361488915,False,False,0.04169956871354652,130.37332153320312
00359,14,14,0,0.6381989488411226,0.01025670847350648,0.13098851358722222,0.00901987999999998,-0.004882810000000001,True,True,0.7423605232872375,0.8029522380644134,False,False,0.06059171477717595,130.37332153320312
00359,15,15,0,0.6688765921660091,0.018238474742631308,0.23866454256888672,0.0031249999999999334,-0.017968760000000014,True,True,0.8928313384875755,0.7982317944583637,False,False,-0.09459954402921178,130.37332153320312
00359,16,16,0,0.7036654715524558,0.015702930658001393,0.2212909729075732,-0.0015625000000000222,-0.015625,True,True,0.940303100153583,0.8197334573393614,False,False,-0.12056964281422156,130.37332153320312
00359,17,17,0,0.7852349622881891,0.009889830141837658,0.14170897814135916,0.0015625000000000222,-0.00976562000000003,True,True,0.9836099689197654,0.8193142488185378,False,False,-0.16429572010122762,130.37332153320312
00359,18,18,0,0.8324608066664855,0.006064125909552046,0.09277461475459273,-0.0015625000000000222,-0.00585937000000003,True,True,0.9679936537849432,0.9005353342249021,False,False,-0.06745831956004111,130.37332153320312
00366,0,0,0,1.0,0.0,0.0,0.0,0.0,True,True,0.8523388406587232,0.8268319465839747,False,False,-0.025506894074748487,122.33509826660156
00366,1,1,0,1.0,0.0,0.0,0.0,0.0,True,True,0.9446471592201013,0.9406929118079922,False,False,-0.003954247412109146,122.33509826660156
00366,2,2,0,1.0,0.0,0.0,0.0,0.0,True,True,0.9286354730642828,0.8885179427513569,False,False,-0.040117530312925975,122.33509826660156
00366,3,3,0,1.0,0.0,0.0,0.0,0.0,True,True,0.935007978032888,0.8081337347805196,False,False,-0.1268742432523684,122.33509826660156
00366,4,4,0,1.0,0.0,0.0,0.0,0.0,True,True,0.9603160830466522,0.8869626388942146,False,False,-0.07335344415243761,122.33509826660156
00366,5,5,0,1.0,0.0,0.0,0.0,0.0,True,True,0.91334642333275,0.9443216782321188,False,False,0.03097525489936881,122.33509826660156
00366,6,6,0,1.0,0.0,0.0,0.0,0.0,True,True,0.9052438481141707,0.9712206273138724,False,False,0.06597677919970169,122.33509826660156
00366,7,7,0,1.0,0.0,0.0,0.0,0.0,True,True,0.9183826935535051,0.9048100475923762,False,False,-0.013572645961128948,122.33509826660156
00366,8,8,0,1.0,0.0,0.0,0.0,0.0,True,True,0.9618222784346986,0.8703757622261685,False,False,-0.09144651620853006,122.33509826660156
00366,9,9,0,1.0,0.0,0.0,0.0,0.0,True,True,0.9318697498648176,0.9646716889787357,False,False,0.032801939113918044,122.33509826660156
00366,10,10,0,1.0,0.0,0.0,0.0,0.0,True,True,0.9728335552927715,0.9364311511722108,False,False,-0.03640240412056073,122.33509826660156
00366,11,11,0,1.0,0.0,0.0,0.0,0.0,True,True,0.9181677024650362,0.8712605488660505,False,False,-0.046907153598985674,122.33509826660156
00366,12,12,0,1.0,0.0,0.0,0.0,0.0,True,True,0.9386780864655454,0.8859016321526358,False,False,-0.05277645431290956,122.33509826660156
00366,13,13,0,1.0,0.0,0.0,0.0,0.0,True,True,0.897457534095795,0.9155729293413443,False,False,0.01811539524554928,122.33509826660156
00366,14,14,0,1.0,0.0,0.0,0.0,0.0,True,True,0.9699785487960727,0.9490917136010747,False,False,-0.02088683519499801,122.33509826660156
00366,15,15,0,1.0,0.0,0.0,0.0,0.0,True,True,0.9804175337132506,0.9594714251320022,False,False,-0.020946108581248346,122.33509826660156
00366,16,16,0,1.0,0.0,0.0,0.0,0.0,True,True,0.9361509887563471,0.9427810168055412,False,False,0.006630028049194103,122.33509826660156
00366,17,17,0,1.0,0.0,0.0,0.0,0.0,True,True,0.8985428624205131,0.8720705066970742,False,False,-0.026472355723438867,122.33509826660156
00366,18,18,0,1.0,0.0,0.0,0.0,0.0,True,True,0.8660413249634921,0.9159415040046262,False,False,0.049900179041134085,122.33509826660156
00366,19,19,0,1.0,0.0,0.0,0.0,0.0,True,True,0.9238726519366713,0.891838247218734,False,False,-0.03203440471793739,122.33509826660156
00366,20,20,0,1.0,0.0,0.0,0.0,0.0,True,True,0.9683604716707384,0.8981323159980585,False,False,-0.07022815567267982,122.33509826660156
00366,21,21,0,1.0,0.0,0.0,0.0,0.0,True,True,0.9527529865971148,0.8814981437293959,False,False,-0.07125484286771888,122.33509826660156
00366,22,22,0,1.0,0.0,0.0,0.0,0.0,True,True,0.9160842848125125,0.90181147395539,False,False,-0.014272810857122509,122.33509826660156
00366,23,23,0,1.0,0.0,0.0,0.0,0.0,True,True,0.9221712798830672,0.8234960025485698,False,False,-0.09867527733449744,122.33509826660156
00366,24,24,0,1.0,0.0,0.0,0.0,0.0,True,True,0.9609638871750925,0.9216327048549683,False,False,-0.039331182320124225,122.33509826660156
00366,25,25,0,1.0,0.0,0.0,0.0,0.0,True,True,0.9535342841076676,0.8669680888793149,False,False,-0.08656619522835274,122.33509826660156
00366,26,26,0,1.0,0.0,0.0,0.0,0.0,False,False,0.0,0.0,False,False,0.0,122.33509826660156
00366,27,27,0,0.8357203014831988,0.005002440810494406,0.0627878001491847,0.003124999999999989,-0.00390625,True,True,0.9322432774616732,0.8545720950731388,False,False,-0.07767118238853443,122.33509826660156
00390,0,9,3,0.8386637564922077,0.007847231852704493,0.08306045151306259,0.0007374900000000073,0.0078125,False,True,0.0,0.9032727790769944,False,False,0.9032727790769944,74.03791046142578
00390,1,8,3,0.857865614361596,0.006268457198450028,0.0690688717957831,-0.002227380000000001,0.005859379999999997,False,True,0.0,0.874638654059255,False,False,0.874638654059255,74.03791046142578
00390,2,10,3,0.8118289887532316,0.006848186167577518,0.07644398227079831,-0.0004095299999999913,0.006835930000000004,False,True,0.0,0.9191919620949227,False,False,0.9191919620949227,74.03791046142578
00390,3,13,3,0.8377429778701193,0.0,0.0,0.0,0.0,True,True,0.9005558638722133,0.9674425671688954,False,False,0.06688670329668212,74.03791046142578
00390,4,14,3,0.9574468085106375,0.0015625000000000222,0.011312803619777222,-0.0015625000000000222,0.0,True,True,0.8860377920309477,0.7790697836408911,False,False,-0.1069680083900566,74.03791046142578
00390,5,7,0,0.7390891354838709,0.012637869999999995,0.15298996265101777,-0.012637869999999995,0.0,True,True,0.8929597458821654,0.8754779407825172,False,False,-0.01748180509964825,74.03791046142578
00390,6,17,0,0.8603318589215466,0.0012506160591484433,0.01340522809425171,0.0007812500000000111,-0.0009765699999999822,True,True,0.9461992390577313,0.8535902731737912,False,False,-0.09260896588394008,74.03791046142578
00390,7,18,0,0.7582744772051795,0.010351568867925275,0.11039756790076946,-0.005468750000000008,-0.008789069999999982,True,True,0.9083208098262499,0.8434128427888712,False,False,-0.06490796703737867,74.03791046142578
00390,8,21,0,0.8221859706362155,0.0043673225046245556,0.054194400842805086,-0.00390625,0.001953130000000025,True,True,0.8985854738726822,0.8845085248202947,False,False,-0.014076949052387433,74.03791046142578
00390,9,20,0,0.7792869604669647,0.0062530490609462,0.08860469103037953,-0.00390625,0.004882810000000015,True,True,0.9527174521496483,0.9176167860290998,False,False,-0.03510066612054852,74.03791046142578
00390,10,19,0,0.5997385416204276,0.009822103058719151,0.11739044457607697,-0.009375000000000001,-0.0029296900000000126,True,True,0.8848761231918336,0.7913991896133684,False,False,-0.0934769335784652,74.03791046142578
00390,11,22,0,0.7675905890080525,0.007331375045555884,0.08360074238297698,-0.0054687499999999944,0.00488280999999996,True,True,0.9239399354791914,0.8372890789986799,False,False,-0.08665085648051152,74.03791046142578
00390,12,16,0,0.7507122767198321,0.008754265561850412,0.10462801297227199,0.005468750000000022,0.00683592999999999,True,True,0.9012862202027098,0.8978555900304772,False,False,-0.0034306301722325516,74.03791046142578
00390,13,25,0,0.773333329562413,0.008156489460086366,0.0854014606024366,-0.0023437499999999917,0.0078125,True,True,0.9478804573842368,0.8960562094932041,False,False,-0.05182424789103268,74.03791046142578
00390,14,24,0,0.9293993236951176,0.003032067785950677,0.032841910685797504,0.0007812499999999556,0.002929689999999985,True,True,0.9514209373000281,0.9168990902546126,False,False,-0.0345218470454155,74.03791046142578
00390,15,23,0,0.8791559721875188,0.0033203147058825586,0.03591907968914314,0.0015625000000000222,0.002929689999999985,True,True,0.9576914332343411,0.9189319585682705,False,False,-0.03875947466607066,74.03791046142578
00390,16,26,0,0.7211640211640212,0.010517904656318168,0.11531645190188565,-0.00390625,0.00976562999999997,True,True,0.9546840822281654,0.8579277348806087,False,False,-0.09675634734755667,74.03791046142578
00390,17,27,0,0.9090908350413265,0.0030508819805754165,0.03288711834737681,0.002343749999999978,0.0019531299999999696,True,True,0.863871624031241,0.9088976978812489,False,False,0.0450260738500079,74.03791046142578
00390,18,28,0,0.7792711865938263,0.005002440810494424,0.05215107435245188,0.0031250000000000167,0.00390625,True,True,0.8912233066845482,0.8784198201831116,False,False,-0.01280348650143659,74.03791046142578
00390,19,29,0,0.9496472842047672,0.0007812500000000111,0.008091134099960566,0.0007812500000000111,0.0,True,True,0.9320063431620733,0.9134878731593279,False,False,-0.018518470002745424,74.03791046142578
00390,20,30,0,0.8518392051190538,0.004882814000000401,0.05370202188809579,0.00390625,-0.002929689999999985,True,True,0.8752966308211861,0.8721499979591419,False,False,-0.0031466328620441963,74.03791046142578
00390,21,31,0,0.886688636403742,0.003032067785950677,0.03501557696039575,0.0007812499999999556,-0.002929689999999985,True,True,0.9252423423226862,0.8850112422949177,False,False,-0.04023110002776853,74.03791046142578
00390,22,15,0,0.9066511444570091,0.0018425784148578558,0.021557026960291086,-0.0015625000000000222,-0.00097657000000001,True,True,0.9184291929378043,0.917677092303045,False,False,-0.0007521006347593895,74.03791046142578
00390,23,32,0,0.6467013242944962,0.01116759292958873,0.15523999535984623,-0.010043570000000002,0.004882810000000015,True,True,0.7670472007533709,0.9246352005841552,False,False,0.1575879998307843,74.03791046142578
00390,24,11,3,0.7637346482867946,0.006656656761483221,0.08982486438627033,0.005977290000000024,0.0029296899999999987,False,True,0.0,0.882376023398126,False,False,0.882376023398126,74.03791046142578
00390,25,12,3,0.7421677181304542,0.00919517000000003,0.1229611603029158,0.00919517000000003,0.0,False,False,0.0,0.0,False,False,0.0,74.03791046142578
00395,0,0,0,1.0,0.0,0.0,0.0,0.0,True,True,0.8758047896257332,0.7764371644672232,False,False,-0.09936762515850994,113.13387298583984
00395,1,1,0,1.0,0.0,0.0,0.0,0.0,False,True,0.0,0.9158268909772408,False,False,0.9158268909772408,113.13387298583984
00395,2,2,0,1.0,0.0,0.0,0.0,0.0,True,True,0.9465773491403952,0.7575125069472395,False,False,-0.18906484219315567,113.13387298583984
00395,3,3,0,1.0,0.0,0.0,0.0,0.0,True,True,0.9077950874683236,0.8905843961809805,False,False,-0.017210691287343094,113.13387298583984
00395,4,4,1,1.0,0.0,0.0,0.0,0.0,True,True,0.947874744744252,0.9223631201855804,False,False,-0.02551162455867162,113.13387298583984
00395,5,5,1,1.0,0.0,0.0,0.0,0.0,False,True,0.0,0.739488838547494,False,False,0.739488838547494,113.13387298583984
00399,0,0,0,0.8677493014081702,0.005078126923079019,0.05915206841265218,0.004687500000000011,-0.0019531299999999696,True,True,0.8212485503834459,0.7789305075985702,False,False,-0.04231804278487572,113.35235595703125
00399,1,1,0,1.0,0.0,0.0,0.0,0.0,True,True,0.9001746778104635,0.828983881381179,False,False,-0.0711907964292845,113.35235595703125
00402,0,0,0,1.0,0.0,0.0,0.0,0.0,True,True,0.8872140053567302,0.9048362700198471,False,False,0.017622264663116893,64.56653594970703
00402,1,1,0,1.0,0.0,0.0,0.0,0.0,True,True,0.8475489685396861,0.8097391340290844,False,False,-0.037809834510601714,64.56653594970703
00402,2,2,0,1.0,0.0,0.0,0.0,0.0,True,True,0.9402827960247188,0.9243309912495845,False,False,-0.01595180477513425,64.56653594970703
00402,3,3,0,1.0,0.0,0.0,0.0,0.0,True,True,0.8623936860265785,0.8446060838225463,False,False,-0.017787602204032193,64.56653594970703
00402,4,4,0,1.0,0.0,0.0,0.0,0.0,True,True,0.8681933085966624,0.8863437427609488,False,False,0.01815043416428641,64.56653594970703
00402,5,5,0,1.0,0.0,0.0,0.0,0.0,True,True,0.9310185503922658,0.9243713890355671,False,False,-0.006647161356698628,64.56653594970703
00402,6,6,0,1.0,0.0,0.0,0.0,0.0,True,True,0.9086487731770473,0.8376133571100737,False,False,-0.07103541606697361,64.56653594970703
00402,7,7,0,1.0,0.0,0.0,0.0,0.0,True,True,0.9112010687501457,0.8104424130276453,False,False,-0.10075865572250042,64.56653594970703
00402,8,8,0,1.0,0.0,0.0,0.0,0.0,True,True,0.7825399770573509,0.6957363378965798,False,False,-0.08680363916077105,64.56653594970703
00402,9,9,0,1.0,0.0,0.0,0.0,0.0,True,True,0.87342930033694,0.919357459282033,False,False,0.045928158945093056,64.56653594970703
00402,10,10,0,1.0,0.0,0.0,0.0,0.0,True,True,0.8591883455572086,0.8010115055101349,False,False,-0.058176840047073686,64.56653594970703
00402,11,11,0,1.0,0.0,0.0,0.0,0.0,True,True,0.9401432393183353,0.955792755444263,True,False,0.015649516125927687,64.56653594970703
00402,12,12,0,1.0,0.0,0.0,0.0,0.0,True,True,0.8634440111904778,0.7314300363754563,False,False,-0.13201397481502142,64.56653594970703
00402,13,13,0,1.0,0.0,0.0,0.0,0.0,True,True,0.9209690340590195,0.8694481189821593,False,False,-0.051520915076860185,64.56653594970703
00402,14,14,0,1.0,0.0,0.0,0.0,0.0,True,True,0.9136030253296524,0.8697967021210442,False,False,-0.04380632320860822,64.56653594970703
00402,15,15,0,1.0,0.0,0.0,0.0,0.0,True,True,0.9279130988881612,0.9167748196963986,False,False,-0.011138279191762579,64.56653594970703
00404,0,0,0,0.8737402130240679,0.0036851462297173097,0.05197959280383711,0.0031249999999999334,0.0019531200000000304,True,True,0.9197992924240498,0.8836575924295981,False,False,-0.036141699994451715,67.46826934814453
00404,1,1,0,0.661971830985915,0.018750000000000044,0.2740397481613938,0.018750000000000044,0.0,True,False,0.917395275972426,0.0,False,False,-0.917395275972426,67.46826934814453
00404,2,2,0,0.17557254205699094,0.029325500182223647,0.47826108177196314,0.021874999999999978,-0.019531240000000005,True,True,0.6117620129327419,0.7179071258272615,False,False,0.10614511289451956,67.46826934814453
00404,3,3,0,0.6278317094291008,0.015625,0.21655968323904004,0.015625,0.0,True,True,0.9385196808983506,0.8025113659819691,False,False,-0.13600831491638143,67.46826934814453
00404,4,4,0,0.6554307682527917,0.015746596544472715,0.17503499921678814,0.015625,0.0019531200000000026,True,True,0.935583770590156,0.7552159760208148,False,False,-0.18036779456934116,67.46826934814453
00404,5,5,0,0.6095481701888976,0.01608692209529219,0.1730419068480676,0.014062500000000006,-0.0078125,True,True,0.9276557436369464,0.7678567519937575,False,False,-0.1597989916431889,67.46826934814453
00404,6,6,0,0.7260274278130995,0.01197792718904653,0.12158866406787072,0.010937500000000003,-0.004882810000000001,True,True,0.8735999868967744,0.6427253077209345,False,False,-0.23087467917583993,67.46826934814453
00408,0,0,0,1.0,0.0,0.0,0.0,0.0,True,True,0.9345411461953811,0.889349488929138,False,False,-0.04519165726624308,69.82752990722656
00408,1,1,0,0.8547794117647035,0.007851465329000702,0.10421235557151311,0.0007812500000000666,0.0078125,True,True,0.8373706845203209,0.9189572392258865,False,False,0.08158655470556553,69.82752990722656
00408,2,2,0,0.9023971626609147,0.00494492494532526,0.061652312123241355,0.0007812499999999556,-0.00488282000000001,True,True,0.8967753132648822,0.9264293912420144,False,False,0.029654077977132154,69.82752990722656
00408,3,3,0,1.0,0.0,0.0,0.0,0.0,True,True,0.9038038529896715,0.8848106318532954,False,False,-0.018993221136376026,69.82752990722656
00408,4,4,0,0.9264706258823527,0.004882810000000015,0.06777080232360404,0.0,-0.004882810000000015,True,True,0.9079699434070397,0.950932080345732,False,False,0.04296213693869222,69.82752990722656
00408,5,5,0,0.8714788418171003,0.0009765600000000152,0.012562940529530258,0.0,-0.0009765600000000152,True,True,0.8855751818867558,0.8884230941837755,False,False,0.00284791229701975,69.82752990722656
00408,6,6,0,0.7506043498036267,0.00672056661487698,0.0891301091374759,-0.005468749999999911,-0.00390625,True,True,0.8376617440680962,0.8929228361125084,False,False,0.05526109204441221,69.82752990722656
00410,0,0,0,0.7016247617410213,0.014024476023524017,0.19312555405651108,0.0031250000000000167,-0.013671879999999997,True,True,0.8565726639283926,0.9301323707558226,False,False,0.07355970682742996,73.3149185180664
00410,1,1,0,1.0,0.0,0.0,0.0,0.0,True,True,0.8764819083089356,0.8955872606288856,False,False,0.01910535231995003,73.3149185180664
00410,2,2,0,1.0,0.0,0.0,0.0,0.0,True,True,0.8752864113510783,0.909730805951038,False,False,0.03444439459995963,73.3149185180664
00410,3,3,0,0.7567567876113934,0.008926868540176916,0.12680345716410818,-0.0015625000000000222,0.008789060000000015,True,True,0.8976898316234778,0.9110568962112127,False,False,0.013367064587734845,73.3149185180664
00410,4,4,0,0.905298730730061,0.0025390615384625727,0.028352118900546855,0.002343749999999978,-0.0009765600000000152,True,True,0.8288935603210912,0.9277396863624011,False,False,0.09884612604130993,73.3149185180664
00410,5,5,0,0.8413145236558888,0.0009765600000000152,0.013205501423963095,0.0,-0.0009765600000000152,True,True,0.9700656054606585,0.9283317526352567,False,False,-0.04173385282540176,73.3149185180664
00413,0,0,0,1.0,0.0,0.0,0.0,0.0,True,True,0.8252169696387165,0.9034944324079625,False,False,0.07827746276924596,55.47784423828125
00413,1,1,0,1.0,0.0,0.0,0.0,0.0,True,True,0.8328104653515809,0.9350198428443794,False,False,0.10220937749279857,55.47784423828125
00413,2,2,0,1.0,0.0,0.0,0.0,0.0,True,True,0.8450267545511124,0.904842645153821,False,False,0.05981589060270853,55.47784423828125
00420,0,0,0,0.6207817940094033,0.00896632967480562,0.17732287265144153,-0.008751019999999998,-0.0019531299999999696,True,True,0.8683481995812489,0.8102606432052948,False,False,-0.058087556375954086,90.65092468261719
00420,1,1,0,0.6926166834844333,0.007448142988987275,0.15915919500425327,-0.007187500000000013,-0.0019531200000000304,False,True,0.0,0.8421085664316399,False,False,0.8421085664316399,90.65092468261719
00420,2,2,0,0.42661810809153355,0.040425911900999895,0.4342357972411314,-0.03984375000000007,0.00683592999999999,True,True,0.8646838745646171,0.8221034830173118,False,False,-0.04258039154730531,90.65092468261719
00420,3,3,0,0.6516846001403501,0.01384830843911992,0.16465123006179702,-0.013281249999999994,-0.003922250000000016,True,True,0.8569776849613511,0.8728402309241158,False,False,0.015862545962764707,90.65092468261719
00421,0,0,0,0.8591549295774648,0.0078125,0.10403129732205989,-0.0078125,0.0,True,True,0.9170286314862066,0.8960518267846423,False,False,-0.020976804701564267,90.51831817626953
00421,1,1,0,0.7428959279073635,0.012651666994289795,0.16476659192223744,-0.012500000000000067,-0.0019531200000000304,True,True,0.8560239816829724,0.9449263639644307,False,False,0.0889023822814583,90.51831817626953
00421,2,2,0,0.7316313919261055,0.008043461047646035,0.12925194848014762,-0.007031249999999933,0.00390625,True,True,0.9289496509175762,0.8369344838079883,False,False,-0.0920151671095879,90.51831817626953
00421,3,3,0,0.7457485917228591,0.011323073334837192,0.14489912482882122,0.010937500000000044,0.0029296900000000126,True,True,0.879443701309998,0.8447179421186016,False,False,-0.03472575919139642,90.51831817626953
00421,4,4,0,1.0,0.0,0.0,0.0,0.0,False,True,0.0,0.9218175627671632,False,False,0.9218175627671632,90.51831817626953
00421,5,5,0,0.8994943089657471,0.002343749999999978,0.04410522960750536,-0.002343749999999978,0.0,True,True,0.7410256649564492,0.9033983664898664,False,False,0.1623727015334172,90.51831817626953
00421,6,6,0,1.0,0.0,0.0,0.0,0.0,False,False,0.0,0.0,False,False,0.0,90.51831817626953
00421,7,7,0,1.0,0.0,0.0,0.0,0.0,True,False,0.8788731237923367,0.0,False,True,-0.8788731237923367,90.51831817626953
00433,0,0,0,0.8540814133471426,0.006325835040917494,0.08850444492937797,-0.006249999999999978,0.0009765699999999544,True,True,0.9473789118863255,0.9332578095887887,False,False,-0.014121102297536825,55.667659759521484
00433,1,1,0,1.0,0.0,0.0,0.0,0.0,True,True,0.8526924613151664,0.8577222590096084,False,False,0.005029797694442006,55.667659759521484
00433,2,2,0,1.0,0.0,0.0,0.0,0.0,True,True,0.7722590795276656,0.8152496651125637,False,False,0.0429905855848981,55.667659759521484
00433,3,3,0,0.7027028248746021,0.00654806671731435,0.14724838482346228,0.006250000000000002,-0.0019531199999999749,True,True,0.7644723699060687,0.9040981100612772,False,False,0.13962574015520846,55.667659759521484
00436,0,0,3,0.6788321167883213,0.009536371574791954,0.15502341134330686,0.005468749999999998,0.0078125,False,False,0.0,0.0,True,True,0.0,62.184913635253906
00436,1,1,0,0.7653059983627621,0.013281249999999911,0.1578410444172703,-0.013281249999999911,0.0,True,True,0.9007448425821565,0.9057470223364397,False,False,0.005002179754283187,62.184913635253906
00437,0,0,0,0.35652619894710386,0.049412131508713555,0.5947196319230245,-0.04843750000000002,-0.00976562000000003,True,True,0.7994539865594592,0.8483623973076811,False,False,0.04890841074822194,67.69500732421875
00437,1,2,3,1.0,0.0,0.0,0.0,0.0,True,True,0.8815160546405926,0.8996679733429155,False,False,0.01815191870232291,67.69500732421875
00437,2,1,0,0.28045084257631286,0.03057614898597439,0.7318292085884653,-0.030468750000000044,-0.002560500000000021,True,True,0.8739401463265921,0.9395338488206859,False,False,0.0655937024940938,67.69500732421875
00438,0,0,3,0.8854002558531616,0.005527724644562127,0.04441304623782637,-0.004687499999999956,-0.002929689999999985,True,True,0.9521766926780612,0.9345886748491433,False,False,-0.017588017828917835,73.45574188232422
00438,1,1,0,0.6751760563380294,0.005002440810494372,0.07311293972800816,0.0031249999999999334,-0.00390625,True,True,0.901660534930029,0.8589103336215826,False,False,-0.04275020130844631,73.45574188232422
00450,0,0,0,0.6574584926874443,0.005527724644562134,0.1444277847230372,0.004687499999999956,-0.0029296899999999987,True,True,0.8880320864684197,0.7501477295959185,False,False,-0.13788435687250122,144.6656036376953
00450,1,1,0,0.6273763677732336,0.018409179255452976,0.21546602833057465,0.005468750000000022,-0.017578129999999997,True,True,0.9138976802842338,0.9036600973409771,False,False,-0.010237582943256718,144.6656036376953
00450,2,2,0,0.6509225399697747,0.009960935294117684,0.17923995663729062,0.004687499999999956,0.008789059999999987,True,True,0.8842506363984576,0.8921074481325956,False,False,0.007856811734137992,144.6656036376953
00450,3,3,0,0.7464115474279465,0.007042088174639657,0.11197573590785183,0.00390625,0.005859369999999975,True,True,0.9233757311689992,0.9515071863754567,False,False,0.028131455206457545,144.6656036376953
00450,4,4,0,0.7926829202300208,0.00796721798998873,0.12538678205719714,0.0015625000000000222,0.0078125,True,True,0.892573372193376,0.8175356881215903,False,False,-0.07503768407178568,144.6656036376953
00450,5,5,0,0.8800000000000022,0.003983608994994354,0.07168221481614938,0.0007812499999999556,0.00390625,True,True,0.868474452077131,0.9395683563561501,False,False,0.07109390427901907,144.6656036376953
00450,6,6,0,0.9294871003287368,0.0021035846451711447,0.03162284638989207,0.0007812499999999556,0.0019531299999999696,True,True,0.9473967950511156,0.8530979993916924,False,False,-0.09429879565942323,144.6656036376953
00450,7,7,0,0.8365018028215029,0.005911233843022925,0.10636845501064598,-0.0007812499999999556,0.00585937999999997,True,True,0.8879131365760353,0.7967251520408953,False,False,-0.09118798453513999,144.6656036376953
00450,8,8,0,0.846994393833982,0.003906250442828775,0.06822909712172565,1.8600000000201788e-06,0.00390625,True,True,0.9230420438330749,0.9164223413443731,False,False,-0.006619702488701806,144.6656036376953
00450,9,9,0,0.523076668137319,0.012621489301489021,0.20961741002571,0.004687500000000067,-0.01171876000000005,True,True,0.7488904975836562,0.729580370793272,False,False,-0.01931012679038424,144.6656036376953
00450,10,10,0,0.6717704113889014,0.013008453906859906,0.15041078621519716,0.008593749999999956,-0.009765619999999975,True,True,0.9106041200184427,0.8846444287661677,False,False,-0.02595969125227504,144.6656036376953
00459,0,0,0,1.0,0.0,0.0,0.0,0.0,True,True,0.9054060799380265,0.8664939904626234,False,False,-0.03891208947540303,137.1730499267578
00459,1,1,0,1.0,0.0,0.0,0.0,0.0,True,True,0.8273390960969761,0.8501606187193053,False,False,0.02282152262232917,137.1730499267578
00459,2,2,0,0.8045041774829215,0.004026472156541007,0.07141095551793818,0.00390625,-0.000976569999999996,True,True,0.8666442651757088,0.8700524166421315,False,False,0.003408151466422704,137.1730499267578
00459,3,3,3,1.0,0.0,0.0,0.0,0.0,True,True,0.8947748832679144,0.9190840396364149,False,False,0.024309156368500506,137.1730499267578
00459,4,4,0,1.0,0.0,0.0,0.0,0.0,True,True,0.9261563438992383,0.8691581735919429,False,False,-0.05699817030729537,137.1730499267578
00459,5,5,0,0.6681190039302253,0.005416188255120015,0.10221739407847348,0.002343749999999978,-0.00488282000000001,True,True,0.756781152722952,0.8513365410468114,False,False,0.09455538832385946,137.1730499267578
00459,6,6,0,0.7029914912820512,0.005416179239888555,0.09868687741277091,0.002343749999999978,-0.0048828099999999874,True,True,0.839351714221105,0.7956476966968189,False,False,-0.0437040175242861,137.1730499267578
00459,7,7,0,1.0,0.0,0.0,0.0,0.0,True,True,0.8895227983705739,0.8643376889246283,False,False,-0.025185109445945653,137.1730499267578
00459,8,8,0,1.0,0.0,0.0,0.0,0.0,True,True,0.9098947050555469,0.8657232595055925,False,False,-0.04417144554995445,137.1730499267578
00459,9,9,0,0.8112244506122478,0.0032740333586571187,0.05254900804572619,-0.0031249999999999334,-0.0009765600000000152,True,True,0.7897543692390865,0.8576015256115582,False,False,0.06784715637247174,137.1730499267578
00459,10,10,0,1.0,0.0,0.0,0.0,0.0,True,True,0.8095934568074418,0.7957436093588082,False,False,-0.013849847448633601,137.1730499267578
00459,11,11,0,0.9166668711111318,0.0039062400000000608,0.0719441237061923,0.0,-0.0039062400000000608,True,True,0.8304530253504964,0.8386643268200633,False,False,0.008211301469566945,137.1730499267578
00459,12,12,0,0.9166664622222451,0.003906259999999939,0.07029037458233879,0.0,-0.003906259999999939,True,True,0.8603213633881317,0.8136632008118188,False,False,-0.046658162576312945,137.1730499267578
00459,13,13,0,0.946428525714286,0.002929689999999985,0.051510256680159884,0.0,-0.002929689999999985,True,True,0.7691983487602293,0.7492013724345785,False,False,-0.019996976325650784,137.1730499267578
00459,14,14,0,1.0,0.0,0.0,0.0,0.0,True,True,0.9070418379956637,0.8646948403955477,False,False,-0.042346997600116065,137.1730499267578
00459,15,15,0,0.9636362722380213,0.0019531299999999696,0.032437539046616976,0.0,-0.0019531299999999696,True,True,0.7993858457655185,0.8125867036050987,False,False,0.013200857839580138,137.1730499267578
00459,16,16,0,0.7738470539948124,0.009889840016243916,0.15108824613339014,-0.0015625000000000222,0.00976562999999997,True,True,0.8937963447936058,0.8795420426770393,False,False,-0.01425430211656653,137.1730499267578
00459,17,17,0,0.9661016096064391,0.0019531299999999696,0.030228255150859938,0.0,-0.0019531299999999696,True,True,0.8709861537408629,0.7833984894470255,False,False,-0.08758766429383735,137.1730499267578
00459,18,18,0,1.0,0.0,0.0,0.0,0.0,True,True,0.9330346362464201,0.8981756953275668,False,False,-0.03485894091885333,137.1730499267578
00459,19,19,0,0.7723939121343205,0.005379780000000056,0.09623984158312308,-0.005379780000000056,0.0,True,True,0.9420086875884713,0.7878019961315809,False,False,-0.15420669145689048,137.1730499267578
00459,20,20,0,0.7644105758394597,0.005438918540022463,0.08473652260418468,-0.0023958299999999877,-0.004882810000000015,True,True,0.8791014767721013,0.8996187184104094,False,False,0.020517241638308148,137.1730499267578
00459,21,21,0,0.8999999488000003,0.004882810000000015,0.08883358885884052,0.0,-0.004882810000000015,True,True,0.8248234895553692,0.7968198327738941,False,False,-0.028003656781475095,137.1730499267578
00464,0,0,3,0.6108191648953024,0.03955934031616301,0.32150623476067525,-0.006249999999999999,-0.0390625,True,True,0.8825037659016826,0.8339127567252703,False,True,-0.048591009176412236,134.65708923339844
00464,2,1,0,0.27530361804455317,0.03714226016594038,0.847077223795243,0.0015624999999999944,-0.037109380000000025,True,True,0.8346381188509302,0.6600094040585397,False,False,-0.1746287147923905,134.65708923339844
00464,3,2,0,0.44853641440202646,0.04104537111824429,0.5998966890884704,0.0015625000000000222,-0.04101562000000003,True,True,0.8698719929670784,0.9162860364318497,False,False,0.04641404346477129,134.65708923339844
00464,4,3,0,0.3600562713223523,0.04411857953355481,0.7148899570150834,0.00390625,-0.043945310000000015,True,True,0.8569193515089606,0.8250817557689594,False,False,-0.03183759574000122,134.65708923339844
00464,5,4,0,0.37450872257801326,0.04299714970567817,0.7035158958254599,0.0015625000000000014,-0.04296875,True,False,0.8513236867171797,0.0,False,False,-0.8513236867171797,134.65708923339844
00464,6,5,0,0.29065749002047325,0.04888433764302123,0.8550666267737288,0.0023437500000000056,-0.04882812000000003,True,True,0.7534651973893469,0.8664822817217465,False,False,0.11301708433239954,134.65708923339844
00464,7,6,0,0.3663120223699617,0.03710944603212641,0.662064505678416,-7.511999999998409e-05,-0.03710937000000003,True,True,0.8196444827859001,0.9006381801387339,False,False,0.0809936973528338,134.65708923339844
00464,8,7,0,0.3141222845020785,0.0498291937747953,0.8173069345645843,0.0015624999999999944,-0.049804689999999985,True,True,0.7635980850844826,0.843648710566913,False,False,0.08005062548243047,134.65708923339844
00464,9,8,0,0.740655578605009,0.008789060000000015,0.1354340461980177,0.0,-0.008789060000000015,True,True,0.8282768337366654,0.934709718479568,False,False,0.10643288474290258,134.65708923339844
00464,10,9,0,1.0,0.0,0.0,0.0,0.0,True,True,0.8283493393175597,0.8263809298271028,False,False,-0.001968409490456957,134.65708923339844
00464,11,10,0,1.0,0.0,0.0,0.0,0.0,True,True,0.8840687924009577,0.8474880059187829,False,False,-0.036580786482174776,134.65708923339844
00464,12,11,0,1.0,0.0,0.0,0.0,0.0,True,True,0.8490437152184895,0.8398167295987241,False,False,-0.009226985619765427,134.65708923339844
00464,13,12,0,1.0,0.0,0.0,0.0,0.0,True,True,0.9328570478581927,0.8624095351553515,False,False,-0.07044751270284122,134.65708923339844
00464,14,13,0,0.8283956494141352,0.005416188255119965,0.07849760734561323,-0.002343749999999978,-0.004882819999999954,True,True,0.889859477172252,0.8489864601160009,False,False,-0.040873017056251126,134.65708923339844
00464,15,14,3,0.8545635041995022,0.0039366007817151,0.032684730005981766,-0.0004878899999999353,-0.00390625,True,True,0.9426111801002981,0.9670115423464885,False,False,0.024400362246190355,134.65708923339844
00464,16,15,0,0.5514511209651872,0.017853746925978867,0.34412803080730103,0.003124999999999989,-0.017578129999999997,True,True,0.8814753731242574,0.8578359291434162,False,False,-0.02363944398084117,134.65708923339844
00464,17,16,0,0.949999999999996,0.0007812500000000666,0.01561737667642883,-0.0007812500000000666,0.0,True,True,0.8161008804000052,0.715482185486732,False,False,-0.10061869491327313,134.65708923339844
00464,18,17,0,0.8214285714285722,0.004555422592921532,0.0754028999736887,0.002343749999999978,-0.0039062400000000053,True,True,0.8011916108047983,0.926536231602631,False,False,0.1253446207978327,134.65708923339844
00464,19,18,0,0.7783429581206075,0.0043673225046245556,0.07463521559337002,0.00390625,-0.001953130000000025,True,True,0.8074202155494083,0.8952306467646218,False,False,0.08781043121521348,134.65708923339844
00464,20,19,0,0.9811319314774011,0.0009765699999999822,0.014919174454201087,0.0,-0.0009765699999999822,True,True,0.9634033636374301,0.8815330003093742,False,False,-0.08187036332805586,134.65708923339844
00468,0,0,0,0.5656605865603892,0.021498569856141597,0.2905516315788978,0.0007812500000000042,-0.021484370000000003,True,True,0.8376562782870832,0.9358845837415463,False,False,0.09822830545446304,140.13719177246094
00468,1,1,0,0.43795628030618117,0.03417967999999999,0.6126223869597455,0.0,-0.03417967999999999,True,True,0.7800110800309967,0.9211241009148361,False,False,0.14111302088383937,140.13719177246094
00468,2,2,0,0.3940809848372333,0.03815798723394751,0.6377660676741717,0.0023437500000000056,-0.03808594000000001,True,True,0.810697308828196,0.9080047168700215,False,False,0.09730740804182547,140.13719177246094
00468,3,3,0,0.3081983973918596,0.050931268790645697,0.8381403857026315,0.00390625,-0.05078125,True,True,0.7968497205748878,0.8813988893701982,False,False,0.08454916879531038,140.13719177246094
00468,4,4,0,0.44349319303434176,0.037183309506543416,0.6380069907848679,0.002343749999999978,-0.03710937000000003,True,True,0.7600993347114803,0.8874388890447271,False,False,0.12733955433324684,140.13719177246094
00468,5,5,0,0.39579489532394807,0.043223675605072044,0.5983407991985464,0.004687499999999997,-0.04296875,True,True,0.9009922070005816,0.959033860544858,False,False,0.05804165354427637,140.13719177246094
00468,6,6,0,0.4423440184733472,0.0381179778048836,0.5951893971269837,0.0015624999999999944,-0.038085939999999985,True,True,0.8484153302433605,0.8652454292388196,False,False,0.016830098995459175,140.13719177246094
00468,7,7,0,0.47655583972719556,0.03140586131600278,0.4889307256021754,0.0031250000000000167,-0.03125,True,True,0.8860612514045236,0.896775044707876,False,False,0.010713793303352315,140.13719177246094
00468,8,8,0,0.6406250656250015,0.017647427829131392,0.3117537831901025,0.0015625000000000222,-0.01757812000000003,True,True,0.8075693667521934,0.8044180395698901,False,False,-0.003151327182303265,140.13719177246094
00468,9,9,0,0.7394957983193269,0.011822457773766844,0.19203126422857267,0.0015625000000000222,-0.01171875,True,True,0.8050724212661481,0.8346722667170633,False,False,0.029599845450915208,140.13719177246094
00468,10,10,0,0.6443298426612828,0.01785374692597883,0.2683924784392512,0.0031249999999999334,0.01757812999999997,True,True,0.8155244453854142,0.92747562191117,False,False,0.1119511765257557,140.13719177246094
00468,11,11,0,0.8666666666666667,0.0078125,0.11952286093343936,0.0,0.0078125,True,True,0.848363322422242,0.8422607379365659,False,False,-0.006102584485676132,140.13719177246094
00468,12,12,0,0.7886352180323092,0.006640620588235759,0.09689789327555613,-0.0031250000000000444,0.00585937000000003,True,True,0.9200256834271416,0.8711989440378742,False,False,-0.048826739389267404,140.13719177246094
00468,13,13,0,0.7999999999999992,0.007967217989988708,0.1240347345892083,0.0015624999999999112,0.0078125,True,True,0.9074866999159565,0.9229825027126376,False,False,0.015495802796681057,140.13719177246094
00468,14,14,0,0.7358884271858014,0.009796830143439229,0.16423332333368912,-0.0007812500000000666,0.00976562999999997,True,True,0.8101797622080728,0.9266590110163274,False,False,0.11647924880825467,140.13719177246094
00468,15,15,0,0.7407407407407393,0.005468750000000022,0.09759000984414394,0.005468750000000022,0.0,True,True,0.7662276744272535,0.867066398790542,False,False,0.10083872436328856,140.13719177246094
00468,16,16,0,0.6674057706052554,0.009110862335695816,0.15528513729230606,0.004687500000000067,0.0078125,True,True,0.9331190360627433,0.8987151862858009,False,False,-0.03440384977694233,140.13719177246094
00468,17,17,0,0.7409651939564611,0.004944269850736326,0.09388238305553998,0.0045421500000000226,0.0019531200000000026,True,True,0.8424594717748368,0.8812167958490337,False,False,0.03875732407419685,140.13719177246094
00470,2,1,0,0.5211864307497842,0.019671372362522144,0.3510362372583033,-0.0023437500000000056,-0.01953125,True,True,0.756689934241134,0.82079576579152,False,False,0.06410583155038607,142.0138397216797
00470,3,2,0,0.5362172344359971,0.017054938156657134,0.33213775449801564,-0.00390625,-0.016601569999999982,True,True,0.750313373158805,0.7167332108461911,False,False,-0.03358016231261385,142.0138397216797
00470,7,6,0,0.5706521739130437,0.01764742782913139,0.4024724034708083,0.0015624999999999944,-0.01757812000000003,True,True,0.8588590075325477,0.8317366506932888,False,False,-0.0271223568392589,142.0138397216797
00470,8,7,0,0.6725144946889724,0.019546878747004538,0.3103349654313149,0.0007812500000000666,0.01953125999999994,True,True,0.868188894020318,0.9042182439751557,False,False,0.03602934995483775,142.0138397216797
00470,9,8,0,0.5626690881204932,0.024526301998998967,0.36469763496339014,-0.002343749999999978,0.024414060000000015,True,True,0.8703160564504778,0.9060174403569823,False,False,0.03570138390650446,142.0138397216797
00470,10,9,0,0.7009544599068553,0.011096262871548215,0.17111067552777257,-0.0027807199999999588,0.010742189999999985,True,True,0.8507230139999246,0.8818912022517543,False,False,0.031168188251829765,142.0138397216797
00470,11,10,0,0.5512277945813517,0.024526301998998967,0.34968300072001995,0.002343749999999978,0.024414060000000015,True,True,0.9293689162594364,0.8972454321965204,False,False,-0.032123484062915986,142.0138397216797
00470,12,11,0,0.5915935124717695,0.016619932189876667,0.2893619058431074,0.0007812499999999556,0.01660155999999996,True,True,0.7585493408962205,0.953601418677966,False,False,0.1950520777817455,142.0138397216797
00470,13,12,0,0.5012358004031624,0.023450517218443205,0.3840093320359726,0.0007812499999999556,0.023437500000000028,True,True,0.8704916455958729,0.8943327418990121,False,False,0.023841096303139242,142.0138397216797
00470,14,13,0,0.5545023696682456,0.015644519058203736,0.2820700126980751,-0.0007812499999999556,0.015625,True,True,0.8612327317021451,0.8176041482871512,False,False,-0.04362858341499387,142.0138397216797
00484,0,0,0,1.0,0.0,0.0,0.0,0.0,True,True,0.8368397001686302,0.8711065671491791,False,False,0.03426686698054893,132.8394775390625
00484,1,1,0,0.8571428571428571,0.0078125,0.12162606385262997,0.0,-0.0078125,True,True,0.8794094623516673,0.8525335912314818,False,False,-0.026875871120185524,132.8394775390625
00484,2,2,0,0.7313433497349098,0.013760866089999546,0.1954689246213213,0.0015625000000000222,-0.013671869999999975,True,True,0.9149708308843255,0.8697965870123788,False,False,-0.045174243871946684,132.8394775390625
00484,3,3,0,0.8387095948387102,0.00976562999999997,0.13992934442344776,0.0,-0.00976562999999997,True,True,0.8705008503563583,0.8745314003679231,False,False,0.004030550011564826,132.8394775390625
00484,4,4,0,1.0,0.0,0.0,0.0,0.0,True,True,0.9341150431289658,0.7584359266049294,False,False,-0.17567911652403634,132.8394775390625
00484,5,5,0,1.0,0.0,0.0,0.0,0.0,True,True,0.9321305499769659,0.87390052368357,False,False,-0.05823002629339591,132.8394775390625
00484,6,6,0,1.0,0.0,0.0,0.0,0.0,True,True,0.9318410987784611,0.8252219343175664,False,False,-0.1066191644608947,132.8394775390625
00484,7,7,0,0.7941175717647063,0.01367187999999997,0.19651767753928934,0.0,-0.01367187999999997,True,True,0.8839391845374472,0.9189129257890502,False,False,0.03497374125160291,132.8394775390625
00484,8,8,0,1.0,0.0,0.0,0.0,0.0,False,True,0.0,0.818034936821933,True,True,0.818034936821933,132.8394775390625
00484,9,9,0,1.0,0.0,0.0,0.0,0.0,True,True,0.9202164950424488,0.8757901228635102,False,False,-0.04442637217893863,132.8394775390625
00484,10,10,0,1.0,0.0,0.0,0.0,0.0,True,True,0.9202244861312581,0.9071597088464766,False,False,-0.013064777284781504,132.8394775390625
00484,11,11,0,1.0,0.0,0.0,0.0,0.0,True,True,0.9252141517473655,0.8576671580935891,False,False,-0.06754699365377648,132.8394775390625
00484,12,12,0,1.0,0.0,0.0,0.0,0.0,True,True,0.9114458930641401,0.8485620683534841,False,False,-0.06288382471065601,132.8394775390625
00484,13,13,0,1.0,0.0,0.0,0.0,0.0,True,True,0.9471328752401786,0.8482213313910646,False,False,-0.09891154384911405,132.8394775390625
00484,14,14,0,1.0,0.0,0.0,0.0,0.0,True,True,0.9631829295954979,0.8254187720237544,False,False,-0.13776415757174354,132.8394775390625
00484,15,15,0,1.0,0.0,0.0,0.0,0.0,True,True,0.9167201442472055,0.8866961988266873,False,False,-0.030023945420518228,132.8394775390625
00484,16,16,0,1.0,0.0,0.0,0.0,0.0,True,True,0.9156510295563141,0.8171324703219742,False,False,-0.09851855923433983,132.8394775390625
00484,17,17,0,1.0,0.0,0.0,0.0,0.0,True,True,0.9238508559480303,0.8732129731593468,False,False,-0.05063788278868353,132.8394775390625
00484,18,18,0,1.0,0.0,0.0,0.0,0.0,True,True,0.9373848135005236,0.8892554021957165,False,False,-0.04812941130480708,132.8394775390625
00484,19,19,0,1.0,0.0,0.0,0.0,0.0,True,True,0.9251422708666123,0.8801162538083409,False,False,-0.04502601705827136,132.8394775390625
00494,0,0,0,0.8666666666666667,0.0078125,0.11952286093343936,0.0,-0.0078125,True,True,0.9103365723612811,0.8281954792444968,False,False,-0.0821410931167843,141.3282928466797
00494,1,1,0,0.826793045731631,0.006064125909551963,0.09447704326295156,-0.0015624999999999112,-0.005859369999999975,True,True,0.8864643828119955,0.8998151957194246,False,False,0.013350812907429122,141.3282928466797
00494,2,2,0,0.7448879581268758,0.010253445971813558,0.1386518958193151,-0.0031250000000000444,-0.00976562999999997,True,True,0.7990504813871547,0.8686609225474599,False,False,0.06961044116030513,141.3282928466797
00494,3,3,0,0.7600815947943077,0.005106423587649118,0.08468306890061851,0.004718139999999926,-0.0019531299999999974,True,True,0.9225514982560324,0.8600112524313663,False,False,-0.06254024582466611,141.3282928466797
00494,4,4,0,1.0,0.0,0.0,0.0,0.0,True,True,0.8976642779128855,0.9255387545609175,False,False,0.027874476648032,141.3282928466797
00494,5,5,0,1.0,0.0,0.0,0.0,0.0,True,True,0.9073575681236925,0.9230426353130322,False,False,0.015685067189339708,141.3282928466797
00494,6,6,0,1.0,0.0,0.0,0.0,0.0,True,True,0.885029640107972,0.8749764042481197,False,False,-0.010053235859852294,141.3282928466797
00494,7,7,0,1.0,0.0,0.0,0.0,0.0,True,True,0.8381084539021085,0.9369754481533977,False,False,0.0988669942512892,141.3282928466797
00495,0,0,0,1.0,0.0,0.0,0.0,0.0,True,True,0.853607667602565,0.8670331850483921,False,False,0.013425517445827095,141.37701416015625
00495,1,1,0,1.0,0.0,0.0,0.0,0.0,True,True,0.9758996974135392,0.8897752029437492,False,False,-0.08612449446978998,141.37701416015625
00495,2,2,0,1.0,0.0,0.0,0.0,0.0,True,True,0.8832577980871615,0.8559188556371391,False,False,-0.02733894245002244,141.37701416015625
00495,3,3,0,1.0,0.0,0.0,0.0,0.0,True,True,0.9255052991325087,0.7959521946688012,False,False,-0.1295531044637075,141.37701416015625
00495,4,4,0,1.0,0.0,0.0,0.0,0.0,True,True,0.9768914905130285,0.8421519533758093,False,False,-0.1347395371372192,141.37701416015625
00495,5,5,0,1.0,0.0,0.0,0.0,0.0,True,True,0.8613174534212696,0.8567047253714325,False,False,-0.004612728049837145,141.37701416015625
00495,6,6,0,1.0,0.0,0.0,0.0,0.0,True,True,0.9069605785310989,0.8491142780728306,False,False,-0.05784630045826833,141.37701416015625
00495,7,7,0,1.0,0.0,0.0,0.0,0.0,True,True,0.9374340562262674,0.8917554813797441,False,False,-0.04567857484652327,141.37701416015625
00495,8,8,0,1.0,0.0,0.0,0.0,0.0,True,True,0.8949067022211509,0.9208395874315605,False,False,0.025932885210409595,141.37701416015625
00495,9,9,0,1.0,0.0,0.0,0.0,0.0,True,True,0.9631326927113653,0.8474271112880635,False,False,-0.11570558142330178,141.37701416015625
00509,0,0,3,1.0,0.0,0.0,0.0,0.0,True,True,0.9441989503965053,0.871632914735562,False,False,-0.07256603566094322,136.35133361816406
00509,1,1,3,1.0,0.0,0.0,0.0,0.0,True,True,0.9697456422123195,0.9119033612076586,False,False,-0.057842281004660934,136.35133361816406
00509,2,2,0,1.0,0.0,0.0,0.0,0.0,True,True,0.9262284738670948,0.8799606623309696,False,False,-0.04626781153612525,136.35133361816406
00509,3,3,0,1.0,0.0,0.0,0.0,0.0,True,True,0.9570180900764376,0.8713248196237535,False,False,-0.08569327045268404,136.35133361816406
00509,4,4,0,1.0,0.0,0.0,0.0,0.0,True,True,0.9353820347283176,0.8960852798520329,False,False,-0.0392967548762847,136.35133361816406
00509,5,5,0,1.0,0.0,0.0,0.0,0.0,True,True,0.9587753160317471,0.902048845425163,False,False,-0.0567264706065842,136.35133361816406
00509,6,6,0,1.0,0.0,0.0,0.0,0.0,True,True,0.8533274755803374,0.8858644761198,False,False,0.032537000539462624,136.35133361816406
00509,7,7,0,1.0,0.0,0.0,0.0,0.0,True,True,0.8929500149794127,0.7801486978146324,False,False,-0.11280131716478037,136.35133361816406
00509,8,8,0,1.0,0.0,0.0,0.0,0.0,True,True,0.9527724274199975,0.9288341233729243,False,False,-0.0239383040470732,136.35133361816406
00509,9,9,0,1.0,0.0,0.0,0.0,0.0,True,True,0.9521955336213875,0.8717046647928347,False,False,-0.08049086882855283,136.35133361816406
00509,10,10,0,1.0,0.0,0.0,0.0,0.0,True,True,0.9763596863681633,0.8176968182507031,False,False,-0.15866286811746022,136.35133361816406
00523,0,0,0,0.5621620216520208,0.025303337076117056,0.3012373743567633,0.024999999999999994,0.00390626000000005,True,True,0.92074752072037,0.7798439551019315,False,False,-0.14090356561843853,143.38497924804688
00523,1,1,0,0.8894777599746982,0.005078123076925145,0.04750729138821637,0.004687499999999956,0.0019531200000000304,True,True,0.9624123864661854,0.9687550355139303,False,False,0.006342649047744842,143.38497924804688
00523,2,2,0,0.8095238095238098,0.012499999999999983,0.13493584633206568,-0.012499999999999983,0.0,True,True,0.9289804461749576,0.8815747035672209,False,False,-0.04740574260773667,143.38497924804688
00523,3,3,1,0.8809523809523809,0.0078125,0.08385910090443795,0.0078125,0.0,True,True,0.8975417505435505,0.8823229958796807,False,True,-0.015218754663869793,143.38497924804688
00523,4,4,0,0.9069767441860453,0.006250000000000089,0.0649527004153019,0.006250000000000089,0.0,True,True,0.9243946533646962,0.8352986999359779,False,False,-0.08909595342871823,143.38497924804688
00523,5,5,0,1.0,0.0,0.0,0.0,0.0,True,True,0.891169323055605,0.8156126369182658,False,False,-0.07555668613733924,143.38497924804688
00523,6,6,0,0.7631578947368426,0.014062499999999978,0.16865943575080122,-0.014062499999999978,0.0,True,True,0.9398439101911159,0.8698216179321295,False,False,-0.07002229225898637,143.38497924804688
00537,0,0,0,0.8631090487238979,0.007851465329000695,0.09220457419067397,0.0007812500000000007,-0.0078125,True,True,0.9093637691572688,0.8102342550507832,False,False,-0.09912951410648563,54.28704071044922
00537,1,1,0,0.7543859649122808,0.010937499999999989,0.10817343523347876,0.010937499999999989,0.0,True,True,0.9370011929304768,0.8173511613916283,False,False,-0.11965003153884846,54.28704071044922
00537,2,2,0,0.8172611928279483,0.008288711114135894,0.07746054491208,0.004687500000000011,-0.006835939999999985,True,True,0.8726421291752392,0.8186632616563108,False,False,-0.05397886751892844,54.28704071044922
00537,3,3,0,0.8774347328118893,0.0052340000862151495,0.05664809958373878,0.0018849200000000121,-0.004882810000000015,True,True,0.9563848712948984,0.9551688199920654,False,False,-0.0012160513028329767,54.28704071044922
00537,4,4,0,1.0,0.0,0.0,0.0,0.0,True,True,0.9355261962308928,0.8914101920941134,False,True,-0.04411600413677941,54.28704071044922
00537,5,5,0,1.0,0.0,0.0,0.0,0.0,True,True,0.8874349832204413,0.9071747990840628,False,False,0.0197398158636215,54.28704071044922
00541,0,0,0,1.0,0.0,0.0,0.0,0.0,True,True,0.9118512925402117,0.8935627625929072,False,False,-0.018288529947304455,122.98602294921875
00541,1,1,0,1.0,0.0,0.0,0.0,0.0,True,True,0.9620372822419563,0.8357626525523013,False,False,-0.12627462968965497,122.98602294921875
00541,2,2,0,1.0,0.0,0.0,0.0,0.0,True,True,0.947066911853561,0.8418588236111803,False,False,-0.1052080882423807,122.98602294921875
00541,3,3,0,1.0,0.0,0.0,0.0,0.0,True,True,0.916310721641292,0.9128228702180505,False,False,-0.0034878514232414837,122.98602294921875
00541,4,4,0,1.0,0.0,0.0,0.0,0.0,True,True,0.9031422324892557,0.9145502080541523,False,False,0.011407975564896589,122.98602294921875
00541,5,5,0,0.9187481778834884,0.004283539248810519,0.030274417679849428,0.0031250000000000444,0.002929689999999985,True,True,0.8999145912176082,0.9224756318909819,False,False,0.022561040673373722,122.98602294921875
00541,6,6,0,1.0,0.0,0.0,0.0,0.0,True,True,0.9334122003459511,0.8312078538558134,False,False,-0.10220434649013765,122.98602294921875
00541,7,7,0,0.7704298071441973,0.010098174737743491,0.09414134837744628,-0.004972480000000057,-0.008789060000000015,True,True,0.9499770685321796,0.8948383295114672,False,False,-0.05513873902071231,122.98602294921875
00541,8,8,0,1.0,0.0,0.0,0.0,0.0,True,True,0.9446126526299802,0.9171656324845809,False,False,-0.027447020145399237,122.98602294921875
00541,9,9,0,1.0,0.0,0.0,0.0,0.0,True,True,0.9731008247830251,0.9106987562412603,False,False,-0.06240206854176478,122.98602294921875
00541,10,10,0,0.9859154574092455,0.0009765600000000152,0.009265592738285776,0.0,0.0009765600000000152,True,True,0.9299218149217544,0.9012795366203611,False,False,-0.02864227830139332,122.98602294921875
00541,11,11,0,1.0,0.0,0.0,0.0,0.0,True,True,0.5998036037515281,0.5834248194148098,False,False,-0.016378784336718244,122.98602294921875
00541,12,12,0,0.9600000000000002,0.002343749999999978,0.019034675043778856,-0.002343749999999978,0.0,True,True,0.9662332847149541,0.9280905749909042,False,False,-0.03814270972404987,122.98602294921875
00541,13,13,0,1.0,0.0,0.0,0.0,0.0,True,True,0.8991422080955475,0.8664261048416914,False,False,-0.0327161032538561,122.98602294921875
00541,14,14,0,1.0,0.0,0.0,0.0,0.0,True,True,0.9446825547483338,0.9184819605690349,False,False,-0.026200594179298986,122.98602294921875
00541,15,15,0,1.0,0.0,0.0,0.0,0.0,True,True,0.9459506732063241,0.9083922450745306,False,False,-0.03755842813179344,122.98602294921875
00541,16,16,0,1.0,0.0,0.0,0.0,0.0,True,True,0.9221912714160927,0.8629487125982959,False,False,-0.05924255881779683,122.98602294921875
00565,0,0,3,0.8703948200624134,0.0059374900000000175,0.03711629222020961,-0.0059374900000000175,0.0,True,True,0.9288662816775648,0.9602030590160621,False,False,0.03133677733849727,145.34031677246094
00565,1,1,0,1.0,0.0,0.0,0.0,0.0,True,True,0.9260223643924166,0.8828356393198897,False,False,-0.043186725072526855,145.34031677246094
00565,2,2,0,0.9871794543589744,0.0009765599999999874,0.010201082036846715,0.0,-0.0009765599999999874,True,True,0.9038294771607838,0.9216441811928942,False,False,0.017814704032110384,145.34031677246094
00565,3,3,0,0.8595530643577974,0.005134965133143553,0.06902244042685267,-0.0015893499999999894,-0.004882810000000001,True,True,0.919780650554968,0.8839405107898628,False,False,-0.03584013976510525,145.34031677246094
00565,4,4,0,0.9480519480519484,0.003124999999999989,0.023105566805570986,-0.003124999999999989,0.0,True,True,0.9401089402339334,0.9518292379081775,False,False,0.011720297674244096,145.34031677246094
00567,0,0,0,0.7990073784580938,0.005911233843022925,0.09428555806502707,-0.0007812499999999556,-0.00585937999999997,True,True,0.8964547979766306,0.9079298004800801,False,False,0.01147500250344946,100.2522964477539
00567,1,1,0,0.7969638827328785,0.006064135571901383,0.08399432520181832,0.0015625000000000222,-0.00585937999999997,True,True,0.8513120261245255,0.800060203788118,False,False,-0.05125182233640746,100.2522964477539
00567,2,2,0,0.796770634271854,0.008926868540176916,0.13382749373563904,0.0015625000000000222,0.008789060000000015,True,True,0.8969345816260559,0.9312746002768633,False,False,0.03434001865080738,100.2522964477539
00567,3,3,0,0.5819712227606954,0.01840917925545293,0.27100886570555305,0.005468749999999967,-0.01757812999999997,True,True,0.8614448129140978,0.8169558644054428,False,False,-0.044488948508655035,100.2522964477539
00567,4,4,0,1.0,0.0,0.0,0.0,0.0,True,True,0.8609259143874248,0.8722001909487831,False,False,0.011274276561358265,100.2522964477539
00567,5,5,0,1.0,0.0,0.0,0.0,0.0,True,True,0.9276637224182052,0.8427425340675249,False,False,-0.0849211883506803,100.2522964477539
00567,6,6,0,0.8372502961139249,0.003983608994994365,0.05937527748016031,0.0007812500000000111,0.00390625,True,True,0.8988213301254598,0.8740287569470514,False,False,-0.02479257317840844,100.2522964477539
00567,7,7,0,1.0,0.0,0.0,0.0,0.0,True,True,0.9467782353446229,0.9366426473798254,False,False,-0.010135587964797521,100.2522964477539
00567,8,8,0,0.882205594468984,0.0030508755787314232,0.041628726000618135,0.002343749999999978,-0.0019531199999999749,True,True,0.8304394919185915,0.779805172708833,False,False,-0.05063431920975847,100.2522964477539
00572,0,0,0,0.7904600176382702,0.006768640169642653,0.08698724183428586,0.004687500000000011,-0.004882810000000001,True,True,0.8491369123086074,0.9546907335675834,False,False,0.10555382125897594,75.70523834228516
00582,0,0,0,0.8094098237148641,0.009889840016243916,0.1215302431496115,-0.0015625000000000222,-0.00976562999999997,True,True,0.8398984476719611,0.8839264969209092,False,False,0.0440280492489481,66.40805053710938
00582,1,1,0,0.877787309715819,0.00390625,0.04943939528031893,-0.00390625,0.0,True,True,0.7837222453600392,0.7344839595074683,False,False,-0.04923828585257095,66.40805053710938
00582,2,2,0,0.9347826086956528,0.0007812499999999556,0.008093783584839349,-0.0007812499999999556,0.0,True,True,0.8654667722587422,0.9420043918761519,False,False,0.07653761961740968,66.40805053710938
00582,3,3,0,0.7649350649350632,0.005078126923078968,0.059888147014286255,-0.004687499999999956,-0.0019531299999999696,True,True,0.9415883061689311,0.9233245184232158,False,False,-0.018263787745715243,66.40805053710938
00582,4,4,0,0.7964775230388985,0.00625305686963585,0.0724343414737884,0.00390625,-0.00488282000000001,True,True,0.9347518576642018,0.9478658947484332,False,False,0.013114037084231422,66.40805053710938
00582,5,5,0,0.9068857244828465,0.0033203147058825586,0.03816615203673467,0.0015625000000000222,-0.002929689999999985,True,True,0.8104569078279215,0.9338272823286609,False,False,0.1233703745007394,66.40805053710938
00582,6,6,0,0.8509527972444569,0.003988742443640593,0.05889232106651063,0.002706839999999988,0.0029296899999999987,True,True,0.9282849482783098,0.868172720423523,False,False,-0.06011222785478676,66.40805053710938
00583,0,0,0,0.7605469079999991,0.007331375045555942,0.09511027102658515,-0.005468750000000022,0.004882810000000015,True,True,0.9312807905986589,0.8873353129703969,False,False,-0.04394547762826195,67.48514556884766
00583,1,1,0,0.6371680939060012,0.018656182736479062,0.20706511416402917,0.006250000000000033,-0.01757812999999997,True,True,0.8365001318713303,0.8996260212855381,False,False,0.06312588941420783,67.48514556884766
00583,2,2,0,0.8584615063964011,0.004283539248810519,0.051901585254906,-0.0031250000000000444,0.002929689999999985,True,True,0.9279812579696043,0.8317905273344982,False,False,-0.09619073063510608,67.48514556884766
00583,3,3,0,0.8575268817204308,0.004555431167847879,0.05960510942872628,0.002343749999999978,0.00390625,True,True,0.8279438340293438,0.9116437188020757,False,False,0.08369988477273194,67.48514556884766
00583,4,4,0,0.6515301363869682,0.012719325750942952,0.1596841474852095,-0.0007812500000000666,0.012695310000000015,True,True,0.8262788533199968,0.8242322490826465,False,False,-0.002046604237350369,67.48514556884766
00583,5,5,0,0.7048319031932764,0.004026469731178918,0.05137212466624003,0.00390625,0.0009765600000000152,True,True,0.9329903749694854,0.8969489711795396,False,False,-0.0360414037899458,67.48514556884766
00583,7,6,0,0.6905975961026516,0.008273170117723883,0.12920928832878112,0.008039319999999961,0.0019531200000000026,True,True,0.9592448453380492,0.7986007817474922,False,False,-0.16064406359055705,67.48514556884766
00588,0,1,0,0.7465437788018433,0.00436731803248859,0.06211296757317106,0.00390625,0.0019531200000000026,True,True,0.8764099720833616,0.8226207565639183,False,False,-0.05378921551944327,107.19743347167969
00588,1,0,0,0.8928571428571437,0.002343749999999978,0.04000000113777744,0.002343749999999978,0.0,True,True,0.9203292952687951,0.8937129100964583,False,False,-0.026616385172336887,107.19743347167969
00588,2,3,0,0.8436640342113909,0.0037518247513576427,0.0595656431692632,-0.002343749999999978,0.00292967999999999,True,True,0.827535844373158,0.8941534987274297,False,False,0.0666176543542717,107.19743347167969
00588,3,2,0,0.7758621050783711,0.0018425731148587019,0.027370735043997497,0.0015625000000000222,-0.0009765600000000152,True,True,0.8818998731094777,0.8402550337070187,False,False,-0.041644839402459,107.19743347167969
00588,4,4,0,0.8274688191333527,0.008823713914565691,0.1298974096625426,0.0007812499999999556,-0.008789060000000015,True,True,0.8708993937040284,0.7912408384394352,False,False,-0.0796585552645932,107.19743347167969
00588,5,5,0,0.8219696969696969,0.002103575360404334,0.028900688047000113,0.0007812500000000666,0.0019531200000000304,True,True,0.8881916413473799,0.8893384540927821,False,False,0.0011468127454021815,107.19743347167969
00588,6,6,0,0.7334537599318873,0.007873292070500157,0.11939163717017177,-0.00390625,-0.006835930000000046,True,True,0.9393967600218509,0.9126712880795673,False,False,-0.026725471942283585,107.19743347167969
00588,7,7,0,0.8235857600414865,0.004301725926090511,0.08173770376481311,-0.0018016599999999272,-0.003906259999999939,True,True,0.9060633306000272,0.9063764291813632,False,False,0.000313098581335991,107.19743347167969
00597,0,0,3,1.0,0.0,0.0,0.0,0.0,True,True,0.9403446662953454,0.9308349224302568,False,False,-0.009509743865088627,123.8470458984375
00597,1,1,0,1.0,0.0,0.0,0.0,0.0,True,True,0.9291250356877291,0.8670971687992948,False,False,-0.06202786688843431,123.8470458984375
00597,2,2,0,1.0,0.0,0.0,0.0,0.0,True,True,0.9192658189466438,0.8685940866712842,False,False,-0.05067173227535959,123.8470458984375
00597,3,3,0,1.0,0.0,0.0,0.0,0.0,True,True,0.9323809329278171,0.8394469166361228,False,False,-0.09293401629169429,123.8470458984375
00597,4,4,3,1.0,0.0,0.0,0.0,0.0,True,True,0.9726768552387283,0.9413809755347334,False,False,-0.03129587970399483,123.8470458984375
00597,5,5,0,1.0,0.0,0.0,0.0,0.0,True,True,0.9317549672709853,0.8747046260563239,False,False,-0.05705034121466135,123.8470458984375
00597,6,6,0,1.0,0.0,0.0,0.0,0.0,True,True,0.9610464430057314,0.840048062995515,False,False,-0.12099838001021634,123.8470458984375
00597,7,7,0,1.0,0.0,0.0,0.0,0.0,True,True,0.9188857165965795,0.8342358814627098,False,False,-0.0846498351338697,123.8470458984375
00597,8,8,0,1.0,0.0,0.0,0.0,0.0,True,True,0.9521667634953292,0.8546369393434052,False,False,-0.09752982415192402,123.8470458984375
00597,9,9,0,1.0,0.0,0.0,0.0,0.0,True,True,0.9479999649763248,0.866172459500944,False,False,-0.08182750547538076,123.8470458984375
00597,10,10,0,1.0,0.0,0.0,0.0,0.0,True,True,0.9025481609321966,0.7295275416202393,False,False,-0.17302061931195734,123.8470458984375
00597,11,11,0,1.0,0.0,0.0,0.0,0.0,True,True,0.9572743650923895,0.9193950371687211,False,False,-0.03787932792366844,123.8470458984375
00606,0,0,3,0.8663427088347329,0.012621470731955213,0.06243271360113275,-0.004687500000000067,0.01171874000000006,True,True,0.9055226091760318,0.9276432974095927,False,False,0.022120688233560948,76.9823989868164
00606,1,1,0,0.857216056153355,0.003751824751357686,0.049219142105379525,0.002343749999999978,0.0029296800000000456,True,True,0.6975313612963865,0.6390173850083756,False,False,-0.058513976288010916,76.9823989868164
00607,0,0,0,0.945945945945946,0.0015624999999999944,0.018932061141568757,-0.0015624999999999944,0.0,True,True,0.7054054851707803,0.7989656966657864,False,False,0.09356021149500615,79.96932983398438
00607,1,1,0,1.0,0.0,0.0,0.0,0.0,True,True,0.9214261280779619,0.8853766265764065,False,False,-0.03604950150155539,79.96932983398438
00607,2,2,0,1.0,0.0,0.0,0.0,0.0,True,True,0.9087537621207091,0.9641885044045791,False,False,0.05543474228387002,79.96932983398438
00607,3,3,0,0.6456241032998582,0.011614116208842519,0.1388079779822669,-0.010937499999999933,-0.00390625,True,True,0.7726580105405829,0.9338728278708193,False,False,0.16121481733023635,79.96932983398438
00607,4,4,0,0.7908162689831671,0.006548069700064257,0.07561982604315201,-0.006249999999999978,-0.0019531299999999696,True,True,0.8273193142786007,0.8433831885575073,False,False,0.016063874278906543,79.96932983398438
00607,5,5,0,0.9487180766338011,0.0019531200000000304,0.023221869434238228,0.0,0.0019531200000000304,True,True,0.8153157386131057,0.8649515461124392,False,False,0.049635807499333495,79.96932983398438
00608,0,0,0,0.8059701184584553,0.004882814000000401,0.06723931486090658,-0.00390625,-0.002929689999999985,True,True,0.8660707487669663,0.9153065643676513,False,False,0.04923581560068502,76.0521240234375
00608,1,1,0,0.8181818181818183,0.01171875,0.1698415551216893,0.0,0.01171875,True,True,0.9111644180051739,0.9195646618822447,False,False,0.008400243877070834,76.0521240234375
00608,2,2,0,0.7857142857142829,0.004687500000000067,0.0676123390045713,-0.004687500000000067,0.0,True,True,0.9233538001356809,0.8694758724823332,False,False,-0.05387792765334776,76.0521240234375
00608,3,3,0,0.7999999999999978,0.004687500000000067,0.06262242910851581,-0.004687500000000067,0.0,True,True,0.9071024032815339,0.9138801432021402,False,False,0.006777739920606263,76.0521240234375
00608,4,4,0,1.0,0.0,0.0,0.0,0.0,True,True,0.9179682143704186,0.8218047436495948,False,False,-0.09616347072082387,76.0521240234375
00608,5,5,0,1.0,0.0,0.0,0.0,0.0,True,True,0.8766623725727174,0.8852533022589198,False,False,0.008590929686202453,76.0521240234375
00614,0,0,0,0.5826639744241637,0.011702397178638236,0.226653776686643,-0.0007812500000000007,-0.011676290000000006,True,True,0.9004346641945863,0.7382360281401928,False,False,-0.16219863605439344,90.29025268554688
00614,1,1,0,1.0,0.0,0.0,0.0,0.0,True,True,0.8375488514494411,0.8134462170266218,False,False,-0.024102634422819347,90.29025268554688
00614,2,2,0,1.0,0.0,0.0,0.0,0.0,True,True,0.8957652985284298,0.8590178344751452,False,False,-0.03674746405328455,90.29025268554688
00614,3,3,0,0.8427672955974844,0.007967217989988725,0.09636241116594316,0.0015624999999999944,-0.0078125,True,True,0.9325519752820214,0.9547975166360625,False,False,0.02224554135404111,90.29025268554688
00614,4,4,0,0.8695652496534344,0.005126718223786055,0.06697516641761887,0.0015624999999999667,-0.004882810000000015,True,True,0.9131092432584157,0.9365700610921257,False,False,0.023460817833710013,90.29025268554688
00614,5,5,0,0.8503184743884132,0.00390625,0.08654639454996224,0.0,-0.00390625,True,True,0.8809524632309265,0.8217080517268264,False,False,-0.05924441150410009,90.29025268554688
00618,0,0,0,0.9228468501431197,0.002964398553855395,0.04706411364404323,0.00045229999999996107,0.0029296899999999987,True,True,0.932762419715689,0.8832921386824358,False,False,-0.04947028103325313,87.99842071533203
00618,1,1,0,0.8697183123348577,0.004207160005573798,0.06034011026405678,-0.0015624999999999112,0.00390625,True,True,0.9199796850535595,0.9118459924963019,False,False,-0.008133692557257599,87.99842071533203
00618,2,2,0,0.900000076800006,0.00585937000000003,0.08549812496859394,0.0,-0.00585937000000003,True,True,0.9342290601955693,0.8165061957318662,False,False,-0.11772286446370306,87.99842071533203
00618,3,3,0,0.8864936227316436,0.004207160005573798,0.05201176575769367,-0.0015624999999999112,0.00390625,True,True,0.9244862698092441,0.9108149995048163,False,False,-0.01367127030442783,87.99842071533203
00625,0,0,0,0.44129241000068925,0.03740425106918864,0.5006555890700822,0.004687500000000011,-0.03710936999999999,True,True,0.9723058645922681,0.8833543868845262,False,False,-0.08895147770774192,132.81344604492188
00625,1,1,0,0.5638575152041704,0.01570293065800139,0.21186998109427602,-0.0015624999999999944,-0.015625,True,True,0.910892896018626,0.8555910271265572,False,False,-0.055301868892068784,132.81344604492188
00625,2,2,0,0.7213114249574529,0.014024476023523984,0.170965037575098,0.003124999999999989,-0.01367187999999997,True,True,0.956858963130087,0.7775317965295512,False,False,-0.17932716660053583,132.81344604492188
00625,3,3,3,0.8025426308178819,0.01445312027027034,0.10134891178877803,-0.004687500000000011,-0.013671869999999975,True,True,0.9441126757117448,0.917756779984853,False,False,-0.026355895726891787,132.81344604492188
00625,4,4,3,0.9178082191780822,0.01171875,0.08017837257372731,0.0,-0.01171875,True,True,0.9278642010491225,0.8841696319777093,False,False,-0.043694569071413225,132.81344604492188
00632,0,0,0,0.9672130321956502,0.0019531299999999696,0.02777784888888844,0.0,0.0019531299999999696,True,True,0.9632453867505502,0.8503824590323842,False,False,-0.11286292771816597,121.8379135131836
00632,1,1,0,0.6802721601801773,0.01764742782913139,0.2624111532482151,0.0015624999999999667,-0.01757812000000003,True,True,0.9193430836964591,0.8868436769683907,False,False,-0.03249940672806839,121.8379135131836
00632,2,2,0,0.8208955155446644,0.01171875,0.16529490469530478,0.0,-0.01171875,True,True,0.9481911833386343,0.9351588051608216,False,False,-0.013032378177812665,121.8379135131836
00632,3,3,0,0.9215686313879273,0.00390625,0.04147271577523612,0.0,-0.00390625,True,True,0.9547769508938145,0.919830207522109,False,False,-0.03494674337170556,121.8379135131836
00632,4,4,0,0.9375,0.00390625,0.04056870244621891,0.0,-0.00390625,True,True,0.9482830890656654,0.8998867341357462,False,False,-0.04839635492991923,121.8379135131836
00632,5,5,0,1.0,0.0,0.0,0.0,0.0,True,True,0.9172826483355524,0.9333383235879282,False,False,0.016055675252375834,121.8379135131836
00635,0,0,0,0.9482758620689654,0.002343749999999978,0.022194837629980826,0.002343749999999978,0.0,True,True,0.8454036482628194,0.8481137199022708,False,False,0.0027100716394513613,125.7123794555664
00635,1,1,0,1.0,0.0,0.0,0.0,0.0,True,True,0.8953866033516539,0.817668955996841,False,False,-0.0777176473548129,125.7123794555664
00635,2,2,0,0.6944443779677107,0.017647437789857737,0.25366178528351213,0.0015625000000000222,0.01757812999999997,True,True,0.9181369846209153,0.831826442724686,False,False,-0.08631054189622933,125.7123794555664
00635,3,3,0,0.7297298494083351,0.01953124000000006,0.2510059117669393,0.0,0.01953124000000006,True,True,0.9001850882085893,0.8422640406883076,False,False,-0.05792104752028171,125.7123794555664
00635,4,4,0,0.7999999414857187,0.013671879999999997,0.18309813590900895,0.0,-0.013671879999999997,True,True,0.8713417842766689,0.9210117833041019,False,False,0.049669999027433076,125.7123794555664
00636,0,0,0,0.5299617992283748,0.03323986437975339,0.4484850370351821,-0.0015624999999999667,-0.033203119999999975,True,True,0.9018338834443231,0.9155017929472696,False,False,0.013667909502946496,124.28506469726562
00636,1,1,0,0.6876026872021733,0.013690613577170342,0.25071601120799486,-0.0007161500000000265,-0.01367187000000003,True,True,0.9469074159677596,0.8398153658739684,False,False,-0.10709205009379119,124.28506469726562
00643,0,0,0,0.8730158781758627,0.0078125,0.10811600349481607,0.0,-0.0078125,True,True,0.8856320093880146,0.7869421651536092,False,False,-0.09868984423440541,119.50286102294922
00643,1,1,0,0.7224443754526138,0.007503657311398197,0.11061073762759187,0.004687499999999956,-0.005859370000000003,True,True,0.9277046386766306,0.85549713571174,False,False,-0.07220750296489054,119.50286102294922
00643,2,2,0,1.0,0.0,0.0,0.0,0.0,True,True,0.927341538978621,0.7795451919540366,False,False,-0.14779634702458444,119.50286102294922
00643,3,3,0,0.8857142773551014,0.00390625,0.05802588756926706,0.0,-0.00390625,True,True,0.9058480231654841,0.8433869144158433,False,False,-0.062461108749640726,119.50286102294922
00643,4,4,0,1.0,0.0,0.0,0.0,0.0,True,True,0.8989260114035558,0.8509662270030594,False,False,-0.04795978440049642,119.50286102294922
00643,5,5,0,0.8181819028099218,0.009765619999999975,0.15214507696422638,0.0,-0.009765619999999975,True,True,0.9051941938858499,0.9203776008170725,False,False,0.015183406931222665,119.50286102294922
00643,6,6,0,0.8378378378378378,0.01171875,0.14161029600925526,0.0,-0.01171875,True,True,0.9021202780365296,0.8590287366722764,False,False,-0.043091541364253194,119.50286102294922
00643,7,7,0,0.8867925439658281,0.00585937000000003,0.09128701501920881,0.0,0.00585937000000003,True,True,0.8812689125696908,0.8411555760741706,False,False,-0.04011333649552018,119.50286102294922
00643,8,8,0,1.0,0.0,0.0,0.0,0.0,True,True,0.9525222432049825,0.8312969848357654,False,False,-0.12122525836921705,119.50286102294922
00643,9,9,0,0.7846154549017775,0.01367187000000003,0.18761962498141227,0.0,-0.01367187000000003,True,True,0.9165482283541309,0.8787763952625971,False,False,-0.03777183309153376,119.50286102294922
00643,10,10,0,0.7818181716628095,0.01171875,0.1916629745066883,0.0,-0.01171875,True,True,0.9306814894915731,0.8702509010360224,False,False,-0.060430588455550716,119.50286102294922
00648,0,0,0,0.6966507171344734,0.01161411620884259,0.12844724319097142,0.008593750000000011,-0.0078125,True,True,0.9016174749667017,0.9143234905532872,False,False,0.012706015586585462,133.34471130371094
00648,1,1,2,0.991525423728814,0.0007812499999999556,0.0037121151016821508,0.0007812499999999556,0.0,True,False,0.9437741461869065,0.0,False,True,-0.9437741461869065,133.34471130371094
00648,2,2,2,0.7850568783232971,0.008560391933702614,0.08530247784955268,-0.007031250000000044,0.004882810000000015,True,False,0.9193053842160565,0.0,False,True,-0.9193053842160565,133.34471130371094
00648,3,3,4,0.8169284783661146,0.004409865120681136,0.06977708078983984,0.002046490000000012,0.00390625,False,False,0.0,0.0,True,False,0.0,133.34471130371094
00648,4,4,0,0.6414003044140036,0.015007322431483219,0.16873713942763807,0.009374999999999967,-0.01171875,True,True,0.9250821205828018,0.9428496073768399,False,False,0.017767486794038057,133.34471130371094
00648,5,5,0,0.6481100250809713,0.013537280339285326,0.16158181128807209,0.009375000000000022,-0.00976562000000003,True,True,0.9614352379270236,0.9386944604436198,False,False,-0.02274077748340375,133.34471130371094
00648,6,6,0,0.730523653348079,0.008926868540176913,0.14430299609929254,-0.0015625000000000083,-0.008789060000000015,True,True,0.837310165122827,0.8531378350134463,False,False,0.015827669890619345,133.34471130371094
00648,7,7,0,0.6654219566840925,0.009152639539875898,0.12227424442488943,-0.007031250000000003,0.00585937999999997,True,True,0.9022672756846958,0.8724666041933655,False,False,-0.029800671491330255,133.34471130371094
00648,8,8,0,0.8533501505591508,0.006880438012663132,0.10343250739592587,0.0007812500000000007,0.006835939999999985,True,True,0.905917778434381,0.9343508880777955,False,False,0.0284331096434145,133.34471130371094
00648,9,9,0,0.852873522022989,0.0037518325600431326,0.04552037656146639,0.002343749999999978,-0.002929689999999985,True,True,0.8160358967183473,0.9163578963153726,False,False,0.10032199959702526,133.34471130371094
00648,10,10,0,1.0,0.0,0.0,0.0,0.0,True,True,0.9393140719866369,0.8488114069842787,False,False,-0.09050266500235815,133.34471130371094
00648,11,11,0,0.8068376736231453,0.0066406205882357325,0.08748480549981287,0.003124999999999989,-0.00585937000000003,True,True,0.827295359730949,0.8782616819470516,False,False,0.05096632221610253,133.34471130371094
00648,12,12,0,0.702997308406775,0.011255489871440484,0.13583075351333662,0.007031249999999933,-0.008789060000000015,True,True,0.84907772433166,0.9597955631384775,False,False,0.11071783880681751,133.34471130371094
00648,13,13,0,0.8898395307745278,0.003751832560043176,0.04298788961843781,0.002343749999999978,-0.0029296900000000403,True,True,0.9491468385053136,0.9119864213871124,False,False,-0.03716041711820117,133.34471130371094
00648,14,14,0,0.8520902630147991,0.004555422592921485,0.05756585516022308,0.002343749999999978,0.0039062399999999498,True,True,0.9682121039448996,0.9113094057264199,False,False,-0.05690269821847971,133.34471130371094
00648,15,15,0,1.0,0.0,0.0,0.0,0.0,True,True,0.9524022286966339,0.9246715788657006,False,False,-0.027730649830933318,133.34471130371094
00648,16,16,0,0.7727771657757305,0.008734640537108554,0.1064794302814935,0.00390625,-0.0078125,True,True,0.9524403588264794,0.8272917796527957,False,False,-0.12514857917368372,133.34471130371094
00648,17,17,0,1.0,0.0,0.0,0.0,0.0,True,True,0.9020723943980271,0.8442605164099598,False,False,-0.057811877988067306,133.34471130371094
00648,18,18,0,0.7947632266827473,0.006768640169642624,0.085284782851617,0.004687499999999956,-0.004882810000000015,True,True,0.9134220390511246,0.8258929581215493,False,False,-0.08752908092957534,133.34471130371094
00648,19,19,2,0.9688695233610538,0.003032067785950706,0.014095667016843278,-0.0007812500000000666,-0.002929689999999985,True,True,0.9861413019518085,0.9410606980165154,True,True,-0.04508060393529312,133.34471130371094
00648,20,20,2,0.864381485265003,0.005527724644562134,0.049869440122900906,0.004687499999999956,-0.0029296899999999987,True,False,0.9663329659682974,0.0,False,True,-0.9663329659682974,133.34471130371094
00648,21,21,0,0.3621228594477023,0.0242573035373349,0.38132538187940124,0.015625,-0.018554680000000004,True,True,0.8178513084121415,0.6696374604783084,False,False,-0.14821384793383308,133.34471130371094
00648,22,22,0,0.738805966620628,0.008734640537108554,0.119900288575694,0.0078125,-0.00390625,True,True,0.8658968825001143,0.8573761237396763,False,False,-0.008520758760438008,133.34471130371094
00648,23,23,0,0.8071087064667427,0.0097968201752865,0.11975420643790732,0.0007812500000000042,-0.00976562000000003,True,True,0.9376145117867803,0.914638833351141,False,False,-0.022975678435639302,133.34471130371094
00648,24,24,0,0.8873014912096805,0.0036851515297067245,0.04461125133374319,0.003124999999999989,0.0019531299999999696,True,True,0.8824112420088962,0.9099846562488936,False,False,0.027573414239997374,133.34471130371094
00648,25,25,0,0.7755102040816332,0.0015624999999999944,0.024182541670333627,0.0015624999999999944,0.0,True,True,0.8246081758433237,0.9133565448335716,False,False,0.08874836899024796,133.34471130371094
00648,26,26,2,0.922352894877972,0.0030320677859506577,0.035788641644369956,-0.0007812499999999833,-0.002929689999999957,False,False,0.0,0.0,True,True,0.0,133.34471130371094
00648,27,27,0,0.9636363636363636,0.0015624999999999944,0.018735824858177944,-0.0015624999999999944,0.0,True,True,0.9853982163122594,0.960032656632967,False,False,-0.025365559679292438,133.34471130371094
00648,28,28,0,0.9454545454545453,0.0023437500000000056,0.028708462588160795,-0.0023437500000000056,0.0,True,True,0.9273945245382986,0.9722427083111286,False,False,0.04484818377282995,133.34471130371094
00648,29,29,0,0.8071958979835256,0.007516362197472937,0.09058642478103916,-0.0031250000000000028,-0.0068359400000000126,True,True,0.8952633335366751,0.8518974507928594,False,False,-0.0433658827438157,133.34471130371094
00648,30,30,0,1.0,0.0,0.0,0.0,0.0,True,True,0.8888610426357788,0.8906164945759105,False,False,0.0017554519401317137,133.34471130371094
00648,31,31,0,0.7962963890041205,0.0036851462297173418,0.045494662784736635,-0.003124999999999989,-0.0019531200000000026,True,True,0.9359833086992789,0.9392711197302411,False,False,0.0032878110309622066,133.34471130371094
00648,32,37,0,0.6793785723932029,0.010784714909704387,0.1524444832973832,-0.0062500000000000056,-0.008789060000000001,True,True,0.9107647206146577,0.925688980889681,False,False,0.014924260275023249,133.34471130371094
00648,34,32,0,1.0,0.0,0.0,0.0,0.0,True,True,0.8760344958354391,0.8112052701900228,False,False,-0.06482922564541638,133.34471130371094
00648,35,33,0,1.0,0.0,0.0,0.0,0.0,True,True,0.877105415659103,0.8874386742503462,False,False,0.010333258591243122,133.34471130371094
00648,36,34,0,1.0,0.0,0.0,0.0,0.0,True,True,0.9523101947454468,0.8830250884579864,False,False,-0.06928510628746032,133.34471130371094
00648,37,35,4,0.9236291812234065,0.0029296900000000403,0.04774866850132723,0.0,0.0029296900000000403,False,False,0.0,0.0,True,True,0.0,133.34471130371094
00648,38,36,0,0.7723321159102124,0.003950323215396419,0.09370157616934806,-0.002649899999999983,-0.0029296899999999987,True,True,0.9086439115452154,0.7869300651851403,False,False,-0.1217138463600751,133.34471130371094
00648,39,38,4,0.7763246392563096,0.008008390921951785,0.09530997346356776,0.005459120000000012,-0.00585937999999997,False,False,0.0,0.0,True,True,0.0,133.34471130371094
00651,0,0,3,0.8076123301379468,0.006298204749172578,0.06511886304486914,-0.003124999999999989,-0.005468250000000008,True,True,0.9100556966753621,0.9511600341690409,False,False,0.04110433749367881,136.75765991210938
00651,1,1,0,0.9607843137254903,0.0015624999999999944,0.02581988897471602,0.0015624999999999944,0.0,True,True,0.891996478445733,0.8358227308285612,False,False,-0.056173747617171865,136.75765991210938
00651,2,2,2,0.6637726976866092,0.016105881350068987,0.20382461479806258,-0.015625,-0.00390625,True,True,0.9120066819716619,0.7752079617224298,False,False,-0.13679872024923212,136.75765991210938
00651,3,3,0,1.0,0.0,0.0,0.0,0.0,True,True,0.8660804609377885,0.814112426565152,False,False,-0.05196803437263642,136.75765991210938
00651,4,4,0,0.8333334349206474,0.0025390615384625727,0.04238327967318198,0.002343749999999978,0.0009765600000000152,True,True,0.9056812549775919,0.8199816495992707,False,False,-0.08569960537832122,136.75765991210938
00651,5,5,2,0.7734553118749181,0.010203091859632524,0.14912281192966706,-0.010156249999999978,0.0009765599999999597,True,True,0.911846836059716,0.8162325564790461,False,False,-0.09561427958066981,136.75765991210938
00651,6,6,0,0.815850721263196,0.003274033358657208,0.05617725467367252,0.0031250000000000444,0.0009765599999999597,True,True,0.9240800183305075,0.8828914925318392,False,False,-0.041188525798668274,136.75765991210938
00651,7,7,0,1.0,0.0,0.0,0.0,0.0,True,True,0.9187406500949844,0.8863557647959273,False,False,-0.03238488529905714,136.75765991210938
00651,8,8,0,1.0,0.0,0.0,0.0,0.0,True,True,0.8818602803684581,0.9091663596988717,False,False,0.027306079330413624,136.75765991210938
00651,9,9,0,0.961538461538461,0.0015624999999999112,0.027602624056138298,-0.0015624999999999112,0.0,True,True,0.85216624463278,0.8476852953838483,False,False,-0.00448094924893172,136.75765991210938
00651,10,10,0,0.9020399693029199,0.0016842939160372288,0.034305246142321444,-0.0015625000000000222,-0.0006288399999999639,True,True,0.8972656702630076,0.8489308903016077,False,False,-0.0483347799613999,136.75765991210938
00651,11,11,0,0.7968748406250327,0.006548069700064283,0.10538843954939915,0.0062500000000000056,0.0019531299999999696,True,True,0.8746889173989004,0.9095893785643737,False,False,0.034900461165473295,136.75765991210938
00654,0,0,0,0.8777603011854022,0.0028648324551534413,0.04955480997146796,0.0026932500000000914,-0.0009765600000000013,True,True,0.9142085430415131,0.7817317819216413,False,False,-0.13247676111987183,122.86691284179688
00654,1,1,0,0.6708005110887709,0.01105544398913498,0.14375543026429632,-0.009375000000000022,-0.00585937000000003,True,True,0.7859831773801373,0.85071023223308,False,False,0.06472705485294261,122.86691284179688
00654,2,2,0,0.9178332762259568,0.0018425731148587019,0.0271612045845566,-0.0015625000000000222,-0.0009765600000000152,True,True,0.9210805902052019,0.8440316522656776,False,False,-0.07704893793952439,122.86691284179688
00654,3,3,0,0.8444612281334931,0.003050875578731459,0.05114464862986403,-0.002343749999999978,0.0019531200000000304,True,True,0.9291380711834747,0.8986237180941222,False,False,-0.030514353089352464,122.86691284179688
00654,4,4,0,0.8018731660311111,0.0032740333586571716,0.05465179198661895,-0.003124999999999989,0.0009765600000000152,True,True,0.8958101893935018,0.9317681270115564,False,False,0.03595793761805466,122.86691284179688
00654,5,5,0,0.768361587150562,0.004555431167847879,0.0745355973792955,-0.002343749999999978,-0.00390625,True,True,0.8593667481458671,0.9149547527379658,False,False,0.05558800459209867,122.86691284179688
00654,6,6,0,0.759673231222187,0.006902578032597649,0.0895474673418146,-0.006249999999999978,0.002929689999999985,True,True,0.9418178100182764,0.8894685725860516,False,False,-0.05234923743222475,122.86691284179688
00654,7,7,0,0.7946335828515135,0.00507812692307907,0.07407440102671693,-0.004687500000000067,-0.0019531299999999696,True,True,0.8342853983497657,0.9599341003393458,False,False,0.1256487019895801,122.86691284179688
00654,8,8,0,0.76515589920918,0.007617188461538847,0.1175894452495489,-0.007031250000000044,-0.002929689999999985,True,True,0.9465559211860307,0.944989729451234,False,False,-0.0015661917347966625,122.86691284179688
00654,9,9,0,0.8125000000000019,0.004687499999999956,0.0684430453295587,-0.004687499999999956,0.0,True,True,0.940391302562856,0.9499793974202516,False,False,0.009588094857395646,122.86691284179688
00654,10,10,0,0.7364144226078135,0.00672056661487698,0.09308654978065854,-0.005468749999999911,-0.00390625,True,True,0.9126852972771684,0.9243320385437214,False,False,0.011646741266552962,122.86691284179688
00654,11,11,0,0.6557142048391926,0.007098743940120602,0.11750081761623352,-0.007031249999999933,-0.0009765699999999544,True,True,0.9487269717063086,0.929709500887338,False,False,-0.01901747081897065,122.86691284179688
00654,12,12,2,0.854873646209386,0.004367318032488602,0.04805912840053857,-0.00390625,0.0019531200000000304,False,False,0.0,0.0,True,True,0.0,122.86691284179688
00654,13,13,0,0.70960686745105,0.007370303059413449,0.10850116913529192,-0.006249999999999978,0.003906259999999939,True,True,0.9458647695321684,0.9040851320599237,False,False,-0.04177963747224467,122.86691284179688
00654,14,14,0,0.6995241953544672,0.006548066717314343,0.10601884209897085,-0.006249999999999978,-0.0019531200000000304,True,True,0.9411757631406908,0.8782459788582437,False,False,-0.06292978428244711,122.86691284179688
00654,15,15,0,0.7889607235406937,0.002148085549157639,0.04636112253235532,-0.001913269999999967,0.0009765600000000013,True,True,0.8387840252871924,0.8524479163196649,False,False,0.013663891032472453,122.86691284179688
00655,0,0,0,0.9017860346939494,0.0021484300000000345,0.045381603962824785,0.0,-0.0021484300000000345,True,True,0.8743675336485367,0.8034133040732684,False,False,-0.07095422957526831,145.96543884277344
00655,1,1,0,0.6178707880505255,0.0161484540547819,0.18721432182653222,0.008593750000000067,0.01367187000000003,True,True,0.9206108082962248,0.8526936669401949,False,False,-0.06791714135602989,145.96543884277344
00655,2,2,0,0.6526675338354868,0.01574659654447272,0.23622778632703792,-0.015625,-0.0019531200000000304,True,True,0.8582793959009908,0.8584025346564662,False,False,0.00012313875547542708,145.96543884277344
00655,3,3,0,0.5079567235875242,0.021452390965228118,0.3517214005045074,-0.021093750000000022,-0.00390625,True,True,0.8019957446759289,0.8847153576954515,False,False,0.08271961301952258,145.96543884277344
00655,4,4,0,0.5912409209227966,0.021116343397854207,0.3080231252914093,-0.021093750000000022,0.0009765600000000152,True,True,0.8047244736051831,0.8708860776580876,False,False,0.0661616040529045,145.96543884277344
00655,5,5,0,1.0,0.0,0.0,0.0,0.0,True,True,0.9177676930361222,0.9125873030521435,False,False,-0.005180389983978628,145.96543884277344
00663,0,0,0,0.5832149063024146,0.018851450281991616,0.32346118913518335,-0.018750000000000044,-0.0019531200000000304,True,True,0.9117081798537738,0.877685463807291,False,False,-0.03402271604648288,139.0963897705078
00663,1,1,0,0.711241735356927,0.008043461047646134,0.13857451574282695,0.007031250000000044,-0.00390625,True,True,0.8878170435407136,0.7976315035346773,False,False,-0.09018554000603629,139.0963897705078
00663,2,2,0,0.7653101556060079,0.005885363026661982,0.1026098005952257,0.0015625000000000222,-0.005674159999999984,True,True,0.8644149398509108,0.8937052787376969,False,False,0.029290338886786116,139.0963897705078
00663,3,3,3,0.9917355371900831,0.0007812499999999556,0.00687208107611829,0.0007812499999999556,0.0,True,True,0.950534259861153,0.9182784423903456,False,False,-0.03225581747080741,139.0963897705078
00663,4,4,4,1.0,0.0,0.0,0.0,0.0,True,True,0.9132402178220429,0.879752549671485,False,False,-0.033487668150557925,139.0963897705078
00663,5,5,3,0.9112613243106931,0.001250616059148465,0.011254754583998341,0.0007812500000000111,-0.00097657000000001,True,True,0.9573938419155653,0.8553345090225711,False,False,-0.10205933289299418,139.0963897705078
00663,6,6,0,0.8571428571428571,0.006249999999999978,0.10127393670836626,0.006249999999999978,0.0,True,True,0.8545916691784685,0.8027925058082969,False,False,-0.05179916337017165,139.0963897705078
00663,7,7,0,0.8813559322033894,0.005468750000000022,0.08600132076002125,0.005468750000000022,0.0,True,True,0.9275777781473858,0.9077876515070662,False,False,-0.01979012664031965,139.0963897705078
00663,8,8,0,0.8880231409214967,0.0021035846451711447,0.039464816682562485,0.0007812499999999556,0.0019531299999999696,True,True,0.8379313600636737,0.9160647719043888,False,False,0.0781334118407151,139.0963897705078
00663,9,9,0,0.9642857142857126,0.0015625000000000222,0.024343226024380923,-0.0015625000000000222,0.0,True,True,0.8587900414962529,0.8561021186418579,False,False,-0.0026879228543950084,139.0963897705078
00663,10,10,0,0.8937605396290048,0.0007812500000000111,0.01309681589627537,0.0007812500000000111,0.0,True,True,0.943337525598426,0.8460317585288174,False,False,-0.09730576706960858,139.0963897705078
00663,11,11,0,0.9344262295081954,0.0031250000000000444,0.05051568202827287,-0.0031250000000000444,0.0,True,True,0.9336984754887712,0.9162987721625293,False,False,-0.017399703326241855,139.0963897705078
00663,12,12,0,1.0,0.0,0.0,0.0,0.0,True,True,0.7629959963668581,0.8093427166043505,False,False,0.04634672023749242,139.0963897705078
00663,13,13,0,0.8789371174406329,0.003274033358657175,0.06112855654711706,-0.0031250000000000097,0.0009765599999999597,True,True,0.896787976562642,0.7862105065665715,False,False,-0.11057746999607043,139.0963897705078
00663,14,14,2,0.7487587405702122,0.010570357538707019,0.11703484447970351,-0.009375000000000008,-0.004882810000000015,True,True,0.8288259938520038,0.8331066970258106,False,False,0.004280703173806799,139.0963897705078
00666,0,0,0,1.0,0.0,0.0,0.0,0.0,True,True,0.7877194908086455,0.7821773043028283,False,False,-0.00554218650581717,129.03004455566406
00666,1,1,0,0.8627819981954885,0.0025390615384625983,0.027695946747087,0.0023437500000000056,0.0009765600000000152,True,True,0.9348332342411635,0.876132932751278,False,False,-0.058700301489885476,129.03004455566406
00666,2,2,0,0.8711282650866498,0.001970967831523368,0.03617379313615702,0.0007812499999999972,-0.0018095199999999811,True,True,0.7657737600818159,0.7640819723443617,False,False,-0.0016917877374541535,129.03004455566406
00666,3,3,0,0.8455461890988551,0.0025012243095932202,0.029992000381155702,0.0015624999999999944,-0.001953130000000025,True,True,0.8674794899348607,0.7775342649268638,False,False,-0.08994522500799684,129.03004455566406
00666,4,4,0,1.0,0.0,0.0,0.0,0.0,True,True,0.9278854548350152,0.7842186037057046,False,False,-0.14366685112931055,129.03004455566406
00666,5,5,0,0.8532789958010762,0.005002440810494424,0.05907081777044258,0.0031250000000000167,-0.00390625,True,True,0.9574613987288593,0.9405876153136211,False,False,-0.016873783415238153,129.03004455566406
00666,6,6,0,1.0,0.0,0.0,0.0,0.0,True,True,0.9163891279705523,0.8670383456826277,False,False,-0.049350782287924555,129.03004455566406
00666,7,7,0,0.9649122807017539,0.0015625000000000222,0.017407765595570033,0.0015625000000000222,0.0,True,True,0.9276218013621007,0.9590475670147314,False,False,0.031425765652630666,129.03004455566406
00666,8,8,0,0.9491525011893145,0.0029296900000000403,0.033785183681082735,0.0,-0.0029296900000000403,True,True,0.8940841355494779,0.9229524537793681,False,False,0.028868318229890222,129.03004455566406
00666,9,9,0,1.0,0.0,0.0,0.0,0.0,True,True,0.9307448724189568,0.8935694831907771,False,False,-0.037175389228179645,129.03004455566406
00666,10,10,0,1.0,0.0,0.0,0.0,0.0,True,False,0.7710364481205702,0.0,False,False,-0.7710364481205702,129.03004455566406
00666,11,11,0,1.0,0.0,0.0,0.0,0.0,True,False,0.8876681904439214,0.0,False,False,-0.8876681904439214,129.03004455566406
00666,12,12,0,1.0,0.0,0.0,0.0,0.0,True,False,0.8665801259463042,0.0,False,False,-0.8665801259463042,129.03004455566406
00666,13,13,0,1.0,0.0,0.0,0.0,0.0,True,True,0.8708707773383031,0.85472331849113,False,False,-0.016147458847173057,129.03004455566406
00666,14,14,0,1.0,0.0,0.0,0.0,0.0,True,True,0.9228319274758946,0.8370793654505518,False,False,-0.08575256202534276,129.03004455566406
00666,15,15,0,1.0,0.0,0.0,0.0,0.0,True,True,0.8383273254522644,0.8492463043922689,False,False,0.010918978940004487,129.03004455566406
00666,16,16,0,1.0,0.0,0.0,0.0,0.0,True,True,0.8671450614235455,0.812308019963738,False,False,-0.0548370414598075,129.03004455566406
00666,17,17,0,1.0,0.0,0.0,0.0,0.0,True,True,0.88513504911091,0.9235118170492914,False,False,0.038376767938381406,129.03004455566406
00666,18,18,0,1.0,0.0,0.0,0.0,0.0,True,True,0.9285057861365044,0.8835717567677938,False,False,-0.044934029368710604,129.03004455566406
00666,19,19,0,1.0,0.0,0.0,0.0,0.0,True,True,0.913152394562843,0.9051363296506085,False,False,-0.0080160649122345,129.03004455566406
00666,20,20,0,0.8831794035097631,0.0037518325600431326,0.04578856943506742,0.002343749999999978,-0.002929689999999985,True,True,0.9086738626120112,0.9068789189718572,False,False,-0.0017949436401539787,129.03004455566406
00666,21,21,0,1.0,0.0,0.0,0.0,0.0,True,True,0.8611667189366081,0.8876514867966327,False,False,0.026484767860024627,129.03004455566406
00666,22,22,0,0.842364495704754,0.0032740333586571187,0.03742349217070066,-0.0031249999999999334,0.0009765600000000152,True,True,0.9149804078049047,0.9000320246311837,False,False,-0.014948383173721047,129.03004455566406
00666,23,23,0,1.0,0.0,0.0,0.0,0.0,True,True,0.9141291523173666,0.9301281684288117,False,False,0.015999016111445163,129.03004455566406
00666,24,24,0,1.0,0.0,0.0,0.0,0.0,True,True,0.8999828191522881,0.8198946137460263,False,False,-0.08008820540626171,129.03004455566406
00666,25,25,0,0.8027083001225214,0.004046977403705121,0.0667270858605579,-0.00390625,-0.001057939999999924,True,True,0.7591676470160237,0.8429551033408814,False,False,0.08378745632485773,129.03004455566406
00666,26,26,0,0.7253176930596268,0.009110862335695816,0.12716613044541947,-0.004687500000000067,-0.0078125,True,True,0.9083799081969841,0.8635922075707214,False,False,-0.044787700626262694,129.03004455566406
00666,27,27,0,0.7465373906478103,0.0007812499999999556,0.011121413778539696,-0.0007812499999999556,0.0,True,True,0.9358834056910074,0.9527340077678503,False,False,0.01685060207684297,129.03004455566406
00666,28,28,0,0.8013468635118899,0.005416179239888605,0.08204533487524698,0.0023437500000000333,-0.004882810000000015,True,True,0.876681251571434,0.8923426683443626,False,False,0.01566141677292865,129.03004455566406
00666,29,29,0,1.0,0.0,0.0,0.0,0.0,True,True,0.8835331633151483,0.8489724804503039,False,False,-0.03456068286484437,129.03004455566406
00666,30,30,0,1.0,0.0,0.0,0.0,0.0,True,True,0.9442705264619916,0.8703845771110704,False,False,-0.07388594935092119,129.03004455566406
00666,31,31,0,0.9093720966308522,0.003983608994994354,0.04205600522397646,-0.0007812499999999556,-0.00390625,True,True,0.922557676145482,0.9224945538497962,False,False,-6.312229568583572e-05,129.03004455566406
00666,32,32,0,1.0,0.0,0.0,0.0,0.0,True,True,0.9561504857731868,0.8510096983869057,False,False,-0.10514078738628119,129.03004455566406
00666,33,33,0,1.0,0.0,0.0,0.0,0.0,True,True,0.9384429927884206,0.9089024251895828,False,False,-0.02954056759883783,129.03004455566406
00666,34,34,0,0.8836406109984641,0.003751824751357686,0.04477227762416188,-0.002343749999999978,-0.0029296800000000456,True,True,0.958785871502645,0.9013697770742934,False,False,-0.057416094428351605,129.03004455566406
00666,35,35,0,0.9047619047619048,0.0039062400000000053,0.045304907537436725,0.0,-0.0039062400000000053,True,True,0.9201676438390688,0.9419405182226365,False,False,0.021772874383567675,129.03004455566406
00666,36,36,0,0.6861313868613139,0.008734640537108554,0.1378294616049928,-0.00390625,-0.0078125,True,True,0.9017653172397502,0.7766962049773083,False,False,-0.12506911226244188,129.03004455566406
00666,37,37,0,1.0,0.0,0.0,0.0,0.0,True,False,0.9154554757962166,0.013932406727224834,False,False,-0.9015230690689917,129.03004455566406
00666,38,38,0,1.0,0.0,0.0,0.0,0.0,True,True,0.927233238358091,0.8945725479220372,False,False,-0.032660690436053796,129.03004455566406
00666,39,39,0,0.7840111369258196,0.009889840016243916,0.11224207330083975,-0.0015625000000000222,-0.00976562999999997,True,True,0.8942230611716144,0.9045631312232242,False,False,0.010340070051609751,129.03004455566406
00666,41,40,0,0.8369099080255705,0.0018425731148586078,0.023584935870190178,0.0015624999999999112,0.0009765600000000152,True,True,0.8496628561745698,0.8766342722777171,False,False,0.02697141610314724,129.03004455566406
00666,42,41,0,1.0,0.0,0.0,0.0,0.0,True,True,0.7850043591527629,0.8816895385386048,False,False,0.09668517938584187,129.03004455566406
00666,43,42,0,1.0,0.0,0.0,0.0,0.0,True,True,0.84856096888031,0.7963847833866783,False,False,-0.05217618549363168,129.03004455566406
00666,44,43,0,0.7959184147566415,0.0062530490609462,0.08630830351603012,-0.00390625,-0.004882810000000015,True,True,0.9697786646637199,0.8798503518514039,False,False,-0.08992831281231595,129.03004455566406
00666,46,44,2,0.8727272261818187,0.006835939999999985,0.06566710705890821,0.0,0.006835939999999985,True,True,0.8593679360428057,0.8654672635475675,False,False,0.006099327504761831,129.03004455566406
00666,47,45,0,0.8728652751423155,0.004207160005573819,0.05363752536223228,0.0015624999999999667,-0.00390625,True,True,0.9255387139598521,0.8978267706864602,False,False,-0.02771194327339188,129.03004455566406
00666,48,46,0,1.0,0.0,0.0,0.0,0.0,True,True,0.9233239417563907,0.8253430852877554,False,False,-0.0979808564686353,129.03004455566406
00666,49,47,0,0.7429162613399841,0.009096203357852113,0.15354518723084476,0.002343749999999978,-0.00878907000000001,True,True,0.8344173084533366,0.9132495914732177,False,False,0.0788322830198811,129.03004455566406
00666,50,48,0,0.8300897465652481,0.005883133724759295,0.09320590244072575,0.0007812500000000007,-0.005831030000000015,True,True,0.8445848988942645,0.9268645651555257,False,False,0.08227966626126126,129.03004455566406
00666,51,49,0,0.8612098711536118,0.0043673225046245556,0.054974965288889587,-0.00390625,-0.001953130000000025,True,True,0.930711266164815,0.9164500023399551,False,False,-0.014261263824859927,129.03004455566406
00666,52,50,0,1.0,0.0,0.0,0.0,0.0,True,True,0.8800939176506717,0.7368003817221666,False,False,-0.14329353592850513,129.03004455566406
00666,53,51,0,0.8974358974358961,0.0031250000000000444,0.047809144373376425,-0.0031250000000000444,0.0,True,True,0.7688786111473085,0.8361726977396984,False,False,0.06729408659238989,129.03004455566406
00666,54,52,0,0.8302871384133806,0.004367318032488602,0.06154571254594057,0.00390625,0.0019531200000000304,True,True,0.8038442383959167,0.860979370877435,False,False,0.05713513248151836,129.03004455566406
00666,55,53,0,1.0,0.0,0.0,0.0,0.0,True,True,0.8601679380402036,0.9327646234902248,False,False,0.07259668545002118,129.03004455566406
00667,0,0,0,1.0,0.0,0.0,0.0,0.0,True,True,0.757177910639524,0.7120968381299206,False,False,-0.04508107250960336,131.13442993164062
00667,1,1,0,1.0,0.0,0.0,0.0,0.0,True,True,0.8340960476687334,0.8518815964998651,False,False,0.017785548831131703,131.13442993164062
00667,2,2,0,1.0,0.0,0.0,0.0,0.0,True,True,0.8965561376800572,0.9152465582069187,False,False,0.01869042052686154,131.13442993164062
00667,3,3,0,0.8311329318095935,0.0030141439692224466,0.06988218582027804,-0.002851560000000003,0.0009765600000000152,True,True,0.8288391564283298,0.6613910234176065,False,False,-0.16744813301072337,131.13442993164062
00667,4,4,0,0.7118485947394544,0.007873300752930749,0.09407851992308676,-0.003906250000000014,0.006835939999999985,True,True,0.9454062249413286,0.8044241109804492,False,False,-0.14098211396087945,131.13442993164062
00667,5,5,0,1.0,0.0,0.0,0.0,0.0,True,True,0.9198001213337653,0.8426815633409045,False,False,-0.07711855799286083,131.13442993164062
00667,6,6,0,1.0,0.0,0.0,0.0,0.0,True,True,0.9551949493912827,0.9080012901391061,False,False,-0.047193659252176556,131.13442993164062
00667,7,7,0,0.8833333333333336,0.0007812499999999833,0.008687444855261201,0.0007812499999999833,0.0,True,True,0.9082970840153667,0.9671605212498889,False,False,0.05886343723452225,131.13442993164062
00667,8,8,0,1.0,0.0,0.0,0.0,0.0,True,True,0.886170120754393,0.9592304116776437,False,False,0.07306029092325061,131.13442993164062
00667,9,9,0,1.0,0.0,0.0,0.0,0.0,True,True,0.9084910753253123,0.9022109289594644,False,False,-0.0062801463658478385,131.13442993164062
00667,10,10,0,0.9203267991695723,0.002539061538462624,0.03361068712137825,-0.0023437500000000333,-0.0009765600000000152,True,True,0.941019221333037,0.9058202326782167,False,False,-0.035198988654820296,131.13442993164062
00667,11,11,4,1.0,0.0,0.0,0.0,0.0,True,True,0.8709298009489732,0.9396969098118595,False,False,0.06876710886288628,131.13442993164062
00667,12,12,0,1.0,0.0,0.0,0.0,0.0,True,True,0.9336537249261593,0.917752427361499,False,False,-0.0159012975646603,131.13442993164062
00667,13,13,0,0.9400000000000006,0.002343749999999978,0.028545547871522556,-0.002343749999999978,0.0,True,True,0.8958952496021694,0.9007713453479639,False,False,0.0048760957457945064,131.13442993164062
00667,14,14,0,1.0,0.0,0.0,0.0,0.0,True,True,0.8332177506891482,0.899150444085455,False,False,0.06593269339630681,131.13442993164062
00667,15,15,0,1.0,0.0,0.0,0.0,0.0,True,True,0.8429893718089098,0.903682489319193,False,False,0.06069311751028328,131.13442993164062
00667,16,16,0,1.0,0.0,0.0,0.0,0.0,True,True,0.9539993384062502,0.8822316193815155,False,False,-0.07176771902473467,131.13442993164062
00667,17,17,0,1.0,0.0,0.0,0.0,0.0,True,True,0.8733030332376096,0.8276050034788872,False,False,-0.04569802975872239,131.13442993164062
00667,18,18,0,1.0,0.0,0.0,0.0,0.0,True,True,0.9074235504251581,0.8517683885131864,False,False,-0.05565516191197173,131.13442993164062
00667,19,19,0,1.0,0.0,0.0,0.0,0.0,True,True,0.881161860496567,0.9582019635239646,False,False,0.07704010302739761,131.13442993164062
00667,20,20,0,0.9807692799999996,0.0009765600000000152,0.013923274336142712,0.0,-0.0009765600000000152,True,True,0.8805971837665442,0.8856329385319937,False,False,0.005035754765449485,131.13442993164062
00667,21,21,0,0.73521850899743,0.00455542259292158,0.07565635581437857,-0.002343749999999978,-0.0039062400000000608,True,True,0.8571653731769213,0.8754482149261467,False,False,0.018282841749225343,131.13442993164062
00667,22,22,0,0.8253967918568926,0.004026469731178918,0.057265347287877945,-0.00390625,0.0009765600000000152,True,True,0.8989613163770719,0.8832378344529578,False,False,-0.015723481924114102,131.13442993164062
00667,23,23,0,1.0,0.0,0.0,0.0,0.0,True,True,0.8600963450812074,0.8242851788122489,False,False,-0.035811166268958416,131.13442993164062
00667,24,24,0,0.8724490187755093,0.004882810000000015,0.06064814573024981,0.0,-0.004882810000000015,True,True,0.9357170490332428,0.9076460538850285,False,False,-0.028070995148214317,131.13442993164062
00667,25,25,0,0.7425742594790177,0.007370297759419203,0.09616003752265746,-0.006249999999999978,0.00390625,True,True,0.9194264796927266,0.8799233328277798,False,False,-0.039503146864946825,131.13442993164062
00667,26,26,0,0.7915308786215313,0.005078126923078968,0.07543367772520838,-0.004687499999999956,-0.0019531299999999696,True,True,0.8619350551864761,0.8863289808819357,False,False,0.024393925695459617,131.13442993164062
00667,27,27,0,0.8418839383963783,0.0034440286738208798,0.06343123084287608,0.0015625000000000222,0.003069190000000055,True,True,0.9058476875603358,0.9229826244016942,False,False,0.01713493684135836,131.13442993164062
00667,28,28,0,1.0,0.0,0.0,0.0,0.0,True,True,0.9438557718740035,0.9045958177348185,False,False,-0.03925995413918504,131.13442993164062
00667,29,29,0,0.811541833282405,0.0065480697000643625,0.08362734445923031,-0.006250000000000089,-0.0019531299999999696,True,True,0.9253656818831513,0.9488706991026549,False,False,0.0235050172195036,131.13442993164062
00667,30,30,0,0.8403360354777274,0.0019531299999999696,0.0263523812966595,0.0,0.0019531299999999696,True,True,0.9334535473827094,0.9074354000160137,False,False,-0.02601814736669561,131.13442993164062
00667,31,31,0,0.8919547723577925,0.004026472156540998,0.04668021171457075,-0.00390625,0.0009765699999999544,True,True,0.9412143131920836,0.9615716141195277,False,False,0.020357300927444144,131.13442993164062
00667,32,32,0,0.934782556672971,0.002929689999999985,0.03532398407502431,0.0,-0.002929689999999985,True,True,0.9191895244769203,0.8493170164665962,False,False,-0.06987250801032407,131.13442993164062
00667,33,33,0,0.9333333333333323,0.0031249999999999334,0.032338082526554596,-0.0031249999999999334,0.0,True,True,0.9082955107701028,0.9074235133271499,False,False,-0.0008719974429529653,131.13442993164062
00667,34,34,0,1.0,0.0,0.0,0.0,0.0,True,True,0.9148347107478045,0.8996527030291221,False,False,-0.015182007718682389,131.13442993164062
00667,35,35,0,1.0,0.0,0.0,0.0,0.0,True,True,0.9426170868679953,0.9146515750977161,False,False,-0.027965511770279172,131.13442993164062
00667,36,36,0,0.9474219331515604,0.0018425731148586724,0.019757285132077,0.0015625000000000222,-0.0009765599999999597,True,True,0.9322541910373198,0.9157712276357115,False,False,-0.016482963401608264,131.13442993164062
00667,37,37,0,0.8245614484210526,0.0062530490609462,0.0724046053993253,0.00390625,-0.004882810000000015,True,True,0.8671575567347121,0.8550187005107591,False,False,-0.012138856223952943,131.13442993164062
00667,38,38,0,0.7328227139843116,0.004534945490841098,0.07717421589875272,0.00390625,-0.0023036800000000024,True,True,0.7653014888671487,0.7059861862971726,False,False,-0.05931530256997608,131.13442993164062
00667,39,39,0,1.0,0.0,0.0,0.0,0.0,True,True,0.8670600537713088,0.7360184266041396,False,False,-0.13104162716716916,131.13442993164062
00667,40,40,0,0.7963725855234969,0.007516362197472895,0.09484402869961746,0.0031249999999999334,-0.006835939999999999,True,True,0.8751712779388987,0.9499288361199558,False,False,0.07475755818105712,131.13442993164062
00667,41,41,0,0.8021389515361269,0.00704209649514262,0.08498371118293138,0.00390625,-0.005859379999999997,True,True,0.9482075938511731,0.925674526244304,False,False,-0.022533067606869128,131.13442993164062
00667,42,42,0,0.9215686313879273,0.00390625,0.04480207477694963,0.0,-0.00390625,True,True,0.9387324597892758,0.9074440404953781,False,False,-0.031288419293897696,131.13442993164062
00667,43,43,0,1.0,0.0,0.0,0.0,0.0,True,True,0.9069365773046779,0.8760812386687157,False,False,-0.030855338635962237,131.13442993164062
00667,44,44,0,1.0,0.0,0.0,0.0,0.0,True,True,0.9410958950853239,0.8937524564861161,False,False,-0.047343438599207754,131.13442993164062
00667,45,45,0,0.7391303886320274,0.0030320581236018603,0.0399660884884421,-0.0007812499999999556,-0.002929680000000018,True,True,0.8927446929825426,0.7031514047010441,False,False,-0.18959328828149846,131.13442993164062
00667,46,46,0,1.0,0.0,0.0,0.0,0.0,True,True,0.920731466203816,0.9208632695276638,False,False,0.00013180332384787885,131.13442993164062
00667,47,47,0,1.0,0.0,0.0,0.0,0.0,True,True,0.8741239675351665,0.8229746640507293,False,False,-0.05114930348443725,131.13442993164062
00667,48,48,0,1.0,0.0,0.0,0.0,0.0,True,True,0.8846326146259456,0.888928740603351,False,False,0.004296125977405474,131.13442993164062
00667,49,49,2,0.873949579831933,0.005002440810494406,0.04963811345823189,0.003124999999999989,0.00390625,False,True,0.0,0.7473345786275805,False,False,0.7473345786275805,131.13442993164062
00667,50,50,0,0.829268334308943,0.001250608250452539,0.016707439902060136,0.0007812499999999556,0.0009765600000000152,True,True,0.8308951964873624,0.9000803580857042,False,False,0.06918516159834176,131.13442993164062
00667,51,51,0,0.8239436953937721,0.005555258409480158,0.0728014548503711,-0.005468750000000008,0.0009765599999999597,True,True,0.8979350759390394,0.8916456746364537,False,False,-0.0062894013025857065,131.13442993164062
00667,52,52,0,0.9376744186046507,0.002103575360404262,0.026818703494891544,-0.0007812500000000111,-0.0019531199999999749,True,True,0.9141509704197478,0.9473291580391685,False,False,0.03317818761942071,131.13442993164062
00667,53,53,0,1.0,0.0,0.0,0.0,0.0,True,True,0.8790442341519364,0.7910552280434915,False,False,-0.08798900610844496,131.13442993164062
00667,54,54,0,0.9361702127659575,0.0007812499999999556,0.009225312080288322,0.0007812499999999556,0.0,True,True,0.9394334834453625,0.926737866719751,False,False,-0.01269561672561148,131.13442993164062
00667,55,55,0,0.9166666666666656,0.002343749999999978,0.030714756583487622,0.002343749999999978,0.0,True,True,0.9645889190654529,0.9162442576731591,False,False,-0.048344661392293764,131.13442993164062
00667,56,56,0,1.0,0.0,0.0,0.0,0.0,True,True,0.8440559371787862,0.8127073052415824,False,False,-0.03134863193720383,131.13442993164062
00667,57,57,0,0.7357440890125172,0.006101757559302082,0.09702360664762774,-0.004687500000000011,-0.00390625,True,True,0.8605579956227739,0.7543047500900059,False,False,-0.10625324553276805,131.13442993164062
00667,58,58,0,1.0,0.0,0.0,0.0,0.0,True,True,0.9381339072388761,0.8927337420353041,False,False,-0.04540016520357204,131.13442993164062
00667,59,59,0,1.0,0.0,0.0,0.0,0.0,True,True,0.7857740056510536,0.7166315344493374,False,False,-0.06914247120171624,131.13442993164062
00667,60,60,0,1.0,0.0,0.0,0.0,0.0,True,True,0.8551777428111108,0.798110684188547,False,False,-0.05706705862256378,131.13442993164062
00667,61,61,0,1.0,0.0,0.0,0.0,0.0,False,False,0.0,0.0,False,False,0.0,131.13442993164062
00667,62,62,0,1.0,0.0,0.0,0.0,0.0,True,False,0.8786843949633641,0.0016404889456575233,False,False,-0.8770439060177067,131.13442993164062
00667,63,63,0,1.0,0.0,0.0,0.0,0.0,False,True,0.0,0.634810142922324,False,False,0.634810142922324,131.13442993164062
00667,64,64,0,1.0,0.0,0.0,0.0,0.0,False,False,0.0,0.37051745698531896,False,False,0.37051745698531896,131.13442993164062
00670,0,0,4,0.7890497990239361,0.007503665120086309,0.0755549174081805,-0.004687499999999956,0.005859380000000025,True,True,0.9225407102996789,0.8550208680388516,True,True,-0.0675198422608273,142.24374389648438
00670,1,1,2,0.8214219745133721,0.006204055936127603,0.0533398498317224,-0.005468750000000022,0.002929689999999985,True,False,0.8514613104120017,0.0,False,True,-0.8514613104120017,142.24374389648438
00670,2,2,4,0.9889183877749766,0.0015625099279364817,0.010932133014326847,-0.0015625000000000222,5.570000000010289e-06,True,True,0.9599755005191154,0.9428919480841562,False,False,-0.01708355243495918,142.24374389648438
00670,3,3,0,0.8255527165068467,0.003032058123601834,0.06617108727174133,-0.0007812499999999556,0.00292967999999999,True,True,0.7845360582918226,0.8903759440684095,False,False,0.10583988577658687,142.24374389648438
00670,4,4,0,0.5800316503240687,0.010525185596349376,0.19903102893914007,0.004687500000000067,-0.009423739999999986,True,True,0.9096998444748142,0.7926958763465654,False,False,-0.11700396812824887,142.24374389648438
00693,0,0,0,0.7711599165700028,0.004944915070918807,0.10058221924517975,0.0007812499999999556,-0.004882810000000001,True,True,0.8198053125250453,0.8934146400756924,False,False,0.07360932755064709,136.2646484375
00693,1,1,0,0.8107493585572383,0.003685151529706692,0.0638364898463631,-0.0031249999999999334,-0.0019531299999999974,True,True,0.9031726759811295,0.91796741096543,False,False,0.014794734984300506,136.2646484375
00693,2,2,2,0.6829171932155264,0.0071707659347450756,0.1380176600043636,0.004687499999999997,-0.0054265300000000405,False,False,0.0,0.0,True,True,0.0,136.2646484375
00693,3,3,0,0.7694278394534589,0.005078123076925197,0.06661847978409473,0.004687500000000011,-0.0019531200000000304,True,True,0.9383672583954203,0.8767601576452592,False,False,-0.06160710075016118,136.2646484375
00693,4,4,0,0.787544242337138,0.0021035846451711447,0.026939357437503916,-0.0007812499999999556,-0.0019531299999999696,True,True,0.9631178743975476,0.7990757735281391,False,False,-0.1640421008694085,136.2646484375
00693,5,5,0,0.9498207100936593,0.0012506082504525737,0.01795344083280826,0.0007812500000000111,0.0009765600000000152,True,True,0.9079155404088547,0.9002849563412497,False,False,-0.007630584067604973,136.2646484375
00693,6,6,2,0.865221028571428,0.0030320677859507184,0.03847527051875439,0.0007812500000000111,-0.0029296900000000126,True,False,0.9728459280616687,0.0,True,True,-0.9728459280616687,136.2646484375
00693,7,7,0,0.7792397174269006,0.004944915070918815,0.06130419836743533,0.0007812500000000111,-0.004882810000000001,True,True,0.907150521480209,0.8600747817337632,False,False,-0.047075739746445855,136.2646484375
00693,8,8,0,0.7255813521514359,0.00579719401918725,0.07669903163008394,0.0031250000000000444,-0.004882810000000015,True,True,0.8779827587522772,0.8303865879820527,False,False,-0.04759617077022449,136.2646484375
00693,9,9,0,0.7740741181102906,0.00494491507091881,0.061917107730142314,0.0007812500000000666,-0.0048828099999999874,True,True,0.9219251590985357,0.8799945546705503,False,False,-0.04193060442798535,136.2646484375
00693,10,10,0,1.0,0.0,0.0,0.0,0.0,True,True,0.7598931201096006,0.8325233560609256,False,False,0.072630235951325,136.2646484375
00693,11,11,0,0.979166666666665,0.0007812500000000666,0.014433756729741879,-0.0007812500000000666,0.0,True,True,0.8882613231092296,0.764629034975875,False,False,-0.12363228813335458,136.2646484375
00693,12,12,0,0.8738838514285713,0.0018425784148578487,0.02665355159082393,-0.0015625000000000222,-0.000976569999999996,True,True,0.9236417951747105,0.9041096271669633,False,False,-0.019532168007747153,136.2646484375
00693,13,13,0,0.837643613180077,0.0025390615384625727,0.034753880737938954,-0.002343749999999978,-0.0009765600000000152,True,True,0.9510742262041899,0.9113859794029832,False,False,-0.03968824680120675,136.2646484375
00693,14,14,0,0.7589599096462162,0.007331375045555905,0.08835697863643678,0.005468750000000022,-0.00488280999999996,True,True,0.8670271636084865,0.9254335520308281,False,False,0.05840638842234158,136.2646484375
00693,15,15,0,0.861848413614833,0.0025012165009051473,0.027580166215976924,-0.0015625000000000222,0.0019531200000000304,True,True,0.9536704211769492,0.8856889522226971,False,False,-0.06798146895425217,136.2646484375
00693,16,16,0,0.8160998947461594,0.006204055936127603,0.07091480547635302,-0.005468750000000022,-0.002929689999999985,True,True,0.9181730958681515,0.9310997165072846,False,False,0.01292662063913308,136.2646484375
00693,17,17,0,0.5373850795354074,0.001250608250452539,0.01952749892554673,0.0007812499999999556,0.0009765600000000152,True,True,0.8402008803946632,0.7103761415050461,False,False,-0.1298247388896171,136.2646484375
00693,18,18,0,0.7372882008293804,0.007031249999999933,0.09811048856277756,-0.007031249999999933,0.0,True,True,0.9047064066181061,0.8369019339794608,False,False,-0.06780447263864531,136.2646484375
00693,19,19,0,0.8724417812840028,0.0031249999999999334,0.040406102837593945,0.0031249999999999334,0.0,True,True,0.9273653249289137,0.9240314104233124,False,False,-0.0033339145056012764,136.2646484375
00693,20,20,0,0.8699763593380597,0.005911223930743951,0.07201166370907312,0.0007812499999999556,-0.005859370000000003,True,True,0.9534333023364329,0.8781477473254939,False,False,-0.07528555501093892,136.2646484375
00693,21,21,0,0.792427547266664,0.0030542918125483895,0.05445798705394181,0.0008634900000000778,-0.0029296899999999987,True,True,0.8231186142860177,0.824568816307852,False,False,0.0014502020218342127,136.2646484375
00693,22,22,0,0.8652448701531453,0.0036851462297173743,0.04944746129556058,-0.0031250000000000444,0.0019531199999999749,True,True,0.8894517305547641,0.9267456791008155,False,False,0.03729394854605139,136.2646484375
00693,23,23,0,1.0,0.0,0.0,0.0,0.0,True,True,0.7257271476168021,0.7030205280954731,False,False,-0.02270661952132902,136.2646484375
00693,24,24,0,0.6454005119847894,0.007128910958905262,0.13129844861501141,0.004687499999999956,-0.005371099999999997,True,True,0.9228752047950889,0.8599613873962617,False,False,-0.06291381739882718,136.2646484375
00693,25,25,0,0.913533792743515,0.003032067785950677,0.04545536106016247,0.0007812499999999556,-0.002929689999999985,True,True,0.8750088262220701,0.9474075875629944,False,False,0.07239876134092427,136.2646484375
00693,26,26,0,0.6914893617021283,0.0019531199999999749,0.0400319359692528,0.0,-0.0019531199999999749,True,True,0.8859368298278376,0.8193275596604589,False,False,-0.06660927016737872,136.2646484375
00704,0,0,0,0.954545338181819,0.0009765600000000152,0.01675623117249563,0.0,0.0009765600000000152,True,True,0.8951968009132637,0.8955809721845721,False,False,0.0003841712713084089,137.18746948242188
00704,1,1,0,0.9033815419617849,0.0025390615384625727,0.04339121049189446,0.002343749999999978,-0.0009765600000000152,True,True,0.9430464874556052,0.8276449796749537,False,False,-0.1154015077806515,137.18746948242188
00704,2,2,0,0.9818181818181817,0.0007812499999999556,0.012974982402691314,0.0007812499999999556,0.0,True,True,0.9338730941425492,0.8153094312602154,False,False,-0.11856366288233378,137.18746948242188
00704,3,3,0,0.8571429616326651,0.0029296800000000456,0.05190329203582054,0.0,-0.0029296800000000456,True,True,0.812025235995927,0.8343421012045873,False,False,0.022316865208660275,137.18746948242188
00704,4,4,0,0.7648220492593314,0.001250608250452539,0.02573213235745426,-0.0007812499999999556,-0.0009765600000000152,True,True,0.8555128423409007,0.8801358333203928,False,False,0.024622990979492054,137.18746948242188
00704,5,5,0,0.8506941397068242,0.004788146323463757,0.08499154256577454,-0.004687499999999956,-0.0009765699999999544,True,True,0.910193834225093,0.8508965530964161,False,False,-0.05929728112867694,137.18746948242188
00704,6,6,0,0.7857142857142871,0.0025012165009051473,0.04233145931289945,-0.0015625000000000222,-0.0019531200000000304,True,True,0.9342301630818974,0.8236756605801163,False,False,-0.11055450250178112,137.18746948242188
00704,7,7,0,0.9019607843137255,0.00390625,0.0681044706603994,-0.00390625,0.0,True,True,0.9243310388697131,0.894684092464882,False,False,-0.02964694640483112,137.18746948242188
00704,8,8,0,0.9130434782608695,0.0019531299999999696,0.023697009262396377,0.0,-0.0019531299999999696,True,True,0.9541049897199508,0.9120640074999864,False,False,-0.04204098221996444,137.18746948242188
00704,9,9,0,0.7709994179778502,0.006310744650744505,0.08509972996408523,0.002343750000000089,-0.005859379999999997,True,True,0.9392345781176498,0.8645780824294573,False,False,-0.07465649568819244,137.18746948242188
00704,10,10,3,0.7881898527403635,0.006677453026783473,0.08369878298795835,0.00390625,-0.005415679999999978,True,True,0.9659695381014461,0.8691157511343423,False,False,-0.0968537869671039,137.18746948242188
00704,11,11,0,0.8342245989304796,0.004555422592921637,0.066022404899694,-0.002343750000000089,0.0039062400000000608,True,True,0.9380646868967597,0.8716152337514382,False,False,-0.06644945314532147,137.18746948242188
00715,0,0,0,0.6920903954802259,0.004687500000000011,0.08571428571428592,0.004687500000000011,0.0,True,True,0.8431730000968873,0.9145948373429664,False,False,0.07142183724607909,140.52090454101562
00715,1,1,0,0.8620689655172418,0.006249999999999978,0.10624254952768224,0.006249999999999978,0.0,True,True,0.8904490084121639,0.8900232079686404,False,False,-0.0004258004435234719,140.52090454101562
00715,2,2,0,0.7105263157894741,0.007370297759419203,0.13082577962842232,0.006249999999999978,-0.00390625,True,True,0.8629862088672002,0.903030667292784,False,False,0.040044458425583795,140.52090454101562
00715,3,3,0,0.6906685453994632,0.010570359386444695,0.1813707150155891,0.010156249999999978,-0.002929689999999985,True,True,0.9240246160299543,0.927515304700733,False,False,0.003490688670778619,140.52090454101562
00715,4,4,0,0.7577319587628879,0.008593749999999956,0.13793171220826708,0.008593749999999956,0.0,True,True,0.9486048040483543,0.8859786503038948,False,False,-0.06262615374445957,140.52090454101562
00715,5,5,0,0.8705762358631696,0.0032740333586572246,0.06310645747682972,0.0031250000000000444,0.0009765600000000152,True,True,0.8777986849676879,0.9003557854495071,False,False,0.022557100481819248,140.52090454101562
00715,6,6,2,0.8174586671256833,0.004022442478755898,0.03930597402556965,0.00390625,0.0009598199999999446,True,True,0.9106466552868754,0.9179409208137117,True,True,0.007294265526836319,140.52090454101562
00715,7,7,0,0.6980325064157408,0.008593749999999956,0.11834115780078154,0.008593749999999956,0.0,True,True,0.9206233618659816,0.9257992896529821,False,False,0.005175927787000489,140.52090454101562
00715,8,8,0,0.8040935672514616,0.005524271728019903,0.06741998624632421,0.00390625,0.00390625,True,True,0.9432520798938202,0.8488197586046549,False,False,-0.09443232128916534,140.52090454101562
00715,9,9,0,0.6967113276492068,0.008593750000000067,0.1005835814444259,0.008593750000000067,0.0,True,True,0.9258174380644971,0.8648221816284658,False,False,-0.06099525643603132,140.52090454101562
00715,10,10,0,0.685115529285331,0.013096136417375122,0.14167366929471567,0.012499999999999956,-0.00390625,True,True,0.9197080804147127,0.9011446322094526,False,False,-0.018563448205260125,140.52090454101562
00715,11,11,0,0.7312680155735867,0.008734640537108554,0.10701462329650059,0.0078125,0.00390625,True,True,0.972170614843525,0.88957369257219,False,False,-0.08259692227133497,140.52090454101562
00715,12,12,0,0.4886404595347391,0.013195217743970679,0.2920743237758593,0.011822919999999959,-0.00585937999999997,True,True,0.8884528034085605,0.9448054697049029,False,False,0.05635266629634239,140.52090454101562
00716,0,0,0,0.39183673878817193,0.029943387338651227,0.5675817821263011,0.029687499999999978,0.00390625,True,True,0.934138924906031,0.8753054177454476,False,False,-0.05883350716058344,140.69383239746094
00716,1,1,0,0.8016216724489551,0.00596634430006348,0.08557075633098167,-0.005468750000000001,0.0023853799999999925,True,True,0.8792346503093059,0.9178863240803707,False,False,0.03865167377106482,140.69383239746094
00722,0,0,0,1.0,0.0,0.0,0.0,0.0,True,True,0.8772656329036304,0.9235009531810732,False,False,0.046235320277442815,124.29840850830078
00722,1,1,0,0.8647797949764685,0.0021035846451711603,0.031899034414592124,-0.0007812499999999972,-0.0019531299999999696,True,True,0.9276765255560951,0.861634597061996,False,False,-0.06604192849409918,124.29840850830078
00722,2,2,0,0.8858756677766945,0.0033203147058825455,0.047998889230358464,0.0015624999999999944,-0.002929689999999985,True,True,0.8592309534657278,0.933272073140855,False,False,0.07404111967512728,124.29840850830078
00722,3,3,0,0.9607842153018123,0.0019531299999999696,0.02684921303569157,0.0,-0.0019531299999999696,True,True,0.7758667743508336,0.867558369189399,False,False,0.09169159483856537,124.29840850830078
00722,4,4,0,0.9333333333333333,0.00390625,0.0484729208955926,0.0,-0.00390625,True,True,0.8530079845261438,0.8883867966003912,False,False,0.03537881207424742,124.29840850830078
00722,5,5,0,0.8349656433347536,0.0021035846451711447,0.028646178551976334,-0.0007812499999999556,-0.0019531299999999696,True,True,0.8754293952129917,0.8652648621592095,False,False,-0.010164533053782177,124.29840850830078
00722,6,6,0,1.0,0.0,0.0,0.0,0.0,True,True,0.8760034454260457,0.9572655140773975,False,False,0.08126206865135177,124.29840850830078
00722,7,7,0,0.7856701307423412,0.003751832560043202,0.053775946338337134,-0.002343750000000089,-0.002929689999999985,True,True,0.9019731299012884,0.83671525548857,False,False,-0.06525787441271846,124.29840850830078
00722,8,8,0,0.8526078007348844,0.0007812499999999556,0.012295185547234945,-0.0007812499999999556,0.0,True,True,0.8743903488245227,0.8825266321541416,False,False,0.00813628332961891,124.29840850830078
00722,9,9,0,0.870624011389996,0.0033203147058825586,0.054640104484372225,-0.0015625000000000222,0.002929689999999985,True,True,0.9206788574829906,0.913438358197507,False,False,-0.007240499285483648,124.29840850830078
00722,10,10,0,0.876923081770414,0.0078125,0.10135192754128848,0.0,-0.0078125,True,True,0.866307661641038,0.8828297434376589,False,False,0.016522081796620847,124.29840850830078
00722,11,11,0,0.9775381735849056,0.0009300600000000103,0.016968924080923892,0.0009300600000000103,0.0,True,True,0.9302790160341616,0.9100163486631401,False,False,-0.02026266737102156,124.29840850830078
00722,12,12,0,0.8556876445429383,0.0009765600000000152,0.013298591141048394,0.0,0.0009765600000000152,True,True,0.8509843493603018,0.9124492254789293,False,False,0.0614648761186275,124.29840850830078
00722,13,13,0,0.909090909090908,0.0015625000000000222,0.02773500981126185,-0.0015625000000000222,0.0,True,True,0.8800091619418411,0.8438587407493698,False,False,-0.03615042119247125,124.29840850830078
00722,14,14,0,0.8769230720757395,0.0078125,0.11019660313020316,0.0,-0.0078125,True,True,0.8758656912237421,0.856413185294881,False,False,-0.019452505928861163,124.29840850830078
00722,15,15,0,0.8875190817115955,0.0039836188008015565,0.06582822089874424,-0.0007812500000000666,-0.003906259999999939,True,True,0.8827665044718555,0.8416941141170559,False,False,-0.04107239035479959,124.29840850830078
00722,16,16,2,0.8460393583469231,0.006310744650744438,0.07106558258304009,0.002343749999999978,-0.00585937999999997,False,True,0.0,0.743431613065246,True,False,0.743431613065246,124.29840850830078
00722,17,17,0,0.9583333333333299,0.0007812500000000666,0.012539246867223677,0.0007812500000000666,0.0,True,True,0.9180374340623803,0.9096560688041083,False,False,-0.008381365258271933,124.29840850830078
00722,18,18,0,0.7399617995137654,0.00579719401918719,0.10710436888071082,-0.0031249999999999334,-0.004882810000000015,True,True,0.8949244312528262,0.8653327721762518,False,False,-0.02959165907657435,124.29840850830078
00722,19,19,0,0.8054849892078252,0.004882814000000401,0.06852017880775982,-0.00390625,-0.002929689999999985,True,True,0.8906348646079005,0.8392013703502655,False,False,-0.05143349425763499,124.29840850830078
00722,20,20,0,0.844961952698507,0.003504204899545715,0.059825556669407635,0.003365380000000029,-0.0009765600000000013,True,True,0.9360649749236671,0.8602434657138688,False,False,-0.07582150920979835,124.29840850830078
00722,21,21,0,0.7869899226458162,0.004427893521077486,0.07928118966989774,0.003973859999999996,-0.0019531200000000026,True,True,0.8884022542294638,0.8515651774656603,False,False,-0.036837076763803545,124.29840850830078
00722,22,23,0,0.9530083167676732,0.0007858517474053883,0.013369310967555387,-0.0007812500000000666,8.491999999998834e-05,True,True,0.9066953879327568,0.9289940890356845,False,False,0.022298701102927643,124.29840850830078
00722,23,22,4,0.8559432540523574,0.005141199999999957,0.0725443971923498,0.0,0.005141199999999957,False,False,0.0,0.0,True,True,0.0,124.29840850830078
00736,0,0,4,1.0,0.0,0.0,0.0,0.0,True,True,0.8651126016486373,0.7559502480735617,False,False,-0.10916235357507564,138.68789672851562
00736,1,1,0,0.741741821573656,0.005797194019187174,0.0967696496177419,0.003124999999999989,-0.00488280999999996,True,True,0.8461720394982324,0.9141857891776639,False,False,0.06801374967943152,138.68789672851562
00736,2,2,0,0.7698541329011348,0.005002440810494406,0.0887953567739629,0.003124999999999989,0.00390625,True,True,0.9210838899606671,0.9025849762015048,False,False,-0.01849891375916235,138.68789672851562
00736,3,3,0,0.8870967741935479,0.002343749999999978,0.036927447293799466,0.002343749999999978,0.0,True,True,0.9128123143072797,0.9454826288563625,False,False,0.03267031454908276,138.68789672851562
00736,4,4,2,0.9955947136563871,0.0007812500000000666,0.0048797910059430495,0.0007812500000000666,0.0,False,True,0.0,0.9615005934796846,True,False,0.9615005934796846,138.68789672851562
00736,5,5,0,0.9053869307432804,0.0021035753604042927,0.03189889453606275,0.0007812499999999556,-0.0019531200000000304,True,True,0.8503749759295607,0.8751650260428122,False,False,0.024790050113251527,138.68789672851562
00736,6,6,0,0.8789384287443053,0.0025012243095932376,0.04316992218924745,0.0015625000000000222,-0.001953130000000025,True,True,0.8952666138699125,0.8960712755971751,False,False,0.0008046617272626788,138.68789672851562
00744,0,0,0,0.9513226836580867,0.0021391400000000116,0.04529032892389534,0.0,-0.0021391400000000116,True,True,0.874198897696046,0.8192253530707453,False,False,-0.054973544625300685,141.23556518554688
00744,1,1,0,0.8970792767732961,0.0020470359377890747,0.04370045925813875,-0.0007812500000000007,-0.001892089999999999,True,True,0.8847792995507152,0.7722417519349839,False,False,-0.11253754761573131,141.23556518554688
00744,2,2,0,0.4551806418650433,0.01328124117647143,0.2389865030009713,-0.0062500000000000056,-0.011718740000000005,True,True,0.7785388469830493,0.8241844615244732,False,False,0.04564561454142391,141.23556518554688
00744,3,3,2,0.6634614646153851,0.009262428174274815,0.15305912277810454,-0.0062500000000000056,-0.006835939999999985,True,False,0.8259445345139074,0.0,False,False,-0.8259445345139074,141.23556518554688
00744,4,4,0,0.6625156284327269,0.008423522774433511,0.16742122668507656,0.007031249999999996,-0.004638670000000011,True,True,0.8804653418781958,0.893808978732981,False,False,0.013343636854785235,141.23556518554688
00744,5,5,0,0.638888888888889,0.011110516818960298,0.20788411466058135,0.010937499999999989,0.0019531199999999749,True,True,0.8353082980628237,0.8630506447386526,False,False,0.027742346675828866,141.23556518554688
00744,6,6,0,0.6997559705267592,0.012538088747237424,0.22374258228795985,0.012500000000000067,-0.0009765600000000152,True,True,0.8900702283425151,0.8106722631413602,False,False,-0.07939796520115494,141.23556518554688
00744,7,7,0,0.6871277825964589,0.007066544531424041,0.1210534312543411,0.007031249999999933,0.0007053899999999724,True,True,0.8984808673776578,0.8529820640654445,False,False,-0.04549880331221323,141.23556518554688
00744,8,8,0,0.5822579427896052,0.01729811761570885,0.3278886357349789,0.01718749999999991,-0.0019531299999999696,True,True,0.8577754947293372,0.8905496803468156,False,False,0.03277418561747836,141.23556518554688
00744,9,9,0,0.6295501274463311,0.01721522132343644,0.3072061580687965,0.017187500000000022,0.0009765699999999544,True,True,0.8869286227669371,0.874613477894647,False,False,-0.012315144872290018,141.23556518554688
00744,10,10,0,0.5212765416628937,0.02345783612534626,0.3987552506174978,-0.0234375,-0.0009765600000000152,True,True,0.8553647047673884,0.8598209875920425,False,False,0.004456282824654156,141.23556518554688
00744,11,11,0,0.6298342677402997,0.01265166853805848,0.22609921948066658,-0.012499999999999956,-0.0019531299999999696,True,True,0.7967385480849593,0.8260430148702684,False,False,0.02930446678530918,141.23556518554688
00744,12,12,4,0.8484803956618602,0.01574659654447271,0.1165241316725143,0.015625,0.0019531199999999749,True,True,0.8911462008360924,0.8867230775482386,False,True,-0.00442312328785377,141.23556518554688
00744,13,13,0,0.638497564105887,0.010981009775225582,0.22726709503097298,-0.010937499999999989,-0.0009765600000000152,True,True,0.8001879598604343,0.8521618228803333,False,False,0.051973863019898925,141.23556518554688
00744,14,14,3,0.8034610028689452,0.014364434891289643,0.12464333749094965,-0.014062499999999978,-0.002929689999999985,True,True,0.8858563110482245,0.9181332942281112,False,False,0.0322769831798867,141.23556518554688
00747,0,0,0,0.5274714058371455,0.010983834169910785,0.28006811392132397,0.009375000000000001,0.005723109999999976,True,True,0.8649241214384308,0.7706480167272893,False,False,-0.09427610471114145,139.54507446289062
00747,1,1,0,0.5783366586596592,0.01885145028199156,0.31507990385452134,0.01874999999999999,0.0019531200000000304,True,True,0.9210340773253822,0.8648797033972851,False,False,-0.05615437392809708,139.54507446289062
00747,2,2,0,0.7258064516129025,0.009576288567832558,0.16998301272595642,0.009375000000000022,0.0019531200000000304,True,True,0.9532161232854851,0.897234641461278,False,False,-0.05598148182420715,139.54507446289062
00747,3,3,0,0.4540901017332773,0.02361989605705538,0.4804413280484643,0.0234375,0.0029296900000000403,True,True,0.8878344666207975,0.814342741769553,False,False,-0.07349172485124444,139.54507446289062
00747,4,4,4,0.8625213492897233,0.004610969359646575,0.0384396176585407,0.0015624999999999112,0.00433815999999998,True,True,0.9218066050110857,0.9375698553816495,False,False,0.01576325037056381,139.54507446289062
00747,5,5,0,0.6523297274420051,0.00507812692307907,0.08713265815350367,0.004687500000000067,0.0019531299999999696,True,True,0.8673111596106151,0.7086821022110509,False,False,-0.15862905739956423,139.54507446289062
00747,6,6,0,0.7061727725505329,0.0033203147058825586,0.05619416265134395,0.0015625000000000222,0.002929689999999985,True,True,0.9693496701999297,0.7732843608265055,False,False,-0.19606530937342415,139.54507446289062
00747,7,7,0,0.6861313868613146,0.009439879666870718,0.16132251993047947,0.008593749999999956,0.00390625,True,True,0.9313897887115437,0.901668118656046,False,False,-0.02972167005549764,139.54507446289062
00747,8,8,0,0.7007296727668348,0.009439883804904629,0.15599152113718925,-0.008593750000000067,0.003906259999999939,True,True,0.9183945784166093,0.869522277696265,False,False,-0.04887230072034432,139.54507446289062
00747,9,9,0,0.740631901983121,0.00672056661487707,0.11344409982433189,0.005468750000000022,0.00390625,True,True,0.9631718120619485,0.9049453676088429,False,False,-0.05822644445310554,139.54507446289062
00747,10,10,0,0.6153843608994505,0.013843788092501945,0.23658297131729353,0.013281249999999967,0.003906259999999939,True,True,0.868700935752985,0.9064900296886729,False,False,0.037789093935687856,139.54507446289062
00747,11,11,0,0.6671755725190838,0.010156250000000021,0.17188791273808246,0.009375000000000022,0.00390625,True,True,0.8828916497747483,0.8422376807145602,False,False,-0.040653969060188144,139.54507446289062
00747,12,12,0,0.6099332962611427,0.01160261611377366,0.1903080999010656,0.009375000000000022,0.006835939999999985,True,True,0.9056284408856305,0.9059066084204688,False,False,0.0002781675348382251,139.54507446289062
00748,0,0,0,0.5290322056391248,0.022031392508404923,0.2500393564009105,0.013281250000000022,-0.017578129999999997,True,True,0.9653020024118957,0.8923739294793528,False,False,-0.07292807293254289,132.6754150390625
00748,1,1,0,0.6761403164784825,0.012838735239835749,0.1502680403362246,0.007031250000000044,-0.010742189999999985,True,True,0.9453860301881137,0.8910749636807963,False,False,-0.05431106650731743,132.6754150390625
00748,2,2,0,0.5938557423707357,0.01800691897186744,0.19308207505993719,0.011718749999999944,-0.01367187000000003,True,True,0.9485485095861375,0.9250106745854001,False,False,-0.02353783500073736,132.6754150390625
00748,3,3,0,0.7986534170790616,0.007370297759419297,0.07966059726316953,0.006250000000000089,-0.00390625,True,True,0.9323354046554687,0.9182556778133351,False,False,-0.014079726842133655,132.6754150390625
00748,4,4,0,0.6525037434383764,0.014089604088099852,0.1522850654744865,0.010156250000000033,-0.00976562999999997,True,True,0.9455376789942188,0.9221585610559749,False,False,-0.023379117938243876,132.6754150390625
00748,5,5,0,0.6376811321215656,0.013756714181031743,0.17135339944104103,0.008593750000000011,-0.010742189999999985,True,True,0.9087364061667109,0.9075213830731875,False,False,-0.001215023093523393,132.6754150390625
00748,6,6,0,0.4582651991661904,0.02425730353733493,0.29570808894165485,0.015625,-0.018554680000000046,True,True,0.8419953675955363,0.875013164343395,False,False,0.03301779674785876,132.6754150390625
00748,7,7,0,0.6319443815843652,0.013805156065195336,0.17786590807778874,0.012499999999999997,-0.00585937999999997,True,True,0.8931568470639312,0.8858195755989963,False,False,-0.0073372714649349025,132.6754150390625
00748,8,8,2,0.7611560601961707,0.008710581943418045,0.1034763300812867,0.00644531000000001,-0.00585937000000003,True,True,0.9058777937572655,0.9645689397364964,False,False,0.05869114597923086,132.6754150390625
00748,9,9,2,0.6588235307961052,0.014084184669781208,0.14994521907519373,0.01171875,-0.0078125,True,False,0.8598210638130889,0.0,False,False,-0.8598210638130889,132.6754150390625
00748,10,10,0,0.6715328481095904,0.014532090029483,0.15315882638888811,-0.008593749999999956,0.01171875,True,True,0.9240788803661665,0.9042404283611815,False,False,-0.01983845200498502,132.6754150390625
00748,11,11,3,0.8350661625708885,0.010156249999999978,0.055286622239576075,-0.010156249999999978,0.0,True,True,0.9479966291269624,0.9114005043404613,False,False,-0.036596124786501094,132.6754150390625
00748,12,12,4,0.8734061304067244,0.00980654962397069,0.03877444218055354,-0.007031249999999933,0.006835930000000046,True,True,0.9464165338391339,0.93884145426678,False,False,-0.007575079572353927,132.6754150390625
00749,0,0,0,0.7391306079793237,0.00654806671731435,0.1437419747120849,0.006250000000000002,-0.0019531199999999749,True,True,0.9480797661342378,0.8553161472592105,False,False,-0.09276361887502738,136.35231018066406
00749,1,1,0,0.7201647600693349,0.011110516818960298,0.1828380342731407,0.010937499999999989,-0.0019531199999999749,True,True,0.9594919972194283,0.8670255971729398,False,False,-0.09246640004648854,136.35231018066406
00749,2,2,0,0.5991902275087333,0.014096367464123545,0.26318931459911393,0.014062500000000033,-0.0009765599999999597,True,True,0.9369987385722574,0.8698891394350511,False,False,-0.06710959913720627,136.35231018066406
00749,3,3,4,0.81401910474971,0.008593750000000011,0.07934434431254882,0.008593750000000011,0.0,True,True,0.9613275375193605,0.9702531578038472,False,False,0.008925620284486735,136.35231018066406
00749,4,4,2,0.9286391367639728,0.0036851462297174038,0.025497228849840774,0.0031250000000000444,-0.0019531200000000304,True,True,0.8718184373758928,0.814658318230014,False,False,-0.05716011914587882,136.35231018066406
00749,5,5,0,0.670212628280682,0.013281250000000022,0.22788532733237543,0.013281250000000022,0.0,True,True,0.9439189431432259,0.9122825698321959,False,False,-0.031636373311029975,136.35231018066406
00749,6,6,0,0.7720850004769916,0.006249999999999978,0.1197234508175599,0.006249999999999978,0.0,True,True,0.9300101688322567,0.9340507411763875,False,False,0.0040405723441307995,136.35231018066406
00749,7,7,0,0.6280374402761515,0.012695311538461755,0.2108434480745402,0.01171875,-0.004882810000000015,True,True,0.9564676724261861,0.8475315738229425,False,False,-0.1089360986032436,136.35231018066406
00749,8,8,0,0.8524448282536153,0.00396095333258295,0.07328545884042909,-0.00390625,0.0006560199999999794,True,True,0.9340033856553371,0.9691837090997496,False,False,0.035180323444412465,136.35231018066406
00749,9,9,0,0.5066666666666663,0.021183979012378694,0.3724599428886439,-0.021093750000000022,-0.0019531200000000304,True,True,0.8930635604587808,0.9106072576069127,False,False,0.017543697148131976,136.35231018066406
00749,10,10,0,0.626865671641791,0.015625,0.27241788264159783,-0.015625,0.0,True,True,0.9191183543434863,0.925663259059674,False,False,0.006544904716187627,136.35231018066406
00749,11,11,2,0.8244767102855363,0.015655487677923036,0.1440203605612723,-0.015625,0.0009765600000000152,True,True,0.9238778537526706,0.9605723486624846,True,False,0.036694494909814024,136.35231018066406
00768,0,0,4,0.951492463483731,0.0021035846451711864,0.02091429366178507,-0.0007812500000000666,-0.0019531299999999696,False,False,0.0,0.0,True,True,0.0,128.21957397460938
00768,1,1,0,0.8658892128279883,0.004367318032488602,0.051288094981897576,-0.00390625,-0.0019531200000000304,True,True,0.9233359101348249,0.8931428835013933,False,False,-0.030193026633431597,128.21957397460938
00768,2,2,0,0.892857051428572,0.0029296800000000456,0.0409157496746619,0.0,-0.0029296800000000456,True,True,0.8335203764496789,0.911376401920307,False,False,0.07785602547062809,128.21957397460938
00768,3,3,0,0.812500000000002,0.004687499999999956,0.0671870997510748,-0.004687499999999956,0.0,True,True,0.8954744944665655,0.919836326254288,False,False,0.024361831787722554,128.21957397460938
00768,4,4,0,0.8708806424165773,0.0018425731148586078,0.026021416032838675,-0.0015624999999999112,-0.0009765600000000152,True,True,0.8877101238669789,0.9045080240929186,False,False,0.016797900225939744,128.21957397460938
00768,5,5,0,0.7699999376960035,0.007503665120086265,0.0940011494182802,-0.004687499999999956,-0.00585937999999997,True,True,0.9542415843152885,0.9127537405963403,False,False,-0.0414878437189482,128.21957397460938
00768,6,6,0,0.9729729729729717,0.0007812499999999556,0.010005003753127165,0.0007812499999999556,0.0,True,True,0.9540547686438035,0.9164520495000694,False,False,-0.03760271914373403,128.21957397460938
00768,7,7,0,0.7932372482605298,0.00390625,0.054296531656696116,-0.00390625,0.0,True,True,0.849359950301339,0.8492913090942923,False,False,-6.864120704674903e-05,128.21957397460938
00768,8,8,0,0.760695587881718,0.008649059372405716,0.09015258359536066,-0.008593749999999956,-0.0009765699999999544,True,True,0.9330346232382296,0.8936168493453303,False,False,-0.039417773892899355,128.21957397460938
00768,9,9,0,0.8576020141680715,0.0054161792398885805,0.060024020678987676,-0.002343749999999978,-0.004882810000000015,True,True,0.9136570926995129,0.9335215929772538,False,False,0.019864500277740893,128.21957397460938
00768,10,10,0,0.8632812530468756,0.003124999999999989,0.034087331982135614,-0.003124999999999989,0.0,True,True,0.9231364198226869,0.9468563399318046,False,False,0.02371992010911772,128.21957397460938
00768,11,11,0,1.0,0.0,0.0,0.0,0.0,True,True,0.9505364547677102,0.870556192488263,False,False,-0.07998026227944721,128.21957397460938
00768,12,12,0,1.0,0.0,0.0,0.0,0.0,True,True,0.8827636472018998,0.8570145823144625,False,False,-0.025749064887437334,128.21957397460938
00768,13,13,0,1.0,0.0,0.0,0.0,0.0,True,True,0.8550602068537851,0.808255457345509,False,False,-0.04680474950827618,128.21957397460938
00768,14,14,0,0.8793618241745402,0.0021035846451711655,0.023409387517552404,0.0007812500000000111,-0.0019531299999999696,True,True,0.9402740189715209,0.8622563925053149,False,False,-0.07801762646620591,128.21957397460938
00768,15,15,0,0.9795918367346931,0.0007812500000000111,0.009221389160426871,0.0007812500000000111,0.0,True,True,0.9541594377194376,0.913194313873397,False,False,-0.04096512384604056,128.21957397460938
00768,16,16,0,0.9387754611578536,0.0018425731148586783,0.022446579094472452,-0.0015624999999999944,-0.0009765600000000152,True,True,0.9552737048644487,0.8763301668459497,False,False,-0.07894353801849907,128.21957397460938
00768,17,17,0,0.8875471663117124,0.004207160005573829,0.04678332342833671,-0.0015624999999999944,0.00390625,True,True,0.918407585002959,0.8124467596213497,False,False,-0.10596082538160934,128.21957397460938
00768,18,18,4,0.9583333333333333,0.0023437500000000056,0.022454435093391362,-0.0023437500000000056,0.0,True,True,0.8609458461758189,0.8330350719517509,True,False,-0.02791077422406807,128.21957397460938
00768,19,55,4,0.6853020739404869,0.010510643786776337,0.13995979633003397,-0.007031250000000003,0.0078125,False,False,0.010596706992511917,0.003066580568428434,True,True,-0.0075301264240834834,128.21957397460938
00768,22,19,0,0.9352940450909096,0.0018425731148586783,0.025220564887728544,-0.0015624999999999944,0.0009765600000000152,True,True,0.943916774569188,0.9088664828845623,False,False,-0.0350502916846257,128.21957397460938
00768,23,20,0,0.8221872045372128,0.006204055936127591,0.07768327549651217,-0.005468750000000008,0.002929689999999985,True,True,0.9393275861662002,0.8635323447120711,False,False,-0.07579524145412908,128.21957397460938
00768,24,21,0,1.0,0.0,0.0,0.0,0.0,True,True,0.8264589731235727,0.7442272906736054,False,False,-0.08223168244996737,128.21957397460938
00768,25,22,0,1.0,0.0,0.0,0.0,0.0,True,True,0.7131411944488376,0.7506620517255829,False,False,0.037520857276745256,128.21957397460938
00768,26,23,0,0.7124999999999992,0.004207150720808621,0.06511334247637061,-0.0015625000000000083,0.0039062400000000608,True,True,0.788573253074466,0.8859231907113051,False,False,0.09734993763683908,128.21957397460938
00768,27,24,0,0.6973433788354395,0.0021035846451711603,0.025643699261031123,-0.0007812499999999972,-0.0019531299999999696,True,True,0.8722244243164858,0.8956172980234781,False,False,0.02339287370699228,128.21957397460938
00768,28,25,0,0.9130434782608696,0.00390625,0.04695301415158426,0.0,0.00390625,True,True,0.8793288602833077,0.9180181279467653,False,False,0.038689267663457594,128.21957397460938
00768,29,26,0,0.8774834838752705,0.005126718223786064,0.05485669156415363,0.0015624999999999944,0.004882810000000015,True,True,0.9264390967656798,0.9273523586401349,False,False,0.0009132618744550625,128.21957397460938
00768,30,27,0,0.8189414581550418,0.005527724644562174,0.07360721484965445,0.004687500000000011,-0.002929689999999985,True,True,0.851641390045329,0.9309262243723259,False,False,0.07928483432699684,128.21957397460938
00768,31,28,0,0.7695062050154622,0.007012228263177156,0.08557948564723218,0.0015624999999999667,-0.006835930000000046,True,True,0.8688379822724295,0.8847689467869324,False,False,0.015930964514502932,128.21957397460938
00768,32,29,0,1.0,0.0,0.0,0.0,0.0,True,True,0.90784098405324,0.8701153808880284,False,False,-0.03772560316521156,128.21957397460938
00768,33,30,0,1.0,0.0,0.0,0.0,0.0,True,True,0.9478100123597224,0.9440900114741877,False,False,-0.003720000885534702,128.21957397460938
00768,34,31,0,1.0,0.0,0.0,0.0,0.0,True,True,0.8674895329305555,0.8412031781854445,False,False,-0.026286354745110985,128.21957397460938
00768,35,32,0,1.0,0.0,0.0,0.0,0.0,True,True,0.7911401377732273,0.7622128279127064,False,False,-0.028927309860520944,128.21957397460938
00768,36,33,0,0.9203726150597848,0.0025012165009051473,0.029991906747739973,-0.0015625000000000222,-0.0019531200000000304,True,True,0.9414181189965153,0.9143201057544204,False,False,-0.02709801324209493,128.21957397460938
00768,37,34,0,0.8974007113339554,0.003050875578731459,0.03729324164665524,0.002343749999999978,-0.0019531200000000304,True,True,0.9446098738109594,0.9416225134742936,False,False,-0.002987360336665801,128.21957397460938
00768,38,35,0,0.9072737922669047,0.0012506160591484303,0.01704993886241174,-0.0007812499999999556,0.00097657000000001,True,True,0.9354276811136005,0.8338888117729295,False,False,-0.10153886934067102,128.21957397460938
00768,39,36,0,0.8361044706962106,0.005527724644562157,0.06615205783077063,-0.004687499999999956,0.0029296900000000403,True,True,0.9108974218765183,0.8858211513608234,False,False,-0.025076270515694943,128.21957397460938
00768,40,37,0,0.8367346416326514,0.003032067785950677,0.03996621709727779,0.0007812499999999556,0.002929689999999985,True,True,0.901962018057504,0.9221165469383156,False,False,0.020154528880811595,128.21957397460938
00768,41,38,0,1.0,0.0,0.0,0.0,0.0,True,True,0.8161543320860959,0.9207504308330335,False,False,0.10459609874693765,128.21957397460938
00768,42,39,0,1.0,0.0,0.0,0.0,0.0,True,True,0.9085684524369125,0.9078223552508408,False,False,-0.0007460971860717702,128.21957397460938
00768,43,40,0,0.8829430943313841,0.003751832560043111,0.04523675665449971,0.002343749999999978,-0.002929689999999957,True,True,0.8702560086177378,0.9430432052385956,False,False,0.07278719662085786,128.21957397460938
00768,44,41,0,0.9110884800275804,0.0021035846451711963,0.023195598678564217,-0.0007812499999999556,0.001953130000000025,True,True,0.8470052481797994,0.831013368987944,False,False,-0.015991879191855407,128.21957397460938
00768,45,42,0,0.8237434311111117,0.002539065384624806,0.029121381689734382,0.002343749999999978,-0.00097657000000001,True,True,0.9162362944834661,0.7607265062625557,False,False,-0.15550978822091044,128.21957397460938
00768,46,43,0,0.8562019758507138,0.00390625,0.05607721540920444,-0.00390625,0.0,True,True,0.8714041029692313,0.7741763147385159,False,False,-0.09722778823071543,128.21957397460938
00768,47,44,0,1.0,0.0,0.0,0.0,0.0,True,True,0.9017597993138131,0.8534882784946035,False,False,-0.0482715208192096,128.21957397460938
00768,48,45,0,0.8764045498093678,0.0037518247513576536,0.04734180654811624,0.002343749999999978,-0.002929680000000004,True,True,0.9545299394142964,0.9274637385967073,False,False,-0.027066200817589148,128.21957397460938
00768,49,46,0,0.8724637681159413,0.0015625000000000222,0.021046802247095944,0.0015625000000000222,0.0,True,True,0.8422530632878814,0.942578121718058,False,False,0.10032505843017658,128.21957397460938
00768,50,47,0,0.7785160112369648,0.0012506082504525281,0.01909209543527239,-0.0007812499999999556,-0.0009765600000000013,True,True,0.8509637659182351,0.8972297885220146,False,False,0.046266022603779544,128.21957397460938
00768,51,48,0,1.0,0.0,0.0,0.0,0.0,True,True,0.8560441701399134,0.892439216083145,False,False,0.03639504594323162,128.21957397460938
00768,52,49,0,0.8830898137354702,0.0009765600000000013,0.013447824414479358,0.0,-0.0009765600000000013,True,True,0.9344982753500272,0.896997553832129,False,False,-0.03750072151789818,128.21957397460938
00768,53,50,0,0.8700683881680513,0.0018388942381768485,0.044102459322590715,0.0015581600000000029,-0.0009765600000000013,True,True,0.8495798546336579,0.8307306412378008,False,False,-0.0188492133958571,128.21957397460938
00768,55,51,2,0.914872841017612,0.004026469731178918,0.03768891151959591,-0.00390625,-0.0009765600000000152,True,True,0.9112825872630043,0.6700772338056021,False,True,-0.24120535345740213,128.21957397460938
00768,56,52,0,0.667141866914692,0.01038100341651036,0.13734453371056304,-0.0078125,-0.006835939999999985,True,True,0.9339018572840616,0.8127005005667891,False,False,-0.1212013567172725,128.21957397460938
00768,57,53,0,0.8584824838514202,0.0042835392488104794,0.0532549275353993,-0.003124999999999989,0.002929689999999985,True,True,0.9137995795178276,0.8828950001867745,False,False,-0.030904579331053172,128.21957397460938
00768,58,54,0,1.0,0.0,0.0,0.0,0.0,True,True,0.9301841057171369,0.9351903185840416,False,False,0.0050062128669046135,128.21957397460938
00776,0,0,0,0.7129276929028896,0.012538088747237363,0.19717342940686056,0.012500000000000011,0.0009765599999999597,True,True,0.908127294588424,0.8466056381953255,False,False,-0.06152165639309848,140.09425354003906
00776,1,1,0,0.7724136216656539,0.0072974785617636526,0.12764478799462098,0.007031250000000017,-0.0019531299999999696,True,True,0.9476782980418058,0.8941967218419146,False,False,-0.053481576199891245,140.09425354003906
00776,2,2,0,0.6390606379110159,0.011977927189046523,0.1796908440921541,0.010937499999999989,0.004882810000000015,True,True,0.9468964561961194,0.82363920347618,False,False,-0.12325725271993937,140.09425354003906
00776,3,3,0,0.6206896551724141,0.010881553341550073,0.220227155455452,0.010156249999999978,0.00390625,True,True,0.7894210120967086,0.8326177418020962,False,False,0.04319672970538768,140.09425354003906
00776,4,4,0,0.6058458249870895,0.012838733718560357,0.2633166982885764,0.012499999999999956,0.002929689999999957,True,True,0.8803234036940754,0.8820284554137939,False,False,0.0017050517197185755,140.09425354003906
00776,5,5,2,0.8093676912755461,0.004367318032488602,0.059676206119988785,0.00390625,0.0019531200000000304,True,True,0.864970241003749,0.8799311741151423,False,False,0.014960933111393349,140.09425354003906
00776,6,6,2,0.9166665646376928,0.0025390615384625727,0.03571642679550298,-0.002343749999999978,-0.0009765600000000152,True,True,0.8596883327760033,0.8129118565270352,False,False,-0.04677647624896808,140.09425354003906
00776,7,7,0,0.6867731848701996,0.014096367464123493,0.2374330734364838,-0.014062499999999978,0.0009765600000000152,True,True,0.9782089255120363,0.9465611636031178,False,False,-0.03164776190891849,140.09425354003906
00776,8,8,0,0.7407406594905832,0.007098742564433443,0.12600556459019568,0.007031249999999933,0.0009765600000000152,True,True,0.8963674318647712,0.917242100091463,False,False,0.020874668226691817,140.09425354003906
00776,9,9,0,0.7095709570957098,0.006249999999999978,0.11795356492391731,0.006249999999999978,0.0,True,True,0.8749978140699012,0.8482877715629552,False,False,-0.026710042506945975,140.09425354003906
00776,10,10,0,0.576923140625528,0.014886092158323462,0.2569267529153747,0.014062499999999978,-0.0048828099999999874,True,True,0.9245140648453707,0.8642221622176149,False,False,-0.060291902627755745,140.09425354003906
00776,11,11,3,0.8869489305979922,0.006548066717314343,0.05789318276523554,-0.006249999999999978,0.0019531200000000304,True,True,0.9362453928887347,0.9133583706784913,False,False,-0.022887022210243302,140.09425354003906
00788,0,0,0,0.5260242810345276,0.02351873982693163,0.3626723166838495,0.0234375,0.001953130000000025,True,True,0.9062252523722357,0.9043177325872009,False,False,-0.0019075197850347836,138.91372680664062
00788,1,1,0,0.4595931461991021,0.02905433483249275,0.45366603972001246,0.028906250000000022,0.0029296900000000403,True,True,0.919102129541079,0.9187613836597955,False,False,-0.00034074588128341077,138.91372680664062
00788,2,2,3,0.6834872455638593,0.020692985901686587,0.17817099062545688,0.01953125,0.00683592999999999,True,True,0.8808365349299887,0.9128753526344531,False,False,0.03203881770446437,138.91372680664062
00788,3,3,0,0.7968297013017741,0.004837242149262327,0.08436293747308592,0.00390625,0.0028530900000000026,True,True,0.9615210526551041,0.8637445552793747,False,False,-0.09777649737572947,138.91372680664062
00788,4,4,0,0.6777429467084636,0.0108815533415501,0.17465149485214285,0.010156250000000006,0.00390625,True,True,0.9029422921191418,0.9133119025487109,False,False,0.010369610429569076,138.91372680664062
00788,5,5,0,0.7200000000000002,0.010937499999999989,0.17391639824998348,0.010937499999999989,0.0,True,True,0.9371460391274061,0.8335002719697849,False,False,-0.1036457671576212,138.91372680664062
00788,6,6,0,0.7868852459016388,0.010156249999999978,0.16001893827313216,0.010156249999999978,0.0,True,True,0.9481954884659021,0.8806616475529838,False,False,-0.06753384091291825,138.91372680664062
00788,7,7,0,0.753911803797989,0.00610175755930204,0.10277534651083704,0.004687499999999956,-0.00390625,True,True,0.922594501798116,0.710310354189758,False,False,-0.212284147608358,138.91372680664062
00788,8,8,0,0.7101448438936734,0.00787329827223636,0.14826741400754753,0.0078125,0.0009765600000000152,True,True,0.9627372979785727,0.8631855269718894,False,False,-0.09955177100668322,138.91372680664062
00788,9,9,0,0.9160306417574847,0.0018425731148587019,0.033221516855249704,0.0015625000000000222,0.0009765600000000152,True,True,0.8536087327451835,0.8551293533744617,False,False,0.0015206206292782687,138.91372680664062
00788,10,10,0,0.6615060616088516,0.009884046365664185,0.16520025419806048,0.008593749999999956,0.004882810000000015,True,True,0.914967188464444,0.9260914724905249,False,False,0.0111242840260809,138.91372680664062
00788,11,11,0,0.8192666836728614,0.0038193757430894544,0.09098362561842192,0.0007812499999999556,0.003738620000000026,True,True,0.9357493145879535,0.8788030934639313,False,False,-0.056946221124022256,138.91372680664062
00788,12,12,0,0.44890123608295424,0.024705294220065465,0.3516899878679736,0.0234375,-0.0078125,True,True,0.8705837842832185,0.9332770944567074,False,False,0.06269331017348889,138.91372680664062
00788,13,13,0,0.7784281118859951,0.0021035846451711447,0.039464816682562485,0.0007812499999999556,-0.0019531299999999696,True,True,0.8649877661256026,0.8278610281849428,False,False,-0.03712673794065979,138.91372680664062
00788,14,14,0,0.8388039660935408,0.004367318032488602,0.0722893254606045,0.00390625,0.0019531200000000304,True,True,0.9649451885817119,0.8997589753419525,False,False,-0.06518621323975937,138.91372680664062
00788,15,15,0,0.3891708315539674,0.03365047928127325,0.5367329606431746,0.033593750000000006,0.0019531299999999696,True,True,0.7526091221610867,0.8484266889102798,False,False,0.09581756674919317,138.91372680664062
00811,0,0,0,1.0,0.0,0.0,0.0,0.0,True,True,0.7567507295833509,0.9193958146064024,False,False,0.16264508502305153,22.20823097229004
00811,1,1,0,1.0,0.0,0.0,0.0,0.0,True,True,0.6361312077024962,0.7690843904320268,False,False,0.1329531827295306,22.20823097229004
00811,2,2,0,1.0,0.0,0.0,0.0,0.0,True,True,0.7992952411693697,0.7865938254805624,False,False,-0.012701415688807227,22.20823097229004
00811,3,3,0,1.0,0.0,0.0,0.0,0.0,True,True,0.8575588078891392,0.8485943971178982,False,False,-0.008964410771240994,22.20823097229004
00811,4,4,0,1.0,0.0,0.0,0.0,0.0,True,True,0.7111417681374154,0.8768678797196774,False,False,0.16572611158226203,22.20823097229004
00811,5,5,0,1.0,0.0,0.0,0.0,0.0,True,True,0.746542473197558,0.5618055615924348,False,False,-0.18473691160512318,22.20823097229004
00811,6,6,0,1.0,0.0,0.0,0.0,0.0,True,True,0.683056643236319,0.7410369373498071,False,False,0.05798029411348815,22.20823097229004
00811,7,7,0,1.0,0.0,0.0,0.0,0.0,True,True,0.8565893330492318,0.792643823719184,False,False,-0.06394550933004783,22.20823097229004
00811,8,8,0,1.0,0.0,0.0,0.0,0.0,True,True,0.7516765193832234,0.8586461613578869,False,False,0.10696964197466341,22.20823097229004
00811,9,9,0,1.0,0.0,0.0,0.0,0.0,True,True,0.8691774426355829,0.8660588860299371,False,False,-0.0031185566056458613,22.20823097229004
00811,10,10,0,1.0,0.0,0.0,0.0,0.0,True,True,0.8019095590491568,0.92923506206164,False,False,0.12732550301248313,22.20823097229004
00811,11,11,0,1.0,0.0,0.0,0.0,0.0,True,True,0.8371845951986024,0.8252125796086844,False,False,-0.011972015589918006,22.20823097229004
00811,12,12,0,1.0,0.0,0.0,0.0,0.0,True,True,0.8815552760221501,0.9158382115563863,False,False,0.034282935534236225,22.20823097229004
00811,13,13,0,1.0,0.0,0.0,0.0,0.0,True,True,0.8699143957992899,0.80781394778635,False,False,-0.0621004480129399,22.20823097229004
00811,14,14,0,1.0,0.0,0.0,0.0,0.0,True,True,0.8075314582072725,0.6081473673118454,False,False,-0.19938409089542708,22.20823097229004
00811,15,15,4,1.0,0.0,0.0,0.0,0.0,False,False,0.0,0.0,False,True,0.0,22.20823097229004
00811,16,16,0,1.0,0.0,0.0,0.0,0.0,False,True,0.0,0.83275012459391,False,False,0.83275012459391,22.20823097229004
00811,17,17,0,1.0,0.0,0.0,0.0,0.0,False,True,0.0,0.834781668446343,False,False,0.834781668446343,22.20823097229004
00811,18,18,0,1.0,0.0,0.0,0.0,0.0,False,False,0.020572972363135014,0.05477618757958354,False,False,0.03420321521644852,22.20823097229004
00811,19,19,0,1.0,0.0,0.0,0.0,0.0,True,True,0.7770621626796917,0.8513910343294844,False,False,0.07432887164979263,22.20823097229004
00811,20,20,0,1.0,0.0,0.0,0.0,0.0,True,True,0.8482176185571313,0.8921285557707996,False,False,0.043910937213668344,22.20823097229004
00811,21,21,0,1.0,0.0,0.0,0.0,0.0,True,True,0.953716445851404,0.8683967388290431,False,False,-0.08531970702236091,22.20823097229004
00811,22,22,0,1.0,0.0,0.0,0.0,0.0,True,True,0.789546579250833,0.7870725682176759,False,False,-0.002474011033157142,22.20823097229004
00811,23,23,0,1.0,0.0,0.0,0.0,0.0,True,True,0.8486102932238565,0.8195393796076189,False,False,-0.029070913616237593,22.20823097229004
00822,0,0,1,1.0,0.0,0.0,0.0,0.0,True,True,0.7599151336977887,0.9635138883726636,False,False,0.20359875467487487,3.638169288635254
00822,1,1,1,1.0,0.0,0.0,0.0,0.0,True,True,0.7871642831138069,0.856122481263102,False,False,0.06895819814929505,3.638169288635254
00822,2,2,1,1.0,0.0,0.0,0.0,0.0,True,True,0.8353034818256854,0.9151845817640023,True,False,0.07988109993831694,3.638169288635254
00822,3,3,1,1.0,0.0,0.0,0.0,0.0,True,True,0.8673658318564046,0.9397309079423476,False,False,0.072365076085943,3.638169288635254
00822,4,4,1,1.0,0.0,0.0,0.0,0.0,True,True,0.7127309066837562,0.9312555378485383,False,False,0.21852463116478216,3.638169288635254
00822,5,5,1,1.0,0.0,0.0,0.0,0.0,False,True,0.0,0.9406855881632991,False,False,0.9406855881632991,3.638169288635254
00822,6,6,1,1.0,0.0,0.0,0.0,0.0,True,True,0.8919407195421494,0.9053300071632273,True,False,0.013389287621077939,3.638169288635254
00822,7,7,1,1.0,0.0,0.0,0.0,0.0,False,True,0.0,0.8577024279541529,False,False,0.8577024279541529,3.638169288635254
00822,8,8,1,1.0,0.0,0.0,0.0,0.0,False,True,0.0,0.9185095303284511,False,False,0.9185095303284511,3.638169288635254
00822,9,9,1,1.0,0.0,0.0,0.0,0.0,False,True,0.0,0.9713014145936768,False,False,0.9713014145936768,3.638169288635254
00822,10,10,1,1.0,0.0,0.0,0.0,0.0,True,True,0.8330885013149308,0.773676600709962,False,False,-0.059411900604968815,3.638169288635254
00822,11,11,1,1.0,0.0,0.0,0.0,0.0,True,True,0.8281829690335495,0.8681666386554552,True,True,0.03998366962190569,3.638169288635254
00822,12,12,1,1.0,0.0,0.0,0.0,0.0,True,True,0.6975201346800659,0.945357864190307,False,False,0.24783772951024108,3.638169288635254
00822,13,13,1,1.0,0.0,0.0,0.0,0.0,True,True,0.7382123098505377,0.8774501709404474,False,False,0.13923786108990976,3.638169288635254
00822,14,14,1,1.0,0.0,0.0,0.0,0.0,True,True,0.7169581092608046,0.9126768975015677,False,False,0.19571878824076305,3.638169288635254
00822,15,15,1,1.0,0.0,0.0,0.0,0.0,True,True,0.7719405957961076,0.9090460947741673,True,True,0.13710549897805968,3.638169288635254
00822,16,16,1,1.0,0.0,0.0,0.0,0.0,True,False,0.7834806291125502,0.05785802780262072,False,True,-0.7256226013099295,3.638169288635254
00822,17,17,1,1.0,0.0,0.0,0.0,0.0,False,False,0.0814318439884428,0.038642951003186904,True,True,-0.0427888929852559,3.638169288635254
00822,18,18,1,1.0,0.0,0.0,0.0,0.0,True,True,0.7264740982990332,0.943365816454169,True,False,0.21689171815513575,3.638169288635254
00822,19,19,1,1.0,0.0,0.0,0.0,0.0,True,True,0.7947758568938729,0.8756755835510965,False,True,0.08089972665722367,3.638169288635254
00822,20,20,1,1.0,0.0,0.0,0.0,0.0,True,True,0.6428627573226816,0.9344391055958986,False,True,0.291576348273217,3.638169288635254
00822,21,21,1,1.0,0.0,0.0,0.0,0.0,True,True,0.7051482793527046,0.8112857876317708,False,True,0.1061375082790662,3.638169288635254
00823,0,0,0,1.0,0.0,0.0,0.0,0.0,True,False,0.9220179345329683,0.0,False,False,-0.9220179345329683,142.01641845703125
00823,1,1,0,1.0,0.0,0.0,0.0,0.0,True,False,0.772029557975555,0.00130414711814866,False,False,-0.7707254108574063,142.01641845703125
00823,2,2,1,1.0,0.0,0.0,0.0,0.0,False,False,0.0,0.0,True,True,0.0,142.01641845703125
00823,3,3,0,1.0,0.0,0.0,0.0,0.0,True,True,0.847132648777884,0.561826630001998,False,False,-0.285306018775886,142.01641845703125
00823,4,4,0,1.0,0.0,0.0,0.0,0.0,True,True,0.7775345901885129,0.5950940757837263,False,False,-0.1824405144047866,142.01641845703125
00823,5,5,0,1.0,0.0,0.0,0.0,0.0,True,True,0.9139208365026442,0.6340570684978111,False,False,-0.27986376800483315,142.01641845703125
00823,6,6,0,1.0,0.0,0.0,0.0,0.0,True,True,0.9202555786696629,0.7583034258249767,False,False,-0.16195215284468623,142.01641845703125
00823,7,7,0,1.0,0.0,0.0,0.0,0.0,True,True,0.8750329728876216,0.6393611499752293,False,False,-0.2356718229123923,142.01641845703125
00823,8,8,0,1.0,0.0,0.0,0.0,0.0,True,True,0.8427377214828778,0.6553957560306519,False,False,-0.18734196545222592,142.01641845703125
00823,9,9,0,1.0,0.0,0.0,0.0,0.0,True,True,0.9076670867452448,0.560609433100119,False,False,-0.34705765364512575,142.01641845703125
00823,10,10,0,1.0,0.0,0.0,0.0,0.0,True,True,0.9262286717272245,0.6821169994887812,False,False,-0.2441116722384432,142.01641845703125
00823,11,11,0,1.0,0.0,0.0,0.0,0.0,True,True,0.9085192973498796,0.638967847155223,False,False,-0.26955145019465654,142.01641845703125
00823,12,12,0,1.0,0.0,0.0,0.0,0.0,True,True,0.9441222370198593,0.6877958068085954,False,False,-0.2563264302112639,142.01641845703125
00823,13,13,0,1.0,0.0,0.0,0.0,0.0,True,True,0.8772608526853867,0.6646709683118437,False,False,-0.21258988437354298,142.01641845703125
00823,14,14,0,1.0,0.0,0.0,0.0,0.0,True,True,0.8952236606456764,0.7200270736190987,False,False,-0.1751965870265777,142.01641845703125
00823,15,15,0,1.0,0.0,0.0,0.0,0.0,True,True,0.9368848568733736,0.6240731556864498,False,False,-0.3128117011869238,142.01641845703125
00823,16,16,0,1.0,0.0,0.0,0.0,0.0,True,True,0.9274904874757874,0.757772899295407,False,False,-0.1697175881803804,142.01641845703125
00823,17,17,2,1.0,0.0,0.0,0.0,0.0,True,True,0.8763288758201082,0.9364551828496758,False,False,0.06012630702956756,142.01641845703125
00823,18,18,2,1.0,0.0,0.0,0.0,0.0,False,False,0.0,0.0,True,True,0.0,142.01641845703125
00823,19,19,1,1.0,0.0,0.0,0.0,0.0,False,False,0.0,0.0,False,False,0.0,142.01641845703125
00823,20,20,0,1.0,0.0,0.0,0.0,0.0,True,False,0.8670356794855227,0.08290216221591297,False,False,-0.7841335172696098,142.01641845703125
00823,21,21,0,1.0,0.0,0.0,0.0,0.0,True,False,0.8774041509150494,0.019019986087850584,False,False,-0.8583841648271988,142.01641845703125
00823,22,22,4,1.0,0.0,0.0,0.0,0.0,False,False,0.0,0.0,True,True,0.0,142.01641845703125
00823,23,23,0,1.0,0.0,0.0,0.0,0.0,True,True,0.8695845495335356,0.584275151365409,False,False,-0.2853093981681266,142.01641845703125
00823,24,24,0,1.0,0.0,0.0,0.0,0.0,True,True,0.9477721589975623,0.6461946540430872,False,False,-0.3015775049544751,142.01641845703125
00823,25,25,0,1.0,0.0,0.0,0.0,0.0,True,True,0.9087999519342945,0.6315805213335557,False,False,-0.27721943060073884,142.01641845703125
00823,26,26,0,1.0,0.0,0.0,0.0,0.0,True,True,0.9207121549108708,0.6686320098841374,False,False,-0.25208014502673337,142.01641845703125
00823,27,27,0,1.0,0.0,0.0,0.0,0.0,True,True,0.9353037672514894,0.5677764485234199,False,False,-0.36752731872806954,142.01641845703125
00823,28,28,0,1.0,0.0,0.0,0.0,0.0,True,True,0.8018390431981424,0.5941956607376171,False,False,-0.20764338246052527,142.01641845703125
00823,29,29,0,1.0,0.0,0.0,0.0,0.0,True,True,0.9209131958646477,0.7934697941202323,False,False,-0.12744340174441537,142.01641845703125
00823,30,30,0,1.0,0.0,0.0,0.0,0.0,True,True,0.8270792870383911,0.7327853744565246,False,False,-0.09429391258186648,142.01641845703125
00823,31,31,0,1.0,0.0,0.0,0.0,0.0,True,True,0.8937127370038899,0.8217514005315726,False,False,-0.07196133647231728,142.01641845703125
00823,32,32,0,1.0,0.0,0.0,0.0,0.0,True,True,0.866390369870835,0.6067444674372875,False,False,-0.25964590243354746,142.01641845703125
00823,33,33,4,1.0,0.0,0.0,0.0,0.0,False,False,0.0,0.0,True,True,0.0,142.01641845703125
00823,34,34,0,1.0,0.0,0.0,0.0,0.0,True,True,0.8932520056777568,0.6877682345625022,False,False,-0.2054837711152545,142.01641845703125
00823,35,35,0,1.0,0.0,0.0,0.0,0.0,True,True,0.8656426357230257,0.7091745781443407,False,False,-0.15646805757868498,142.01641845703125
00823,36,36,0,1.0,0.0,0.0,0.0,0.0,True,True,0.839933614511724,0.6573644592922449,False,False,-0.18256915521947914,142.01641845703125
00823,37,37,0,1.0,0.0,0.0,0.0,0.0,True,True,0.9652354316035937,0.7983308951633313,False,False,-0.16690453644026237,142.01641845703125
00833,0,0,0,1.0,0.0,0.0,0.0,0.0,True,True,0.8917061830317549,0.8224262859338745,False,False,-0.0692798970978804,147.44252014160156
00833,1,1,4,1.0,0.0,0.0,0.0,0.0,True,False,0.7748304694604795,0.0,False,True,-0.7748304694604795,147.44252014160156
00833,2,2,0,1.0,0.0,0.0,0.0,0.0,True,True,0.909519002600938,0.918606572548023,False,False,0.009087569947085039,147.44252014160156
00833,3,3,0,1.0,0.0,0.0,0.0,0.0,True,True,0.7154515415281741,0.728218284172484,False,False,0.01276674264430988,147.44252014160156
00833,4,4,0,1.0,0.0,0.0,0.0,0.0,True,True,0.8784822138625944,0.7852847101907346,False,False,-0.09319750367185975,147.44252014160156
00833,5,5,0,1.0,0.0,0.0,0.0,0.0,True,True,0.8739356751924687,0.5496004987172465,False,False,-0.32433517647522225,147.44252014160156
00833,6,6,1,1.0,0.0,0.0,0.0,0.0,True,False,0.8132210565816829,0.0,False,False,-0.8132210565816829,147.44252014160156
00833,7,7,0,1.0,0.0,0.0,0.0,0.0,True,True,0.9078858145667902,0.8488664088528969,False,False,-0.0590194057138933,147.44252014160156
00833,8,8,0,1.0,0.0,0.0,0.0,0.0,True,True,0.8914485307289554,0.8053842091464775,False,False,-0.0860643215824779,147.44252014160156
00833,9,9,0,1.0,0.0,0.0,0.0,0.0,True,True,0.8848470406433055,0.8720342820089085,False,False,-0.012812758634397015,147.44252014160156
00833,10,10,0,1.0,0.0,0.0,0.0,0.0,False,True,0.0,0.7890766848460679,False,False,0.7890766848460679,147.44252014160156
00833,11,11,0,1.0,0.0,0.0,0.0,0.0,True,True,0.7401873169960385,0.6729578991062662,False,False,-0.06722941788977221,147.44252014160156
00833,12,12,0,1.0,0.0,0.0,0.0,0.0,True,True,0.8584306141180508,0.7579586814548182,False,False,-0.10047193266323262,147.44252014160156
00833,13,13,4,1.0,0.0,0.0,0.0,0.0,True,True,0.9037647124123045,0.9188823203150146,False,False,0.015117607902710106,147.44252014160156
00833,14,14,0,1.0,0.0,0.0,0.0,0.0,True,True,0.9226856083093024,0.9485474266121597,False,False,0.025861818302857387,147.44252014160156
00833,15,15,0,1.0,0.0,0.0,0.0,0.0,True,True,0.9393030262351388,0.9188678635447292,False,False,-0.02043516269040968,147.44252014160156
00833,16,16,0,1.0,0.0,0.0,0.0,0.0,True,True,0.9265954420185145,0.9371590958630345,False,False,0.01056365384451996,147.44252014160156
00833,17,17,0,1.0,0.0,0.0,0.0,0.0,True,True,0.9491787564176847,0.9128379264623546,False,False,-0.036340829955330056,147.44252014160156
00833,18,18,0,1.0,0.0,0.0,0.0,0.0,True,True,0.8622268382965353,0.7973323393895622,False,False,-0.06489449890697319,147.44252014160156
00833,19,19,1,1.0,0.0,0.0,0.0,0.0,True,True,0.907246875223109,0.8483403742686265,False,False,-0.058906500954482466,147.44252014160156
00841,0,0,1,1.0,0.0,0.0,0.0,0.0,False,False,0.0,0.0,True,True,0.0,130.2198486328125
00841,1,1,1,1.0,0.0,0.0,0.0,0.0,True,True,0.951437840651798,0.8425636929658422,False,False,-0.10887414768595582,130.2198486328125
00841,2,2,0,1.0,0.0,0.0,0.0,0.0,True,True,0.8559073801927206,0.6675078999956345,False,False,-0.18839948019708608,130.2198486328125
00841,3,3,0,1.0,0.0,0.0,0.0,0.0,True,True,0.7170716536473198,0.6639063859061602,False,False,-0.053165267741159594,130.2198486328125
00841,4,4,0,1.0,0.0,0.0,0.0,0.0,True,True,0.8618190604539556,0.7653011670698286,False,False,-0.09651789338412697,130.2198486328125
00841,5,5,2,1.0,0.0,0.0,0.0,0.0,True,True,0.9536593713043341,0.9386862314630894,False,False,-0.01497313984124471,130.2198486328125
00841,6,6,0,1.0,0.0,0.0,0.0,0.0,True,True,0.9041723233867266,0.8684724886676827,False,False,-0.03569983471904392,130.2198486328125
00841,7,7,4,1.0,0.0,0.0,0.0,0.0,True,True,0.8331047929946264,0.7357517005596764,True,False,-0.09735309243494994,130.2198486328125
00841,8,8,0,1.0,0.0,0.0,0.0,0.0,True,True,0.9108888897055433,0.8991545819492429,False,False,-0.011734307756300355,130.2198486328125
00841,9,9,0,1.0,0.0,0.0,0.0,0.0,True,True,0.8944898660567098,0.8920967475705984,False,False,-0.0023931184861113453,130.2198486328125
00841,10,10,0,1.0,0.0,0.0,0.0,0.0,True,True,0.8550710253917373,0.8427828695021701,False,False,-0.01228815588956722,130.2198486328125
00842,0,0,1,1.0,0.0,0.0,0.0,0.0,False,False,0.0,0.0,True,True,0.0,134.9665069580078
00842,1,1,1,1.0,0.0,0.0,0.0,0.0,False,False,0.0,0.0,True,True,0.0,134.9665069580078
00842,2,2,1,1.0,0.0,0.0,0.0,0.0,False,False,0.0,0.0,True,True,0.0,134.9665069580078
00842,3,3,1,1.0,0.0,0.0,0.0,0.0,False,False,0.0,0.0,True,True,0.0,134.9665069580078
00842,4,4,2,1.0,0.0,0.0,0.0,0.0,False,False,0.0,0.0,True,True,0.0,134.9665069580078
00842,5,5,0,1.0,0.0,0.0,0.0,0.0,True,True,0.8867281392297776,0.8568073312726564,False,False,-0.029920807957121154,134.9665069580078
00842,6,6,0,1.0,0.0,0.0,0.0,0.0,True,True,0.926772053902438,0.8851344800011546,False,False,-0.04163757390128342,134.9665069580078
00842,7,7,0,1.0,0.0,0.0,0.0,0.0,True,True,0.9296816825547323,0.8356657631725346,False,False,-0.09401591938219767,134.9665069580078
00842,8,8,0,1.0,0.0,0.0,0.0,0.0,False,False,0.0005873307044826457,0.0,True,True,-0.0005873307044826457,134.9665069580078
00842,9,9,0,1.0,0.0,0.0,0.0,0.0,True,True,0.9455466932751676,0.8959405236962016,False,False,-0.04960616957896602,134.9665069580078
00842,10,10,0,1.0,0.0,0.0,0.0,0.0,True,True,0.8360850629551001,0.8498777571086702,False,False,0.013792694153570095,134.9665069580078
00842,11,11,0,1.0,0.0,0.0,0.0,0.0,True,True,0.7605140553794583,0.8179744731060041,False,False,0.057460417726545865,134.9665069580078
00842,12,12,0,1.0,0.0,0.0,0.0,0.0,True,True,0.7979213256597885,0.8896286069529845,False,False,0.09170728129319605,134.9665069580078
00842,13,13,0,1.0,0.0,0.0,0.0,0.0,True,True,0.9052506434454637,0.8314993606877652,False,False,-0.07375128275769849,134.9665069580078
00842,14,14,0,1.0,0.0,0.0,0.0,0.0,True,True,0.8456547695376238,0.8696898078895865,False,False,0.024035038351962745,134.9665069580078
00842,15,15,0,1.0,0.0,0.0,0.0,0.0,True,True,0.872456260075705,0.8475790616774541,False,False,-0.024877198398250866,134.9665069580078
00842,16,16,0,1.0,0.0,0.0,0.0,0.0,True,True,0.8933385706615281,0.8316216576013749,False,False,-0.061716913060153256,134.9665069580078
00842,17,17,0,1.0,0.0,0.0,0.0,0.0,True,True,0.8903651245853734,0.8369763753954574,False,False,-0.053388749189915985,134.9665069580078
00842,18,18,0,1.0,0.0,0.0,0.0,0.0,True,True,0.9010025237645032,0.8225094172419994,False,False,-0.07849310652250374,134.9665069580078
00875,0,0,3,0.928571428571429,0.0078124999999999445,0.05091845066473381,-0.0078124999999999445,0.0,False,True,0.0,0.6565072401660688,False,False,0.6565072401660688,60.49625015258789
00875,1,1,0,0.8333333333333334,0.005859370000000003,0.10564419169127749,0.0,0.005859370000000003,True,True,0.6621517270567501,0.7954577072712868,False,False,0.13330598021453677,60.49625015258789
00875,2,2,0,1.0,0.0,0.0,0.0,0.0,True,True,0.8214031372564388,0.8195474917727732,False,False,-0.001855645483665569,60.49625015258789
00875,3,3,0,0.6276823528375908,0.015897286199100143,0.24749111633091672,-0.015625,-0.002929689999999985,True,True,0.846018361339785,0.8092903026169599,False,False,-0.03672805872282514,60.49625015258789
00875,4,4,0,0.6814311447867062,0.011110516818960244,0.2024420277532963,0.010937499999999933,-0.0019531199999999749,True,True,0.8672565983413134,0.7451547259996074,False,False,-0.122101872341706,60.49625015258789
00875,5,5,0,0.8571425175510827,0.003906259999999995,0.0973126171398523,0.0,-0.003906259999999995,True,True,0.751692387384211,0.7975459900627809,False,False,0.04585360267856997,60.49625015258789
00875,6,6,0,0.8846153846153829,0.004687499999999956,0.0863331747225551,0.004687499999999956,0.0,True,True,0.8549318780031637,0.8373434494256228,False,False,-0.01758842857754095,60.49625015258789
00875,7,7,0,0.8275862068965516,0.0078125,0.13405019254845593,0.0078125,0.0,True,True,0.83300190172923,0.8363731743966948,False,False,0.003371272667464731,60.49625015258789
00875,8,8,0,1.0,0.0,0.0,0.0,0.0,True,True,0.8659093938441609,0.7318753587312112,False,False,-0.13403403511294965,60.49625015258789
00875,9,9,0,1.0,0.0,0.0,0.0,0.0,True,True,0.9444010671924038,0.8414389608331929,False,False,-0.10296210635921088,60.49625015258789
00875,10,10,0,1.0,0.0,0.0,0.0,0.0,True,True,0.7641425844866091,0.9012371740202146,False,False,0.13709458953360554,60.49625015258789
00883,0,0,3,1.0,0.0,0.0,0.0,0.0,True,True,0.8811885436589337,0.944106680204634,False,False,0.06291813654570022,8.728632926940918
00883,1,1,3,1.0,0.0,0.0,0.0,0.0,True,True,0.8497438890938214,0.916741153768255,False,False,0.06699726467443368,8.728632926940918
00883,2,2,3,1.0,0.0,0.0,0.0,0.0,True,True,0.8226450798003633,0.9229171503461039,False,False,0.10027207054574061,8.728632926940918
00883,3,3,4,1.0,0.0,0.0,0.0,0.0,True,True,0.7696922559162973,0.8328569259085717,False,False,0.06316466999227444,8.728632926940918
00883,4,4,3,1.0,0.0,0.0,0.0,0.0,False,False,0.0,0.0,True,True,0.0,8.728632926940918
00883,5,5,4,1.0,0.0,0.0,0.0,0.0,True,True,0.9294235014017646,0.9765784761771605,False,False,0.047154974775395986,8.728632926940918
00883,6,6,4,1.0,0.0,0.0,0.0,0.0,True,True,0.879405939647094,0.9462886390805808,False,False,0.06688269943348679,8.728632926940918
00883,7,7,4,1.0,0.0,0.0,0.0,0.0,True,True,0.9046820364512415,0.884522477800827,False,False,-0.02015955865041441,8.728632926940918
00883,8,8,4,1.0,0.0,0.0,0.0,0.0,True,True,0.8018066293009319,0.9740880778945219,False,False,0.17228144859358996,8.728632926940918
00883,9,9,4,1.0,0.0,0.0,0.0,0.0,True,True,0.8717176346822355,0.850622602046185,False,False,-0.021095032636050504,8.728632926940918
00883,10,10,4,1.0,0.0,0.0,0.0,0.0,True,True,0.8820020848059124,0.9375909065013067,False,False,0.055588821695394364,8.728632926940918
00883,11,11,3,1.0,0.0,0.0,0.0,0.0,True,True,0.9081006303165087,0.9250584104776489,False,False,0.016957780161140246,8.728632926940918
00893,0,0,2,1.0,0.0,0.0,0.0,0.0,False,True,0.0,0.8594941219339819,False,False,0.8594941219339819,142.75213623046875
00893,1,1,2,0.8297432626610893,0.02198979854920002,0.0922900160922287,0.004687500000000067,-0.02148437999999997,True,True,0.923712875292328,0.8532380004513042,False,False,-0.07047487484102388,142.75213623046875
00893,2,2,1,0.6128156272672738,0.017469281074217094,0.18349396607377733,-0.0078125,-0.015624999999999986,True,True,0.9259976702740952,0.8029401034853806,False,False,-0.1230575667887146,142.75213623046875
00893,3,3,1,0.8427517417833286,0.003320314705882564,0.0586556150877114,0.0015625000000000083,0.0029296899999999987,False,False,0.0,0.0,False,False,0.0,142.75213623046875
00895,0,0,3,1.0,0.0,0.0,0.0,0.0,True,True,0.8937483486973506,0.9531906491548703,False,False,0.05944230045751964,35.20354461669922
00895,1,1,3,1.0,0.0,0.0,0.0,0.0,True,True,0.9212422094498203,0.8669347964915483,False,False,-0.05430741295827202,35.20354461669922
00895,2,2,3,1.0,0.0,0.0,0.0,0.0,True,True,0.7592423127636422,0.9258983044496939,False,False,0.16665599168605172,35.20354461669922
00895,3,3,3,1.0,0.0,0.0,0.0,0.0,True,True,0.8749940832415604,0.8396668462806056,False,False,-0.035327236960954744,35.20354461669922
00896,0,0,0,0.769463585839127,0.010742251467532306,0.1892292739460564,-3.6339999999968065e-05,-0.010742189999999999,True,True,0.89723665708616,0.8515368210375067,False,False,-0.04569983604865324,105.5288314819336
00896,1,1,2,1.0,0.0,0.0,0.0,0.0,True,True,0.7815244647558778,0.7501076610545997,False,False,-0.031416803701278084,105.5288314819336
00896,2,2,2,1.0,0.0,0.0,0.0,0.0,True,True,0.8498526177972452,0.7912269506461234,False,False,-0.05862566715112183,105.5288314819336
00896,3,3,2,1.0,0.0,0.0,0.0,0.0,True,True,0.9222121005328606,0.8719331140916906,False,False,-0.050278986441170015,105.5288314819336
00896,4,4,2,1.0,0.0,0.0,0.0,0.0,True,True,0.857130799832638,0.738226289619566,False,False,-0.11890451021307191,105.5288314819336
00896,5,5,2,1.0,0.0,0.0,0.0,0.0,True,True,0.843386737779861,0.8833184795515273,False,False,0.03993174177166636,105.5288314819336
00896,6,6,1,0.9015878289763245,0.014024466274938965,0.041956531953709665,0.0031249999999999334,-0.01367187000000003,True,True,0.938399944973665,0.9352902266834161,False,False,-0.003109718290248864,105.5288314819336
00896,7,7,1,0.9077907076266255,0.009765628000000817,0.0351138945463625,0.0078125,-0.005859379999999997,True,True,0.8993578372609387,0.7974683265609345,False,False,-0.10188951070000418,105.5288314819336
00908,0,0,0,1.0,0.0,0.0,0.0,0.0,False,True,0.0,0.8542015664514334,False,False,0.8542015664514334,3.493642568588257
00908,1,1,0,1.0,0.0,0.0,0.0,0.0,True,True,0.7883489975947702,0.783264475921755,False,False,-0.005084521673015208,3.493642568588257
00908,2,2,0,1.0,0.0,0.0,0.0,0.0,False,True,0.01741553559311161,0.9303711582960174,False,False,0.9129556227029058,3.493642568588257
00908,3,3,0,1.0,0.0,0.0,0.0,0.0,True,True,0.8776389879781504,0.9452799931246972,False,False,0.0676410051465468,3.493642568588257
00908,4,4,0,1.0,0.0,0.0,0.0,0.0,True,True,0.8719143510518864,0.9524067273335708,False,False,0.08049237628168437,3.493642568588257
00908,5,5,0,1.0,0.0,0.0,0.0,0.0,True,True,0.9517883108777604,0.9333731717596933,False,False,-0.018415139118067136,3.493642568588257
00909,0,0,0,0.8529411764705881,0.0078125,0.0836827408755723,0.0078125,0.0,False,True,0.0,0.8181433295976108,False,False,0.8181433295976108,35.61699295043945
00909,1,1,0,0.9636362722380213,0.0019531299999999696,0.021536579244985154,0.0,-0.0019531299999999696,True,True,0.7991936370896674,0.8488891321771582,False,False,0.049695495087490826,35.61699295043945
00909,2,2,0,1.0,0.0,0.0,0.0,0.0,True,True,0.7386932631531201,0.8983876055851604,False,False,0.15969434243204028,35.61699295043945
00909,3,3,0,0.9843749999999984,0.0007812499999999556,0.008494119857293278,0.0007812499999999556,0.0,True,True,0.8322640500515688,0.8656205084367833,False,False,0.033356458385214505,35.61699295043945
00909,4,4,0,0.6868651600475965,0.012621480016721478,0.1472336224277785,0.004687499999999956,-0.01171875,True,True,0.8230742484267523,0.9190443253445437,False,False,0.09597007691779147,35.61699295043945
00909,5,5,0,0.7656500802568229,0.008414320011147638,0.1026910636104938,-0.0031249999999999334,-0.0078125,True,True,0.9205185463338771,0.8547237717626025,False,False,-0.06579477457127458,35.61699295043945
00909,6,6,0,0.8113206672267753,0.009765629999999997,0.09931907056442064,0.0,-0.009765629999999997,True,True,0.775057160805989,0.7855336673486802,False,False,0.010476506542691277,35.61699295043945
00909,7,7,0,0.8154042011457665,0.00796721798998873,0.08539981047832322,0.0015625000000000222,-0.0078125,True,True,0.9030758672803542,0.7965995291550193,False,False,-0.10647633812533486,35.61699295043945
00909,8,8,0,0.8020954686631595,0.007967217989988708,0.09464562573624484,0.0015624999999999112,-0.0078125,True,True,0.844940946742511,0.7521486019645616,False,False,-0.0927923447779494,35.61699295043945
00909,9,9,0,0.8027109337262353,0.008052939462357822,0.09421440912738056,0.0078125,-0.0019531199999999749,True,True,0.6791806826481454,0.8626758214677457,False,False,0.18349513881960033,35.61699295043945
00909,10,10,0,1.0,0.0,0.0,0.0,0.0,False,True,0.0,0.8981831388528297,False,False,0.8981831388528297,35.61699295043945
00909,11,11,0,0.568398013399471,0.022375000654679345,0.22585515324817995,0.006249999999999978,-0.02148437000000003,False,True,0.0,0.8190681706426373,False,False,0.8190681706426373,35.61699295043945
00909,12,12,0,0.9390646309767625,0.002501224309593125,0.022706720833889353,-0.0015624999999999112,-0.0019531299999999696,True,True,0.8979130182635872,0.8596060297876942,False,False,-0.03830698847589298,35.61699295043945
00909,13,13,0,0.878828182906059,0.0042835392488104794,0.04553325726589378,-0.003124999999999989,-0.002929689999999985,True,True,0.9279645095747547,0.841242870316787,False,False,-0.08672163925796772,35.61699295043945
00909,14,14,0,1.0,0.0,0.0,0.0,0.0,True,True,0.7800686683979554,0.8181731933983628,False,False,0.0381045250004074,35.61699295043945
00909,15,15,0,0.8591549966117855,0.00976562000000003,0.07912022254383703,0.0,-0.00976562000000003,True,True,0.7438926528964904,0.652799176069508,False,False,-0.09109347682698243,35.61699295043945
00909,16,16,0,0.9552238805970155,0.002343749999999978,0.02165063509461075,-0.002343749999999978,0.0,True,True,0.7405115535368965,0.8183430324761881,False,False,0.07783147893929165,35.61699295043945
00909,17,17,0,0.7969924785015169,0.00390625,0.03965258024355443,0.0,-0.00390625,True,True,0.8994948539396452,0.7607310058167556,False,False,-0.13876384812288967,35.61699295043945
00909,18,18,0,0.7659574050882786,0.008288702866848359,0.08934843971024448,0.004687499999999956,-0.006835930000000046,True,True,0.8303621788138702,0.7176925957792063,False,False,-0.1126695830346639,35.61699295043945
00909,19,19,0,0.9607842153018127,0.0019531299999999696,0.021155371773066197,0.0,0.0019531299999999696,True,True,0.8138521598754807,0.7714828283533793,False,False,-0.04236933152210132,35.61699295043945
00910,0,0,0,1.0,0.0,0.0,0.0,0.0,False,True,0.4721262711077127,0.9243084901194244,False,False,0.4521822190117117,27.33984375
00910,1,1,0,0.41504580312192163,0.02714893356196891,0.26359217823705966,0.024933310000000042,-0.010742189999999985,True,True,0.7453712084466438,0.8171428984961141,False,False,0.07177169004947026,27.33984375
00910,2,2,0,0.4624999999999993,0.018879759333741537,0.21301841558148324,0.017187500000000022,-0.0078125,True,True,0.9018864997676362,0.9045246208483623,False,False,0.0026381210807260302,27.33984375
00910,3,3,0,0.6283305238348832,0.011614116208842572,0.1353139257236413,0.010937499999999989,0.00390625,True,True,0.7358031744694393,0.8953285941070352,False,False,0.15952541963759592,27.33984375
00910,4,4,0,0.5224252491694352,0.021763106683100185,0.20575463541447725,0.020312499999999997,-0.0078125,True,True,0.7363525443406844,0.9069234691024516,False,False,0.17057092476176716,27.33984375
00910,5,5,0,0.39619218420774455,0.02663420963811202,0.2747194638314919,0.02656249999999999,-0.0019531299999999696,True,True,0.5480613312123113,0.807935743507111,False,False,0.2598744122947997,27.33984375
00910,6,6,4,0.4999999999999999,0.018750000000000003,0.21693045781865622,0.018750000000000003,0.0,False,True,0.0309138240229438,0.7168039814020047,True,False,0.6858901573790609,27.33984375
00910,7,7,0,0.9178504749436897,0.0019852352669142218,0.034208166758750984,0.0007812500000000007,-0.0018250499999999947,True,True,0.8868058792827297,0.904315248028437,False,False,0.0175093687457073,27.33984375
00910,8,8,0,0.5260213940759346,0.014725055377125101,0.23661979435189653,0.005468750000000001,0.01367187000000003,True,True,0.5958942063211312,0.8857836440480517,False,False,0.28988943772692044,27.33984375
00910,9,9,0,0.9170068173619708,0.002775512688963975,0.031189397737972274,0.0023437500000000056,0.0014867100000000022,True,True,0.7243435762691717,0.8823511111576734,False,False,0.15800753488850172,27.33984375
00910,10,10,4,0.7857142857142859,0.009374999999999994,0.09272008734298182,0.009374999999999994,0.0,True,False,0.6335298546906435,0.013000384831304748,True,True,-0.6205294698593388,27.33984375
00910,11,11,0,0.7262633889477647,0.011439005203989557,0.1209943348607909,0.007031249999999996,-0.009022880000000011,True,True,0.7519184729240121,0.7476149883995136,False,False,-0.00430348452449858,27.33984375
00910,12,12,0,0.6684905479277147,0.012506098121892377,0.1406142389572764,0.0078125,-0.009765620000000003,True,True,0.8447795545180384,0.7073746366972224,False,False,-0.13740491782081599,27.33984375
00910,13,13,4,0.8942018057095462,0.0050781269230790295,0.04495070357887656,-0.004687500000000011,-0.0019531299999999974,False,True,0.0,0.8942603325022855,True,True,0.8942603325022855,27.33984375
00910,14,14,0,0.48872183316637563,0.017298116486612024,0.21217531085034108,0.017187499999999967,0.0019531199999999749,True,True,0.8662487281244164,0.9062039993200343,False,False,0.039955271195617814,27.33984375
00910,15,15,0,0.7777777777777785,0.007370297759419203,0.07861650943380484,0.006249999999999978,-0.00390625,True,True,0.7116365475597121,0.8996601205251867,False,False,0.18802357296547467,27.33984375
00910,16,16,0,0.7142857142857152,0.009374999999999967,0.11094004142971088,0.009374999999999967,0.0,True,True,0.6336025700440515,0.8206358134359647,False,False,0.18703324339191318,27.33984375
00910,17,17,0,0.7748344387028634,0.006101757559302082,0.07790796820209411,0.004687500000000011,-0.00390625,True,True,0.60033866843721,0.9263463287637984,False,False,0.32600766032658846,27.33984375
00910,18,18,3,0.8062082127331844,0.008052941887714072,0.050359734769061186,0.0078125,-0.0019531299999999696,True,True,0.705231967381817,0.8345648525707965,False,False,0.12933288518897945,27.33984375
00910,19,19,3,0.7862976839961797,0.010156250000000021,0.0603022693722801,0.009375000000000022,-0.00390625,True,True,0.6445408912832604,0.8402410399646406,False,False,0.1957001486813802,27.33984375
00910,20,20,3,0.8324103269522074,0.008052941887714085,0.04588713168786064,0.0078125,-0.001953130000000025,True,True,0.7218969044155041,0.815864964253021,False,False,0.09396805983751688,27.33984375
00910,21,21,3,0.8550724637681162,0.0078125,0.042749097683554824,0.0078125,0.0,True,True,0.7906691732188673,0.8061182636075551,False,False,0.015449090388687803,27.33984375
00913,0,0,0,1.0,0.0,0.0,0.0,0.0,True,True,0.835988190667106,0.8466769949271276,False,False,0.010688804260021612,46.65394592285156
00913,1,1,0,1.0,0.0,0.0,0.0,0.0,True,True,0.7935995621311923,0.6267209618478653,False,False,-0.16687860028332702,46.65394592285156
00913,2,2,0,1.0,0.0,0.0,0.0,0.0,True,True,0.7409916180983778,0.8359449905394636,False,False,0.09495337244108581,46.65394592285156
00913,3,3,0,1.0,0.0,0.0,0.0,0.0,True,True,0.7652491227574378,0.722639921804768,False,False,-0.042609200952669846,46.65394592285156
00913,4,4,0,1.0,0.0,0.0,0.0,0.0,True,True,0.7534529710426839,0.7491789036945132,False,False,-0.004274067348170707,46.65394592285156
00913,5,5,0,1.0,0.0,0.0,0.0,0.0,True,True,0.8167978713101923,0.8354750889720199,False,False,0.018677217661827616,46.65394592285156
00913,6,6,0,1.0,0.0,0.0,0.0,0.0,True,True,0.737199542479871,0.9111628754792779,False,False,0.17396333299940692,46.65394592285156
00913,7,7,3,1.0,0.0,0.0,0.0,0.0,True,True,0.7242426381786279,0.8795097467215406,False,False,0.1552671085429127,46.65394592285156
00914,0,0,4,0.7461077469577818,0.008812902805511986,0.08109395195654147,-0.008593750000000067,0.0019531299999999696,True,True,0.8841140686211175,0.8671747039769848,False,False,-0.016939364644132704,6.04306697845459
00914,1,1,0,1.0,0.0,0.0,0.0,0.0,False,True,0.0,0.9363514248771544,False,False,0.9363514248771544,6.04306697845459
00914,2,2,0,1.0,0.0,0.0,0.0,0.0,True,True,0.7759198357271118,0.9208073246827455,False,False,0.14488748895563375,6.04306697845459
00914,3,3,0,1.0,0.0,0.0,0.0,0.0,False,True,0.0,0.9014121825800531,False,False,0.9014121825800531,6.04306697845459
00914,4,4,0,1.0,0.0,0.0,0.0,0.0,True,True,0.7710344252087241,0.8461973571895955,False,False,0.07516293198087143,6.04306697845459
00914,5,5,0,1.0,0.0,0.0,0.0,0.0,True,True,0.9333152870164562,0.8649603573453227,False,False,-0.06835492967113344,6.04306697845459
00914,6,7,0,1.0,0.0,0.0,0.0,0.0,True,True,0.7870283225779584,0.9482564257465134,False,False,0.16122810316855496,6.04306697845459
00914,7,8,0,1.0,0.0,0.0,0.0,0.0,True,True,0.9220399483993093,0.8587229363773853,False,False,-0.06331701202192397,6.04306697845459
00914,8,9,0,0.8472176411630925,0.005002440810494441,0.0540680255366007,-0.0031250000000000444,-0.00390625,True,True,0.865905238715769,0.8153107342914728,False,False,-0.05059450442429614,6.04306697845459
00914,9,10,0,1.0,0.0,0.0,0.0,0.0,True,True,0.8570892024686184,0.7907286824599706,False,False,-0.06636052000864778,6.04306697845459
00914,10,11,0,0.5652172170888664,0.019531259999999967,0.21516585162082694,0.0,-0.019531259999999967,True,True,0.73826977105168,0.8641914312658272,False,False,0.1259216602141472,6.04306697845459
00914,11,12,0,0.6812995802968321,0.01083236749500773,0.12573800560146864,-0.004687500000000011,-0.009765629999999997,True,True,0.8745803171623215,0.8415039456632294,False,False,-0.03307637149909215,6.04306697845459
00914,12,13,0,1.0,0.0,0.0,0.0,0.0,True,True,0.6798872197989978,0.8736516419068379,False,False,0.19376442210784006,6.04306697845459
00925,0,0,0,1.0,0.0,0.0,0.0,0.0,False,True,0.08077082456532583,0.8841930577461835,False,False,0.8034222331808577,10.190921783447266
00925,1,1,0,1.0,0.0,0.0,0.0,0.0,True,True,0.7702942247994773,0.9287235187972945,False,False,0.15842929399781724,10.190921783447266
00925,2,2,0,1.0,0.0,0.0,0.0,0.0,False,True,0.0,0.824038393619575,True,False,0.824038393619575,10.190921783447266
00925,3,3,0,1.0,0.0,0.0,0.0,0.0,False,True,0.0,0.7729107559659621,False,False,0.7729107559659621,10.190921783447266
00925,4,4,0,1.0,0.0,0.0,0.0,0.0,False,True,0.0,0.8442466425842576,False,False,0.8442466425842576,10.190921783447266
00925,5,5,0,1.0,0.0,0.0,0.0,0.0,False,True,0.0,0.8080848396933059,False,False,0.8080848396933059,10.190921783447266
00925,6,6,0,1.0,0.0,0.0,0.0,0.0,False,True,0.0,0.8174742747073288,False,False,0.8174742747073288,10.190921783447266
00925,7,7,0,1.0,0.0,0.0,0.0,0.0,False,True,0.0,0.7698023032544351,False,False,0.7698023032544351,10.190921783447266
00925,8,8,0,1.0,0.0,0.0,0.0,0.0,False,True,0.0,0.7323193742220884,False,False,0.7323193742220884,10.190921783447266
00925,9,9,0,1.0,0.0,0.0,0.0,0.0,False,True,0.0,0.8814096191318116,False,False,0.8814096191318116,10.190921783447266
00925,10,10,2,1.0,0.0,0.0,0.0,0.0,False,False,0.0,0.0,False,False,0.0,10.190921783447266
00925,11,11,2,1.0,0.0,0.0,0.0,0.0,False,True,0.0,0.6458584900903036,False,False,0.6458584900903036,10.190921783447266
00925,12,12,2,1.0,0.0,0.0,0.0,0.0,False,True,0.0,0.6547716633187834,False,False,0.6547716633187834,10.190921783447266
00925,13,13,2,1.0,0.0,0.0,0.0,0.0,False,True,0.0,0.6478981280805038,True,False,0.6478981280805038,10.190921783447266
00925,14,14,2,1.0,0.0,0.0,0.0,0.0,False,True,0.0,0.7000553072316082,True,True,0.7000553072316082,10.190921783447266
00925,15,15,2,1.0,0.0,0.0,0.0,0.0,False,True,0.0,0.6571697172505157,False,False,0.6571697172505157,10.190921783447266
00925,16,16,2,1.0,0.0,0.0,0.0,0.0,False,True,0.11714796992509162,0.6803778768751498,True,False,0.5632299069500583,10.190921783447266
00925,17,17,2,1.0,0.0,0.0,0.0,0.0,True,True,0.5848307286729951,0.641087416027118,False,False,0.056256687354122925,10.190921783447266
00925,18,18,2,1.0,0.0,0.0,0.0,0.0,False,True,0.3437001418335129,0.599885715246963,False,False,0.2561855734134501,10.190921783447266
00925,19,19,2,1.0,0.0,0.0,0.0,0.0,False,True,0.0,0.6353125878452343,True,True,0.6353125878452343,10.190921783447266
00925,20,20,2,1.0,0.0,0.0,0.0,0.0,False,True,0.0,0.816190897919234,False,False,0.816190897919234,10.190921783447266
00925,21,21,2,1.0,0.0,0.0,0.0,0.0,False,True,0.0,0.8665710673987941,False,False,0.8665710673987941,10.190921783447266
00925,22,22,2,1.0,0.0,0.0,0.0,0.0,False,True,0.0,0.7387831469390133,False,False,0.7387831469390133,10.190921783447266
00925,23,23,2,1.0,0.0,0.0,0.0,0.0,False,True,0.0,0.822389040227027,True,True,0.822389040227027,10.190921783447266
00925,24,24,2,1.0,0.0,0.0,0.0,0.0,False,False,0.0,0.23596325285709735,True,True,0.23596325285709735,10.190921783447266
00925,25,25,2,1.0,0.0,0.0,0.0,0.0,False,True,0.0,0.9213494987145804,False,False,0.9213494987145804,10.190921783447266
00925,26,26,2,1.0,0.0,0.0,0.0,0.0,False,True,0.0,0.7806475412758934,False,False,0.7806475412758934,10.190921783447266
00925,27,27,2,1.0,0.0,0.0,0.0,0.0,False,True,0.0,0.7669201450608581,False,False,0.7669201450608581,10.190921783447266
00925,28,28,2,1.0,0.0,0.0,0.0,0.0,False,True,0.0,0.8270524137493477,False,False,0.8270524137493477,10.190921783447266
00925,29,29,2,1.0,0.0,0.0,0.0,0.0,False,True,0.0,0.7596696311957085,False,False,0.7596696311957085,10.190921783447266
00925,30,30,2,1.0,0.0,0.0,0.0,0.0,False,True,0.0,0.7774082582560243,False,False,0.7774082582560243,10.190921783447266
00925,31,31,2,1.0,0.0,0.0,0.0,0.0,False,True,0.0,0.757886238952309,False,False,0.757886238952309,10.190921783447266
00925,32,32,2,1.0,0.0,0.0,0.0,0.0,False,True,0.0,0.8283195402687646,False,False,0.8283195402687646,10.190921783447266
00925,33,33,2,1.0,0.0,0.0,0.0,0.0,False,True,0.0,0.746839477135484,False,False,0.746839477135484,10.190921783447266
00925,34,34,2,1.0,0.0,0.0,0.0,0.0,False,True,0.0,0.7823580317662753,False,False,0.7823580317662753,10.190921783447266
00925,35,35,1,1.0,0.0,0.0,0.0,0.0,False,True,0.0,0.8955459993228705,False,False,0.8955459993228705,10.190921783447266
00925,36,36,1,1.0,0.0,0.0,0.0,0.0,True,True,0.6858540897609896,0.8794949868779199,False,False,0.19364089711693033,10.190921783447266
00925,37,37,1,1.0,0.0,0.0,0.0,0.0,True,True,0.7106637527470693,0.8327294098040775,False,False,0.12206565705700823,10.190921783447266
00925,38,38,1,1.0,0.0,0.0,0.0,0.0,False,True,0.0,0.738323814208603,False,False,0.738323814208603,10.190921783447266
00925,39,39,1,1.0,0.0,0.0,0.0,0.0,True,True,0.7284117059158765,0.7979090111651591,False,False,0.06949730524928266,10.190921783447266
00925,40,40,1,1.0,0.0,0.0,0.0,0.0,True,True,0.7268553354173993,0.7834183616891459,False,False,0.056563026271746586,10.190921783447266
00925,41,41,1,1.0,0.0,0.0,0.0,0.0,True,True,0.6458576727049143,0.7082772526602708,False,False,0.06241957995535641,10.190921783447266
00925,42,42,1,1.0,0.0,0.0,0.0,0.0,False,False,0.2718998131054251,0.24670817823584218,False,False,-0.025191634869582924,10.190921783447266
00925,43,43,1,1.0,0.0,0.0,0.0,0.0,False,False,0.41413392201006194,0.37262052256470257,False,False,-0.04151339944535937,10.190921783447266
00925,44,44,1,1.0,0.0,0.0,0.0,0.0,False,True,0.055376165467000416,0.7327509666733498,False,False,0.6773748012063494,10.190921783447266
00925,45,45,1,1.0,0.0,0.0,0.0,0.0,True,True,0.6744550550232836,0.833687663497751,False,False,0.1592326084744674,10.190921783447266
00925,46,46,1,1.0,0.0,0.0,0.0,0.0,True,True,0.6887467739429911,0.8013662305024379,False,False,0.11261945655944683,10.190921783447266
00925,47,47,1,1.0,0.0,0.0,0.0,0.0,True,True,0.7652279400982679,0.6808517817309693,False,False,-0.08437615836729861,10.190921783447266
00925,48,48,1,1.0,0.0,0.0,0.0,0.0,True,True,0.6877086557039709,0.7392305022413915,False,False,0.051521846537420646,10.190921783447266
00925,49,49,1,1.0,0.0,0.0,0.0,0.0,True,True,0.6397923503958554,0.7777535977845238,False,False,0.13796124738866844,10.190921783447266
00925,50,50,1,1.0,0.0,0.0,0.0,0.0,False,True,0.03630730121681876,0.8076126642450034,False,False,0.7713053630281846,10.190921783447266
00925,51,51,2,1.0,0.0,0.0,0.0,0.0,False,True,0.0,0.6160586629509802,False,False,0.6160586629509802,10.190921783447266
00925,52,52,2,1.0,0.0,0.0,0.0,0.0,False,True,0.0,0.6038368988450397,False,False,0.6038368988450397,10.190921783447266
00925,53,53,2,1.0,0.0,0.0,0.0,0.0,False,True,0.0,0.9013066632568029,False,False,0.9013066632568029,10.190921783447266
00925,54,54,2,1.0,0.0,0.0,0.0,0.0,False,True,0.0,0.8589745786484753,False,False,0.8589745786484753,10.190921783447266
00925,55,55,2,1.0,0.0,0.0,0.0,0.0,False,False,0.0,0.0,False,False,0.0,10.190921783447266
00925,56,56,2,1.0,0.0,0.0,0.0,0.0,False,True,0.0,0.5150677074145914,False,False,0.5150677074145914,10.190921783447266
00925,57,57,2,1.0,0.0,0.0,0.0,0.0,False,True,0.0,0.6250223876818928,False,False,0.6250223876818928,10.190921783447266
00925,58,58,2,1.0,0.0,0.0,0.0,0.0,False,False,0.0,0.3363750794385833,False,False,0.3363750794385833,10.190921783447266
00925,59,59,2,1.0,0.0,0.0,0.0,0.0,False,True,0.0,0.5763187475324734,False,False,0.5763187475324734,10.190921783447266
00925,60,60,2,1.0,0.0,0.0,0.0,0.0,False,True,0.0,0.5662792571140195,False,False,0.5662792571140195,10.190921783447266
00925,61,61,2,1.0,0.0,0.0,0.0,0.0,False,False,0.0,0.14694454420684827,False,False,0.14694454420684827,10.190921783447266
00925,62,62,2,1.0,0.0,0.0,0.0,0.0,False,False,0.0,0.0,False,False,0.0,10.190921783447266
00933,0,0,0,1.0,0.0,0.0,0.0,0.0,True,True,0.8222176355427129,0.950911164885969,False,False,0.12869352934325617,12.949018478393555
00933,1,1,0,0.7365697734313267,0.007056375766985497,0.09096058215093229,0.0017500000000000293,-0.006835930000000004,True,True,0.8883318673046448,0.915103808729507,False,False,0.026771941424862278,12.949018478393555
00947,0,0,0,1.0,0.0,0.0,0.0,0.0,False,True,0.0,0.9261211652026584,True,False,0.9261211652026584,10.801161766052246
00947,1,1,2,1.0,0.0,0.0,0.0,0.0,False,False,0.09927903924583378,0.08233624619190505,False,False,-0.016942793053928734,10.801161766052246
00947,2,2,2,1.0,0.0,0.0,0.0,0.0,False,True,0.4022093836707019,0.7491688315342238,False,False,0.34695944786352184,10.801161766052246
00947,3,3,2,1.0,0.0,0.0,0.0,0.0,False,True,0.35130284478200535,0.7280671817363865,False,False,0.37676433695438116,10.801161766052246
00947,4,4,2,1.0,0.0,0.0,0.0,0.0,False,True,0.2181466153496146,0.8235012726862652,False,False,0.6053546573366506,10.801161766052246
00947,5,5,2,1.0,0.0,0.0,0.0,0.0,False,False,0.00039021012667158337,0.08256727800618147,False,False,0.08217706787950989,10.801161766052246
00947,6,6,2,1.0,0.0,0.0,0.0,0.0,False,True,0.0,0.6452020340564705,False,False,0.6452020340564705,10.801161766052246
00955,0,1,0,0.6811594202898551,0.017187499999999994,0.26370481581696115,-0.017187499999999994,0.0,False,True,0.0,0.8476762736932991,False,False,0.8476762736932991,7.227471828460693
00955,1,2,0,1.0,0.0,0.0,0.0,0.0,False,True,0.0,0.8813330875155744,False,False,0.8813330875155744,7.227471828460693
00955,2,3,0,1.0,0.0,0.0,0.0,0.0,False,True,0.0,0.69379324035625,False,False,0.69379324035625,7.227471828460693
00955,3,4,0,0.701444783597221,0.011110516818960331,0.19534679756976453,-0.010937500000000017,-0.0019531200000000026,False,True,0.0,0.8604722601549624,False,False,0.8604722601549624,7.227471828460693
00955,4,5,0,0.8208955223880592,0.009375000000000022,0.14649405007169555,-0.009375000000000022,0.0,False,True,0.0,0.8183265040511042,False,False,0.8183265040511042,7.227471828460693
00955,5,7,0,1.0,0.0,0.0,0.0,0.0,False,True,0.03645037944585007,0.8325109367059821,False,False,0.796060557260132,7.227471828460693
00955,6,8,0,1.0,0.0,0.0,0.0,0.0,False,True,0.4951707170286628,0.7557269178932879,False,False,0.26055620086462516,7.227471828460693
00955,7,9,0,1.0,0.0,0.0,0.0,0.0,False,True,0.021530690890322002,0.8608430352089357,False,False,0.8393123443186137,7.227471828460693
00955,8,10,0,1.0,0.0,0.0,0.0,0.0,False,True,0.4818742467925809,0.7134865621907381,False,False,0.23161231539815724,7.227471828460693
00955,9,11,0,1.0,0.0,0.0,0.0,0.0,False,True,0.3967707779384775,0.6330677856027167,False,False,0.23629700766423922,7.227471828460693
00955,10,13,0,1.0,0.0,0.0,0.0,0.0,False,True,0.0,0.8729054321483709,False,False,0.8729054321483709,7.227471828460693
00955,11,15,0,0.7671675204037623,0.009576288567832532,0.13507512302060257,-0.009374999999999994,0.0019531200000000304,True,True,0.7179102558133994,0.8558720474478031,False,False,0.1379617916344037,7.227471828460693
00955,12,16,0,0.6317756525653635,0.018206017138808796,0.24813648409540687,-0.01796874999999999,0.002929689999999985,True,True,0.829251083559029,0.7958916175185311,False,False,-0.03335946604049789,7.227471828460693
00955,13,17,0,0.7647058823529411,0.015625,0.18856180831641267,-0.015625,0.0,True,True,0.7134495840156909,0.8153116134045685,False,False,0.10186202938887756,7.227471828460693
00955,14,18,0,0.6248477400115418,0.0191525791752051,0.24509175898063085,-0.018750000000000003,0.00390625,True,True,0.8090175305739243,0.8779179177324707,False,False,0.0689003871585464,7.227471828460693
00955,15,19,0,0.7333333333333333,0.015625,0.254513888044113,-0.015625,0.0,True,True,0.8092285327076528,0.8489751594700902,False,False,0.03974662676243734,7.227471828460693
00955,16,21,0,1.0,0.0,0.0,0.0,0.0,True,True,0.6951614186459008,0.8005024526863255,False,False,0.10534103404042472,7.227471828460693
00955,17,22,0,1.0,0.0,0.0,0.0,0.0,True,True,0.7642733727098447,0.8399620899812036,False,False,0.07568871727135884,7.227471828460693
00955,18,23,0,1.0,0.0,0.0,0.0,0.0,False,True,0.0,0.7384274072905016,False,False,0.7384274072905016,7.227471828460693
00955,19,24,0,1.0,0.0,0.0,0.0,0.0,False,True,0.0,0.7921257073854772,False,False,0.7921257073854772,7.227471828460693
00955,20,25,0,0.7499999999999986,0.014062500000000089,0.19166296949998324,-0.014062500000000089,0.0,True,True,0.7975379122846284,0.8904233608250446,False,False,0.09288544854041614,7.227471828460693
00955,21,26,0,0.6986301369863028,0.01718749999999991,0.23613633490759922,-0.01718749999999991,0.0,True,True,0.6890497140799806,0.8291294704027481,False,False,0.14007975632276748,7.227471828460693
00955,22,27,0,0.665722514784673,0.014197485128866994,0.23699149223337423,-0.014062499999999978,-0.0019531200000000304,True,True,0.6599424798794951,0.787856960505901,False,False,0.12791448062640598,7.227471828460693
00955,23,31,0,1.0,0.0,0.0,0.0,0.0,True,True,0.6548625348254458,0.6848701135058122,False,False,0.03000757868036641,7.227471828460693
00955,24,32,0,1.0,0.0,0.0,0.0,0.0,True,True,0.665991593246847,0.8662265267738274,False,False,0.2002349335269804,7.227471828460693
00955,25,33,0,1.0,0.0,0.0,0.0,0.0,True,True,0.6276889062500589,0.7449911798755685,False,False,0.1173022736255096,7.227471828460693
00955,26,34,0,1.0,0.0,0.0,0.0,0.0,True,True,0.6345785894231644,0.7216085770240469,False,False,0.08702998760088254,7.227471828460693
00955,27,35,0,1.0,0.0,0.0,0.0,0.0,True,True,0.6851279031396249,0.749470171460883,False,False,0.06434226832125811,7.227471828460693
00955,28,36,0,1.0,0.0,0.0,0.0,0.0,True,True,0.5889131287541983,0.7681102590807994,False,False,0.17919713032660112,7.227471828460693
00955,29,37,0,1.0,0.0,0.0,0.0,0.0,True,True,0.7172689271355236,0.9203708464404884,False,False,0.2031019193049648,7.227471828460693
00955,30,38,0,1.0,0.0,0.0,0.0,0.0,True,True,0.7517303921874385,0.8157987735248963,False,False,0.06406838133745774,7.227471828460693
00967,0,0,0,1.0,0.0,0.0,0.0,0.0,True,True,0.8325215459646743,0.8178608437763705,False,False,-0.014660702188303842,141.4405517578125
00967,1,1,0,1.0,0.0,0.0,0.0,0.0,True,True,0.7982025456542424,0.8338875525853815,False,False,0.035685006931139074,141.4405517578125
00967,2,2,0,1.0,0.0,0.0,0.0,0.0,True,True,0.8903045403903855,0.8423007072594207,False,False,-0.04800383313096479,141.4405517578125
00967,3,3,0,1.0,0.0,0.0,0.0,0.0,True,True,0.8734513996589466,0.86853576120743,False,False,-0.004915638451516546,141.4405517578125
00967,4,4,0,1.0,0.0,0.0,0.0,0.0,True,True,0.8841533271938464,0.7646032723091591,False,False,-0.11955005488468728,141.4405517578125
00967,5,5,0,1.0,0.0,0.0,0.0,0.0,True,True,0.8526766590534633,0.7950328850633166,False,False,-0.05764377399014675,141.4405517578125
00967,6,6,0,1.0,0.0,0.0,0.0,0.0,True,True,0.8618537361683014,0.9313547440870937,False,False,0.06950100791879232,141.4405517578125
00967,7,7,0,1.0,0.0,0.0,0.0,0.0,True,True,0.8321156321765879,0.819956904336077,False,False,-0.012158727840510863,141.4405517578125
00967,8,8,0,1.0,0.0,0.0,0.0,0.0,True,True,0.889770647916988,0.8273237947178371,False,False,-0.06244685319915089,141.4405517578125
00967,9,9,0,1.0,0.0,0.0,0.0,0.0,True,True,0.7619651822543168,0.7673100886600995,False,False,0.005344906405782779,141.4405517578125
00967,10,10,0,1.0,0.0,0.0,0.0,0.0,True,True,0.7027154819128818,0.859893870928952,False,False,0.15717838901607017,141.4405517578125
00968,0,0,1,1.0,0.0,0.0,0.0,0.0,True,True,0.9280201007023047,0.9020900717576744,False,False,-0.025930028944630257,134.89295959472656
00968,1,1,1,1.0,0.0,0.0,0.0,0.0,True,True,0.9621808326913714,0.9712045344775316,False,False,0.009023701786160188,134.89295959472656
00968,2,2,1,1.0,0.0,0.0,0.0,0.0,True,True,0.8653207152919654,0.8666080890403043,False,False,0.0012873737483388714,134.89295959472656
00968,3,3,1,1.0,0.0,0.0,0.0,0.0,True,True,0.9292381197915933,0.930805746401959,False,False,0.001567626610365691,134.89295959472656
00971,0,0,0,0.4727669354591657,0.0335323699428537,0.33016487328348254,-0.004687499999999956,-0.033203119999999975,True,True,0.7691211356382247,0.7327764657761269,False,False,-0.036344669862097834,110.29166412353516
00971,1,1,0,0.5323225169669791,0.027742616557159906,0.36242802503855953,-0.004687499999999956,-0.02734374000000006,True,True,0.8368572077973335,0.7990427068675046,False,False,-0.037814500929828965,110.29166412353516
00971,2,2,0,0.5132742677171307,0.025438661483004537,0.2976165997292869,0.0015625000000000222,-0.02539062999999997,True,True,0.7485770332492185,0.7353128473483094,False,False,-0.013264185900909164,110.29166412353516
00971,3,3,0,0.42293554006998446,0.02933850708619817,0.36406352209512094,-0.0015625000000000222,-0.029296870000000003,True,True,0.9030396859415606,0.858384720436943,False,False,-0.04465496550461756,110.29166412353516
00971,4,4,0,0.4326531527703456,0.029338507086198153,0.36596013610556893,-0.0015624999999999944,-0.02929686999999999,True,True,0.8885001219907153,0.84300033221545,False,False,-0.045499789775265254,110.29166412353516
00971,5,5,0,0.376488131094108,0.029956119438219943,0.398680203987352,-0.0062500000000000056,-0.029296869999999975,True,True,0.8373767653879064,0.8240970980788865,False,False,-0.01327966730901986,110.29166412353516
00971,6,6,2,0.8583151913587284,0.02738835647337204,0.12152400759692626,-0.0015625000000000222,-0.02734375,True,True,0.9451891069359675,0.8961259155070334,False,False,-0.049063191428934116,110.29166412353516
00972,0,0,4,1.0,0.0,0.0,0.0,0.0,True,True,0.8327017021771564,0.7241416212786884,False,False,-0.10856008089846803,149.20864868164062
00972,1,1,0,1.0,0.0,0.0,0.0,0.0,True,True,0.9243683422969833,0.8896093184045031,False,False,-0.0347590238924802,149.20864868164062
00972,2,2,0,1.0,0.0,0.0,0.0,0.0,True,True,0.8689537182505167,0.8755258521956839,False,False,0.006572133945167202,149.20864868164062
00972,3,3,0,1.0,0.0,0.0,0.0,0.0,True,True,0.7854023654163383,0.7724399027326891,False,False,-0.0129624626836492,149.20864868164062
00972,4,4,0,1.0,0.0,0.0,0.0,0.0,True,True,0.8088697763011622,0.8493716020723054,False,False,0.04050182577114325,149.20864868164062
00972,5,5,0,1.0,0.0,0.0,0.0,0.0,True,True,0.7973287340032499,0.7875959405089504,False,False,-0.009732793494299452,149.20864868164062
00972,6,6,0,1.0,0.0,0.0,0.0,0.0,True,True,0.7556878994850624,0.7928269271841861,False,False,0.037139027699123695,149.20864868164062
00972,7,7,0,1.0,0.0,0.0,0.0,0.0,True,True,0.9079341655353831,0.8599509674555897,False,False,-0.04798319807979334,149.20864868164062
00972,8,8,0,1.0,0.0,0.0,0.0,0.0,True,True,0.9195479139436138,0.8760114138757121,False,False,-0.04353650006790166,149.20864868164062
00972,9,9,0,1.0,0.0,0.0,0.0,0.0,True,True,0.5313365109024402,0.768260244406522,False,False,0.2369237335040818,149.20864868164062
00972,10,10,0,0.8684209852631583,0.004882810000000015,0.07419994988146317,0.0,-0.004882810000000015,True,True,0.7978184622415248,0.8184439454006838,False,False,0.02062548315915902,149.20864868164062
00972,11,11,0,1.0,0.0,0.0,0.0,0.0,True,True,0.8568250648174524,0.8905420447276688,False,False,0.033716979910216494,149.20864868164062
00972,12,12,0,1.0,0.0,0.0,0.0,0.0,True,True,0.8508256569816058,0.843657823850151,False,False,-0.007167833131454859,149.20864868164062
00972,13,13,0,1.0,0.0,0.0,0.0,0.0,True,True,0.8320616850455728,0.7845741894550217,False,False,-0.0474874955905511,149.20864868164062
00972,14,14,0,1.0,0.0,0.0,0.0,0.0,True,True,0.8288770689533069,0.8047761873397881,False,False,-0.024100881613518865,149.20864868164062
00972,15,15,0,1.0,0.0,0.0,0.0,0.0,True,True,0.9258025054841337,0.7818530253313118,False,False,-0.14394948015282183,149.20864868164062
00972,16,16,0,1.0,0.0,0.0,0.0,0.0,True,True,0.8321684938944932,0.7534936652668592,False,False,-0.07867482862763397,149.20864868164062
00972,17,17,0,1.0,0.0,0.0,0.0,0.0,True,True,0.9046378372459959,0.9252394714938327,False,False,0.020601634247836786,149.20864868164062
00972,18,18,0,1.0,0.0,0.0,0.0,0.0,True,True,0.7729127241083713,0.8338958049298844,False,False,0.06098308082151305,149.20864868164062
00972,19,19,0,1.0,0.0,0.0,0.0,0.0,True,True,0.7731907928532972,0.7757456163162235,False,False,0.0025548234629263478,149.20864868164062
00972,20,20,0,1.0,0.0,0.0,0.0,0.0,True,True,0.83864994948967,0.776884176740507,False,False,-0.06176577274916295,149.20864868164062
00972,21,21,0,1.0,0.0,0.0,0.0,0.0,True,True,0.8100556008376425,0.8018966920163736,False,False,-0.008158908821268906,149.20864868164062
00972,22,22,0,1.0,0.0,0.0,0.0,0.0,True,True,0.7697486350232313,0.8179523244740421,False,False,0.04820368945081077,149.20864868164062
00972,23,23,0,1.0,0.0,0.0,0.0,0.0,True,True,0.8598873056307457,0.8148297023419196,False,False,-0.04505760328882602,149.20864868164062
00972,24,24,0,1.0,0.0,0.0,0.0,0.0,True,True,0.9576178624454895,0.8621936768823847,False,False,-0.09542418556310484,149.20864868164062
00972,25,25,0,1.0,0.0,0.0,0.0,0.0,True,True,0.7324591463668505,0.7487819835912972,False,False,0.016322837224446718,149.20864868164062
00972,26,26,0,1.0,0.0,0.0,0.0,0.0,True,True,0.7749268058322496,0.7724789510135206,False,False,-0.0024478548187290006,149.20864868164062
00972,27,27,0,0.6789168278529988,0.007370297759419203,0.14320234789414663,0.006249999999999978,-0.00390625,True,True,0.8138519323573284,0.6845634685186626,False,False,-0.12928846383866588,149.20864868164062
00972,28,28,0,1.0,0.0,0.0,0.0,0.0,True,True,0.9337797458091528,0.9521418936298726,False,False,0.018362147820719765,149.20864868164062
00972,29,29,0,0.79999986346669,0.0029296900000000004,0.0693375777793682,0.0,-0.0029296900000000004,True,True,0.7930362463424622,0.765441102515712,False,False,-0.027595143826750212,149.20864868164062
00972,30,30,0,0.5076923076923078,0.008414320011147659,0.21759351731039728,-0.003124999999999989,-0.0078125,True,True,0.8621748875929434,0.7872224999160381,False,False,-0.07495238767690526,149.20864868164062
00972,31,31,0,0.5555555555555556,0.0078125,0.18666334823663933,0.0,-0.0078125,True,True,0.756598816821273,0.7525926049835788,False,False,-0.004006211837694118,149.20864868164062
00972,32,32,4,0.6338026401745881,0.006640629411765115,0.1663791727314137,-0.003124999999999989,-0.005859379999999997,True,True,0.7627566470930232,0.6987001603494747,True,False,-0.06405648674354847,149.20864868164062
00972,33,33,4,0.6094117647058829,0.00796721798998872,0.17438278792686554,-0.0015624999999999667,-0.0078125,True,True,0.7148913910941592,0.7991258364022193,False,False,0.08423444530806012,149.20864868164062
00972,34,34,4,1.0,0.0,0.0,0.0,0.0,True,True,0.8710270134456924,0.776600527389941,False,False,-0.09442648605575144,149.20864868164062
00972,35,35,2,1.0,0.0,0.0,0.0,0.0,False,False,0.0,0.0,True,True,0.0,149.20864868164062
00972,36,36,4,0.7543859649122808,0.005002440810494406,0.09545214042184222,-0.003124999999999989,-0.00390625,True,True,0.7483872618163742,0.7259896054512828,False,False,-0.02239765636509139,149.20864868164062
00972,37,37,4,0.9090909090909098,0.002343749999999978,0.04548588462238666,-0.002343749999999978,0.0,True,True,0.8515720105046569,0.6374564952046998,False,False,-0.2141155152999571,149.20864868164062
00972,38,38,1,0.9499999999999993,0.0015625000000000222,0.026726124191242817,0.0015625000000000222,0.0,False,False,0.0,0.0,True,True,0.0,149.20864868164062
00972,39,39,0,1.0,0.0,0.0,0.0,0.0,True,True,0.8333149913186061,0.7747277317700587,False,False,-0.05858725954854738,149.20864868164062
00972,40,40,0,1.0,0.0,0.0,0.0,0.0,True,False,0.7684238085466326,0.0,False,False,-0.7684238085466326,149.20864868164062
00972,41,41,0,0.7568949697736406,0.006548066717314335,0.12781706404261733,-0.006249999999999978,-0.0019531200000000026,True,True,0.7981431158218664,0.8153873884674394,False,False,0.017244272645573044,149.20864868164062
00973,0,0,0,1.0,0.0,0.0,0.0,0.0,True,True,0.8689934530780627,0.8246844518900912,False,False,-0.04430900118797154,29.18532943725586
00973,1,1,0,1.0,0.0,0.0,0.0,0.0,True,True,0.8322766607622362,0.6724408763547878,False,False,-0.1598357844074484,29.18532943725586
00973,2,2,0,1.0,0.0,0.0,0.0,0.0,True,True,0.7863132231016451,0.6667984037882395,False,False,-0.11951481931340557,29.18532943725586
00973,3,3,0,1.0,0.0,0.0,0.0,0.0,False,True,0.23167925141206833,0.6242403883754118,False,False,0.3925611369633435,29.18532943725586
00973,4,4,0,1.0,0.0,0.0,0.0,0.0,True,True,0.5926735166352216,0.685108180822611,False,False,0.09243466418738944,29.18532943725586
00973,5,5,0,1.0,0.0,0.0,0.0,0.0,True,True,0.7088937787062208,0.6054494351533977,False,False,-0.10344434355282317,29.18532943725586
00973,6,6,0,1.0,0.0,0.0,0.0,0.0,True,True,0.875407684268494,0.5464764485028122,False,False,-0.32893123576568184,29.18532943725586
00973,7,7,0,1.0,0.0,0.0,0.0,0.0,True,True,0.6811806737862145,0.7811176052613302,False,False,0.09993693147511573,29.18532943725586
00973,8,8,0,1.0,0.0,0.0,0.0,0.0,True,True,0.6942253875571079,0.7789231805395993,False,False,0.08469779298249136,29.18532943725586
00973,9,9,0,1.0,0.0,0.0,0.0,0.0,True,True,0.8057963491581857,0.6267442283642616,False,False,-0.17905212079392407,29.18532943725586
00973,10,10,0,1.0,0.0,0.0,0.0,0.0,False,False,0.41355345031919677,0.4383921473147645,False,False,0.024838696995567733,29.18532943725586
00973,11,11,0,1.0,0.0,0.0,0.0,0.0,True,True,0.7251712040849311,0.8098212296204557,False,False,0.08465002553552459,29.18532943725586
00973,12,12,0,1.0,0.0,0.0,0.0,0.0,True,True,0.7554808345736832,0.6990471783921399,False,False,-0.05643365618154328,29.18532943725586
00973,13,13,0,1.0,0.0,0.0,0.0,0.0,False,True,0.0,0.7445272284377522,False,False,0.7445272284377522,29.18532943725586
00973,14,14,0,1.0,0.0,0.0,0.0,0.0,False,True,0.2012142023154555,0.6983238296315205,False,False,0.497109627316065,29.18532943725586
00973,15,15,0,1.0,0.0,0.0,0.0,0.0,True,True,0.6314491335308292,0.7214985117379209,False,False,0.09004937820709169,29.18532943725586
00973,16,16,0,1.0,0.0,0.0,0.0,0.0,True,True,0.7964429496448795,0.8321284554527906,False,False,0.03568550580791108,29.18532943725586
00973,17,17,0,1.0,0.0,0.0,0.0,0.0,False,True,0.0,0.6993913807874454,False,False,0.6993913807874454,29.18532943725586
00973,18,18,0,1.0,0.0,0.0,0.0,0.0,False,True,0.0,0.8733842110785801,False,False,0.8733842110785801,29.18532943725586
00973,19,19,0,1.0,0.0,0.0,0.0,0.0,False,True,0.0,0.7060538356910704,False,False,0.7060538356910704,29.18532943725586
00973,20,20,0,1.0,0.0,0.0,0.0,0.0,True,True,0.7881526726064672,0.8134761098339596,False,False,0.025323437227492418,29.18532943725586
00973,21,21,0,1.0,0.0,0.0,0.0,0.0,True,True,0.858163212069146,0.7825116506594911,False,False,-0.0756515614096549,29.18532943725586
00973,22,22,0,1.0,0.0,0.0,0.0,0.0,True,True,0.6296383579017856,0.6794445432938958,False,False,0.049806185392110236,29.18532943725586
00973,23,23,0,1.0,0.0,0.0,0.0,0.0,False,True,0.045107701653975714,0.7272464552218956,False,False,0.6821387535679199,29.18532943725586
00973,24,24,0,1.0,0.0,0.0,0.0,0.0,True,True,0.5786177328376925,0.5815556336497838,False,False,0.002937900812091332,29.18532943725586
00973,25,25,0,1.0,0.0,0.0,0.0,0.0,False,True,0.05380897173446572,0.7974675249906176,False,False,0.7436585532561518,29.18532943725586
00973,26,26,0,1.0,0.0,0.0,0.0,0.0,True,True,0.7360555043659465,0.8127884587498811,False,False,0.07673295438393468,29.18532943725586
00973,27,27,0,1.0,0.0,0.0,0.0,0.0,True,True,0.5670476832822391,0.8292494136536178,False,False,0.2622017303713787,29.18532943725586
00973,28,28,0,1.0,0.0,0.0,0.0,0.0,True,True,0.5858288381995662,0.8218313404741681,False,False,0.23600250227460184,29.18532943725586
00973,29,29,0,1.0,0.0,0.0,0.0,0.0,False,True,0.4610518917930025,0.7294055859982818,False,False,0.26835369420527927,29.18532943725586
00973,30,30,0,1.0,0.0,0.0,0.0,0.0,True,True,0.6074933046139417,0.7932958204873679,False,False,0.18580251587342622,29.18532943725586
00973,31,31,0,1.0,0.0,0.0,0.0,0.0,True,True,0.5555773020989028,0.6687050962428412,False,False,0.11312779414393848,29.18532943725586
00973,32,32,0,1.0,0.0,0.0,0.0,0.0,True,True,0.5155528836010377,0.6486263635816305,False,False,0.13307347998059282,29.18532943725586
00973,33,33,0,1.0,0.0,0.0,0.0,0.0,False,True,0.3545618213823663,0.6747538115493068,False,False,0.3201919901669405,29.18532943725586
00974,0,2,4,1.0,0.0,0.0,0.0,0.0,True,True,0.675801988411976,0.8427198662244305,False,True,0.16691787781245448,50.86833953857422
00974,1,3,4,1.0,0.0,0.0,0.0,0.0,True,True,0.6851604108277494,0.7963243492105643,False,False,0.11116393838281491,50.86833953857422
00974,2,4,4,1.0,0.0,0.0,0.0,0.0,False,True,0.4089905670536831,0.5995764603311587,False,True,0.19058589327747566,50.86833953857422
00974,3,5,4,1.0,0.0,0.0,0.0,0.0,True,True,0.5294257637411567,0.8892400667211136,False,False,0.35981430297995687,50.86833953857422
00974,4,6,4,1.0,0.0,0.0,0.0,0.0,True,True,0.5564390697469721,0.8335106440697657,True,True,0.2770715743227936,50.86833953857422
00974,5,7,4,1.0,0.0,0.0,0.0,0.0,False,True,0.4750523016081968,0.807302191241216,False,True,0.33224988963301927,50.86833953857422
00974,6,8,4,1.0,0.0,0.0,0.0,0.0,True,True,0.6290317378746088,0.8739523589587418,False,False,0.24492062108413304,50.86833953857422
00974,7,9,1,1.0,0.0,0.0,0.0,0.0,False,False,0.0,0.0,True,True,0.0,50.86833953857422
00974,8,10,4,1.0,0.0,0.0,0.0,0.0,False,True,0.3945738837172712,0.5942996237833414,False,False,0.19972574006607025,50.86833953857422
00974,9,11,0,1.0,0.0,0.0,0.0,0.0,False,True,0.1682245206491692,0.9470811181522814,False,False,0.7788565975031121,50.86833953857422
00974,10,12,1,1.0,0.0,0.0,0.0,0.0,False,True,0.0,0.8346803352595076,False,False,0.8346803352595076,50.86833953857422
00974,11,13,0,1.0,0.0,0.0,0.0,0.0,True,True,0.782180910938958,0.8873666905097076,False,False,0.1051857795707496,50.86833953857422
00974,12,14,0,1.0,0.0,0.0,0.0,0.0,True,True,0.6894151295702042,0.8949054773391949,False,False,0.20549034776899067,50.86833953857422
00974,13,15,0,1.0,0.0,0.0,0.0,0.0,True,True,0.6863517058732349,0.7564940609819005,False,False,0.07014235510866562,50.86833953857422
00974,14,16,0,1.0,0.0,0.0,0.0,0.0,True,True,0.6202777460170881,0.8317962914039618,False,False,0.21151854538687376,50.86833953857422
00974,15,17,0,1.0,0.0,0.0,0.0,0.0,True,True,0.6175485776753952,0.8978925847298677,False,False,0.2803440070544725,50.86833953857422
00974,16,18,0,1.0,0.0,0.0,0.0,0.0,True,True,0.6630721964519515,0.8995528609151676,False,False,0.23648066446321614,50.86833953857422
00974,17,19,0,1.0,0.0,0.0,0.0,0.0,False,True,0.21104642865255946,0.9277801133067731,False,False,0.7167336846542136,50.86833953857422
00974,18,20,0,1.0,0.0,0.0,0.0,0.0,True,True,0.6104331125925578,0.9422463244842844,False,False,0.3318132118917265,50.86833953857422
00974,19,21,0,1.0,0.0,0.0,0.0,0.0,True,True,0.6607419869768965,0.9214376705782454,False,False,0.260695683601349,50.86833953857422
00974,20,22,0,1.0,0.0,0.0,0.0,0.0,True,True,0.6197071968470373,0.8770316178175752,False,False,0.25732442097053787,50.86833953857422
00974,21,23,0,1.0,0.0,0.0,0.0,0.0,True,True,0.6900234730108881,0.8516289171507287,False,False,0.16160544413984068,50.86833953857422
00974,22,24,0,1.0,0.0,0.0,0.0,0.0,True,True,0.7191530727983227,0.943504040636779,False,False,0.2243509678384562,50.86833953857422
00974,23,25,0,0.9107142857142856,0.00390625,0.05292561046693121,0.00390625,0.0,True,True,0.7314655954642514,0.8562232625269037,False,False,0.12475766706265234,50.86833953857422
00974,24,26,0,1.0,0.0,0.0,0.0,0.0,False,False,0.4699203581876823,0.003649782419659092,False,True,-0.4662705757680232,50.86833953857422
00974,25,27,0,0.6975610801418349,0.007503657311398244,0.13293756791198233,0.004687500000000067,0.005859369999999975,True,True,0.6308528141707795,0.8351827441702926,False,True,0.20432992999951305,50.86833953857422
00974,26,28,4,1.0,0.0,0.0,0.0,0.0,True,True,0.648806328432064,0.8820454805258794,False,False,0.2332391520938154,50.86833953857422
00974,27,29,0,1.0,0.0,0.0,0.0,0.0,True,True,0.6830090412391701,0.914748237709802,False,False,0.2317391964706319,50.86833953857422
00974,28,30,0,1.0,0.0,0.0,0.0,0.0,True,True,0.6462748277509202,0.913431343080251,False,True,0.2671565153293308,50.86833953857422
00974,29,31,0,1.0,0.0,0.0,0.0,0.0,True,True,0.5498509149975538,0.8700468494291818,False,False,0.32019593443162797,50.86833953857422
00974,30,32,0,1.0,0.0,0.0,0.0,0.0,True,True,0.6900080369776586,0.8418192093755205,False,False,0.1518111723978619,50.86833953857422
00974,31,33,0,1.0,0.0,0.0,0.0,0.0,True,True,0.5208165458447324,0.919512305248097,False,False,0.39869575940336466,50.86833953857422
00974,32,34,0,1.0,0.0,0.0,0.0,0.0,True,True,0.5744706581165165,0.6521492164965027,False,False,0.07767855837998616,50.86833953857422
00974,33,35,0,0.6156351913217106,0.011048543456039806,0.1796052946108145,0.0078125,0.0078125,True,True,0.7859852489414414,0.9073496249827663,False,False,0.12136437604132488,50.86833953857422
00974,34,36,0,0.7475730544255212,0.006101751157462882,0.10628392443179177,0.004687499999999956,0.0039062400000000053,True,False,0.648162067438272,0.2804016677865557,False,True,-0.3677603996517163,50.86833953857422
00974,35,37,0,1.0,0.0,0.0,0.0,0.0,True,True,0.5451570012076319,0.9194628658591052,False,False,0.3743058646514733,50.86833953857422
00974,36,38,0,0.8726401966524544,0.002509046606502223,0.05384983946847524,0.0023112000000000688,-0.0009765600000000013,False,True,0.45491452745135696,0.8406712090168399,False,False,0.38575668156548293,50.86833953857422
00974,37,39,0,1.0,0.0,0.0,0.0,0.0,True,True,0.5156350444556143,0.873169316365004,False,False,0.3575342719093897,50.86833953857422
00974,38,40,0,1.0,0.0,0.0,0.0,0.0,True,True,0.7267382070248871,0.8100653419698952,False,False,0.0833271349450081,50.86833953857422
00974,39,41,0,1.0,0.0,0.0,0.0,0.0,False,True,0.4752599108392592,0.7468355479578499,False,False,0.2715756371185907,50.86833953857422
00974,40,42,0,1.0,0.0,0.0,0.0,0.0,True,True,0.5155991657059436,0.8390694016648116,False,False,0.32347023595886804,50.86833953857422
00974,41,43,0,1.0,0.0,0.0,0.0,0.0,False,True,0.49597801556939164,0.7771109839277343,False,False,0.2811329683583426,50.86833953857422
00974,42,44,0,1.0,0.0,0.0,0.0,0.0,True,True,0.508216543505915,0.8218095710782946,False,False,0.3135930275723795,50.86833953857422
00974,43,45,0,0.6476426140758281,0.008343754535345579,0.17800009675403913,0.0078125,0.002929689999999985,True,True,0.7738918563595486,0.6027298742911587,False,False,-0.17116198206838995,50.86833953857422
00974,44,51,4,1.0,0.0,0.0,0.0,0.0,False,False,0.0,0.0,False,True,0.0,50.86833953857422
00974,45,52,4,1.0,0.0,0.0,0.0,0.0,False,False,0.0,0.0,True,True,0.0,50.86833953857422
00974,46,53,0,1.0,0.0,0.0,0.0,0.0,True,True,0.7032267115444116,0.9174316200507358,False,False,0.21420490850632412,50.86833953857422
00974,47,54,4,1.0,0.0,0.0,0.0,0.0,False,False,0.0,0.0,False,False,0.0,50.86833953857422
00974,48,55,4,0.5660621179757915,0.01265166853805848,0.20828577380808327,0.012499999999999956,0.0019531299999999696,False,False,0.0,0.0,True,True,0.0,50.86833953857422
00974,49,56,4,0.709322613292014,0.009576288567832448,0.1426852278785291,0.009374999999999911,0.0019531200000000304,False,False,0.0,0.0,True,True,0.0,50.86833953857422
00996,0,0,0,0.6567844318077232,0.01773907062010015,0.20085164711285936,-0.0062500000000000056,-0.01660157000000001,True,True,0.8156381543110532,0.8236871322872189,False,False,0.008048977976165661,32.8255615234375
00996,1,1,0,0.8849315378825311,0.005126718223786037,0.05773220712859379,0.0015624999999999944,-0.0048828099999999874,True,True,0.7762235282910708,0.9026591065061781,False,False,0.1264355782151073,32.8255615234375
00996,2,2,0,0.7018779378177459,0.012621480016721498,0.1549193312043402,0.004687500000000011,-0.01171875,True,True,0.7756930118116064,0.8642645321716662,False,False,0.08857152036005977,32.8255615234375
00996,3,3,0,0.849303164878048,0.008926868540176916,0.09448462943544944,0.0015625000000000222,-0.008789060000000015,True,True,0.8054865167469079,0.9216908248791955,False,False,0.11620430813228766,32.8255615234375
00996,4,4,0,0.6300309922096455,0.016577413980983318,0.16883673475538172,0.009375000000000022,-0.01367187000000003,True,True,0.8260700313986368,0.9141225170278396,False,False,0.08805248562920287,32.8255615234375
00996,5,5,0,0.702253855278766,0.01631297892017274,0.1743079896657754,0.004687500000000011,-0.015625,True,True,0.868571249571919,0.9436268446814102,False,False,0.07505559510949122,32.8255615234375
00996,6,6,0,0.7761557661060517,0.013760866089999602,0.1683250244922686,-0.0015625000000000222,-0.01367187000000003,True,True,0.909260659634143,0.8661134610395642,False,False,-0.04314719859457883,32.8255615234375
00996,7,7,0,0.6320148380970948,0.01717662892659088,0.18801890199309812,0.014130429999999972,-0.00976562999999997,True,True,0.7486619242665479,0.9695154183307501,False,False,0.22085349406420218,32.8255615234375
00996,8,8,0,0.5861771461745593,0.018656173314332235,0.2492362433734268,-0.006250000000000089,-0.01757812000000003,False,True,0.0,0.8449705028779759,True,False,0.8449705028779759,32.8255615234375
00999,0,0,0,1.0,0.0,0.0,0.0,0.0,True,True,0.9395742884261096,0.9116415687352533,False,False,-0.02793271969085631,29.371244430541992
00999,1,1,0,0.7307691323076928,0.01367187999999997,0.20008176153020396,0.0,-0.01367187999999997,True,True,0.7873064917854262,0.9268107022270131,False,False,0.1395042104415869,29.371244430541992
00999,2,2,0,0.6179776628097295,0.010253436447572144,0.15869065866082038,0.0031250000000000444,-0.00976562000000003,True,True,0.7894430474650684,0.9249073752023113,False,False,0.13546432773724282,29.371244430541992
00999,3,3,0,1.0,0.0,0.0,0.0,0.0,True,True,0.6444026178495978,0.8948795554380179,False,False,0.25047693758842005,29.371244430541992
00999,4,4,0,0.7622534372534251,0.009889840016243916,0.14315148558814206,-0.0015625000000000222,-0.00976562999999997,True,True,0.866617266762034,0.8687309270050579,False,False,0.0021136602430239515,29.371244430541992
00999,5,5,0,0.5562188539393391,0.013805156065195398,0.1998241221559646,-0.012500000000000067,-0.00585937999999997,False,True,0.17401057696866082,0.8477754190647913,False,False,0.6737648420961304,29.371244430541992
00999,6,6,0,0.7224668826517157,0.010253445971813541,0.1484145366206155,-0.003124999999999989,-0.00976562999999997,True,True,0.7575377823183644,0.831702628301464,False,False,0.07416484598309958,29.371244430541992
00999,7,7,0,0.6654929577464784,0.015702930658001393,0.20665461784877717,0.0015625000000000222,-0.015625,True,True,0.8597051906300474,0.871513042882276,False,False,0.01180785225222869,29.371244430541992
00999,8,8,0,1.0,0.0,0.0,0.0,0.0,True,True,0.6973477186411114,0.8481073235245594,False,False,0.15075960488344797,29.371244430541992
00999,9,9,0,1.0,0.0,0.0,0.0,0.0,False,True,0.03065392849866603,0.8607138063446615,False,False,0.8300598778459956,29.371244430541992
00999,10,10,0,1.0,0.0,0.0,0.0,0.0,True,True,0.8003847245927317,0.7694095229709342,False,False,-0.030975201621797455,29.371244430541992
00999,11,11,0,0.7209302159437526,0.01171875,0.17890134743728067,0.0,-0.01171875,True,True,0.9182633510804123,0.8718835693415952,False,False,-0.04637978173881718,29.371244430541992
01002,0,0,3,1.0,0.0,0.0,0.0,0.0,True,True,0.7594412910424323,0.8390411796431483,False,False,0.07959988860071598,28.594280242919922
01002,1,1,3,1.0,0.0,0.0,0.0,0.0,True,True,0.9790592596187567,0.9694295084021305,False,False,-0.009629751216626237,28.594280242919922
01002,2,2,0,1.0,0.0,0.0,0.0,0.0,True,True,0.741506795842961,0.8968277244726864,False,False,0.15532092862972546,28.594280242919922
01002,3,3,0,1.0,0.0,0.0,0.0,0.0,True,True,0.8895382412163779,0.6582743462359445,False,False,-0.23126389498043343,28.594280242919922
01002,4,4,0,1.0,0.0,0.0,0.0,0.0,True,True,0.8112411944661322,0.9212249429899154,False,False,0.10998374852378323,28.594280242919922
01002,5,5,0,1.0,0.0,0.0,0.0,0.0,True,True,0.6681254950310821,0.8151135224602981,False,False,0.14698802742921602,28.594280242919922
01002,6,6,0,1.0,0.0,0.0,0.0,0.0,True,True,0.8750418756367293,0.9206372768170088,False,False,0.04559540118027949,28.594280242919922
01002,7,7,0,1.0,0.0,0.0,0.0,0.0,True,True,0.8838039879308355,0.9507799054586726,False,False,0.06697591752783716,28.594280242919922
01002,8,8,0,1.0,0.0,0.0,0.0,0.0,True,True,0.7827176607737422,0.7869805713948816,True,True,0.004262910621139482,28.594280242919922
01002,9,9,0,1.0,0.0,0.0,0.0,0.0,True,True,0.6733836280391553,0.817689319310378,False,False,0.14430569127122272,28.594280242919922
01002,10,10,0,1.0,0.0,0.0,0.0,0.0,True,True,0.7592441756035438,0.7767035567943438,False,False,0.017459381190799927,28.594280242919922
01002,11,11,0,1.0,0.0,0.0,0.0,0.0,False,True,0.05043738570319033,0.7615862952952407,False,False,0.7111489095920503,28.594280242919922
01002,12,12,0,1.0,0.0,0.0,0.0,0.0,True,True,0.8160100721206038,0.7987332892384706,False,True,-0.01727678288213319,28.594280242919922
01002,13,13,0,1.0,0.0,0.0,0.0,0.0,True,True,0.8400259660293048,0.9224032723051946,False,False,0.0823773062758898,28.594280242919922
01002,14,14,0,1.0,0.0,0.0,0.0,0.0,True,True,0.7418447477762254,0.9382404381275019,False,False,0.19639569035127646,28.594280242919922
01002,15,15,0,1.0,0.0,0.0,0.0,0.0,True,True,0.8077296614313637,0.8547264085672134,False,False,0.04699674713584967,28.594280242919922
01002,16,16,0,1.0,0.0,0.0,0.0,0.0,True,True,0.8104735699939211,0.8366052340446832,False,True,0.02613166405076217,28.594280242919922
01002,17,17,0,1.0,0.0,0.0,0.0,0.0,True,True,0.797655035917144,0.9377152977886195,False,False,0.14006026187147547,28.594280242919922
01002,18,18,0,1.0,0.0,0.0,0.0,0.0,True,True,0.8681320891526743,0.8956397784723561,False,False,0.02750768931968184,28.594280242919922
01002,19,19,0,1.0,0.0,0.0,0.0,0.0,True,True,0.7204750737720004,0.9217748551590323,False,False,0.20129978138703197,28.594280242919922
01002,20,20,0,1.0,0.0,0.0,0.0,0.0,True,True,0.8885077152512421,0.8772491006800714,False,False,-0.011258614571170611,28.594280242919922
01002,21,21,0,1.0,0.0,0.0,0.0,0.0,True,True,0.9223425801170481,0.8914820961773147,False,False,-0.030860483939733396,28.594280242919922
01002,22,22,0,1.0,0.0,0.0,0.0,0.0,True,True,0.706745231322751,0.8132889015274808,False,False,0.10654367020472977,28.594280242919922
01002,23,23,0,1.0,0.0,0.0,0.0,0.0,True,True,0.7251741116125721,0.867638029251548,False,False,0.14246391763897592,28.594280242919922
01002,24,24,0,1.0,0.0,0.0,0.0,0.0,True,True,0.8474251499278925,0.8860566811001083,False,False,0.03863153117221574,28.594280242919922
01002,25,25,0,1.0,0.0,0.0,0.0,0.0,False,False,0.0,0.018600400231582926,True,True,0.018600400231582926,28.594280242919922
01002,26,26,0,1.0,0.0,0.0,0.0,0.0,True,True,0.814914106456559,0.8848672462886467,True,False,0.06995313983208762,28.594280242919922
01002,27,27,0,1.0,0.0,0.0,0.0,0.0,True,True,0.7632850496236666,0.8015334213389057,False,False,0.03824837171523909,28.594280242919922
01002,28,28,0,1.0,0.0,0.0,0.0,0.0,True,True,0.6811664585283325,0.9459410901884981,True,False,0.2647746316601657,28.594280242919922
01002,29,29,0,1.0,0.0,0.0,0.0,0.0,True,True,0.7836007916093322,0.9019638961470543,False,False,0.11836310453772214,28.594280242919922
01002,30,30,0,1.0,0.0,0.0,0.0,0.0,True,True,0.8090179691955917,0.8549226333746895,False,False,0.04590466417909789,28.594280242919922
01002,31,31,0,1.0,0.0,0.0,0.0,0.0,True,True,0.8264756675789958,0.9341118867309223,True,False,0.10763621915192645,28.594280242919922
01002,32,32,0,1.0,0.0,0.0,0.0,0.0,True,True,0.9438312686757682,0.940457865583031,False,False,-0.0033734030927371483,28.594280242919922
01002,33,33,0,1.0,0.0,0.0,0.0,0.0,False,True,0.0,0.8689481805784817,True,False,0.8689481805784817,28.594280242919922
01002,34,34,0,1.0,0.0,0.0,0.0,0.0,True,True,0.8406771133111209,0.9165113047658945,False,False,0.07583419145477355,28.594280242919922
01008,0,0,0,0.8660968934698048,0.004882810000000043,0.037785202013863435,0.0,-0.004882810000000043,True,True,0.8899729463241501,0.8344594530366843,False,False,-0.0555134932874658,56.82668685913086
01008,1,1,0,1.0,0.0,0.0,0.0,0.0,True,True,0.8766916356319273,0.9149002793271549,False,False,0.038208643695227584,56.82668685913086
01008,2,2,0,0.6766058950063091,0.008926868540176942,0.07823726880281501,0.0015625000000000222,-0.008789060000000043,True,True,0.833807544575788,0.7874529866701254,False,False,-0.04635455790566256,56.82668685913086
01008,3,3,0,1.0,0.0,0.0,0.0,0.0,True,True,0.7646546642441645,0.8514273472888475,False,False,0.086772683044683,56.82668685913086
01008,4,4,0,0.6441006064235204,0.018372873960232794,0.16591937700653578,0.013281250000000022,-0.012695309999999987,True,True,0.7804052553934474,0.7850711541433022,False,False,0.004665898749854791,56.82668685913086
01008,5,5,0,0.8331086176276447,0.009110862335695816,0.06993716058453464,-0.004687500000000067,-0.0078125,True,True,0.9463198492377191,0.9483425108003175,False,False,0.002022661562598449,56.82668685913086
01008,6,6,0,1.0,0.0,0.0,0.0,0.0,True,True,0.847807575796954,0.7970672991574345,False,False,-0.05074027663951952,56.82668685913086
01011,0,0,0,1.0,0.0,0.0,0.0,0.0,True,True,0.7195654494170971,0.9341814161647803,False,False,0.21461596674768324,55.37955093383789
01011,1,1,0,1.0,0.0,0.0,0.0,0.0,True,True,0.8431234582625432,0.9078452222205362,False,False,0.064721763957993,55.37955093383789
01011,2,2,0,1.0,0.0,0.0,0.0,0.0,True,True,0.708241597144701,0.8191608883427145,False,False,0.11091929119801347,55.37955093383789
01011,3,3,0,1.0,0.0,0.0,0.0,0.0,True,True,0.7148210223188398,0.9328617319072724,False,False,0.21804070958843258,55.37955093383789
01011,4,4,0,0.5380853793308876,0.017647427829131392,0.21532593551737583,-0.0015625000000000083,0.01757812000000003,True,True,0.8626537290196683,0.8860874063280016,False,False,0.023433677308333345,55.37955093383789
01011,5,5,0,1.0,0.0,0.0,0.0,0.0,True,True,0.8694752543370419,0.8340147330346356,False,False,-0.03546052130240629,55.37955093383789
01011,6,6,0,1.0,0.0,0.0,0.0,0.0,True,True,0.8744138359066835,0.9220490046531852,False,False,0.047635168746501644,55.37955093383789
01011,7,7,0,1.0,0.0,0.0,0.0,0.0,True,True,0.8631350277204825,0.9124953282105757,False,False,0.04936030049009321,55.37955093383789
01011,8,8,0,1.0,0.0,0.0,0.0,0.0,True,True,0.9102821456573942,0.8749633895943056,False,False,-0.03531875606308854,55.37955093383789
01011,9,9,0,1.0,0.0,0.0,0.0,0.0,True,True,0.8245469580772048,0.8305904408615924,False,False,0.006043482784387599,55.37955093383789
01011,12,12,0,1.0,0.0,0.0,0.0,0.0,True,True,0.7531321594642973,0.8853376026559571,False,False,0.13220544319165972,55.37955093383789
01011,13,13,0,1.0,0.0,0.0,0.0,0.0,True,True,0.6944496563207185,0.9742358816134313,False,False,0.2797862252927128,55.37955093383789
01011,14,14,0,1.0,0.0,0.0,0.0,0.0,True,True,0.8056220847272229,0.9190665960514677,False,False,0.11344451132424482,55.37955093383789
01011,15,15,0,1.0,0.0,0.0,0.0,0.0,True,True,0.8035493302964875,0.816876108063446,False,False,0.013326777766958564,55.37955093383789
01011,16,16,0,1.0,0.0,0.0,0.0,0.0,True,True,0.8325643793079174,0.8984524797316565,False,False,0.06588810042373916,55.37955093383789
01012,0,0,0,1.0,0.0,0.0,0.0,0.0,True,True,0.7466151462904583,0.9268249151778009,False,False,0.18020976888734253,52.59171676635742
01012,1,1,0,1.0,0.0,0.0,0.0,0.0,True,True,0.7980598954985336,0.7884337784338693,False,False,-0.009626117064664319,52.59171676635742
01012,2,2,0,1.0,0.0,0.0,0.0,0.0,True,True,0.7965096335584486,0.7840723039721436,False,False,-0.012437329586305057,52.59171676635742
01012,3,3,0,1.0,0.0,0.0,0.0,0.0,True,True,0.9320748752444816,0.8975205494710935,False,False,-0.03455432577338813,52.59171676635742
01012,4,4,0,1.0,0.0,0.0,0.0,0.0,True,True,0.9035265593093439,0.8748540212261962,False,False,-0.028672538083147736,52.59171676635742
01012,5,5,0,1.0,0.0,0.0,0.0,0.0,True,True,0.8073934099897572,0.8256329688488439,False,False,0.01823955885908668,52.59171676635742
01012,6,6,0,1.0,0.0,0.0,0.0,0.0,True,True,0.8222172673373417,0.8331971853410329,False,False,0.010979918003691247,52.59171676635742
01012,7,7,0,0.8229425540786544,0.006064135571901396,0.09078626936344926,0.0015624999999999667,-0.005859379999999997,True,True,0.7234884230864204,0.7994229772895879,False,False,0.07593455420316753,52.59171676635742
01012,8,8,0,1.0,0.0,0.0,0.0,0.0,True,True,0.8748011968994792,0.8920726101437785,False,False,0.01727141324429926,52.59171676635742
01012,9,9,0,1.0,0.0,0.0,0.0,0.0,True,True,0.7953563089355888,0.8505396236114784,False,False,0.05518331467588955,52.59171676635742
01012,10,10,0,0.7962963437037034,0.01074217999999999,0.16842335146283513,0.0,0.01074217999999999,True,True,0.9009243803484808,0.6964855032147088,False,False,-0.20443887713377196,52.59171676635742
01012,11,11,0,0.8478260869565207,0.004207150720808482,0.06710503494009216,0.0015624999999999112,0.0039062399999999498,True,True,0.8310882559635999,0.8774803908549654,False,False,0.04639213489136551,52.59171676635742
01012,12,12,0,0.9411764705882345,0.0015625000000000222,0.022140372138502687,-0.0015625000000000222,0.0,True,True,0.8622382166694539,0.9331217653566062,False,False,0.0708835486871523,52.59171676635742
01016,0,0,0,1.0,0.0,0.0,0.0,0.0,False,True,0.0,0.912745820461892,False,False,0.912745820461892,7.548290729522705
01016,1,1,0,1.0,0.0,0.0,0.0,0.0,True,True,0.7379646054727735,0.8661969439209848,False,False,0.12823233844821125,7.548290729522705
01016,2,2,2,0.9065077910174152,0.00420716000557384,0.03048749218101061,-0.0015625000000000222,-0.00390625,False,True,0.0,0.9618489886707835,False,False,0.9618489886707835,7.548290729522705
01016,3,3,2,1.0,0.0,0.0,0.0,0.0,False,False,0.0,0.0,False,True,0.0,7.548290729522705
01016,4,4,0,0.20707360752492465,0.03156336617004593,0.5554761890462645,-0.018749999999999996,-0.025390620000000003,True,True,0.6784476630778382,0.6070871917946822,False,False,-0.07136047128315604,7.548290729522705
01021,0,0,0,1.0,0.0,0.0,0.0,0.0,True,True,0.8051848314077552,0.9308975242920658,False,False,0.12571269288431064,60.10194778442383
01021,1,1,0,0.8461537249704228,0.01171875999999994,0.10660044914344365,0.0,-0.01171875999999994,True,True,0.9424922961796776,0.936731824211261,False,False,-0.005760471968416558,60.10194778442383
01021,2,2,0,0.8144703653447594,0.010855231561145979,0.09709214272889431,0.0015625000000000222,-0.010742189999999985,True,True,0.8392066055719083,0.8261337011184798,False,False,-0.013072904453428458,60.10194778442383
01021,3,3,0,1.0,0.0,0.0,0.0,0.0,True,True,0.8057095414849865,0.8329285381709731,False,False,0.027218996685986596,60.10194778442383
01021,4,4,0,0.9000000768000068,0.005859369999999975,0.056421240148706905,0.0,-0.005859369999999975,True,True,0.7379842088840801,0.8203822432253555,False,False,0.08239803434127535,60.10194778442383
01021,5,5,0,0.8769230720757395,0.0078125,0.07214061073873773,0.0,-0.0078125,True,True,0.8529867762675893,0.8703766639663235,False,False,0.017389887698734174,60.10194778442383
01022,0,0,0,1.0,0.0,0.0,0.0,0.0,True,True,0.7589734068362745,0.7855987250197688,False,False,0.02662531818349434,23.546964645385742
01022,1,1,1,1.0,0.0,0.0,0.0,0.0,True,True,0.8667298239190648,0.8967605222422523,False,False,0.0300306983231875,23.546964645385742
01027,0,0,2,0.7777041834470785,0.023228232417685145,0.11478391808627532,0.021874999999999978,-0.0078125,True,True,0.8723524572961979,0.9372546562453137,False,False,0.06490219894911575,133.3220977783203
01027,1,1,1,1.0,0.0,0.0,0.0,0.0,True,True,0.7864131448600947,0.8091790254688115,False,False,0.02276588060871676,133.3220977783203
01027,2,2,2,0.9312163183111913,0.011006544464999043,0.04454815102677997,0.010937500000000044,-0.0012309000000000347,True,True,0.8786271833598353,0.8440746940757478,False,False,-0.034552489284087495,133.3220977783203
01032,0,0,2,1.0,0.0,0.0,0.0,0.0,True,True,0.8854036014652582,0.8795124053452307,False,False,-0.005891196120027531,126.43782043457031
01032,1,1,3,1.0,0.0,0.0,0.0,0.0,True,True,0.9749411739808473,0.9433791061155838,False,False,-0.0315620678652635,126.43782043457031
01032,2,2,3,1.0,0.0,0.0,0.0,0.0,True,True,0.9320139449701741,0.9080179734932955,False,False,-0.023995971476878597,126.43782043457031
01032,3,3,2,1.0,0.0,0.0,0.0,0.0,False,True,0.0,0.7719646867077828,False,False,0.7719646867077828,126.43782043457031
01032,4,4,2,1.0,0.0,0.0,0.0,0.0,False,False,0.0,0.0,False,False,0.0,126.43782043457031
01032,5,5,0,1.0,0.0,0.0,0.0,0.0,True,True,0.7003929498262448,0.7177960555779133,False,False,0.01740310575166848,126.43782043457031
01032,6,6,0,1.0,0.0,0.0,0.0,0.0,True,True,0.753174952345011,0.7995623876442439,False,False,0.04638743529923295,126.43782043457031
01032,7,7,0,1.0,0.0,0.0,0.0,0.0,True,True,0.8470774611913596,0.7342513080982467,False,False,-0.11282615309311295,126.43782043457031
01032,8,8,0,1.0,0.0,0.0,0.0,0.0,True,True,0.7341948087519362,0.596219427002689,False,False,-0.13797538174924717,126.43782043457031
01032,9,9,0,1.0,0.0,0.0,0.0,0.0,True,True,0.9305854669105671,0.6940995398552439,False,False,-0.23648592705532323,126.43782043457031
01033,0,0,3,0.8116091720755949,0.007625201031717065,0.057279335238673075,-0.007031249999999933,0.002950459999999988,True,True,0.9211480864467774,0.8295093823257834,False,False,-0.09163870412099395,70.72293853759766
01033,1,1,0,1.0,0.0,0.0,0.0,0.0,True,True,0.7908879270915709,0.8919877567031429,False,False,0.10109982961157205,70.72293853759766
01033,2,2,0,0.7469099389821028,0.011822457773766844,0.17567736104416273,-0.0015625000000000222,-0.01171875,True,True,0.8683913180826746,0.82246703615194,False,False,-0.04592428193073461,70.72293853759766
01033,3,3,0,1.0,0.0,0.0,0.0,0.0,True,True,0.844742440311843,0.9207518060479668,False,False,0.07600936573612382,70.72293853759766
01033,4,4,0,1.0,0.0,0.0,0.0,0.0,True,True,0.892188509726967,0.8356575622049781,False,False,-0.05653094752198884,70.72293853759766
01033,6,6,1,1.0,0.0,0.0,0.0,0.0,True,True,0.9367492416847438,0.9317075433524397,True,False,-0.0050416983323041675,70.72293853759766
01033,7,7,2,1.0,0.0,0.0,0.0,0.0,True,True,0.9136022798845117,0.9307153330893309,False,False,0.01711305320481915,70.72293853759766
01042,0,0,0,1.0,0.0,0.0,0.0,0.0,False,True,0.0,0.8425453093230666,False,False,0.8425453093230666,13.268660545349121
01042,1,1,0,1.0,0.0,0.0,0.0,0.0,False,True,0.0,0.8902465483651001,False,False,0.8902465483651001,13.268660545349121
01042,2,2,0,1.0,0.0,0.0,0.0,0.0,False,True,0.0,0.827751847268711,False,False,0.827751847268711,13.268660545349121
01042,3,3,0,1.0,0.0,0.0,0.0,0.0,True,True,0.6926676938262858,0.8674627753321047,False,False,0.1747950815058189,13.268660545349121
01042,4,4,0,1.0,0.0,0.0,0.0,0.0,False,True,0.0,0.7968740972733185,False,False,0.7968740972733185,13.268660545349121
01042,5,5,0,1.0,0.0,0.0,0.0,0.0,True,True,0.8734138164980133,0.8448035395768624,False,False,-0.028610276921150923,13.268660545349121
01042,6,6,0,1.0,0.0,0.0,0.0,0.0,True,True,0.7721341465308387,0.8993874890092728,False,False,0.12725334247843412,13.268660545349121
01042,7,7,0,1.0,0.0,0.0,0.0,0.0,True,True,0.7435118107893396,0.8672861867080609,False,False,0.12377437591872131,13.268660545349121
01042,8,8,0,1.0,0.0,0.0,0.0,0.0,False,True,0.0,0.8001006952493374,False,False,0.8001006952493374,13.268660545349121
01042,9,9,0,1.0,0.0,0.0,0.0,0.0,False,True,0.0,0.9490062723275682,False,False,0.9490062723275682,13.268660545349121
01042,10,10,0,1.0,0.0,0.0,0.0,0.0,False,True,0.0,0.9169152369842746,False,False,0.9169152369842746,13.268660545349121
01042,11,11,0,1.0,0.0,0.0,0.0,0.0,False,True,0.0,0.8856358563502721,False,False,0.8856358563502721,13.268660545349121
01042,12,12,0,1.0,0.0,0.0,0.0,0.0,True,True,0.8450787282711029,0.9209355093437388,False,False,0.07585678107263594,13.268660545349121
01042,13,13,0,1.0,0.0,0.0,0.0,0.0,True,True,0.7778073385101865,0.7726944666648432,False,False,-0.005112871845343259,13.268660545349121
01042,14,14,0,1.0,0.0,0.0,0.0,0.0,True,True,0.8527132378990794,0.8821204398833544,False,False,0.029407201984275044,13.268660545349121
01042,15,15,0,1.0,0.0,0.0,0.0,0.0,True,True,0.8898395640195911,0.8740969311730771,False,False,-0.015742632846514004,13.268660545349121
01042,16,16,0,1.0,0.0,0.0,0.0,0.0,True,True,0.861092878598002,0.939628759481959,False,False,0.07853588088395702,13.268660545349121
01042,17,17,0,1.0,0.0,0.0,0.0,0.0,True,True,0.8077511865765102,0.838014135569457,False,False,0.030262948992946792,13.268660545349121
01042,18,18,0,1.0,0.0,0.0,0.0,0.0,True,True,0.8911577634686579,0.8950337673148085,False,False,0.0038760038461506108,13.268660545349121
01042,19,19,0,1.0,0.0,0.0,0.0,0.0,True,True,0.8879438283812149,0.9332644079599771,False,False,0.04532057957876223,13.268660545349121
01042,20,20,0,1.0,0.0,0.0,0.0,0.0,False,True,0.22804418641585744,0.8620671288102646,False,False,0.6340229423944072,13.268660545349121
01042,21,21,0,1.0,0.0,0.0,0.0,0.0,True,True,0.8453725212773858,0.8513813457698273,False,False,0.006008824492441445,13.268660545349121
01042,22,22,0,1.0,0.0,0.0,0.0,0.0,True,True,0.8358076485849875,0.8668432151208995,False,False,0.031035566535911996,13.268660545349121
01042,23,23,0,1.0,0.0,0.0,0.0,0.0,True,True,0.867508216808156,0.8487845795847562,False,False,-0.01872363722339987,13.268660545349121
01042,24,24,0,1.0,0.0,0.0,0.0,0.0,True,True,0.7743783315949517,0.8286935135520057,False,False,0.05431518195705398,13.268660545349121
01042,25,25,0,1.0,0.0,0.0,0.0,0.0,True,True,0.8198318170095735,0.8635830450881825,False,False,0.043751228078608984,13.268660545349121
01042,26,26,0,1.0,0.0,0.0,0.0,0.0,True,True,0.8486955680829213,0.8456959486972978,False,False,-0.002999619385623542,13.268660545349121
01042,27,27,0,1.0,0.0,0.0,0.0,0.0,True,True,0.8240687613110393,0.9444976271384016,False,False,0.12042886582736223,13.268660545349121
01042,28,28,0,1.0,0.0,0.0,0.0,0.0,True,True,0.7026728592532924,0.8630439123829704,False,False,0.16037105312967803,13.268660545349121
01042,29,29,0,1.0,0.0,0.0,0.0,0.0,True,True,0.9012900825477265,0.966526104921837,False,False,0.06523602237411052,13.268660545349121
01078,0,0,0,1.0,0.0,0.0,0.0,0.0,True,True,0.9356127634792795,0.7287130339520985,False,False,-0.20689972952718094,133.11517333984375
01078,1,1,0,1.0,0.0,0.0,0.0,0.0,True,True,0.7800225647804679,0.7038249854651358,False,False,-0.07619757931533211,133.11517333984375
01078,2,2,2,1.0,0.0,0.0,0.0,0.0,True,True,0.8826047043581691,0.8199980001915325,False,False,-0.0626067041666366,133.11517333984375
01078,3,3,2,1.0,0.0,0.0,0.0,0.0,True,True,0.8529960968579251,0.9542259707720934,False,False,0.10122987391416827,133.11517333984375
01078,4,4,1,0.8178505284719122,0.004865869999999939,0.03077772076431839,-0.004865869999999939,0.0,True,True,0.8858543019652935,0.9317471341206148,False,False,0.04589283215532136,133.11517333984375
01078,5,5,1,0.814814814814815,0.006249999999999978,0.03608879746405098,0.006249999999999978,0.0,True,True,0.7722710302365206,0.9178698115632694,False,False,0.14559878132674886,133.11517333984375
01078,6,6,1,0.7200471897892421,0.02568935345351063,0.14854741674094823,0.00390625,-0.02539062999999997,False,False,0.0,0.0,True,True,0.0,133.11517333984375
01091,0,0,0,0.7777777777777769,0.006250000000000033,0.07254762501100154,0.006250000000000033,0.0,True,True,0.8889051848595159,0.9420549911902273,False,False,0.053149806330711424,53.908390045166016
01091,1,1,0,0.7502214785529113,0.00805293946235783,0.08467209435673484,0.0078125,0.0019531200000000026,True,True,0.9605701407432363,0.9343422123298195,False,False,-0.026227928413416812,53.908390045166016
01091,2,2,0,0.9047619047619033,0.0031250000000000444,0.03202563076101788,0.0031250000000000444,0.0,True,True,0.7777939628967578,0.9318915317929527,False,False,0.15409756889619486,53.908390045166016
01091,3,3,0,0.6097560975609765,0.012499999999999956,0.14479786243733309,0.012499999999999956,0.0,True,True,0.7984006336163267,0.9329995943683106,False,False,0.13459896075198385,53.908390045166016
01091,4,4,0,0.6356877323420086,0.014740595518838407,0.14222261679238152,0.012499999999999956,-0.0078125,True,True,0.957442290755482,0.8613514925662796,False,False,-0.09609079818920241,53.908390045166016
01091,5,5,0,0.8521559540182737,0.008052941887714072,0.0767443269584062,0.0078125,0.0019531299999999696,True,True,0.8928604032305495,0.9195362253267733,False,False,0.026675822096223767,53.908390045166016
01091,6,6,0,0.8352941176470589,0.010937499999999989,0.11815292615976102,0.010937499999999989,0.0,True,True,0.9027568916663957,0.8784365690820792,False,False,-0.02432032258431649,53.908390045166016
01091,7,7,0,0.8064516129032258,0.014062500000000006,0.16309809186468122,0.014062500000000006,0.0,True,True,0.7166460388357145,0.9038505500671264,False,False,0.1872045112314119,53.908390045166016
01091,8,8,0,0.9139784946236559,0.0062500000000000056,0.05996253511966897,0.0062500000000000056,0.0,True,True,0.886368467382401,0.8694132675573144,False,False,-0.016955199825086642,53.908390045166016
01091,9,9,0,0.5709893315976512,0.037702901600042645,0.32749510607211585,0.03749999999999998,-0.00390625,True,True,0.933367808887733,0.9082411763095273,False,False,-0.025126632578205688,53.908390045166016
01124,0,0,0,1.0,0.0,0.0,0.0,0.0,True,True,0.9405752568066094,0.9023691055300794,False,False,-0.03820615127652993,75.0493392944336
01124,1,1,0,0.7841589308284129,0.0071408881888039705,0.07236357065789613,-0.00390625,0.005977750000000004,True,True,0.7856136977548086,0.8188687960464658,False,False,0.03325509829165718,75.0493392944336
01124,2,2,0,0.8002915124567866,0.011187505128316155,0.09852464229677547,0.0031250000000000444,-0.010742189999999999,True,True,0.8219802440490024,0.9515328681767293,False,False,0.12955262412772695,75.0493392944336
01124,3,3,0,0.937499908000006,0.00488282000000001,0.03751882106272949,0.0,0.00488282000000001,True,True,0.8986203676430081,0.8518710378945997,False,False,-0.0467493297484084,75.0493392944336
01124,4,4,0,0.9287598944591018,0.003983608994994376,0.03429971702850188,-0.0007812500000000666,0.00390625,True,True,0.9081941424759523,0.8380142084696327,False,False,-0.07017993400631961,75.0493392944336
01124,5,5,0,1.0,0.0,0.0,0.0,0.0,True,True,0.9465812925206589,0.9637802728122847,False,False,0.01719898029162581,75.0493392944336
01124,6,6,3,0.8619225669565216,0.009096193695502568,0.03268749490686188,-0.002343749999999978,0.008789060000000043,True,True,0.9653483738319167,0.8761687175929106,False,False,-0.08917965623900614,75.0493392944336
01124,7,7,3,0.8470588235294118,0.008734640537108554,0.036544084137792886,0.0078125,-0.00390625,True,True,0.9424771244956234,0.9227837385902607,False,False,-0.019693385905362626,75.0493392944336
01144,0,0,0,0.4800783394101868,0.014548416681941727,0.21531530528331677,-0.010156249999999999,-0.010416670000000017,True,True,0.8685235850454226,0.6696386660761056,False,False,-0.19888491896931704,50.53864669799805
01144,1,1,0,0.6443299297835402,0.015280627463674408,0.16577977272869512,-0.012500000000000011,-0.008789060000000015,True,True,0.8580809012847491,0.8453488897341608,False,False,-0.01273201155058834,50.53864669799805
01144,2,2,0,0.4833281180149834,0.023281546925539534,0.2715867303222888,-0.014062499999999978,-0.01855469,True,True,0.7468975765537931,0.8628828393671032,False,False,0.11598526281331012,50.53864669799805
01144,3,3,0,0.5612822124450026,0.019072743149583935,0.21905962099925005,-0.010937500000000044,-0.015625,True,False,0.8740514600190716,0.008934117825673483,False,True,-0.8651173421933982,50.53864669799805
01144,4,4,0,0.5642168443952819,0.017120783867405103,0.21350907131053315,-0.014062499999999978,-0.009765619999999975,True,True,0.8302625222922122,0.9136255059692651,False,False,0.08336298367705286,50.53864669799805
01144,5,5,0,0.6241501223823768,0.016572815184059706,0.17928429140015906,-0.01171875,-0.01171875,True,True,0.9263781699306473,0.8592402620087163,False,False,-0.06713790792193097,50.53864669799805
01144,6,6,0,0.6333333333333333,0.014084184669781208,0.1708811264857493,-0.01171875,-0.0078125,True,True,0.8758759306507052,0.8862524903334942,False,False,0.010376559682788944,50.53864669799805
01144,7,7,0,0.5619481478905106,0.02018060810182394,0.22125662251073772,-0.014843750000000044,-0.01367187000000003,True,True,0.8482722070256967,0.8505714791942384,False,False,0.002299272168541644,50.53864669799805
01144,8,8,0,0.684039087947882,0.011614116208842624,0.1461961269785231,-0.010937500000000044,-0.00390625,True,True,0.7858310793570278,0.8616350733565092,False,False,0.07580399399948146,50.53864669799805
01144,9,9,0,0.7048951048951048,0.011048543456039806,0.12808938634475367,-0.0078125,-0.0078125,True,True,0.8956234593068516,0.9059079245351932,False,False,0.010284465228341588,50.53864669799805
01144,10,10,0,0.702956593008604,0.011594388038374441,0.1341427149488917,-0.006249999999999978,-0.00976562000000003,True,True,0.9391488917862604,0.9020587368635143,False,False,-0.03709015492274603,50.53864669799805
01144,11,11,0,0.6691939402167487,0.011614116208842631,0.14788630773701353,-0.008593750000000067,-0.0078125,False,True,0.0535993506735326,0.7927289032799084,False,False,0.7391295526063758,50.53864669799805
01144,12,13,0,0.731225253248761,0.011323073334837189,0.13756654033989246,-0.010937500000000044,0.0029296899999999987,True,True,0.5668696465425463,0.8923207859483595,False,False,0.32545113940581316,50.53864669799805
01144,13,14,0,0.6292134831460668,0.01593443597997746,0.18937283058959986,0.0031250000000000444,-0.015625,True,True,0.8104113954582189,0.8503706397340346,False,False,0.03995924427581565,50.53864669799805
01144,14,15,0,0.7005765179106936,0.010147193409022029,0.17101857447360938,-0.0031250000000000444,-0.00965400999999999,True,True,0.7786028624765297,0.8910983144016629,False,False,0.11249545192513322,50.53864669799805
01144,15,16,0,0.616438356164384,0.017469281074217056,0.1879115070007066,-0.0078125,-0.015624999999999944,True,True,0.8102881586324345,0.8868774616135979,False,False,0.0765893029811634,50.53864669799805
01144,16,17,0,0.6556290773211724,0.013537287553158492,0.1549839114230998,-0.009375000000000022,-0.00976562999999997,True,True,0.910170513036882,0.9315165895397807,False,False,0.02134607650289866,50.53864669799805
01144,17,18,0,0.6180698419992502,0.017277152472517,0.18670386139633044,-0.01171875,-0.012695310000000015,True,True,0.8419739297558383,0.8563000440167077,False,False,0.014326114260869383,50.53864669799805
01144,18,19,0,0.7111069669144509,0.0147832357776841,0.121916103280509,-0.010156249999999978,-0.010742189999999985,True,False,0.969228562949551,0.0,False,True,-0.969228562949551,50.53864669799805
01144,19,20,0,0.6913443746819089,0.013282679978167093,0.13470626387323312,-0.0078125,-0.010742180000000046,True,True,0.9624110290535517,0.9105460258190364,False,False,-0.05186500323451526,50.53864669799805
01144,20,21,0,0.6743003374690664,0.014453120270270393,0.1612663029524767,-0.004687500000000011,-0.01367187000000003,True,True,0.8944088022618685,0.8842877155182877,False,False,-0.01012108674358081,50.53864669799805
01144,21,22,3,0.8707827227581456,0.010832358479777185,0.05298477720134553,-0.004687500000000011,-0.00976562000000003,True,True,0.9687060906667309,0.9139826918595692,False,False,-0.054723398807161705,50.53864669799805
01146,0,0,0,1.0,0.0,0.0,0.0,0.0,True,True,0.8582123487992395,0.9006425340966197,False,False,0.042430185297380185,45.59199905395508
01146,1,1,0,1.0,0.0,0.0,0.0,0.0,True,True,0.8762109590924885,0.9334205888772988,False,False,0.05720962978481037,45.59199905395508
01146,2,2,0,1.0,0.0,0.0,0.0,0.0,True,True,0.8751799201561278,0.6258145617886417,False,False,-0.24936535836748608,45.59199905395508
01146,3,3,0,1.0,0.0,0.0,0.0,0.0,True,True,0.8472087980399065,0.9493492335983883,False,False,0.10214043555848185,45.59199905395508
01146,4,4,0,1.0,0.0,0.0,0.0,0.0,True,True,0.77818912137318,0.8525345500122402,False,False,0.07434542863906024,45.59199905395508
01146,5,5,0,0.31805148650011733,0.02198979854920001,0.42433111856406086,0.004687500000000011,-0.02148437999999997,True,False,0.5289029183732238,0.0,False,False,-0.5289029183732238,45.59199905395508
01146,6,6,0,1.0,0.0,0.0,0.0,0.0,False,False,0.0,0.0,False,False,0.0,45.59199905395508
01146,7,7,0,1.0,0.0,0.0,0.0,0.0,True,False,0.7955248887296826,0.0,False,False,-0.7955248887296826,45.59199905395508
01146,8,8,0,1.0,0.0,0.0,0.0,0.0,True,False,0.8435343116450431,0.0,False,False,-0.8435343116450431,45.59199905395508
01146,9,9,0,1.0,0.0,0.0,0.0,0.0,True,False,0.5349414410958786,0.0,False,False,-0.5349414410958786,45.59199905395508
01149,0,0,0,0.4090908762975211,0.03450128210366826,0.4579348857314726,-0.009375000000000022,-0.03320313,True,True,0.8556885866081899,0.8891967481282752,False,False,0.03350816152008529,33.576290130615234
01149,1,2,0,1.0,0.0,0.0,0.0,0.0,False,True,0.0,0.8917499837363946,False,False,0.8917499837363946,33.576290130615234
01149,2,3,0,0.4328358208955224,0.02364491554753368,0.3088958832141773,-0.003124999999999989,-0.0234375,True,True,0.9407847593411194,0.8256258977437174,False,False,-0.11515886159740196,33.576290130615234
01149,3,4,0,0.45454545454545453,0.0234375,0.3061862178478973,0.0,-0.0234375,True,True,0.8705791782795932,0.9524112701978374,False,False,0.08183209191824425,33.576290130615234
01149,4,5,0,1.0,0.0,0.0,0.0,0.0,True,True,0.5518764029594783,0.9430315291653182,False,False,0.3911551262058399,33.576290130615234
01149,5,6,0,0.2757009345794392,0.028048942298462887,0.39672037682359784,-0.006250000000000033,-0.02734375,True,True,0.8597324652303315,0.8991229911897518,False,False,0.039390525959420275,33.576290130615234
01149,6,7,0,0.24829474043503894,0.03410985684497078,0.45643539945953576,-0.0078125,-0.03320312,True,True,0.781870969453701,0.798115115571328,False,False,0.016244146117626923,33.576290130615234
01149,7,8,0,0.12857156088329622,0.036028632890001536,0.5357333083242757,-0.007880429999999994,-0.035156240000000005,True,True,0.544861303951065,0.8868767644743196,False,False,0.3420154605232546,33.576290130615234
01149,8,9,4,0.42748099041936555,0.025582204928121445,0.3091373749282736,-0.0031249999999999334,-0.02539062000000003,True,True,0.891577216107451,0.8796312016592404,False,False,-0.01194601444821064,33.576290130615234
01149,9,10,0,0.4418604983450492,0.0234375,0.3085250775843121,0.0,-0.0234375,True,True,0.8174609771189204,0.8213494243394655,False,False,0.0038884472205450438,33.576290130615234
01166,0,0,0,0.8285714285714295,0.00610175755930204,0.06508541396588845,-0.004687499999999956,-0.00390625,True,True,0.9164121040317802,0.8920540730090452,False,False,-0.02435803102273504,16.46314239501953
01166,1,1,0,1.0,0.0,0.0,0.0,0.0,False,True,0.0,0.9085639634501725,False,False,0.9085639634501725,16.46314239501953
01166,2,2,1,1.0,0.0,0.0,0.0,0.0,False,False,0.0,0.0,True,True,0.0,16.46314239501953
01166,3,3,4,0.9772727854545451,0.0009765600000000152,0.01097164014721833,0.0,0.0009765600000000152,False,False,0.0,0.0,True,True,0.0,16.46314239501953
01166,4,6,0,1.0,0.0,0.0,0.0,0.0,False,True,0.24239355550782493,0.8860613323060403,False,False,0.6436677767982154,16.46314239501953
01166,5,7,0,1.0,0.0,0.0,0.0,0.0,True,True,0.8127664046036099,0.8425973003648808,False,False,0.029830895761270848,16.46314239501953
01166,6,8,0,1.0,0.0,0.0,0.0,0.0,True,True,0.7595655450328669,0.7392793097541407,False,False,-0.020286235278726195,16.46314239501953
01166,7,13,0,1.0,0.0,0.0,0.0,0.0,True,True,0.5239061717614352,0.9464758400452941,False,False,0.4225696682838589,16.46314239501953
01166,8,17,0,0.8780487804878047,0.00390625,0.06391374907061426,-0.00390625,0.0,True,True,0.8282950039651058,0.8819878133254878,False,False,0.05369280936038201,16.46314239501953
01166,9,19,0,0.7858770760550227,0.00552771934457599,0.08957022384707247,0.004687499999999956,-0.002929680000000004,True,True,0.9103796525255377,0.8560048034121924,False,False,-0.054374849113345225,16.46314239501953
01173,0,0,0,1.0,0.0,0.0,0.0,0.0,True,True,0.7331213614267967,0.9261380142516625,False,False,0.1930166528248658,3.4938559532165527
01173,1,1,0,1.0,0.0,0.0,0.0,0.0,False,True,0.0,0.8957839506763833,False,False,0.8957839506763833,3.4938559532165527
01173,2,2,4,1.0,0.0,0.0,0.0,0.0,False,False,0.0,0.0,True,True,0.0,3.4938559532165527
01173,3,3,0,1.0,0.0,0.0,0.0,0.0,True,True,0.8028761678145282,0.7980610668248633,False,False,-0.004815100989664867,3.4938559532165527
01173,4,4,0,1.0,0.0,0.0,0.0,0.0,True,True,0.815132947409951,0.8806137571986852,False,False,0.06548080978873416,3.4938559532165527
01173,5,5,0,1.0,0.0,0.0,0.0,0.0,False,True,0.0,0.9456386377125071,False,False,0.9456386377125071,3.4938559532165527
01173,6,6,2,1.0,0.0,0.0,0.0,0.0,False,True,0.0,0.7398699032718639,False,False,0.7398699032718639,3.4938559532165527
01173,7,7,2,1.0,0.0,0.0,0.0,0.0,False,True,0.0,0.7102820047011248,False,False,0.7102820047011248,3.4938559532165527
01173,8,8,2,1.0,0.0,0.0,0.0,0.0,False,True,0.0,0.8322246744003586,False,True,0.8322246744003586,3.4938559532165527
01173,9,9,2,1.0,0.0,0.0,0.0,0.0,False,False,0.0,0.0,True,True,0.0,3.4938559532165527
01173,10,10,0,1.0,0.0,0.0,0.0,0.0,False,True,0.0,0.9340974354369936,False,False,0.9340974354369936,3.4938559532165527
01173,11,11,0,1.0,0.0,0.0,0.0,0.0,False,True,0.0,0.8672465232590472,False,False,0.8672465232590472,3.4938559532165527
01173,12,12,0,1.0,0.0,0.0,0.0,0.0,False,True,0.0,0.8172133442048095,False,False,0.8172133442048095,3.4938559532165527
01173,13,13,0,1.0,0.0,0.0,0.0,0.0,False,True,0.0,0.7598828467288994,False,False,0.7598828467288994,3.4938559532165527
01173,14,14,0,1.0,0.0,0.0,0.0,0.0,False,True,0.0,0.5934344762421971,False,False,0.5934344762421971,3.4938559532165527
01173,15,15,2,1.0,0.0,0.0,0.0,0.0,False,True,0.0,0.8657936050199861,False,True,0.8657936050199861,3.4938559532165527
01173,16,16,1,1.0,0.0,0.0,0.0,0.0,False,True,0.0,0.8839090627186369,False,False,0.8839090627186369,3.4938559532165527
01173,17,17,0,1.0,0.0,0.0,0.0,0.0,True,True,0.7019316329600366,0.8606822382387246,False,False,0.158750605278688,3.4938559532165527
01173,18,18,0,1.0,0.0,0.0,0.0,0.0,True,True,0.8105650391353318,0.8633549978982469,False,False,0.052789958762915035,3.4938559532165527
01173,19,19,0,1.0,0.0,0.0,0.0,0.0,False,True,0.00625175728901533,0.8081086578303371,False,False,0.8018569005413219,3.4938559532165527
01173,20,20,0,1.0,0.0,0.0,0.0,0.0,False,True,0.0,0.8455208724716694,False,False,0.8455208724716694,3.4938559532165527
01173,21,21,0,1.0,0.0,0.0,0.0,0.0,True,True,0.8168632915077053,0.8479642276131466,False,False,0.03110093610544129,3.4938559532165527
01173,22,22,0,1.0,0.0,0.0,0.0,0.0,True,True,0.8215992350041321,0.9124633484210369,False,False,0.09086411341690481,3.4938559532165527
01173,23,23,0,1.0,0.0,0.0,0.0,0.0,True,True,0.8398918949556413,0.9732733613716447,False,False,0.13338146641600335,3.4938559532165527
01173,24,24,0,1.0,0.0,0.0,0.0,0.0,True,True,0.7907995784253216,0.9003369375225115,False,False,0.10953735909718998,3.4938559532165527
01173,25,25,0,1.0,0.0,0.0,0.0,0.0,True,True,0.73915446484232,0.9487196253416922,False,False,0.20956516049937224,3.4938559532165527
01173,26,26,0,1.0,0.0,0.0,0.0,0.0,False,True,0.02338977478631558,0.9211299999441103,False,False,0.8977402251577947,3.4938559532165527
01173,27,27,0,1.0,0.0,0.0,0.0,0.0,False,True,0.0,0.7713342550717063,False,False,0.7713342550717063,3.4938559532165527
01173,28,28,0,1.0,0.0,0.0,0.0,0.0,False,True,0.07851453283519996,0.7969027552703105,False,False,0.7183882224351106,3.4938559532165527
01173,29,29,0,1.0,0.0,0.0,0.0,0.0,True,True,0.741657970420849,0.824219618519673,False,False,0.08256164809882394,3.4938559532165527
01173,30,30,0,1.0,0.0,0.0,0.0,0.0,True,True,0.7245406243455049,0.7965290828149931,False,False,0.0719884584694882,3.4938559532165527
01173,31,31,0,1.0,0.0,0.0,0.0,0.0,False,True,0.14743798368609867,0.8686511570240052,False,False,0.7212131733379066,3.4938559532165527
01173,32,32,0,1.0,0.0,0.0,0.0,0.0,False,True,0.0,0.8444991301621874,False,False,0.8444991301621874,3.4938559532165527
01173,33,33,2,1.0,0.0,0.0,0.0,0.0,False,False,0.0,0.0,False,True,0.0,3.4938559532165527
01173,34,34,2,1.0,0.0,0.0,0.0,0.0,False,False,0.0,0.0,True,True,0.0,3.4938559532165527
01173,35,35,0,1.0,0.0,0.0,0.0,0.0,False,True,0.008922236377931063,0.8039980452356909,False,False,0.7950758088577597,3.4938559532165527
01173,36,36,0,1.0,0.0,0.0,0.0,0.0,False,True,0.0,0.8376855259964288,False,False,0.8376855259964288,3.4938559532165527
01173,37,37,0,1.0,0.0,0.0,0.0,0.0,False,True,0.0,0.9032506062485518,False,False,0.9032506062485518,3.4938559532165527
01173,38,38,0,1.0,0.0,0.0,0.0,0.0,False,True,0.0117340486779279,0.8696220964059713,False,False,0.8578880477280434,3.4938559532165527
01173,39,39,0,1.0,0.0,0.0,0.0,0.0,True,True,0.7777457942647774,0.7975612980572211,False,False,0.01981550379244368,3.4938559532165527
01173,40,40,0,1.0,0.0,0.0,0.0,0.0,False,True,0.0,0.8975337969555521,False,False,0.8975337969555521,3.4938559532165527
01173,41,41,0,1.0,0.0,0.0,0.0,0.0,False,True,0.0,0.8234329169711393,False,False,0.8234329169711393,3.4938559532165527
01173,42,42,0,1.0,0.0,0.0,0.0,0.0,False,True,0.0,0.8835199217853122,False,False,0.8835199217853122,3.4938559532165527
01173,43,43,0,1.0,0.0,0.0,0.0,0.0,False,True,0.0,0.8556254234107731,False,False,0.8556254234107731,3.4938559532165527
01173,44,44,0,1.0,0.0,0.0,0.0,0.0,False,True,0.0748309851947799,0.6924711750043371,False,False,0.6176401898095571,3.4938559532165527
01173,45,45,0,1.0,0.0,0.0,0.0,0.0,False,True,0.0,0.7876657971535175,False,False,0.7876657971535175,3.4938559532165527
01173,46,46,0,1.0,0.0,0.0,0.0,0.0,False,True,0.0,0.6789389733074022,False,False,0.6789389733074022,3.4938559532165527
01173,47,47,0,1.0,0.0,0.0,0.0,0.0,False,True,0.0,0.8708451320089052,False,False,0.8708451320089052,3.4938559532165527
01173,48,48,0,1.0,0.0,0.0,0.0,0.0,False,True,0.0,0.7765929309431528,False,False,0.7765929309431528,3.4938559532165527
01173,49,49,0,1.0,0.0,0.0,0.0,0.0,False,True,0.0,0.783016746990907,False,False,0.783016746990907,3.4938559532165527
01173,50,50,0,1.0,0.0,0.0,0.0,0.0,False,True,0.0,0.6138242187455185,False,False,0.6138242187455185,3.4938559532165527
01173,51,51,0,1.0,0.0,0.0,0.0,0.0,False,True,0.0,0.685514665297208,False,False,0.685514665297208,3.4938559532165527
01173,52,52,0,1.0,0.0,0.0,0.0,0.0,False,True,0.0,0.7462252497485364,False,False,0.7462252497485364,3.4938559532165527
01173,53,53,0,1.0,0.0,0.0,0.0,0.0,False,True,0.0,0.8760672633158646,False,False,0.8760672633158646,3.4938559532165527
01173,54,54,0,1.0,0.0,0.0,0.0,0.0,False,True,0.0,0.7356802825672146,False,False,0.7356802825672146,3.4938559532165527
01173,55,55,0,1.0,0.0,0.0,0.0,0.0,False,True,0.0,0.7127051906942617,False,False,0.7127051906942617,3.4938559532165527
01173,56,56,0,1.0,0.0,0.0,0.0,0.0,False,True,0.0,0.7006462495522898,False,False,0.7006462495522898,3.4938559532165527
01173,57,57,0,1.0,0.0,0.0,0.0,0.0,False,True,0.0,0.6878154611840469,False,False,0.6878154611840469,3.4938559532165527
01173,58,58,0,1.0,0.0,0.0,0.0,0.0,False,True,0.0,0.6521611570349312,False,False,0.6521611570349312,3.4938559532165527
01173,59,59,0,1.0,0.0,0.0,0.0,0.0,False,True,0.0,0.7965008116893874,False,False,0.7965008116893874,3.4938559532165527
01173,60,60,0,1.0,0.0,0.0,0.0,0.0,False,True,0.0,0.8104223933149096,False,False,0.8104223933149096,3.4938559532165527
01173,61,61,0,1.0,0.0,0.0,0.0,0.0,False,True,0.0,0.8312749597126257,False,False,0.8312749597126257,3.4938559532165527
01173,62,62,0,1.0,0.0,0.0,0.0,0.0,False,True,0.0,0.7432679758576273,False,False,0.7432679758576273,3.4938559532165527
01173,63,63,0,1.0,0.0,0.0,0.0,0.0,False,True,0.0,0.7348715460290278,False,False,0.7348715460290278,3.4938559532165527
01173,64,64,0,1.0,0.0,0.0,0.0,0.0,False,True,0.0,0.8330058572842783,False,False,0.8330058572842783,3.4938559532165527
01173,65,65,2,1.0,0.0,0.0,0.0,0.0,False,True,0.0,0.8568661690999732,False,False,0.8568661690999732,3.4938559532165527
01173,66,66,0,1.0,0.0,0.0,0.0,0.0,False,True,0.0,0.7439939642823635,False,False,0.7439939642823635,3.4938559532165527
01173,67,67,0,1.0,0.0,0.0,0.0,0.0,False,True,0.0,0.7757884224276662,False,False,0.7757884224276662,3.4938559532165527
01173,68,68,0,1.0,0.0,0.0,0.0,0.0,False,True,0.0,0.8241001835268823,False,False,0.8241001835268823,3.4938559532165527
01173,69,69,0,1.0,0.0,0.0,0.0,0.0,False,True,0.0,0.7567734190624283,False,False,0.7567734190624283,3.4938559532165527
01173,70,70,2,1.0,0.0,0.0,0.0,0.0,False,False,0.0,0.006729762473864609,False,False,0.006729762473864609,3.4938559532165527
01173,71,71,2,1.0,0.0,0.0,0.0,0.0,False,True,0.0,0.7357563985358012,False,False,0.7357563985358012,3.4938559532165527
01173,72,72,2,1.0,0.0,0.0,0.0,0.0,False,False,0.0,0.038746465050729144,False,True,0.038746465050729144,3.4938559532165527
01173,73,73,2,1.0,0.0,0.0,0.0,0.0,False,True,0.0,0.7186922301707186,False,False,0.7186922301707186,3.4938559532165527
01173,74,74,2,1.0,0.0,0.0,0.0,0.0,False,False,0.0,0.030478589850996964,False,False,0.030478589850996964,3.4938559532165527
01177,0,0,0,0.6315789599753762,0.011048543456039806,0.16933349567508618,-0.0078125,-0.0078125,True,True,0.6687746182641068,0.7121057824408449,False,False,0.0433311641767381,13.455438613891602
01177,1,1,0,0.7579445571331985,0.010156249999999969,0.11401754250991346,-0.009374999999999967,-0.00390625,True,True,0.7769430912100878,0.930923460177999,False,False,0.15398036896791123,13.455438613891602
01177,2,2,0,0.6842106019575286,0.017298116486612083,0.19271779650803472,-0.017187500000000022,-0.0019531200000000026,True,True,0.8251449211527677,0.846317437195708,False,False,0.021172516042940237,13.455438613891602
01177,3,4,0,0.8360655737704911,0.0078125,0.12461118963492332,-0.0078125,0.0,True,True,0.73416561703893,0.8444627193253519,False,False,0.11029710228642187,13.455438613891602
01177,4,5,0,0.33101852832647627,0.01937535376441157,0.29126654696224763,-0.018749999999999933,-0.004882810000000015,True,True,0.8848404826977906,0.927542241850673,False,False,0.042701759152882435,13.455438613891602
01177,5,13,0,0.6533333333333341,0.020312499999999956,0.30791337845845207,-0.020312499999999956,0.0,True,True,0.7407676188205621,0.9059254551404688,False,False,0.16515783631990677,13.455438613891602
01177,6,14,0,0.6301369863013697,0.021093750000000022,0.29459415181859006,-0.021093750000000022,0.0,True,True,0.8299082789233261,0.9044592123126585,False,False,0.07455093338933239,13.455438613891602
01177,7,15,0,0.5189873417721522,0.022221035395824807,0.3501082083810051,-0.021874999999999978,-0.00390625,True,True,0.7730885874899872,0.7565346970754849,False,False,-0.01655389041450228,13.455438613891602
01177,8,16,0,0.6811595213778769,0.014197485128866994,0.20167097439991638,-0.014062499999999978,0.0019531200000000304,True,True,0.7462981296217136,0.9189858637970763,False,False,0.17268773417536265,13.455438613891602
01177,9,18,0,1.0,0.0,0.0,0.0,0.0,True,True,0.6791709784583085,0.8276204501071507,False,False,0.14844947164884215,13.455438613891602
01177,10,21,0,0.3135135331322544,0.022538078672202755,0.31281652868894855,-0.020312500000000004,-0.00976562000000003,True,True,0.8695691645768869,0.8388503294951893,False,False,-0.030718835081697593,13.455438613891602
01177,11,22,0,0.3658536585365852,0.020312500000000004,0.2860772450817586,-0.020312500000000004,0.0,True,True,0.8556128490032667,0.869397349646615,False,False,0.013784500643348241,13.455438613891602
01177,12,23,0,0.43747489408784274,0.01652209783280864,0.22169427161647973,-0.016406249999999997,-0.0019531200000000304,True,True,0.8154273330878786,0.9169455640541934,False,False,0.10151823096631474,13.455438613891602
01177,13,24,0,0.7066666666666667,0.017187499999999994,0.2459674901185125,-0.017187499999999994,0.0,True,True,0.7879180116097292,0.9478927101561125,False,False,0.15997469854638335,13.455438613891602
01177,14,25,0,0.7137713771377132,0.011614116208842598,0.15236235005501123,-0.010937500000000017,-0.00390625,True,True,0.7353737480246363,0.8293623789561796,False,False,0.0939886309315433,13.455438613891602
01177,15,27,0,0.8208955223880601,0.009374999999999994,0.1347549267746371,-0.009374999999999994,0.0,True,True,0.7156337761667678,0.7916472261916526,False,False,0.0760134500248848,13.455438613891602
01177,16,28,0,0.6071427646258649,0.021962020439770566,0.3000949435844813,-0.021875000000000006,-0.0019531299999999696,True,True,0.874873833059956,0.9334216155669746,False,False,0.05854778250701853,13.455438613891602
01177,17,29,0,0.7531645619612247,0.01406249999999995,0.23098396521534748,-0.01406249999999995,0.0,True,True,0.82674200078525,0.9423778199540832,False,False,0.11563581916883325,13.455438613891602
01180,0,0,0,1.0,0.0,0.0,0.0,0.0,True,True,0.8576871428511972,0.7687084259497932,False,False,-0.08897871690140402,32.64529800415039
01180,1,1,0,1.0,0.0,0.0,0.0,0.0,True,True,0.9047286818290156,0.9259723494095049,False,False,0.021243667580489345,32.64529800415039
01180,2,2,0,1.0,0.0,0.0,0.0,0.0,True,True,0.8791369451714278,0.8395987658240776,False,False,-0.039538179347350266,32.64529800415039
01180,3,3,4,1.0,0.0,0.0,0.0,0.0,True,True,0.8346182293439378,0.8718383452198988,False,False,0.03722011587596097,32.64529800415039
01180,4,4,4,1.0,0.0,0.0,0.0,0.0,True,True,0.7597907195847722,0.8593138845379242,False,False,0.09952316495315205,32.64529800415039
01180,5,5,4,1.0,0.0,0.0,0.0,0.0,True,True,0.7964420162763245,0.8740481056515434,False,False,0.07760608937521896,32.64529800415039
01180,6,6,4,1.0,0.0,0.0,0.0,0.0,True,True,0.8118230465098265,0.8805901449039315,False,False,0.068767098394105,32.64529800415039
01180,7,7,4,1.0,0.0,0.0,0.0,0.0,True,True,0.7237861772742659,0.8163267123022626,True,False,0.09254053502799675,32.64529800415039
01188,0,0,0,1.0,0.0,0.0,0.0,0.0,True,True,0.8481856898487309,0.9173758714119764,False,False,0.06919018156324552,43.74799346923828
01188,1,1,0,1.0,0.0,0.0,0.0,0.0,True,True,0.6990305327475781,0.7397617260141378,False,False,0.04073119326655972,43.74799346923828
01188,2,2,0,0.8721682305028243,0.008052941887714072,0.05532701348532594,0.0078125,-0.0019531299999999696,True,True,0.9157140068933725,0.8906636380143725,False,False,-0.025050368878999918,43.74799346923828
01188,3,3,0,0.8211531849464702,0.008052939462357836,0.06546095566072606,0.0078125,-0.0019531200000000304,True,True,0.8890357638044114,0.8911504317330455,False,False,0.0021146679286341286,43.74799346923828
01188,4,4,0,0.7749015204621797,0.010156250000000021,0.08452435578632747,0.009375000000000022,-0.00390625,True,True,0.8535210358033288,0.9398912139980509,False,False,0.08637017819472204,43.74799346923828
01188,5,5,4,0.8095238095238103,0.009374999999999967,0.08263099002245458,0.009374999999999967,0.0,False,False,0.0,0.0,True,True,0.0,43.74799346923828
01188,6,6,0,0.8846153846153842,0.004687500000000011,0.044262666058383006,0.004687500000000011,0.0,True,True,0.7746895522619568,0.9013530442857924,False,False,0.12666349202383564,43.74799346923828
01188,7,7,0,0.8119303583068384,0.008052941887714085,0.06970118314477707,0.0078125,0.001953130000000025,True,True,0.8394203895008542,0.9198223996560041,False,False,0.08040201015514992,43.74799346923828
01188,8,8,0,0.68627450980392,0.012500000000000067,0.11905869272970941,0.012500000000000067,0.0,True,True,0.8277444642793264,0.8461298280494387,False,False,0.01838536377011235,43.74799346923828
01188,9,9,0,0.8139534883720939,0.006249999999999978,0.06405126152203458,0.006249999999999978,0.0,True,True,0.8879235763957137,0.8937928207978465,False,False,0.005869244402132767,43.74799346923828
01188,10,10,0,0.6990606381495337,0.012250075795639016,0.12300480345600404,0.011610580000000037,-0.00390625,True,True,0.7890649392107948,0.7920749037779025,False,False,0.0030099645671076702,43.74799346923828
01188,11,11,0,0.5463283359530627,0.015298027579701194,0.21035186529426572,0.014131429999999945,-0.005859379999999997,True,True,0.7904578486344437,0.8256159272173662,False,False,0.035158078582922525,43.74799346923828
01188,12,12,4,1.0,0.0,0.0,0.0,0.0,False,False,0.0,0.0,True,True,0.0,43.74799346923828
01188,13,13,0,1.0,0.0,0.0,0.0,0.0,True,True,0.8385305945082363,0.9183494627719323,False,False,0.079818868263696,43.74799346923828
01188,14,14,0,1.0,0.0,0.0,0.0,0.0,True,True,0.9065733337678075,0.9138740925054445,False,False,0.007300758737637025,43.74799346923828
01188,15,15,0,0.8390804597701144,0.010937500000000044,0.08249579113843089,0.010937500000000044,0.0,True,True,0.9348874157070068,0.9133661420737835,False,False,-0.021521273633223315,43.74799346923828
01188,16,16,0,0.9344392385928567,0.0036851462297173565,0.024610739653709995,0.003124999999999989,0.0019531200000000304,True,True,0.872620960509398,0.9136326642265257,False,False,0.0410117037171277,43.74799346923828
01188,17,17,2,0.8099688021350756,0.012408111872255158,0.078755080035631,0.010937499999999989,-0.00585937999999997,True,True,0.9326451093223956,0.9074846305860903,False,False,-0.025160478736305336,43.74799346923828
01190,0,0,0,1.0,0.0,0.0,0.0,0.0,True,True,0.8712501670185663,0.8409914366071435,False,False,-0.030258730411422796,149.47262573242188
01190,1,1,0,1.0,0.0,0.0,0.0,0.0,True,True,0.8765936124556197,0.6805814587450347,False,False,-0.196012153710585,149.47262573242188
01190,2,2,0,0.6641163944226083,0.010342344598634272,0.17834181961215426,0.010156249999999978,-0.0019531199999999888,True,True,0.9219839876629085,0.8016019138412505,False,False,-0.120382073821658,149.47262573242188
01190,3,3,0,1.0,0.0,0.0,0.0,0.0,True,True,0.7331918305351067,0.8240871810910415,False,False,0.09089535055593478,149.47262573242188
01190,4,4,0,0.559171597633136,0.013281250000000003,0.23417666339201987,-0.0062500000000000056,-0.01171875,True,True,0.8979841710268247,0.6582441586084303,False,False,-0.23974001241839438,149.47262573242188
01190,5,5,2,1.0,0.0,0.0,0.0,0.0,True,True,0.8979571962175089,0.8957440953284831,False,False,-0.002213100889025821,149.47262573242188
01190,6,6,2,1.0,0.0,0.0,0.0,0.0,True,True,0.8870611009213021,0.8137916675004446,False,False,-0.07326943342085745,149.47262573242188
01190,7,7,2,1.0,0.0,0.0,0.0,0.0,True,False,0.7991251877702916,0.0,False,False,-0.7991251877702916,149.47262573242188
01190,8,8,2,0.8543798148573839,0.007106712247762604,0.05660959878282475,0.007031249999999933,-0.0010328999999999755,True,True,0.7719195145702807,0.7296068348159267,False,False,-0.04231267975435404,149.47262573242188
01190,9,9,2,0.5278906065533279,0.026526797718488378,0.3500971342828885,-0.0015625000000000222,-0.026480740000000003,True,True,0.5316161783001857,0.6150469284562592,False,False,0.08343075015607349,149.47262573242188
01190,10,10,2,1.0,0.0,0.0,0.0,0.0,True,True,0.8190156088063324,0.7497524928511293,False,False,-0.06926311595520307,149.47262573242188
01190,11,11,2,0.690866468136172,0.009576290607375087,0.10830106586247894,-0.009375000000000022,0.0019531299999999696,True,True,0.5673291216281237,0.7782976255782201,False,False,0.21096850395009648,149.47262573242188
01193,0,0,4,0.6663437769275711,0.004283539248810439,0.06610259379917036,-0.0031249999999999334,0.002929689999999985,False,True,0.0,0.6436926807464753,False,True,0.6436926807464753,22.027294158935547
01193,1,1,4,1.0,0.0,0.0,0.0,0.0,False,False,0.0,0.0,True,True,0.0,22.027294158935547
01210,0,0,0,1.0,0.0,0.0,0.0,0.0,True,False,0.8630390435042844,0.08401437591444057,False,False,-0.7790246675898438,127.02244567871094
01210,1,1,0,1.0,0.0,0.0,0.0,0.0,True,True,0.87957259601118,0.7741709064608367,False,False,-0.10540168955034324,127.02244567871094
01210,2,2,0,1.0,0.0,0.0,0.0,0.0,True,False,0.8907310613100293,0.06948750773532646,False,False,-0.8212435535747029,127.02244567871094
01210,3,3,0,1.0,0.0,0.0,0.0,0.0,False,False,0.09239267398229481,0.0,False,False,-0.09239267398229481,127.02244567871094
01210,4,4,0,1.0,0.0,0.0,0.0,0.0,True,True,0.9080489982727611,0.8977124882570597,False,False,-0.01033651001570135,127.02244567871094
01210,5,5,0,1.0,0.0,0.0,0.0,0.0,True,True,0.9487473385001253,0.9385111803645314,False,False,-0.010236158135593865,127.02244567871094
01210,6,6,0,1.0,0.0,0.0,0.0,0.0,True,True,0.8997458423003907,0.9185565691706774,False,False,0.01881072687028673,127.02244567871094
01210,7,7,0,1.0,0.0,0.0,0.0,0.0,True,True,0.9358051233662825,0.808211388437474,False,False,-0.12759373492880854,127.02244567871094
01210,8,8,0,1.0,0.0,0.0,0.0,0.0,True,True,0.9077012663448645,0.8764169477101728,False,False,-0.03128431863469172,127.02244567871094
01210,9,9,0,1.0,0.0,0.0,0.0,0.0,True,True,0.9143771699322402,0.9176032444396655,False,False,0.0032260745074252917,127.02244567871094
01210,10,10,2,1.0,0.0,0.0,0.0,0.0,True,True,0.8764932693381559,0.9055309597064716,False,False,0.029037690368315716,127.02244567871094
01210,11,11,2,1.0,0.0,0.0,0.0,0.0,True,True,0.9752991102587248,0.922271922412731,False,False,-0.053027187845993806,127.02244567871094
01210,12,12,0,1.0,0.0,0.0,0.0,0.0,True,True,0.8491843758713958,0.7888043500379762,False,False,-0.060380025833419615,127.02244567871094
01210,13,13,0,1.0,0.0,0.0,0.0,0.0,True,True,0.9658203181973004,0.7713376450661469,False,False,-0.19448267313115353,127.02244567871094
01210,14,14,0,1.0,0.0,0.0,0.0,0.0,True,True,0.9166117328422937,0.8692459000329955,False,False,-0.04736583280929818,127.02244567871094
01210,15,15,0,1.0,0.0,0.0,0.0,0.0,True,True,0.9330574033707029,0.7936334854591179,False,False,-0.13942391791158493,127.02244567871094
01210,16,16,0,1.0,0.0,0.0,0.0,0.0,True,True,0.9817556177858121,0.846934981161564,False,False,-0.13482063662424815,127.02244567871094
01210,17,17,0,1.0,0.0,0.0,0.0,0.0,True,True,0.7559801921693868,0.7210625527105342,False,False,-0.03491763945885262,127.02244567871094
01210,18,18,0,1.0,0.0,0.0,0.0,0.0,True,True,0.8800508017817577,0.7582874124228735,False,False,-0.1217633893588842,127.02244567871094
01210,19,19,0,1.0,0.0,0.0,0.0,0.0,True,True,0.9266081246989318,0.8266139048721993,False,False,-0.09999421982673251,127.02244567871094
01210,20,20,0,1.0,0.0,0.0,0.0,0.0,True,True,0.9619710423995138,0.8143558306836791,False,False,-0.1476152117158347,127.02244567871094
01210,21,21,0,1.0,0.0,0.0,0.0,0.0,True,True,0.9171452371333256,0.8645440424314047,False,False,-0.05260119470192093,127.02244567871094
01210,22,22,0,1.0,0.0,0.0,0.0,0.0,True,True,0.906484390481647,0.7370802902199741,False,False,-0.16940410026167285,127.02244567871094
01210,23,23,0,1.0,0.0,0.0,0.0,0.0,True,True,0.8554519967262527,0.7364661033008248,False,False,-0.11898589342542787,127.02244567871094
01210,24,24,0,1.0,0.0,0.0,0.0,0.0,True,True,0.7516733129305149,0.5516964346528893,False,False,-0.19997687827762556,127.02244567871094
01210,25,25,0,1.0,0.0,0.0,0.0,0.0,True,True,0.8093652182952211,0.8822718555951192,False,False,0.0729066372998981,127.02244567871094
01210,26,26,0,1.0,0.0,0.0,0.0,0.0,True,True,0.8915908528873013,0.7338226487499877,False,False,-0.15776820413731363,127.02244567871094
01210,27,27,0,1.0,0.0,0.0,0.0,0.0,False,False,0.2844777959784129,0.22539436908561106,True,True,-0.05908342689280183,127.02244567871094
01210,28,28,0,1.0,0.0,0.0,0.0,0.0,True,True,0.9149160911379622,0.8464066419213059,False,False,-0.06850944921665636,127.02244567871094
01210,29,29,0,1.0,0.0,0.0,0.0,0.0,True,True,0.9264833685535823,0.8927975945206829,False,False,-0.03368577403289941,127.02244567871094
01210,30,30,0,1.0,0.0,0.0,0.0,0.0,True,True,0.8644604818510786,0.8293006720618327,False,False,-0.03515980978924593,127.02244567871094
01210,31,31,0,1.0,0.0,0.0,0.0,0.0,True,True,0.9393040958677438,0.7802120427730355,False,False,-0.1590920530947083,127.02244567871094
01210,32,32,0,1.0,0.0,0.0,0.0,0.0,True,True,0.929268092812644,0.8252816682345521,False,False,-0.10398642457809193,127.02244567871094
01210,33,33,0,1.0,0.0,0.0,0.0,0.0,True,True,0.9444002678080489,0.8909094091936238,False,False,-0.05349085861442504,127.02244567871094
01210,34,34,0,1.0,0.0,0.0,0.0,0.0,True,True,0.9014327539594771,0.8302851791599788,False,False,-0.07114757479949829,127.02244567871094
01210,35,35,0,1.0,0.0,0.0,0.0,0.0,True,True,0.8678767056551309,0.8535585452072348,False,False,-0.014318160447896022,127.02244567871094
01210,36,36,0,1.0,0.0,0.0,0.0,0.0,True,True,0.930029332212684,0.8674424466457166,False,False,-0.06258688556696745,127.02244567871094
01210,37,37,0,1.0,0.0,0.0,0.0,0.0,True,True,0.8427122898563457,0.8314502945093757,False,False,-0.011261995346970033,127.02244567871094
01210,38,38,0,1.0,0.0,0.0,0.0,0.0,True,True,0.8253049748079052,0.8835790732660558,False,False,0.05827409845815057,127.02244567871094
01213,0,0,2,0.5625744608729216,0.021417689404639333,0.20873152022689928,-0.015625,-0.014648439999999999,True,True,0.8663941417786071,0.8682072825123369,False,False,0.0018131407337298455,114.62531280517578
01213,1,1,2,0.49508756941477994,0.027332587007087343,0.26446711920928306,-0.014062499999999992,-0.0234375,True,True,0.8155505857728774,0.8204947943122072,False,False,0.004944208539329753,114.62531280517578
01213,2,2,2,0.5591666633808884,0.020547898313085452,0.21815734950836396,-0.009375000000000001,-0.01828457,True,True,0.8744603938750236,0.786381778496797,False,False,-0.08807861537822659,114.62531280517578
01213,3,3,2,0.5660318386453691,0.02688226645950821,0.21727616882603257,-0.021875000000000006,-0.015625,True,True,0.8590447128873878,0.770034096706303,False,False,-0.08901061618108486,114.62531280517578
01213,4,4,2,0.5790754320144126,0.02209708691207962,0.20270385508257696,-0.015625,-0.015625000000000014,True,True,0.7741466139700358,0.9396499647826648,False,False,0.165503350812629,114.62531280517578
01213,5,5,2,0.7134587554269177,0.015007322431483236,0.12483096679217968,-0.009374999999999994,-0.01171875,True,True,0.8753595656451533,0.8653212355349814,False,False,-0.010038330110171856,114.62531280517578
01213,6,6,2,0.6796045404613694,0.017832362828927074,0.145087921794011,-0.008593749999999997,-0.015625,True,True,0.9351957996681939,0.8813495518847138,False,False,-0.05384624778348013,114.62531280517578
01213,7,7,2,0.8183935602248547,0.006768639262133826,0.06999870062293542,-0.00390625,-0.005527719999999958,True,True,0.8385992334748339,0.7656506739137587,False,False,-0.07294855956107515,114.62531280517578
01213,8,8,2,0.8406230626867068,0.007503665120086335,0.06241551587244448,-0.004687499999999997,-0.005859380000000025,True,True,0.9394438767850768,0.9506850047117673,False,False,0.01124112792669052,114.62531280517578
01213,9,9,2,0.6869257950530034,0.017469281074217108,0.14473007683388942,-0.0078125,-0.015625,True,True,0.9558482494324184,0.8570199234830304,False,False,-0.09882832594938806,114.62531280517578
01213,10,10,2,0.6808787862708855,0.017469281074217108,0.1488398527664475,-0.0078125,-0.015625,True,True,0.9373818538571547,0.8317421596714653,False,False,-0.10563969418568941,114.62531280517578
01213,11,11,2,0.6622926117683191,0.01750853893238671,0.15271701557135098,-0.010937500000000017,-0.01367187000000003,True,True,0.8634786900225614,0.8712912430557151,False,False,0.007812553033153757,114.62531280517578
01213,12,12,2,0.6954838093615172,0.014662756751269516,0.13368487902436282,-0.010937500000000017,-0.00976562999999997,True,True,0.9301169042660145,0.8901531207586549,False,False,-0.03996378350735952,114.62531280517578
01213,13,13,2,0.6189000853973137,0.020009763241977625,0.17716534183542834,-0.012499999999999956,-0.015625,True,True,0.8812709638025953,0.8945719497661841,False,False,0.013300985963588863,114.62531280517578
01213,14,14,2,0.7426751548486996,0.013441133229754095,0.11119462441367262,-0.010937499999999989,-0.0078125,True,True,0.9574335493958048,0.9133533475914104,False,False,-0.044080201804394425,114.62531280517578
01213,15,15,2,0.7082461206268368,0.014084184669781208,0.12620407888410048,-0.0078125,-0.01171875,True,True,0.9382686919754747,0.892631476247818,False,False,-0.045637215727656666,114.62531280517578
01213,16,16,2,0.5892958735291651,0.02209708691207961,0.1954827866534262,-0.015625,-0.015625,True,True,0.8620301422345183,0.8784767199406962,False,False,0.016446577706177856,114.62531280517578
01213,17,17,2,0.6302966047400168,0.020802385868272436,0.17525006507368407,-0.017187500000000022,-0.01171875,True,True,0.8576570885329836,0.864652077351896,False,False,0.006994988818912362,114.62531280517578
01213,18,18,2,0.7902350447920122,0.009262428174274806,0.08220593161267722,-0.006249999999999978,-0.006835939999999999,True,True,0.9154277360406018,0.8457028653842785,False,False,-0.06972487065632327,114.62531280517578
01213,19,19,2,0.7379679144385026,0.017832362828927077,0.11528580279692126,-0.008593750000000011,-0.015625,True,True,0.8789559370073108,0.9208768756645074,False,False,0.041920938657196594,114.62531280517578
01213,20,20,2,0.7543859111326091,0.015032724394945823,0.10841575238442348,-0.0062500000000000056,-0.01367187999999997,True,True,0.882336574519403,0.7953343646768714,False,False,-0.0870022098425316,114.62531280517578
01213,21,21,2,0.7031937645116954,0.021035800027869155,0.13861990851967892,-0.0078125,-0.01953125,True,True,0.9066394910473193,0.8805685838362103,False,False,-0.02607090721110905,114.62531280517578
01213,22,22,2,0.6989246927043613,0.02070312924528317,0.13468969525484237,-0.010937500000000017,-0.01757812999999997,True,True,0.9219121707739145,0.9108489569923037,False,False,-0.011063213781610792,114.62531280517578
01213,23,23,2,0.7139221175871724,0.018221724671391562,0.12710946525265596,-0.009374999999999994,-0.015625,True,True,0.9300335063273334,0.9352398064314872,False,False,0.005206300104153794,114.62531280517578
01213,24,24,2,0.8454268634956691,0.010004881620988847,0.06109653805226869,-0.006250000000000033,-0.0078125,True,True,0.8984260845445532,0.9095235999457678,False,False,0.01109751540121462,114.62531280517578
01213,25,25,2,0.7204093454334812,0.02000976324197766,0.12134672660752496,-0.012500000000000011,-0.015625,True,True,0.9449460440845175,0.9257407080348672,False,False,-0.019205336049650357,114.62531280517578
01213,26,26,2,0.7310627819454426,0.015746601505861484,0.11739052876681937,-0.0078125,-0.01367187999999997,True,True,0.9191905314210461,0.9468825384024463,False,False,0.027692006981400175,114.62531280517578
01213,27,27,2,0.7406274469757663,0.018192387391005097,0.126055943565421,-0.004687500000000011,-0.01757812000000003,True,True,0.9493282752607969,0.903240606392322,False,False,-0.04608766886847493,114.62531280517578
01213,28,28,2,0.7891373801916929,0.010004881620988847,0.08556534679079261,-0.006250000000000033,-0.0078125,True,True,0.9102775906694225,0.8386404950756339,False,False,-0.07163709559378861,114.62531280517578
01213,29,29,2,0.7562583559531478,0.013281241176471368,0.10411626025226935,-0.006249999999999978,-0.01171873999999995,True,True,0.9186210172388599,0.8373288712872079,False,False,-0.08129214595165202,114.62531280517578
01213,30,30,2,0.6585294478394057,0.02000976324197766,0.15207594885221573,-0.012500000000000011,-0.015625,True,True,0.9370062743517876,0.897319461653807,False,False,-0.03968681269798058,114.62531280517578
01213,31,31,2,0.7268348409952443,0.013537287553158531,0.11574991892212869,-0.009375000000000022,-0.009765630000000025,True,True,0.8999191369279116,0.8807609677153065,False,False,-0.019158169212605047,114.62531280517578
01213,32,32,2,0.759750859453314,0.01503271530020111,0.10675936311426774,-0.006249999999999978,-0.01367187000000003,True,True,0.9451320019022801,0.8807970210655013,False,False,-0.0643349808367788,114.62531280517578
01213,33,33,2,1.0,0.0,0.0,0.0,0.0,True,True,0.9541681259640965,0.761453391757459,False,False,-0.19271473420663754,114.62531280517578
01213,34,34,2,1.0,0.0,0.0,0.0,0.0,True,True,0.931410579862661,0.7482435537236957,False,False,-0.1831670261389653,114.62531280517578
01213,35,35,2,1.0,0.0,0.0,0.0,0.0,True,True,0.9458717965205257,0.7729636020549839,False,False,-0.17290819446554173,114.62531280517578
01213,36,36,2,1.0,0.0,0.0,0.0,0.0,True,True,0.8932429208376238,0.6994843918439717,False,False,-0.1937585289936521,114.62531280517578
01213,37,37,2,1.0,0.0,0.0,0.0,0.0,True,True,0.8663721455845751,0.7219400202848533,False,False,-0.14443212529972183,114.62531280517578
01213,38,38,2,1.0,0.0,0.0,0.0,0.0,True,True,0.893072390451744,0.7749646278719141,False,False,-0.11810776257982991,114.62531280517578
01213,39,39,2,0.735798020893403,0.012203515118604165,0.11258474179632862,-0.009375000000000022,-0.0078125,True,True,0.8902764982785433,0.8549139079757863,False,False,-0.03536259030275701,114.62531280517578
01213,40,40,2,0.7264150943396226,0.011048543456039806,0.11688114555304618,-0.0078125,-0.0078125,True,True,0.9244929167738619,0.8811863268702999,False,False,-0.043306589903562065,114.62531280517578
01213,41,41,2,0.7539210489392516,0.01182245777376683,0.11408356780710138,-0.0015624999999999112,-0.01171875,True,True,0.8959871708322642,0.8266646661705281,False,False,-0.06932250466173606,114.62531280517578
01213,42,42,2,0.6652867551441688,0.010798950770000716,0.16006828859455977,-0.008593749999999956,-0.006539479999999986,True,True,0.6760127863915062,0.7518546411628423,False,False,0.07584185477133609,114.62531280517578
01213,43,43,2,0.5417955800960479,0.028179208176199625,0.22858044904749247,-0.020312499999999956,-0.01953125999999994,True,True,0.9031760995616008,0.8018209973319458,False,False,-0.10135510222965505,114.62531280517578
01213,44,44,2,0.5660482210108714,0.028062536017516397,0.21361688959344247,-0.02187500000000009,-0.01757812000000003,True,True,0.8990356728599983,0.88013044679705,False,False,-0.01890522606294831,114.62531280517578
01213,45,45,2,0.5812901299351938,0.02987451604602819,0.20981847564629155,-0.026562499999999933,-0.01367187999999997,True,True,0.8966347503133643,0.84544861663982,False,False,-0.0511861336735443,114.62531280517578
01213,46,46,2,0.6518877453223315,0.02830077278510965,0.17538717450724287,-0.026562500000000044,-0.00976562000000003,True,True,0.9353682513644677,0.8196364967531784,False,False,-0.11573175461128926,114.62531280517578
01213,47,47,2,0.6214149483497062,0.029296872000000293,0.17772709628730776,-0.0234375,-0.01757812000000003,True,True,0.9546791114924166,0.8291604478590207,False,False,-0.12551866363339592,114.62531280517578
01213,48,48,2,0.6383841599699452,0.028062542281427353,0.1666828343579386,-0.021874999999999978,-0.01757812999999997,True,True,0.921649481528945,0.8987971544372744,False,False,-0.02285232709167062,114.62531280517578
01213,49,49,2,0.6404155798158552,0.028515621232876955,0.16497436494587236,-0.018750000000000044,-0.02148437000000003,True,True,0.9724934445799839,0.8845163198084022,False,False,-0.0879771247715817,114.62531280517578
01213,50,50,2,0.7081911295600414,0.02209708691207961,0.12642790646987623,-0.015625,-0.015625,True,True,0.9334716615623679,0.9380668214365492,False,False,0.004595159874181243,114.62531280517578
01213,51,51,2,0.8742002177457968,0.008734640537108554,0.0518587375530647,-0.0078125,-0.00390625,True,True,0.9063215989822414,0.8133911505143716,False,False,-0.0929304484678698,114.62531280517578
01213,52,52,2,0.8800835690853135,0.005089187018188633,0.039291135063494693,-0.0032620599999999556,-0.00390625,True,True,0.8286933053057943,0.850722312207223,False,False,0.022029006901428727,114.62531280517578
01213,53,53,2,0.7741935832023176,0.01488609215832347,0.1172704818319225,-0.014062499999999978,-0.004882810000000015,True,True,0.9161445545968734,0.9147808453909524,False,False,-0.0013637092059209932,114.62531280517578
01213,54,54,2,0.7660836266123444,0.01658316863369612,0.1007363014629422,-0.014062500000000089,-0.008789060000000015,True,True,0.9667639144363853,0.9186094154452453,False,False,-0.04815449899113999,114.62531280517578
01213,55,55,2,0.6707294167075012,0.02440703023720833,0.14801340907848626,-0.018750000000000044,-0.015625,True,True,0.9880861281142505,0.8953222553205913,False,False,-0.09276387279365916,114.62531280517578
01213,56,56,2,0.667587338414419,0.024485050245954234,0.15244757680504337,-0.020312500000000067,-0.01367187000000003,True,True,0.952417446848051,0.9088984260541567,False,False,-0.04351902079389425,114.62531280517578
01213,57,57,0,1.0,0.0,0.0,0.0,0.0,True,True,0.9343840784582448,0.6237093468719124,False,True,-0.3106747315863324,114.62531280517578
01213,58,58,0,0.7305503771011357,0.009765622000000838,0.1170731904828266,-0.0078125,-0.00585937000000003,True,False,0.921197282567361,0.10662671360834283,False,False,-0.8145705689590181,114.62531280517578
01213,59,59,0,0.6947369036182088,0.013537280339285286,0.13327043525751509,-0.009375000000000022,-0.009765619999999975,True,True,0.9316339219397273,0.8781050623405875,False,True,-0.05352885959913978,114.62531280517578
01213,60,60,0,0.5904306952293069,0.024057126616688854,0.2237078071941051,-0.007031249999999933,-0.023006670000000007,True,False,0.8235000094541596,0.0,True,True,-0.8235000094541596,114.62531280517578
01228,0,0,0,1.0,0.0,0.0,0.0,0.0,True,True,0.7470421301055962,0.718307500982858,False,False,-0.028734629122738164,28.110916137695312
01228,1,1,0,1.0,0.0,0.0,0.0,0.0,True,True,0.6707893118438458,0.8046831935763566,False,False,0.13389388173251082,28.110916137695312
01228,2,2,0,1.0,0.0,0.0,0.0,0.0,True,True,0.7383029915385381,0.7815240290972705,False,False,0.04322103755873241,28.110916137695312
01228,3,3,0,1.0,0.0,0.0,0.0,0.0,False,True,0.03425754042138829,0.7877044293678847,False,False,0.7534468889464964,28.110916137695312
01228,4,4,0,1.0,0.0,0.0,0.0,0.0,True,True,0.8329395411425113,0.7691739533307327,False,False,-0.06376558781177866,28.110916137695312
01228,5,5,0,1.0,0.0,0.0,0.0,0.0,False,True,0.0,0.6238407453635273,False,False,0.6238407453635273,28.110916137695312
01228,6,6,0,1.0,0.0,0.0,0.0,0.0,True,True,0.7231688744481913,0.8056492369933294,False,False,0.08248036254513802,28.110916137695312
01228,7,7,0,1.0,0.0,0.0,0.0,0.0,False,True,0.0,0.8767885838121244,False,False,0.8767885838121244,28.110916137695312
01228,8,8,0,1.0,0.0,0.0,0.0,0.0,False,True,0.0,0.7483428404741644,False,False,0.7483428404741644,28.110916137695312
01228,9,9,0,1.0,0.0,0.0,0.0,0.0,True,True,0.8599369352923294,0.6861697169786112,False,False,-0.17376721831371822,28.110916137695312
01250,0,0,0,1.0,0.0,0.0,0.0,0.0,True,True,0.6602041259107131,0.8312750027131124,False,False,0.1710708768023993,14.244316101074219
01250,1,4,0,1.0,0.0,0.0,0.0,0.0,True,True,0.6212107855389501,0.9188481691141156,False,False,0.29763738357516545,14.244316101074219
01250,2,5,0,1.0,0.0,0.0,0.0,0.0,True,True,0.6408417036861443,0.8785671733929685,False,False,0.23772546970682418,14.244316101074219
01250,3,6,0,1.0,0.0,0.0,0.0,0.0,True,True,0.6842921101393163,0.781113019119633,False,False,0.0968209089803167,14.244316101074219
01250,4,7,0,1.0,0.0,0.0,0.0,0.0,False,True,0.0,0.910733744938177,False,False,0.910733744938177,14.244316101074219
01250,5,8,0,1.0,0.0,0.0,0.0,0.0,True,True,0.6803634614074018,0.7492290981762654,False,False,0.06886563676886359,14.244316101074219
01250,6,12,0,1.0,0.0,0.0,0.0,0.0,True,True,0.6210450602534735,0.8221134757934584,False,False,0.2010684155399849,14.244316101074219
01250,7,13,0,1.0,0.0,0.0,0.0,0.0,True,True,0.7675680830872456,0.7584256793949279,False,False,-0.009142403692317669,14.244316101074219
01250,8,14,0,1.0,0.0,0.0,0.0,0.0,True,True,0.7214297857088452,0.784834637274678,False,False,0.06340485156583275,14.244316101074219
01250,9,15,0,1.0,0.0,0.0,0.0,0.0,True,True,0.7283760866854745,0.9371531185964307,False,False,0.2087770319109562,14.244316101074219
01250,10,16,0,1.0,0.0,0.0,0.0,0.0,True,True,0.5729576716479167,0.872495419875115,False,False,0.29953774822719836,14.244316101074219
01250,11,17,0,1.0,0.0,0.0,0.0,0.0,True,True,0.5636414550214565,0.7235549855092848,False,False,0.1599135304878283,14.244316101074219
01250,12,18,0,1.0,0.0,0.0,0.0,0.0,True,True,0.8136244257291756,0.8869613875938136,False,False,0.073336961864638,14.244316101074219
01250,13,19,0,1.0,0.0,0.0,0.0,0.0,True,True,0.8049345068983871,0.8431390172071082,False,False,0.038204510308721074,14.244316101074219
01250,14,20,0,0.4777898435836771,0.01959365031872572,0.42948511356419455,-0.0015624999999999944,-0.019531250000000014,True,True,0.5554432879623896,0.7779546485637583,False,False,0.22251136060136867,14.244316101074219
01252,0,0,1,1.0,0.0,0.0,0.0,0.0,False,False,0.0,0.0,True,True,0.0,47.57740783691406
01252,1,1,0,1.0,0.0,0.0,0.0,0.0,True,True,0.8674534644319856,0.6809155690764117,False,False,-0.18653789535557386,47.57740783691406
01252,2,2,0,1.0,0.0,0.0,0.0,0.0,True,True,0.7566541884610302,0.670573353911768,False,False,-0.08608083454926219,47.57740783691406
01252,3,3,0,1.0,0.0,0.0,0.0,0.0,True,True,0.7629181765448598,0.6163828095718561,False,False,-0.14653536697300373,47.57740783691406
01252,4,4,0,1.0,0.0,0.0,0.0,0.0,True,True,0.7815904054764583,0.7771741522750905,False,False,-0.004416253201367848,47.57740783691406
01252,5,5,0,1.0,0.0,0.0,0.0,0.0,True,True,0.8728958051511939,0.8162419233849822,False,False,-0.05665388176621167,47.57740783691406
01252,6,6,0,1.0,0.0,0.0,0.0,0.0,True,True,0.8231723544251549,0.7358590653476638,False,False,-0.08731328907749114,47.57740783691406
01252,7,7,0,1.0,0.0,0.0,0.0,0.0,True,True,0.9376291471720807,0.9289424862562817,False,False,-0.00868666091579895,47.57740783691406
01252,8,8,0,1.0,0.0,0.0,0.0,0.0,True,True,0.9395744539182178,0.8044466548656224,False,False,-0.13512779905259542,47.57740783691406
01252,9,9,0,1.0,0.0,0.0,0.0,0.0,True,True,0.9335644306174852,0.9541525345126747,False,False,0.020588103895189502,47.57740783691406
01252,10,10,0,1.0,0.0,0.0,0.0,0.0,True,True,0.8995344807709319,0.8337005842353036,False,False,-0.06583389653562832,47.57740783691406
01252,11,11,0,1.0,0.0,0.0,0.0,0.0,True,True,0.9118362245213685,0.858924691824078,False,False,-0.05291153269729043,47.57740783691406
01252,12,12,0,1.0,0.0,0.0,0.0,0.0,True,True,0.8630913008474156,0.8250940074192028,False,False,-0.037997293428212786,47.57740783691406
01252,13,13,0,1.0,0.0,0.0,0.0,0.0,True,True,0.8825716968816908,0.8580897676971004,False,False,-0.024481929184590356,47.57740783691406
01252,14,14,0,1.0,0.0,0.0,0.0,0.0,True,True,0.7211961439950746,0.7774833625012266,False,False,0.05628721850615204,47.57740783691406
01252,15,15,0,1.0,0.0,0.0,0.0,0.0,True,True,0.9085468733769849,0.859149165380169,False,False,-0.049397707996815865,47.57740783691406
01252,16,16,0,1.0,0.0,0.0,0.0,0.0,True,True,0.8445267726726632,0.9077111989050546,False,False,0.0631844262323914,47.57740783691406
01252,17,17,0,1.0,0.0,0.0,0.0,0.0,True,True,0.830010079655579,0.8317324562327959,False,False,0.0017223765772168553,47.57740783691406
01252,18,18,0,1.0,0.0,0.0,0.0,0.0,True,True,0.7754098348401999,0.8103358779914795,False,False,0.03492604315127967,47.57740783691406
01252,19,19,0,1.0,0.0,0.0,0.0,0.0,True,True,0.7895267713346094,0.7694166361778755,False,False,-0.020110135156733877,47.57740783691406
01252,20,20,0,1.0,0.0,0.0,0.0,0.0,True,True,0.8229467358472865,0.6428026958453491,False,False,-0.1801440400019374,47.57740783691406
01252,21,21,0,1.0,0.0,0.0,0.0,0.0,True,True,0.9360418767813065,0.8379736067527895,False,False,-0.09806827002851692,47.57740783691406
01252,22,22,0,1.0,0.0,0.0,0.0,0.0,True,True,0.8973503282912312,0.8768969810970473,False,False,-0.020453347194183902,47.57740783691406
01252,23,23,0,1.0,0.0,0.0,0.0,0.0,True,True,0.8907804032359045,0.810508158677235,False,False,-0.08027224455866944,47.57740783691406
01252,24,24,0,1.0,0.0,0.0,0.0,0.0,True,True,0.9087700061287868,0.8246860362752453,False,False,-0.0840839698535415,47.57740783691406
01252,25,25,0,1.0,0.0,0.0,0.0,0.0,True,True,0.9082519959323987,0.9250403635652357,False,False,0.016788367632836976,47.57740783691406
01252,26,26,0,1.0,0.0,0.0,0.0,0.0,True,True,0.8624634801202091,0.7963799998318843,False,False,-0.06608348028832478,47.57740783691406
01252,27,27,0,1.0,0.0,0.0,0.0,0.0,True,True,0.947974362619044,0.872561913572521,False,False,-0.075412449046523,47.57740783691406
01252,28,28,0,1.0,0.0,0.0,0.0,0.0,True,True,0.8496500211408946,0.7376525973403923,False,False,-0.11199742380050226,47.57740783691406
01252,29,29,0,1.0,0.0,0.0,0.0,0.0,True,True,0.747259653861933,0.7359049556160353,False,False,-0.011354698245897743,47.57740783691406
01252,30,30,0,1.0,0.0,0.0,0.0,0.0,True,True,0.7650000041988531,0.7672441953606994,False,False,0.002244191161846376,47.57740783691406
01253,0,0,0,0.18518507281208205,0.021484379999999997,0.5435165993325464,0.0,-0.021484379999999997,True,False,0.8049533497325678,0.48318703311977607,False,False,-0.32176631661279176,147.3257293701172
01253,1,1,0,0.4615383706509055,0.013671879999999997,0.312549929784424,0.0,-0.013671879999999997,True,True,0.81610247488527,0.6623580537389666,False,False,-0.15374442114630338,147.3257293701172
01253,2,2,0,1.0,0.0,0.0,0.0,0.0,True,True,0.8242548426543598,0.7045933498049427,False,False,-0.11966149284941707,147.3257293701172
01253,3,3,0,1.0,0.0,0.0,0.0,0.0,True,True,0.8972807344060555,0.8053208167705141,False,False,-0.09195991763554134,147.3257293701172
01253,4,4,0,1.0,0.0,0.0,0.0,0.0,True,True,0.827542982131725,0.7736680867019166,False,False,-0.05387489542980839,147.3257293701172
01253,5,5,0,1.0,0.0,0.0,0.0,0.0,True,True,0.8877740947311358,0.8062951653884223,False,False,-0.0814789293427135,147.3257293701172
01253,6,6,0,1.0,0.0,0.0,0.0,0.0,True,True,0.8587128089550239,0.8311707469901699,False,False,-0.02754206196485398,147.3257293701172
01253,7,7,0,1.0,0.0,0.0,0.0,0.0,True,True,0.838721621951037,0.7830930743653923,False,False,-0.05562854758564473,147.3257293701172
01253,8,8,0,1.0,0.0,0.0,0.0,0.0,True,True,0.8785318668485148,0.8502575696825522,False,False,-0.028274297165962636,147.3257293701172
01253,9,9,0,1.0,0.0,0.0,0.0,0.0,True,True,0.8954770397867385,0.8297709999753725,False,False,-0.06570603981136602,147.3257293701172
01253,10,10,0,1.0,0.0,0.0,0.0,0.0,True,True,0.8961539144089443,0.9404638120724863,False,False,0.044309897663541986,147.3257293701172
01253,11,11,0,1.0,0.0,0.0,0.0,0.0,True,True,0.8394807472042451,0.78143673980097,False,False,-0.0580440074032752,147.3257293701172
01253,12,12,0,1.0,0.0,0.0,0.0,0.0,True,True,0.9297730998598093,0.9112519373409976,False,False,-0.01852116251881164,147.3257293701172
01253,13,13,0,1.0,0.0,0.0,0.0,0.0,True,True,0.8470658725426101,0.6415061694197911,False,False,-0.20555970312281902,147.3257293701172
01253,14,14,4,1.0,0.0,0.0,0.0,0.0,True,False,0.835347799249363,0.0,False,True,-0.835347799249363,147.3257293701172
01253,15,15,0,1.0,0.0,0.0,0.0,0.0,True,True,0.8864936786232309,0.7867125533215488,False,False,-0.09978112530168215,147.3257293701172
01253,16,16,0,1.0,0.0,0.0,0.0,0.0,True,True,0.9463873962096443,0.8045095673663575,False,False,-0.1418778288432868,147.3257293701172
01253,17,17,0,1.0,0.0,0.0,0.0,0.0,True,True,0.9187122302305417,0.8110637538518947,False,False,-0.10764847637864705,147.3257293701172
01253,18,18,0,1.0,0.0,0.0,0.0,0.0,True,True,0.8861871480566107,0.7241048155440197,False,False,-0.16208233251259097,147.3257293701172
01253,19,19,0,1.0,0.0,0.0,0.0,0.0,True,True,0.9069312233213224,0.7071166633197467,False,False,-0.19981456000157571,147.3257293701172
01253,20,20,0,1.0,0.0,0.0,0.0,0.0,True,True,0.8906028644882547,0.7199920609814345,False,False,-0.17061080350682012,147.3257293701172
01253,21,21,0,1.0,0.0,0.0,0.0,0.0,True,True,0.8542122536912526,0.6901772757877414,False,False,-0.1640349779035113,147.3257293701172
01253,22,22,0,1.0,0.0,0.0,0.0,0.0,True,True,0.8018238342812712,0.7112886963248024,False,False,-0.09053513795646884,147.3257293701172
01253,23,23,0,1.0,0.0,0.0,0.0,0.0,True,True,0.9145760885610501,0.7097670493521657,False,False,-0.20480903920888438,147.3257293701172
01253,24,24,0,1.0,0.0,0.0,0.0,0.0,True,True,0.8814228375590694,0.6804896316786643,False,False,-0.20093320588040509,147.3257293701172
01253,25,25,0,1.0,0.0,0.0,0.0,0.0,True,True,0.9206344817600829,0.7460803390268912,False,False,-0.1745541427331917,147.3257293701172
01253,26,26,0,1.0,0.0,0.0,0.0,0.0,True,True,0.8719273463264204,0.6870867172265015,False,False,-0.18484062909991894,147.3257293701172
01253,27,27,0,1.0,0.0,0.0,0.0,0.0,True,True,0.9338920910616328,0.8192333894519754,False,False,-0.11465870160965741,147.3257293701172
01253,28,28,0,1.0,0.0,0.0,0.0,0.0,True,True,0.8570660758916964,0.8348788418826308,False,False,-0.022187234009065526,147.3257293701172
01265,0,1,0,0.6148381731431068,0.011720379782502751,0.22071439891282077,-0.004687499999999956,-0.010742189999999985,True,True,0.8705311461430781,0.8518744343524813,False,False,-0.018656711790596803,55.853790283203125
01265,1,2,0,0.5976409373382681,0.011594388038374441,0.19009511484740324,-0.006249999999999978,-0.00976562000000003,True,True,0.7902065738832468,0.9454993081993359,False,False,0.15529273431608914,55.853790283203125
01265,2,3,0,0.8999997568000326,0.0019531299999999696,0.03619777956300035,0.0,-0.0019531299999999696,False,True,0.006253016021471834,0.9360981863240472,False,False,0.9298451703025753,55.853790283203125
01265,3,4,0,0.5472185344815901,0.012506105930580446,0.20700529595857534,-0.0078125,-0.00976562999999997,True,True,0.8012725393089206,0.9224737675721606,False,False,0.12120122826323998,55.853790283203125
01265,4,5,0,0.6799999672319968,0.0078125,0.13665335194447875,0.0,-0.0078125,True,True,0.6918033063146268,0.8908477439900572,False,False,0.19904443767543034,55.853790283203125
01265,5,6,0,0.7142859992579306,0.008734636064977205,0.13762040017918667,-0.0078125,-0.0039062400000000608,True,True,0.6659864052879153,0.8768110453388955,False,False,0.21082464005098023,55.853790283203125
01265,6,7,0,0.5545314900153624,0.01631297892017272,0.29354047064270045,-0.004687499999999956,-0.015625,True,True,0.7385122463600775,0.8225885318910735,False,False,0.084076285530996,55.853790283203125
01265,7,8,0,0.6200837479505192,0.01083235847977721,0.19930138314202156,-0.004687500000000067,-0.00976562000000003,True,True,0.8337683180757031,0.9184105910532778,False,False,0.08464227297757476,55.853790283203125
01265,8,9,0,0.6097561693549781,0.014024466274938936,0.26410421005020424,-0.0031250000000000444,-0.013671869999999975,True,True,0.7491960328353179,0.9059929204114406,False,False,0.15679688757612276,55.853790283203125
01265,9,10,0,0.6947366746533856,0.01182246768604592,0.21774316931815127,-0.0015625000000000222,-0.011718759999999995,True,True,0.7289313589894852,0.7322822306301587,False,False,0.0033508716406734917,55.853790283203125
01265,10,11,0,0.6627907820731928,0.007503657311398218,0.14664062436573852,-0.004687499999999956,-0.00585937000000003,True,True,0.7400358267241997,0.8773971385213241,False,False,0.1373613117971244,55.853790283203125
01265,11,12,0,0.6000000000000003,0.013912826169808209,0.21392360632919696,-0.002578120000000017,-0.013671870000000003,True,True,0.7012021262045375,0.872693906636797,False,False,0.17149178043225954,55.853790283203125
01265,12,0,0,0.38724368221751,0.04405629097986343,0.6314697422349851,0.003124999999999989,-0.043945319999999954,True,True,0.7985078466368445,0.791228964745935,False,False,-0.007278881890909528,55.853790283203125
01280,0,0,0,1.0,0.0,0.0,0.0,0.0,True,True,0.8968777973443497,0.8928407465580028,False,False,-0.004037050786346863,83.5193862915039
01280,1,1,0,1.0,0.0,0.0,0.0,0.0,True,True,0.8752916331790246,0.8436094866505892,False,False,-0.03168214652843537,83.5193862915039
01280,2,2,0,1.0,0.0,0.0,0.0,0.0,True,True,0.8574745452756163,0.9091600859573734,False,False,0.051685540681757125,83.5193862915039
01280,3,3,0,1.0,0.0,0.0,0.0,0.0,True,True,0.8671190995045146,0.9184157363059217,True,False,0.05129663680140706,83.5193862915039
01280,5,5,0,1.0,0.0,0.0,0.0,0.0,True,True,0.8995254582023107,0.8433799180468904,False,False,-0.05614554015542028,83.5193862915039
01280,6,6,0,1.0,0.0,0.0,0.0,0.0,True,True,0.9087784400779914,0.9400455900316101,False,False,0.03126714995361879,83.5193862915039
01280,7,7,0,1.0,0.0,0.0,0.0,0.0,True,True,0.8395611255888091,0.7929456609924501,False,False,-0.04661546459635901,83.5193862915039
01280,8,8,0,1.0,0.0,0.0,0.0,0.0,True,True,0.8452397528423318,0.9137033754264867,False,False,0.06846362258415495,83.5193862915039
01280,9,9,0,1.0,0.0,0.0,0.0,0.0,True,True,0.910190437424271,0.8987770148459084,False,False,-0.011413422578362531,83.5193862915039
01280,10,10,0,1.0,0.0,0.0,0.0,0.0,True,True,0.9134439952140607,0.8902776607755465,False,False,-0.023166334438514236,83.5193862915039
01280,11,11,4,1.0,0.0,0.0,0.0,0.0,True,True,0.8918407111630309,0.9158856781495762,False,False,0.024044966986545346,83.5193862915039
01282,0,0,0,1.0,0.0,0.0,0.0,0.0,True,True,0.8418379260695131,0.8630358188078514,False,False,0.021197892738338275,76.77827453613281
01282,1,1,0,1.0,0.0,0.0,0.0,0.0,True,True,0.9057719234351639,0.8411548473458946,False,False,-0.06461707608926925,76.77827453613281
01291,0,0,2,0.8449198366095696,0.01574659654447272,0.08578811613251548,0.015625,-0.0019531200000000304,True,True,0.8510118460518094,0.8690550537660854,False,False,0.018043207714276033,118.3620376586914
01291,1,1,2,0.833224860439949,0.019768097671422513,0.07105976691662516,0.017187500000000022,-0.00976562999999997,True,True,0.9579073931452454,0.8822696686468099,False,False,-0.07563772449843553,118.3620376586914
01291,2,2,2,0.8820501202938741,0.010221336426827968,0.04835309121492977,0.009375000000000022,-0.0040724799999999894,True,True,0.8157813341860539,0.8178790234747605,False,False,0.0020976892887065723,118.3620376586914
01291,3,3,1,0.8662375894028037,0.006973652187061005,0.05432543971061988,-0.00390625,-0.005776940000000064,False,False,0.0,0.0,False,False,0.0,118.3620376586914
01291,4,4,0,0.8181818181818188,0.012499999999999956,0.14855627709860778,0.012499999999999956,0.0,True,True,0.8743585718985138,0.8641536387963527,False,False,-0.010204933102161196,118.3620376586914
01291,5,5,2,0.8355965643051569,0.02320523222754728,0.06596366105088436,0.01874999999999999,-0.01367187999999997,True,False,0.8707677981720908,0.22640203924803626,False,False,-0.6443657589240546,118.3620376586914
01291,6,6,0,0.8446951482726566,0.00672056661487707,0.06184883211784763,0.005468750000000022,-0.00390625,True,True,0.9133764726983886,0.867276889210463,False,False,-0.046099583487925644,118.3620376586914
01292,0,0,0,1.0,0.0,0.0,0.0,0.0,True,True,0.8987009242835081,0.7903291149210245,False,False,-0.10837180936248358,137.71292114257812
01292,1,1,0,1.0,0.0,0.0,0.0,0.0,True,True,0.8419380944593643,0.7851178312663065,False,False,-0.056820263193057774,137.71292114257812
01292,2,2,0,1.0,0.0,0.0,0.0,0.0,True,True,0.8856856276328299,0.8026369179039502,False,False,-0.08304870972887968,137.71292114257812
01292,3,3,0,1.0,0.0,0.0,0.0,0.0,True,True,0.8166947971394186,0.7822183252951583,False,False,-0.03447647184426028,137.71292114257812
01292,4,4,0,1.0,0.0,0.0,0.0,0.0,True,True,0.8713778133874021,0.7075495531526337,False,False,-0.16382826023476837,137.71292114257812
01292,5,5,0,1.0,0.0,0.0,0.0,0.0,True,True,0.6445263120831857,0.566975452338906,False,False,-0.07755085974427967,137.71292114257812
01292,6,6,4,1.0,0.0,0.0,0.0,0.0,False,False,0.0,0.0,True,False,0.0,137.71292114257812
01292,7,7,3,1.0,0.0,0.0,0.0,0.0,True,False,0.9651238437484478,0.0,False,False,-0.9651238437484478,137.71292114257812
01292,8,8,3,1.0,0.0,0.0,0.0,0.0,True,False,0.8932000228068177,0.0,False,True,-0.8932000228068177,137.71292114257812
01300,0,0,1,0.8148190443161571,0.017578129999999997,0.12371637543478843,0.0,-0.017578129999999997,False,False,0.0,0.0,True,True,0.0,43.38117980957031
01300,1,1,4,0.9009679426291947,0.005078126923078993,0.033215628857633066,0.004687499999999983,-0.0019531299999999696,True,True,0.9287226610818484,0.987434678676553,False,False,0.05871201759470457,43.38117980957031
01300,2,2,2,1.0,0.0,0.0,0.0,0.0,False,True,0.0,0.8879172598958346,False,False,0.8879172598958346,43.38117980957031
01300,3,3,2,1.0,0.0,0.0,0.0,0.0,False,False,0.0,0.0,False,False,0.0,43.38117980957031
01316,0,0,0,0.667884072978757,0.006431823414133807,0.1444734598718661,0.0023437499999999986,-0.005989589999999989,True,True,0.7371699379255825,0.7958235822153573,False,False,0.05865364428977482,37.82337188720703
01316,1,2,0,0.6310680662665844,0.01729811648661205,0.2546524557441879,0.017187499999999994,0.0019531199999999749,True,True,0.7114229664024726,0.7230688081608156,False,False,0.011645841758343045,37.82337188720703
01316,2,3,0,0.6833739740570823,0.012651668538058542,0.19516672839251753,0.012500000000000011,0.001953130000000025,True,True,0.7204363876933036,0.7944895486569107,False,False,0.07405316096360703,37.82337188720703
01316,3,6,0,0.8596491228070181,0.006249999999999978,0.0945769158006079,0.006249999999999978,0.0,True,True,0.7644154617399204,0.8355313575885677,False,False,0.0711158958486473,37.82337188720703
01316,4,7,0,0.6781352972059083,0.014197486504550707,0.2090068480332514,0.014062499999999978,-0.001953130000000025,True,True,0.7478432821217399,0.9099664005152618,False,False,0.1621231183935219,37.82337188720703
01316,5,8,0,0.517241379310344,0.016086922095292267,0.26717123980786556,0.014062500000000089,-0.0078125,True,True,0.8975575795514862,0.8770519536402139,False,False,-0.02050562591127225,37.82337188720703
01316,6,9,0,0.5774648997791643,0.01240810715004111,0.22371765739046182,0.010937500000000044,-0.00585937000000003,True,True,0.7488668233557866,0.946210468776884,False,False,0.1973436454210974,37.82337188720703
01316,7,10,0,1.0,0.0,0.0,0.0,0.0,True,True,0.7481221400765152,0.9689049763471798,False,False,0.22078283627066453,37.82337188720703
01316,8,11,0,1.0,0.0,0.0,0.0,0.0,True,True,0.592181828879968,0.8795815925013377,False,False,0.28739976362136976,37.82337188720703
01316,9,12,0,1.0,0.0,0.0,0.0,0.0,True,True,0.6296738774265287,0.8191200870743365,False,False,0.18944620964780778,37.82337188720703
01316,10,13,0,1.0,0.0,0.0,0.0,0.0,True,True,0.8199366141118452,0.7937593578225528,False,False,-0.02617725628929235,37.82337188720703
01316,11,14,0,1.0,0.0,0.0,0.0,0.0,True,True,0.7474033318595631,0.9164480287277124,False,False,0.16904469686814927,37.82337188720703
01316,12,15,0,1.0,0.0,0.0,0.0,0.0,True,True,0.6619848814798592,0.8522781455755726,False,False,0.19029326409571334,37.82337188720703
01316,13,16,0,1.0,0.0,0.0,0.0,0.0,True,True,0.6623551901694235,0.9549935390214217,False,False,0.29263834885199824,37.82337188720703
01316,14,17,0,1.0,0.0,0.0,0.0,0.0,True,True,0.8225859876655132,0.734651387960127,False,False,-0.0879345997053862,37.82337188720703
01316,15,18,0,0.6022994157067703,0.009174741090646678,0.20547140371466577,0.0078125,0.004810480000000061,True,True,0.8167343871230308,0.8977594455214998,False,False,0.08102505839846896,37.82337188720703
01316,16,19,0,0.7428570201010037,0.011110518576866697,0.1567156892738285,0.010937500000000003,0.0019531299999999696,True,True,0.970593284506605,0.8803313962557318,False,False,-0.09026188825087322,37.82337188720703
01316,17,20,0,0.72090395480226,0.009439879666870769,0.14400915374946277,0.008593750000000011,-0.00390625,True,True,0.8219588047662084,0.8627425507659138,False,False,0.040783745999705356,37.82337188720703
01316,18,21,0,0.6507394766780429,0.013843782449175552,0.21632338765772569,0.013281250000000022,-0.0039062400000000608,True,True,0.8265177366839772,0.8748422000704428,False,False,0.048324463386465566,37.82337188720703
01316,19,22,0,1.0,0.0,0.0,0.0,0.0,True,True,0.6681461677587424,0.8154212668375026,False,False,0.14727509907876024,37.82337188720703
01316,20,23,0,0.7678207739307541,0.006548069700064257,0.09335890350431805,0.006249999999999978,-0.0019531299999999696,True,True,0.8994994167890176,0.901909877459335,False,False,0.0024104606703174714,37.82337188720703
01316,21,24,0,1.0,0.0,0.0,0.0,0.0,True,True,0.7362670248098562,0.8463673858911509,False,False,0.11010036108129473,37.82337188720703
01316,22,25,0,0.9032258064516118,0.004687500000000067,0.06486960636744128,0.004687500000000067,0.0,True,True,0.9035435375757846,0.8949195278274484,False,False,-0.008624009748336214,37.82337188720703
01325,0,0,3,0.8974358974358976,0.0078125,0.04287858751340458,0.0,0.0078125,True,True,0.941274972946631,0.9332299435968135,False,False,-0.008045029349817434,49.56502914428711
01325,1,1,3,1.0,0.0,0.0,0.0,0.0,True,True,0.9155680600411806,0.941605505435283,False,False,0.026037445394102354,49.56502914428711
01329,0,0,4,1.0,0.0,0.0,0.0,0.0,False,False,0.0,0.0,False,True,0.0,5.160699367523193
01329,1,1,0,1.0,0.0,0.0,0.0,0.0,False,True,0.0,0.884363176215923,False,False,0.884363176215923,5.160699367523193
01329,2,2,0,1.0,0.0,0.0,0.0,0.0,False,True,0.0,0.6411472470113353,False,False,0.6411472470113353,5.160699367523193
01329,3,3,0,1.0,0.0,0.0,0.0,0.0,False,True,0.0,0.8046670342534241,False,False,0.8046670342534241,5.160699367523193
01329,4,4,0,1.0,0.0,0.0,0.0,0.0,False,True,0.0,0.7709894509918848,False,False,0.7709894509918848,5.160699367523193
01329,5,5,0,1.0,0.0,0.0,0.0,0.0,False,True,0.0,0.7389698542294646,False,False,0.7389698542294646,5.160699367523193
01329,6,6,0,0.7142857142857142,0.014062500000000006,0.20341906006473975,-0.014062500000000006,0.0,False,True,0.0,0.7644936179561388,False,False,0.7644936179561388,5.160699367523193
01329,7,7,0,0.6984814496148598,0.01265166853805852,0.18301088158311135,-0.012499999999999997,-0.0019531299999999696,False,True,0.0,0.7730022206428943,True,False,0.7730022206428943,5.160699367523193
01329,8,8,0,1.0,0.0,0.0,0.0,0.0,False,True,0.0,0.7655334539012081,False,False,0.7655334539012081,5.160699367523193
01329,9,9,0,1.0,0.0,0.0,0.0,0.0,False,True,0.0,0.8154441216512633,False,False,0.8154441216512633,5.160699367523193
01329,10,10,0,1.0,0.0,0.0,0.0,0.0,False,True,0.0,0.773659263893748,False,False,0.773659263893748,5.160699367523193
01329,11,11,4,1.0,0.0,0.0,0.0,0.0,False,False,0.0,0.0,False,True,0.0,5.160699367523193
01329,12,12,4,1.0,0.0,0.0,0.0,0.0,False,False,0.0,0.0,False,True,0.0,5.160699367523193
01329,13,13,4,1.0,0.0,0.0,0.0,0.0,False,False,0.0,0.0,False,True,0.0,5.160699367523193
01329,14,14,4,1.0,0.0,0.0,0.0,0.0,False,False,0.0,0.0,False,True,0.0,5.160699367523193
01329,15,15,2,1.0,0.0,0.0,0.0,0.0,False,True,0.0,0.8482086118521257,False,False,0.8482086118521257,5.160699367523193
01329,16,16,2,1.0,0.0,0.0,0.0,0.0,False,True,0.0,0.7820353376779664,False,False,0.7820353376779664,5.160699367523193
01329,17,17,2,1.0,0.0,0.0,0.0,0.0,False,False,0.0,0.0,False,True,0.0,5.160699367523193
01329,18,18,2,1.0,0.0,0.0,0.0,0.0,False,False,0.0,0.0,False,True,0.0,5.160699367523193
01329,19,19,0,1.0,0.0,0.0,0.0,0.0,False,True,0.0,0.907989345192552,False,False,0.907989345192552,5.160699367523193
01329,20,20,0,1.0,0.0,0.0,0.0,0.0,False,True,0.0,0.8466682185401955,False,False,0.8466682185401955,5.160699367523193
01329,21,21,0,1.0,0.0,0.0,0.0,0.0,False,True,0.0,0.8413529704156361,False,False,0.8413529704156361,5.160699367523193
01329,22,22,0,1.0,0.0,0.0,0.0,0.0,False,True,0.0,0.9070788265839465,False,False,0.9070788265839465,5.160699367523193
01329,23,23,0,1.0,0.0,0.0,0.0,0.0,False,True,0.0,0.8774620236220917,False,False,0.8774620236220917,5.160699367523193
01329,24,24,0,1.0,0.0,0.0,0.0,0.0,False,True,0.0,0.932870621615463,False,False,0.932870621615463,5.160699367523193
01329,25,25,0,1.0,0.0,0.0,0.0,0.0,False,True,0.0,0.9285942380345178,False,False,0.9285942380345178,5.160699367523193
01329,26,26,0,1.0,0.0,0.0,0.0,0.0,False,True,0.0,0.8771092032198252,False,False,0.8771092032198252,5.160699367523193
01329,27,27,0,1.0,0.0,0.0,0.0,0.0,False,True,0.0,0.7634426676415926,False,False,0.7634426676415926,5.160699367523193
01329,28,28,0,1.0,0.0,0.0,0.0,0.0,False,True,0.0,0.8690524400326842,False,False,0.8690524400326842,5.160699367523193
01329,29,29,0,1.0,0.0,0.0,0.0,0.0,False,True,0.0,0.8521136962257397,False,False,0.8521136962257397,5.160699367523193
01329,30,30,0,1.0,0.0,0.0,0.0,0.0,False,True,0.0,0.8295996238561978,False,False,0.8295996238561978,5.160699367523193
01329,31,31,2,1.0,0.0,0.0,0.0,0.0,False,False,0.0,0.0,False,True,0.0,5.160699367523193
01329,32,32,2,1.0,0.0,0.0,0.0,0.0,False,False,0.0,0.0,False,True,0.0,5.160699367523193
01329,33,33,0,1.0,0.0,0.0,0.0,0.0,False,True,0.0,0.8825472035718173,False,False,0.8825472035718173,5.160699367523193
01329,34,34,0,1.0,0.0,0.0,0.0,0.0,False,True,0.0,0.7921302310592868,False,False,0.7921302310592868,5.160699367523193
01329,35,35,0,1.0,0.0,0.0,0.0,0.0,False,True,0.0,0.8093341554997082,False,False,0.8093341554997082,5.160699367523193
01329,36,36,0,1.0,0.0,0.0,0.0,0.0,False,True,0.0,0.900773253573808,False,False,0.900773253573808,5.160699367523193
01329,37,37,0,1.0,0.0,0.0,0.0,0.0,False,True,0.0,0.6820863602513887,False,False,0.6820863602513887,5.160699367523193
01329,38,38,0,1.0,0.0,0.0,0.0,0.0,False,True,0.0,0.8391289327916144,False,False,0.8391289327916144,5.160699367523193
01329,39,39,0,1.0,0.0,0.0,0.0,0.0,False,True,0.0,0.7874535746491234,False,False,0.7874535746491234,5.160699367523193
01329,40,40,0,1.0,0.0,0.0,0.0,0.0,False,True,0.0,0.8231348420310927,False,False,0.8231348420310927,5.160699367523193
01329,41,41,0,1.0,0.0,0.0,0.0,0.0,False,True,0.0,0.8866398093583293,False,False,0.8866398093583293,5.160699367523193
01329,42,42,0,1.0,0.0,0.0,0.0,0.0,False,True,0.0,0.9105730345799778,False,False,0.9105730345799778,5.160699367523193
01329,43,43,0,1.0,0.0,0.0,0.0,0.0,False,True,0.0,0.7665599597276322,False,False,0.7665599597276322,5.160699367523193
01329,44,44,0,1.0,0.0,0.0,0.0,0.0,False,True,0.0,0.8232446984549437,False,False,0.8232446984549437,5.160699367523193
01329,45,45,0,1.0,0.0,0.0,0.0,0.0,False,True,0.0,0.7290641270177438,False,False,0.7290641270177438,5.160699367523193
01329,46,46,0,1.0,0.0,0.0,0.0,0.0,False,True,0.0,0.7979131902403057,False,False,0.7979131902403057,5.160699367523193
01329,47,47,0,1.0,0.0,0.0,0.0,0.0,False,True,0.0,0.7173808908352485,False,False,0.7173808908352485,5.160699367523193
01329,48,48,0,1.0,0.0,0.0,0.0,0.0,False,True,0.0,0.8724056634594763,False,False,0.8724056634594763,5.160699367523193
01329,49,49,0,1.0,0.0,0.0,0.0,0.0,False,True,0.0,0.8288839699266155,False,False,0.8288839699266155,5.160699367523193
01329,50,50,0,1.0,0.0,0.0,0.0,0.0,False,True,0.0,0.8544762389382877,False,False,0.8544762389382877,5.160699367523193
01329,51,51,0,1.0,0.0,0.0,0.0,0.0,False,True,0.0,0.7579702731984406,False,False,0.7579702731984406,5.160699367523193
01329,52,52,0,1.0,0.0,0.0,0.0,0.0,False,True,0.0,0.8565684353184736,False,False,0.8565684353184736,5.160699367523193
01329,53,53,0,1.0,0.0,0.0,0.0,0.0,False,True,0.0,0.8116880644301189,False,False,0.8116880644301189,5.160699367523193
01329,54,54,0,1.0,0.0,0.0,0.0,0.0,False,True,0.0,0.8265063527028397,False,False,0.8265063527028397,5.160699367523193
01329,55,55,0,1.0,0.0,0.0,0.0,0.0,False,True,0.0,0.8501790304284783,False,False,0.8501790304284783,5.160699367523193
01329,56,56,0,1.0,0.0,0.0,0.0,0.0,False,True,0.0,0.7693067759891842,False,False,0.7693067759891842,5.160699367523193
01329,57,57,0,1.0,0.0,0.0,0.0,0.0,False,True,0.0,0.6028461486803648,False,False,0.6028461486803648,5.160699367523193
01329,58,58,0,1.0,0.0,0.0,0.0,0.0,False,True,0.0,0.6484713083016088,False,False,0.6484713083016088,5.160699367523193
01329,59,59,0,1.0,0.0,0.0,0.0,0.0,False,True,0.0,0.676424825630493,False,False,0.676424825630493,5.160699367523193
01329,60,60,0,1.0,0.0,0.0,0.0,0.0,False,True,0.0,0.7329943737263145,False,False,0.7329943737263145,5.160699367523193
01329,61,61,0,1.0,0.0,0.0,0.0,0.0,False,True,0.0,0.7343009411502265,False,False,0.7343009411502265,5.160699367523193
01329,62,62,0,1.0,0.0,0.0,0.0,0.0,False,True,0.0,0.6766640832596269,False,False,0.6766640832596269,5.160699367523193
01329,63,63,0,1.0,0.0,0.0,0.0,0.0,False,True,0.0,0.8062791726523937,False,False,0.8062791726523937,5.160699367523193
01329,64,64,0,1.0,0.0,0.0,0.0,0.0,False,True,0.0,0.8097130689752802,False,False,0.8097130689752802,5.160699367523193
01329,65,65,0,1.0,0.0,0.0,0.0,0.0,False,True,0.0,0.6176910549231129,False,False,0.6176910549231129,5.160699367523193
01329,66,66,0,1.0,0.0,0.0,0.0,0.0,False,True,0.0,0.7766450667956174,False,False,0.7766450667956174,5.160699367523193
01329,67,67,0,1.0,0.0,0.0,0.0,0.0,False,True,0.0,0.7501519674362842,False,False,0.7501519674362842,5.160699367523193
01329,68,68,0,1.0,0.0,0.0,0.0,0.0,False,True,0.0,0.7884724882588744,False,False,0.7884724882588744,5.160699367523193
01329,69,69,0,1.0,0.0,0.0,0.0,0.0,False,False,0.0,0.3613580313707237,False,False,0.3613580313707237,5.160699367523193
01332,0,0,0,1.0,0.0,0.0,0.0,0.0,True,True,0.8010348170666322,0.8035519642834191,False,False,0.0025171472167869746,3.144376754760742
01332,1,1,0,1.0,0.0,0.0,0.0,0.0,True,True,0.6728521885393081,0.6854265784749984,False,False,0.012574389935690378,3.144376754760742
01332,2,2,0,1.0,0.0,0.0,0.0,0.0,True,True,0.7677437410662534,0.6150620386104874,False,False,-0.15268170245576607,3.144376754760742
01332,3,3,0,1.0,0.0,0.0,0.0,0.0,True,True,0.7173502223427578,0.7054745982948712,False,False,-0.011875624047886557,3.144376754760742
01332,4,4,0,1.0,0.0,0.0,0.0,0.0,True,True,0.7291375306717344,0.7024092138631575,False,False,-0.026728316808576902,3.144376754760742
01332,5,5,0,1.0,0.0,0.0,0.0,0.0,False,True,0.13998753911532633,0.5422935432618153,False,False,0.402306004146489,3.144376754760742
01332,6,6,0,1.0,0.0,0.0,0.0,0.0,False,True,0.0,0.8762019431168803,False,False,0.8762019431168803,3.144376754760742
01332,7,7,0,1.0,0.0,0.0,0.0,0.0,False,True,0.0,0.8143831785358903,False,False,0.8143831785358903,3.144376754760742
01332,8,8,0,1.0,0.0,0.0,0.0,0.0,False,True,0.0,0.8055540057489071,False,False,0.8055540057489071,3.144376754760742
01332,9,9,0,1.0,0.0,0.0,0.0,0.0,True,True,0.6920264087389789,0.6182335119172649,False,False,-0.07379289682171397,3.144376754760742
01332,10,10,0,1.0,0.0,0.0,0.0,0.0,False,True,0.1881499158845924,0.8257558731627848,False,False,0.6376059572781924,3.144376754760742
01332,11,11,0,1.0,0.0,0.0,0.0,0.0,True,True,0.7856203791011476,0.8639978340012833,False,False,0.0783774549001357,3.144376754760742
01332,12,12,0,1.0,0.0,0.0,0.0,0.0,True,True,0.8243501484205623,0.8248338845498349,False,False,0.0004837361292725495,3.144376754760742
01332,13,13,0,1.0,0.0,0.0,0.0,0.0,False,False,0.03453661861825145,0.4816018015396703,False,False,0.44706518292141884,3.144376754760742
01332,14,14,0,1.0,0.0,0.0,0.0,0.0,True,False,0.6681208957748043,0.1660887415394787,False,False,-0.5020321542353255,3.144376754760742
01332,15,15,0,1.0,0.0,0.0,0.0,0.0,True,True,0.6589568823183874,0.6645435286644797,False,False,0.005586646346092294,3.144376754760742
01332,16,16,0,1.0,0.0,0.0,0.0,0.0,True,True,0.569785197991833,0.6636072297805036,False,False,0.09382203178867055,3.144376754760742
01332,17,17,0,1.0,0.0,0.0,0.0,0.0,False,True,0.09061046649065069,0.6266829799418551,False,False,0.5360725134512043,3.144376754760742
01332,18,18,0,1.0,0.0,0.0,0.0,0.0,False,False,0.0,0.1261391016127901,False,False,0.1261391016127901,3.144376754760742
01332,19,19,0,1.0,0.0,0.0,0.0,0.0,False,True,0.0,0.8651985716336651,False,False,0.8651985716336651,3.144376754760742
01333,0,0,0,1.0,0.0,0.0,0.0,0.0,True,True,0.7023119899350215,0.8476970573470802,False,False,0.1453850674120587,6.9064764976501465
01333,1,1,0,1.0,0.0,0.0,0.0,0.0,False,True,0.0,0.948301720512667,False,False,0.948301720512667,6.9064764976501465
01333,2,4,0,1.0,0.0,0.0,0.0,0.0,False,True,0.11711174393423293,0.895172425882132,False,False,0.778060681947899,6.9064764976501465
01333,3,5,0,1.0,0.0,0.0,0.0,0.0,True,True,0.8641987940764609,0.902135543773027,False,False,0.03793674969656602,6.9064764976501465
01333,4,6,0,1.0,0.0,0.0,0.0,0.0,True,True,0.6634350157493696,0.8932075226655467,False,False,0.22977250691617712,6.9064764976501465
01333,5,7,0,1.0,0.0,0.0,0.0,0.0,True,True,0.5677984228713892,0.85381328566765,False,False,0.28601486279626087,6.9064764976501465
01333,6,8,0,1.0,0.0,0.0,0.0,0.0,True,True,0.6566884364236432,0.9011807499204603,False,False,0.2444923134968171,6.9064764976501465
01333,7,9,0,1.0,0.0,0.0,0.0,0.0,False,True,0.1832081537081541,0.8921886016782731,False,False,0.7089804479701189,6.9064764976501465
01333,8,10,0,1.0,0.0,0.0,0.0,0.0,True,True,0.7069598309400291,0.9041116686934286,False,False,0.1971518377533995,6.9064764976501465
01333,9,11,0,1.0,0.0,0.0,0.0,0.0,False,True,0.021905874224556993,0.8750114452691684,False,False,0.8531055710446114,6.9064764976501465
01333,10,12,0,1.0,0.0,0.0,0.0,0.0,True,True,0.75984135832092,0.883013463332824,False,False,0.12317210501190401,6.9064764976501465
01333,11,13,0,1.0,0.0,0.0,0.0,0.0,True,True,0.576871731312093,0.7935855115881207,False,False,0.21671378027602772,6.9064764976501465
01333,12,14,0,1.0,0.0,0.0,0.0,0.0,True,True,0.5329581603612452,0.8655605109581515,False,False,0.33260235059690624,6.9064764976501465
01333,13,15,0,1.0,0.0,0.0,0.0,0.0,False,True,0.4734250573400637,0.9010070586175342,False,False,0.4275820012774705,6.9064764976501465
01333,14,16,0,1.0,0.0,0.0,0.0,0.0,True,True,0.6329520204091805,0.894746576854795,False,False,0.26179455644561445,6.9064764976501465
01333,15,17,0,1.0,0.0,0.0,0.0,0.0,True,True,0.6857620282219538,0.8799173310959844,False,False,0.1941553028740306,6.9064764976501465
01333,16,18,0,1.0,0.0,0.0,0.0,0.0,True,True,0.672895668356614,0.9178830226947254,False,False,0.24498735433811147,6.9064764976501465
01333,17,19,0,1.0,0.0,0.0,0.0,0.0,True,True,0.5899540500612902,0.8180035513606835,False,False,0.22804950129939328,6.9064764976501465
01333,18,20,0,1.0,0.0,0.0,0.0,0.0,True,True,0.7283105498572826,0.9159480264758197,False,False,0.18763747661853714,6.9064764976501465
01333,19,21,0,1.0,0.0,0.0,0.0,0.0,True,True,0.8021678668097038,0.9527601238504904,False,False,0.1505922570407866,6.9064764976501465
01333,20,22,0,1.0,0.0,0.0,0.0,0.0,True,True,0.6352827361344143,0.9231289871335209,False,False,0.28784625099910655,6.9064764976501465
01333,21,23,0,1.0,0.0,0.0,0.0,0.0,False,True,0.23670424500461537,0.9230347646898022,False,False,0.6863305196851868,6.9064764976501465
01333,22,24,0,1.0,0.0,0.0,0.0,0.0,False,True,0.15905754487363172,0.9151420733896275,False,False,0.7560845285159958,6.9064764976501465
01333,23,25,0,1.0,0.0,0.0,0.0,0.0,True,True,0.8109186624472614,0.9477208473775469,False,False,0.1368021849302855,6.9064764976501465
01333,24,26,0,1.0,0.0,0.0,0.0,0.0,True,True,0.7614444251206012,0.9479016983749613,False,False,0.18645727325436012,6.9064764976501465
01333,25,27,0,1.0,0.0,0.0,0.0,0.0,True,True,0.7372873933001388,0.9172913228666177,False,False,0.18000392956647893,6.9064764976501465
01333,26,28,0,1.0,0.0,0.0,0.0,0.0,True,True,0.6580990283932739,0.9020055360790192,False,False,0.2439065076857453,6.9064764976501465
01333,27,29,0,1.0,0.0,0.0,0.0,0.0,True,True,0.7959372192545432,0.8694338537393337,False,False,0.07349663448479049,6.9064764976501465
01333,28,30,0,1.0,0.0,0.0,0.0,0.0,True,True,0.7545864499086934,0.9250506926909579,False,False,0.17046424278226446,6.9064764976501465
01333,29,31,0,1.0,0.0,0.0,0.0,0.0,True,True,0.8359152006405787,0.9405997691555007,False,False,0.10468456851492203,6.9064764976501465
01333,30,32,0,1.0,0.0,0.0,0.0,0.0,True,True,0.8212951763061801,0.9173325179833459,False,False,0.09603734167716582,6.9064764976501465
01333,31,33,0,1.0,0.0,0.0,0.0,0.0,True,True,0.7742189290688488,0.9534829993858069,False,False,0.17926407031695812,6.9064764976501465
01333,32,34,0,1.0,0.0,0.0,0.0,0.0,True,True,0.6986054604974355,0.8957844684190092,False,False,0.1971790079215736,6.9064764976501465
01333,33,35,0,1.0,0.0,0.0,0.0,0.0,True,True,0.5720725020367236,0.8785039531277727,False,False,0.3064314510910492,6.9064764976501465
01333,34,36,0,1.0,0.0,0.0,0.0,0.0,False,True,0.33205583809254485,0.9489670706473585,False,False,0.6169112325548136,6.9064764976501465
01333,35,37,0,1.0,0.0,0.0,0.0,0.0,False,True,0.0647561286151181,0.96700045336236,False,False,0.9022443247472418,6.9064764976501465
01333,36,38,0,1.0,0.0,0.0,0.0,0.0,False,True,0.04600111149947828,0.9451066811739096,False,False,0.8991055696744313,6.9064764976501465
01333,37,39,0,1.0,0.0,0.0,0.0,0.0,True,True,0.8772484363543334,0.9341257035126337,False,False,0.056877267158300326,6.9064764976501465
01333,38,40,0,1.0,0.0,0.0,0.0,0.0,True,True,0.7072393555707199,0.9708378081714745,False,False,0.26359845260075454,6.9064764976501465
01333,39,41,0,1.0,0.0,0.0,0.0,0.0,True,True,0.609046109839925,0.9110239064536706,False,False,0.3019777966137456,6.9064764976501465
01333,40,42,0,1.0,0.0,0.0,0.0,0.0,True,True,0.6654185571012586,0.9057265216004087,False,False,0.24030796449915004,6.9064764976501465
01333,41,43,0,1.0,0.0,0.0,0.0,0.0,True,True,0.7991798422021691,0.9161455900128656,False,False,0.11696574781069646,6.9064764976501465
01333,42,44,0,1.0,0.0,0.0,0.0,0.0,True,True,0.6192935102243656,0.8768112415047975,False,False,0.25751773128043187,6.9064764976501465
01333,43,45,0,1.0,0.0,0.0,0.0,0.0,True,True,0.7872824048914899,0.9200674328426308,False,False,0.1327850279511409,6.9064764976501465
01333,44,46,0,1.0,0.0,0.0,0.0,0.0,True,True,0.7125150317420098,0.9545640744255395,False,False,0.24204904268352967,6.9064764976501465
01333,45,47,0,1.0,0.0,0.0,0.0,0.0,True,True,0.6911670271785489,0.8441220889077081,False,False,0.15295506172915918,6.9064764976501465
01333,46,48,0,1.0,0.0,0.0,0.0,0.0,False,True,0.18235192412183043,0.8955398396349177,False,False,0.7131879155130872,6.9064764976501465
01333,47,49,0,1.0,0.0,0.0,0.0,0.0,True,True,0.7643553333292529,0.8462383420563598,False,False,0.08188300872710697,6.9064764976501465
01333,48,50,0,1.0,0.0,0.0,0.0,0.0,True,True,0.7650766801969187,0.8394924628805356,False,False,0.07441578268361693,6.9064764976501465
01333,49,51,0,1.0,0.0,0.0,0.0,0.0,True,True,0.8253651335616754,0.935149938310098,False,False,0.10978480474842256,6.9064764976501465
01333,50,52,0,1.0,0.0,0.0,0.0,0.0,True,True,0.7095444327921795,0.9546821313625634,False,False,0.24513769857038392,6.9064764976501465
01333,51,53,0,1.0,0.0,0.0,0.0,0.0,True,True,0.7634148223354477,0.9377018560628,False,False,0.17428703372735233,6.9064764976501465
01333,52,54,0,1.0,0.0,0.0,0.0,0.0,True,True,0.6443208869193772,0.8209618579944213,False,False,0.17664097107504417,6.9064764976501465
01333,53,55,0,1.0,0.0,0.0,0.0,0.0,True,True,0.6848881158095441,0.7883043983450896,False,False,0.10341628253554547,6.9064764976501465
01333,54,56,0,1.0,0.0,0.0,0.0,0.0,False,True,0.34376525631384447,0.9101934951363149,False,False,0.5664282388224704,6.9064764976501465
01333,55,57,0,1.0,0.0,0.0,0.0,0.0,False,True,0.3129366416536094,0.844773165425473,False,False,0.5318365237718636,6.9064764976501465
01333,56,58,0,1.0,0.0,0.0,0.0,0.0,False,True,0.22474661619605873,0.8616122784130344,False,False,0.6368656622169757,6.9064764976501465
01333,57,59,0,1.0,0.0,0.0,0.0,0.0,False,True,0.49482556802513233,0.8489288438232578,False,False,0.3541032757981255,6.9064764976501465
01333,58,60,0,1.0,0.0,0.0,0.0,0.0,True,True,0.6884556997301118,0.8821081030324852,False,False,0.19365240330237343,6.9064764976501465
01333,59,61,0,1.0,0.0,0.0,0.0,0.0,True,True,0.7530124301924248,0.94011638913048,False,False,0.1871039589380552,6.9064764976501465
01333,60,62,0,1.0,0.0,0.0,0.0,0.0,True,True,0.7623077932609573,0.9214017450618452,False,False,0.15909395180088792,6.9064764976501465
01333,61,63,0,1.0,0.0,0.0,0.0,0.0,False,True,0.2073621117748225,0.8603209236390214,False,False,0.6529588118641989,6.9064764976501465
01333,62,64,0,1.0,0.0,0.0,0.0,0.0,False,True,0.09108135922591457,0.8707725242239029,False,False,0.7796911649979884,6.9064764976501465
01333,63,65,0,1.0,0.0,0.0,0.0,0.0,True,True,0.8124430173319099,0.8475360460137673,False,False,0.035093028681857374,6.9064764976501465
01333,64,66,0,1.0,0.0,0.0,0.0,0.0,True,True,0.6075344392022178,0.847154366167249,False,False,0.2396199269650312,6.9064764976501465
01333,65,67,0,1.0,0.0,0.0,0.0,0.0,True,True,0.5956134842828636,0.8975299602704367,False,False,0.3019164759875731,6.9064764976501465
01333,66,68,0,1.0,0.0,0.0,0.0,0.0,True,True,0.7434307766455152,0.8218192884535881,False,False,0.07838851180807294,6.9064764976501465
01333,67,69,0,1.0,0.0,0.0,0.0,0.0,True,True,0.695057247670964,0.7755351668668632,False,False,0.0804779191958992,6.9064764976501465
01333,68,70,0,1.0,0.0,0.0,0.0,0.0,True,True,0.5498015744707345,0.8546362041035969,False,False,0.30483462963286234,6.9064764976501465
01333,69,71,0,1.0,0.0,0.0,0.0,0.0,True,True,0.6264405414433775,0.8934016891535789,False,False,0.2669611477102014,6.9064764976501465
01335,0,0,0,1.0,0.0,0.0,0.0,0.0,True,True,0.6985565950703058,0.8843551060551663,False,False,0.18579851098486055,124.69983673095703
01335,1,1,1,1.0,0.0,0.0,0.0,0.0,True,True,0.884020334569946,0.8111282692118056,False,True,-0.07289206535814041,124.69983673095703
01335,2,2,4,1.0,0.0,0.0,0.0,0.0,False,False,0.0,0.0,True,True,0.0,124.69983673095703
01336,0,0,0,0.9464285714285718,0.002343749999999978,0.022858179982913885,-0.002343749999999978,0.0,True,True,0.8992955214538835,0.9337325937839044,False,False,0.03443707233002091,55.18990707397461
01336,1,1,0,1.0,0.0,0.0,0.0,0.0,True,True,0.9025617377777462,0.8656252062794296,False,False,-0.03693653149831655,55.18990707397461
01336,2,2,0,1.0,0.0,0.0,0.0,0.0,True,True,0.8985768714498001,0.8796608498394061,False,False,-0.018916021610394074,55.18990707397461
01336,3,3,0,1.0,0.0,0.0,0.0,0.0,True,False,0.888661782845234,0.0,False,True,-0.888661782845234,55.18990707397461
01337,0,4,0,1.0,0.0,0.0,0.0,0.0,True,True,0.7543830078332159,0.8267483372397643,False,False,0.07236532940654838,2.80277943611145
01337,1,6,0,1.0,0.0,0.0,0.0,0.0,True,True,0.7808198962201064,0.8586590805377338,False,False,0.07783918431762737,2.80277943611145
01337,2,7,0,1.0,0.0,0.0,0.0,0.0,False,True,0.0,0.8699807461170105,False,False,0.8699807461170105,2.80277943611145
01337,3,9,0,1.0,0.0,0.0,0.0,0.0,True,True,0.7591030382633469,0.7490158582329484,False,False,-0.010087180030398546,2.80277943611145
01337,4,10,0,1.0,0.0,0.0,0.0,0.0,True,True,0.6940197191687345,0.8419995031134474,False,False,0.1479797839447129,2.80277943611145
01337,5,11,0,1.0,0.0,0.0,0.0,0.0,False,True,0.0,0.8024121991388731,False,False,0.8024121991388731,2.80277943611145
01337,6,12,0,1.0,0.0,0.0,0.0,0.0,True,True,0.876358081130804,0.8703922777735603,False,False,-0.005965803357243726,2.80277943611145
01337,7,13,0,1.0,0.0,0.0,0.0,0.0,True,True,0.7566000912889823,0.8730519623165538,False,False,0.11645187102757149,2.80277943611145
01337,8,14,0,1.0,0.0,0.0,0.0,0.0,False,True,0.0,0.8741861702429358,False,False,0.8741861702429358,2.80277943611145
01337,9,16,0,1.0,0.0,0.0,0.0,0.0,True,True,0.7733178143661258,0.8564219780429984,False,False,0.08310416367687257,2.80277943611145
01337,10,17,0,1.0,0.0,0.0,0.0,0.0,True,True,0.7856638586231706,0.8933060068890599,False,False,0.10764214826588936,2.80277943611145
01337,11,18,0,1.0,0.0,0.0,0.0,0.0,False,True,0.054532245132671936,0.8566873309080075,False,False,0.8021550857753356,2.80277943611145
01337,12,19,0,1.0,0.0,0.0,0.0,0.0,True,True,0.8290242288944975,0.8948053211765317,False,False,0.06578109228203421,2.80277943611145
01337,13,20,0,1.0,0.0,0.0,0.0,0.0,True,True,0.6721733514157665,0.8924088195564848,False,False,0.22023546814071826,2.80277943611145
01337,14,21,0,1.0,0.0,0.0,0.0,0.0,False,True,0.4129024030971057,0.7627353504348728,False,False,0.34983294733776715,2.80277943611145
01337,15,22,0,1.0,0.0,0.0,0.0,0.0,True,True,0.5783075155677092,0.850773878771454,False,False,0.27246636320374484,2.80277943611145
01337,16,23,0,1.0,0.0,0.0,0.0,0.0,False,True,0.016043487532780013,0.8372803250895174,False,False,0.8212368375567374,2.80277943611145
01337,17,24,0,1.0,0.0,0.0,0.0,0.0,True,True,0.742872023443903,0.7760733297012067,False,False,0.033201306257303664,2.80277943611145
01337,18,25,0,1.0,0.0,0.0,0.0,0.0,True,True,0.8155029203541317,0.8673528704954679,False,False,0.0518499501413362,2.80277943611145
01337,19,26,0,1.0,0.0,0.0,0.0,0.0,False,True,0.0,0.8824059127824933,False,False,0.8824059127824933,2.80277943611145
01337,20,27,0,1.0,0.0,0.0,0.0,0.0,True,True,0.7732584333859485,0.9000459010903533,False,False,0.12678746770440485,2.80277943611145
01337,21,28,0,1.0,0.0,0.0,0.0,0.0,True,True,0.7761339722259704,0.8338193620948237,False,False,0.0576853898688533,2.80277943611145
01337,22,31,0,1.0,0.0,0.0,0.0,0.0,True,True,0.8149700249718835,0.9360914686098111,False,False,0.12112144363792754,2.80277943611145
01337,23,33,0,1.0,0.0,0.0,0.0,0.0,True,True,0.8472121801661546,0.9630382344123729,False,False,0.11582605424621828,2.80277943611145
01337,24,34,0,1.0,0.0,0.0,0.0,0.0,False,True,0.0,0.9119982165708991,False,False,0.9119982165708991,2.80277943611145
01337,25,35,0,1.0,0.0,0.0,0.0,0.0,False,True,0.006304413424812071,0.9350973811032294,False,False,0.9287929676784173,2.80277943611145
01337,26,38,0,1.0,0.0,0.0,0.0,0.0,True,True,0.7502419873455938,0.8333567996037023,False,False,0.08311481225810857,2.80277943611145
01337,27,40,0,1.0,0.0,0.0,0.0,0.0,True,True,0.9154277514632465,0.8913915658458337,False,False,-0.02403618561741283,2.80277943611145
01337,28,41,0,1.0,0.0,0.0,0.0,0.0,True,True,0.6644131544684126,0.9116904609776791,False,False,0.2472773065092665,2.80277943611145
01337,29,42,0,1.0,0.0,0.0,0.0,0.0,True,True,0.7472390147623287,0.7859909871693135,False,False,0.0387519724069848,2.80277943611145
01337,30,44,0,1.0,0.0,0.0,0.0,0.0,True,True,0.8890025282581095,0.8782902397989035,False,False,-0.01071228845920602,2.80277943611145
01337,31,45,0,1.0,0.0,0.0,0.0,0.0,True,True,0.8356333876986349,0.8819417724522834,False,False,0.04630838475364851,2.80277943611145
01337,32,46,0,1.0,0.0,0.0,0.0,0.0,True,True,0.6703463927549601,0.8693905146499789,False,False,0.19904412189501874,2.80277943611145
01337,33,47,0,1.0,0.0,0.0,0.0,0.0,False,True,0.02181590260100267,0.8033536386527409,False,False,0.7815377360517383,2.80277943611145
01337,34,48,0,1.0,0.0,0.0,0.0,0.0,True,True,0.7835484515539087,0.8279708294531988,False,False,0.044422377899290044,2.80277943611145
01337,35,49,0,1.0,0.0,0.0,0.0,0.0,True,True,0.8392721355163648,0.9563255106869276,False,False,0.1170533751705628,2.80277943611145
01337,36,52,0,1.0,0.0,0.0,0.0,0.0,False,True,0.0,0.7711833577734802,False,False,0.7711833577734802,2.80277943611145
01337,37,53,0,1.0,0.0,0.0,0.0,0.0,True,True,0.7634574333585202,0.8239912610191473,False,False,0.06053382766062709,2.80277943611145
01337,38,54,0,0.9375000000000013,0.0031249999999999334,0.042933879074108255,-0.0031249999999999334,0.0,False,True,0.0,0.8266045283104345,False,False,0.8266045283104345,2.80277943611145
01337,39,56,0,1.0,0.0,0.0,0.0,0.0,True,True,0.6835064994469146,0.8168427849140287,False,False,0.13333628546711418,2.80277943611145
01337,40,57,0,1.0,0.0,0.0,0.0,0.0,True,True,0.7097197932533521,0.8087080001606594,False,False,0.09898820690730725,2.80277943611145
01337,41,60,0,1.0,0.0,0.0,0.0,0.0,True,True,0.6883331261696143,0.823226104937437,False,False,0.1348929787678227,2.80277943611145
01337,42,61,0,1.0,0.0,0.0,0.0,0.0,True,True,0.6505342127627655,0.9270504347913784,False,False,0.2765162220286129,2.80277943611145
01337,43,63,0,1.0,0.0,0.0,0.0,0.0,True,True,0.6812083599864229,0.7476552921782642,False,False,0.06644693219184128,2.80277943611145
01337,44,64,0,1.0,0.0,0.0,0.0,0.0,True,True,0.7680772577710453,0.8011979057171007,False,False,0.033120647946055404,2.80277943611145
01337,45,66,0,1.0,0.0,0.0,0.0,0.0,True,True,0.6859815144839956,0.8076113149833812,False,False,0.12162980049938565,2.80277943611145
01337,46,67,0,1.0,0.0,0.0,0.0,0.0,True,True,0.7292267227049861,0.8197210593685098,False,False,0.09049433666352369,2.80277943611145
01337,47,68,0,1.0,0.0,0.0,0.0,0.0,True,True,0.7132119075753464,0.7787195603310403,False,False,0.06550765275569392,2.80277943611145
01337,48,71,0,1.0,0.0,0.0,0.0,0.0,True,True,0.6871388499248707,0.7706329798276623,False,False,0.08349412990279159,2.80277943611145
01341,0,0,0,0.7864406859674801,0.006101757559302072,0.08784437605145004,-0.004687499999999997,-0.00390625,True,True,0.8768091706714005,0.903006464449694,False,False,0.026197293778293496,49.3370246887207
01341,1,1,0,1.0,0.0,0.0,0.0,0.0,True,True,0.9125322558991751,0.9124931339106132,False,False,-3.912198856192983e-05,49.3370246887207
01341,2,2,0,1.0,0.0,0.0,0.0,0.0,True,True,0.903348281777689,0.8650886351030533,False,False,-0.03825964667463566,49.3370246887207
01341,3,3,0,1.0,0.0,0.0,0.0,0.0,True,True,0.8643650421827391,0.8805260418612293,False,False,0.016160999678490162,49.3370246887207
01341,4,4,0,1.0,0.0,0.0,0.0,0.0,True,True,0.8570436096647959,0.8266386043329981,False,False,-0.030405005331797796,49.3370246887207
01341,5,5,0,1.0,0.0,0.0,0.0,0.0,True,True,0.8507941642591137,0.9016333294861876,False,False,0.05083916522707388,49.3370246887207
01341,6,6,0,1.0,0.0,0.0,0.0,0.0,True,True,0.8784916640746926,0.9198746245275163,False,False,0.04138296045282375,49.3370246887207
01341,7,7,0,1.0,0.0,0.0,0.0,0.0,True,True,0.802695894611239,0.9415636035807576,False,False,0.1388677089695186,49.3370246887207
01341,8,8,0,1.0,0.0,0.0,0.0,0.0,True,True,0.810733964604416,0.9037506593689657,False,False,0.09301669476454966,49.3370246887207
01341,9,9,0,0.8904111307770891,0.002501216500905104,0.040627063610547715,-0.0015625000000000222,-0.0019531199999999749,True,True,0.935001900349424,0.9565952036511339,False,False,0.021593303301709943,49.3370246887207
01341,10,10,0,1.0,0.0,0.0,0.0,0.0,True,True,0.8884325653038971,0.9457196050636305,False,False,0.05728703975973337,49.3370246887207
01341,11,11,0,1.0,0.0,0.0,0.0,0.0,True,True,0.8707119154183602,0.910033891854248,False,False,0.03932197643588775,49.3370246887207
01341,12,12,0,0.9166668799999985,0.0019531200000000304,0.035145005392376326,0.0,-0.0019531200000000304,True,True,0.745316884839549,0.886392349195568,False,True,0.14107546435601892,49.3370246887207
01341,13,13,0,1.0,0.0,0.0,0.0,0.0,True,True,0.8809879753647603,0.8814328782758837,False,False,0.00044490291112342373,49.3370246887207
01341,14,14,0,1.0,0.0,0.0,0.0,0.0,True,True,0.8603796180552773,0.9063114014516019,False,False,0.045931783396324644,49.3370246887207
01341,15,15,0,0.9459458113075323,0.001953130000000025,0.03521485076347583,0.0,-0.001953130000000025,True,True,0.723620711301941,0.8053379890370786,False,False,0.0817172777351376,49.3370246887207
01341,16,16,0,1.0,0.0,0.0,0.0,0.0,True,True,0.9057950284153918,0.8807193124783109,False,False,-0.02507571593708091,49.3370246887207
01341,17,17,0,1.0,0.0,0.0,0.0,0.0,True,True,0.8695958713856788,0.943169429700078,False,False,0.07357355831439916,49.3370246887207
01341,18,18,0,0.9444443101234768,0.0019531299999999696,0.03706255935753635,0.0,-0.0019531299999999696,True,True,0.8330244952016744,0.9018131574121481,False,False,0.06878866221047364,49.3370246887207
01341,19,19,0,0.9101797755923071,0.0025012165009051473,0.03272693265048753,-0.0015625000000000222,-0.0019531200000000304,True,True,0.8639766855362948,0.8904320206820957,False,False,0.026455335145800896,49.3370246887207
01341,20,20,4,0.9042314738359559,0.002501224309593194,0.03462418449655622,-0.0015625000000000222,-0.0019531299999999696,False,False,0.0,0.0,True,True,0.0,49.3370246887207
01341,21,21,0,0.9607843137254923,0.0015624999999999112,0.019754592549719417,-0.0015624999999999112,0.0,True,True,0.8980029701781064,0.9175636473065867,False,False,0.019560677128480308,49.3370246887207
01341,22,22,0,0.9298245614035078,0.0031250000000000444,0.04730499167912728,-0.0031250000000000444,0.0,True,True,0.9751875091295094,0.9030376357054007,False,False,-0.07214987342410861,49.3370246887207
01342,0,0,0,1.0,0.0,0.0,0.0,0.0,False,True,0.0,0.8553129248770116,False,False,0.8553129248770116,40.29402160644531
01342,1,1,0,1.0,0.0,0.0,0.0,0.0,True,True,0.5040655160951002,0.9277549673467915,False,False,0.42368945125169133,40.29402160644531
01342,2,2,0,1.0,0.0,0.0,0.0,0.0,False,True,0.0,0.8231393784721356,False,False,0.8231393784721356,40.29402160644531
01342,3,9,0,1.0,0.0,0.0,0.0,0.0,True,True,0.6797083347095382,0.6988030412926164,False,False,0.019094706583078214,40.29402160644531
01342,4,13,0,1.0,0.0,0.0,0.0,0.0,True,True,0.7574483853924574,0.8714073949602271,False,False,0.11395900956776972,40.29402160644531
01342,5,14,0,1.0,0.0,0.0,0.0,0.0,True,True,0.6946723904853115,0.9461126579606023,False,False,0.2514402674752908,40.29402160644531
01342,6,15,0,1.0,0.0,0.0,0.0,0.0,True,True,0.7984826681569498,0.8341901616837811,False,False,0.035707493526831335,40.29402160644531
01342,7,16,0,1.0,0.0,0.0,0.0,0.0,False,True,0.0,0.8325911819213694,True,False,0.8325911819213694,40.29402160644531
01342,8,17,0,1.0,0.0,0.0,0.0,0.0,False,True,0.0,0.860695871765778,True,False,0.860695871765778,40.29402160644531
01342,9,18,0,1.0,0.0,0.0,0.0,0.0,True,True,0.7066575658484546,0.8361008084111503,False,False,0.12944324256269568,40.29402160644531
01342,10,19,0,1.0,0.0,0.0,0.0,0.0,True,True,0.6426692601590484,0.7097611740674509,False,False,0.06709191390840252,40.29402160644531
01342,11,20,0,1.0,0.0,0.0,0.0,0.0,True,True,0.6369361703553073,0.7584933874163078,False,False,0.12155721706100053,40.29402160644531
01342,12,21,0,1.0,0.0,0.0,0.0,0.0,True,True,0.6340341994798927,0.8097453803260553,False,False,0.17571118084616255,40.29402160644531
01342,13,22,0,1.0,0.0,0.0,0.0,0.0,True,True,0.5034534295181087,0.7975891488149265,False,False,0.2941357192968178,40.29402160644531
01342,14,23,0,1.0,0.0,0.0,0.0,0.0,True,True,0.6735249475706534,0.7248121034069084,False,False,0.05128715583625498,40.29402160644531
01342,15,24,0,1.0,0.0,0.0,0.0,0.0,False,False,0.3352508283570559,0.42817375627750726,False,False,0.09292292792045137,40.29402160644531
01342,16,25,0,1.0,0.0,0.0,0.0,0.0,False,True,0.4932819832128079,0.7705324751603219,False,False,0.27725049194751394,40.29402160644531
01342,17,26,0,1.0,0.0,0.0,0.0,0.0,False,True,0.40015912109084256,0.6132555713864374,False,False,0.21309645029559482,40.29402160644531
01342,18,27,0,1.0,0.0,0.0,0.0,0.0,True,True,0.6329494700036771,0.9150228150737005,False,False,0.28207334507002346,40.29402160644531
01342,19,28,0,1.0,0.0,0.0,0.0,0.0,True,True,0.7419854618763858,0.846470811145233,False,False,0.10448534926884723,40.29402160644531
01342,20,29,0,1.0,0.0,0.0,0.0,0.0,True,True,0.7301506347157909,0.8000572056315214,False,False,0.06990657091573049,40.29402160644531
01342,21,30,0,1.0,0.0,0.0,0.0,0.0,True,True,0.5542879369893287,0.7877581684708704,False,False,0.23347023148154178,40.29402160644531
01342,22,31,0,1.0,0.0,0.0,0.0,0.0,True,True,0.6233618854098044,0.7788756154465772,False,False,0.15551373003677282,40.29402160644531
01342,23,32,0,1.0,0.0,0.0,0.0,0.0,True,True,0.6918300134716358,0.8061265030637388,False,False,0.11429648959210303,40.29402160644531
01342,24,33,0,1.0,0.0,0.0,0.0,0.0,True,True,0.7916574644626401,0.9156132947460771,False,False,0.12395583028343704,40.29402160644531
01342,25,34,0,1.0,0.0,0.0,0.0,0.0,True,True,0.7275032544751031,0.8871801007989599,False,False,0.1596768463238568,40.29402160644531
01342,26,35,0,1.0,0.0,0.0,0.0,0.0,True,True,0.647446261847527,0.8887665248398391,False,False,0.24132026299231213,40.29402160644531
01342,27,36,3,1.0,0.0,0.0,0.0,0.0,True,True,0.799031769434487,0.9308866509769885,False,False,0.13185488154250158,40.29402160644531
01342,28,37,3,1.0,0.0,0.0,0.0,0.0,True,True,0.8904925779702144,0.8873469265094652,False,False,-0.003145651460749188,40.29402160644531
01342,29,38,0,1.0,0.0,0.0,0.0,0.0,True,True,0.6101058234341679,0.9380058860834116,False,False,0.32790006264924376,40.29402160644531
01352,0,0,0,0.8191126279863477,0.00796721798998873,0.09759000729485333,0.0015625000000000222,-0.0078125,True,True,0.8923632991921584,0.9418874417909149,False,False,0.04952414259875648,98.67970275878906
01352,1,1,0,0.764792789877113,0.0070420964951425965,0.08951440919935613,0.00390625,-0.00585937999999997,True,True,0.7501109432134699,0.8772063366074798,False,False,0.12709539339400988,98.67970275878906
01352,2,2,0,0.7973371639144368,0.0063107353659775855,0.08021783687409233,0.002343749999999978,-0.00585937000000003,True,True,0.8712729420874276,0.8626571576938646,False,False,-0.00861578439356292,98.67970275878906
01352,3,3,0,1.0,0.0,0.0,0.0,0.0,True,True,0.7991760572325671,0.8989661599747959,False,False,0.09979010274222877,98.67970275878906
01352,4,4,0,1.0,0.0,0.0,0.0,0.0,True,True,0.8423198835911819,0.8551745326825456,False,False,0.01285464909136369,98.67970275878906
01352,5,5,0,1.0,0.0,0.0,0.0,0.0,True,True,0.7990067949698888,0.802028064944898,False,False,0.0030212699750091776,98.67970275878906
01352,6,6,0,1.0,0.0,0.0,0.0,0.0,True,True,0.8855689278868768,0.891274824169449,False,False,0.0057058962825722315,98.67970275878906
01352,7,7,0,0.560574830794943,0.009889840016243963,0.20535600564593592,-0.0015624999999999667,-0.009765630000000025,True,True,0.7393756888456269,0.9011705385783916,False,False,0.1617948497327647,98.67970275878906
01352,8,8,0,0.8888888888888892,0.003124999999999989,0.06262242910851473,0.003124999999999989,0.0,True,True,0.7688022326884204,0.74894939567826,False,False,-0.019852837010160385,98.67970275878906
01352,9,9,0,1.0,0.0,0.0,0.0,0.0,True,True,0.833938428759757,0.8736335237104723,False,False,0.039695094950715326,98.67970275878906
01352,10,10,0,0.6534997737708502,0.010042932741331088,0.15823354431175696,0.002343749999999978,-0.009765620000000003,True,True,0.8011039951467792,0.9142132153420794,False,False,0.11310922019530023,98.67970275878906
01352,11,11,0,0.5763549382319825,0.011822447861487909,0.2184221905699315,0.0015624999999999667,-0.011718740000000005,True,True,0.7697624650046525,0.7385648789683337,False,False,-0.031197586036318836,98.67970275878906
01354,0,0,0,1.0,0.0,0.0,0.0,0.0,True,True,0.6177226469526875,0.8890337497948514,False,False,0.27131110284216386,78.62322235107422
01354,1,1,0,1.0,0.0,0.0,0.0,0.0,True,True,0.6551827753572711,0.7997209008540827,False,False,0.14453812549681155,78.62322235107422
01354,2,2,0,1.0,0.0,0.0,0.0,0.0,True,True,0.7622517685996961,0.9148814645599674,False,False,0.15262969596027132,78.62322235107422
01354,3,3,0,1.0,0.0,0.0,0.0,0.0,True,False,0.6564995593490919,0.4045099795260269,False,False,-0.25198957982306497,78.62322235107422
01354,4,4,3,1.0,0.0,0.0,0.0,0.0,True,True,0.8837213753089213,0.8919121699523537,False,False,0.00819079464343242,78.62322235107422
01354,5,5,3,1.0,0.0,0.0,0.0,0.0,False,False,0.0,0.0,True,True,0.0,78.62322235107422
01354,6,6,3,1.0,0.0,0.0,0.0,0.0,False,False,0.0,0.0,True,True,0.0,78.62322235107422
01354,7,7,3,1.0,0.0,0.0,0.0,0.0,False,False,0.0,0.0,True,True,0.0,78.62322235107422
01354,8,8,3,1.0,0.0,0.0,0.0,0.0,False,False,0.0,0.0,True,True,0.0,78.62322235107422
01354,9,9,3,1.0,0.0,0.0,0.0,0.0,False,False,0.0,0.0,True,True,0.0,78.62322235107422
01354,10,10,3,1.0,0.0,0.0,0.0,0.0,False,False,0.0,0.0,True,True,0.0,78.62322235107422
01354,11,11,4,1.0,0.0,0.0,0.0,0.0,False,False,0.0,0.0,True,True,0.0,78.62322235107422
01354,12,12,0,1.0,0.0,0.0,0.0,0.0,True,True,0.5830375514107103,0.7819500146757167,False,False,0.19891246326500633,78.62322235107422
01354,13,13,0,1.0,0.0,0.0,0.0,0.0,True,True,0.653903441802616,0.7212935722942001,False,False,0.06739013049158415,78.62322235107422
01354,14,14,0,1.0,0.0,0.0,0.0,0.0,True,False,0.7659038603259578,0.5051565071885925,False,False,-0.2607473531373653,78.62322235107422
01354,16,16,0,1.0,0.0,0.0,0.0,0.0,True,True,0.6426096869375083,0.6727671696452642,False,False,0.030157482707755867,78.62322235107422
01355,0,0,4,0.7907980747136377,0.006310735365977593,0.1053867450553553,0.0023437499999999986,-0.00585937000000003,False,False,0.049091387973334344,0.0,True,True,-0.049091387973334344,89.7131576538086
01355,1,1,0,0.9333333333333332,0.0015625000000000014,0.025039154291806743,0.0015625000000000014,0.0,True,True,0.802200474050411,0.9096131334937336,False,False,0.10741265944332268,89.7131576538086
01355,2,2,0,1.0,0.0,0.0,0.0,0.0,True,False,0.9041031147585498,0.0,False,True,-0.9041031147585498,89.7131576538086
01355,3,3,0,1.0,0.0,0.0,0.0,0.0,True,False,0.8172250334022578,0.0,True,True,-0.8172250334022578,89.7131576538086
01355,4,4,4,1.0,0.0,0.0,0.0,0.0,True,True,0.8067789374865018,0.8959429318862595,False,False,0.08916399439975775,89.7131576538086
01355,5,5,4,1.0,0.0,0.0,0.0,0.0,True,True,0.8486221392747727,0.8954402656534526,True,False,0.04681812637867988,89.7131576538086
01355,6,6,4,0.9310344827586197,0.0015625000000000222,0.02672612419124282,0.0015625000000000222,0.0,True,True,0.9497219561543125,0.9235134827325989,False,False,-0.02620847342171362,89.7131576538086
01355,7,7,0,0.8774704697152039,0.0025012165009051126,0.0464530730954221,0.0015624999999999667,-0.0019531200000000304,True,True,0.9168134492749411,0.8594858019218837,False,False,-0.0573276473530574,89.7131576538086
01355,8,8,0,0.7657658704845359,0.005078123076925197,0.09285710429642963,0.004687500000000011,-0.0019531200000000304,True,True,0.8957086648624951,0.8141974304565898,False,False,-0.08151123440590535,89.7131576538086
01355,9,9,0,0.7245761799253078,0.005078126923079019,0.10188642677754216,0.004687500000000011,-0.0019531299999999696,True,True,0.7952090500545462,0.9067730241390467,False,False,0.11156397408450047,89.7131576538086
01355,10,10,4,1.0,0.0,0.0,0.0,0.0,True,True,0.8371698904452609,0.8586716189159278,False,False,0.021501728470666892,89.7131576538086
01355,11,11,4,1.0,0.0,0.0,0.0,0.0,True,True,0.8209166239995827,0.8799426759543345,False,False,0.05902605195475186,89.7131576538086
01355,12,12,0,1.0,0.0,0.0,0.0,0.0,True,True,0.8586810617502315,0.9412269188912643,False,False,0.0825458571410328,89.7131576538086
01355,13,13,4,0.7931034482758617,0.004687500000000011,0.08119979429411518,0.004687500000000011,0.0,True,True,0.907419716718659,0.8837176771871738,False,False,-0.023702039531485197,89.7131576538086
01355,14,14,4,0.8127488962219793,0.005078126923079019,0.07867960616536827,0.004687500000000011,-0.0019531299999999696,True,True,0.8929243775009174,0.7033623678382969,False,False,-0.1895620096626205,89.7131576538086
01355,15,15,0,0.8131239866683413,0.005078126923079019,0.08153718725193874,0.004687500000000011,-0.0019531299999999696,True,True,0.815555862507999,0.7567586246972393,False,True,-0.05879723781075974,89.7131576538086
01355,16,16,0,1.0,0.0,0.0,0.0,0.0,True,True,0.9083246508998418,0.9575262650410786,False,False,0.049201614141236805,89.7131576538086
01355,17,17,4,0.921068007354107,0.0018553130199780712,0.029149752029209428,0.0015625000000000014,0.0010003900000000732,True,False,0.8189807049771799,0.1447393791709265,False,True,-0.6742413258062534,89.7131576538086
01355,18,18,4,0.8810749941414198,0.005078123076925184,0.05067925584072231,0.004687499999999997,-0.0019531200000000304,True,True,0.8861088220031695,0.794114901197788,False,True,-0.09199392080538149,89.7131576538086
01355,19,19,0,0.8892480709401379,0.003685151529706748,0.04363660708515572,0.0031250000000000167,-0.0019531299999999696,True,True,0.9147187197605702,0.8396404513262858,False,False,-0.07507826843428433,89.7131576538086
01355,20,20,0,1.0,0.0,0.0,0.0,0.0,False,True,0.047660600303007936,0.9019665658286403,True,True,0.8543059655256324,89.7131576538086
01355,21,21,0,1.0,0.0,0.0,0.0,0.0,True,True,0.9280137824797762,0.8802492828057705,False,False,-0.047764499674005645,89.7131576538086
01355,22,22,0,1.0,0.0,0.0,0.0,0.0,True,True,0.8042219061785753,0.8676392151358917,True,False,0.06341730895731645,89.7131576538086
01355,23,23,0,1.0,0.0,0.0,0.0,0.0,True,True,0.857386927623161,0.8810992565545034,False,False,0.02371232893134234,89.7131576538086
01355,24,24,0,1.0,0.0,0.0,0.0,0.0,True,True,0.923173200508217,0.9773419885104156,False,False,0.0541687880021986,89.7131576538086
01355,25,25,4,1.0,0.0,0.0,0.0,0.0,False,False,0.0,0.0,True,True,0.0,89.7131576538086
01355,26,26,4,0.7846153754593009,0.005002440810494441,0.08862509138851608,-0.0031250000000000444,0.00390625,True,True,0.8058888726392764,0.8274591359568337,False,False,0.021570263317557292,89.7131576538086
01355,27,27,0,1.0,0.0,0.0,0.0,0.0,True,True,0.8567148593321315,0.8379879486773337,False,False,-0.018726910654797813,89.7131576538086
01355,28,28,0,0.7812758782460504,0.005002440810494372,0.08733789416880752,0.0031249999999999334,-0.00390625,True,True,0.7287874499900769,0.8307516640234169,False,False,0.10196421403334,89.7131576538086
01355,29,29,4,0.7981254412285864,0.005002440810494441,0.08109119839407082,0.0031250000000000444,-0.00390625,False,True,0.0,0.9213066366791597,True,True,0.9213066366791597,89.7131576538086
01355,30,30,4,0.5309841136487634,0.014662756751269554,0.23645871480985964,0.010937500000000044,-0.009765629999999997,False,False,0.0,0.03727325388641972,True,True,0.03727325388641972,89.7131576538086
01355,31,31,4,0.5925924476312747,0.010832367495007706,0.18912291053836905,0.004687499999999956,-0.009765629999999997,False,False,0.007964928131138032,0.0,True,True,-0.007964928131138032,89.7131576538086
01355,32,32,0,1.0,0.0,0.0,0.0,0.0,True,True,0.7543676101992322,0.8482079824645279,False,False,0.09384037226529574,89.7131576538086
01355,33,33,0,0.9130434782608685,0.0031250000000000444,0.04433511138590309,0.0031250000000000444,0.0,True,True,0.9500410966405304,0.9128599462685039,False,False,-0.03718115037202652,89.7131576538086
01355,34,34,0,1.0,0.0,0.0,0.0,0.0,True,True,0.892995911021875,0.9155449567220698,False,False,0.02254904570019478,89.7131576538086
01355,35,35,0,0.7445415919788032,0.007503657311398175,0.10745077983716306,0.004687499999999956,-0.005859369999999975,True,True,0.9189591067628443,0.8844874239201118,False,False,-0.0344716828427325,89.7131576538086
01355,36,36,0,1.0,0.0,0.0,0.0,0.0,True,True,0.7006923168145566,0.6169561928807085,False,False,-0.0837361239338481,89.7131576538086
01355,37,37,0,1.0,0.0,0.0,0.0,0.0,True,True,0.7680178185132195,0.7470632589096203,False,False,-0.020954559603599154,89.7131576538086
01355,38,38,0,1.0,0.0,0.0,0.0,0.0,True,True,0.8354751854471377,0.929452212535741,False,False,0.09397702708860323,89.7131576538086
01355,39,39,0,1.0,0.0,0.0,0.0,0.0,True,True,0.8229204994614863,0.9205429678974723,False,False,0.09762246843598599,89.7131576538086
01355,40,40,4,1.0,0.0,0.0,0.0,0.0,False,False,0.0,0.0,True,True,0.0,89.7131576538086
01355,41,41,0,1.0,0.0,0.0,0.0,0.0,True,True,0.8072033038497537,0.8447253566508465,False,False,0.037522052801092776,89.7131576538086
01355,42,42,4,1.0,0.0,0.0,0.0,0.0,False,False,0.0,0.0,True,True,0.0,89.7131576538086
01355,43,43,0,0.6829269955693035,0.007503657311398175,0.1320550765347776,0.004687499999999956,-0.005859369999999975,True,True,0.7208753976417913,0.8508588335776557,False,False,0.12998343593586437,89.7131576538086
01355,44,44,0,0.9545454545454539,0.0015625000000000222,0.023743996118994498,0.0015625000000000222,0.0,True,True,0.9112665118399934,0.92271202978939,False,False,0.011445517949396633,89.7131576538086
01355,45,45,4,0.6373801713374608,0.009110862335695816,0.16290054660190836,0.004687500000000067,-0.0078125,True,False,0.7741840067019903,0.0,True,True,-0.7741840067019903,89.7131576538086
01355,46,46,0,0.7728663192042777,0.004061281059887388,0.10278660494785995,0.0007812499999999556,-0.003985430000000012,True,True,0.7347801749400551,0.9008106856196147,False,False,0.16603051067955965,89.7131576538086
01355,47,47,0,0.8749999999999983,0.0031250000000000444,0.07071067811865574,0.0031250000000000444,0.0,True,True,0.8128096668337981,0.9708658835975229,False,False,0.15805621676372483,89.7131576538086
01355,48,48,0,0.7778319507692311,0.004353759096987337,0.08640277664962816,0.00390625,-0.0019226099999999982,True,True,0.8921984113173135,0.9583474913885484,False,False,0.06614908007123488,89.7131576538086
01355,49,49,0,0.8279568718387538,0.005078126923079092,0.07431608170514313,0.004687500000000067,-0.001953130000000025,True,True,0.900936970226974,0.8298710046286683,False,False,-0.0710659655983058,89.7131576538086
01355,50,50,0,0.7909705377609841,0.0031920982288301,0.05967287765541781,0.0031250000000000444,0.0006510499999999864,True,True,0.8529657461350763,0.8692401784547097,False,False,0.016274432319633436,89.7131576538086
01359,0,0,0,1.0,0.0,0.0,0.0,0.0,True,True,0.9191415859617532,0.8979484463170806,False,False,-0.02119313964467262,11.224077224731445
01359,1,1,0,1.0,0.0,0.0,0.0,0.0,True,True,0.9370162828156741,0.8591601871547828,False,False,-0.07785609566089124,11.224077224731445
01359,2,2,0,1.0,0.0,0.0,0.0,0.0,True,True,0.9105010379264424,0.9287838564234094,False,False,0.018282818496967,11.224077224731445
01359,3,3,0,0.7971275782872881,0.007503657311398253,0.07838271076560162,0.004687500000000011,-0.00585937000000003,True,True,0.8160645848254618,0.86821277086002,False,False,0.052148186034558175,11.224077224731445
01359,4,4,0,1.0,0.0,0.0,0.0,0.0,True,True,0.6711208846402895,0.8779323965242407,False,False,0.2068115118839512,11.224077224731445
01359,5,5,0,1.0,0.0,0.0,0.0,0.0,False,True,0.14824549115022134,0.9052019922017929,False,False,0.7569565010515715,11.224077224731445
01359,6,6,0,1.0,0.0,0.0,0.0,0.0,False,True,0.0,0.8320515577750112,False,False,0.8320515577750112,11.224077224731445
01359,7,7,0,1.0,0.0,0.0,0.0,0.0,False,True,0.0,0.7343516008778427,False,False,0.7343516008778427,11.224077224731445
01359,8,8,0,1.0,0.0,0.0,0.0,0.0,False,True,0.0,0.6248872959118732,False,False,0.6248872959118732,11.224077224731445
01359,9,9,0,1.0,0.0,0.0,0.0,0.0,False,True,0.0,0.6776226571287233,False,False,0.6776226571287233,11.224077224731445
01359,10,10,0,1.0,0.0,0.0,0.0,0.0,False,True,0.0,0.8476515020859919,False,False,0.8476515020859919,11.224077224731445
01359,11,11,0,1.0,0.0,0.0,0.0,0.0,False,True,0.0,0.8087836999074735,False,False,0.8087836999074735,11.224077224731445
01359,12,12,0,1.0,0.0,0.0,0.0,0.0,False,True,0.0,0.7391683994380615,False,False,0.7391683994380615,11.224077224731445
01359,13,13,0,1.0,0.0,0.0,0.0,0.0,False,True,0.0,0.7799183517302972,False,False,0.7799183517302972,11.224077224731445
01359,14,14,0,1.0,0.0,0.0,0.0,0.0,False,True,0.0,0.8243124463063658,False,False,0.8243124463063658,11.224077224731445
01359,15,15,0,1.0,0.0,0.0,0.0,0.0,False,True,0.0,0.846860057954939,False,False,0.846860057954939,11.224077224731445
01359,16,16,0,1.0,0.0,0.0,0.0,0.0,False,True,0.0,0.7411241029771974,False,False,0.7411241029771974,11.224077224731445
01359,17,17,0,1.0,0.0,0.0,0.0,0.0,False,True,0.0,0.7067917569177631,False,False,0.7067917569177631,11.224077224731445
01359,18,18,0,1.0,0.0,0.0,0.0,0.0,False,True,0.0,0.7796130130923331,False,False,0.7796130130923331,11.224077224731445
01359,19,19,0,1.0,0.0,0.0,0.0,0.0,False,True,0.0,0.7479631959288617,False,False,0.7479631959288617,11.224077224731445
01359,20,20,0,1.0,0.0,0.0,0.0,0.0,False,True,0.0,0.8758581381400947,False,False,0.8758581381400947,11.224077224731445
01359,21,21,0,1.0,0.0,0.0,0.0,0.0,False,True,0.0,0.796020842649647,False,False,0.796020842649647,11.224077224731445
01359,22,22,0,1.0,0.0,0.0,0.0,0.0,False,True,0.0,0.8636803397750622,False,False,0.8636803397750622,11.224077224731445
01359,23,23,0,1.0,0.0,0.0,0.0,0.0,False,True,0.0,0.8195471045857264,False,False,0.8195471045857264,11.224077224731445
01359,24,24,0,1.0,0.0,0.0,0.0,0.0,False,True,0.0,0.8666347566668543,False,False,0.8666347566668543,11.224077224731445
01359,25,25,0,1.0,0.0,0.0,0.0,0.0,False,True,0.0,0.8416109410778784,False,False,0.8416109410778784,11.224077224731445
01359,26,26,0,1.0,0.0,0.0,0.0,0.0,False,True,0.0,0.7886738719641421,False,False,0.7886738719641421,11.224077224731445
01359,27,27,2,1.0,0.0,0.0,0.0,0.0,False,False,0.0,0.0,True,True,0.0,11.224077224731445
01359,28,28,0,1.0,0.0,0.0,0.0,0.0,True,True,0.7377355633343429,0.7558251465083744,False,False,0.01808958317403153,11.224077224731445
01359,29,29,0,1.0,0.0,0.0,0.0,0.0,True,True,0.7761963168175783,0.833898051552762,False,False,0.057701734735183696,11.224077224731445
01359,30,30,0,1.0,0.0,0.0,0.0,0.0,False,True,0.05097142275866538,0.6971992887219247,False,False,0.6462278659632593,11.224077224731445
01359,31,31,2,1.0,0.0,0.0,0.0,0.0,False,True,0.0,0.8348367057689372,False,False,0.8348367057689372,11.224077224731445
01359,32,32,2,1.0,0.0,0.0,0.0,0.0,False,False,0.0,0.0,False,True,0.0,11.224077224731445
01359,33,33,0,1.0,0.0,0.0,0.0,0.0,False,True,0.0,0.7962704062674263,False,False,0.7962704062674263,11.224077224731445
01359,34,34,0,1.0,0.0,0.0,0.0,0.0,False,True,0.166950628133375,0.8010548502233216,False,False,0.6341042220899465,11.224077224731445
01359,35,35,0,1.0,0.0,0.0,0.0,0.0,False,True,0.0,0.8256982298053533,False,False,0.8256982298053533,11.224077224731445
01359,36,36,2,1.0,0.0,0.0,0.0,0.0,False,False,0.0,0.0,False,True,0.0,11.224077224731445
01359,37,37,0,1.0,0.0,0.0,0.0,0.0,False,True,0.0,0.8895290046593567,False,False,0.8895290046593567,11.224077224731445
01359,38,38,0,1.0,0.0,0.0,0.0,0.0,False,True,0.0,0.7816191753999568,False,False,0.7816191753999568,11.224077224731445
01368,0,0,0,0.7142858396734791,0.009765619999999975,0.1443374933965716,0.0,-0.009765619999999975,False,True,0.0,0.7873562302373017,True,False,0.7873562302373017,118.35572052001953
01368,1,1,0,0.6969698286134176,0.009765619999999975,0.13416830341238428,0.0,-0.009765619999999975,True,True,0.9430066087313647,0.8682097793672049,False,False,-0.07479682936415977,118.35572052001953
01368,2,2,0,1.0,0.0,0.0,0.0,0.0,True,True,0.8704741265919865,0.8704396769629859,False,False,-3.444962900067683e-05,118.35572052001953
01368,3,3,0,0.9032258064516139,0.004687499999999956,0.06601782722034857,0.004687499999999956,0.0,True,True,0.9520704663367389,0.8381818117363508,False,False,-0.1138886546003881,118.35572052001953
01368,4,4,0,1.0,0.0,0.0,0.0,0.0,True,False,0.9245521832767462,0.0,False,False,-0.9245521832767462,118.35572052001953
01374,0,0,4,0.8342789669784851,0.004555439742780092,0.06454984394219189,-0.0023437499999999917,-0.00390626000000005,False,False,0.0,0.0,True,True,0.0,50.65262222290039
01374,1,1,0,1.0,0.0,0.0,0.0,0.0,True,True,0.803306721122221,0.9218515113338731,False,False,0.1185447902116521,50.65262222290039
01374,2,2,0,1.0,0.0,0.0,0.0,0.0,True,True,0.7992442950847953,0.8429093644442798,False,False,0.04366506935948444,50.65262222290039
01374,3,3,0,1.0,0.0,0.0,0.0,0.0,True,True,0.8724177356928673,0.7746239389217494,False,False,-0.09779379677111788,50.65262222290039
01374,4,4,4,1.0,0.0,0.0,0.0,0.0,False,False,0.0,0.0,True,True,0.0,50.65262222290039
01374,5,5,0,1.0,0.0,0.0,0.0,0.0,True,True,0.8081947360964622,0.8624716276139252,True,False,0.054276891517462955,50.65262222290039
01374,6,6,0,0.9285716114285724,0.0019531199999999749,0.030737882918749057,0.0,-0.0019531199999999749,True,True,0.92954321590983,0.823124295977036,False,False,-0.10641891993279406,50.65262222290039
01374,7,7,4,1.0,0.0,0.0,0.0,0.0,False,False,0.0,0.0,True,True,0.0,50.65262222290039
01374,8,8,0,1.0,0.0,0.0,0.0,0.0,True,True,0.82239306791923,0.9102130070591142,False,False,0.08781993913988428,50.65262222290039
01374,9,9,4,1.0,0.0,0.0,0.0,0.0,False,False,0.0,0.0,True,True,0.0,50.65262222290039
01374,10,10,0,0.8814689305985605,0.002501224309593194,0.042649665195517966,-0.0015625000000000222,-0.0019531299999999696,True,True,0.9169406463708845,0.9339916880672127,False,False,0.017051041696328206,50.65262222290039
01374,11,11,4,0.9444443101234765,0.0019531299999999696,0.02786398094135285,0.0,-0.0019531299999999696,False,False,0.0,0.0,True,True,0.0,50.65262222290039
01374,12,12,0,1.0,0.0,0.0,0.0,0.0,True,True,0.9276935722883063,0.9455523262368696,False,False,0.01785875394856329,50.65262222290039
01374,13,13,0,1.0,0.0,0.0,0.0,0.0,True,True,0.9071762511540779,0.9205935808051666,False,False,0.013417329651088772,50.65262222290039
01374,14,14,0,1.0,0.0,0.0,0.0,0.0,True,True,0.6282253643491794,0.8659194677449596,False,False,0.23769410339578023,50.65262222290039
01374,15,15,0,1.0,0.0,0.0,0.0,0.0,True,True,0.5631107809661257,0.8913555313784717,False,False,0.328244750412346,50.65262222290039
01374,16,16,4,1.0,0.0,0.0,0.0,0.0,False,False,0.0,0.0,True,True,0.0,50.65262222290039
01374,17,17,0,1.0,0.0,0.0,0.0,0.0,True,True,0.6077724531657676,0.9415099466258943,False,False,0.3337374934601267,50.65262222290039
01374,18,18,0,1.0,0.0,0.0,0.0,0.0,True,True,0.629845760247713,0.7499309527474148,False,False,0.12008519249970184,50.65262222290039
01374,19,19,0,0.9487180766338026,0.0019531199999999749,0.03490440300214039,0.0,-0.0019531199999999749,True,True,0.6953706555104524,0.9304048580955273,False,False,0.2350342025850749,50.65262222290039
01374,20,20,4,1.0,0.0,0.0,0.0,0.0,False,False,0.0,0.0,True,True,0.0,50.65262222290039
01374,21,21,4,1.0,0.0,0.0,0.0,0.0,False,False,0.0,0.0,True,True,0.0,50.65262222290039
01374,22,22,4,1.0,0.0,0.0,0.0,0.0,False,False,0.0,0.0,True,True,0.0,50.65262222290039
01374,23,23,4,0.891970975235846,0.002501216500905104,0.03977166120763432,-0.0015625000000000222,-0.0019531199999999749,False,False,0.0,0.0,True,True,0.0,50.65262222290039
01374,24,24,0,1.0,0.0,0.0,0.0,0.0,True,True,0.7927117635014879,0.759026977187157,False,False,-0.03368478631433092,50.65262222290039
01374,25,25,0,1.0,0.0,0.0,0.0,0.0,True,True,0.7210700504894313,0.826433932812758,False,False,0.10536388232332672,50.65262222290039
01374,26,26,0,1.0,0.0,0.0,0.0,0.0,True,True,0.6274972521058213,0.8351221991906033,False,False,0.20762494708478196,50.65262222290039
01374,27,27,0,1.0,0.0,0.0,0.0,0.0,True,True,0.7148480019291388,0.8985198946210079,False,False,0.18367189269186912,50.65262222290039
01374,28,28,4,1.0,0.0,0.0,0.0,0.0,False,False,0.0,0.0,True,True,0.0,50.65262222290039
01374,29,29,0,1.0,0.0,0.0,0.0,0.0,True,True,0.8909235566639736,0.914353070051432,False,False,0.023429513387458356,50.65262222290039
01374,30,30,0,1.0,0.0,0.0,0.0,0.0,True,True,0.8431566105900784,0.8162043118049247,False,False,-0.026952298785153705,50.65262222290039
01374,31,31,0,1.0,0.0,0.0,0.0,0.0,True,True,0.8636105905105675,0.8565455895576543,False,False,-0.007065000952913292,50.65262222290039
01374,32,32,0,1.0,0.0,0.0,0.0,0.0,True,True,0.8464575365584159,0.805805454099722,False,False,-0.040652082458693894,50.65262222290039
01374,33,33,0,1.0,0.0,0.0,0.0,0.0,True,True,0.7974044163002983,0.8138032573951096,False,False,0.016398841094811267,50.65262222290039
01374,34,34,0,1.0,0.0,0.0,0.0,0.0,True,True,0.7895702476801817,0.8676611770171899,False,False,0.07809092933700823,50.65262222290039
01374,35,35,0,0.935484030801261,0.0019531200000000304,0.028038535925766928,0.0,0.0019531200000000304,True,True,0.6518466824818526,0.8038441828831563,False,False,0.15199750040130366,50.65262222290039
01374,36,36,4,0.9333334926222484,0.0019531200000000304,0.02726094572684192,0.0,0.0019531200000000304,False,False,0.0,0.0,True,True,0.0,50.65262222290039
01374,37,37,1,0.9487180766338011,0.0019531200000000304,0.02703683430732116,0.0,0.0019531200000000304,False,False,0.0,0.0,True,True,0.0,50.65262222290039
01374,38,38,0,1.0,0.0,0.0,0.0,0.0,True,True,0.9397081387367938,0.8791456013431211,False,False,-0.06056253739367268,50.65262222290039
01374,39,39,0,1.0,0.0,0.0,0.0,0.0,True,True,0.8654626233896201,0.8915453770090854,False,False,0.026082753619465326,50.65262222290039
01374,40,40,4,1.0,0.0,0.0,0.0,0.0,False,False,0.0,0.0,True,True,0.0,50.65262222290039
01374,41,41,0,0.961538461538461,0.0015625000000000222,0.027330670388896135,-0.0015625000000000222,0.0,True,True,0.7342925635676653,0.8657061585916326,False,False,0.13141359502396732,50.65262222290039
01374,42,42,4,0.9285712587755423,0.0019531299999999696,0.03402077635211993,0.0,0.0019531299999999696,False,False,0.0,0.0,True,True,0.0,50.65262222290039
01382,0,0,0,1.0,0.0,0.0,0.0,0.0,True,True,0.8071965144794224,0.7042805095319526,False,False,-0.10291600494746977,125.11577606201172
01382,1,1,1,1.0,0.0,0.0,0.0,0.0,True,True,0.9103687423808705,0.8637365124323938,True,False,-0.04663222994847671,125.11577606201172
01382,2,2,2,0.7114178168130492,0.01593443597997745,0.17463829398027278,0.003124999999999989,-0.015625,True,True,0.8934367020619063,0.8207281825020755,True,False,-0.07270851955983082,125.11577606201172
01382,3,3,2,1.0,0.0,0.0,0.0,0.0,True,True,0.9226924940142467,0.9363974496400654,False,False,0.013704955625818749,125.11577606201172
01382,4,4,2,1.0,0.0,0.0,0.0,0.0,True,True,0.8968024062291781,0.9477553318949679,False,False,0.050952925665789794,125.11577606201172
01382,5,5,2,1.0,0.0,0.0,0.0,0.0,True,True,0.941741906770349,0.9391518100719968,False,False,-0.0025900966983521956,125.11577606201172
01382,6,6,2,1.0,0.0,0.0,0.0,0.0,True,True,0.9842220176975075,0.9593919494345798,False,False,-0.024830068262927663,125.11577606201172
01382,7,7,1,1.0,0.0,0.0,0.0,0.0,True,True,0.9017604697846103,0.9046014166198443,False,False,0.0028409468352339484,125.11577606201172
01382,8,8,2,1.0,0.0,0.0,0.0,0.0,True,True,0.9465800286137995,0.7601357153944855,False,False,-0.18644431321931398,125.11577606201172
01382,9,9,1,1.0,0.0,0.0,0.0,0.0,True,False,0.6805256887813743,0.0,False,True,-0.6805256887813743,125.11577606201172
01382,10,10,2,1.0,0.0,0.0,0.0,0.0,True,True,0.8808314499945251,0.90744040510031,False,False,0.02660895510578487,125.11577606201172
01384,0,0,0,1.0,0.0,0.0,0.0,0.0,True,False,0.7032724926717357,0.21498378433451398,False,False,-0.48828870833722177,97.27506256103516
01384,1,1,0,1.0,0.0,0.0,0.0,0.0,True,True,0.6033381275171973,0.6491797497345267,False,False,0.04584162221732946,97.27506256103516
01384,2,2,0,1.0,0.0,0.0,0.0,0.0,True,True,0.7143506782388939,0.703789059633514,False,False,-0.010561618605379852,97.27506256103516
01384,3,3,0,1.0,0.0,0.0,0.0,0.0,True,True,0.719770180378492,0.7183424884164045,False,False,-0.001427691962087585,97.27506256103516
01384,4,4,0,1.0,0.0,0.0,0.0,0.0,True,True,0.7314582877966408,0.724475762382447,False,False,-0.006982525414193752,97.27506256103516
01384,5,5,0,1.0,0.0,0.0,0.0,0.0,True,True,0.7369237142480944,0.7705373336809012,False,False,0.03361361943280672,97.27506256103516
01384,6,6,0,1.0,0.0,0.0,0.0,0.0,True,True,0.7526668960243668,0.7089569121618883,False,False,-0.043709983862478485,97.27506256103516
01384,7,7,0,1.0,0.0,0.0,0.0,0.0,True,True,0.8000382420236666,0.7905131244831995,False,False,-0.009525117540467032,97.27506256103516
01384,8,8,0,1.0,0.0,0.0,0.0,0.0,True,True,0.7200992623775928,0.7273108121820829,False,False,0.007211549804490125,97.27506256103516
01384,9,9,0,1.0,0.0,0.0,0.0,0.0,True,True,0.7722759607378865,0.7301808718448446,False,False,-0.04209508889304192,97.27506256103516
01384,10,10,0,1.0,0.0,0.0,0.0,0.0,True,True,0.7097626419749914,0.7773239032722998,False,False,0.06756126129730844,97.27506256103516
01384,11,11,0,1.0,0.0,0.0,0.0,0.0,True,True,0.7277850013249917,0.7523999423671454,False,False,0.02461494104215367,97.27506256103516
01384,12,12,0,1.0,0.0,0.0,0.0,0.0,True,True,0.760796209244333,0.8132387980158998,False,False,0.05244258877156682,97.27506256103516
01384,13,13,0,1.0,0.0,0.0,0.0,0.0,True,True,0.785714545666524,0.8510535899740784,False,False,0.06533904430755444,97.27506256103516
01384,14,14,0,1.0,0.0,0.0,0.0,0.0,True,True,0.8639482673864212,0.8874932643690024,False,False,0.02354499698258128,97.27506256103516
01384,15,15,0,1.0,0.0,0.0,0.0,0.0,True,True,0.7110740433018528,0.723203473403895,False,False,0.01212943010204226,97.27506256103516
01384,16,16,0,1.0,0.0,0.0,0.0,0.0,True,True,0.7469116680880203,0.751604596293543,False,False,0.004692928205522695,97.27506256103516
01384,17,17,0,1.0,0.0,0.0,0.0,0.0,True,True,0.802347503755984,0.8319671493904259,False,False,0.02961964563444197,97.27506256103516
01384,18,18,0,1.0,0.0,0.0,0.0,0.0,True,True,0.8393162215953768,0.7767867406596273,False,False,-0.0625294809357495,97.27506256103516
01384,19,19,0,1.0,0.0,0.0,0.0,0.0,True,True,0.766229131502762,0.804620952578603,False,False,0.03839182107584105,97.27506256103516
01384,20,20,0,1.0,0.0,0.0,0.0,0.0,True,True,0.7225193344694654,0.8154147784190456,False,False,0.09289544394958027,97.27506256103516
01384,21,21,0,1.0,0.0,0.0,0.0,0.0,True,True,0.8858574375372557,0.8991683029154096,False,False,0.013310865378153958,97.27506256103516
01384,22,22,0,1.0,0.0,0.0,0.0,0.0,True,True,0.8420511030080607,0.7771963061426048,False,False,-0.06485479686545592,97.27506256103516
01384,23,23,0,1.0,0.0,0.0,0.0,0.0,True,True,0.875998451078033,0.8752172373337826,False,False,-0.0007812137442503309,97.27506256103516
01384,24,24,0,1.0,0.0,0.0,0.0,0.0,True,True,0.6607321293751917,0.7909016872175207,False,False,0.1301695578423291,97.27506256103516
01384,25,25,0,1.0,0.0,0.0,0.0,0.0,True,True,0.8275550422222488,0.8198857540320577,False,False,-0.0076692881901911925,97.27506256103516
01384,26,26,0,1.0,0.0,0.0,0.0,0.0,True,True,0.8821155502038501,0.8599009363330359,False,False,-0.022214613870814248,97.27506256103516
01384,27,27,0,1.0,0.0,0.0,0.0,0.0,True,True,0.8571242680632677,0.8695306214313404,False,False,0.01240635336807272,97.27506256103516
01384,28,28,0,1.0,0.0,0.0,0.0,0.0,True,True,0.7457113110468123,0.7699944292156576,False,False,0.02428311816884532,97.27506256103516
01384,29,29,0,1.0,0.0,0.0,0.0,0.0,True,True,0.8390138975736744,0.8678617564745773,False,False,0.028847858900902912,97.27506256103516
01384,30,30,0,1.0,0.0,0.0,0.0,0.0,True,True,0.8297304418314463,0.8358296626213358,False,False,0.006099220789889559,97.27506256103516
01384,31,31,0,1.0,0.0,0.0,0.0,0.0,True,True,0.7661104129177819,0.7780884347949741,False,False,0.011978021877192213,97.27506256103516
01384,32,32,0,1.0,0.0,0.0,0.0,0.0,True,True,0.7675698201987043,0.8403427663054223,False,False,0.07277294610671792,97.27506256103516
01384,33,33,0,1.0,0.0,0.0,0.0,0.0,True,True,0.9115558469532986,0.8734978693851569,False,False,-0.038057977568141665,97.27506256103516
01384,34,34,0,1.0,0.0,0.0,0.0,0.0,True,True,0.7854499069595987,0.6984944596520142,False,False,-0.08695544730758453,97.27506256103516
01384,35,35,0,1.0,0.0,0.0,0.0,0.0,True,True,0.9183075583466532,0.9066239618400572,False,False,-0.011683596506596006,97.27506256103516
01384,36,36,0,1.0,0.0,0.0,0.0,0.0,True,True,0.7517681296298715,0.7761566607503706,False,False,0.024388531120499102,97.27506256103516
01384,37,37,0,1.0,0.0,0.0,0.0,0.0,True,True,0.9381598765395982,0.6916386891703159,False,False,-0.2465211873692823,97.27506256103516
01384,38,38,0,1.0,0.0,0.0,0.0,0.0,True,True,0.6725518407830927,0.7008629319193227,False,False,0.028311091136229982,97.27506256103516
01384,39,39,0,1.0,0.0,0.0,0.0,0.0,True,True,0.7024518499760859,0.7206921904123152,False,False,0.018240340436229352,97.27506256103516
01384,40,40,0,1.0,0.0,0.0,0.0,0.0,True,True,0.7996528946248129,0.7850253984082524,False,False,-0.014627496216560565,97.27506256103516
01384,41,41,0,1.0,0.0,0.0,0.0,0.0,True,True,0.8234644794868482,0.8336539505189574,False,False,0.01018947103210921,97.27506256103516
01384,42,42,0,1.0,0.0,0.0,0.0,0.0,True,True,0.7382699621686267,0.7549773792890523,False,False,0.01670741712042556,97.27506256103516
01384,43,43,0,1.0,0.0,0.0,0.0,0.0,True,True,0.7787218538649693,0.6665155737797142,False,False,-0.11220628008525513,97.27506256103516
01384,44,44,4,1.0,0.0,0.0,0.0,0.0,False,False,0.0,0.0,True,True,0.0,97.27506256103516
01384,45,45,0,1.0,0.0,0.0,0.0,0.0,False,False,0.08312126751018904,0.1356882252262939,False,False,0.05256695771610485,97.27506256103516
01384,46,46,4,1.0,0.0,0.0,0.0,0.0,False,False,0.0,0.0,True,True,0.0,97.27506256103516
01384,47,47,0,1.0,0.0,0.0,0.0,0.0,True,True,0.7894975527966682,0.8050380611564169,False,False,0.015540508359748628,97.27506256103516
01384,48,48,0,1.0,0.0,0.0,0.0,0.0,True,True,0.741100646827531,0.7726824249660146,False,False,0.03158177813848362,97.27506256103516
01384,49,49,0,1.0,0.0,0.0,0.0,0.0,True,True,0.7284211241365238,0.7364200162813566,False,False,0.007998892144832737,97.27506256103516
01384,50,50,0,1.0,0.0,0.0,0.0,0.0,True,True,0.8129092028301524,0.7520714601507217,False,False,-0.06083774267943076,97.27506256103516
01384,51,51,0,1.0,0.0,0.0,0.0,0.0,True,True,0.7524724881818242,0.7743549740824651,False,False,0.021882485900640902,97.27506256103516
01384,52,52,0,1.0,0.0,0.0,0.0,0.0,True,True,0.867221664539331,0.8241329825455153,False,False,-0.04308868199381577,97.27506256103516
01384,53,53,0,1.0,0.0,0.0,0.0,0.0,True,True,0.8751430874078844,0.8889870576662264,False,False,0.013843970258342053,97.27506256103516
01384,54,54,0,1.0,0.0,0.0,0.0,0.0,True,True,0.8065876489959599,0.8654849183958795,False,False,0.05889726939991957,97.27506256103516
01384,55,55,0,1.0,0.0,0.0,0.0,0.0,True,True,0.7593693409805433,0.8053850045845883,False,False,0.046015663604044965,97.27506256103516
01384,56,56,0,1.0,0.0,0.0,0.0,0.0,True,True,0.8271138901069212,0.7922886643770632,False,False,-0.03482522572985791,97.27506256103516
01384,57,57,0,1.0,0.0,0.0,0.0,0.0,True,True,0.8879309388135348,0.8746860995613532,False,False,-0.013244839252181562,97.27506256103516
01384,58,58,0,1.0,0.0,0.0,0.0,0.0,True,True,0.8282660755490131,0.9339337023662608,False,False,0.10566762681724773,97.27506256103516
01384,59,59,0,1.0,0.0,0.0,0.0,0.0,True,True,0.9333432169012127,0.9685800462035754,False,False,0.035236829302362715,97.27506256103516
01384,60,60,0,1.0,0.0,0.0,0.0,0.0,True,True,0.859345464624602,0.9167565341790429,False,False,0.05741106955444086,97.27506256103516
01384,61,61,0,1.0,0.0,0.0,0.0,0.0,True,True,0.832489259156422,0.8250361812994691,False,False,-0.007453077856952928,97.27506256103516
01384,62,62,0,1.0,0.0,0.0,0.0,0.0,True,True,0.8161908183702988,0.8370310397109655,False,False,0.020840221340666654,97.27506256103516
01384,63,63,0,1.0,0.0,0.0,0.0,0.0,True,True,0.7968497630134102,0.8092410915307723,False,False,0.012391328517362132,97.27506256103516
01384,64,64,0,1.0,0.0,0.0,0.0,0.0,True,True,0.8503907282579721,0.8658738819995587,False,False,0.015483153741586597,97.27506256103516
01384,65,65,0,1.0,0.0,0.0,0.0,0.0,True,True,0.8040153066975698,0.8363854024130116,False,False,0.032370095715441805,97.27506256103516
01384,66,66,0,1.0,0.0,0.0,0.0,0.0,True,True,0.9083051825471747,0.9094169405425787,False,False,0.0011117579954039725,97.27506256103516
01384,67,67,0,1.0,0.0,0.0,0.0,0.0,True,True,0.8436629774807438,0.9057838682814943,False,False,0.06212089080075045,97.27506256103516
01384,68,68,0,1.0,0.0,0.0,0.0,0.0,True,True,0.9395346786927063,0.9035072142940465,False,False,-0.03602746439865989,97.27506256103516
01384,69,69,0,1.0,0.0,0.0,0.0,0.0,True,True,0.963900370875838,0.9587775155973021,False,False,-0.005122855278535954,97.27506256103516
01384,70,70,0,1.0,0.0,0.0,0.0,0.0,True,True,0.8612740679657656,0.6458155560455451,False,False,-0.21545851192022047,97.27506256103516
01384,71,71,0,1.0,0.0,0.0,0.0,0.0,True,True,0.7411817069638168,0.719201113161017,False,False,-0.02198059380279982,97.27506256103516
01384,72,72,0,1.0,0.0,0.0,0.0,0.0,True,True,0.7680190876735252,0.7914870844169827,False,False,0.023467996743457453,97.27506256103516
01384,73,73,0,1.0,0.0,0.0,0.0,0.0,True,True,0.872351269943431,0.795812974563468,False,False,-0.07653829537996304,97.27506256103516
01384,74,74,0,1.0,0.0,0.0,0.0,0.0,True,True,0.8206583902293709,0.8231743598926079,False,False,0.002515969663236972,97.27506256103516
01384,75,75,0,1.0,0.0,0.0,0.0,0.0,True,True,0.825181755313111,0.8037058671903922,False,False,-0.021475888122718834,97.27506256103516
01384,76,76,0,1.0,0.0,0.0,0.0,0.0,True,True,0.8435715293464486,0.8570846253595851,False,False,0.013513096013136439,97.27506256103516
01384,77,77,0,1.0,0.0,0.0,0.0,0.0,True,True,0.8241901491985733,0.8657485553752781,False,False,0.04155840617670481,97.27506256103516
01384,78,78,0,1.0,0.0,0.0,0.0,0.0,True,True,0.7964508880277247,0.8366826445925893,False,False,0.04023175656486466,97.27506256103516
01384,79,79,0,1.0,0.0,0.0,0.0,0.0,True,True,0.7270856086712881,0.7935051280094628,False,False,0.06641951933817469,97.27506256103516
01384,80,80,0,1.0,0.0,0.0,0.0,0.0,True,True,0.8351126596733424,0.9055764568869729,False,False,0.0704637972136305,97.27506256103516
01384,81,81,0,1.0,0.0,0.0,0.0,0.0,True,True,0.8498919396581347,0.8429601224279336,False,False,-0.006931817230201087,97.27506256103516
01384,82,82,0,1.0,0.0,0.0,0.0,0.0,True,True,0.8492788345333808,0.8122283190331469,False,False,-0.03705051550023397,97.27506256103516
01384,83,83,0,1.0,0.0,0.0,0.0,0.0,True,True,0.8581431075843711,0.8691103211012225,False,False,0.010967213516851482,97.27506256103516
01384,84,84,0,1.0,0.0,0.0,0.0,0.0,True,True,0.8305427589926156,0.8665110953593049,False,False,0.03596833636668928,97.27506256103516
01384,85,85,0,1.0,0.0,0.0,0.0,0.0,True,True,0.8844541462554356,0.8967037510341225,False,False,0.012249604778686862,97.27506256103516
01384,86,86,0,1.0,0.0,0.0,0.0,0.0,True,True,0.8745678042940953,0.8741191436404506,False,False,-0.00044866065364468355,97.27506256103516
01384,87,87,0,1.0,0.0,0.0,0.0,0.0,True,True,0.8600167752470144,0.8232561913867364,False,False,-0.03676058386027792,97.27506256103516
01384,88,88,0,1.0,0.0,0.0,0.0,0.0,True,True,0.850116407114257,0.9221670240932617,False,False,0.07205061697900472,97.27506256103516
01384,89,89,0,1.0,0.0,0.0,0.0,0.0,True,True,0.8682992873353699,0.862775589573289,False,False,-0.005523697762080837,97.27506256103516
01384,90,90,0,1.0,0.0,0.0,0.0,0.0,True,True,0.8653086020622439,0.8430026851675124,False,False,-0.022305916894731492,97.27506256103516
01384,91,91,0,1.0,0.0,0.0,0.0,0.0,True,True,0.9516550221648403,0.9366958979532443,False,False,-0.014959124211596064,97.27506256103516
01384,92,92,0,1.0,0.0,0.0,0.0,0.0,True,True,0.9203000524648263,0.8037892165374189,False,False,-0.11651083592740741,97.27506256103516
01384,93,93,0,1.0,0.0,0.0,0.0,0.0,True,True,0.8686966305744532,0.8793128666432571,False,False,0.010616236068803908,97.27506256103516
01384,94,94,0,1.0,0.0,0.0,0.0,0.0,True,True,0.8530783605993448,0.8862518211951258,False,False,0.03317346059578097,97.27506256103516
01384,95,95,0,1.0,0.0,0.0,0.0,0.0,True,True,0.9035158511716003,0.8901924838493062,False,False,-0.01332336732229411,97.27506256103516
01384,96,96,0,1.0,0.0,0.0,0.0,0.0,True,True,0.8363883576724642,0.8507757398737998,False,False,0.014387382201335619,97.27506256103516
01384,97,97,0,1.0,0.0,0.0,0.0,0.0,True,True,0.9115787440550112,0.9470680996678661,False,False,0.035489355612854934,97.27506256103516
01384,98,98,0,1.0,0.0,0.0,0.0,0.0,True,True,0.9421623749030483,0.9537740598086509,False,False,0.011611684905602604,97.27506256103516
01384,99,99,0,1.0,0.0,0.0,0.0,0.0,True,True,0.8596642412163324,0.8781182930095598,False,False,0.018454051793227344,97.27506256103516
01384,100,100,0,1.0,0.0,0.0,0.0,0.0,True,True,0.8671459394518464,0.8898299904360046,False,False,0.022684050984158266,97.27506256103516
01384,101,101,0,1.0,0.0,0.0,0.0,0.0,True,True,0.8752201820978157,0.8971737630511707,False,False,0.02195358095335498,97.27506256103516
01384,102,102,0,1.0,0.0,0.0,0.0,0.0,True,True,0.9183293663264431,0.946374741001144,False,False,0.028045374674700918,97.27506256103516
01384,103,103,0,1.0,0.0,0.0,0.0,0.0,True,True,0.829135085638483,0.8111872556453135,False,False,-0.017947829993169573,97.27506256103516
01384,104,104,0,1.0,0.0,0.0,0.0,0.0,True,True,0.8160354106886428,0.856673615686752,False,False,0.04063820499810922,97.27506256103516
01384,105,105,0,1.0,0.0,0.0,0.0,0.0,True,True,0.8116820750546799,0.7741408024647795,False,False,-0.037541272589900476,97.27506256103516
01384,106,106,0,1.0,0.0,0.0,0.0,0.0,True,True,0.8106163350809288,0.854720614003186,False,False,0.04410427892225721,97.27506256103516
01384,107,107,0,1.0,0.0,0.0,0.0,0.0,True,True,0.8027501825953067,0.8342584359441443,False,False,0.031508253348837556,97.27506256103516
01384,108,108,0,1.0,0.0,0.0,0.0,0.0,True,True,0.825492555274269,0.8703214050356066,False,False,0.04482884976133761,97.27506256103516
01384,109,109,0,1.0,0.0,0.0,0.0,0.0,True,True,0.786314006880619,0.7883315585040467,False,False,0.002017551623427649,97.27506256103516
01384,110,110,0,1.0,0.0,0.0,0.0,0.0,True,True,0.8869381424025713,0.8359684897194671,False,False,-0.05096965268310416,97.27506256103516
01384,111,111,0,1.0,0.0,0.0,0.0,0.0,True,True,0.7993969830535812,0.7156407139642513,False,False,-0.08375626908932987,97.27506256103516
01384,112,112,0,1.0,0.0,0.0,0.0,0.0,True,True,0.7945390485963052,0.8279444912036134,False,False,0.033405442607308156,97.27506256103516
01384,113,113,0,1.0,0.0,0.0,0.0,0.0,True,True,0.7856725933719907,0.8320918181845065,False,False,0.046419224812515814,97.27506256103516
01384,114,114,0,1.0,0.0,0.0,0.0,0.0,True,True,0.8344436362595294,0.8641597422657638,False,False,0.02971610600623431,97.27506256103516
01384,115,115,0,1.0,0.0,0.0,0.0,0.0,True,True,0.8268870928984919,0.8595744370532012,False,False,0.03268734415470931,97.27506256103516
01384,116,116,0,1.0,0.0,0.0,0.0,0.0,True,True,0.8932766986782196,0.8297836659722875,False,False,-0.0634930327059321,97.27506256103516
01384,117,117,0,1.0,0.0,0.0,0.0,0.0,True,True,0.8413096904780918,0.8103848398406599,False,False,-0.03092485063743189,97.27506256103516
01384,118,118,0,1.0,0.0,0.0,0.0,0.0,True,True,0.7984817850236843,0.7941379064745359,False,False,-0.004343878549148417,97.27506256103516
01384,119,119,0,1.0,0.0,0.0,0.0,0.0,True,True,0.8435254230585968,0.8409386961005552,False,False,-0.0025867269580416297,97.27506256103516
01384,120,120,0,1.0,0.0,0.0,0.0,0.0,True,True,0.7840169324710244,0.7607926494944648,False,False,-0.02322428297655965,97.27506256103516
01384,121,121,0,1.0,0.0,0.0,0.0,0.0,True,True,0.8869978475983756,0.8808961563418837,False,False,-0.006101691256491959,97.27506256103516
01384,122,122,0,1.0,0.0,0.0,0.0,0.0,True,True,0.8646427777222947,0.8678446806881988,False,False,0.0032019029659040577,97.27506256103516
01384,123,123,0,1.0,0.0,0.0,0.0,0.0,True,True,0.8319698213549117,0.8832360900630128,False,False,0.05126626870810114,97.27506256103516
01384,124,124,0,1.0,0.0,0.0,0.0,0.0,True,True,0.8131599966556541,0.8845466111553975,False,False,0.07138661449974337,97.27506256103516
01384,125,125,0,1.0,0.0,0.0,0.0,0.0,True,True,0.7593902105113612,0.8295280342973413,False,False,0.0701378237859801,97.27506256103516
01384,126,126,0,1.0,0.0,0.0,0.0,0.0,True,True,0.8168056032045916,0.8773742506788174,False,False,0.060568647474225745,97.27506256103516
01384,127,127,0,1.0,0.0,0.0,0.0,0.0,True,True,0.9213306751589174,0.8726656021127419,False,False,-0.04866507304617551,97.27506256103516
01384,128,128,0,1.0,0.0,0.0,0.0,0.0,True,True,0.9428782715560285,0.9109433160394814,False,False,-0.031934955516547125,97.27506256103516
01384,129,129,0,1.0,0.0,0.0,0.0,0.0,True,True,0.8425273354882374,0.8767755440752398,False,False,0.03424820858700239,97.27506256103516
01384,130,130,4,1.0,0.0,0.0,0.0,0.0,False,False,0.0,0.0,True,True,0.0,97.27506256103516
01384,131,131,0,1.0,0.0,0.0,0.0,0.0,True,True,0.9244246257735383,0.8608550232103227,False,False,-0.06356960256321564,97.27506256103516
01384,132,132,0,1.0,0.0,0.0,0.0,0.0,True,True,0.8627912914225447,0.8327735365129136,False,False,-0.0300177549096311,97.27506256103516
01384,133,133,0,1.0,0.0,0.0,0.0,0.0,True,True,0.8462684864508331,0.8561426687098231,False,False,0.00987418225899006,97.27506256103516
01384,134,134,0,1.0,0.0,0.0,0.0,0.0,True,True,0.8850645613845322,0.8866369171125406,False,False,0.001572355728008401,97.27506256103516
01391,0,1,0,1.0,0.0,0.0,0.0,0.0,True,True,0.8164143326591107,0.8017944455990942,False,False,-0.01461988706001649,50.430789947509766
01391,1,2,4,1.0,0.0,0.0,0.0,0.0,False,False,0.0,0.0,True,True,0.0,50.430789947509766
01394,0,0,0,1.0,0.0,0.0,0.0,0.0,True,True,0.7528045746760191,0.626793114835018,False,False,-0.12601145984100115,148.45797729492188
01394,1,1,0,1.0,0.0,0.0,0.0,0.0,True,False,0.857806160837472,0.0,False,False,-0.857806160837472,148.45797729492188
01394,2,2,0,1.0,0.0,0.0,0.0,0.0,True,True,0.8802441148729859,0.7891362069075902,False,False,-0.0911079079653957,148.45797729492188
01394,3,3,0,1.0,0.0,0.0,0.0,0.0,True,True,0.9356679885100175,0.8518119743949667,False,False,-0.08385601411505084,148.45797729492188
01394,4,4,0,1.0,0.0,0.0,0.0,0.0,True,True,0.9616910546343923,0.9216171187047696,False,False,-0.04007393592962272,148.45797729492188
01394,5,5,0,1.0,0.0,0.0,0.0,0.0,True,True,0.9275510331530433,0.8768894170483865,False,False,-0.050661616104656804,148.45797729492188
01394,6,6,0,1.0,0.0,0.0,0.0,0.0,True,True,0.9686229391494928,0.9341496572436486,False,False,-0.0344732819058442,148.45797729492188
01394,7,7,0,1.0,0.0,0.0,0.0,0.0,True,True,0.9444963754189596,0.8168411239599329,False,False,-0.12765525145902668,148.45797729492188
01394,8,8,4,1.0,0.0,0.0,0.0,0.0,True,True,0.857692701204234,0.7759875422799043,False,True,-0.08170515892432972,148.45797729492188
01394,9,9,0,1.0,0.0,0.0,0.0,0.0,True,True,0.8076604473935854,0.7841247841790864,False,False,-0.02353566321449907,148.45797729492188
01394,10,10,0,1.0,0.0,0.0,0.0,0.0,True,True,0.8380627213951637,0.8719978177347828,False,False,0.03393509633961911,148.45797729492188
01394,11,11,0,1.0,0.0,0.0,0.0,0.0,True,True,0.8498289446488447,0.8001806579780335,False,False,-0.049648286670811226,148.45797729492188
01394,12,12,0,1.0,0.0,0.0,0.0,0.0,True,True,0.909897148939702,0.8737386374865825,False,False,-0.036158511453119435,148.45797729492188
01394,13,13,0,1.0,0.0,0.0,0.0,0.0,True,True,0.9057831255542865,0.8696262440103213,False,False,-0.036156881543965236,148.45797729492188
01394,14,14,0,1.0,0.0,0.0,0.0,0.0,True,True,0.7846111960243564,0.7968086650336541,False,False,0.012197469009297746,148.45797729492188
01394,15,15,0,1.0,0.0,0.0,0.0,0.0,True,True,0.8871480875856479,0.8833828697745741,False,False,-0.003765217811073751,148.45797729492188
01394,16,16,0,1.0,0.0,0.0,0.0,0.0,True,True,0.9111792875573007,0.8587181383034245,False,False,-0.05246114925387624,148.45797729492188
01394,17,17,0,1.0,0.0,0.0,0.0,0.0,True,True,0.9162127511596507,0.7913308005907046,False,False,-0.12488195056894613,148.45797729492188
01394,18,18,0,1.0,0.0,0.0,0.0,0.0,True,True,0.9362889553124887,0.842622543340721,False,False,-0.09366641197176773,148.45797729492188
01394,19,19,0,1.0,0.0,0.0,0.0,0.0,True,True,0.8783199724106278,0.8708255644836786,False,False,-0.007494407926949109,148.45797729492188
01394,20,20,0,1.0,0.0,0.0,0.0,0.0,True,True,0.952908005775058,0.9078836648252627,False,False,-0.04502434094979524,148.45797729492188
01394,21,21,0,1.0,0.0,0.0,0.0,0.0,True,True,0.9052815682531161,0.9146250405994791,False,False,0.009343472346363013,148.45797729492188
01394,22,22,0,1.0,0.0,0.0,0.0,0.0,True,True,0.9373915852901196,0.8542021746139659,False,False,-0.08318941067615371,148.45797729492188
01394,23,23,0,1.0,0.0,0.0,0.0,0.0,True,True,0.8070075619623491,0.855141016015036,False,False,0.048133454052686875,148.45797729492188
01394,24,24,0,1.0,0.0,0.0,0.0,0.0,True,True,0.9142324710009853,0.8118398121619425,False,False,-0.1023926588390428,148.45797729492188
01394,25,25,0,1.0,0.0,0.0,0.0,0.0,True,True,0.9251151631129311,0.7361751732846192,False,False,-0.18893998982831184,148.45797729492188
01394,26,26,0,1.0,0.0,0.0,0.0,0.0,True,True,0.944745093350517,0.7692023017169358,False,False,-0.17554279163358122,148.45797729492188
01396,0,0,2,0.6467065372584211,0.01657742222827179,0.16519046913642302,-0.009375000000000022,-0.01367187999999997,True,True,0.7622693186887877,0.8441082838718844,False,False,0.08183896518309675,138.61328125
01396,1,1,2,1.0,0.0,0.0,0.0,0.0,True,True,0.9047627362666337,0.8338172990479882,False,True,-0.07094543721864555,138.61328125
01396,2,2,2,1.0,0.0,0.0,0.0,0.0,True,True,0.8680536614431246,0.7466224744763622,False,False,-0.12143118696676236,138.61328125
01396,3,3,2,1.0,0.0,0.0,0.0,0.0,True,False,0.7005732860181507,0.33949391518401056,False,False,-0.36107937083414016,138.61328125
01398,0,0,0,1.0,0.0,0.0,0.0,0.0,False,True,0.02451545318528778,0.898041579081399,False,False,0.8735261258961112,82.67230224609375
01398,1,1,0,0.6592178801082539,0.011048543456039806,0.138708393611211,-0.0078125,-0.0078125,True,True,0.6678442709331842,0.8728378995409268,False,False,0.20499362860774262,82.67230224609375
01398,2,2,0,0.5864174050723175,0.02050688241938544,0.2574526433900185,-0.006249999999999978,-0.01953125,True,True,0.7710400694370514,0.8515461722681631,False,False,0.0805061028311117,82.67230224609375
01398,3,3,0,0.6532803263722012,0.019779670158081495,0.24832289294090346,-0.0031249999999999334,-0.01953125,True,True,0.7620933867529057,0.8697683767827897,False,False,0.10767499002988401,82.67230224609375
01398,4,4,0,0.8529412517647064,0.009765619999999975,0.12260199439022149,0.0,-0.009765619999999975,True,True,0.7344730585886549,0.7383565679585395,False,False,0.0038835093698846856,82.67230224609375
01398,5,5,0,0.36559846007005603,0.05683425454982588,0.7119834332310027,-0.004687500000000067,-0.05664062000000003,True,True,0.8241067384916637,0.8916197539036408,False,False,0.06751301541197707,82.67230224609375
01398,6,6,0,0.7114754098360665,0.019593650318725703,0.24545680301347095,0.0015624999999999667,-0.01953125,True,True,0.9252026430813913,0.9297118874772818,False,False,0.00450924439589051,82.67230224609375
01398,7,7,0,0.822784869194041,0.01367187000000003,0.1712725013882989,0.0,-0.01367187000000003,True,True,0.9076229151392384,0.8714886403325164,False,False,-0.036134274806722044,82.67230224609375
01398,8,8,0,0.8947368421052632,0.0078125,0.09787003658578394,0.0,-0.0078125,True,True,0.8367712103933205,0.8766355369883598,False,False,0.03986432659503936,82.67230224609375
01398,9,9,0,0.6460085174687955,0.029296902146078548,0.3780155139400385,4.340000000002675e-05,-0.02929687000000003,True,True,0.8514848405798364,0.8490174020580432,False,False,-0.0024674385217932082,82.67230224609375
01398,10,10,0,0.8000001536000139,0.01171873999999995,0.11236654785767053,0.0,-0.01171873999999995,True,True,0.8835774957073845,0.9168581431959082,False,False,0.03328064748852366,82.67230224609375
01398,11,11,0,0.7225712904784921,0.01570293065800139,0.15056943914516432,-0.0015624999999999944,-0.015625,True,True,0.962264096285077,0.920381760334593,False,False,-0.04188233595048407,82.67230224609375
01398,12,12,0,0.6701032230108598,0.019593640350572997,0.1878759769530389,-0.0015624999999999944,-0.01953124000000006,True,True,0.8941763568023282,0.9635021313629861,False,False,0.06932577456065792,82.67230224609375
01398,13,13,0,0.8620689655172414,0.0078125,0.07491109582924914,0.0,-0.0078125,True,True,0.8381549419511708,0.8508160849189417,False,False,0.012661142967770878,82.67230224609375
01398,14,14,0,0.7160940237498831,0.019593650318725706,0.1628254251127168,-0.0015624999999999944,-0.01953125,True,True,0.8637858003194856,0.8613680307017364,False,False,-0.002417769617749199,82.67230224609375
01398,15,15,0,0.7254545385353517,0.01631297892017274,0.1355626789457096,-0.004687500000000011,-0.015625,True,True,0.8860293680340411,0.8461740632532134,False,False,-0.03985530478082766,82.67230224609375
01398,16,16,0,0.6852229111191216,0.021710453226427617,0.18412043811891474,-0.0031250000000000167,-0.02148437000000003,True,True,0.8949101073221735,0.9256161910476732,False,False,0.030706083725499767,82.67230224609375
01398,17,17,0,0.5425370938036405,0.016105881350068987,0.1972800328586343,0.00390625,-0.015625,True,True,0.8256948506091356,0.7905612251123463,False,False,-0.035133625496789334,82.67230224609375
01398,18,18,0,0.7515836060196436,0.005884641199368091,0.09346668166397717,0.000544779999999967,-0.00585937000000003,True,True,0.8326371463630926,0.9323159894033627,False,False,0.09967884304027008,82.67230224609375
01400,0,10,0,0.43079007282181414,0.017067666874019442,0.2976859515388896,0.009375000000000022,-0.014262350000000007,True,True,0.6691443112880152,0.8936174525343702,False,False,0.22447314124635498,24.105026245117188
01400,1,2,0,1.0,0.0,0.0,0.0,0.0,True,True,0.7450332484597956,0.8869600345051409,False,False,0.14192678604534537,24.105026245117188
01400,2,3,0,1.0,0.0,0.0,0.0,0.0,True,True,0.7006581027213756,0.7509827060399038,False,False,0.05032460331852817,24.105026245117188
01400,3,9,0,1.0,0.0,0.0,0.0,0.0,True,True,0.6442107205738301,0.8996255790404231,False,False,0.25541485846659295,24.105026245117188
01400,4,11,0,0.6221547799696507,0.01574659654447272,0.2745378873252323,0.015625,-0.0019531200000000304,True,True,0.9284764397499495,0.9090163967145369,False,False,-0.0194600430354126,24.105026245117188
01400,5,18,0,1.0,0.0,0.0,0.0,0.0,True,True,0.5496456274756089,0.8211110520852425,False,False,0.27146542460963363,24.105026245117188
01400,6,19,0,1.0,0.0,0.0,0.0,0.0,True,True,0.6596393375388598,0.8653515207860102,False,False,0.20571218324715035,24.105026245117188
01400,7,22,0,0.6742556917688267,0.014594951770650035,0.19066765151265305,0.014062500000000006,0.0039062400000000608,True,True,0.7862932770901474,0.9071539079100198,False,False,0.12086063081987242,24.105026245117188
01400,8,23,0,0.6136363636363636,0.026562500000000003,0.33991504686487173,0.026562500000000003,0.0,True,True,0.8943978696441401,0.84613060741091,False,False,-0.04826726223323019,24.105026245117188
01400,9,24,0,0.7064217979227634,0.011614119572210367,0.15415399645702837,0.010937500000000017,-0.003906259999999939,True,True,0.8592657657920867,0.8510188944698733,False,False,-0.008246871322213356,24.105026245117188
01400,10,25,0,0.6764707144636761,0.01419748512886705,0.21973201647537322,0.014062500000000033,-0.0019531200000000304,True,True,0.8676550123480308,0.8552944449042515,False,False,-0.012360567443779225,24.105026245117188
01400,11,26,0,0.6542671715607238,0.013096133434628687,0.19279340040083526,0.012499999999999956,-0.0039062400000000608,True,True,0.8738478503913104,0.8186226961447608,False,False,-0.05522515424654961,24.105026245117188
01400,12,27,0,0.7037037037037045,0.012499999999999956,0.2153527608232655,0.012499999999999956,0.0,True,True,0.8445004967083946,0.9280690790769948,False,False,0.08356858236860021,24.105026245117188
01400,13,28,0,0.7448778710360068,0.009576288567832558,0.1508812336464446,0.009375000000000022,-0.0019531200000000304,True,True,0.8758384029487191,0.8940916720660432,False,False,0.018253269117324167,24.105026245117188
01400,14,29,0,0.7568494508388047,0.009576288567832448,0.13973424779570945,0.009374999999999911,0.0019531200000000304,True,True,0.8238188112820342,0.8222168925167603,False,False,-0.0016019187652738243,24.105026245117188
01400,15,30,0,0.9047619047619057,0.004687499999999956,0.06324555320336699,0.004687499999999956,0.0,True,True,0.746516919385071,0.8701253221875873,False,False,0.12360840280251628,24.105026245117188
01400,16,31,0,0.7323870745005701,0.013287694758779556,0.18084675200116454,0.013281249999999911,0.0004138000000000197,True,True,0.8854128437339334,0.9357051743604223,False,False,0.05029233062648897,24.105026245117188
01415,0,0,3,1.0,0.0,0.0,0.0,0.0,True,True,0.9113370100731392,0.9526466280452003,False,False,0.04130961797206112,58.55679702758789
01415,1,1,3,1.0,0.0,0.0,0.0,0.0,True,True,0.8570451524530529,0.9292405471305497,False,False,0.0721953946774968,58.55679702758789
01415,2,2,3,1.0,0.0,0.0,0.0,0.0,True,True,0.9155953097127165,0.9720950330293423,False,False,0.05649972331662578,58.55679702758789
01415,3,3,3,1.0,0.0,0.0,0.0,0.0,True,True,0.882577290386259,0.9281852409743969,False,False,0.045607950588137935,58.55679702758789
01415,4,4,3,1.0,0.0,0.0,0.0,0.0,True,True,0.8915539715424646,0.9317020420463213,False,False,0.040148070503856714,58.55679702758789
01415,5,5,3,1.0,0.0,0.0,0.0,0.0,True,True,0.9046918335945753,0.9239400640066032,False,False,0.019248230412027945,58.55679702758789
01415,6,6,3,1.0,0.0,0.0,0.0,0.0,True,True,0.9497779933420065,0.9481837043992154,False,False,-0.0015942889427911222,58.55679702758789
01415,7,7,3,1.0,0.0,0.0,0.0,0.0,True,True,0.9094146277718596,0.9249926763572393,False,False,0.0155780485853797,58.55679702758789
01415,8,8,3,1.0,0.0,0.0,0.0,0.0,True,True,0.9014234672199395,0.8906670920207584,False,False,-0.010756375199181045,58.55679702758789
01415,9,9,3,1.0,0.0,0.0,0.0,0.0,True,True,0.8610412842714834,0.885750867915557,False,False,0.024709583644073607,58.55679702758789
01415,10,10,3,1.0,0.0,0.0,0.0,0.0,True,True,0.8531863825367417,0.9657949157824719,False,False,0.11260853324573017,58.55679702758789
01415,11,11,4,1.0,0.0,0.0,0.0,0.0,True,True,0.802562345518965,0.8738332407611683,False,False,0.07127089524220331,58.55679702758789
01415,12,12,3,1.0,0.0,0.0,0.0,0.0,True,True,0.9607096516944462,0.9220351141316228,False,False,-0.03867453756282346,58.55679702758789
01415,13,13,2,1.0,0.0,0.0,0.0,0.0,True,True,0.8814425416076646,0.9490576893530965,True,False,0.06761514774543198,58.55679702758789
01415,14,14,2,1.0,0.0,0.0,0.0,0.0,True,True,0.8299348875134271,0.8964210017067457,False,False,0.06648611419331851,58.55679702758789
01415,15,15,0,1.0,0.0,0.0,0.0,0.0,True,False,0.7458853833310396,0.0,False,False,-0.7458853833310396,58.55679702758789
01415,16,16,2,1.0,0.0,0.0,0.0,0.0,True,True,0.811237559361063,0.8568278891889248,True,True,0.04559032982786182,58.55679702758789
01415,17,17,0,1.0,0.0,0.0,0.0,0.0,True,True,0.7940725467698829,0.9247512706970863,False,False,0.13067872392720337,58.55679702758789
01415,18,18,0,1.0,0.0,0.0,0.0,0.0,True,True,0.8760640662724288,0.9284536036972137,False,False,0.052389537424784915,58.55679702758789
01415,19,19,3,1.0,0.0,0.0,0.0,0.0,True,True,0.9068409198560174,0.9528653139471572,False,False,0.046024394091139786,58.55679702758789
01418,0,0,3,1.0,0.0,0.0,0.0,0.0,True,True,0.856660140507982,0.8725517389763169,False,False,0.015891598468334878,131.49229431152344
01418,1,1,3,1.0,0.0,0.0,0.0,0.0,True,True,0.8453028963320209,0.9186917283109792,False,False,0.07338883197895829,131.49229431152344
01418,2,2,3,1.0,0.0,0.0,0.0,0.0,True,True,0.9023375066605958,0.8795317458941077,False,False,-0.022805760766488103,131.49229431152344
01418,3,3,3,1.0,0.0,0.0,0.0,0.0,True,True,0.9446326505638448,0.9335671377500477,False,False,-0.011065512813797085,131.49229431152344
01418,4,4,3,1.0,0.0,0.0,0.0,0.0,True,True,0.9103847613871049,0.9639523680452537,False,False,0.05356760665814886,131.49229431152344
01418,5,5,3,1.0,0.0,0.0,0.0,0.0,True,True,0.9647722614326012,0.9233337985657147,False,False,-0.04143846286688646,131.49229431152344
01418,6,6,3,1.0,0.0,0.0,0.0,0.0,True,True,0.9263203709050826,0.9337264113150411,False,False,0.007406040409958514,131.49229431152344
01418,7,7,0,1.0,0.0,0.0,0.0,0.0,True,True,0.8149467794144538,0.8500557301999967,False,False,0.03510895078554288,131.49229431152344
01418,8,8,0,1.0,0.0,0.0,0.0,0.0,True,True,0.8959651189887784,0.9304097908955442,False,False,0.03444467190676581,131.49229431152344
01418,9,9,0,1.0,0.0,0.0,0.0,0.0,True,True,0.8987492467697896,0.7381951507709301,False,False,-0.1605540959988595,131.49229431152344
01418,10,10,0,1.0,0.0,0.0,0.0,0.0,True,True,0.8887906752510372,0.6943942824963855,False,False,-0.1943963927546517,131.49229431152344
01418,11,11,0,1.0,0.0,0.0,0.0,0.0,True,True,0.8445104586315766,0.8542213984001584,False,False,0.009710939768581839,131.49229431152344
01418,12,12,0,1.0,0.0,0.0,0.0,0.0,True,True,0.9599181234083611,0.8213293564149766,False,False,-0.13858876699338452,131.49229431152344
01418,13,13,0,0.792165262563083,0.008052941887714072,0.11358806790916702,0.0078125,-0.0019531299999999696,True,True,0.8066070599060009,0.8743483963911555,False,False,0.06774133648515457,131.49229431152344
01418,14,14,0,0.9365079365079366,0.003124999999999989,0.04407863823749836,0.003124999999999989,0.0,True,True,0.8049505156490094,0.8605398961827984,False,False,0.055589380533788924,131.49229431152344
01418,15,15,0,1.0,0.0,0.0,0.0,0.0,True,True,0.8744307786220159,0.8603358535446477,False,False,-0.014094925077368203,131.49229431152344
01418,16,16,0,1.0,0.0,0.0,0.0,0.0,True,True,0.8687472128903813,0.7773431010365782,False,False,-0.09140411185380304,131.49229431152344
01418,17,17,0,1.0,0.0,0.0,0.0,0.0,True,True,0.7859967088835703,0.7531613381421605,False,False,-0.03283537074140985,131.49229431152344
01418,18,18,0,1.0,0.0,0.0,0.0,0.0,True,True,0.8149957119207472,0.7009623693058111,False,False,-0.11403334261493603,131.49229431152344
01418,19,19,0,0.5972750748321682,0.012236292853352291,0.17966067870764332,0.00585937000000003,-0.010742189999999999,True,True,0.7988619309903751,0.8283832920737833,False,False,0.029521361083408193,131.49229431152344
01418,20,20,3,1.0,0.0,0.0,0.0,0.0,True,True,0.8188082452707526,0.8858796133348389,False,False,0.06707136806408631,131.49229431152344
01418,21,21,2,0.6832440703902066,0.015007322431483252,0.12950956440636846,-0.009375000000000022,-0.01171875,True,True,0.909955071176222,0.7068773513311322,False,True,-0.20307771984508982,131.49229431152344
01431,0,0,0,1.0,0.0,0.0,0.0,0.0,True,True,0.7053460486218878,0.8960918771312881,False,False,0.19074582850940036,146.78370666503906
01431,1,1,0,1.0,0.0,0.0,0.0,0.0,True,True,0.7725247473461594,0.8639119548150724,False,False,0.09138720746891305,146.78370666503906
01431,2,2,0,1.0,0.0,0.0,0.0,0.0,True,True,0.8114430914661293,0.9161619134977801,False,False,0.10471882203165084,146.78370666503906
01431,3,3,0,1.0,0.0,0.0,0.0,0.0,True,True,0.6843569554635359,0.8041963621466284,False,False,0.11983940668309245,146.78370666503906
01431,4,4,0,0.6313964372362252,0.0125060981218924,0.1650640202122026,-0.0078125,-0.00976562000000003,True,True,0.930272398215332,0.8780357929386271,False,False,-0.05223660527670493,146.78370666503906
01431,5,5,0,1.0,0.0,0.0,0.0,0.0,True,True,0.7255298513870475,0.9077272363704678,False,False,0.1821973849834203,146.78370666503906
01431,6,6,0,1.0,0.0,0.0,0.0,0.0,True,True,0.784154424161605,0.9585726009055406,False,False,0.17441817674393567,146.78370666503906
01431,7,7,0,1.0,0.0,0.0,0.0,0.0,True,True,0.7022039590210989,0.8670374744831302,False,False,0.1648335154620313,146.78370666503906
01431,8,8,0,0.6024097807558147,0.012898017103993095,0.19586232079359345,-0.010937499999999933,-0.00683592999999999,True,True,0.8783947963115791,0.8024109665889116,False,False,-0.07598382972266748,146.78370666503906
01431,9,9,0,1.0,0.0,0.0,0.0,0.0,True,True,0.7807365770484939,0.9360309186846585,False,False,0.15529434163616462,146.78370666503906
01431,10,10,0,1.0,0.0,0.0,0.0,0.0,True,True,0.7150862991323641,0.8868795257230124,False,False,0.17179322659064833,146.78370666503906
01431,11,11,0,1.0,0.0,0.0,0.0,0.0,True,True,0.6934829578626418,0.9649120519019649,False,False,0.27142909403932314,146.78370666503906
01431,12,13,0,1.0,0.0,0.0,0.0,0.0,True,True,0.8652892810141448,0.8452160130054347,False,False,-0.02007326800871012,146.78370666503906
01431,13,14,0,1.0,0.0,0.0,0.0,0.0,True,True,0.8947438959208365,0.9341798754329563,False,False,0.039435979512119856,146.78370666503906
01431,14,15,0,1.0,0.0,0.0,0.0,0.0,True,True,0.6085891176406653,0.8944873026978475,False,False,0.28589818505718223,146.78370666503906
01431,15,16,0,1.0,0.0,0.0,0.0,0.0,True,True,0.6596715328497159,0.7278613221807533,False,False,0.06818978933103736,146.78370666503906
01431,16,17,0,1.0,0.0,0.0,0.0,0.0,True,True,0.6713626204465547,0.8443839128262511,False,False,0.17302129237969643,146.78370666503906
01431,17,18,0,0.8455981591488523,0.0025526799517565767,0.05929591851535502,-0.002343750000000002,-0.0010114399999999746,True,True,0.7029796750065451,0.830073498349613,False,False,0.12709382334306785,146.78370666503906
01431,18,19,0,0.7215618422370597,0.008052941887714092,0.14294299024977197,-0.007812500000000007,-0.001953130000000025,True,True,0.8120916601869264,0.9029512099360104,False,False,0.09085954974908406,146.78370666503906
01431,19,20,0,1.0,0.0,0.0,0.0,0.0,False,True,0.1323400219240954,0.8717952310137116,False,False,0.7394552090896162,146.78370666503906
01431,20,21,0,1.0,0.0,0.0,0.0,0.0,True,True,0.7392763980285443,0.869709468935843,False,False,0.13043307090729872,146.78370666503906
01431,21,22,0,1.0,0.0,0.0,0.0,0.0,True,True,0.7840766012651873,0.8165623682044157,False,False,0.032485766939228444,146.78370666503906
01431,22,23,0,0.7671231591401555,0.006064135571901429,0.10187737328862347,0.0015624999999999944,-0.005859380000000025,True,True,0.8154684431496158,0.764077929970027,False,False,-0.05139051317958876,146.78370666503906
01431,23,24,0,1.0,0.0,0.0,0.0,0.0,True,True,0.6205001823745296,0.8500603876413055,False,False,0.2295602052667759,146.78370666503906
01431,24,25,0,1.0,0.0,0.0,0.0,0.0,False,True,0.4099317804844895,0.729327269658921,False,False,0.3193954891744315,146.78370666503906
01431,25,26,0,1.0,0.0,0.0,0.0,0.0,False,False,0.01857503383437417,0.014952765823218157,False,False,-0.003622268011156015,146.78370666503906
01443,0,0,0,1.0,0.0,0.0,0.0,0.0,False,True,0.25426480739418833,0.9137001060976447,False,False,0.6594352987034564,33.031063079833984
01443,1,1,0,1.0,0.0,0.0,0.0,0.0,True,True,0.6573005372637377,0.8342985489185384,False,False,0.17699801165480067,33.031063079833984
01443,2,2,0,1.0,0.0,0.0,0.0,0.0,True,True,0.8119249889371312,0.8486758777557352,False,False,0.036750888818604,33.031063079833984
01443,3,3,0,1.0,0.0,0.0,0.0,0.0,False,False,0.2095725865747216,0.21161278885181345,False,False,0.0020402022770918404,33.031063079833984
01443,4,4,0,1.0,0.0,0.0,0.0,0.0,False,True,0.0,0.7206737622285727,False,False,0.7206737622285727,33.031063079833984
01443,5,5,0,1.0,0.0,0.0,0.0,0.0,True,True,0.7279251965710806,0.8722215161337614,False,False,0.14429631956268085,33.031063079833984
01443,6,6,0,1.0,0.0,0.0,0.0,0.0,True,True,0.7370179413347864,0.857477533466175,False,False,0.12045959213138857,33.031063079833984
01443,7,7,4,1.0,0.0,0.0,0.0,0.0,False,False,0.0,0.0,True,True,0.0,33.031063079833984
01443,8,8,0,1.0,0.0,0.0,0.0,0.0,True,True,0.7036111514709774,0.8305036065295536,False,False,0.12689245505857616,33.031063079833984
01443,9,9,3,1.0,0.0,0.0,0.0,0.0,True,True,0.8021699532305122,0.8827955893488205,False,False,0.08062563611830831,33.031063079833984
01443,10,11,0,1.0,0.0,0.0,0.0,0.0,True,True,0.7241521335201708,0.8246888913184809,False,False,0.10053675779831006,33.031063079833984
01443,11,12,0,1.0,0.0,0.0,0.0,0.0,True,True,0.7711840437936576,0.844915068210694,False,False,0.07373102441703638,33.031063079833984
01443,12,13,0,0.5827066646272895,0.010042932741331088,0.20650695960880197,-0.002343749999999978,-0.009765620000000003,True,True,0.5812068616785677,0.8680855117739634,False,False,0.2868786500953957,33.031063079833984
01447,0,0,4,1.0,0.0,0.0,0.0,0.0,True,False,0.8513113236130075,0.0,False,True,-0.8513113236130075,34.42768096923828
01447,1,1,4,1.0,0.0,0.0,0.0,0.0,True,False,0.9195595905604592,0.0,False,True,-0.9195595905604592,34.42768096923828
01447,2,2,4,1.0,0.0,0.0,0.0,0.0,True,False,0.8695303788180182,0.0,False,True,-0.8695303788180182,34.42768096923828
01447,3,3,4,1.0,0.0,0.0,0.0,0.0,True,False,0.8803314945797007,0.0,False,True,-0.8803314945797007,34.42768096923828
01447,4,4,0,0.8071392697161907,0.007012238011761971,0.09233167496075871,0.0015625000000000222,-0.006835939999999957,False,True,0.0,0.8059315734634196,True,False,0.8059315734634196,34.42768096923828
01447,5,5,0,1.0,0.0,0.0,0.0,0.0,False,True,0.0,0.8880807198701461,True,False,0.8880807198701461,34.42768096923828
01447,6,6,4,1.0,0.0,0.0,0.0,0.0,True,False,0.8533414562212024,0.0,False,True,-0.8533414562212024,34.42768096923828
01447,7,7,0,1.0,0.0,0.0,0.0,0.0,False,True,0.0,0.8591413605022034,True,False,0.8591413605022034,34.42768096923828
01447,8,8,0,1.0,0.0,0.0,0.0,0.0,False,True,0.0,0.9219835968849536,True,False,0.9219835968849536,34.42768096923828
01447,9,9,4,0.8378379649963563,0.005859370000000003,0.0857492193985248,0.0,-0.005859370000000003,True,False,0.8882407731852027,0.0,False,True,-0.8882407731852027,34.42768096923828
01447,10,11,4,0.7226721509128264,0.008567071658209692,0.11887146200598371,0.006249999999999978,-0.005859370000000003,True,False,0.8519408788535753,0.0,False,True,-0.8519408788535753,34.42768096923828
01447,11,12,4,0.7228914503237045,0.007503665120086287,0.11973170159229654,0.004687499999999956,-0.005859379999999997,True,False,0.9436426242156113,0.0,False,True,-0.9436426242156113,34.42768096923828
01447,12,13,4,0.7281205030355546,0.007851465329000691,0.12691908524797896,0.0007812499999999556,-0.0078125,True,False,0.9047648347244871,0.0,False,True,-0.9047648347244871,34.42768096923828
01447,13,14,4,0.5909090909090917,0.012621480016721478,0.21588687513867705,0.004687499999999956,-0.01171875,True,False,0.8646494898236853,0.0,False,True,-0.8646494898236853,34.42768096923828
01447,14,15,0,1.0,0.0,0.0,0.0,0.0,True,True,0.75630935350285,0.9071445549238416,False,False,0.1508352014209916,34.42768096923828
01464,0,0,0,0.8157894736842096,0.009110862335695816,0.07728370585163818,0.004687500000000067,-0.0078125,True,True,0.8616389754404161,0.8270425667906522,False,False,-0.03459640864976388,21.5799560546875
01464,1,1,0,0.7416545718432518,0.01344113322975405,0.11105554165971743,0.010937499999999933,-0.0078125,True,True,0.8756645659694672,0.9153136625508128,False,False,0.03964909658134563,21.5799560546875
01464,2,2,0,0.7787933931334962,0.01160261611377366,0.09178697811045831,0.009375000000000022,-0.006835939999999985,True,True,0.8901748946503428,0.9167547361130133,False,False,0.02657984146267045,21.5799560546875
01464,3,3,0,0.7013257049918143,0.018305272677906204,0.12952283802176406,0.014062499999999978,-0.01171875,True,True,0.8203207451635406,0.8837736709359592,False,False,0.06345292577241857,21.5799560546875
01464,4,4,2,0.9115646258503401,0.007031250000000044,0.03135108300302066,0.007031250000000044,0.0,True,True,0.9067455214439458,0.8912928280681464,False,False,-0.015452693375799464,21.5799560546875
01464,5,5,2,0.9111111111111114,0.009374999999999967,0.043666688230468494,0.009374999999999967,0.0,True,True,0.9474288926479454,0.9338827241364075,False,False,-0.013546168511537893,21.5799560546875
01464,6,6,2,1.0,0.0,0.0,0.0,0.0,True,True,0.7360782771090347,0.9606880905957319,False,False,0.22460981348669717,21.5799560546875
