pair_id	group_id	sar_file	rgb_file	arm	donor_pair_id	donor_group_id
00001	00001	00001.jpg	01220.jpg	shuffled	01220	01220
00002	00002	00002.jpg	01575.jpg	shuffled	01575	01575
00003	00003	00003.jpg	04535.jpg	shuffled	04535	04535
00004	00004	00004.jpg	13437.jpg	shuffled	13437	13437
00005	00005	00005.jpg	14435.jpg	shuffled	14435	14435
00006	00006	00006.jpg	15293.jpg	shuffled	15293	15293
00007	00007	00007.jpg	16681.jpg	shuffled	16681	16681
00008	00008	00008.jpg	03606.jpg	shuffled	03606	03606
00009	00009	00009.jpg	04551.jpg	shuffled	04551	04551
00010	00010	00010.jpg	11243.jpg	shuffled	11243	11243
00011	00011	00011.jpg	14097.jpg	shuffled	14097	14097
00012	00012	00012.jpg	05363.jpg	shuffled	05363	05363
00013	00013	00013.jpg	14704.jpg	shuffled	14704	14704
00014	00014	00014.jpg	02965.jpg	shuffled	02965	02965
00015	00015	00015.jpg	06048.jpg	shuffled	06048	06048
00016	00016	00016.jpg	09151.jpg	shuffled	09151	09151
00017	00017	00017.jpg	06545.jpg	shuffled	06545	06545
00018	00018	00018.jpg	00613.jpg	shuffled	00613	00613
00019	00019	00019.jpg	07991.jpg	shuffled	07991	07991
00020	00020	00020.jpg	03718.jpg	shuffled	03718	03718
00021	00021	00021.jpg	06774.jpg	shuffled	06774	06774
00022	00022	00022.jpg	01813.jpg	shuffled	01813	01813
00023	00023	00023.jpg	10805.jpg	shuffled	10805	10805
00024	00024	00024.jpg	13622.jpg	shuffled	13622	13622
00025	00025	00025.jpg	12868.jpg	shuffled	12868	12868
00026	00026	00026.jpg	17783.jpg	shuffled	17783	17783
00027	00027	00027.jpg	09085.jpg	shuffled	09085	09085
00028	00028	00028.jpg	06100.jpg	shuffled	06100	06100
00029	00029	00029.jpg	08155.jpg	shuffled	08155	08155
00030	00030	00030.jpg	10396.jpg	shuffled	10396	10396
00031	00031	00031.jpg	15569.jpg	shuffled	15569	15569
00032	00032	00032.jpg	06730.jpg	shuffled	06730	06730
00033	00033	00033.jpg	17703.jpg	shuffled	17703	17703
00034	00034	00034.jpg	13000.jpg	shuffled	13000	13000
00035	00035	00035.jpg	10308.jpg	shuffled	10308	10308
00036	00036	00036.jpg	08176.jpg	shuffled	08176	08176
00037	00037	00037.jpg	17797.jpg	shuffled	17797	17797
00038	00038	00038.jpg	00977.jpg	shuffled	00977	00977
00039	00039	00039.jpg	01773.jpg	shuffled	01773	01773
00040	00040	00040.jpg	12457.jpg	shuffled	12457	12457
00041	00041	00041.jpg	00343.jpg	shuffled	00343	00343
00042	00042	00042.jpg	07777.jpg	shuffled	07777	07777
00043	00043	00043.jpg	05421.jpg	shuffled	05421	05421
00044	00044	00044.jpg	05045.jpg	shuffled	05045	05045
00045	00045	00045.jpg	14404.jpg	shuffled	14404	14404
00046	00046	00046.jpg	10008.jpg	shuffled	10008	10008
00047	00047	00047.jpg	17145.jpg	shuffled	17145	17145
00048	00048	00048.jpg	15542.jpg	shuffled	15542	15542
00049	00049	00049.jpg	15582.jpg	shuffled	15582	15582
00050	00050	00050.jpg	00262.jpg	shuffled	00262	00262
00051	00051	00051.jpg	09531.jpg	shuffled	09531	09531
00052	00052	00052.jpg	00154.jpg	shuffled	00154	00154
00053	00053	00053.jpg	07397.jpg	shuffled	07397	07397
00054	00054	00054.jpg	07403.jpg	shuffled	07403	07403
00055	00055	00055.jpg	03059.jpg	shuffled	03059	03059
00056	00056	00056.jpg	11095.jpg	shuffled	11095	11095
00057	00057	00057.jpg	08208.jpg	shuffled	08208	08208
00058	00058	00058.jpg	13549.jpg	shuffled	13549	13549
00059	00059	00059.jpg	06284.jpg	shuffled	06284	06284
00060	00060	00060.jpg	10083.jpg	shuffled	10083	10083
00061	00061	00061.jpg	13038.jpg	shuffled	13038	13038
00062	00062	00062.jpg	17467.jpg	shuffled	17467	17467
00063	00063	00063.jpg	08729.jpg	shuffled	08729	08729
00064	00064	00064.jpg	00037.jpg	shuffled	00037	00037
00065	00065	00065.jpg	17105.jpg	shuffled	17105	17105
00066	00066	00066.jpg	09883.jpg	shuffled	09883	09883
00067	00067	00067.jpg	08115.jpg	shuffled	08115	08115
00068	00068	00068.jpg	02673.jpg	shuffled	02673	02673
00069	00069	00069.jpg	05728.jpg	shuffled	05728	05728
00070	00070	00070.jpg	13507.jpg	shuffled	13507	13507
00071	00071	00071.jpg	04669.jpg	shuffled	04669	04669
00072	00072	00072.jpg	08557.jpg	shuffled	08557	08557
00073	00073	00073.jpg	04066.jpg	shuffled	04066	04066
00074	00074	00074.jpg	03925.jpg	shuffled	03925	03925
00075	00075	00075.jpg	15573.jpg	shuffled	15573	15573
00076	00076	00076.jpg	09019.jpg	shuffled	09019	09019
00077	00077	00077.jpg	07785.jpg	shuffled	07785	07785
00078	00078	00078.jpg	00621.jpg	shuffled	00621	00621
00079	00079	00079.jpg	08947.jpg	shuffled	08947	08947
00080	00080	00080.jpg	16205.jpg	shuffled	16205	16205
00081	00081	00081.jpg	15516.jpg	shuffled	15516	15516
00082	00082	00082.jpg	07471.jpg	shuffled	07471	07471
00083	00083	00083.jpg	13808.jpg	shuffled	13808	13808
00084	00084	00084.jpg	16655.jpg	shuffled	16655	16655
00085	00085	00085.jpg	14836.jpg	shuffled	14836	14836
00086	00086	00086.jpg	01577.jpg	shuffled	01577	01577
00087	00087	00087.jpg	16857.jpg	shuffled	16857	16857
00088	00088	00088.jpg	03430.jpg	shuffled	03430	03430
00089	00089	00089.jpg	16817.jpg	shuffled	16817	16817
00090	00090	00090.jpg	04568.jpg	shuffled	04568	04568
00091	00091	00091.jpg	12593.jpg	shuffled	12593	12593
00092	00092	00092.jpg	01936.jpg	shuffled	01936	01936
00093	00093	00093.jpg	02380.jpg	shuffled	02380	02380
00094	00094	00094.jpg	17714.jpg	shuffled	17714	17714
00095	00095	00095.jpg	00702.jpg	shuffled	00702	00702
00096	00096	00096.jpg	12049.jpg	shuffled	12049	12049
00097	00097	00097.jpg	07295.jpg	shuffled	07295	07295
00098	00098	00098.jpg	08170.jpg	shuffled	08170	08170
00099	00099	00099.jpg	16535.jpg	shuffled	16535	16535
00100	00100	00100.jpg	07224.jpg	shuffled	07224	07224
00101	00101	00101.jpg	00753.jpg	shuffled	00753	00753
00102	00102	00102.jpg	06662.jpg	shuffled	06662	06662
00103	00103	00103.jpg	01725.jpg	shuffled	01725	01725
00104	00104	00104.jpg	02482.jpg	shuffled	02482	02482
00105	00105	00105.jpg	02370.jpg	shuffled	02370	02370
00106	00106	00106.jpg	13420.jpg	shuffled	13420	13420
00107	00107	00107.jpg	12804.jpg	shuffled	12804	12804
00108	00108	00108.jpg	11698.jpg	shuffled	11698	11698
00109	00109	00109.jpg	05367.jpg	shuffled	05367	05367
00110	00110	00110.jpg	05057.jpg	shuffled	05057	05057
00111	00111	00111.jpg	06364.jpg	shuffled	06364	06364
00112	00112	00112.jpg	13600.jpg	shuffled	13600	13600
00113	00113	00113.jpg	06582.jpg	shuffled	06582	06582
00114	00114	00114.jpg	16888.jpg	shuffled	16888	16888
00115	00115	00115.jpg	10377.jpg	shuffled	10377	10377
00116	00116	00116.jpg	11949.jpg	shuffled	11949	11949
00117	00117	00117.jpg	07435.jpg	shuffled	07435	07435
00118	00118	00118.jpg	05841.jpg	shuffled	05841	05841
00119	00119	00119.jpg	00272.jpg	shuffled	00272	00272
00120	00120	00120.jpg	07213.jpg	shuffled	07213	07213
00121	00121	00121.jpg	11068.jpg	shuffled	11068	11068
00122	00122	00122.jpg	06251.jpg	shuffled	06251	06251
00123	00123	00123.jpg	09429.jpg	shuffled	09429	09429
00124	00124	00124.jpg	00499.jpg	shuffled	00499	00499
00125	00125	00125.jpg	10076.jpg	shuffled	10076	10076
00126	00126	00126.jpg	11432.jpg	shuffled	11432	11432
00127	00127	00127.jpg	10905.jpg	shuffled	10905	10905
00128	00128	00128.jpg	00122.jpg	shuffled	00122	00122
00129	00129	00129.jpg	14087.jpg	shuffled	14087	14087
00130	00130	00130.jpg	15445.jpg	shuffled	15445	15445
00131	00131	00131.jpg	12225.jpg	shuffled	12225	12225
00132	00132	00132.jpg	13354.jpg	shuffled	13354	13354
00133	00133	00133.jpg	08151.jpg	shuffled	08151	08151
00134	00134	00134.jpg	15102.jpg	shuffled	15102	15102
00135	00135	00135.jpg	05780.jpg	shuffled	05780	05780
00136	00136	00136.jpg	05536.jpg	shuffled	05536	05536
00137	00137	00137.jpg	04442.jpg	shuffled	04442	04442
00138	00138	00138.jpg	14715.jpg	shuffled	14715	14715
00139	00139	00139.jpg	02940.jpg	shuffled	02940	02940
00140	00140	00140.jpg	03077.jpg	shuffled	03077	03077
00141	00141	00141.jpg	08078.jpg	shuffled	08078	08078
00142	00142	00142.jpg	09739.jpg	shuffled	09739	09739
00143	00143	00143.jpg	05410.jpg	shuffled	05410	05410
00144	00144	00144.jpg	11090.jpg	shuffled	11090	11090
00145	00145	00145.jpg	10749.jpg	shuffled	10749	10749
00146	00146	00146.jpg	10664.jpg	shuffled	10664	10664
00147	00147	00147.jpg	17158.jpg	shuffled	17158	17158
00148	00148	00148.jpg	10123.jpg	shuffled	10123	10123
00149	00149	00149.jpg	07569.jpg	shuffled	07569	07569
00150	00150	00150.jpg	16649.jpg	shuffled	16649	16649
00151	00151	00151.jpg	13072.jpg	shuffled	13072	13072
00152	00152	00152.jpg	07548.jpg	shuffled	07548	07548
00153	00153	00153.jpg	02220.jpg	shuffled	02220	02220
00154	00154	00154.jpg	09933.jpg	shuffled	09933	09933
00155	00155	00155.jpg	02318.jpg	shuffled	02318	02318
00156	00156	00156.jpg	07064.jpg	shuffled	07064	07064
00157	00157	00157.jpg	05385.jpg	shuffled	05385	05385
00158	00158	00158.jpg	05355.jpg	shuffled	05355	05355
00159	00159	00159.jpg	08484.jpg	shuffled	08484	08484
00160	00160	00160.jpg	15037.jpg	shuffled	15037	15037
00161	00161	00161.jpg	11452.jpg	shuffled	11452	11452
00162	00162	00162.jpg	02946.jpg	shuffled	02946	02946
00163	00163	00163.jpg	11727.jpg	shuffled	11727	11727
00164	00164	00164.jpg	05428.jpg	shuffled	05428	05428
00165	00165	00165.jpg	02992.jpg	shuffled	02992	02992
00166	00166	00166.jpg	05442.jpg	shuffled	05442	05442
00167	00167	00167.jpg	13756.jpg	shuffled	13756	13756
00168	00168	00168.jpg	00643.jpg	shuffled	00643	00643
00169	00169	00169.jpg	09574.jpg	shuffled	09574	09574
00170	00170	00170.jpg	10347.jpg	shuffled	10347	10347
00171	00171	00171.jpg	05121.jpg	shuffled	05121	05121
00172	00172	00172.jpg	03852.jpg	shuffled	03852	03852
00173	00173	00173.jpg	09341.jpg	shuffled	09341	09341
00174	00174	00174.jpg	08703.jpg	shuffled	08703	08703
00175	00175	00175.jpg	02075.jpg	shuffled	02075	02075
00176	00176	00176.jpg	07904.jpg	shuffled	07904	07904
00177	00177	00177.jpg	11206.jpg	shuffled	11206	11206
00178	00178	00178.jpg	05023.jpg	shuffled	05023	05023
00179	00179	00179.jpg	04370.jpg	shuffled	04370	04370
00180	00180	00180.jpg	07537.jpg	shuffled	07537	07537
00181	00181	00181.jpg	00266.jpg	shuffled	00266	00266
00182	00182	00182.jpg	16214.jpg	shuffled	16214	16214
00183	00183	00183.jpg	17747.jpg	shuffled	17747	17747
00184	00184	00184.jpg	04585.jpg	shuffled	04585	04585
00185	00185	00185.jpg	01637.jpg	shuffled	01637	01637
00186	00186	00186.jpg	14872.jpg	shuffled	14872	14872
00187	00187	00187.jpg	01243.jpg	shuffled	01243	01243
00188	00188	00188.jpg	01204.jpg	shuffled	01204	01204
00189	00189	00189.jpg	07049.jpg	shuffled	07049	07049
00190	00190	00190.jpg	09138.jpg	shuffled	09138	09138
00191	00191	00191.jpg	10753.jpg	shuffled	10753	10753
00192	00192	00192.jpg	08035.jpg	shuffled	08035	08035
00193	00193	00193.jpg	04822.jpg	shuffled	04822	04822
00194	00194	00194.jpg	07250.jpg	shuffled	07250	07250
00195	00195	00195.jpg	16166.jpg	shuffled	16166	16166
00196	00196	00196.jpg	11028.jpg	shuffled	11028	11028
00197	00197	00197.jpg	02368.jpg	shuffled	02368	02368
00198	00198	00198.jpg	05638.jpg	shuffled	05638	05638
00199	00199	00199.jpg	14804.jpg	shuffled	14804	14804
00200	00200	00200.jpg	07185.jpg	shuffled	07185	07185
00201	00201	00201.jpg	05454.jpg	shuffled	05454	05454
00202	00202	00202.jpg	10824.jpg	shuffled	10824	10824
00203	00203	00203.jpg	10046.jpg	shuffled	10046	10046
00204	00204	00204.jpg	01517.jpg	shuffled	01517	01517
00205	00205	00205.jpg	11897.jpg	shuffled	11897	11897
00206	00206	00206.jpg	01398.jpg	shuffled	01398	01398
00207	00207	00207.jpg	15789.jpg	shuffled	15789	15789
00208	00208	00208.jpg	04777.jpg	shuffled	04777	04777
00209	00209	00209.jpg	02750.jpg	shuffled	02750	02750
00210	00210	00210.jpg	10043.jpg	shuffled	10043	10043
00211	00211	00211.jpg	16779.jpg	shuffled	16779	16779
00212	00212	00212.jpg	15148.jpg	shuffled	15148	15148
00213	00213	00213.jpg	05435.jpg	shuffled	05435	05435
00214	00214	00214.jpg	12672.jpg	shuffled	12672	12672
00215	00215	00215.jpg	15105.jpg	shuffled	15105	15105
00216	00216	00216.jpg	05577.jpg	shuffled	05577	05577
00217	00217	00217.jpg	00310.jpg	shuffled	00310	00310
00218	00218	00218.jpg	13335.jpg	shuffled	13335	13335
00219	00219	00219.jpg	08554.jpg	shuffled	08554	08554
00220	00220	00220.jpg	15769.jpg	shuffled	15769	15769
00221	00221	00221.jpg	10938.jpg	shuffled	10938	10938
00222	00222	00222.jpg	14416.jpg	shuffled	14416	14416
00223	00223	00223.jpg	05696.jpg	shuffled	05696	05696
00224	00224	00224.jpg	03936.jpg	shuffled	03936	03936
00225	00225	00225.jpg	09675.jpg	shuffled	09675	09675
00226	00226	00226.jpg	10001.jpg	shuffled	10001	10001
00227	00227	00227.jpg	12662.jpg	shuffled	12662	12662
00228	00228	00228.jpg	07628.jpg	shuffled	07628	07628
00229	00229	00229.jpg	04334.jpg	shuffled	04334	04334
00230	00230	00230.jpg	09758.jpg	shuffled	09758	09758
00231	00231	00231.jpg	17599.jpg	shuffled	17599	17599
00232	00232	00232.jpg	09386.jpg	shuffled	09386	09386
00233	00233	00233.jpg	04714.jpg	shuffled	04714	04714
00234	00234	00234.jpg	15116.jpg	shuffled	15116	15116
00235	00235	00235.jpg	05309.jpg	shuffled	05309	05309
00236	00236	00236.jpg	09453.jpg	shuffled	09453	09453
00237	00237	00237.jpg	01260.jpg	shuffled	01260	01260
00238	00238	00238.jpg	17317.jpg	shuffled	17317	17317
00239	00239	00239.jpg	13195.jpg	shuffled	13195	13195
00240	00240	00240.jpg	06128.jpg	shuffled	06128	06128
00241	00241	00241.jpg	05405.jpg	shuffled	05405	05405
00242	00242	00242.jpg	02867.jpg	shuffled	02867	02867
00243	00243	00243.jpg	02791.jpg	shuffled	02791	02791
00244	00244	00244.jpg	14332.jpg	shuffled	14332	14332
00245	00245	00245.jpg	09294.jpg	shuffled	09294	09294
00246	00246	00246.jpg	04312.jpg	shuffled	04312	04312
00247	00247	00247.jpg	01755.jpg	shuffled	01755	01755
00248	00248	00248.jpg	04657.jpg	shuffled	04657	04657
00249	00249	00249.jpg	01721.jpg	shuffled	01721	01721
00250	00250	00250.jpg	10053.jpg	shuffled	10053	10053
00251	00251	00251.jpg	01320.jpg	shuffled	01320	01320
00252	00252	00252.jpg	02386.jpg	shuffled	02386	02386
00253	00253	00253.jpg	12309.jpg	shuffled	12309	12309
00254	00254	00254.jpg	13515.jpg	shuffled	13515	13515
00255	00255	00255.jpg	05676.jpg	shuffled	05676	05676
00256	00256	00256.jpg	15244.jpg	shuffled	15244	15244
00257	00257	00257.jpg	13506.jpg	shuffled	13506	13506
00258	00258	00258.jpg	16338.jpg	shuffled	16338	16338
00259	00259	00259.jpg	06381.jpg	shuffled	06381	06381
00260	00260	00260.jpg	06713.jpg	shuffled	06713	06713
00261	00261	00261.jpg	08566.jpg	shuffled	08566	08566
00262	00262	00262.jpg	02464.jpg	shuffled	02464	02464
00263	00263	00263.jpg	07557.jpg	shuffled	07557	07557
00264	00264	00264.jpg	06731.jpg	shuffled	06731	06731
00265	00265	00265.jpg	00011.jpg	shuffled	00011	00011
00266	00266	00266.jpg	13445.jpg	shuffled	13445	13445
00267	00267	00267.jpg	07148.jpg	shuffled	07148	07148
00268	00268	00268.jpg	12070.jpg	shuffled	12070	12070
00269	00269	00269.jpg	17155.jpg	shuffled	17155	17155
00270	00270	00270.jpg	09121.jpg	shuffled	09121	09121
00271	00271	00271.jpg	04222.jpg	shuffled	04222	04222
00272	00272	00272.jpg	05077.jpg	shuffled	05077	05077
00273	00273	00273.jpg	02034.jpg	shuffled	02034	02034
00274	00274	00274.jpg	02174.jpg	shuffled	02174	02174
00275	00275	00275.jpg	00842.jpg	shuffled	00842	00842
00276	00276	00276.jpg	02205.jpg	shuffled	02205	02205
00277	00277	00277.jpg	17576.jpg	shuffled	17576	17576
00278	00278	00278.jpg	15849.jpg	shuffled	15849	15849
00279	00279	00279.jpg	17767.jpg	shuffled	17767	17767
00280	00280	00280.jpg	00201.jpg	shuffled	00201	00201
00281	00281	00281.jpg	08060.jpg	shuffled	08060	08060
00282	00282	00282.jpg	00076.jpg	shuffled	00076	00076
00283	00283	00283.jpg	11511.jpg	shuffled	11511	11511
00284	00284	00284.jpg	07381.jpg	shuffled	07381	07381
00285	00285	00285.jpg	03340.jpg	shuffled	03340	03340
00286	00286	00286.jpg	08404.jpg	shuffled	08404	08404
00287	00287	00287.jpg	01343.jpg	shuffled	01343	01343
00288	00288	00288.jpg	16545.jpg	shuffled	16545	16545
00289	00289	00289.jpg	14630.jpg	shuffled	14630	14630
00290	00290	00290.jpg	11537.jpg	shuffled	11537	11537
00291	00291	00291.jpg	06855.jpg	shuffled	06855	06855
00292	00292	00292.jpg	10582.jpg	shuffled	10582	10582
00293	00293	00293.jpg	16486.jpg	shuffled	16486	16486
00294	00294	00294.jpg	04200.jpg	shuffled	04200	04200
00295	00295	00295.jpg	14084.jpg	shuffled	14084	14084
00296	00296	00296.jpg	05900.jpg	shuffled	05900	05900
00297	00297	00297.jpg	10492.jpg	shuffled	10492	10492
00298	00298	00298.jpg	13356.jpg	shuffled	13356	13356
00299	00299	00299.jpg	13858.jpg	shuffled	13858	13858
00300	00300	00300.jpg	15077.jpg	shuffled	15077	15077
00301	00301	00301.jpg	08564.jpg	shuffled	08564	08564
00302	00302	00302.jpg	12955.jpg	shuffled	12955	12955
00303	00303	00303.jpg	02372.jpg	shuffled	02372	02372
00304	00304	00304.jpg	12282.jpg	shuffled	12282	12282
00305	00305	00305.jpg	17904.jpg	shuffled	17904	17904
00306	00306	00306.jpg	17577.jpg	shuffled	17577	17577
00307	00307	00307.jpg	01296.jpg	shuffled	01296	01296
00308	00308	00308.jpg	02320.jpg	shuffled	02320	02320
00309	00309	00309.jpg	07546.jpg	shuffled	07546	07546
00310	00310	00310.jpg	12078.jpg	shuffled	12078	12078
00311	00311	00311.jpg	11258.jpg	shuffled	11258	11258
00312	00312	00312.jpg	00115.jpg	shuffled	00115	00115
00313	00313	00313.jpg	05311.jpg	shuffled	05311	05311
00314	00314	00314.jpg	12433.jpg	shuffled	12433	12433
00315	00315	00315.jpg	04630.jpg	shuffled	04630	04630
00316	00316	00316.jpg	02495.jpg	shuffled	02495	02495
00317	00317	00317.jpg	04045.jpg	shuffled	04045	04045
00318	00318	00318.jpg	01590.jpg	shuffled	01590	01590
00319	00319	00319.jpg	17612.jpg	shuffled	17612	17612
00320	00320	00320.jpg	06668.jpg	shuffled	06668	06668
00321	00321	00321.jpg	06739.jpg	shuffled	06739	06739
00322	00322	00322.jpg	02790.jpg	shuffled	02790	02790
00323	00323	00323.jpg	03587.jpg	shuffled	03587	03587
00324	00324	00324.jpg	01978.jpg	shuffled	01978	01978
00325	00325	00325.jpg	08379.jpg	shuffled	08379	08379
00326	00326	00326.jpg	02045.jpg	shuffled	02045	02045
00327	00327	00327.jpg	00455.jpg	shuffled	00455	00455
00328	00328	00328.jpg	04881.jpg	shuffled	04881	04881
00329	00329	00329.jpg	00389.jpg	shuffled	00389	00389
00330	00330	00330.jpg	17819.jpg	shuffled	17819	17819
00331	00331	00331.jpg	12367.jpg	shuffled	12367	12367
00332	00332	00332.jpg	05950.jpg	shuffled	05950	05950
00333	00333	00333.jpg	12570.jpg	shuffled	12570	12570
00334	00334	00334.jpg	05800.jpg	shuffled	05800	05800
00335	00335	00335.jpg	10764.jpg	shuffled	10764	10764
00336	00336	00336.jpg	07451.jpg	shuffled	07451	07451
00337	00337	00337.jpg	05885.jpg	shuffled	05885	05885
00338	00338	00338.jpg	10813.jpg	shuffled	10813	10813
00339	00339	00339.jpg	06697.jpg	shuffled	06697	06697
00340	00340	00340.jpg	11530.jpg	shuffled	11530	11530
00341	00341	00341.jpg	11477.jpg	shuffled	11477	11477
00342	00342	00342.jpg	12829.jpg	shuffled	12829	12829
00343	00343	00343.jpg	04748.jpg	shuffled	04748	04748
00344	00344	00344.jpg	04609.jpg	shuffled	04609	04609
00345	00345	00345.jpg	13956.jpg	shuffled	13956	13956
00346	00346	00346.jpg	12474.jpg	shuffled	12474	12474
00347	00347	00347.jpg	07562.jpg	shuffled	07562	07562
00348	00348	00348.jpg	01564.jpg	shuffled	01564	01564
00349	00349	00349.jpg	11773.jpg	shuffled	11773	11773
00350	00350	00350.jpg	06922.jpg	shuffled	06922	06922
00351	00351	00351.jpg	05933.jpg	shuffled	05933	05933
00352	00352	00352.jpg	13457.jpg	shuffled	13457	13457
00353	00353	00353.jpg	13532.jpg	shuffled	13532	13532
00354	00354	00354.jpg	05740.jpg	shuffled	05740	05740
00355	00355	00355.jpg	13143.jpg	shuffled	13143	13143
00356	00356	00356.jpg	14333.jpg	shuffled	14333	14333
00357	00357	00357.jpg	12610.jpg	shuffled	12610	12610
00358	00358	00358.jpg	00896.jpg	shuffled	00896	00896
00359	00359	00359.jpg	17821.jpg	shuffled	17821	17821
00360	00360	00360.jpg	04086.jpg	shuffled	04086	04086
00361	00361	00361.jpg	05366.jpg	shuffled	05366	05366
00362	00362	00362.jpg	05535.jpg	shuffled	05535	05535
00363	00363	00363.jpg	02644.jpg	shuffled	02644	02644
00364	00364	00364.jpg	07299.jpg	shuffled	07299	07299
00365	00365	00365.jpg	06811.jpg	shuffled	06811	06811
00366	00366	00366.jpg	10109.jpg	shuffled	10109	10109
00367	00367	00367.jpg	13745.jpg	shuffled	13745	13745
00368	00368	00368.jpg	04032.jpg	shuffled	04032	04032
00369	00369	00369.jpg	17396.jpg	shuffled	17396	17396
00370	00370	00370.jpg	01656.jpg	shuffled	01656	01656
00371	00371	00371.jpg	13761.jpg	shuffled	13761	13761
00372	00372	00372.jpg	13447.jpg	shuffled	13447	13447
00373	00373	00373.jpg	06635.jpg	shuffled	06635	06635
00374	00374	00374.jpg	07519.jpg	shuffled	07519	07519
00375	00375	00375.jpg	14434.jpg	shuffled	14434	14434
00376	00376	00376.jpg	16071.jpg	shuffled	16071	16071
00377	00377	00377.jpg	17114.jpg	shuffled	17114	17114
00378	00378	00378.jpg	04508.jpg	shuffled	04508	04508
00379	00379	00379.jpg	04194.jpg	shuffled	04194	04194
00380	00380	00380.jpg	08700.jpg	shuffled	08700	08700
00381	00381	00381.jpg	10412.jpg	shuffled	10412	10412
00382	00382	00382.jpg	00521.jpg	shuffled	00521	00521
00383	00383	00383.jpg	16204.jpg	shuffled	16204	16204
00384	00384	00384.jpg	12562.jpg	shuffled	12562	12562
00385	00385	00385.jpg	04596.jpg	shuffled	04596	04596
00386	00386	00386.jpg	05161.jpg	shuffled	05161	05161
00387	00387	00387.jpg	11021.jpg	shuffled	11021	11021
00388	00388	00388.jpg	09855.jpg	shuffled	09855	09855
00389	00389	00389.jpg	06298.jpg	shuffled	06298	06298
00390	00390	00390.jpg	00841.jpg	shuffled	00841	00841
00391	00391	00391.jpg	08185.jpg	shuffled	08185	08185
00392	00392	00392.jpg	00143.jpg	shuffled	00143	00143
00393	00393	00393.jpg	08495.jpg	shuffled	08495	08495
00394	00394	00394.jpg	14921.jpg	shuffled	14921	14921
00395	00395	00395.jpg	01873.jpg	shuffled	01873	01873
00396	00396	00396.jpg	08265.jpg	shuffled	08265	08265
00397	00397	00397.jpg	11850.jpg	shuffled	11850	11850
00398	00398	00398.jpg	05108.jpg	shuffled	05108	05108
00399	00399	00399.jpg	01024.jpg	shuffled	01024	01024
00400	00400	00400.jpg	16843.jpg	shuffled	16843	16843
00401	00401	00401.jpg	06830.jpg	shuffled	06830	06830
00402	00402	00402.jpg	01123.jpg	shuffled	01123	01123
00403	00403	00403.jpg	16893.jpg	shuffled	16893	16893
00404	00404	00404.jpg	11670.jpg	shuffled	11670	11670
00405	00405	00405.jpg	11947.jpg	shuffled	11947	11947
00406	00406	00406.jpg	14112.jpg	shuffled	14112	14112
00407	00407	00407.jpg	16016.jpg	shuffled	16016	16016
00408	00408	00408.jpg	16671.jpg	shuffled	16671	16671
00409	00409	00409.jpg	10402.jpg	shuffled	10402	10402
00410	00410	00410.jpg	03900.jpg	shuffled	03900	03900
00411	00411	00411.jpg	16896.jpg	shuffled	16896	16896
00412	00412	00412.jpg	16719.jpg	shuffled	16719	16719
00413	00413	00413.jpg	11351.jpg	shuffled	11351	11351
00414	00414	00414.jpg	06711.jpg	shuffled	06711	06711
00415	00415	00415.jpg	11649.jpg	shuffled	11649	11649
00416	00416	00416.jpg	08368.jpg	shuffled	08368	08368
00417	00417	00417.jpg	03620.jpg	shuffled	03620	03620
00418	00418	00418.jpg	05240.jpg	shuffled	05240	05240
00419	00419	00419.jpg	15466.jpg	shuffled	15466	15466
00420	00420	00420.jpg	15815.jpg	shuffled	15815	15815
00421	00421	00421.jpg	07080.jpg	shuffled	07080	07080
00422	00422	00422.jpg	14377.jpg	shuffled	14377	14377
00423	00423	00423.jpg	04353.jpg	shuffled	04353	04353
00424	00424	00424.jpg	07154.jpg	shuffled	07154	07154
00425	00425	00425.jpg	16061.jpg	shuffled	16061	16061
00426	00426	00426.jpg	16898.jpg	shuffled	16898	16898
00427	00427	00427.jpg	01869.jpg	shuffled	01869	01869
00428	00428	00428.jpg	07128.jpg	shuffled	07128	07128
00429	00429	00429.jpg	12790.jpg	shuffled	12790	12790
00430	00430	00430.jpg	04611.jpg	shuffled	04611	04611
00431	00431	00431.jpg	03103.jpg	shuffled	03103	03103
00432	00432	00432.jpg	17547.jpg	shuffled	17547	17547
00433	00433	00433.jpg	06331.jpg	shuffled	06331	06331
00434	00434	00434.jpg	04619.jpg	shuffled	04619	04619
00435	00435	00435.jpg	13350.jpg	shuffled	13350	13350
00436	00436	00436.jpg	04553.jpg	shuffled	04553	04553
00437	00437	00437.jpg	03766.jpg	shuffled	03766	03766
00438	00438	00438.jpg	13875.jpg	shuffled	13875	13875
00439	00439	00439.jpg	15246.jpg	shuffled	15246	15246
00440	00440	00440.jpg	03226.jpg	shuffled	03226	03226
00441	00441	00441.jpg	12220.jpg	shuffled	12220	12220
00442	00442	00442.jpg	06702.jpg	shuffled	06702	06702
00443	00443	00443.jpg	11714.jpg	shuffled	11714	11714
00444	00444	00444.jpg	08722.jpg	shuffled	08722	08722
00445	00445	00445.jpg	00434.jpg	shuffled	00434	00434
00446	00446	00446.jpg	11974.jpg	shuffled	11974	11974
00447	00447	00447.jpg	05262.jpg	shuffled	05262	05262
00448	00448	00448.jpg	07981.jpg	shuffled	07981	07981
00449	00449	00449.jpg	00171.jpg	shuffled	00171	00171
00450	00450	00450.jpg	11133.jpg	shuffled	11133	11133
00451	00451	00451.jpg	04658.jpg	shuffled	04658	04658
00452	00452	00452.jpg	05582.jpg	shuffled	05582	05582
00453	00453	00453.jpg	10401.jpg	shuffled	10401	10401
00454	00454	00454.jpg	04845.jpg	shuffled	04845	04845
00455	00455	00455.jpg	04854.jpg	shuffled	04854	04854
00456	00456	00456.jpg	07012.jpg	shuffled	07012	07012
00457	00457	00457.jpg	10829.jpg	shuffled	10829	10829
00458	00458	00458.jpg	11744.jpg	shuffled	11744	11744
00459	00459	00459.jpg	16727.jpg	shuffled	16727	16727
00460	00460	00460.jpg	17839.jpg	shuffled	17839	17839
00461	00461	00461.jpg	17660.jpg	shuffled	17660	17660
00462	00462	00462.jpg	14963.jpg	shuffled	14963	14963
00463	00463	00463.jpg	00550.jpg	shuffled	00550	00550
00464	00464	00464.jpg	05624.jpg	shuffled	05624	05624
00465	00465	00465.jpg	11345.jpg	shuffled	11345	11345
00466	00466	00466.jpg	08819.jpg	shuffled	08819	08819
00467	00467	00467.jpg	02936.jpg	shuffled	02936	02936
00468	00468	00468.jpg	02889.jpg	shuffled	02889	02889
00469	00469	00469.jpg	02820.jpg	shuffled	02820	02820
00470	00470	00470.jpg	05399.jpg	shuffled	05399	05399
00471	00471	00471.jpg	12996.jpg	shuffled	12996	12996
00472	00472	00472.jpg	00278.jpg	shuffled	00278	00278
00473	00473	00473.jpg	17823.jpg	shuffled	17823	17823
00474	00474	00474.jpg	00923.jpg	shuffled	00923	00923
00475	00475	00475.jpg	08082.jpg	shuffled	08082	08082
00476	00476	00476.jpg	17163.jpg	shuffled	17163	17163
00477	00477	00477.jpg	15920.jpg	shuffled	15920	15920
00478	00478	00478.jpg	01061.jpg	shuffled	01061	01061
00479	00479	00479.jpg	09778.jpg	shuffled	09778	09778
00480	00480	00480.jpg	06540.jpg	shuffled	06540	06540
00481	00481	00481.jpg	05434.jpg	shuffled	05434	05434
00482	00482	00482.jpg	00096.jpg	shuffled	00096	00096
00483	00483	00483.jpg	10458.jpg	shuffled	10458	10458
00484	00484	00484.jpg	07672.jpg	shuffled	07672	07672
00485	00485	00485.jpg	11377.jpg	shuffled	11377	11377
00486	00486	00486.jpg	01460.jpg	shuffled	01460	01460
00487	00487	00487.jpg	14672.jpg	shuffled	14672	14672
00488	00488	00488.jpg	12453.jpg	shuffled	12453	12453
00489	00489	00489.jpg	09969.jpg	shuffled	09969	09969
00490	00490	00490.jpg	05070.jpg	shuffled	05070	05070
00491	00491	00491.jpg	11148.jpg	shuffled	11148	11148
00492	00492	00492.jpg	06233.jpg	shuffled	06233	06233
00493	00493	00493.jpg	12547.jpg	shuffled	12547	12547
00494	00494	00494.jpg	08371.jpg	shuffled	08371	08371
00495	00495	00495.jpg	11386.jpg	shuffled	11386	11386
00496	00496	00496.jpg	01397.jpg	shuffled	01397	01397
00497	00497	00497.jpg	10462.jpg	shuffled	10462	10462
00498	00498	00498.jpg	02654.jpg	shuffled	02654	02654
00499	00499	00499.jpg	09377.jpg	shuffled	09377	09377
00500	00500	00500.jpg	00176.jpg	shuffled	00176	00176
00501	00501	00501.jpg	11652.jpg	shuffled	11652	11652
00502	00502	00502.jpg	14623.jpg	shuffled	14623	14623
00503	00503	00503.jpg	01668.jpg	shuffled	01668	01668
00504	00504	00504.jpg	13781.jpg	shuffled	13781	13781
00505	00505	00505.jpg	13725.jpg	shuffled	13725	13725
00506	00506	00506.jpg	13020.jpg	shuffled	13020	13020
00507	00507	00507.jpg	15788.jpg	shuffled	15788	15788
00508	00508	00508.jpg	05661.jpg	shuffled	05661	05661
00509	00509	00509.jpg	06924.jpg	shuffled	06924	06924
00510	00510	00510.jpg	17935.jpg	shuffled	17935	17935
00511	00511	00511.jpg	06282.jpg	shuffled	06282	06282
00512	00512	00512.jpg	15977.jpg	shuffled	15977	15977
00513	00513	00513.jpg	06798.jpg	shuffled	06798	06798
00514	00514	00514.jpg	00203.jpg	shuffled	00203	00203
00515	00515	00515.jpg	00530.jpg	shuffled	00530	00530
00516	00516	00516.jpg	03502.jpg	shuffled	03502	03502
00517	00517	00517.jpg	06335.jpg	shuffled	06335	06335
00518	00518	00518.jpg	14401.jpg	shuffled	14401	14401
00519	00519	00519.jpg	17414.jpg	shuffled	17414	17414
00520	00520	00520.jpg	14996.jpg	shuffled	14996	14996
00521	00521	00521.jpg	08662.jpg	shuffled	08662	08662
00522	00522	00522.jpg	17691.jpg	shuffled	17691	17691
00523	00523	00523.jpg	04006.jpg	shuffled	04006	04006
00524	00524	00524.jpg	06549.jpg	shuffled	06549	06549
00525	00525	00525.jpg	17040.jpg	shuffled	17040	17040
00526	00526	00526.jpg	17399.jpg	shuffled	17399	17399
00527	00527	00527.jpg	09328.jpg	shuffled	09328	09328
00528	00528	00528.jpg	02201.jpg	shuffled	02201	02201
00529	00529	00529.jpg	03504.jpg	shuffled	03504	03504
00530	00530	00530.jpg	16422.jpg	shuffled	16422	16422
00531	00531	00531.jpg	07291.jpg	shuffled	07291	07291
00532	00532	00532.jpg	02314.jpg	shuffled	02314	02314
00533	00533	00533.jpg	09500.jpg	shuffled	09500	09500
00534	00534	00534.jpg	01239.jpg	shuffled	01239	01239
00535	00535	00535.jpg	06605.jpg	shuffled	06605	06605
00536	00536	00536.jpg	16323.jpg	shuffled	16323	16323
00537	00537	00537.jpg	09860.jpg	shuffled	09860	09860
00538	00538	00538.jpg	08666.jpg	shuffled	08666	08666
00539	00539	00539.jpg	03764.jpg	shuffled	03764	03764
00540	00540	00540.jpg	12558.jpg	shuffled	12558	12558
00541	00541	00541.jpg	04875.jpg	shuffled	04875	04875
00542	00542	00542.jpg	16039.jpg	shuffled	16039	16039
00543	00543	00543.jpg	06764.jpg	shuffled	06764	06764
00544	00544	00544.jpg	11541.jpg	shuffled	11541	11541
00545	00545	00545.jpg	11425.jpg	shuffled	11425	11425
00546	00546	00546.jpg	14975.jpg	shuffled	14975	14975
00547	00547	00547.jpg	13262.jpg	shuffled	13262	13262
00548	00548	00548.jpg	05559.jpg	shuffled	05559	05559
00549	00549	00549.jpg	08516.jpg	shuffled	08516	08516
00550	00550	00550.jpg	15792.jpg	shuffled	15792	15792
00551	00551	00551.jpg	11500.jpg	shuffled	11500	11500
00552	00552	00552.jpg	10670.jpg	shuffled	10670	10670
00553	00553	00553.jpg	07385.jpg	shuffled	07385	07385
00554	00554	00554.jpg	12943.jpg	shuffled	12943	12943
00555	00555	00555.jpg	10757.jpg	shuffled	10757	10757
00556	00556	00556.jpg	06248.jpg	shuffled	06248	06248
00557	00557	00557.jpg	07798.jpg	shuffled	07798	07798
00558	00558	00558.jpg	02915.jpg	shuffled	02915	02915
00559	00559	00559.jpg	14837.jpg	shuffled	14837	14837
00560	00560	00560.jpg	13342.jpg	shuffled	13342	13342
00561	00561	00561.jpg	10560.jpg	shuffled	10560	10560
00562	00562	00562.jpg	14138.jpg	shuffled	14138	14138
00563	00563	00563.jpg	11420.jpg	shuffled	11420	11420
00564	00564	00564.jpg	03471.jpg	shuffled	03471	03471
00565	00565	00565.jpg	12329.jpg	shuffled	12329	12329
00566	00566	00566.jpg	02903.jpg	shuffled	02903	02903
00567	00567	00567.jpg	16124.jpg	shuffled	16124	16124
00568	00568	00568.jpg	08012.jpg	shuffled	08012	08012
00569	00569	00569.jpg	17251.jpg	shuffled	17251	17251
00570	00570	00570.jpg	15256.jpg	shuffled	15256	15256
00571	00571	00571.jpg	16607.jpg	shuffled	16607	16607
00572	00572	00572.jpg	09908.jpg	shuffled	09908	09908
00573	00573	00573.jpg	14293.jpg	shuffled	14293	14293
00574	00574	00574.jpg	12365.jpg	shuffled	12365	12365
00575	00575	00575.jpg	00603.jpg	shuffled	00603	00603
00576	00576	00576.jpg	15136.jpg	shuffled	15136	15136
00577	00577	00577.jpg	03353.jpg	shuffled	03353	03353
00578	00578	00578.jpg	12273.jpg	shuffled	12273	12273
00579	00579	00579.jpg	05184.jpg	shuffled	05184	05184
00580	00580	00580.jpg	04522.jpg	shuffled	04522	04522
00581	00581	00581.jpg	16106.jpg	shuffled	16106	16106
00582	00582	00582.jpg	16073.jpg	shuffled	16073	16073
00583	00583	00583.jpg	01521.jpg	shuffled	01521	01521
00584	00584	00584.jpg	10370.jpg	shuffled	10370	10370
00585	00585	00585.jpg	10819.jpg	shuffled	10819	10819
00586	00586	00586.jpg	15604.jpg	shuffled	15604	15604
00587	00587	00587.jpg	10240.jpg	shuffled	10240	10240
00588	00588	00588.jpg	02919.jpg	shuffled	02919	02919
00589	00589	00589.jpg	05947.jpg	shuffled	05947	05947
00590	00590	00590.jpg	12079.jpg	shuffled	12079	12079
00591	00591	00591.jpg	12498.jpg	shuffled	12498	12498
00592	00592	00592.jpg	09791.jpg	shuffled	09791	09791
00593	00593	00593.jpg	03133.jpg	shuffled	03133	03133
00594	00594	00594.jpg	01982.jpg	shuffled	01982	01982
00595	00595	00595.jpg	01420.jpg	shuffled	01420	01420
00596	00596	00596.jpg	14146.jpg	shuffled	14146	14146
00597	00597	00597.jpg	02827.jpg	shuffled	02827	02827
00598	00598	00598.jpg	13559.jpg	shuffled	13559	13559
00599	00599	00599.jpg	16569.jpg	shuffled	16569	16569
00600	00600	00600.jpg	07794.jpg	shuffled	07794	07794
00601	00601	00601.jpg	06821.jpg	shuffled	06821	06821
00602	00602	00602.jpg	12545.jpg	shuffled	12545	12545
00603	00603	00603.jpg	08101.jpg	shuffled	08101	08101
00604	00604	00604.jpg	16828.jpg	shuffled	16828	16828
00605	00605	00605.jpg	05674.jpg	shuffled	05674	05674
00606	00606	00606.jpg	04908.jpg	shuffled	04908	04908
00607	00607	00607.jpg	05275.jpg	shuffled	05275	05275
00608	00608	00608.jpg	08604.jpg	shuffled	08604	08604
00609	00609	00609.jpg	01053.jpg	shuffled	01053	01053
00610	00610	00610.jpg	11554.jpg	shuffled	11554	11554
00611	00611	00611.jpg	13932.jpg	shuffled	13932	13932
00612	00612	00612.jpg	02537.jpg	shuffled	02537	02537
00613	00613	00613.jpg	12064.jpg	shuffled	12064	12064
00614	00614	00614.jpg	09795.jpg	shuffled	09795	09795
00615	00615	00615.jpg	12677.jpg	shuffled	12677	12677
00616	00616	00616.jpg	05785.jpg	shuffled	05785	05785
00617	00617	00617.jpg	12054.jpg	shuffled	12054	12054
00618	00618	00618.jpg	02510.jpg	shuffled	02510	02510
00619	00619	00619.jpg	01097.jpg	shuffled	01097	01097
00620	00620	00620.jpg	02851.jpg	shuffled	02851	02851
00621	00621	00621.jpg	06053.jpg	shuffled	06053	06053
00622	00622	00622.jpg	16556.jpg	shuffled	16556	16556
00623	00623	00623.jpg	09049.jpg	shuffled	09049	09049
00624	00624	00624.jpg	02216.jpg	shuffled	02216	02216
00625	00625	00625.jpg	07966.jpg	shuffled	07966	07966
00626	00626	00626.jpg	10041.jpg	shuffled	10041	10041
00627	00627	00627.jpg	00628.jpg	shuffled	00628	00628
00628	00628	00628.jpg	15002.jpg	shuffled	15002	15002
00629	00629	00629.jpg	04488.jpg	shuffled	04488	04488
00630	00630	00630.jpg	11656.jpg	shuffled	11656	11656
00631	00631	00631.jpg	09370.jpg	shuffled	09370	09370
00632	00632	00632.jpg	10610.jpg	shuffled	10610	10610
00633	00633	00633.jpg	13307.jpg	shuffled	13307	13307
00634	00634	00634.jpg	16131.jpg	shuffled	16131	16131
00635	00635	00635.jpg	05437.jpg	shuffled	05437	05437
00636	00636	00636.jpg	11104.jpg	shuffled	11104	11104
00637	00637	00637.jpg	01599.jpg	shuffled	01599	01599
00638	00638	00638.jpg	01308.jpg	shuffled	01308	01308
00639	00639	00639.jpg	16734.jpg	shuffled	16734	16734
00640	00640	00640.jpg	03861.jpg	shuffled	03861	03861
00641	00641	00641.jpg	02437.jpg	shuffled	02437	02437
00642	00642	00642.jpg	12335.jpg	shuffled	12335	12335
00643	00643	00643.jpg	03469.jpg	shuffled	03469	03469
00644	00644	00644.jpg	15740.jpg	shuffled	15740	15740
00645	00645	00645.jpg	03695.jpg	shuffled	03695	03695
00646	00646	00646.jpg	11208.jpg	shuffled	11208	11208
00647	00647	00647.jpg	10989.jpg	shuffled	10989	10989
00648	00648	00648.jpg	05840.jpg	shuffled	05840	05840
00649	00649	00649.jpg	10544.jpg	shuffled	10544	10544
00650	00650	00650.jpg	10538.jpg	shuffled	10538	10538
00651	00651	00651.jpg	14175.jpg	shuffled	14175	14175
00652	00652	00652.jpg	13854.jpg	shuffled	13854	13854
00653	00653	00653.jpg	11288.jpg	shuffled	11288	11288
00654	00654	00654.jpg	01604.jpg	shuffled	01604	01604
00655	00655	00655.jpg	11366.jpg	shuffled	11366	11366
00656	00656	00656.jpg	09830.jpg	shuffled	09830	09830
00657	00657	00657.jpg	04168.jpg	shuffled	04168	04168
00658	00658	00658.jpg	15107.jpg	shuffled	15107	15107
00659	00659	00659.jpg	03528.jpg	shuffled	03528	03528
00660	00660	00660.jpg	08555.jpg	shuffled	08555	08555
00661	00661	00661.jpg	14567.jpg	shuffled	14567	14567
00662	00662	00662.jpg	09722.jpg	shuffled	09722	09722
00663	00663	00663.jpg	01227.jpg	shuffled	01227	01227
00664	00664	00664.jpg	05974.jpg	shuffled	05974	05974
00665	00665	00665.jpg	02080.jpg	shuffled	02080	02080
00666	00666	00666.jpg	11858.jpg	shuffled	11858	11858
00667	00667	00667.jpg	07337.jpg	shuffled	07337	07337
00668	00668	00668.jpg	17698.jpg	shuffled	17698	17698
00669	00669	00669.jpg	00529.jpg	shuffled	00529	00529
00670	00670	00670.jpg	17402.jpg	shuffled	17402	17402
00671	00671	00671.jpg	08157.jpg	shuffled	08157	08157
00672	00672	00672.jpg	04120.jpg	shuffled	04120	04120
00673	00673	00673.jpg	16196.jpg	shuffled	16196	16196
00674	00674	00674.jpg	14228.jpg	shuffled	14228	14228
00675	00675	00675.jpg	08547.jpg	shuffled	08547	08547
00676	00676	00676.jpg	01790.jpg	shuffled	01790	01790
00677	00677	00677.jpg	04949.jpg	shuffled	04949	04949
00678	00678	00678.jpg	03768.jpg	shuffled	03768	03768
00679	00679	00679.jpg	06322.jpg	shuffled	06322	06322
00680	00680	00680.jpg	01911.jpg	shuffled	01911	01911
00681	00681	00681.jpg	11244.jpg	shuffled	11244	11244
00682	00682	00682.jpg	12550.jpg	shuffled	12550	12550
00683	00683	00683.jpg	02161.jpg	shuffled	02161	02161
00684	00684	00684.jpg	10211.jpg	shuffled	10211	10211
00685	00685	00685.jpg	08940.jpg	shuffled	08940	08940
00686	00686	00686.jpg	06470.jpg	shuffled	06470	06470
00687	00687	00687.jpg	08874.jpg	shuffled	08874	08874
00688	00688	00688.jpg	14471.jpg	shuffled	14471	14471
00689	00689	00689.jpg	04706.jpg	shuffled	04706	04706
00690	00690	00690.jpg	12855.jpg	shuffled	12855	12855
00691	00691	00691.jpg	17184.jpg	shuffled	17184	17184
00692	00692	00692.jpg	09640.jpg	shuffled	09640	09640
00693	00693	00693.jpg	04697.jpg	shuffled	04697	04697
00694	00694	00694.jpg	05418.jpg	shuffled	05418	05418
00695	00695	00695.jpg	05225.jpg	shuffled	05225	05225
00696	00696	00696.jpg	09249.jpg	shuffled	09249	09249
00697	00697	00697.jpg	06493.jpg	shuffled	06493	06493
00698	00698	00698.jpg	04604.jpg	shuffled	04604	04604
00699	00699	00699.jpg	12466.jpg	shuffled	12466	12466
00700	00700	00700.jpg	09417.jpg	shuffled	09417	09417
00701	00701	00701.jpg	07604.jpg	shuffled	07604	07604
00702	00702	00702.jpg	09110.jpg	shuffled	09110	09110
00703	00703	00703.jpg	15068.jpg	shuffled	15068	15068
00704	00704	00704.jpg	00312.jpg	shuffled	00312	00312
00705	00705	00705.jpg	06537.jpg	shuffled	06537	06537
00706	00706	00706.jpg	04624.jpg	shuffled	04624	04624
00707	00707	00707.jpg	06190.jpg	shuffled	06190	06190
00708	00708	00708.jpg	04253.jpg	shuffled	04253	04253
00709	00709	00709.jpg	12635.jpg	shuffled	12635	12635
00710	00710	00710.jpg	04218.jpg	shuffled	04218	04218
00711	00711	00711.jpg	08748.jpg	shuffled	08748	08748
00712	00712	00712.jpg	10922.jpg	shuffled	10922	10922
00713	00713	00713.jpg	03369.jpg	shuffled	03369	03369
00714	00714	00714.jpg	09320.jpg	shuffled	09320	09320
00715	00715	00715.jpg	02209.jpg	shuffled	02209	02209
00716	00716	00716.jpg	13534.jpg	shuffled	13534	13534
00717	00717	00717.jpg	06028.jpg	shuffled	06028	06028
00718	00718	00718.jpg	00779.jpg	shuffled	00779	00779
00719	00719	00719.jpg	15062.jpg	shuffled	15062	15062
00720	00720	00720.jpg	16619.jpg	shuffled	16619	16619
00721	00721	00721.jpg	01208.jpg	shuffled	01208	01208
00722	00722	00722.jpg	11320.jpg	shuffled	11320	11320
00723	00723	00723.jpg	06164.jpg	shuffled	06164	06164
00724	00724	00724.jpg	05455.jpg	shuffled	05455	05455
00725	00725	00725.jpg	00054.jpg	shuffled	00054	00054
00726	00726	00726.jpg	05591.jpg	shuffled	05591	05591
00727	00727	00727.jpg	05453.jpg	shuffled	05453	05453
00728	00728	00728.jpg	10765.jpg	shuffled	10765	10765
00729	00729	00729.jpg	03776.jpg	shuffled	03776	03776
00730	00730	00730.jpg	09001.jpg	shuffled	09001	09001
00731	00731	00731.jpg	09479.jpg	shuffled	09479	09479
00732	00732	00732.jpg	05195.jpg	shuffled	05195	05195
00733	00733	00733.jpg	02022.jpg	shuffled	02022	02022
00734	00734	00734.jpg	11102.jpg	shuffled	11102	11102
00735	00735	00735.jpg	06372.jpg	shuffled	06372	06372
00736	00736	00736.jpg	10070.jpg	shuffled	10070	10070
00737	00737	00737.jpg	16453.jpg	shuffled	16453	16453
00738	00738	00738.jpg	02029.jpg	shuffled	02029	02029
00739	00739	00739.jpg	09298.jpg	shuffled	09298	09298
00740	00740	00740.jpg	12553.jpg	shuffled	12553	12553
00741	00741	00741.jpg	12097.jpg	shuffled	12097	12097
00742	00742	00742.jpg	11939.jpg	shuffled	11939	11939
00743	00743	00743.jpg	01625.jpg	shuffled	01625	01625
00744	00744	00744.jpg	04707.jpg	shuffled	04707	04707
00745	00745	00745.jpg	09305.jpg	shuffled	09305	09305
00746	00746	00746.jpg	11776.jpg	shuffled	11776	11776
00747	00747	00747.jpg	00416.jpg	shuffled	00416	00416
00748	00748	00748.jpg	12582.jpg	shuffled	12582	12582
00749	00749	00749.jpg	10980.jpg	shuffled	10980	10980
00750	00750	00750.jpg	03734.jpg	shuffled	03734	03734
00751	00751	00751.jpg	00255.jpg	shuffled	00255	00255
00752	00752	00752.jpg	01941.jpg	shuffled	01941	01941
00753	00753	00753.jpg	08568.jpg	shuffled	08568	08568
00754	00754	00754.jpg	04814.jpg	shuffled	04814	04814
00755	00755	00755.jpg	15457.jpg	shuffled	15457	15457
00756	00756	00756.jpg	03391.jpg	shuffled	03391	03391
00757	00757	00757.jpg	09512.jpg	shuffled	09512	09512
00758	00758	00758.jpg	02430.jpg	shuffled	02430	02430
00759	00759	00759.jpg	15671.jpg	shuffled	15671	15671
00760	00760	00760.jpg	05094.jpg	shuffled	05094	05094
00761	00761	00761.jpg	17944.jpg	shuffled	17944	17944
00762	00762	00762.jpg	15200.jpg	shuffled	15200	15200
00763	00763	00763.jpg	14601.jpg	shuffled	14601	14601
00764	00764	00764.jpg	06392.jpg	shuffled	06392	06392
00765	00765	00765.jpg	12232.jpg	shuffled	12232	12232
00766	00766	00766.jpg	00110.jpg	shuffled	00110	00110
00767	00767	00767.jpg	11899.jpg	shuffled	11899	11899
00768	00768	00768.jpg	15896.jpg	shuffled	15896	15896
00769	00769	00769.jpg	01378.jpg	shuffled	01378	01378
00770	00770	00770.jpg	11108.jpg	shuffled	11108	11108
00771	00771	00771.jpg	01458.jpg	shuffled	01458	01458
00772	00772	00772.jpg	04767.jpg	shuffled	04767	04767
00773	00773	00773.jpg	04556.jpg	shuffled	04556	04556
00774	00774	00774.jpg	04476.jpg	shuffled	04476	04476
00775	00775	00775.jpg	07615.jpg	shuffled	07615	07615
00776	00776	00776.jpg	12826.jpg	shuffled	12826	12826
00777	00777	00777.jpg	03679.jpg	shuffled	03679	03679
00778	00778	00778.jpg	14014.jpg	shuffled	14014	14014
00779	00779	00779.jpg	16391.jpg	shuffled	16391	16391
00780	00780	00780.jpg	04296.jpg	shuffled	04296	04296
00781	00781	00781.jpg	12533.jpg	shuffled	12533	12533
00782	00782	00782.jpg	13384.jpg	shuffled	13384	13384
00783	00783	00783.jpg	08972.jpg	shuffled	08972	08972
00784	00784	00784.jpg	02501.jpg	shuffled	02501	02501
00785	00785	00785.jpg	13087.jpg	shuffled	13087	13087
00786	00786	00786.jpg	00180.jpg	shuffled	00180	00180
00787	00787	00787.jpg	04883.jpg	shuffled	04883	04883
00788	00788	00788.jpg	06421.jpg	shuffled	06421	06421
00789	00789	00789.jpg	08041.jpg	shuffled	08041	08041
00790	00790	00790.jpg	06937.jpg	shuffled	06937	06937
00791	00791	00791.jpg	07523.jpg	shuffled	07523	07523
00792	00792	00792.jpg	04479.jpg	shuffled	04479	04479
00793	00793	00793.jpg	07662.jpg	shuffled	07662	07662
00794	00794	00794.jpg	14246.jpg	shuffled	14246	14246
00795	00795	00795.jpg	12451.jpg	shuffled	12451	12451
00796	00796	00796.jpg	08104.jpg	shuffled	08104	08104
00797	00797	00797.jpg	14098.jpg	shuffled	14098	14098
00798	00798	00798.jpg	03237.jpg	shuffled	03237	03237
00799	00799	00799.jpg	01191.jpg	shuffled	01191	01191
00800	00800	00800.jpg	04663.jpg	shuffled	04663	04663
00801	00801	00801.jpg	14832.jpg	shuffled	14832	14832
00802	00802	00802.jpg	17092.jpg	shuffled	17092	17092
00803	00803	00803.jpg	00806.jpg	shuffled	00806	00806
00804	00804	00804.jpg	17491.jpg	shuffled	17491	17491
00805	00805	00805.jpg	13323.jpg	shuffled	13323	13323
00806	00806	00806.jpg	03743.jpg	shuffled	03743	03743
00807	00807	00807.jpg	11162.jpg	shuffled	11162	11162
00808	00808	00808.jpg	16665.jpg	shuffled	16665	16665
00809	00809	00809.jpg	05668.jpg	shuffled	05668	05668
00810	00810	00810.jpg	09261.jpg	shuffled	09261	09261
00811	00811	00811.jpg	00484.jpg	shuffled	00484	00484
00812	00812	00812.jpg	07731.jpg	shuffled	07731	07731
00813	00813	00813.jpg	17342.jpg	shuffled	17342	17342
00814	00814	00814.jpg	06689.jpg	shuffled	06689	06689
00815	00815	00815.jpg	03303.jpg	shuffled	03303	03303
00816	00816	00816.jpg	02208.jpg	shuffled	02208	02208
00817	00817	00817.jpg	04795.jpg	shuffled	04795	04795
00818	00818	00818.jpg	12609.jpg	shuffled	12609	12609
00819	00819	00819.jpg	02982.jpg	shuffled	02982	02982
00820	00820	00820.jpg	17537.jpg	shuffled	17537	17537
00821	00821	00821.jpg	15837.jpg	shuffled	15837	15837
00822	00822	00822.jpg	17238.jpg	shuffled	17238	17238
00823	00823	00823.jpg	14913.jpg	shuffled	14913	14913
00824	00824	00824.jpg	02436.jpg	shuffled	02436	02436
00825	00825	00825.jpg	07270.jpg	shuffled	07270	07270
00826	00826	00826.jpg	13672.jpg	shuffled	13672	13672
00827	00827	00827.jpg	07816.jpg	shuffled	07816	07816
00828	00828	00828.jpg	17087.jpg	shuffled	17087	17087
00829	00829	00829.jpg	11822.jpg	shuffled	11822	11822
00830	00830	00830.jpg	08066.jpg	shuffled	08066	08066
00831	00831	00831.jpg	06583.jpg	shuffled	06583	06583
00832	00832	00832.jpg	14247.jpg	shuffled	14247	14247
00833	00833	00833.jpg	13025.jpg	shuffled	13025	13025
00834	00834	00834.jpg	02815.jpg	shuffled	02815	02815
00835	00835	00835.jpg	03452.jpg	shuffled	03452	03452
00836	00836	00836.jpg	13930.jpg	shuffled	13930	13930
00837	00837	00837.jpg	15565.jpg	shuffled	15565	15565
00838	00838	00838.jpg	15887.jpg	shuffled	15887	15887
00839	00839	00839.jpg	11631.jpg	shuffled	11631	11631
00840	00840	00840.jpg	05538.jpg	shuffled	05538	05538
00841	00841	00841.jpg	13326.jpg	shuffled	13326	13326
00842	00842	00842.jpg	16732.jpg	shuffled	16732	16732
00843	00843	00843.jpg	16113.jpg	shuffled	16113	16113
00844	00844	00844.jpg	10684.jpg	shuffled	10684	10684
00845	00845	00845.jpg	09240.jpg	shuffled	09240	09240
00846	00846	00846.jpg	00658.jpg	shuffled	00658	00658
00847	00847	00847.jpg	16937.jpg	shuffled	16937	16937
00848	00848	00848.jpg	03978.jpg	shuffled	03978	03978
00849	00849	00849.jpg	16663.jpg	shuffled	16663	16663
00850	00850	00850.jpg	14907.jpg	shuffled	14907	14907
00851	00851	00851.jpg	16780.jpg	shuffled	16780	16780
00852	00852	00852.jpg	05644.jpg	shuffled	05644	05644
00853	00853	00853.jpg	02822.jpg	shuffled	02822	02822
00854	00854	00854.jpg	04327.jpg	shuffled	04327	04327
00855	00855	00855.jpg	11027.jpg	shuffled	11027	11027
00856	00856	00856.jpg	10963.jpg	shuffled	10963	10963
00857	00857	00857.jpg	16633.jpg	shuffled	16633	16633
00858	00858	00858.jpg	06721.jpg	shuffled	06721	06721
00859	00859	00859.jpg	06916.jpg	shuffled	06916	06916
00860	00860	00860.jpg	17891.jpg	shuffled	17891	17891
00861	00861	00861.jpg	03315.jpg	shuffled	03315	03315
00862	00862	00862.jpg	14073.jpg	shuffled	14073	14073
00863	00863	00863.jpg	04300.jpg	shuffled	04300	04300
00864	00864	00864.jpg	17892.jpg	shuffled	17892	17892
00865	00865	00865.jpg	03301.jpg	shuffled	03301	03301
00866	00866	00866.jpg	08439.jpg	shuffled	08439	08439
00867	00867	00867.jpg	10838.jpg	shuffled	10838	10838
00868	00868	00868.jpg	05221.jpg	shuffled	05221	05221
00869	00869	00869.jpg	08643.jpg	shuffled	08643	08643
00870	00870	00870.jpg	12674.jpg	shuffled	12674	12674
00871	00871	00871.jpg	14618.jpg	shuffled	14618	14618
00872	00872	00872.jpg	09872.jpg	shuffled	09872	09872
00873	00873	00873.jpg	10026.jpg	shuffled	10026	10026
00874	00874	00874.jpg	02840.jpg	shuffled	02840	02840
00875	00875	00875.jpg	12947.jpg	shuffled	12947	12947
00876	00876	00876.jpg	11529.jpg	shuffled	11529	11529
00877	00877	00877.jpg	06553.jpg	shuffled	06553	06553
00878	00878	00878.jpg	07149.jpg	shuffled	07149	07149
00879	00879	00879.jpg	10084.jpg	shuffled	10084	10084
00880	00880	00880.jpg	14089.jpg	shuffled	14089	14089
00881	00881	00881.jpg	16448.jpg	shuffled	16448	16448
00882	00882	00882.jpg	06871.jpg	shuffled	06871	06871
00883	00883	00883.jpg	01697.jpg	shuffled	01697	01697
00884	00884	00884.jpg	16089.jpg	shuffled	16089	16089
00885	00885	00885.jpg	03233.jpg	shuffled	03233	03233
00886	00886	00886.jpg	12850.jpg	shuffled	12850	12850
00887	00887	00887.jpg	03029.jpg	shuffled	03029	03029
00888	00888	00888.jpg	15754.jpg	shuffled	15754	15754
00889	00889	00889.jpg	14979.jpg	shuffled	14979	14979
00890	00890	00890.jpg	02470.jpg	shuffled	02470	02470
00891	00891	00891.jpg	06625.jpg	shuffled	06625	06625
00892	00892	00892.jpg	09505.jpg	shuffled	09505	09505
00893	00893	00893.jpg	11337.jpg	shuffled	11337	11337
00894	00894	00894.jpg	03094.jpg	shuffled	03094	03094
00895	00895	00895.jpg	15520.jpg	shuffled	15520	15520
00896	00896	00896.jpg	02207.jpg	shuffled	02207	02207
00897	00897	00897.jpg	15388.jpg	shuffled	15388	15388
00898	00898	00898.jpg	15600.jpg	shuffled	15600	15600
00899	00899	00899.jpg	00552.jpg	shuffled	00552	00552
00900	00900	00900.jpg	02101.jpg	shuffled	02101	02101
00901	00901	00901.jpg	04616.jpg	shuffled	04616	04616
00902	00902	00902.jpg	11373.jpg	shuffled	11373	11373
00903	00903	00903.jpg	03459.jpg	shuffled	03459	03459
00904	00904	00904.jpg	14159.jpg	shuffled	14159	14159
00905	00905	00905.jpg	11883.jpg	shuffled	11883	11883
00906	00906	00906.jpg	02845.jpg	shuffled	02845	02845
00907	00907	00907.jpg	02536.jpg	shuffled	02536	02536
00908	00908	00908.jpg	04361.jpg	shuffled	04361	04361
00909	00909	00909.jpg	13639.jpg	shuffled	13639	13639
00910	00910	00910.jpg	13789.jpg	shuffled	13789	13789
00911	00911	00911.jpg	05795.jpg	shuffled	05795	05795
00912	00912	00912.jpg	00413.jpg	shuffled	00413	00413
00913	00913	00913.jpg	01452.jpg	shuffled	01452	01452
00914	00914	00914.jpg	07133.jpg	shuffled	07133	07133
00915	00915	00915.jpg	09593.jpg	shuffled	09593	09593
00916	00916	00916.jpg	12379.jpg	shuffled	12379	12379
00917	00917	00917.jpg	10644.jpg	shuffled	10644	10644
00918	00918	00918.jpg	00798.jpg	shuffled	00798	00798
00919	00919	00919.jpg	17053.jpg	shuffled	17053	17053
00920	00920	00920.jpg	05425.jpg	shuffled	05425	05425
00921	00921	00921.jpg	02269.jpg	shuffled	02269	02269
00922	00922	00922.jpg	03682.jpg	shuffled	03682	03682
00923	00923	00923.jpg	08506.jpg	shuffled	08506	08506
00924	00924	00924.jpg	13720.jpg	shuffled	13720	13720
00925	00925	00925.jpg	02170.jpg	shuffled	02170	02170
00926	00926	00926.jpg	01997.jpg	shuffled	01997	01997
00927	00927	00927.jpg	16009.jpg	shuffled	16009	16009
00928	00928	00928.jpg	00989.jpg	shuffled	00989	00989
00929	00929	00929.jpg	15018.jpg	shuffled	15018	15018
00930	00930	00930.jpg	17918.jpg	shuffled	17918	17918
00931	00931	00931.jpg	14240.jpg	shuffled	14240	14240
00932	00932	00932.jpg	01959.jpg	shuffled	01959	01959
00933	00933	00933.jpg	13848.jpg	shuffled	13848	13848
00934	00934	00934.jpg	12497.jpg	shuffled	12497	12497
00935	00935	00935.jpg	04078.jpg	shuffled	04078	04078
00936	00936	00936.jpg	01229.jpg	shuffled	01229	01229
00937	00937	00937.jpg	15017.jpg	shuffled	15017	15017
00938	00938	00938.jpg	09422.jpg	shuffled	09422	09422
00939	00939	00939.jpg	14297.jpg	shuffled	14297	14297
00940	00940	00940.jpg	13529.jpg	shuffled	13529	13529
00941	00941	00941.jpg	02113.jpg	shuffled	02113	02113
00942	00942	00942.jpg	00453.jpg	shuffled	00453	00453
00943	00943	00943.jpg	09603.jpg	shuffled	09603	09603
00944	00944	00944.jpg	10731.jpg	shuffled	10731	10731
00945	00945	00945.jpg	06931.jpg	shuffled	06931	06931
00946	00946	00946.jpg	12443.jpg	shuffled	12443	12443
00947	00947	00947.jpg	06822.jpg	shuffled	06822	06822
00948	00948	00948.jpg	09918.jpg	shuffled	09918	09918
00949	00949	00949.jpg	06669.jpg	shuffled	06669	06669
00950	00950	00950.jpg	06912.jpg	shuffled	06912	06912
00951	00951	00951.jpg	09475.jpg	shuffled	09475	09475
00952	00952	00952.jpg	14562.jpg	shuffled	14562	14562
00953	00953	00953.jpg	13726.jpg	shuffled	13726	13726
00954	00954	00954.jpg	07458.jpg	shuffled	07458	07458
00955	00955	00955.jpg	01164.jpg	shuffled	01164	01164
00956	00956	00956.jpg	10119.jpg	shuffled	10119	10119
00957	00957	00957.jpg	12403.jpg	shuffled	12403	12403
00958	00958	00958.jpg	03177.jpg	shuffled	03177	03177
00959	00959	00959.jpg	01182.jpg	shuffled	01182	01182
00960	00960	00960.jpg	11372.jpg	shuffled	11372	11372
00961	00961	00961.jpg	05420.jpg	shuffled	05420	05420
00962	00962	00962.jpg	08444.jpg	shuffled	08444	08444
00963	00963	00963.jpg	14770.jpg	shuffled	14770	14770
00964	00964	00964.jpg	06394.jpg	shuffled	06394	06394
00965	00965	00965.jpg	01617.jpg	shuffled	01617	01617
00966	00966	00966.jpg	00047.jpg	shuffled	00047	00047
00967	00967	00967.jpg	02725.jpg	shuffled	02725	02725
00968	00968	00968.jpg	07025.jpg	shuffled	07025	07025
00969	00969	00969.jpg	09748.jpg	shuffled	09748	09748
00970	00970	00970.jpg	16706.jpg	shuffled	16706	16706
00971	00971	00971.jpg	17876.jpg	shuffled	17876	17876
00972	00972	00972.jpg	16036.jpg	shuffled	16036	16036
00973	00973	00973.jpg	03503.jpg	shuffled	03503	03503
00974	00974	00974.jpg	17889.jpg	shuffled	17889	17889
00975	00975	00975.jpg	12515.jpg	shuffled	12515	12515
00976	00976	00976.jpg	06867.jpg	shuffled	06867	06867
00977	00977	00977.jpg	07007.jpg	shuffled	07007	07007
00978	00978	00978.jpg	01013.jpg	shuffled	01013	01013
00979	00979	00979.jpg	09026.jpg	shuffled	09026	09026
00980	00980	00980.jpg	09345.jpg	shuffled	09345	09345
00981	00981	00981.jpg	04886.jpg	shuffled	04886	04886
00982	00982	00982.jpg	16509.jpg	shuffled	16509	16509
00983	00983	00983.jpg	02948.jpg	shuffled	02948	02948
00984	00984	00984.jpg	11653.jpg	shuffled	11653	11653
00985	00985	00985.jpg	14991.jpg	shuffled	14991	14991
00986	00986	00986.jpg	14876.jpg	shuffled	14876	14876
00987	00987	00987.jpg	08773.jpg	shuffled	08773	08773
00988	00988	00988.jpg	00433.jpg	shuffled	00433	00433
00989	00989	00989.jpg	07637.jpg	shuffled	07637	07637
00990	00990	00990.jpg	14826.jpg	shuffled	14826	14826
00991	00991	00991.jpg	06948.jpg	shuffled	06948	06948
00992	00992	00992.jpg	16763.jpg	shuffled	16763	16763
00993	00993	00993.jpg	04775.jpg	shuffled	04775	04775
00994	00994	00994.jpg	06514.jpg	shuffled	06514	06514
00995	00995	00995.jpg	07245.jpg	shuffled	07245	07245
00996	00996	00996.jpg	13328.jpg	shuffled	13328	13328
00997	00997	00997.jpg	09488.jpg	shuffled	09488	09488
00998	00998	00998.jpg	06127.jpg	shuffled	06127	06127
00999	00999	00999.jpg	07315.jpg	shuffled	07315	07315
01000	01000	01000.jpg	04071.jpg	shuffled	04071	04071
01001	01001	01001.jpg	03676.jpg	shuffled	03676	03676
01002	01002	01002.jpg	06260.jpg	shuffled	06260	06260
01003	01003	01003.jpg	08515.jpg	shuffled	08515	08515
01004	01004	01004.jpg	12157.jpg	shuffled	12157	12157
01005	01005	01005.jpg	08258.jpg	shuffled	08258	08258
01006	01006	01006.jpg	06985.jpg	shuffled	06985	06985
01007	01007	01007.jpg	04003.jpg	shuffled	04003	04003
01008	01008	01008.jpg	12184.jpg	shuffled	12184	12184
01009	01009	01009.jpg	07648.jpg	shuffled	07648	07648
01010	01010	01010.jpg	13298.jpg	shuffled	13298	13298
01011	01011	01011.jpg	01823.jpg	shuffled	01823	01823
01012	01012	01012.jpg	09890.jpg	shuffled	09890	09890
01013	01013	01013.jpg	02841.jpg	shuffled	02841	02841
01014	01014	01014.jpg	09881.jpg	shuffled	09881	09881
01015	01015	01015.jpg	09496.jpg	shuffled	09496	09496
01016	01016	01016.jpg	08958.jpg	shuffled	08958	08958
01017	01017	01017.jpg	16747.jpg	shuffled	16747	16747
01018	01018	01018.jpg	09199.jpg	shuffled	09199	09199
01019	01019	01019.jpg	09104.jpg	shuffled	09104	09104
01020	01020	01020.jpg	00007.jpg	shuffled	00007	00007
01021	01021	01021.jpg	08108.jpg	shuffled	08108	08108
01022	01022	01022.jpg	16677.jpg	shuffled	16677	16677
01023	01023	01023.jpg	16938.jpg	shuffled	16938	16938
01024	01024	01024.jpg	07247.jpg	shuffled	07247	07247
01025	01025	01025.jpg	11282.jpg	shuffled	11282	11282
01026	01026	01026.jpg	11958.jpg	shuffled	11958	11958
01027	01027	01027.jpg	09934.jpg	shuffled	09934	09934
01028	01028	01028.jpg	15123.jpg	shuffled	15123	15123
01029	01029	01029.jpg	00247.jpg	shuffled	00247	00247
01030	01030	01030.jpg	13197.jpg	shuffled	13197	13197
01031	01031	01031.jpg	07602.jpg	shuffled	07602	07602
01032	01032	01032.jpg	01592.jpg	shuffled	01592	01592
01033	01033	01033.jpg	09274.jpg	shuffled	09274	09274
01034	01034	01034.jpg	09007.jpg	shuffled	09007	09007
01035	01035	01035.jpg	10531.jpg	shuffled	10531	10531
01036	01036	01036.jpg	15537.jpg	shuffled	15537	15537
01037	01037	01037.jpg	15936.jpg	shuffled	15936	15936
01038	01038	01038.jpg	11067.jpg	shuffled	11067	11067
01039	01039	01039.jpg	03139.jpg	shuffled	03139	03139
01040	01040	01040.jpg	08528.jpg	shuffled	08528	08528
01041	01041	01041.jpg	15180.jpg	shuffled	15180	15180
01042	01042	01042.jpg	04792.jpg	shuffled	04792	04792
01043	01043	01043.jpg	03378.jpg	shuffled	03378	03378
01044	01044	01044.jpg	02630.jpg	shuffled	02630	02630
01045	01045	01045.jpg	09120.jpg	shuffled	09120	09120
01046	01046	01046.jpg	15193.jpg	shuffled	15193	15193
01047	01047	01047.jpg	00016.jpg	shuffled	00016	00016
01048	01048	01048.jpg	05247.jpg	shuffled	05247	05247
01049	01049	01049.jpg	02446.jpg	shuffled	02446	02446
01050	01050	01050.jpg	13032.jpg	shuffled	13032	13032
01051	01051	01051.jpg	13550.jpg	shuffled	13550	13550
01052	01052	01052.jpg	10751.jpg	shuffled	10751	10751
01053	01053	01053.jpg	05588.jpg	shuffled	05588	05588
01054	01054	01054.jpg	10959.jpg	shuffled	10959	10959
01055	01055	01055.jpg	10888.jpg	shuffled	10888	10888
01056	01056	01056.jpg	07177.jpg	shuffled	07177	07177
01057	01057	01057.jpg	13910.jpg	shuffled	13910	13910
01058	01058	01058.jpg	07487.jpg	shuffled	07487	07487
01059	01059	01059.jpg	14610.jpg	shuffled	14610	14610
01060	01060	01060.jpg	10590.jpg	shuffled	10590	10590
01061	01061	01061.jpg	15229.jpg	shuffled	15229	15229
01062	01062	01062.jpg	08169.jpg	shuffled	08169	08169
01063	01063	01063.jpg	02109.jpg	shuffled	02109	02109
01064	01064	01064.jpg	13782.jpg	shuffled	13782	13782
01065	01065	01065.jpg	10672.jpg	shuffled	10672	10672
01066	01066	01066.jpg	03571.jpg	shuffled	03571	03571
01067	01067	01067.jpg	07956.jpg	shuffled	07956	07956
01068	01068	01068.jpg	05666.jpg	shuffled	05666	05666
01069	01069	01069.jpg	15826.jpg	shuffled	15826	15826
01070	01070	01070.jpg	06685.jpg	shuffled	06685	06685
01071	01071	01071.jpg	15676.jpg	shuffled	15676	15676
01072	01072	01072.jpg	17354.jpg	shuffled	17354	17354
01073	01073	01073.jpg	05920.jpg	shuffled	05920	05920
01074	01074	01074.jpg	16270.jpg	shuffled	16270	16270
01075	01075	01075.jpg	06695.jpg	shuffled	06695	06695
01076	01076	01076.jpg	11294.jpg	shuffled	11294	11294
01077	01077	01077.jpg	07706.jpg	shuffled	07706	07706
01078	01078	01078.jpg	03980.jpg	shuffled	03980	03980
01079	01079	01079.jpg	10189.jpg	shuffled	10189	10189
01080	01080	01080.jpg	08043.jpg	shuffled	08043	08043
01081	01081	01081.jpg	05320.jpg	shuffled	05320	05320
01082	01082	01082.jpg	17263.jpg	shuffled	17263	17263
01083	01083	01083.jpg	06873.jpg	shuffled	06873	06873
01084	01084	01084.jpg	14801.jpg	shuffled	14801	14801
01085	01085	01085.jpg	00256.jpg	shuffled	00256	00256
01086	01086	01086.jpg	17655.jpg	shuffled	17655	17655
01087	01087	01087.jpg	05210.jpg	shuffled	05210	05210
01088	01088	01088.jpg	14109.jpg	shuffled	14109	14109
01089	01089	01089.jpg	05348.jpg	shuffled	05348	05348
01090	01090	01090.jpg	14495.jpg	shuffled	14495	14495
01091	01091	01091.jpg	17180.jpg	shuffled	17180	17180
01092	01092	01092.jpg	03924.jpg	shuffled	03924	03924
01093	01093	01093.jpg	14122.jpg	shuffled	14122	14122
01094	01094	01094.jpg	04092.jpg	shuffled	04092	04092
01095	01095	01095.jpg	05480.jpg	shuffled	05480	05480
01096	01096	01096.jpg	08685.jpg	shuffled	08685	08685
01097	01097	01097.jpg	05641.jpg	shuffled	05641	05641
01098	01098	01098.jpg	10992.jpg	shuffled	10992	10992
01099	01099	01099.jpg	16992.jpg	shuffled	16992	16992
01100	01100	01100.jpg	09624.jpg	shuffled	09624	09624
01101	01101	01101.jpg	04909.jpg	shuffled	04909	04909
01102	01102	01102.jpg	09985.jpg	shuffled	09985	09985
01103	01103	01103.jpg	12982.jpg	shuffled	12982	12982
01104	01104	01104.jpg	02595.jpg	shuffled	02595	02595
01105	01105	01105.jpg	01371.jpg	shuffled	01371	01371
01106	01106	01106.jpg	00183.jpg	shuffled	00183	00183
01107	01107	01107.jpg	09099.jpg	shuffled	09099	09099
01108	01108	01108.jpg	11987.jpg	shuffled	11987	11987
01109	01109	01109.jpg	15744.jpg	shuffled	15744	15744
01110	01110	01110.jpg	09780.jpg	shuffled	09780	09780
01111	01111	01111.jpg	09729.jpg	shuffled	09729	09729
01112	01112	01112.jpg	12382.jpg	shuffled	12382	12382
01113	01113	01113.jpg	09889.jpg	shuffled	09889	09889
01114	01114	01114.jpg	05772.jpg	shuffled	05772	05772
01115	01115	01115.jpg	08893.jpg	shuffled	08893	08893
01116	01116	01116.jpg	09141.jpg	shuffled	09141	09141
01117	01117	01117.jpg	05612.jpg	shuffled	05612	05612
01118	01118	01118.jpg	08526.jpg	shuffled	08526	08526
01119	01119	01119.jpg	17556.jpg	shuffled	17556	17556
01120	01120	01120.jpg	00975.jpg	shuffled	00975	00975
01121	01121	01121.jpg	08572.jpg	shuffled	08572	08572
01122	01122	01122.jpg	13784.jpg	shuffled	13784	13784
01123	01123	01123.jpg	09615.jpg	shuffled	09615	09615
01124	01124	01124.jpg	09702.jpg	shuffled	09702	09702
01125	01125	01125.jpg	08201.jpg	shuffled	08201	08201
01126	01126	01126.jpg	07914.jpg	shuffled	07914	07914
01127	01127	01127.jpg	03828.jpg	shuffled	03828	03828
01128	01128	01128.jpg	13816.jpg	shuffled	13816	13816
01129	01129	01129.jpg	08599.jpg	shuffled	08599	08599
01130	01130	01130.jpg	08329.jpg	shuffled	08329	08329
01131	01131	01131.jpg	09549.jpg	shuffled	09549	09549
01132	01132	01132.jpg	10689.jpg	shuffled	10689	10689
01133	01133	01133.jpg	14713.jpg	shuffled	14713	14713
01134	01134	01134.jpg	00437.jpg	shuffled	00437	00437
01135	01135	01135.jpg	11614.jpg	shuffled	11614	11614
01136	01136	01136.jpg	06619.jpg	shuffled	06619	06619
01137	01137	01137.jpg	02608.jpg	shuffled	02608	02608
01138	01138	01138.jpg	01774.jpg	shuffled	01774	01774
01139	01139	01139.jpg	15243.jpg	shuffled	15243	15243
01140	01140	01140.jpg	07237.jpg	shuffled	07237	07237
01141	01141	01141.jpg	00617.jpg	shuffled	00617	00617
01142	01142	01142.jpg	16950.jpg	shuffled	16950	16950
01143	01143	01143.jpg	16408.jpg	shuffled	16408	16408
01144	01144	01144.jpg	14063.jpg	shuffled	14063	14063
01145	01145	01145.jpg	10264.jpg	shuffled	10264	10264
01146	01146	01146.jpg	14859.jpg	shuffled	14859	14859
01147	01147	01147.jpg	12867.jpg	shuffled	12867	12867
01148	01148	01148.jpg	15122.jpg	shuffled	15122	15122
01149	01149	01149.jpg	11017.jpg	shuffled	11017	11017
01150	01150	01150.jpg	04739.jpg	shuffled	04739	04739
01151	01151	01151.jpg	11490.jpg	shuffled	11490	11490
01152	01152	01152.jpg	09701.jpg	shuffled	09701	09701
01153	01153	01153.jpg	11558.jpg	shuffled	11558	11558
01154	01154	01154.jpg	06903.jpg	shuffled	06903	06903
01155	01155	01155.jpg	14655.jpg	shuffled	14655	14655
01156	01156	01156.jpg	06412.jpg	shuffled	06412	06412
01157	01157	01157.jpg	04401.jpg	shuffled	04401	04401
01158	01158	01158.jpg	10421.jpg	shuffled	10421	10421
01159	01159	01159.jpg	08086.jpg	shuffled	08086	08086
01160	01160	01160.jpg	04371.jpg	shuffled	04371	04371
01161	01161	01161.jpg	16399.jpg	shuffled	16399	16399
01162	01162	01162.jpg	02620.jpg	shuffled	02620	02620
01163	01163	01163.jpg	08024.jpg	shuffled	08024	08024
01164	01164	01164.jpg	10404.jpg	shuffled	10404	10404
01165	01165	01165.jpg	03332.jpg	shuffled	03332	03332
01166	01166	01166.jpg	10668.jpg	shuffled	10668	10668
01167	01167	01167.jpg	00276.jpg	shuffled	00276	00276
01168	01168	01168.jpg	00112.jpg	shuffled	00112	00112
01169	01169	01169.jpg	03078.jpg	shuffled	03078	03078
01170	01170	01170.jpg	07845.jpg	shuffled	07845	07845
01171	01171	01171.jpg	01140.jpg	shuffled	01140	01140
01172	01172	01172.jpg	03552.jpg	shuffled	03552	03552
01173	01173	01173.jpg	12692.jpg	shuffled	12692	12692
01174	01174	01174.jpg	13519.jpg	shuffled	13519	13519
01175	01175	01175.jpg	01249.jpg	shuffled	01249	01249
01176	01176	01176.jpg	14210.jpg	shuffled	14210	14210
01177	01177	01177.jpg	03351.jpg	shuffled	03351	03351
01178	01178	01178.jpg	14546.jpg	shuffled	14546	14546
01179	01179	01179.jpg	08858.jpg	shuffled	08858	08858
01180	01180	01180.jpg	16871.jpg	shuffled	16871	16871
01181	01181	01181.jpg	10195.jpg	shuffled	10195	10195
01182	01182	01182.jpg	12289.jpg	shuffled	12289	12289
01183	01183	01183.jpg	15944.jpg	shuffled	15944	15944
01184	01184	01184.jpg	11289.jpg	shuffled	11289	11289
01185	01185	01185.jpg	09070.jpg	shuffled	09070	09070
01186	01186	01186.jpg	06245.jpg	shuffled	06245	06245
01187	01187	01187.jpg	14310.jpg	shuffled	14310	14310
01188	01188	01188.jpg	10078.jpg	shuffled	10078	10078
01189	01189	01189.jpg	10298.jpg	shuffled	10298	10298
01190	01190	01190.jpg	10049.jpg	shuffled	10049	10049
01191	01191	01191.jpg	02866.jpg	shuffled	02866	02866
01192	01192	01192.jpg	12600.jpg	shuffled	12600	12600
01193	01193	01193.jpg	03568.jpg	shuffled	03568	03568
01194	01194	01194.jpg	14768.jpg	shuffled	14768	14768
01195	01195	01195.jpg	15529.jpg	shuffled	15529	15529
01196	01196	01196.jpg	04493.jpg	shuffled	04493	04493
01197	01197	01197.jpg	11716.jpg	shuffled	11716	11716
01198	01198	01198.jpg	05941.jpg	shuffled	05941	05941
01199	01199	01199.jpg	15222.jpg	shuffled	15222	15222
01200	01200	01200.jpg	08126.jpg	shuffled	08126	08126
01201	01201	01201.jpg	17078.jpg	shuffled	17078	17078
01202	01202	01202.jpg	08472.jpg	shuffled	08472	08472
01203	01203	01203.jpg	06780.jpg	shuffled	06780	06780
01204	01204	01204.jpg	02646.jpg	shuffled	02646	02646
01205	01205	01205.jpg	11784.jpg	shuffled	11784	11784
01206	01206	01206.jpg	16590.jpg	shuffled	16590	16590
01207	01207	01207.jpg	11526.jpg	shuffled	11526	11526
01208	01208	01208.jpg	06254.jpg	shuffled	06254	06254
01209	01209	01209.jpg	02918.jpg	shuffled	02918	02918
01210	01210	01210.jpg	11632.jpg	shuffled	11632	11632
01211	01211	01211.jpg	11681.jpg	shuffled	11681	11681
01212	01212	01212.jpg	00302.jpg	shuffled	00302	00302
01213	01213	01213.jpg	11222.jpg	shuffled	11222	11222
01214	01214	01214.jpg	11496.jpg	shuffled	11496	11496
01215	01215	01215.jpg	02367.jpg	shuffled	02367	02367
01216	01216	01216.jpg	02256.jpg	shuffled	02256	02256
01217	01217	01217.jpg	06305.jpg	shuffled	06305	06305
01218	01218	01218.jpg	12536.jpg	shuffled	12536	12536
01219	01219	01219.jpg	16300.jpg	shuffled	16300	16300
01220	01220	01220.jpg	08438.jpg	shuffled	08438	08438
01221	01221	01221.jpg	00887.jpg	shuffled	00887	00887
01222	01222	01222.jpg	15097.jpg	shuffled	15097	15097
01223	01223	01223.jpg	05117.jpg	shuffled	05117	05117
01224	01224	01224.jpg	06526.jpg	shuffled	06526	06526
01225	01225	01225.jpg	01946.jpg	shuffled	01946	01946
01226	01226	01226.jpg	11453.jpg	shuffled	11453	11453
01227	01227	01227.jpg	08990.jpg	shuffled	08990	08990
01228	01228	01228.jpg	13057.jpg	shuffled	13057	13057
01229	01229	01229.jpg	09282.jpg	shuffled	09282	09282
01230	01230	01230.jpg	07883.jpg	shuffled	07883	07883
01231	01231	01231.jpg	12209.jpg	shuffled	12209	12209
01232	01232	01232.jpg	05593.jpg	shuffled	05593	05593
01233	01233	01233.jpg	03129.jpg	shuffled	03129	03129
01234	01234	01234.jpg	14853.jpg	shuffled	14853	14853
01235	01235	01235.jpg	11886.jpg	shuffled	11886	11886
01236	01236	01236.jpg	01372.jpg	shuffled	01372	01372
01237	01237	01237.jpg	13982.jpg	shuffled	13982	13982
01238	01238	01238.jpg	02540.jpg	shuffled	02540	02540
01239	01239	01239.jpg	06755.jpg	shuffled	06755	06755
01240	01240	01240.jpg	02406.jpg	shuffled	02406	02406
01241	01241	01241.jpg	05531.jpg	shuffled	05531	05531
01242	01242	01242.jpg	17413.jpg	shuffled	17413	17413
01243	01243	01243.jpg	13820.jpg	shuffled	13820	13820
01244	01244	01244.jpg	00188.jpg	shuffled	00188	00188
01245	01245	01245.jpg	11928.jpg	shuffled	11928	11928
01246	01246	01246.jpg	14874.jpg	shuffled	14874	14874
01247	01247	01247.jpg	15866.jpg	shuffled	15866	15866
01248	01248	01248.jpg	06672.jpg	shuffled	06672	06672
01249	01249	01249.jpg	01129.jpg	shuffled	01129	01129
01250	01250	01250.jpg	10208.jpg	shuffled	10208	10208
01251	01251	01251.jpg	00236.jpg	shuffled	00236	00236
01252	01252	01252.jpg	17426.jpg	shuffled	17426	17426
01253	01253	01253.jpg	00482.jpg	shuffled	00482	00482
01254	01254	01254.jpg	07977.jpg	shuffled	07977	07977
01255	01255	01255.jpg	08705.jpg	shuffled	08705	08705
01256	01256	01256.jpg	03912.jpg	shuffled	03912	03912
01257	01257	01257.jpg	11595.jpg	shuffled	11595	11595
01258	01258	01258.jpg	17074.jpg	shuffled	17074	17074
01259	01259	01259.jpg	03894.jpg	shuffled	03894	03894
01260	01260	01260.jpg	09154.jpg	shuffled	09154	09154
01261	01261	01261.jpg	10676.jpg	shuffled	10676	10676
01262	01262	01262.jpg	07551.jpg	shuffled	07551	07551
01263	01263	01263.jpg	02264.jpg	shuffled	02264	02264
01264	01264	01264.jpg	01052.jpg	shuffled	01052	01052
01265	01265	01265.jpg	09040.jpg	shuffled	09040	09040
01266	01266	01266.jpg	02095.jpg	shuffled	02095	02095
01267	01267	01267.jpg	08264.jpg	shuffled	08264	08264
01268	01268	01268.jpg	11563.jpg	shuffled	11563	11563
01269	01269	01269.jpg	03880.jpg	shuffled	03880	03880
01270	01270	01270.jpg	08978.jpg	shuffled	08978	08978
01271	01271	01271.jpg	01036.jpg	shuffled	01036	01036
01272	01272	01272.jpg	16659.jpg	shuffled	16659	16659
01273	01273	01273.jpg	11395.jpg	shuffled	11395	11395
01274	01274	01274.jpg	08464.jpg	shuffled	08464	08464
01275	01275	01275.jpg	12681.jpg	shuffled	12681	12681
01276	01276	01276.jpg	11672.jpg	shuffled	11672	11672
01277	01277	01277.jpg	06227.jpg	shuffled	06227	06227
01278	01278	01278.jpg	12315.jpg	shuffled	12315	12315
01279	01279	01279.jpg	12169.jpg	shuffled	12169	12169
01280	01280	01280.jpg	05407.jpg	shuffled	05407	05407
01281	01281	01281.jpg	06556.jpg	shuffled	06556	06556
01282	01282	01282.jpg	15053.jpg	shuffled	15053	15053
01283	01283	01283.jpg	17137.jpg	shuffled	17137	17137
01284	01284	01284.jpg	01984.jpg	shuffled	01984	01984
01285	01285	01285.jpg	10481.jpg	shuffled	10481	10481
01286	01286	01286.jpg	05892.jpg	shuffled	05892	05892
01287	01287	01287.jpg	05473.jpg	shuffled	05473	05473
01288	01288	01288.jpg	02243.jpg	shuffled	02243	02243
01289	01289	01289.jpg	08072.jpg	shuffled	08072	08072
01290	01290	01290.jpg	09590.jpg	shuffled	09590	09590
01291	01291	01291.jpg	13408.jpg	shuffled	13408	13408
01292	01292	01292.jpg	01149.jpg	shuffled	01149	01149
01293	01293	01293.jpg	02884.jpg	shuffled	02884	02884
01294	01294	01294.jpg	05541.jpg	shuffled	05541	05541
01295	01295	01295.jpg	04064.jpg	shuffled	04064	04064
01296	01296	01296.jpg	15756.jpg	shuffled	15756	15756
01297	01297	01297.jpg	17874.jpg	shuffled	17874	17874
01298	01298	01298.jpg	16056.jpg	shuffled	16056	16056
01299	01299	01299.jpg	11088.jpg	shuffled	11088	11088
01300	01300	01300.jpg	06060.jpg	shuffled	06060	06060
01301	01301	01301.jpg	04201.jpg	shuffled	04201	04201
01302	01302	01302.jpg	08679.jpg	shuffled	08679	08679
01303	01303	01303.jpg	10460.jpg	shuffled	10460	10460
01304	01304	01304.jpg	17281.jpg	shuffled	17281	17281
01305	01305	01305.jpg	01821.jpg	shuffled	01821	01821
01306	01306	01306.jpg	00414.jpg	shuffled	00414	00414
01307	01307	01307.jpg	00251.jpg	shuffled	00251	00251
01308	01308	01308.jpg	08786.jpg	shuffled	08786	08786
01309	01309	01309.jpg	15087.jpg	shuffled	15087	15087
01310	01310	01310.jpg	08906.jpg	shuffled	08906	08906
01311	01311	01311.jpg	16815.jpg	shuffled	16815	16815
01312	01312	01312.jpg	00867.jpg	shuffled	00867	00867
01313	01313	01313.jpg	10811.jpg	shuffled	10811	10811
01314	01314	01314.jpg	00377.jpg	shuffled	00377	00377
01315	01315	01315.jpg	02383.jpg	shuffled	02383	02383
01316	01316	01316.jpg	14526.jpg	shuffled	14526	14526
01317	01317	01317.jpg	07416.jpg	shuffled	07416	07416
01318	01318	01318.jpg	15992.jpg	shuffled	15992	15992
01319	01319	01319.jpg	00662.jpg	shuffled	00662	00662
01320	01320	01320.jpg	00067.jpg	shuffled	00067	00067
01321	01321	01321.jpg	04725.jpg	shuffled	04725	04725
01322	01322	01322.jpg	11644.jpg	shuffled	11644	11644
01323	01323	01323.jpg	03013.jpg	shuffled	03013	03013
01324	01324	01324.jpg	00248.jpg	shuffled	00248	00248
01325	01325	01325.jpg	01570.jpg	shuffled	01570	01570
01326	01326	01326.jpg	05565.jpg	shuffled	05565	05565
01327	01327	01327.jpg	13882.jpg	shuffled	13882	13882
01328	01328	01328.jpg	02025.jpg	shuffled	02025	02025
01329	01329	01329.jpg	16547.jpg	shuffled	16547	16547
01330	01330	01330.jpg	17632.jpg	shuffled	17632	17632
01331	01331	01331.jpg	08320.jpg	shuffled	08320	08320
01332	01332	01332.jpg	12691.jpg	shuffled	12691	12691
01333	01333	01333.jpg	17749.jpg	shuffled	17749	17749
01334	01334	01334.jpg	07278.jpg	shuffled	07278	07278
01335	01335	01335.jpg	11738.jpg	shuffled	11738	11738
01336	01336	01336.jpg	00418.jpg	shuffled	00418	00418
01337	01337	01337.jpg	12007.jpg	shuffled	12007	12007
01338	01338	01338.jpg	02138.jpg	shuffled	02138	02138
01339	01339	01339.jpg	10139.jpg	shuffled	10139	10139
01340	01340	01340.jpg	07095.jpg	shuffled	07095	07095
01341	01341	01341.jpg	07226.jpg	shuffled	07226	07226
01342	01342	01342.jpg	12546.jpg	shuffled	12546	12546
01343	01343	01343.jpg	04305.jpg	shuffled	04305	04305
01344	01344	01344.jpg	09220.jpg	shuffled	09220	09220
01345	01345	01345.jpg	03868.jpg	shuffled	03868	03868
01346	01346	01346.jpg	06269.jpg	shuffled	06269	06269
01347	01347	01347.jpg	11044.jpg	shuffled	11044	11044
01348	01348	01348.jpg	12068.jpg	shuffled	12068	12068
01349	01349	01349.jpg	05266.jpg	shuffled	05266	05266
01350	01350	01350.jpg	04122.jpg	shuffled	04122	04122
01351	01351	01351.jpg	11086.jpg	shuffled	11086	11086
01352	01352	01352.jpg	09022.jpg	shuffled	09022	09022
01353	01353	01353.jpg	08763.jpg	shuffled	08763	08763
01354	01354	01354.jpg	12431.jpg	shuffled	12431	12431
01355	01355	01355.jpg	00861.jpg	shuffled	00861	00861
01356	01356	01356.jpg	17492.jpg	shuffled	17492	17492
01357	01357	01357.jpg	10594.jpg	shuffled	10594	10594
01358	01358	01358.jpg	06862.jpg	shuffled	06862	06862
01359	01359	01359.jpg	10872.jpg	shuffled	10872	10872
01360	01360	01360.jpg	09159.jpg	shuffled	09159	09159
01361	01361	01361.jpg	08473.jpg	shuffled	08473	08473
01362	01362	01362.jpg	09011.jpg	shuffled	09011	09011
01363	01363	01363.jpg	09540.jpg	shuffled	09540	09540
01364	01364	01364.jpg	14295.jpg	shuffled	14295	14295
01365	01365	01365.jpg	14458.jpg	shuffled	14458	14458
01366	01366	01366.jpg	03432.jpg	shuffled	03432	03432
01367	01367	01367.jpg	14392.jpg	shuffled	14392	14392
01368	01368	01368.jpg	13172.jpg	shuffled	13172	13172
01369	01369	01369.jpg	01779.jpg	shuffled	01779	01779
01370	01370	01370.jpg	04919.jpg	shuffled	04919	04919
01371	01371	01371.jpg	17322.jpg	shuffled	17322	17322
01372	01372	01372.jpg	11479.jpg	shuffled	11479	11479
01373	01373	01373.jpg	14193.jpg	shuffled	14193	14193
01374	01374	01374.jpg	04628.jpg	shuffled	04628	04628
01375	01375	01375.jpg	09973.jpg	shuffled	09973	09973
01376	01376	01376.jpg	15851.jpg	shuffled	15851	15851
01377	01377	01377.jpg	05382.jpg	shuffled	05382	05382
01378	01378	01378.jpg	11260.jpg	shuffled	11260	11260
01379	01379	01379.jpg	12980.jpg	shuffled	12980	12980
01380	01380	01380.jpg	08182.jpg	shuffled	08182	08182
01381	01381	01381.jpg	17479.jpg	shuffled	17479	17479
01382	01382	01382.jpg	01737.jpg	shuffled	01737	01737
01383	01383	01383.jpg	13580.jpg	shuffled	13580	13580
01384	01384	01384.jpg	12876.jpg	shuffled	12876	12876
01385	01385	01385.jpg	16355.jpg	shuffled	16355	16355
01386	01386	01386.jpg	13441.jpg	shuffled	13441	13441
01387	01387	01387.jpg	05029.jpg	shuffled	05029	05029
01388	01388	01388.jpg	04762.jpg	shuffled	04762	04762
01389	01389	01389.jpg	13472.jpg	shuffled	13472	13472
01390	01390	01390.jpg	13214.jpg	shuffled	13214	13214
01391	01391	01391.jpg	17244.jpg	shuffled	17244	17244
01392	01392	01392.jpg	01015.jpg	shuffled	01015	01015
01393	01393	01393.jpg	14794.jpg	shuffled	14794	14794
01394	01394	01394.jpg	16981.jpg	shuffled	16981	16981
01395	01395	01395.jpg	12993.jpg	shuffled	12993	12993
01396	01396	01396.jpg	01246.jpg	shuffled	01246	01246
01397	01397	01397.jpg	14591.jpg	shuffled	14591	14591
01398	01398	01398.jpg	14760.jpg	shuffled	14760	14760
01399	01399	01399.jpg	10913.jpg	shuffled	10913	10913
01400	01400	01400.jpg	06084.jpg	shuffled	06084	06084
01401	01401	01401.jpg	11993.jpg	shuffled	11993	11993
01402	01402	01402.jpg	05967.jpg	shuffled	05967	05967
01403	01403	01403.jpg	09920.jpg	shuffled	09920	09920
01404	01404	01404.jpg	09288.jpg	shuffled	09288	09288
01405	01405	01405.jpg	16222.jpg	shuffled	16222	16222
01406	01406	01406.jpg	06220.jpg	shuffled	06220	06220
01407	01407	01407.jpg	04773.jpg	shuffled	04773	04773
01408	01408	01408.jpg	00395.jpg	shuffled	00395	00395
01409	01409	01409.jpg	02191.jpg	shuffled	02191	02191
01410	01410	01410.jpg	09027.jpg	shuffled	09027	09027
01411	01411	01411.jpg	00911.jpg	shuffled	00911	00911
01412	01412	01412.jpg	16988.jpg	shuffled	16988	16988
01413	01413	01413.jpg	14052.jpg	shuffled	14052	14052
01414	01414	01414.jpg	01054.jpg	shuffled	01054	01054
01415	01415	01415.jpg	11190.jpg	shuffled	11190	11190
01416	01416	01416.jpg	06895.jpg	shuffled	06895	06895
01417	01417	01417.jpg	02219.jpg	shuffled	02219	02219
01418	01418	01418.jpg	09599.jpg	shuffled	09599	09599
01419	01419	01419.jpg	11012.jpg	shuffled	11012	11012
01420	01420	01420.jpg	09315.jpg	shuffled	09315	09315
01421	01421	01421.jpg	09490.jpg	shuffled	09490	09490
01422	01422	01422.jpg	01493.jpg	shuffled	01493	01493
01423	01423	01423.jpg	04195.jpg	shuffled	04195	04195
01424	01424	01424.jpg	03987.jpg	shuffled	03987	03987
01425	01425	01425.jpg	01996.jpg	shuffled	01996	01996
01426	01426	01426.jpg	17427.jpg	shuffled	17427	17427
01427	01427	01427.jpg	15888.jpg	shuffled	15888	15888
01428	01428	01428.jpg	10351.jpg	shuffled	10351	10351
01429	01429	01429.jpg	12177.jpg	shuffled	12177	12177
01430	01430	01430.jpg	10566.jpg	shuffled	10566	10566
01431	01431	01431.jpg	06308.jpg	shuffled	06308	06308
01432	01432	01432.jpg	00216.jpg	shuffled	00216	00216
01433	01433	01433.jpg	16993.jpg	shuffled	16993	16993
01434	01434	01434.jpg	04455.jpg	shuffled	04455	04455
01435	01435	01435.jpg	04350.jpg	shuffled	04350	04350
01436	01436	01436.jpg	14959.jpg	shuffled	14959	14959
01437	01437	01437.jpg	07971.jpg	shuffled	07971	07971
01438	01438	01438.jpg	05685.jpg	shuffled	05685	05685
01439	01439	01439.jpg	08735.jpg	shuffled	08735	08735
01440	01440	01440.jpg	16609.jpg	shuffled	16609	16609
01441	01441	01441.jpg	01135.jpg	shuffled	01135	01135
01442	01442	01442.jpg	08755.jpg	shuffled	08755	08755
01443	01443	01443.jpg	15765.jpg	shuffled	15765	15765
01444	01444	01444.jpg	04523.jpg	shuffled	04523	04523
01445	01445	01445.jpg	09514.jpg	shuffled	09514	09514
01446	01446	01446.jpg	12027.jpg	shuffled	12027	12027
01447	01447	01447.jpg	11838.jpg	shuffled	11838	11838
01448	01448	01448.jpg	07263.jpg	shuffled	07263	07263
01449	01449	01449.jpg	04636.jpg	shuffled	04636	04636
01450	01450	01450.jpg	08963.jpg	shuffled	08963	08963
01451	01451	01451.jpg	04939.jpg	shuffled	04939	04939
01452	01452	01452.jpg	10420.jpg	shuffled	10420	10420
01453	01453	01453.jpg	02277.jpg	shuffled	02277	02277
01454	01454	01454.jpg	06626.jpg	shuffled	06626	06626
01455	01455	01455.jpg	07248.jpg	shuffled	07248	07248
01456	01456	01456.jpg	12388.jpg	shuffled	12388	12388
01457	01457	01457.jpg	14325.jpg	shuffled	14325	14325
01458	01458	01458.jpg	02271.jpg	shuffled	02271	02271
01459	01459	01459.jpg	02453.jpg	shuffled	02453	02453
01460	01460	01460.jpg	16718.jpg	shuffled	16718	16718
01461	01461	01461.jpg	06804.jpg	shuffled	06804	06804
01462	01462	01462.jpg	05251.jpg	shuffled	05251	05251
01463	01463	01463.jpg	07362.jpg	shuffled	07362	07362
01464	01464	01464.jpg	12325.jpg	shuffled	12325	12325
01465	01465	01465.jpg	04021.jpg	shuffled	04021	04021
01466	01466	01466.jpg	09867.jpg	shuffled	09867	09867
01467	01467	01467.jpg	01278.jpg	shuffled	01278	01278
01468	01468	01468.jpg	02215.jpg	shuffled	02215	02215
01469	01469	01469.jpg	17148.jpg	shuffled	17148	17148
01470	01470	01470.jpg	16651.jpg	shuffled	16651	16651
01471	01471	01471.jpg	00285.jpg	shuffled	00285	00285
01472	01472	01472.jpg	13310.jpg	shuffled	13310	13310
01473	01473	01473.jpg	03667.jpg	shuffled	03667	03667
01474	01474	01474.jpg	06806.jpg	shuffled	06806	06806
01475	01475	01475.jpg	04306.jpg	shuffled	04306	04306
01476	01476	01476.jpg	14224.jpg	shuffled	14224	14224
01477	01477	01477.jpg	01910.jpg	shuffled	01910	01910
01478	01478	01478.jpg	02340.jpg	shuffled	02340	02340
01479	01479	01479.jpg	08426.jpg	shuffled	08426	08426
01480	01480	01480.jpg	00667.jpg	shuffled	00667	00667
01481	01481	01481.jpg	10603.jpg	shuffled	10603	10603
01482	01482	01482.jpg	07756.jpg	shuffled	07756	07756
01483	01483	01483.jpg	04486.jpg	shuffled	04486	04486
01484	01484	01484.jpg	08195.jpg	shuffled	08195	08195
01485	01485	01485.jpg	07214.jpg	shuffled	07214	07214
01486	01486	01486.jpg	15872.jpg	shuffled	15872	15872
01487	01487	01487.jpg	15030.jpg	shuffled	15030	15030
01488	01488	01488.jpg	05297.jpg	shuffled	05297	05297
01489	01489	01489.jpg	14557.jpg	shuffled	14557	14557
01490	01490	01490.jpg	13762.jpg	shuffled	13762	13762
01491	01491	01491.jpg	03445.jpg	shuffled	03445	03445
01492	01492	01492.jpg	11788.jpg	shuffled	11788	11788
01493	01493	01493.jpg	13360.jpg	shuffled	13360	13360
01494	01494	01494.jpg	17019.jpg	shuffled	17019	17019
01495	01495	01495.jpg	00100.jpg	shuffled	00100	00100
01496	01496	01496.jpg	15817.jpg	shuffled	15817	15817
01497	01497	01497.jpg	00014.jpg	shuffled	00014	00014
01498	01498	01498.jpg	08372.jpg	shuffled	08372	08372
01499	01499	01499.jpg	06743.jpg	shuffled	06743	06743
01500	01500	01500.jpg	17832.jpg	shuffled	17832	17832
01501	01501	01501.jpg	16536.jpg	shuffled	16536	16536
01502	01502	01502.jpg	03507.jpg	shuffled	03507	03507
01503	01503	01503.jpg	09714.jpg	shuffled	09714	09714
01504	01504	01504.jpg	06054.jpg	shuffled	06054	06054
01505	01505	01505.jpg	17338.jpg	shuffled	17338	17338
01506	01506	01506.jpg	01799.jpg	shuffled	01799	01799
01507	01507	01507.jpg	15614.jpg	shuffled	15614	15614
01508	01508	01508.jpg	16147.jpg	shuffled	16147	16147
01509	01509	01509.jpg	06480.jpg	shuffled	06480	06480
01510	01510	01510.jpg	15353.jpg	shuffled	15353	15353
01511	01511	01511.jpg	14130.jpg	shuffled	14130	14130
01512	01512	01512.jpg	06768.jpg	shuffled	06768	06768
01513	01513	01513.jpg	01306.jpg	shuffled	01306	01306
01514	01514	01514.jpg	11663.jpg	shuffled	11663	11663
01515	01515	01515.jpg	14405.jpg	shuffled	14405	14405
01516	01516	01516.jpg	16361.jpg	shuffled	16361	16361
01517	01517	01517.jpg	04110.jpg	shuffled	04110	04110
01518	01518	01518.jpg	13369.jpg	shuffled	13369	13369
01519	01519	01519.jpg	17789.jpg	shuffled	17789	17789
01520	01520	01520.jpg	08647.jpg	shuffled	08647	08647
01521	01521	01521.jpg	10068.jpg	shuffled	10068	10068
01522	01522	01522.jpg	08075.jpg	shuffled	08075	08075
01523	01523	01523.jpg	05617.jpg	shuffled	05617	05617
01524	01524	01524.jpg	13377.jpg	shuffled	13377	13377
01525	01525	01525.jpg	08234.jpg	shuffled	08234	08234
01526	01526	01526.jpg	09303.jpg	shuffled	09303	09303
01527	01527	01527.jpg	08242.jpg	shuffled	08242	08242
01528	01528	01528.jpg	01503.jpg	shuffled	01503	01503
01529	01529	01529.jpg	08584.jpg	shuffled	08584	08584
01530	01530	01530.jpg	14461.jpg	shuffled	14461	14461
01531	01531	01531.jpg	17512.jpg	shuffled	17512	17512
01532	01532	01532.jpg	07702.jpg	shuffled	07702	07702
01533	01533	01533.jpg	11669.jpg	shuffled	11669	11669
01534	01534	01534.jpg	03831.jpg	shuffled	03831	03831
01535	01535	01535.jpg	17117.jpg	shuffled	17117	17117
01536	01536	01536.jpg	05003.jpg	shuffled	05003	05003
01537	01537	01537.jpg	12930.jpg	shuffled	12930	12930
01538	01538	01538.jpg	17356.jpg	shuffled	17356	17356
01539	01539	01539.jpg	15117.jpg	shuffled	15117	15117
01540	01540	01540.jpg	12073.jpg	shuffled	12073	12073
01541	01541	01541.jpg	06522.jpg	shuffled	06522	06522
01542	01542	01542.jpg	02136.jpg	shuffled	02136	02136
01543	01543	01543.jpg	05402.jpg	shuffled	05402	05402
01544	01544	01544.jpg	08891.jpg	shuffled	08891	08891
01545	01545	01545.jpg	09304.jpg	shuffled	09304	09304
01546	01546	01546.jpg	08621.jpg	shuffled	08621	08621
01547	01547	01547.jpg	10965.jpg	shuffled	10965	10965
01548	01548	01548.jpg	11483.jpg	shuffled	11483	11483
01549	01549	01549.jpg	13418.jpg	shuffled	13418	13418
01550	01550	01550.jpg	06427.jpg	shuffled	06427	06427
01551	01551	01551.jpg	02579.jpg	shuffled	02579	02579
01552	01552	01552.jpg	00881.jpg	shuffled	00881	00881
01553	01553	01553.jpg	14369.jpg	shuffled	14369	14369
01554	01554	01554.jpg	01764.jpg	shuffled	01764	01764
01555	01555	01555.jpg	09166.jpg	shuffled	09166	09166
01556	01556	01556.jpg	11866.jpg	shuffled	11866	11866
01557	01557	01557.jpg	11210.jpg	shuffled	11210	11210
01558	01558	01558.jpg	16702.jpg	shuffled	16702	16702
01559	01559	01559.jpg	06426.jpg	shuffled	06426	06426
01560	01560	01560.jpg	14279.jpg	shuffled	14279	14279
01561	01561	01561.jpg	07361.jpg	shuffled	07361	07361
01562	01562	01562.jpg	17448.jpg	shuffled	17448	17448
01563	01563	01563.jpg	02528.jpg	shuffled	02528	02528
01564	01564	01564.jpg	17745.jpg	shuffled	17745	17745
01565	01565	01565.jpg	03366.jpg	shuffled	03366	03366
01566	01566	01566.jpg	10303.jpg	shuffled	10303	10303
01567	01567	01567.jpg	09723.jpg	shuffled	09723	09723
01568	01568	01568.jpg	02598.jpg	shuffled	02598	02598
01569	01569	01569.jpg	00579.jpg	shuffled	00579	00579
01570	01570	01570.jpg	01814.jpg	shuffled	01814	01814
01571	01571	01571.jpg	07513.jpg	shuffled	07513	07513
01572	01572	01572.jpg	06859.jpg	shuffled	06859	06859
01573	01573	01573.jpg	17613.jpg	shuffled	17613	17613
01574	01574	01574.jpg	03065.jpg	shuffled	03065	03065
01575	01575	01575.jpg	14637.jpg	shuffled	14637	14637
01576	01576	01576.jpg	01107.jpg	shuffled	01107	01107
01577	01577	01577.jpg	17758.jpg	shuffled	17758	17758
01578	01578	01578.jpg	16638.jpg	shuffled	16638	16638
01579	01579	01579.jpg	02076.jpg	shuffled	02076	02076
01580	01580	01580.jpg	12397.jpg	shuffled	12397	12397
01581	01581	01581.jpg	04487.jpg	shuffled	04487	04487
01582	01582	01582.jpg	17236.jpg	shuffled	17236	17236
01583	01583	01583.jpg	16031.jpg	shuffled	16031	16031
01584	01584	01584.jpg	17590.jpg	shuffled	17590	17590
01585	01585	01585.jpg	07446.jpg	shuffled	07446	07446
01586	01586	01586.jpg	15506.jpg	shuffled	15506	15506
01587	01587	01587.jpg	08855.jpg	shuffled	08855	08855
01588	01588	01588.jpg	00500.jpg	shuffled	00500	00500
01589	01589	01589.jpg	11011.jpg	shuffled	11011	11011
01590	01590	01590.jpg	05323.jpg	shuffled	05323	05323
01591	01591	01591.jpg	02364.jpg	shuffled	02364	02364
01592	01592	01592.jpg	12178.jpg	shuffled	12178	12178
01593	01593	01593.jpg	13167.jpg	shuffled	13167	13167
01594	01594	01594.jpg	17557.jpg	shuffled	17557	17557
01595	01595	01595.jpg	04364.jpg	shuffled	04364	04364
01596	01596	01596.jpg	02175.jpg	shuffled	02175	02175
01597	01597	01597.jpg	06655.jpg	shuffled	06655	06655
01598	01598	01598.jpg	15718.jpg	shuffled	15718	15718
01599	01599	01599.jpg	01279.jpg	shuffled	01279	01279
01600	01600	01600.jpg	09242.jpg	shuffled	09242	09242
01601	01601	01601.jpg	14646.jpg	shuffled	14646	14646
01602	01602	01602.jpg	03337.jpg	shuffled	03337	03337
01603	01603	01603.jpg	11446.jpg	shuffled	11446	11446
01604	01604	01604.jpg	05371.jpg	shuffled	05371	05371
01605	01605	01605.jpg	05033.jpg	shuffled	05033	05033
01606	01606	01606.jpg	14467.jpg	shuffled	14467	14467
01607	01607	01607.jpg	08675.jpg	shuffled	08675	08675
01608	01608	01608.jpg	11864.jpg	shuffled	11864	11864
01609	01609	01609.jpg	01068.jpg	shuffled	01068	01068
01610	01610	01610.jpg	00599.jpg	shuffled	00599	00599
01611	01611	01611.jpg	01364.jpg	shuffled	01364	01364
01612	01612	01612.jpg	06489.jpg	shuffled	06489	06489
01613	01613	01613.jpg	02535.jpg	shuffled	02535	02535
01614	01614	01614.jpg	02240.jpg	shuffled	02240	02240
01615	01615	01615.jpg	16460.jpg	shuffled	16460	16460
01616	01616	01616.jpg	09562.jpg	shuffled	09562	09562
01617	01617	01617.jpg	12986.jpg	shuffled	12986	12986
01618	01618	01618.jpg	05285.jpg	shuffled	05285	05285
01619	01619	01619.jpg	00024.jpg	shuffled	00024	00024
01620	01620	01620.jpg	01071.jpg	shuffled	01071	01071
01621	01621	01621.jpg	04878.jpg	shuffled	04878	04878
01622	01622	01622.jpg	05960.jpg	shuffled	05960	05960
01623	01623	01623.jpg	15802.jpg	shuffled	15802	15802
01624	01624	01624.jpg	10454.jpg	shuffled	10454	10454
01625	01625	01625.jpg	10986.jpg	shuffled	10986	10986
01626	01626	01626.jpg	06078.jpg	shuffled	06078	06078
01627	01627	01627.jpg	09063.jpg	shuffled	09063	09063
01628	01628	01628.jpg	16788.jpg	shuffled	16788	16788
01629	01629	01629.jpg	15867.jpg	shuffled	15867	15867
01630	01630	01630.jpg	15487.jpg	shuffled	15487	15487
01631	01631	01631.jpg	05026.jpg	shuffled	05026	05026
01632	01632	01632.jpg	10651.jpg	shuffled	10651	10651
01633	01633	01633.jpg	15275.jpg	shuffled	15275	15275
01634	01634	01634.jpg	01250.jpg	shuffled	01250	01250
01635	01635	01635.jpg	07907.jpg	shuffled	07907	07907
01636	01636	01636.jpg	03120.jpg	shuffled	03120	03120
01637	01637	01637.jpg	06965.jpg	shuffled	06965	06965
01638	01638	01638.jpg	04469.jpg	shuffled	04469	04469
01639	01639	01639.jpg	12900.jpg	shuffled	12900	12900
01640	01640	01640.jpg	10667.jpg	shuffled	10667	10667
01641	01641	01641.jpg	02414.jpg	shuffled	02414	02414
01642	01642	01642.jpg	12579.jpg	shuffled	12579	12579
01643	01643	01643.jpg	07567.jpg	shuffled	07567	07567
01644	01644	01644.jpg	00315.jpg	shuffled	00315	00315
01645	01645	01645.jpg	00853.jpg	shuffled	00853	00853
01646	01646	01646.jpg	17054.jpg	shuffled	17054	17054
01647	01647	01647.jpg	07040.jpg	shuffled	07040	07040
01648	01648	01648.jpg	17986.jpg	shuffled	17986	17986
01649	01649	01649.jpg	02516.jpg	shuffled	02516	02516
01650	01650	01650.jpg	03388.jpg	shuffled	03388	03388
01651	01651	01651.jpg	16340.jpg	shuffled	16340	16340
01652	01652	01652.jpg	09863.jpg	shuffled	09863	09863
01653	01653	01653.jpg	16839.jpg	shuffled	16839	16839
01654	01654	01654.jpg	15577.jpg	shuffled	15577	15577
01655	01655	01655.jpg	04157.jpg	shuffled	04157	04157
01656	01656	01656.jpg	06967.jpg	shuffled	06967	06967
01657	01657	01657.jpg	05815.jpg	shuffled	05815	05815
01658	01658	01658.jpg	06198.jpg	shuffled	06198	06198
01659	01659	01659.jpg	10917.jpg	shuffled	10917	10917
01660	01660	01660.jpg	06566.jpg	shuffled	06566	06566
01661	01661	01661.jpg	15753.jpg	shuffled	15753	15753
01662	01662	01662.jpg	03957.jpg	shuffled	03957	03957
01663	01663	01663.jpg	07032.jpg	shuffled	07032	07032
01664	01664	01664.jpg	02061.jpg	shuffled	02061	02061
01665	01665	01665.jpg	05839.jpg	shuffled	05839	05839
01666	01666	01666.jpg	05110.jpg	shuffled	05110	05110
01667	01667	01667.jpg	02164.jpg	shuffled	02164	02164
01668	01668	01668.jpg	13365.jpg	shuffled	13365	13365
01669	01669	01669.jpg	09263.jpg	shuffled	09263	09263
01670	01670	01670.jpg	11973.jpg	shuffled	11973	11973
01671	01671	01671.jpg	09447.jpg	shuffled	09447	09447
01672	01672	01672.jpg	03239.jpg	shuffled	03239	03239
01673	01673	01673.jpg	11440.jpg	shuffled	11440	11440
01674	01674	01674.jpg	09515.jpg	shuffled	09515	09515
01675	01675	01675.jpg	04754.jpg	shuffled	04754	04754
01676	01676	01676.jpg	01853.jpg	shuffled	01853	01853
01677	01677	01677.jpg	09260.jpg	shuffled	09260	09260
01678	01678	01678.jpg	17140.jpg	shuffled	17140	17140
01679	01679	01679.jpg	05882.jpg	shuffled	05882	05882
01680	01680	01680.jpg	06801.jpg	shuffled	06801	06801
01681	01681	01681.jpg	07379.jpg	shuffled	07379	07379
01682	01682	01682.jpg	11297.jpg	shuffled	11297	11297
01683	01683	01683.jpg	09643.jpg	shuffled	09643	09643
01684	01684	01684.jpg	16079.jpg	shuffled	16079	16079
01685	01685	01685.jpg	06319.jpg	shuffled	06319	06319
01686	01686	01686.jpg	12421.jpg	shuffled	12421	12421
01687	01687	01687.jpg	12948.jpg	shuffled	12948	12948
01688	01688	01688.jpg	01919.jpg	shuffled	01919	01919
01689	01689	01689.jpg	14385.jpg	shuffled	14385	14385
01690	01690	01690.jpg	00803.jpg	shuffled	00803	00803
01691	01691	01691.jpg	08287.jpg	shuffled	08287	08287
01692	01692	01692.jpg	03016.jpg	shuffled	03016	03016
01693	01693	01693.jpg	06126.jpg	shuffled	06126	06126
01694	01694	01694.jpg	07558.jpg	shuffled	07558	07558
01695	01695	01695.jpg	11098.jpg	shuffled	11098	11098
01696	01696	01696.jpg	01616.jpg	shuffled	01616	01616
01697	01697	01697.jpg	10885.jpg	shuffled	10885	10885
01698	01698	01698.jpg	11161.jpg	shuffled	11161	11161
01699	01699	01699.jpg	15119.jpg	shuffled	15119	15119
01700	01700	01700.jpg	15644.jpg	shuffled	15644	15644
01701	01701	01701.jpg	12459.jpg	shuffled	12459	12459
01702	01702	01702.jpg	15261.jpg	shuffled	15261	15261
01703	01703	01703.jpg	03762.jpg	shuffled	03762	03762
01704	01704	01704.jpg	12605.jpg	shuffled	12605	12605
01705	01705	01705.jpg	08670.jpg	shuffled	08670	08670
01706	01706	01706.jpg	03774.jpg	shuffled	03774	03774
01707	01707	01707.jpg	16972.jpg	shuffled	16972	16972
01708	01708	01708.jpg	17300.jpg	shuffled	17300	17300
01709	01709	01709.jpg	15673.jpg	shuffled	15673	15673
01710	01710	01710.jpg	07340.jpg	shuffled	07340	07340
01711	01711	01711.jpg	01471.jpg	shuffled	01471	01471
01712	01712	01712.jpg	02695.jpg	shuffled	02695	02695
01713	01713	01713.jpg	07253.jpg	shuffled	07253	07253
01714	01714	01714.jpg	05702.jpg	shuffled	05702	05702
01715	01715	01715.jpg	13109.jpg	shuffled	13109	13109
01716	01716	01716.jpg	08590.jpg	shuffled	08590	08590
01717	01717	01717.jpg	05975.jpg	shuffled	05975	05975
01718	01718	01718.jpg	07970.jpg	shuffled	07970	07970
01719	01719	01719.jpg	03917.jpg	shuffled	03917	03917
01720	01720	01720.jpg	01778.jpg	shuffled	01778	01778
01721	01721	01721.jpg	14269.jpg	shuffled	14269	14269
01722	01722	01722.jpg	12569.jpg	shuffled	12569	12569
01723	01723	01723.jpg	12011.jpg	shuffled	12011	12011
01724	01724	01724.jpg	05104.jpg	shuffled	05104	05104
01725	01725	01725.jpg	13799.jpg	shuffled	13799	13799
01726	01726	01726.jpg	13921.jpg	shuffled	13921	13921
01727	01727	01727.jpg	13896.jpg	shuffled	13896	13896
01728	01728	01728.jpg	05949.jpg	shuffled	05949	05949
01729	01729	01729.jpg	16429.jpg	shuffled	16429	16429
01730	01730	01730.jpg	05546.jpg	shuffled	05546	05546
01731	01731	01731.jpg	02153.jpg	shuffled	02153	02153
01732	01732	01732.jpg	03169.jpg	shuffled	03169	03169
01733	01733	01733.jpg	03688.jpg	shuffled	03688	03688
01734	01734	01734.jpg	09340.jpg	shuffled	09340	09340
01735	01735	01735.jpg	16261.jpg	shuffled	16261	16261
01736	01736	01736.jpg	11816.jpg	shuffled	11816	11816
01737	01737	01737.jpg	02452.jpg	shuffled	02452	02452
01738	01738	01738.jpg	15121.jpg	shuffled	15121	15121
01739	01739	01739.jpg	03157.jpg	shuffled	03157	03157
01740	01740	01740.jpg	03346.jpg	shuffled	03346	03346
01741	01741	01741.jpg	05370.jpg	shuffled	05370	05370
01742	01742	01742.jpg	14506.jpg	shuffled	14506	14506
01743	01743	01743.jpg	06003.jpg	shuffled	06003	06003
01744	01744	01744.jpg	13986.jpg	shuffled	13986	13986
01745	01745	01745.jpg	16699.jpg	shuffled	16699	16699
01746	01746	01746.jpg	03074.jpg	shuffled	03074	03074
01747	01747	01747.jpg	12861.jpg	shuffled	12861	12861
01748	01748	01748.jpg	01256.jpg	shuffled	01256	01256
01749	01749	01749.jpg	01165.jpg	shuffled	01165	01165
01750	01750	01750.jpg	05710.jpg	shuffled	05710	05710
01751	01751	01751.jpg	10860.jpg	shuffled	10860	10860
01752	01752	01752.jpg	05571.jpg	shuffled	05571	05571
01753	01753	01753.jpg	03295.jpg	shuffled	03295	03295
01754	01754	01754.jpg	11774.jpg	shuffled	11774	11774
01755	01755	01755.jpg	07335.jpg	shuffled	07335	07335
01756	01756	01756.jpg	11975.jpg	shuffled	11975	11975
01757	01757	01757.jpg	12366.jpg	shuffled	12366	12366
01758	01758	01758.jpg	08300.jpg	shuffled	08300	08300
01759	01759	01759.jpg	14695.jpg	shuffled	14695	14695
01760	01760	01760.jpg	14276.jpg	shuffled	14276	14276
01761	01761	01761.jpg	05048.jpg	shuffled	05048	05048
01762	01762	01762.jpg	02303.jpg	shuffled	02303	02303
01763	01763	01763.jpg	12080.jpg	shuffled	12080	12080
01764	01764	01764.jpg	06333.jpg	shuffled	06333	06333
01765	01765	01765.jpg	03038.jpg	shuffled	03038	03038
01766	01766	01766.jpg	13859.jpg	shuffled	13859	13859
01767	01767	01767.jpg	06694.jpg	shuffled	06694	06694
01768	01768	01768.jpg	05862.jpg	shuffled	05862	05862
01769	01769	01769.jpg	03699.jpg	shuffled	03699	03699
01770	01770	01770.jpg	00497.jpg	shuffled	00497	00497
01771	01771	01771.jpg	16493.jpg	shuffled	16493	16493
01772	01772	01772.jpg	16283.jpg	shuffled	16283	16283
01773	01773	01773.jpg	17045.jpg	shuffled	17045	17045
01774	01774	01774.jpg	04179.jpg	shuffled	04179	04179
01775	01775	01775.jpg	14892.jpg	shuffled	14892	14892
01776	01776	01776.jpg	05954.jpg	shuffled	05954	05954
01777	01777	01777.jpg	09491.jpg	shuffled	09491	09491
01778	01778	01778.jpg	02680.jpg	shuffled	02680	02680
01779	01779	01779.jpg	00249.jpg	shuffled	00249	00249
01780	01780	01780.jpg	08507.jpg	shuffled	08507	08507
01781	01781	01781.jpg	14786.jpg	shuffled	14786	14786
01782	01782	01782.jpg	17136.jpg	shuffled	17136	17136
01783	01783	01783.jpg	13404.jpg	shuffled	13404	13404
01784	01784	01784.jpg	16181.jpg	shuffled	16181	16181
01785	01785	01785.jpg	08550.jpg	shuffled	08550	08550
01786	01786	01786.jpg	13031.jpg	shuffled	13031	13031
01787	01787	01787.jpg	16913.jpg	shuffled	16913	16913
01788	01788	01788.jpg	13603.jpg	shuffled	13603	13603
01789	01789	01789.jpg	06390.jpg	shuffled	06390	06390
01790	01790	01790.jpg	03564.jpg	shuffled	03564	03564
01791	01791	01791.jpg	07597.jpg	shuffled	07597	07597
01792	01792	01792.jpg	12430.jpg	shuffled	12430	12430
01793	01793	01793.jpg	10713.jpg	shuffled	10713	10713
01794	01794	01794.jpg	03030.jpg	shuffled	03030	03030
01795	01795	01795.jpg	17293.jpg	shuffled	17293	17293
01796	01796	01796.jpg	17631.jpg	shuffled	17631	17631
01797	01797	01797.jpg	13459.jpg	shuffled	13459	13459
01798	01798	01798.jpg	09892.jpg	shuffled	09892	09892
01799	01799	01799.jpg	00952.jpg	shuffled	00952	00952
01800	01800	01800.jpg	11741.jpg	shuffled	11741	11741
01801	01801	01801.jpg	09834.jpg	shuffled	09834	09834
01802	01802	01802.jpg	10032.jpg	shuffled	10032	10032
01803	01803	01803.jpg	06492.jpg	shuffled	06492	06492
01804	01804	01804.jpg	06893.jpg	shuffled	06893	06893
01805	01805	01805.jpg	00409.jpg	shuffled	00409	00409
01806	01806	01806.jpg	14771.jpg	shuffled	14771	14771
01807	01807	01807.jpg	00111.jpg	shuffled	00111	00111
01808	01808	01808.jpg	03246.jpg	shuffled	03246	03246
01809	01809	01809.jpg	05293.jpg	shuffled	05293	05293
01810	01810	01810.jpg	00944.jpg	shuffled	00944	00944
01811	01811	01811.jpg	04705.jpg	shuffled	04705	04705
01812	01812	01812.jpg	12991.jpg	shuffled	12991	12991
01813	01813	01813.jpg	09300.jpg	shuffled	09300	09300
01814	01814	01814.jpg	16465.jpg	shuffled	16465	16465
01815	01815	01815.jpg	07682.jpg	shuffled	07682	07682
01816	01816	01816.jpg	09245.jpg	shuffled	09245	09245
01817	01817	01817.jpg	11097.jpg	shuffled	11097	11097
01818	01818	01818.jpg	00298.jpg	shuffled	00298	00298
01819	01819	01819.jpg	15278.jpg	shuffled	15278	15278
01820	01820	01820.jpg	02257.jpg	shuffled	02257	02257
01821	01821	01821.jpg	06911.jpg	shuffled	06911	06911
01822	01822	01822.jpg	05786.jpg	shuffled	05786	05786
01823	01823	01823.jpg	03106.jpg	shuffled	03106	03106
01824	01824	01824.jpg	00596.jpg	shuffled	00596	00596
01825	01825	01825.jpg	03128.jpg	shuffled	03128	03128
01826	01826	01826.jpg	09308.jpg	shuffled	09308	09308
01827	01827	01827.jpg	00528.jpg	shuffled	00528	00528
01828	01828	01828.jpg	12135.jpg	shuffled	12135	12135
01829	01829	01829.jpg	10466.jpg	shuffled	10466	10466
01830	01830	01830.jpg	17528.jpg	shuffled	17528	17528
01831	01831	01831.jpg	03846.jpg	shuffled	03846	03846
01832	01832	01832.jpg	17187.jpg	shuffled	17187	17187
01833	01833	01833.jpg	15620.jpg	shuffled	15620	15620
01834	01834	01834.jpg	17183.jpg	shuffled	17183	17183
01835	01835	01835.jpg	05869.jpg	shuffled	05869	05869
01836	01836	01836.jpg	11916.jpg	shuffled	11916	11916
01837	01837	01837.jpg	08531.jpg	shuffled	08531	08531
01838	01838	01838.jpg	07107.jpg	shuffled	07107	07107
01839	01839	01839.jpg	16386.jpg	shuffled	16386	16386
01840	01840	01840.jpg	10234.jpg	shuffled	10234	10234
01841	01841	01841.jpg	13792.jpg	shuffled	13792	13792
01842	01842	01842.jpg	09944.jpg	shuffled	09944	09944
01843	01843	01843.jpg	00835.jpg	shuffled	00835	00835
01844	01844	01844.jpg	08904.jpg	shuffled	08904	08904
01845	01845	01845.jpg	14321.jpg	shuffled	14321	14321
01846	01846	01846.jpg	07786.jpg	shuffled	07786	07786
01847	01847	01847.jpg	16251.jpg	shuffled	16251	16251
01848	01848	01848.jpg	01463.jpg	shuffled	01463	01463
01849	01849	01849.jpg	11205.jpg	shuffled	11205	11205
01850	01850	01850.jpg	00483.jpg	shuffled	00483	00483
01851	01851	01851.jpg	16059.jpg	shuffled	16059	16059
01852	01852	01852.jpg	02636.jpg	shuffled	02636	02636
01853	01853	01853.jpg	07313.jpg	shuffled	07313	07313
01854	01854	01854.jpg	07630.jpg	shuffled	07630	07630
01855	01855	01855.jpg	04679.jpg	shuffled	04679	04679
01856	01856	01856.jpg	15684.jpg	shuffled	15684	15684
01857	01857	01857.jpg	16011.jpg	shuffled	16011	16011
01858	01858	01858.jpg	13011.jpg	shuffled	13011	13011
01859	01859	01859.jpg	15894.jpg	shuffled	15894	15894
01860	01860	01860.jpg	01117.jpg	shuffled	01117	01117
01861	01861	01861.jpg	14198.jpg	shuffled	14198	14198
01862	01862	01862.jpg	00524.jpg	shuffled	00524	00524
01863	01863	01863.jpg	00512.jpg	shuffled	00512	00512
01864	01864	01864.jpg	13156.jpg	shuffled	13156	13156
01865	01865	01865.jpg	16627.jpg	shuffled	16627	16627
01866	01866	01866.jpg	13868.jpg	shuffled	13868	13868
01867	01867	01867.jpg	03186.jpg	shuffled	03186	03186
01868	01868	01868.jpg	06115.jpg	shuffled	06115	06115
01869	01869	01869.jpg	00487.jpg	shuffled	00487	00487
01870	01870	01870.jpg	03593.jpg	shuffled	03593	03593
01871	01871	01871.jpg	16119.jpg	shuffled	16119	16119
01872	01872	01872.jpg	10345.jpg	shuffled	10345	10345
01873	01873	01873.jpg	04226.jpg	shuffled	04226	04226
01874	01874	01874.jpg	14044.jpg	shuffled	14044	14044
01875	01875	01875.jpg	14095.jpg	shuffled	14095	14095
01876	01876	01876.jpg	06586.jpg	shuffled	06586	06586
01877	01877	01877.jpg	09877.jpg	shuffled	09877	09877
01878	01878	01878.jpg	03395.jpg	shuffled	03395	03395
01879	01879	01879.jpg	15757.jpg	shuffled	15757	15757
01880	01880	01880.jpg	11223.jpg	shuffled	11223	11223
01881	01881	01881.jpg	15773.jpg	shuffled	15773	15773
01882	01882	01882.jpg	12645.jpg	shuffled	12645	12645
01883	01883	01883.jpg	03579.jpg	shuffled	03579	03579
01884	01884	01884.jpg	08475.jpg	shuffled	08475	08475
01885	01885	01885.jpg	14352.jpg	shuffled	14352	14352
01886	01886	01886.jpg	12000.jpg	shuffled	12000	12000
01887	01887	01887.jpg	12879.jpg	shuffled	12879	12879
01888	01888	01888.jpg	11765.jpg	shuffled	11765	11765
01889	01889	01889.jpg	15972.jpg	shuffled	15972	15972
01890	01890	01890.jpg	01706.jpg	shuffled	01706	01706
01891	01891	01891.jpg	01188.jpg	shuffled	01188	01188
01892	01892	01892.jpg	01536.jpg	shuffled	01536	01536
01893	01893	01893.jpg	05758.jpg	shuffled	05758	05758
01894	01894	01894.jpg	07438.jpg	shuffled	07438	07438
01895	01895	01895.jpg	12432.jpg	shuffled	12432	12432
01896	01896	01896.jpg	17809.jpg	shuffled	17809	17809
01897	01897	01897.jpg	06177.jpg	shuffled	06177	06177
01898	01898	01898.jpg	17282.jpg	shuffled	17282	17282
01899	01899	01899.jpg	02048.jpg	shuffled	02048	02048
01900	01900	01900.jpg	00018.jpg	shuffled	00018	00018
01901	01901	01901.jpg	04643.jpg	shuffled	04643	04643
01902	01902	01902.jpg	05849.jpg	shuffled	05849	05849
01903	01903	01903.jpg	00363.jpg	shuffled	00363	00363
01904	01904	01904.jpg	04207.jpg	shuffled	04207	04207
01905	01905	01905.jpg	13835.jpg	shuffled	13835	13835
01906	01906	01906.jpg	00738.jpg	shuffled	00738	00738
01907	01907	01907.jpg	03559.jpg	shuffled	03559	03559
01908	01908	01908.jpg	04704.jpg	shuffled	04704	04704
01909	01909	01909.jpg	16740.jpg	shuffled	16740	16740
01910	01910	01910.jpg	07641.jpg	shuffled	07641	07641
01911	01911	01911.jpg	13091.jpg	shuffled	13091	13091
01912	01912	01912.jpg	12886.jpg	shuffled	12886	12886
01913	01913	01913.jpg	01414.jpg	shuffled	01414	01414
01914	01914	01914.jpg	05495.jpg	shuffled	05495	05495
01915	01915	01915.jpg	07968.jpg	shuffled	07968	07968
01916	01916	01916.jpg	01771.jpg	shuffled	01771	01771
01917	01917	01917.jpg	15418.jpg	shuffled	15418	15418
01918	01918	01918.jpg	10362.jpg	shuffled	10362	10362
01919	01919	01919.jpg	04450.jpg	shuffled	04450	04450
01920	01920	01920.jpg	07983.jpg	shuffled	07983	07983
01921	01921	01921.jpg	05842.jpg	shuffled	05842	05842
01922	01922	01922.jpg	11347.jpg	shuffled	11347	11347
01923	01923	01923.jpg	11478.jpg	shuffled	11478	11478
01924	01924	01924.jpg	02233.jpg	shuffled	02233	02233
01925	01925	01925.jpg	15156.jpg	shuffled	15156	15156
01926	01926	01926.jpg	15835.jpg	shuffled	15835	15835
01927	01927	01927.jpg	13973.jpg	shuffled	13973	13973
01928	01928	01928.jpg	09544.jpg	shuffled	09544	09544
01929	01929	01929.jpg	03488.jpg	shuffled	03488	03488
01930	01930	01930.jpg	07915.jpg	shuffled	07915	07915
01931	01931	01931.jpg	14969.jpg	shuffled	14969	14969
01932	01932	01932.jpg	14738.jpg	shuffled	14738	14738
01933	01933	01933.jpg	11792.jpg	shuffled	11792	11792
01934	01934	01934.jpg	03474.jpg	shuffled	03474	03474
01935	01935	01935.jpg	13380.jpg	shuffled	13380	13380
01936	01936	01936.jpg	10605.jpg	shuffled	10605	10605
01937	01937	01937.jpg	10776.jpg	shuffled	10776	10776
01938	01938	01938.jpg	16910.jpg	shuffled	16910	16910
01939	01939	01939.jpg	06999.jpg	shuffled	06999	06999
01940	01940	01940.jpg	16669.jpg	shuffled	16669	16669
01941	01941	01941.jpg	05457.jpg	shuffled	05457	05457
01942	01942	01942.jpg	15995.jpg	shuffled	15995	15995
01943	01943	01943.jpg	00543.jpg	shuffled	00543	00543
01944	01944	01944.jpg	15354.jpg	shuffled	15354	15354
01945	01945	01945.jpg	16944.jpg	shuffled	16944	16944
01946	01946	01946.jpg	14438.jpg	shuffled	14438	14438
01947	01947	01947.jpg	02616.jpg	shuffled	02616	02616
01948	01948	01948.jpg	15980.jpg	shuffled	15980	15980
01949	01949	01949.jpg	02289.jpg	shuffled	02289	02289
01950	01950	01950.jpg	00119.jpg	shuffled	00119	00119
01951	01951	01951.jpg	07461.jpg	shuffled	07461	07461
01952	01952	01952.jpg	02874.jpg	shuffled	02874	02874
01953	01953	01953.jpg	09753.jpg	shuffled	09753	09753
01954	01954	01954.jpg	09314.jpg	shuffled	09314	09314
01955	01955	01955.jpg	11054.jpg	shuffled	11054	11054
01956	01956	01956.jpg	09528.jpg	shuffled	09528	09528
01957	01957	01957.jpg	04638.jpg	shuffled	04638	04638
01958	01958	01958.jpg	07452.jpg	shuffled	07452	07452
01959	01959	01959.jpg	08614.jpg	shuffled	08614	08614
01960	01960	01960.jpg	00163.jpg	shuffled	00163	00163
01961	01961	01961.jpg	15770.jpg	shuffled	15770	15770
01962	01962	01962.jpg	13465.jpg	shuffled	13465	13465
01963	01963	01963.jpg	05639.jpg	shuffled	05639	05639
01964	01964	01964.jpg	10225.jpg	shuffled	10225	10225
01965	01965	01965.jpg	07875.jpg	shuffled	07875	07875
01966	01966	01966.jpg	02442.jpg	shuffled	02442	02442
01967	01967	01967.jpg	13869.jpg	shuffled	13869	13869
01968	01968	01968.jpg	15666.jpg	shuffled	15666	15666
01969	01969	01969.jpg	15710.jpg	shuffled	15710	15710
01970	01970	01970.jpg	10875.jpg	shuffled	10875	10875
01971	01971	01971.jpg	09111.jpg	shuffled	09111	09111
01972	01972	01972.jpg	11909.jpg	shuffled	11909	11909
01973	01973	01973.jpg	05712.jpg	shuffled	05712	05712
01974	01974	01974.jpg	05523.jpg	shuffled	05523	05523
01975	01975	01975.jpg	08274.jpg	shuffled	08274	08274
01976	01976	01976.jpg	14396.jpg	shuffled	14396	14396
01977	01977	01977.jpg	13662.jpg	shuffled	13662	13662
01978	01978	01978.jpg	17171.jpg	shuffled	17171	17171
01979	01979	01979.jpg	01955.jpg	shuffled	01955	01955
01980	01980	01980.jpg	05283.jpg	shuffled	05283	05283
01981	01981	01981.jpg	15168.jpg	shuffled	15168	15168
01982	01982	01982.jpg	15560.jpg	shuffled	15560	15560
01983	01983	01983.jpg	13530.jpg	shuffled	13530	13530
01984	01984	01984.jpg	13395.jpg	shuffled	13395	13395
01985	01985	01985.jpg	14894.jpg	shuffled	14894	14894
01986	01986	01986.jpg	15310.jpg	shuffled	15310	15310
01987	01987	01987.jpg	08976.jpg	shuffled	08976	08976
01988	01988	01988.jpg	00675.jpg	shuffled	00675	00675
01989	01989	01989.jpg	13547.jpg	shuffled	13547	13547
01990	01990	01990.jpg	05381.jpg	shuffled	05381	05381
01991	01991	01991.jpg	12919.jpg	shuffled	12919	12919
01992	01992	01992.jpg	01710.jpg	shuffled	01710	01710
01993	01993	01993.jpg	13416.jpg	shuffled	13416	13416
01994	01994	01994.jpg	10576.jpg	shuffled	10576	10576
01995	01995	01995.jpg	07626.jpg	shuffled	07626	07626
01996	01996	01996.jpg	01114.jpg	shuffled	01114	01114
01997	01997	01997.jpg	05488.jpg	shuffled	05488	05488
01998	01998	01998.jpg	08911.jpg	shuffled	08911	08911
01999	01999	01999.jpg	11715.jpg	shuffled	11715	11715
02000	02000	02000.jpg	07256.jpg	shuffled	07256	07256
02001	02001	02001.jpg	11589.jpg	shuffled	11589	11589
02002	02002	02002.jpg	00928.jpg	shuffled	00928	00928
02003	02003	02003.jpg	04594.jpg	shuffled	04594	04594
02004	02004	02004.jpg	06643.jpg	shuffled	06643	06643
02005	02005	02005.jpg	11140.jpg	shuffled	11140	11140
02006	02006	02006.jpg	09963.jpg	shuffled	09963	09963
02007	02007	02007.jpg	13406.jpg	shuffled	13406	13406
02008	02008	02008.jpg	17625.jpg	shuffled	17625	17625
02009	02009	02009.jpg	10145.jpg	shuffled	10145	10145
02010	02010	02010.jpg	16187.jpg	shuffled	16187	16187
02011	02011	02011.jpg	17713.jpg	shuffled	17713	17713
02012	02012	02012.jpg	13767.jpg	shuffled	13767	13767
02013	02013	02013.jpg	05059.jpg	shuffled	05059	05059
02014	02014	02014.jpg	05352.jpg	shuffled	05352	05352
02015	02015	02015.jpg	15645.jpg	shuffled	15645	15645
02016	02016	02016.jpg	05345.jpg	shuffled	05345	05345
02017	02017	02017.jpg	12150.jpg	shuffled	12150	12150
02018	02018	02018.jpg	17018.jpg	shuffled	17018	17018
02019	02019	02019.jpg	07818.jpg	shuffled	07818	07818
02020	02020	02020.jpg	10693.jpg	shuffled	10693	10693
02021	02021	02021.jpg	17717.jpg	shuffled	17717	17717
02022	02022	02022.jpg	15378.jpg	shuffled	15378	15378
02023	02023	02023.jpg	13051.jpg	shuffled	13051	13051
02024	02024	02024.jpg	06414.jpg	shuffled	06414	06414
02025	02025	02025.jpg	02728.jpg	shuffled	02728	02728
02026	02026	02026.jpg	15693.jpg	shuffled	15693	15693
02027	02027	02027.jpg	00426.jpg	shuffled	00426	00426
02028	02028	02028.jpg	13842.jpg	shuffled	13842	13842
02029	02029	02029.jpg	15912.jpg	shuffled	15912	15912
02030	02030	02030.jpg	17240.jpg	shuffled	17240	17240
02031	02031	02031.jpg	14930.jpg	shuffled	14930	14930
02032	02032	02032.jpg	10595.jpg	shuffled	10595	10595
02033	02033	02033.jpg	08932.jpg	shuffled	08932	08932
02034	02034	02034.jpg	04096.jpg	shuffled	04096	04096
02035	02035	02035.jpg	12240.jpg	shuffled	12240	12240
02036	02036	02036.jpg	00105.jpg	shuffled	00105	00105
02037	02037	02037.jpg	09175.jpg	shuffled	09175	09175
02038	02038	02038.jpg	09669.jpg	shuffled	09669	09669
02039	02039	02039.jpg	13851.jpg	shuffled	13851	13851
02040	02040	02040.jpg	12241.jpg	shuffled	12241	12241
02041	02041	02041.jpg	03939.jpg	shuffled	03939	03939
02042	02042	02042.jpg	11141.jpg	shuffled	11141	11141
02043	02043	02043.jpg	11626.jpg	shuffled	11626	11626
02044	02044	02044.jpg	13646.jpg	shuffled	13646	13646
02045	02045	02045.jpg	17006.jpg	shuffled	17006	17006
02046	02046	02046.jpg	11655.jpg	shuffled	11655	11655
02047	02047	02047.jpg	16784.jpg	shuffled	16784	16784
02048	02048	02048.jpg	13539.jpg	shuffled	13539	13539
02049	02049	02049.jpg	08500.jpg	shuffled	08500	08500
02050	02050	02050.jpg	06511.jpg	shuffled	06511	06511
02051	02051	02051.jpg	15794.jpg	shuffled	15794	15794
02052	02052	02052.jpg	11421.jpg	shuffled	11421	11421
02053	02053	02053.jpg	01087.jpg	shuffled	01087	01087
02054	02054	02054.jpg	10236.jpg	shuffled	10236	10236
02055	02055	02055.jpg	14823.jpg	shuffled	14823	14823
02056	02056	02056.jpg	01411.jpg	shuffled	01411	01411
02057	02057	02057.jpg	13631.jpg	shuffled	13631	13631
02058	02058	02058.jpg	15685.jpg	shuffled	15685	15685
02059	02059	02059.jpg	01410.jpg	shuffled	01410	01410
02060	02060	02060.jpg	05764.jpg	shuffled	05764	05764
02061	02061	02061.jpg	07645.jpg	shuffled	07645	07645
02062	02062	02062.jpg	05520.jpg	shuffled	05520	05520
02063	02063	02063.jpg	14578.jpg	shuffled	14578	14578
02064	02064	02064.jpg	16912.jpg	shuffled	16912	16912
02065	02065	02065.jpg	15166.jpg	shuffled	15166	15166
02066	02066	02066.jpg	03085.jpg	shuffled	03085	03085
02067	02067	02067.jpg	12917.jpg	shuffled	12917	12917
02068	02068	02068.jpg	14314.jpg	shuffled	14314	14314
02069	02069	02069.jpg	14082.jpg	shuffled	14082	14082
02070	02070	02070.jpg	00632.jpg	shuffled	00632	00632
02071	02071	02071.jpg	00855.jpg	shuffled	00855	00855
02072	02072	02072.jpg	15551.jpg	shuffled	15551	15551
02073	02073	02073.jpg	12743.jpg	shuffled	12743	12743
02074	02074	02074.jpg	09373.jpg	shuffled	09373	09373
02075	02075	02075.jpg	02330.jpg	shuffled	02330	02330
02076	02076	02076.jpg	14158.jpg	shuffled	14158	14158
02077	02077	02077.jpg	00060.jpg	shuffled	00060	00060
02078	02078	02078.jpg	04138.jpg	shuffled	04138	04138
02079	02079	02079.jpg	10288.jpg	shuffled	10288	10288
02080	02080	02080.jpg	04079.jpg	shuffled	04079	04079
02081	02081	02081.jpg	07781.jpg	shuffled	07781	07781
02082	02082	02082.jpg	08493.jpg	shuffled	08493	08493
02083	02083	02083.jpg	14209.jpg	shuffled	14209	14209
02084	02084	02084.jpg	07950.jpg	shuffled	07950	07950
02085	02085	02085.jpg	15956.jpg	shuffled	15956	15956
02086	02086	02086.jpg	15779.jpg	shuffled	15779	15779
02087	02087	02087.jpg	03625.jpg	shuffled	03625	03625
02088	02088	02088.jpg	08245.jpg	shuffled	08245	08245
02089	02089	02089.jpg	15842.jpg	shuffled	15842	15842
02090	02090	02090.jpg	10176.jpg	shuffled	10176	10176
02091	02091	02091.jpg	15341.jpg	shuffled	15341	15341
02092	02092	02092.jpg	00224.jpg	shuffled	00224	00224
02093	02093	02093.jpg	06602.jpg	shuffled	06602	06602
02094	02094	02094.jpg	10658.jpg	shuffled	10658	10658
02095	02095	02095.jpg	11020.jpg	shuffled	11020	11020
02096	02096	02096.jpg	05636.jpg	shuffled	05636	05636
02097	02097	02097.jpg	15584.jpg	shuffled	15584	15584
02098	02098	02098.jpg	16591.jpg	shuffled	16591	16591
02099	02099	02099.jpg	16641.jpg	shuffled	16641	16641
02100	02100	02100.jpg	03527.jpg	shuffled	03527	03527
02101	02101	02101.jpg	01389.jpg	shuffled	01389	01389
02102	02102	02102.jpg	14315.jpg	shuffled	14315	14315
02103	02103	02103.jpg	07023.jpg	shuffled	07023	07023
02104	02104	02104.jpg	03132.jpg	shuffled	03132	03132
02105	02105	02105.jpg	10346.jpg	shuffled	10346	10346
02106	02106	02106.jpg	17854.jpg	shuffled	17854	17854
02107	02107	02107.jpg	17828.jpg	shuffled	17828	17828
02108	02108	02108.jpg	02403.jpg	shuffled	02403	02403
02109	02109	02109.jpg	03525.jpg	shuffled	03525	03525
02110	02110	02110.jpg	03837.jpg	shuffled	03837	03837
02111	02111	02111.jpg	14945.jpg	shuffled	14945	14945
02112	02112	02112.jpg	04154.jpg	shuffled	04154	04154
02113	02113	02113.jpg	03212.jpg	shuffled	03212	03212
02114	02114	02114.jpg	08350.jpg	shuffled	08350	08350
02115	02115	02115.jpg	01920.jpg	shuffled	01920	01920
02116	02116	02116.jpg	16941.jpg	shuffled	16941	16941
02117	02117	02117.jpg	11986.jpg	shuffled	11986	11986
02118	02118	02118.jpg	04034.jpg	shuffled	04034	04034
02119	02119	02119.jpg	05843.jpg	shuffled	05843	05843
02120	02120	02120.jpg	16764.jpg	shuffled	16764	16764
02121	02121	02121.jpg	13160.jpg	shuffled	13160	13160
02122	02122	02122.jpg	16492.jpg	shuffled	16492	16492
02123	02123	02123.jpg	06741.jpg	shuffled	06741	06741
02124	02124	02124.jpg	08127.jpg	shuffled	08127	08127
02125	02125	02125.jpg	10379.jpg	shuffled	10379	10379
02126	02126	02126.jpg	13232.jpg	shuffled	13232	13232
02127	02127	02127.jpg	15113.jpg	shuffled	15113	15113
02128	02128	02128.jpg	07528.jpg	shuffled	07528	07528
02129	02129	02129.jpg	02745.jpg	shuffled	02745	02745
02130	02130	02130.jpg	05812.jpg	shuffled	05812	05812
02131	02131	02131.jpg	14739.jpg	shuffled	14739	14739
02132	02132	02132.jpg	03612.jpg	shuffled	03612	03612
02133	02133	02133.jpg	08161.jpg	shuffled	08161	08161
02134	02134	02134.jpg	05308.jpg	shuffled	05308	05308
02135	02135	02135.jpg	03368.jpg	shuffled	03368	03368
02136	02136	02136.jpg	14505.jpg	shuffled	14505	14505
02137	02137	02137.jpg	11493.jpg	shuffled	11493	11493
02138	02138	02138.jpg	16934.jpg	shuffled	16934	16934
02139	02139	02139.jpg	10247.jpg	shuffled	10247	10247
02140	02140	02140.jpg	05462.jpg	shuffled	05462	05462
02141	02141	02141.jpg	13685.jpg	shuffled	13685	13685
02142	02142	02142.jpg	07600.jpg	shuffled	07600	07600
02143	02143	02143.jpg	00553.jpg	shuffled	00553	00553
02144	02144	02144.jpg	03041.jpg	shuffled	03041	03041
02145	02145	02145.jpg	04765.jpg	shuffled	04765	04765
02146	02146	02146.jpg	12913.jpg	shuffled	12913	12913
02147	02147	02147.jpg	12464.jpg	shuffled	12464	12464
02148	02148	02148.jpg	08759.jpg	shuffled	08759	08759
02149	02149	02149.jpg	07657.jpg	shuffled	07657	07657
02150	02150	02150.jpg	01223.jpg	shuffled	01223	01223
02151	02151	02151.jpg	10549.jpg	shuffled	10549	10549
02152	02152	02152.jpg	12290.jpg	shuffled	12290	12290
02153	02153	02153.jpg	12477.jpg	shuffled	12477	12477
02154	02154	02154.jpg	14791.jpg	shuffled	14791	14791
02155	02155	02155.jpg	08833.jpg	shuffled	08833	08833
02156	02156	02156.jpg	17554.jpg	shuffled	17554	17554
02157	02157	02157.jpg	00167.jpg	shuffled	00167	00167
02158	02158	02158.jpg	06656.jpg	shuffled	06656	06656
02159	02159	02159.jpg	13089.jpg	shuffled	13089	13089
02160	02160	02160.jpg	06349.jpg	shuffled	06349	06349
02161	02161	02161.jpg	06433.jpg	shuffled	06433	06433
02162	02162	02162.jpg	17000.jpg	shuffled	17000	17000
02163	02163	02163.jpg	15800.jpg	shuffled	15800	15800
02164	02164	02164.jpg	09433.jpg	shuffled	09433	09433
02165	02165	02165.jpg	07512.jpg	shuffled	07512	07512
02166	02166	02166.jpg	16446.jpg	shuffled	16446	16446
02167	02167	02167.jpg	13877.jpg	shuffled	13877	13877
02168	02168	02168.jpg	15566.jpg	shuffled	15566	15566
02169	02169	02169.jpg	06354.jpg	shuffled	06354	06354
02170	02170	02170.jpg	08956.jpg	shuffled	08956	08956
02171	02171	02171.jpg	17270.jpg	shuffled	17270	17270
02172	02172	02172.jpg	12238.jpg	shuffled	12238	12238
02173	02173	02173.jpg	01895.jpg	shuffled	01895	01895
02174	02174	02174.jpg	09678.jpg	shuffled	09678	09678
02175	02175	02175.jpg	01530.jpg	shuffled	01530	01530
02176	02176	02176.jpg	08594.jpg	shuffled	08594	08594
02177	02177	02177.jpg	05116.jpg	shuffled	05116	05116
02178	02178	02178.jpg	14576.jpg	shuffled	14576	14576
02179	02179	02179.jpg	16081.jpg	shuffled	16081	16081
02180	02180	02180.jpg	01009.jpg	shuffled	01009	01009
02181	02181	02181.jpg	10718.jpg	shuffled	10718	10718
02182	02182	02182.jpg	04228.jpg	shuffled	04228	04228
02183	02183	02183.jpg	02606.jpg	shuffled	02606	02606
02184	02184	02184.jpg	10783.jpg	shuffled	10783	10783
02185	02185	02185.jpg	08250.jpg	shuffled	08250	08250
02186	02186	02186.jpg	13698.jpg	shuffled	13698	13698
02187	02187	02187.jpg	14628.jpg	shuffled	14628	14628
02188	02188	02188.jpg	01827.jpg	shuffled	01827	01827
02189	02189	02189.jpg	13708.jpg	shuffled	13708	13708
02190	02190	02190.jpg	11535.jpg	shuffled	11535	11535
02191	02191	02191.jpg	01767.jpg	shuffled	01767	01767
02192	02192	02192.jpg	06464.jpg	shuffled	06464	06464
02193	02193	02193.jpg	17194.jpg	shuffled	17194	17194
02194	02194	02194.jpg	14250.jpg	shuffled	14250	14250
02195	02195	02195.jpg	11139.jpg	shuffled	11139	11139
02196	02196	02196.jpg	04400.jpg	shuffled	04400	04400
02197	02197	02197.jpg	06621.jpg	shuffled	06621	06621
02198	02198	02198.jpg	09113.jpg	shuffled	09113	09113
02199	02199	02199.jpg	13523.jpg	shuffled	13523	13523
02200	02200	02200.jpg	04452.jpg	shuffled	04452	04452
02201	02201	02201.jpg	01684.jpg	shuffled	01684	01684
02202	02202	02202.jpg	12728.jpg	shuffled	12728	12728
02203	02203	02203.jpg	08551.jpg	shuffled	08551	08551
02204	02204	02204.jpg	13107.jpg	shuffled	13107	13107
02205	02205	02205.jpg	15668.jpg	shuffled	15668	15668
02206	02206	02206.jpg	10329.jpg	shuffled	10329	10329
02207	02207	02207.jpg	14061.jpg	shuffled	14061	14061
02208	02208	02208.jpg	03654.jpg	shuffled	03654	03654
02209	02209	02209.jpg	11660.jpg	shuffled	11660	11660
02210	02210	02210.jpg	04498.jpg	shuffled	04498	04498
02211	02211	02211.jpg	16315.jpg	shuffled	16315	16315
02212	02212	02212.jpg	08791.jpg	shuffled	08791	08791
02213	02213	02213.jpg	11944.jpg	shuffled	11944	11944
02214	02214	02214.jpg	09435.jpg	shuffled	09435	09435
02215	02215	02215.jpg	10957.jpg	shuffled	10957	10957
02216	02216	02216.jpg	12971.jpg	shuffled	12971	12971
02217	02217	02217.jpg	08471.jpg	shuffled	08471	08471
02218	02218	02218.jpg	01351.jpg	shuffled	01351	01351
02219	02219	02219.jpg	04896.jpg	shuffled	04896	04896
02220	02220	02220.jpg	13332.jpg	shuffled	13332	13332
02221	02221	02221.jpg	13976.jpg	shuffled	13976	13976
02222	02222	02222.jpg	13480.jpg	shuffled	13480	13480
02223	02223	02223.jpg	05201.jpg	shuffled	05201	05201
02224	02224	02224.jpg	11777.jpg	shuffled	11777	11777
02225	02225	02225.jpg	07498.jpg	shuffled	07498	07498
02226	02226	02226.jpg	16636.jpg	shuffled	16636	16636
02227	02227	02227.jpg	04540.jpg	shuffled	04540	04540
02228	02228	02228.jpg	02339.jpg	shuffled	02339	02339
02229	02229	02229.jpg	05292.jpg	shuffled	05292	05292
02230	02230	02230.jpg	02964.jpg	shuffled	02964	02964
02231	02231	02231.jpg	12110.jpg	shuffled	12110	12110
02232	02232	02232.jpg	11664.jpg	shuffled	11664	11664
02233	02233	02233.jpg	12595.jpg	shuffled	12595	12595
02234	02234	02234.jpg	15076.jpg	shuffled	15076	15076
02235	02235	02235.jpg	07219.jpg	shuffled	07219	07219
02236	02236	02236.jpg	07701.jpg	shuffled	07701	07701
02237	02237	02237.jpg	12987.jpg	shuffled	12987	12987
02238	02238	02238.jpg	16869.jpg	shuffled	16869	16869
02239	02239	02239.jpg	05897.jpg	shuffled	05897	05897
02240	02240	02240.jpg	14253.jpg	shuffled	14253	14253
02241	02241	02241.jpg	08780.jpg	shuffled	08780	08780
02242	02242	02242.jpg	06720.jpg	shuffled	06720	06720
02243	02243	02243.jpg	04345.jpg	shuffled	04345	04345
02244	02244	02244.jpg	08661.jpg	shuffled	08661	08661
02245	02245	02245.jpg	01206.jpg	shuffled	01206	01206
02246	02246	02246.jpg	12972.jpg	shuffled	12972	12972
02247	02247	02247.jpg	01277.jpg	shuffled	01277	01277
02248	02248	02248.jpg	01921.jpg	shuffled	01921	01921
02249	02249	02249.jpg	00549.jpg	shuffled	00549	00549
02250	02250	02250.jpg	02713.jpg	shuffled	02713	02713
02251	02251	02251.jpg	08686.jpg	shuffled	08686	08686
02252	02252	02252.jpg	02158.jpg	shuffled	02158	02158
02253	02253	02253.jpg	07158.jpg	shuffled	07158	07158
02254	02254	02254.jpg	02283.jpg	shuffled	02283	02283
02255	02255	02255.jpg	07407.jpg	shuffled	07407	07407
02256	02256	02256.jpg	06453.jpg	shuffled	06453	06453
02257	02257	02257.jpg	16978.jpg	shuffled	16978	16978
02258	02258	02258.jpg	10810.jpg	shuffled	10810	10810
02259	02259	02259.jpg	12418.jpg	shuffled	12418	12418
02260	02260	02260.jpg	17841.jpg	shuffled	17841	17841
02261	02261	02261.jpg	09653.jpg	shuffled	09653	09653
02262	02262	02262.jpg	09412.jpg	shuffled	09412	09412
02263	02263	02263.jpg	07948.jpg	shuffled	07948	07948
02264	02264	02264.jpg	06882.jpg	shuffled	06882	06882
02265	02265	02265.jpg	03457.jpg	shuffled	03457	03457
02266	02266	02266.jpg	10828.jpg	shuffled	10828	10828
02267	02267	02267.jpg	14060.jpg	shuffled	14060	14060
02268	02268	02268.jpg	04652.jpg	shuffled	04652	04652
02269	02269	02269.jpg	00869.jpg	shuffled	00869	00869
02270	02270	02270.jpg	17630.jpg	shuffled	17630	17630
02271	02271	02271.jpg	09013.jpg	shuffled	09013	09013
02272	02272	02272.jpg	16070.jpg	shuffled	16070	16070
02273	02273	02273.jpg	01998.jpg	shuffled	01998	01998
02274	02274	02274.jpg	04151.jpg	shuffled	04151	04151
02275	02275	02275.jpg	00261.jpg	shuffled	00261	00261
02276	02276	02276.jpg	02679.jpg	shuffled	02679	02679
02277	02277	02277.jpg	11450.jpg	shuffled	11450	11450
02278	02278	02278.jpg	05065.jpg	shuffled	05065	05065
02279	02279	02279.jpg	06762.jpg	shuffled	06762	06762
02280	02280	02280.jpg	07611.jpg	shuffled	07611	07611
02281	02281	02281.jpg	07022.jpg	shuffled	07022	07022
02282	02282	02282.jpg	16226.jpg	shuffled	16226	16226
02283	02283	02283.jpg	05211.jpg	shuffled	05211	05211
02284	02284	02284.jpg	12333.jpg	shuffled	12333	12333
02285	02285	02285.jpg	02556.jpg	shuffled	02556	02556
02286	02286	02286.jpg	03045.jpg	shuffled	03045	03045
02287	02287	02287.jpg	13957.jpg	shuffled	13957	13957
02288	02288	02288.jpg	07735.jpg	shuffled	07735	07735
02289	02289	02289.jpg	11471.jpg	shuffled	11471	11471
02290	02290	02290.jpg	05878.jpg	shuffled	05878	05878
02291	02291	02291.jpg	05080.jpg	shuffled	05080	05080
02292	02292	02292.jpg	00784.jpg	shuffled	00784	00784
02293	02293	02293.jpg	11579.jpg	shuffled	11579	11579
02294	02294	02294.jpg	04518.jpg	shuffled	04518	04518
02295	02295	02295.jpg	07444.jpg	shuffled	07444	07444
02296	02296	02296.jpg	09076.jpg	shuffled	09076	09076
02297	02297	02297.jpg	14363.jpg	shuffled	14363	14363
02298	02298	02298.jpg	17283.jpg	shuffled	17283	17283
02299	02299	02299.jpg	00284.jpg	shuffled	00284	00284
02300	02300	02300.jpg	17055.jpg	shuffled	17055	17055
02301	02301	02301.jpg	04197.jpg	shuffled	04197	04197
02302	02302	02302.jpg	15090.jpg	shuffled	15090	15090
02303	02303	02303.jpg	15441.jpg	shuffled	15441	15441
02304	02304	02304.jpg	16882.jpg	shuffled	16882	16882
02305	02305	02305.jpg	02438.jpg	shuffled	02438	02438
02306	02306	02306.jpg	15953.jpg	shuffled	15953	15953
02307	02307	02307.jpg	06761.jpg	shuffled	06761	06761
02308	02308	02308.jpg	08228.jpg	shuffled	08228	08228
02309	02309	02309.jpg	08720.jpg	shuffled	08720	08720
02310	02310	02310.jpg	05629.jpg	shuffled	05629	05629
02311	02311	02311.jpg	06725.jpg	shuffled	06725	06725
02312	02312	02312.jpg	04602.jpg	shuffled	04602	04602
02313	02313	02313.jpg	00901.jpg	shuffled	00901	00901
02314	02314	02314.jpg	16083.jpg	shuffled	16083	16083
02315	02315	02315.jpg	16885.jpg	shuffled	16885	16885
02316	02316	02316.jpg	08226.jpg	shuffled	08226	08226
02317	02317	02317.jpg	17204.jpg	shuffled	17204	17204
02318	02318	02318.jpg	11820.jpg	shuffled	11820	11820
02319	02319	02319.jpg	02195.jpg	shuffled	02195	02195
02320	02320	02320.jpg	12712.jpg	shuffled	12712	12712
02321	02321	02321.jpg	03306.jpg	shuffled	03306	03306
02322	02322	02322.jpg	08876.jpg	shuffled	08876	08876
02323	02323	02323.jpg	11330.jpg	shuffled	11330	11330
02324	02324	02324.jpg	14256.jpg	shuffled	14256	14256
02325	02325	02325.jpg	01381.jpg	shuffled	01381	01381
02326	02326	02326.jpg	13995.jpg	shuffled	13995	13995
02327	02327	02327.jpg	17070.jpg	shuffled	17070	17070
02328	02328	02328.jpg	09535.jpg	shuffled	09535	09535
02329	02329	02329.jpg	13424.jpg	shuffled	13424	13424
02330	02330	02330.jpg	14514.jpg	shuffled	14514	14514
02331	02331	02331.jpg	14019.jpg	shuffled	14019	14019
02332	02332	02332.jpg	07217.jpg	shuffled	07217	07217
02333	02333	02333.jpg	09717.jpg	shuffled	09717	09717
02334	02334	02334.jpg	09269.jpg	shuffled	09269	09269
02335	02335	02335.jpg	00142.jpg	shuffled	00142	00142
02336	02336	02336.jpg	09171.jpg	shuffled	09171	09171
02337	02337	02337.jpg	09992.jpg	shuffled	09992	09992
02338	02338	02338.jpg	00232.jpg	shuffled	00232	00232
02339	02339	02339.jpg	17017.jpg	shuffled	17017	17017
02340	02340	02340.jpg	01409.jpg	shuffled	01409	01409
02341	02341	02341.jpg	12262.jpg	shuffled	12262	12262
02342	02342	02342.jpg	11481.jpg	shuffled	11481	11481
02343	02343	02343.jpg	10997.jpg	shuffled	10997	10997
02344	02344	02344.jpg	09727.jpg	shuffled	09727	09727
02345	02345	02345.jpg	14496.jpg	shuffled	14496	14496
02346	02346	02346.jpg	08650.jpg	shuffled	08650	08650
02347	02347	02347.jpg	02574.jpg	shuffled	02574	02574
02348	02348	02348.jpg	04766.jpg	shuffled	04766	04766
02349	02349	02349.jpg	08369.jpg	shuffled	08369	08369
02350	02350	02350.jpg	02317.jpg	shuffled	02317	02317
02351	02351	02351.jpg	03665.jpg	shuffled	03665	03665
02352	02352	02352.jpg	09236.jpg	shuffled	09236	09236
02353	02353	02353.jpg	09875.jpg	shuffled	09875	09875
02354	02354	02354.jpg	08017.jpg	shuffled	08017	08017
02355	02355	02355.jpg	14707.jpg	shuffled	14707	14707
02356	02356	02356.jpg	08074.jpg	shuffled	08074	08074
02357	02357	02357.jpg	05172.jpg	shuffled	05172	05172
02358	02358	02358.jpg	06664.jpg	shuffled	06664	06664
02359	02359	02359.jpg	05741.jpg	shuffled	05741	05741
02360	02360	02360.jpg	15871.jpg	shuffled	15871	15871
02361	02361	02361.jpg	13770.jpg	shuffled	13770	13770
02362	02362	02362.jpg	16180.jpg	shuffled	16180	16180
02363	02363	02363.jpg	17022.jpg	shuffled	17022	17022
02364	02364	02364.jpg	12283.jpg	shuffled	12283	12283
02365	02365	02365.jpg	08359.jpg	shuffled	08359	08359
02366	02366	02366.jpg	06385.jpg	shuffled	06385	06385
02367	02367	02367.jpg	11684.jpg	shuffled	11684	11684
02368	02368	02368.jpg	14547.jpg	shuffled	14547	14547
02369	02369	02369.jpg	05988.jpg	shuffled	05988	05988
02370	02370	02370.jpg	15928.jpg	shuffled	15928	15928
02371	02371	02371.jpg	01529.jpg	shuffled	01529	01529
02372	02372	02372.jpg	13012.jpg	shuffled	13012	13012
02373	02373	02373.jpg	02488.jpg	shuffled	02488	02488
02374	02374	02374.jpg	01579.jpg	shuffled	01579	01579
02375	02375	02375.jpg	17715.jpg	shuffled	17715	17715
02376	02376	02376.jpg	00055.jpg	shuffled	00055	00055
02377	02377	02377.jpg	09862.jpg	shuffled	09862	09862
02378	02378	02378.jpg	11609.jpg	shuffled	11609	11609
02379	02379	02379.jpg	17390.jpg	shuffled	17390	17390
02380	02380	02380.jpg	02808.jpg	shuffled	02808	02808
02381	02381	02381.jpg	02974.jpg	shuffled	02974	02974
02382	02382	02382.jpg	11424.jpg	shuffled	11424	11424
02383	02383	02383.jpg	07345.jpg	shuffled	07345	07345
02384	02384	02384.jpg	10223.jpg	shuffled	10223	10223
02385	02385	02385.jpg	15830.jpg	shuffled	15830	15830
02386	02386	02386.jpg	12153.jpg	shuffled	12153	12153
02387	02387	02387.jpg	04104.jpg	shuffled	04104	04104
02388	02388	02388.jpg	14621.jpg	shuffled	14621	14621
02389	02389	02389.jpg	09322.jpg	shuffled	09322	09322
02390	02390	02390.jpg	01363.jpg	shuffled	01363	01363
02391	02391	02391.jpg	11794.jpg	shuffled	11794	11794
02392	02392	02392.jpg	17571.jpg	shuffled	17571	17571
02393	02393	02393.jpg	04188.jpg	shuffled	04188	04188
02394	02394	02394.jpg	07324.jpg	shuffled	07324	07324
02395	02395	02395.jpg	11979.jpg	shuffled	11979	11979
02396	02396	02396.jpg	12428.jpg	shuffled	12428	12428
02397	02397	02397.jpg	02365.jpg	shuffled	02365	02365
02398	02398	02398.jpg	14785.jpg	shuffled	14785	14785
02399	02399	02399.jpg	15844.jpg	shuffled	15844	15844
02400	02400	02400.jpg	14338.jpg	shuffled	14338	14338
02401	02401	02401.jpg	05223.jpg	shuffled	05223	05223
02402	02402	02402.jpg	17776.jpg	shuffled	17776	17776
02403	02403	02403.jpg	01609.jpg	shuffled	01609	01609
02404	02404	02404.jpg	14222.jpg	shuffled	14222	14222
02405	02405	02405.jpg	03950.jpg	shuffled	03950	03950
02406	02406	02406.jpg	13802.jpg	shuffled	13802	13802
02407	02407	02407.jpg	09822.jpg	shuffled	09822	09822
02408	02408	02408.jpg	06195.jpg	shuffled	06195	06195
02409	02409	02409.jpg	01342.jpg	shuffled	01342	01342
02410	02410	02410.jpg	13235.jpg	shuffled	13235	13235
02411	02411	02411.jpg	01408.jpg	shuffled	01408	01408
02412	02412	02412.jpg	15185.jpg	shuffled	15185	15185
02413	02413	02413.jpg	12492.jpg	shuffled	12492	12492
02414	02414	02414.jpg	13579.jpg	shuffled	13579	13579
02415	02415	02415.jpg	09509.jpg	shuffled	09509	09509
02416	02416	02416.jpg	01453.jpg	shuffled	01453	01453
02417	02417	02417.jpg	07377.jpg	shuffled	07377	07377
02418	02418	02418.jpg	13800.jpg	shuffled	13800	13800
02419	02419	02419.jpg	14541.jpg	shuffled	14541	14541
02420	02420	02420.jpg	11220.jpg	shuffled	11220	11220
02421	02421	02421.jpg	13919.jpg	shuffled	13919	13919
02422	02422	02422.jpg	12251.jpg	shuffled	12251	12251
02423	02423	02423.jpg	13103.jpg	shuffled	13103	13103
02424	02424	02424.jpg	16761.jpg	shuffled	16761	16761
02425	02425	02425.jpg	14731.jpg	shuffled	14731	14731
02426	02426	02426.jpg	08164.jpg	shuffled	08164	08164
02427	02427	02427.jpg	00026.jpg	shuffled	00026	00026
02428	02428	02428.jpg	02327.jpg	shuffled	02327	02327
02429	02429	02429.jpg	12187.jpg	shuffled	12187	12187
02430	02430	02430.jpg	11904.jpg	shuffled	11904	11904
02431	02431	02431.jpg	00670.jpg	shuffled	00670	00670
02432	02432	02432.jpg	03446.jpg	shuffled	03446	03446
02433	02433	02433.jpg	15660.jpg	shuffled	15660	15660
02434	02434	02434.jpg	06832.jpg	shuffled	06832	06832
02435	02435	02435.jpg	13590.jpg	shuffled	13590	13590
02436	02436	02436.jpg	09466.jpg	shuffled	09466	09466
02437	02437	02437.jpg	00391.jpg	shuffled	00391	00391
02438	02438	02438.jpg	11951.jpg	shuffled	11951	11951
02439	02439	02439.jpg	14598.jpg	shuffled	14598	14598
02440	02440	02440.jpg	12117.jpg	shuffled	12117	12117
02441	02441	02441.jpg	10286.jpg	shuffled	10286	10286
02442	02442	02442.jpg	09029.jpg	shuffled	09029	09029
02443	02443	02443.jpg	04776.jpg	shuffled	04776	04776
02444	02444	02444.jpg	04565.jpg	shuffled	04565	04565
02445	02445	02445.jpg	03658.jpg	shuffled	03658	03658
02446	02446	02446.jpg	06104.jpg	shuffled	06104	06104
02447	02447	02447.jpg	07671.jpg	shuffled	07671	07671
02448	02448	02448.jpg	12726.jpg	shuffled	12726	12726
02449	02449	02449.jpg	00734.jpg	shuffled	00734	00734
02450	02450	02450.jpg	04584.jpg	shuffled	04584	04584
02451	02451	02451.jpg	14762.jpg	shuffled	14762	14762
02452	02452	02452.jpg	01852.jpg	shuffled	01852	01852
02453	02453	02453.jpg	14426.jpg	shuffled	14426	14426
02454	02454	02454.jpg	01478.jpg	shuffled	01478	01478
02455	02455	02455.jpg	03122.jpg	shuffled	03122	03122
02456	02456	02456.jpg	09351.jpg	shuffled	09351	09351
02457	02457	02457.jpg	12845.jpg	shuffled	12845	12845
02458	02458	02458.jpg	17960.jpg	shuffled	17960	17960
02459	02459	02459.jpg	17325.jpg	shuffled	17325	17325
02460	02460	02460.jpg	00470.jpg	shuffled	00470	00470
02461	02461	02461.jpg	00519.jpg	shuffled	00519	00519
02462	02462	02462.jpg	09075.jpg	shuffled	09075	09075
02463	02463	02463.jpg	08535.jpg	shuffled	08535	08535
02464	02464	02464.jpg	08653.jpg	shuffled	08653	08653
02465	02465	02465.jpg	06310.jpg	shuffled	06310	06310
02466	02466	02466.jpg	13601.jpg	shuffled	13601	13601
02467	02467	02467.jpg	02991.jpg	shuffled	02991	02991
02468	02468	02468.jpg	09839.jpg	shuffled	09839	09839
02469	02469	02469.jpg	01190.jpg	shuffled	01190	01190
02470	02470	02470.jpg	03350.jpg	shuffled	03350	03350
02471	02471	02471.jpg	16232.jpg	shuffled	16232	16232
02472	02472	02472.jpg	02454.jpg	shuffled	02454	02454
02473	02473	02473.jpg	01413.jpg	shuffled	01413	01413
02474	02474	02474.jpg	00090.jpg	shuffled	00090	00090
02475	02475	02475.jpg	17628.jpg	shuffled	17628	17628
02476	02476	02476.jpg	11730.jpg	shuffled	11730	11730
02477	02477	02477.jpg	10320.jpg	shuffled	10320	10320
02478	02478	02478.jpg	09227.jpg	shuffled	09227	09227
02479	02479	02479.jpg	16337.jpg	shuffled	16337	16337
02480	02480	02480.jpg	14460.jpg	shuffled	14460	14460
02481	02481	02481.jpg	17483.jpg	shuffled	17483	17483
02482	02482	02482.jpg	13256.jpg	shuffled	13256	13256
02483	02483	02483.jpg	14397.jpg	shuffled	14397	14397
02484	02484	02484.jpg	09219.jpg	shuffled	09219	09219
02485	02485	02485.jpg	11100.jpg	shuffled	11100	11100
02486	02486	02486.jpg	14370.jpg	shuffled	14370	14370
02487	02487	02487.jpg	12706.jpg	shuffled	12706	12706
02488	02488	02488.jpg	08918.jpg	shuffled	08918	08918
02489	02489	02489.jpg	02942.jpg	shuffled	02942	02942
02490	02490	02490.jpg	08926.jpg	shuffled	08926	08926
02491	02491	02491.jpg	00381.jpg	shuffled	00381	00381
02492	02492	02492.jpg	02163.jpg	shuffled	02163	02163
02493	02493	02493.jpg	15401.jpg	shuffled	15401	15401
02494	02494	02494.jpg	16333.jpg	shuffled	16333	16333
02495	02495	02495.jpg	15252.jpg	shuffled	15252	15252
02496	02496	02496.jpg	04920.jpg	shuffled	04920	04920
02497	02497	02497.jpg	09106.jpg	shuffled	09106	09106
02498	02498	02498.jpg	13739.jpg	shuffled	13739	13739
02499	02499	02499.jpg	04726.jpg	shuffled	04726	04726
02500	02500	02500.jpg	02655.jpg	shuffled	02655	02655
02501	02501	02501.jpg	10768.jpg	shuffled	10768	10768
02502	02502	02502.jpg	16212.jpg	shuffled	16212	16212
02503	02503	02503.jpg	06192.jpg	shuffled	06192	06192
02504	02504	02504.jpg	03399.jpg	shuffled	03399	03399
02505	02505	02505.jpg	05675.jpg	shuffled	05675	05675
02506	02506	02506.jpg	15260.jpg	shuffled	15260	15260
02507	02507	02507.jpg	03516.jpg	shuffled	03516	03516
02508	02508	02508.jpg	11301.jpg	shuffled	11301	11301
02509	02509	02509.jpg	16194.jpg	shuffled	16194	16194
02510	02510	02510.jpg	11362.jpg	shuffled	11362	11362
02511	02511	02511.jpg	15508.jpg	shuffled	15508	15508
02512	02512	02512.jpg	09955.jpg	shuffled	09955	09955
02513	02513	02513.jpg	12710.jpg	shuffled	12710	12710
02514	02514	02514.jpg	16095.jpg	shuffled	16095	16095
02515	02515	02515.jpg	10725.jpg	shuffled	10725	10725
02516	02516	02516.jpg	02214.jpg	shuffled	02214	02214
02517	02517	02517.jpg	00931.jpg	shuffled	00931	00931
02518	02518	02518.jpg	13906.jpg	shuffled	13906	13906
02519	02519	02519.jpg	16640.jpg	shuffled	16640	16640
02520	02520	02520.jpg	04693.jpg	shuffled	04693	04693
02521	02521	02521.jpg	11265.jpg	shuffled	11265	11265
02522	02522	02522.jpg	08651.jpg	shuffled	08651	08651
02523	02523	02523.jpg	03475.jpg	shuffled	03475	03475
02524	02524	02524.jpg	01962.jpg	shuffled	01962	01962
02525	02525	02525.jpg	10908.jpg	shuffled	10908	10908
02526	02526	02526.jpg	03485.jpg	shuffled	03485	03485
02527	02527	02527.jpg	00891.jpg	shuffled	00891	00891
02528	02528	02528.jpg	17531.jpg	shuffled	17531	17531
02529	02529	02529.jpg	17693.jpg	shuffled	17693	17693
02530	02530	02530.jpg	08992.jpg	shuffled	08992	08992
02531	02531	02531.jpg	00726.jpg	shuffled	00726	00726
02532	02532	02532.jpg	04987.jpg	shuffled	04987	04987
02533	02533	02533.jpg	12592.jpg	shuffled	12592	12592
02534	02534	02534.jpg	04141.jpg	shuffled	04141	04141
02535	02535	02535.jpg	02538.jpg	shuffled	02538	02538
02536	02536	02536.jpg	06571.jpg	shuffled	06571	06571
02537	02537	02537.jpg	09756.jpg	shuffled	09756	09756
02538	02538	02538.jpg	16295.jpg	shuffled	16295	16295
02539	02539	02539.jpg	02667.jpg	shuffled	02667	02667
02540	02540	02540.jpg	00539.jpg	shuffled	00539	00539
02541	02541	02541.jpg	03588.jpg	shuffled	03588	03588
02542	02542	02542.jpg	14536.jpg	shuffled	14536	14536
02543	02543	02543.jpg	02425.jpg	shuffled	02425	02425
02544	02544	02544.jpg	01454.jpg	shuffled	01454	01454
02545	02545	02545.jpg	08811.jpg	shuffled	08811	08811
02546	02546	02546.jpg	06270.jpg	shuffled	06270	06270
02547	02547	02547.jpg	01707.jpg	shuffled	01707	01707
02548	02548	02548.jpg	13928.jpg	shuffled	13928	13928
02549	02549	02549.jpg	14574.jpg	shuffled	14574	14574
02550	02550	02550.jpg	01150.jpg	shuffled	01150	01150
02551	02551	02551.jpg	05233.jpg	shuffled	05233	05233
02552	02552	02552.jpg	17768.jpg	shuffled	17768	17768
02553	02553	02553.jpg	16877.jpg	shuffled	16877	16877
02554	02554	02554.jpg	17287.jpg	shuffled	17287	17287
02555	02555	02555.jpg	03371.jpg	shuffled	03371	03371
02556	02556	02556.jpg	15702.jpg	shuffled	15702	15702
02557	02557	02557.jpg	09878.jpg	shuffled	09878	09878
02558	02558	02558.jpg	01846.jpg	shuffled	01846	01846
02559	02559	02559.jpg	00330.jpg	shuffled	00330	00330
02560	02560	02560.jpg	14844.jpg	shuffled	14844	14844
02561	02561	02561.jpg	13093.jpg	shuffled	13093	13093
02562	02562	02562.jpg	10996.jpg	shuffled	10996	10996
02563	02563	02563.jpg	09913.jpg	shuffled	09913	09913
02564	02564	02564.jpg	07765.jpg	shuffled	07765	07765
02565	02565	02565.jpg	10406.jpg	shuffled	10406	10406
02566	02566	02566.jpg	09962.jpg	shuffled	09962	09962
02567	02567	02567.jpg	03025.jpg	shuffled	03025	03025
02568	02568	02568.jpg	08669.jpg	shuffled	08669	08669
02569	02569	02569.jpg	04497.jpg	shuffled	04497	04497
02570	02570	02570.jpg	02418.jpg	shuffled	02418	02418
02571	02571	02571.jpg	17094.jpg	shuffled	17094	17094
02572	02572	02572.jpg	02128.jpg	shuffled	02128	02128
02573	02573	02573.jpg	04752.jpg	shuffled	04752	04752
02574	02574	02574.jpg	03723.jpg	shuffled	03723	03723
02575	02575	02575.jpg	02682.jpg	shuffled	02682	02682
02576	02576	02576.jpg	02988.jpg	shuffled	02988	02988
02577	02577	02577.jpg	17199.jpg	shuffled	17199	17199
02578	02578	02578.jpg	02145.jpg	shuffled	02145	02145
02579	02579	02579.jpg	14883.jpg	shuffled	14883	14883
02580	02580	02580.jpg	04864.jpg	shuffled	04864	04864
02581	02581	02581.jpg	17303.jpg	shuffled	17303	17303
02582	02582	02582.jpg	16647.jpg	shuffled	16647	16647
02583	02583	02583.jpg	00133.jpg	shuffled	00133	00133
02584	02584	02584.jpg	15969.jpg	shuffled	15969	15969
02585	02585	02585.jpg	10162.jpg	shuffled	10162	10162
02586	02586	02586.jpg	04178.jpg	shuffled	04178	04178
02587	02587	02587.jpg	08520.jpg	shuffled	08520	08520
02588	02588	02588.jpg	09372.jpg	shuffled	09372	09372
02589	02589	02589.jpg	10831.jpg	shuffled	10831	10831
02590	02590	02590.jpg	12298.jpg	shuffled	12298	12298
02591	02591	02591.jpg	04454.jpg	shuffled	04454	04454
02592	02592	02592.jpg	07464.jpg	shuffled	07464	07464
02593	02593	02593.jpg	01159.jpg	shuffled	01159	01159
02594	02594	02594.jpg	12708.jpg	shuffled	12708	12708
02595	02595	02595.jpg	07376.jpg	shuffled	07376	07376
02596	02596	02596.jpg	03920.jpg	shuffled	03920	03920
02597	02597	02597.jpg	16176.jpg	shuffled	16176	16176
02598	02598	02598.jpg	08692.jpg	shuffled	08692	08692
02599	02599	02599.jpg	10254.jpg	shuffled	10254	10254
02600	02600	02600.jpg	04457.jpg	shuffled	04457	04457
02601	02601	02601.jpg	09711.jpg	shuffled	09711	09711
02602	02602	02602.jpg	09409.jpg	shuffled	09409	09409
02603	02603	02603.jpg	10146.jpg	shuffled	10146	10146
02604	02604	02604.jpg	15723.jpg	shuffled	15723	15723
02605	02605	02605.jpg	08314.jpg	shuffled	08314	08314
02606	02606	02606.jpg	06594.jpg	shuffled	06594	06594
02607	02607	02607.jpg	08345.jpg	shuffled	08345	08345
02608	02608	02608.jpg	00752.jpg	shuffled	00752	00752
02609	02609	02609.jpg	07188.jpg	shuffled	07188	07188
02610	02610	02610.jpg	07677.jpg	shuffled	07677	07677
02611	02611	02611.jpg	17913.jpg	shuffled	17913	17913
02612	02612	02612.jpg	15622.jpg	shuffled	15622	15622
02613	02613	02613.jpg	07575.jpg	shuffled	07575	07575
02614	02614	02614.jpg	14938.jpg	shuffled	14938	14938
02615	02615	02615.jpg	04850.jpg	shuffled	04850	04850
02616	02616	02616.jpg	16055.jpg	shuffled	16055	16055
02617	02617	02617.jpg	13998.jpg	shuffled	13998	13998
02618	02618	02618.jpg	01683.jpg	shuffled	01683	01683
02619	02619	02619.jpg	00125.jpg	shuffled	00125	00125
02620	02620	02620.jpg	14813.jpg	shuffled	14813	14813
02621	02621	02621.jpg	09400.jpg	shuffled	09400	09400
02622	02622	02622.jpg	11639.jpg	shuffled	11639	11639
02623	02623	02623.jpg	04526.jpg	shuffled	04526	04526
02624	02624	02624.jpg	06327.jpg	shuffled	06327	06327
02625	02625	02625.jpg	01125.jpg	shuffled	01125	01125
02626	02626	02626.jpg	15227.jpg	shuffled	15227	15227
02627	02627	02627.jpg	04801.jpg	shuffled	04801	04801
02628	02628	02628.jpg	14908.jpg	shuffled	14908	14908
02629	02629	02629.jpg	06550.jpg	shuffled	06550	06550
02630	02630	02630.jpg	08468.jpg	shuffled	08468	08468
02631	02631	02631.jpg	13386.jpg	shuffled	13386	13386
02632	02632	02632.jpg	11283.jpg	shuffled	11283	11283
02633	02633	02633.jpg	02496.jpg	shuffled	02496	02496
02634	02634	02634.jpg	12693.jpg	shuffled	12693	12693
02635	02635	02635.jpg	11401.jpg	shuffled	11401	11401
02636	02636	02636.jpg	06351.jpg	shuffled	06351	06351
02637	02637	02637.jpg	06993.jpg	shuffled	06993	06993
02638	02638	02638.jpg	08456.jpg	shuffled	08456	08456
02639	02639	02639.jpg	13794.jpg	shuffled	13794	13794
02640	02640	02640.jpg	08120.jpg	shuffled	08120	08120
02641	02641	02641.jpg	02385.jpg	shuffled	02385	02385
02642	02642	02642.jpg	13295.jpg	shuffled	13295	13295
02643	02643	02643.jpg	03014.jpg	shuffled	03014	03014
02644	02644	02644.jpg	17857.jpg	shuffled	17857	17857
02645	02645	02645.jpg	17765.jpg	shuffled	17765	17765
02646	02646	02646.jpg	16617.jpg	shuffled	16617	16617
02647	02647	02647.jpg	17498.jpg	shuffled	17498	17498
02648	02648	02648.jpg	05533.jpg	shuffled	05533	05533
02649	02649	02649.jpg	10055.jpg	shuffled	10055	10055
02650	02650	02650.jpg	12801.jpg	shuffled	12801	12801
02651	02651	02651.jpg	12405.jpg	shuffled	12405	12405
02652	02652	02652.jpg	15364.jpg	shuffled	15364	15364
02653	02653	02653.jpg	15938.jpg	shuffled	15938	15938
02654	02654	02654.jpg	09686.jpg	shuffled	09686	09686
02655	02655	02655.jpg	14027.jpg	shuffled	14027	14027
02656	02656	02656.jpg	16733.jpg	shuffled	16733	16733
02657	02657	02657.jpg	04347.jpg	shuffled	04347	04347
02658	02658	02658.jpg	08848.jpg	shuffled	08848	08848
02659	02659	02659.jpg	17210.jpg	shuffled	17210	17210
02660	02660	02660.jpg	06667.jpg	shuffled	06667	06667
02661	02661	02661.jpg	11379.jpg	shuffled	11379	11379
02662	02662	02662.jpg	16029.jpg	shuffled	16029	16029
02663	02663	02663.jpg	14632.jpg	shuffled	14632	14632
02664	02664	02664.jpg	05139.jpg	shuffled	05139	05139
02665	02665	02665.jpg	01382.jpg	shuffled	01382	01382
02666	02666	02666.jpg	16427.jpg	shuffled	16427	16427
02667	02667	02667.jpg	12883.jpg	shuffled	12883	12883
02668	02668	02668.jpg	15453.jpg	shuffled	15453	15453
02669	02669	02669.jpg	13573.jpg	shuffled	13573	13573
02670	02670	02670.jpg	02199.jpg	shuffled	02199	02199
02671	02671	02671.jpg	14960.jpg	shuffled	14960	14960
02672	02672	02672.jpg	00473.jpg	shuffled	00473	00473
02673	02673	02673.jpg	16802.jpg	shuffled	16802	16802
02674	02674	02674.jpg	11211.jpg	shuffled	11211	11211
02675	02675	02675.jpg	08772.jpg	shuffled	08772	08772
02676	02676	02676.jpg	01553.jpg	shuffled	01553	01553
02677	02677	02677.jpg	06596.jpg	shuffled	06596	06596
02678	02678	02678.jpg	17130.jpg	shuffled	17130	17130
02679	02679	02679.jpg	01899.jpg	shuffled	01899	01899
02680	02680	02680.jpg	15881.jpg	shuffled	15881	15881
02681	02681	02681.jpg	14244.jpg	shuffled	14244	14244
02682	02682	02682.jpg	12750.jpg	shuffled	12750	12750
02683	02683	02683.jpg	15499.jpg	shuffled	15499	15499
02684	02684	02684.jpg	09480.jpg	shuffled	09480	09480
02685	02685	02685.jpg	07028.jpg	shuffled	07028	07028
02686	02686	02686.jpg	06649.jpg	shuffled	06649	06649
02687	02687	02687.jpg	17003.jpg	shuffled	17003	17003
02688	02688	02688.jpg	01583.jpg	shuffled	01583	01583
02689	02689	02689.jpg	15328.jpg	shuffled	15328	15328
02690	02690	02690.jpg	13373.jpg	shuffled	13373	13373
02691	02691	02691.jpg	09450.jpg	shuffled	09450	09450
02692	02692	02692.jpg	03732.jpg	shuffled	03732	03732
02693	02693	02693.jpg	16135.jpg	shuffled	16135	16135
02694	02694	02694.jpg	16526.jpg	shuffled	16526	16526
02695	02695	02695.jpg	13254.jpg	shuffled	13254	13254
02696	02696	02696.jpg	04365.jpg	shuffled	04365	04365
02697	02697	02697.jpg	15218.jpg	shuffled	15218	15218
02698	02698	02698.jpg	12087.jpg	shuffled	12087	12087
02699	02699	02699.jpg	12165.jpg	shuffled	12165	12165
02700	02700	02700.jpg	01280.jpg	shuffled	01280	01280
02701	02701	02701.jpg	07182.jpg	shuffled	07182	07182
02702	02702	02702.jpg	05630.jpg	shuffled	05630	05630
02703	02703	02703.jpg	14807.jpg	shuffled	14807	14807
02704	02704	02704.jpg	13189.jpg	shuffled	13189	13189
02705	02705	02705.jpg	01267.jpg	shuffled	01267	01267
02706	02706	02706.jpg	01712.jpg	shuffled	01712	01712
02707	02707	02707.jpg	02525.jpg	shuffled	02525	02525
02708	02708	02708.jpg	14871.jpg	shuffled	14871	14871
02709	02709	02709.jpg	05996.jpg	shuffled	05996	05996
02710	02710	02710.jpg	08998.jpg	shuffled	08998	08998
02711	02711	02711.jpg	08071.jpg	shuffled	08071	08071
02712	02712	02712.jpg	01987.jpg	shuffled	01987	01987
02713	02713	02713.jpg	11906.jpg	shuffled	11906	11906
02714	02714	02714.jpg	03058.jpg	shuffled	03058	03058
02715	02715	02715.jpg	00820.jpg	shuffled	00820	00820
02716	02716	02716.jpg	06000.jpg	shuffled	06000	06000
02717	02717	02717.jpg	13390.jpg	shuffled	13390	13390
02718	02718	02718.jpg	04660.jpg	shuffled	04660	04660
02719	02719	02719.jpg	11548.jpg	shuffled	11548	11548
02720	02720	02720.jpg	10912.jpg	shuffled	10912	10912
02721	02721	02721.jpg	13258.jpg	shuffled	13258	13258
02722	02722	02722.jpg	17364.jpg	shuffled	17364	17364
02723	02723	02723.jpg	03805.jpg	shuffled	03805	03805
02724	02724	02724.jpg	17614.jpg	shuffled	17614	17614
02725	02725	02725.jpg	17600.jpg	shuffled	17600	17600
02726	02726	02726.jpg	09396.jpg	shuffled	09396	09396
02727	02727	02727.jpg	02649.jpg	shuffled	02649	02649
02728	02728	02728.jpg	01252.jpg	shuffled	01252	01252
02729	02729	02729.jpg	04274.jpg	shuffled	04274	04274
02730	02730	02730.jpg	14375.jpg	shuffled	14375	14375
02731	02731	02731.jpg	02949.jpg	shuffled	02949	02949
02732	02732	02732.jpg	09483.jpg	shuffled	09483	09483
02733	02733	02733.jpg	03003.jpg	shuffled	03003	03003
02734	02734	02734.jpg	05589.jpg	shuffled	05589	05589
02735	02735	02735.jpg	10331.jpg	shuffled	10331	10331
02736	02736	02736.jpg	07058.jpg	shuffled	07058	07058
02737	02737	02737.jpg	15422.jpg	shuffled	15422	15422
02738	02738	02738.jpg	15903.jpg	shuffled	15903	15903
02739	02739	02739.jpg	00020.jpg	shuffled	00020	00020
02740	02740	02740.jpg	08822.jpg	shuffled	08822	08822
02741	02741	02741.jpg	11972.jpg	shuffled	11972	11972
02742	02742	02742.jpg	12831.jpg	shuffled	12831	12831
02743	02743	02743.jpg	04670.jpg	shuffled	04670	04670
02744	02744	02744.jpg	02652.jpg	shuffled	02652	02652
02745	02745	02745.jpg	07935.jpg	shuffled	07935	07935
02746	02746	02746.jpg	00969.jpg	shuffled	00969	00969
02747	02747	02747.jpg	01238.jpg	shuffled	01238	01238
02748	02748	02748.jpg	17232.jpg	shuffled	17232	17232
02749	02749	02749.jpg	02448.jpg	shuffled	02448	02448
02750	02750	02750.jpg	03793.jpg	shuffled	03793	03793
02751	02751	02751.jpg	17987.jpg	shuffled	17987	17987
02752	02752	02752.jpg	17954.jpg	shuffled	17954	17954
02753	02753	02753.jpg	02879.jpg	shuffled	02879	02879
02754	02754	02754.jpg	11122.jpg	shuffled	11122	11122
02755	02755	02755.jpg	01868.jpg	shuffled	01868	01868
02756	02756	02756.jpg	17778.jpg	shuffled	17778	17778
02757	02757	02757.jpg	09272.jpg	shuffled	09272	09272
02758	02758	02758.jpg	12018.jpg	shuffled	12018	12018
02759	02759	02759.jpg	07282.jpg	shuffled	07282	07282
02760	02760	02760.jpg	12805.jpg	shuffled	12805	12805
02761	02761	02761.jpg	08890.jpg	shuffled	08890	08890
02762	02762	02762.jpg	15280.jpg	shuffled	15280	15280
02763	02763	02763.jpg	17333.jpg	shuffled	17333	17333
02764	02764	02764.jpg	01026.jpg	shuffled	01026	01026
02765	02765	02765.jpg	15785.jpg	shuffled	15785	15785
02766	02766	02766.jpg	08163.jpg	shuffled	08163	08163
02767	02767	02767.jpg	06498.jpg	shuffled	06498	06498
02768	02768	02768.jpg	05994.jpg	shuffled	05994	05994
02769	02769	02769.jpg	05226.jpg	shuffled	05226	05226
02770	02770	02770.jpg	11977.jpg	shuffled	11977	11977
02771	02771	02771.jpg	08809.jpg	shuffled	08809	08809
02772	02772	02772.jpg	08353.jpg	shuffled	08353	08353
02773	02773	02773.jpg	09143.jpg	shuffled	09143	09143
02774	02774	02774.jpg	14071.jpg	shuffled	14071	14071
02775	02775	02775.jpg	07831.jpg	shuffled	07831	07831
02776	02776	02776.jpg	03297.jpg	shuffled	03297	03297
02777	02777	02777.jpg	10319.jpg	shuffled	10319	10319
02778	02778	02778.jpg	13908.jpg	shuffled	13908	13908
02779	02779	02779.jpg	04281.jpg	shuffled	04281	04281
02780	02780	02780.jpg	02605.jpg	shuffled	02605	02605
02781	02781	02781.jpg	06166.jpg	shuffled	06166	06166
02782	02782	02782.jpg	05643.jpg	shuffled	05643	05643
02783	02783	02783.jpg	02157.jpg	shuffled	02157	02157
02784	02784	02784.jpg	03196.jpg	shuffled	03196	03196
02785	02785	02785.jpg	03330.jpg	shuffled	03330	03330
02786	02786	02786.jpg	07110.jpg	shuffled	07110	07110
02787	02787	02787.jpg	07750.jpg	shuffled	07750	07750
02788	02788	02788.jpg	08919.jpg	shuffled	08919	08919
02789	02789	02789.jpg	15642.jpg	shuffled	15642	15642
02790	02790	02790.jpg	08875.jpg	shuffled	08875	08875
02791	02791	02791.jpg	10405.jpg	shuffled	10405	10405
02792	02792	02792.jpg	11918.jpg	shuffled	11918	11918
02793	02793	02793.jpg	01502.jpg	shuffled	01502	01502
02794	02794	02794.jpg	02056.jpg	shuffled	02056	02056
02795	02795	02795.jpg	10459.jpg	shuffled	10459	10459
02796	02796	02796.jpg	03118.jpg	shuffled	03118	03118
02797	02797	02797.jpg	15905.jpg	shuffled	15905	15905
02798	02798	02798.jpg	11737.jpg	shuffled	11737	11737
02799	02799	02799.jpg	14955.jpg	shuffled	14955	14955
02800	02800	02800.jpg	06114.jpg	shuffled	06114	06114
02801	02801	02801.jpg	15207.jpg	shuffled	15207	15207
02802	02802	02802.jpg	16653.jpg	shuffled	16653	16653
02803	02803	02803.jpg	00410.jpg	shuffled	00410	00410
02804	02804	02804.jpg	00084.jpg	shuffled	00084	00084
02805	02805	02805.jpg	11555.jpg	shuffled	11555	11555
02806	02806	02806.jpg	14931.jpg	shuffled	14931	14931
02807	02807	02807.jpg	05343.jpg	shuffled	05343	05343
02808	02808	02808.jpg	04426.jpg	shuffled	04426	04426
02809	02809	02809.jpg	00153.jpg	shuffled	00153	00153
02810	02810	02810.jpg	16080.jpg	shuffled	16080	16080
02811	02811	02811.jpg	14285.jpg	shuffled	14285	14285
02812	02812	02812.jpg	17619.jpg	shuffled	17619	17619
02813	02813	02813.jpg	17367.jpg	shuffled	17367	17367
02814	02814	02814.jpg	08239.jpg	shuffled	08239	08239
02815	02815	02815.jpg	03648.jpg	shuffled	03648	03648
02816	02816	02816.jpg	16921.jpg	shuffled	16921	16921
02817	02817	02817.jpg	04701.jpg	shuffled	04701	04701
02818	02818	02818.jpg	14940.jpg	shuffled	14940	14940
02819	02819	02819.jpg	07533.jpg	shuffled	07533	07533
02820	02820	02820.jpg	10151.jpg	shuffled	10151	10151
02821	02821	02821.jpg	00010.jpg	shuffled	00010	00010
02822	02822	02822.jpg	17042.jpg	shuffled	17042	17042
02823	02823	02823.jpg	16886.jpg	shuffled	16886	16886
02824	02824	02824.jpg	15295.jpg	shuffled	15295	15295
02825	02825	02825.jpg	14111.jpg	shuffled	14111	14111
02826	02826	02826.jpg	11381.jpg	shuffled	11381	11381
02827	02827	02827.jpg	13473.jpg	shuffled	13473	13473
02828	02828	02828.jpg	02094.jpg	shuffled	02094	02094
02829	02829	02829.jpg	05037.jpg	shuffled	05037	05037
02830	02830	02830.jpg	13701.jpg	shuffled	13701	13701
02831	02831	02831.jpg	16040.jpg	shuffled	16040	16040
02832	02832	02832.jpg	10619.jpg	shuffled	10619	10619
02833	02833	02833.jpg	10122.jpg	shuffled	10122	10122
02834	02834	02834.jpg	00678.jpg	shuffled	00678	00678
02835	02835	02835.jpg	02563.jpg	shuffled	02563	02563
02836	02836	02836.jpg	03288.jpg	shuffled	03288	03288
02837	02837	02837.jpg	15337.jpg	shuffled	15337	15337
02838	02838	02838.jpg	07848.jpg	shuffled	07848	07848
02839	02839	02839.jpg	01544.jpg	shuffled	01544	01544
02840	02840	02840.jpg	07018.jpg	shuffled	07018	07018
02841	02841	02841.jpg	11888.jpg	shuffled	11888	11888
02842	02842	02842.jpg	08863.jpg	shuffled	08863	08863
02843	02843	02843.jpg	01269.jpg	shuffled	01269	01269
02844	02844	02844.jpg	04550.jpg	shuffled	04550	04550
02845	02845	02845.jpg	09735.jpg	shuffled	09735	09735
02846	02846	02846.jpg	03955.jpg	shuffled	03955	03955
02847	02847	02847.jpg	14132.jpg	shuffled	14132	14132
02848	02848	02848.jpg	12997.jpg	shuffled	12997	12997
02849	02849	02849.jpg	13486.jpg	shuffled	13486	13486
02850	02850	02850.jpg	00538.jpg	shuffled	00538	00538
02851	02851	02851.jpg	13823.jpg	shuffled	13823	13823
02852	02852	02852.jpg	12476.jpg	shuffled	12476	12476
02853	02853	02853.jpg	08983.jpg	shuffled	08983	08983
02854	02854	02854.jpg	02719.jpg	shuffled	02719	02719
02855	02855	02855.jpg	01979.jpg	shuffled	01979	01979
02856	02856	02856.jpg	11413.jpg	shuffled	11413	11413
02857	02857	02857.jpg	08799.jpg	shuffled	08799	08799
02858	02858	02858.jpg	09217.jpg	shuffled	09217	09217
02859	02859	02859.jpg	03544.jpg	shuffled	03544	03544
02860	02860	02860.jpg	08135.jpg	shuffled	08135	08135
02861	02861	02861.jpg	02404.jpg	shuffled	02404	02404
02862	02862	02862.jpg	14268.jpg	shuffled	14268	14268
02863	02863	02863.jpg	17165.jpg	shuffled	17165	17165
02864	02864	02864.jpg	09964.jpg	shuffled	09964	09964
02865	02865	02865.jpg	13120.jpg	shuffled	13120	13120
02866	02866	02866.jpg	17727.jpg	shuffled	17727	17727
02867	02867	02867.jpg	14736.jpg	shuffled	14736	14736
02868	02868	02868.jpg	09383.jpg	shuffled	09383	09383
02869	02869	02869.jpg	16774.jpg	shuffled	16774	16774
02870	02870	02870.jpg	10558.jpg	shuffled	10558	10558
02871	02871	02871.jpg	15058.jpg	shuffled	15058	15058
02872	02872	02872.jpg	06045.jpg	shuffled	06045	06045
02873	02873	02873.jpg	15940.jpg	shuffled	15940	15940
02874	02874	02874.jpg	06856.jpg	shuffled	06856	06856
02875	02875	02875.jpg	11910.jpg	shuffled	11910	11910
02876	02876	02876.jpg	01722.jpg	shuffled	01722	01722
02877	02877	02877.jpg	12577.jpg	shuffled	12577	12577
02878	02878	02878.jpg	04549.jpg	shuffled	04549	04549
02879	02879	02879.jpg	06816.jpg	shuffled	06816	06816
02880	02880	02880.jpg	12491.jpg	shuffled	12491	12491
02881	02881	02881.jpg	02857.jpg	shuffled	02857	02857
02882	02882	02882.jpg	10318.jpg	shuffled	10318	10318
02883	02883	02883.jpg	06261.jpg	shuffled	06261	06261
02884	02884	02884.jpg	14548.jpg	shuffled	14548	14548
02885	02885	02885.jpg	04232.jpg	shuffled	04232	04232
02886	02886	02886.jpg	13096.jpg	shuffled	13096	13096
02887	02887	02887.jpg	16985.jpg	shuffled	16985	16985
02888	02888	02888.jpg	10798.jpg	shuffled	10798	10798
02889	02889	02889.jpg	07896.jpg	shuffled	07896	07896
02890	02890	02890.jpg	13381.jpg	shuffled	13381	13381
02891	02891	02891.jpg	06222.jpg	shuffled	06222	06222
02892	02892	02892.jpg	12961.jpg	shuffled	12961	12961
02893	02893	02893.jpg	12307.jpg	shuffled	12307	12307
02894	02894	02894.jpg	04462.jpg	shuffled	04462	04462
02895	02895	02895.jpg	00761.jpg	shuffled	00761	00761
02896	02896	02896.jpg	01361.jpg	shuffled	01361	01361
02897	02897	02897.jpg	03170.jpg	shuffled	03170	03170
02898	02898	02898.jpg	08257.jpg	shuffled	08257	08257
02899	02899	02899.jpg	12933.jpg	shuffled	12933	12933
02900	02900	02900.jpg	08237.jpg	shuffled	08237	08237
02901	02901	02901.jpg	17810.jpg	shuffled	17810	17810
02902	02902	02902.jpg	00683.jpg	shuffled	00683	00683
02903	02903	02903.jpg	03427.jpg	shuffled	03427	03427
02904	02904	02904.jpg	13658.jpg	shuffled	13658	13658
02905	02905	02905.jpg	06797.jpg	shuffled	06797	06797
02906	02906	02906.jpg	01694.jpg	shuffled	01694	01694
02907	02907	02907.jpg	14681.jpg	shuffled	14681	14681
02908	02908	02908.jpg	02731.jpg	shuffled	02731	02731
02909	02909	02909.jpg	04755.jpg	shuffled	04755	04755
02910	02910	02910.jpg	10485.jpg	shuffled	10485	10485
02911	02911	02911.jpg	16169.jpg	shuffled	16169	16169
02912	02912	02912.jpg	01467.jpg	shuffled	01467	01467
02913	02913	02913.jpg	12257.jpg	shuffled	12257	12257
02914	02914	02914.jpg	02341.jpg	shuffled	02341	02341
02915	02915	02915.jpg	08595.jpg	shuffled	08595	08595
02916	02916	02916.jpg	02816.jpg	shuffled	02816	02816
02917	02917	02917.jpg	06152.jpg	shuffled	06152	06152
02918	02918	02918.jpg	10702.jpg	shuffled	10702	10702
02919	02919	02919.jpg	13561.jpg	shuffled	13561	13561
02920	02920	02920.jpg	02531.jpg	shuffled	02531	02531
02921	02921	02921.jpg	12113.jpg	shuffled	12113	12113
02922	02922	02922.jpg	06989.jpg	shuffled	06989	06989
02923	02923	02923.jpg	12385.jpg	shuffled	12385	12385
02924	02924	02924.jpg	06187.jpg	shuffled	06187	06187
02925	02925	02925.jpg	16289.jpg	shuffled	16289	16289
02926	02926	02926.jpg	10634.jpg	shuffled	10634	10634
02927	02927	02927.jpg	09538.jpg	shuffled	09538	09538
02928	02928	02928.jpg	03304.jpg	shuffled	03304	03304
02929	02929	02929.jpg	08321.jpg	shuffled	08321	08321
02930	02930	02930.jpg	01139.jpg	shuffled	01139	01139
02931	02931	02931.jpg	11023.jpg	shuffled	11023	11023
02932	02932	02932.jpg	07336.jpg	shuffled	07336	07336
02933	02933	02933.jpg	07232.jpg	shuffled	07232	07232
02934	02934	02934.jpg	08975.jpg	shuffled	08975	08975
02935	02935	02935.jpg	16848.jpg	shuffled	16848	16848
02936	02936	02936.jpg	02799.jpg	shuffled	02799	02799
02937	02937	02937.jpg	13618.jpg	shuffled	13618	13618
02938	02938	02938.jpg	12437.jpg	shuffled	12437	12437
02939	02939	02939.jpg	09258.jpg	shuffled	09258	09258
02940	02940	02940.jpg	06933.jpg	shuffled	06933	06933
02941	02941	02941.jpg	00355.jpg	shuffled	00355	00355
02942	02942	02942.jpg	12154.jpg	shuffled	12154	12154
02943	02943	02943.jpg	13229.jpg	shuffled	13229	13229
02944	02944	02944.jpg	06119.jpg	shuffled	06119	06119
02945	02945	02945.jpg	07151.jpg	shuffled	07151	07151
02946	02946	02946.jpg	12454.jpg	shuffled	12454	12454
02947	02947	02947.jpg	17004.jpg	shuffled	17004	17004
02948	02948	02948.jpg	04572.jpg	shuffled	04572	04572
02949	02949	02949.jpg	08284.jpg	shuffled	08284	08284
02950	02950	02950.jpg	07496.jpg	shuffled	07496	07496
02951	02951	02951.jpg	17344.jpg	shuffled	17344	17344
02952	02952	02952.jpg	13719.jpg	shuffled	13719	13719
02953	02953	02953.jpg	16775.jpg	shuffled	16775	16775
02954	02954	02954.jpg	16955.jpg	shuffled	16955	16955
02955	02955	02955.jpg	16789.jpg	shuffled	16789	16789
02956	02956	02956.jpg	04088.jpg	shuffled	04088	04088
02957	02957	02957.jpg	15595.jpg	shuffled	15595	15595
02958	02958	02958.jpg	11341.jpg	shuffled	11341	11341
02959	02959	02959.jpg	11797.jpg	shuffled	11797	11797
02960	02960	02960.jpg	03881.jpg	shuffled	03881	03881
02961	02961	02961.jpg	11324.jpg	shuffled	11324	11324
02962	02962	02962.jpg	09567.jpg	shuffled	09567	09567
02963	02963	02963.jpg	03961.jpg	shuffled	03961	03961
02964	02964	02964.jpg	15178.jpg	shuffled	15178	15178
02965	02965	02965.jpg	15519.jpg	shuffled	15519	15519
02966	02966	02966.jpg	16367.jpg	shuffled	16367	16367
02967	02967	02967.jpg	10701.jpg	shuffled	10701	10701
02968	02968	02968.jpg	01327.jpg	shuffled	01327	01327
02969	02969	02969.jpg	13629.jpg	shuffled	13629	13629
02970	02970	02970.jpg	16483.jpg	shuffled	16483	16483
02971	02971	02971.jpg	14359.jpg	shuffled	14359	14359
02972	02972	02972.jpg	14615.jpg	shuffled	14615	14615
02973	02973	02973.jpg	05647.jpg	shuffled	05647	05647
02974	02974	02974.jpg	16339.jpg	shuffled	16339	16339
02975	02975	02975.jpg	06512.jpg	shuffled	06512	06512
02976	02976	02976.jpg	05637.jpg	shuffled	05637	05637
02977	02977	02977.jpg	17938.jpg	shuffled	17938	17938
02978	02978	02978.jpg	10080.jpg	shuffled	10080	10080
02979	02979	02979.jpg	17313.jpg	shuffled	17313	17313
02980	02980	02980.jpg	15498.jpg	shuffled	15498	15498
02981	02981	02981.jpg	17217.jpg	shuffled	17217	17217
02982	02982	02982.jpg	07399.jpg	shuffled	07399	07399
02983	02983	02983.jpg	17538.jpg	shuffled	17538	17538
02984	02984	02984.jpg	14162.jpg	shuffled	14162	14162
02985	02985	02985.jpg	04166.jpg	shuffled	04166	04166
02986	02986	02986.jpg	16069.jpg	shuffled	16069	16069
02987	02987	02987.jpg	15059.jpg	shuffled	15059	15059
02988	02988	02988.jpg	15350.jpg	shuffled	15350	15350
02989	02989	02989.jpg	08152.jpg	shuffled	08152	08152
02990	02990	02990.jpg	10312.jpg	shuffled	10312	10312
02991	02991	02991.jpg	12328.jpg	shuffled	12328	12328
02992	02992	02992.jpg	09840.jpg	shuffled	09840	09840
02993	02993	02993.jpg	09200.jpg	shuffled	09200	09200
02994	02994	02994.jpg	08385.jpg	shuffled	08385	08385
02995	02995	02995.jpg	02197.jpg	shuffled	02197	02197
02996	02996	02996.jpg	04202.jpg	shuffled	04202	04202
02997	02997	02997.jpg	14362.jpg	shuffled	14362	14362
02998	02998	02998.jpg	09115.jpg	shuffled	09115	09115
02999	02999	02999.jpg	00025.jpg	shuffled	00025	00025
03000	03000	03000.jpg	13574.jpg	shuffled	13574	13574
03001	03001	03001.jpg	13577.jpg	shuffled	13577	13577
03002	03002	03002.jpg	10499.jpg	shuffled	10499	10499
03003	03003	03003.jpg	09616.jpg	shuffled	09616	09616
03004	03004	03004.jpg	05969.jpg	shuffled	05969	05969
03005	03005	03005.jpg	16528.jpg	shuffled	16528	16528
03006	03006	03006.jpg	04251.jpg	shuffled	04251	04251
03007	03007	03007.jpg	17488.jpg	shuffled	17488	17488
03008	03008	03008.jpg	07474.jpg	shuffled	07474	07474
03009	03009	03009.jpg	08530.jpg	shuffled	08530	08530
03010	03010	03010.jpg	06941.jpg	shuffled	06941	06941
03011	03011	03011.jpg	03549.jpg	shuffled	03549	03549
03012	03012	03012.jpg	08034.jpg	shuffled	08034	08034
03013	03013	03013.jpg	02742.jpg	shuffled	02742	02742
03014	03014	03014.jpg	16630.jpg	shuffled	16630	16630
03015	03015	03015.jpg	13949.jpg	shuffled	13949	13949
03016	03016	03016.jpg	03780.jpg	shuffled	03780	03780
03017	03017	03017.jpg	13154.jpg	shuffled	13154	13154
03018	03018	03018.jpg	04891.jpg	shuffled	04891	04891
03019	03019	03019.jpg	00921.jpg	shuffled	00921	00921
03020	03020	03020.jpg	01514.jpg	shuffled	01514	01514
03021	03021	03021.jpg	16267.jpg	shuffled	16267	16267
03022	03022	03022.jpg	05397.jpg	shuffled	05397	05397
03023	03023	03023.jpg	10185.jpg	shuffled	10185	10185
03024	03024	03024.jpg	03019.jpg	shuffled	03019	03019
03025	03025	03025.jpg	13634.jpg	shuffled	13634	13634
03026	03026	03026.jpg	11877.jpg	shuffled	11877	11877
03027	03027	03027.jpg	07176.jpg	shuffled	07176	07176
03028	03028	03028.jpg	06135.jpg	shuffled	06135	06135
03029	03029	03029.jpg	02906.jpg	shuffled	02906	02906
03030	03030	03030.jpg	12685.jpg	shuffled	12685	12685
03031	03031	03031.jpg	03791.jpg	shuffled	03791	03791
03032	03032	03032.jpg	17245.jpg	shuffled	17245	17245
03033	03033	03033.jpg	15686.jpg	shuffled	15686	15686
03034	03034	03034.jpg	08862.jpg	shuffled	08862	08862
03035	03035	03035.jpg	05618.jpg	shuffled	05618	05618
03036	03036	03036.jpg	11252.jpg	shuffled	11252	11252
03037	03037	03037.jpg	15553.jpg	shuffled	15553	15553
03038	03038	03038.jpg	08271.jpg	shuffled	08271	08271
03039	03039	03039.jpg	14439.jpg	shuffled	14439	14439
03040	03040	03040.jpg	15085.jpg	shuffled	15085	15085
03041	03041	03041.jpg	05664.jpg	shuffled	05664	05664
03042	03042	03042.jpg	00868.jpg	shuffled	00868	00868
03043	03043	03043.jpg	04606.jpg	shuffled	04606	04606
03044	03044	03044.jpg	15512.jpg	shuffled	15512	15512
03045	03045	03045.jpg	01035.jpg	shuffled	01035	01035
03046	03046	03046.jpg	11651.jpg	shuffled	11651	11651
03047	03047	03047.jpg	14725.jpg	shuffled	14725	14725
03048	03048	03048.jpg	05137.jpg	shuffled	05137	05137
03049	03049	03049.jpg	09105.jpg	shuffled	09105	09105
03050	03050	03050.jpg	02622.jpg	shuffled	02622	02622
03051	03051	03051.jpg	14902.jpg	shuffled	14902	14902
03052	03052	03052.jpg	03420.jpg	shuffled	03420	03420
03053	03053	03053.jpg	13415.jpg	shuffled	13415	13415
03054	03054	03054.jpg	17407.jpg	shuffled	17407	17407
03055	03055	03055.jpg	16118.jpg	shuffled	16118	16118
03056	03056	03056.jpg	01540.jpg	shuffled	01540	01540
03057	03057	03057.jpg	03517.jpg	shuffled	03517	03517
03058	03058	03058.jpg	10856.jpg	shuffled	10856	10856
03059	03059	03059.jpg	00068.jpg	shuffled	00068	00068
03060	03060	03060.jpg	16575.jpg	shuffled	16575	16575
03061	03061	03061.jpg	07660.jpg	shuffled	07660	07660
03062	03062	03062.jpg	07272.jpg	shuffled	07272	07272
03063	03063	03063.jpg	01913.jpg	shuffled	01913	01913
03064	03064	03064.jpg	05995.jpg	shuffled	05995	05995
03065	03065	03065.jpg	12116.jpg	shuffled	12116	12116
03066	03066	03066.jpg	15035.jpg	shuffled	15035	15035
03067	03067	03067.jpg	11219.jpg	shuffled	11219	11219
03068	03068	03068.jpg	10016.jpg	shuffled	10016	10016
03069	03069	03069.jpg	17397.jpg	shuffled	17397	17397
03070	03070	03070.jpg	04087.jpg	shuffled	04087	04087
03071	03071	03071.jpg	14367.jpg	shuffled	14367	14367
03072	03072	03072.jpg	01354.jpg	shuffled	01354	01354
03073	03073	03073.jpg	05461.jpg	shuffled	05461	05461
03074	03074	03074.jpg	14800.jpg	shuffled	14800	14800
03075	03075	03075.jpg	00797.jpg	shuffled	00797	00797
03076	03076	03076.jpg	17014.jpg	shuffled	17014	17014
03077	03077	03077.jpg	14156.jpg	shuffled	14156	14156
03078	03078	03078.jpg	01106.jpg	shuffled	01106	01106
03079	03079	03079.jpg	15290.jpg	shuffled	15290	15290
03080	03080	03080.jpg	00471.jpg	shuffled	00471	00471
03081	03081	03081.jpg	03320.jpg	shuffled	03320	03320
03082	03082	03082.jpg	14350.jpg	shuffled	14350	14350
03083	03083	03083.jpg	03110.jpg	shuffled	03110	03110
03084	03084	03084.jpg	13633.jpg	shuffled	13633	13633
03085	03085	03085.jpg	07147.jpg	shuffled	07147	07147
03086	03086	03086.jpg	03443.jpg	shuffled	03443	03443
03087	03087	03087.jpg	12856.jpg	shuffled	12856	12856
03088	03088	03088.jpg	11447.jpg	shuffled	11447	11447
03089	03089	03089.jpg	01831.jpg	shuffled	01831	01831
03090	03090	03090.jpg	00121.jpg	shuffled	00121	00121
03091	03091	03091.jpg	00782.jpg	shuffled	00782	00782
03092	03092	03092.jpg	07782.jpg	shuffled	07782	07782
03093	03093	03093.jpg	08131.jpg	shuffled	08131	08131
03094	03094	03094.jpg	07347.jpg	shuffled	07347	07347
03095	03095	03095.jpg	05181.jpg	shuffled	05181	05181
03096	03096	03096.jpg	12024.jpg	shuffled	12024	12024
03097	03097	03097.jpg	06069.jpg	shuffled	06069	06069
03098	03098	03098.jpg	03548.jpg	shuffled	03548	03548
03099	03099	03099.jpg	12718.jpg	shuffled	12718	12718
03100	03100	03100.jpg	02603.jpg	shuffled	02603	02603
03101	03101	03101.jpg	00169.jpg	shuffled	00169	00169
03102	03102	03102.jpg	05729.jpg	shuffled	05729	05729
03103	03103	03103.jpg	00878.jpg	shuffled	00878	00878
03104	03104	03104.jpg	15525.jpg	shuffled	15525	15525
03105	03105	03105.jpg	12752.jpg	shuffled	12752	12752
03106	03106	03106.jpg	17256.jpg	shuffled	17256	17256
03107	03107	03107.jpg	15664.jpg	shuffled	15664	15664
03108	03108	03108.jpg	02720.jpg	shuffled	02720	02720
03109	03109	03109.jpg	07005.jpg	shuffled	07005	07005
03110	03110	03110.jpg	15982.jpg	shuffled	15982	15982
03111	03111	03111.jpg	10141.jpg	shuffled	10141	10141
03112	03112	03112.jpg	02137.jpg	shuffled	02137	02137
03113	03113	03113.jpg	02625.jpg	shuffled	02625	02625
03114	03114	03114.jpg	11624.jpg	shuffled	11624	11624
03115	03115	03115.jpg	09109.jpg	shuffled	09109	09109
03116	03116	03116.jpg	11707.jpg	shuffled	11707	11707
03117	03117	03117.jpg	09064.jpg	shuffled	09064	09064
03118	03118	03118.jpg	14742.jpg	shuffled	14742	14742
03119	03119	03119.jpg	12683.jpg	shuffled	12683	12683
03120	03120	03120.jpg	11374.jpg	shuffled	11374	11374
03121	03121	03121.jpg	15374.jpg	shuffled	15374	15374
03122	03122	03122.jpg	14358.jpg	shuffled	14358	14358
03123	03123	03123.jpg	16785.jpg	shuffled	16785	16785
03124	03124	03124.jpg	10586.jpg	shuffled	10586	10586
03125	03125	03125.jpg	09898.jpg	shuffled	09898	09898
03126	03126	03126.jpg	15886.jpg	shuffled	15886	15886
03127	03127	03127.jpg	05241.jpg	shuffled	05241	05241
03128	03128	03128.jpg	08099.jpg	shuffled	08099	08099
03129	03129	03129.jpg	06765.jpg	shuffled	06765	06765
03130	03130	03130.jpg	11965.jpg	shuffled	11965	11965
03131	03131	03131.jpg	01626.jpg	shuffled	01626	01626
03132	03132	03132.jpg	07296.jpg	shuffled	07296	07296
03133	03133	03133.jpg	04733.jpg	shuffled	04733	04733
03134	03134	03134.jpg	10334.jpg	shuffled	10334	10334
03135	03135	03135.jpg	11696.jpg	shuffled	11696	11696
03136	03136	03136.jpg	12657.jpg	shuffled	12657	12657
03137	03137	03137.jpg	12885.jpg	shuffled	12885	12885
03138	03138	03138.jpg	02690.jpg	shuffled	02690	02690
03139	03139	03139.jpg	10639.jpg	shuffled	10639	10639
03140	03140	03140.jpg	01693.jpg	shuffled	01693	01693
03141	03141	03141.jpg	06793.jpg	shuffled	06793	06793
03142	03142	03142.jpg	03017.jpg	shuffled	03017	03017
03143	03143	03143.jpg	12715.jpg	shuffled	12715	12715
03144	03144	03144.jpg	16064.jpg	shuffled	16064	16064
03145	03145	03145.jpg	14662.jpg	shuffled	14662	14662
03146	03146	03146.jpg	05468.jpg	shuffled	05468	05468
03147	03147	03147.jpg	08716.jpg	shuffled	08716	08716
03148	03148	03148.jpg	08109.jpg	shuffled	08109	08109
03149	03149	03149.jpg	04319.jpg	shuffled	04319	04319
03150	03150	03150.jpg	06167.jpg	shuffled	06167	06167
03151	03151	03151.jpg	05883.jpg	shuffled	05883	05883
03152	03152	03152.jpg	03497.jpg	shuffled	03497	03497
03153	03153	03153.jpg	10966.jpg	shuffled	10966	10966
03154	03154	03154.jpg	10200.jpg	shuffled	10200	10200
03155	03155	03155.jpg	08684.jpg	shuffled	08684	08684
03156	03156	03156.jpg	14890.jpg	shuffled	14890	14890
03157	03157	03157.jpg	09003.jpg	shuffled	09003	09003
03158	03158	03158.jpg	16164.jpg	shuffled	16164	16164
03159	03159	03159.jpg	17424.jpg	shuffled	17424	17424
03160	03160	03160.jpg	10304.jpg	shuffled	10304	10304
03161	03161	03161.jpg	04833.jpg	shuffled	04833	04833
03162	03162	03162.jpg	15503.jpg	shuffled	15503	15503
03163	03163	03163.jpg	16250.jpg	shuffled	16250	16250
03164	03164	03164.jpg	10213.jpg	shuffled	10213	10213
03165	03165	03165.jpg	02130.jpg	shuffled	02130	02130
03166	03166	03166.jpg	05284.jpg	shuffled	05284	05284
03167	03167	03167.jpg	13642.jpg	shuffled	13642	13642
03168	03168	03168.jpg	09162.jpg	shuffled	09162	09162
03169	03169	03169.jpg	07371.jpg	shuffled	07371	07371
03170	03170	03170.jpg	14661.jpg	shuffled	14661	14661
03171	03171	03171.jpg	14323.jpg	shuffled	14323	14323
03172	03172	03172.jpg	15926.jpg	shuffled	15926	15926
03173	03173	03173.jpg	09473.jpg	shuffled	09473	09473
03174	03174	03174.jpg	03583.jpg	shuffled	03583	03583
03175	03175	03175.jpg	10837.jpg	shuffled	10837	10837
03176	03176	03176.jpg	03913.jpg	shuffled	03913	03913
03177	03177	03177.jpg	11594.jpg	shuffled	11594	11594
03178	03178	03178.jpg	09023.jpg	shuffled	09023	09023
03179	03179	03179.jpg	08902.jpg	shuffled	08902	08902
03180	03180	03180.jpg	07639.jpg	shuffled	07639	07639
03181	03181	03181.jpg	06467.jpg	shuffled	06467	06467
03182	03182	03182.jpg	15952.jpg	shuffled	15952	15952
03183	03183	03183.jpg	00717.jpg	shuffled	00717	00717
03184	03184	03184.jpg	11809.jpg	shuffled	11809	11809
03185	03185	03185.jpg	00721.jpg	shuffled	00721	00721
03186	03186	03186.jpg	15683.jpg	shuffled	15683	15683
03187	03187	03187.jpg	00128.jpg	shuffled	00128	00128
03188	03188	03188.jpg	02211.jpg	shuffled	02211	02211
03189	03189	03189.jpg	06047.jpg	shuffled	06047	06047
03190	03190	03190.jpg	09203.jpg	shuffled	09203	09203
03191	03191	03191.jpg	17542.jpg	shuffled	17542	17542
03192	03192	03192.jpg	08103.jpg	shuffled	08103	08103
03193	03193	03193.jpg	02083.jpg	shuffled	02083	02083
03194	03194	03194.jpg	03556.jpg	shuffled	03556	03556
03195	03195	03195.jpg	17051.jpg	shuffled	17051	17051
03196	03196	03196.jpg	16903.jpg	shuffled	16903	16903
03197	03197	03197.jpg	03557.jpg	shuffled	03557	03557
03198	03198	03198.jpg	11552.jpg	shuffled	11552	11552
03199	03199	03199.jpg	09905.jpg	shuffled	09905	09905
03200	03200	03200.jpg	04943.jpg	shuffled	04943	04943
03201	03201	03201.jpg	08431.jpg	shuffled	08431	08431
03202	03202	03202.jpg	08997.jpg	shuffled	08997	08997
03203	03203	03203.jpg	07932.jpg	shuffled	07932	07932
03204	03204	03204.jpg	00774.jpg	shuffled	00774	00774
03205	03205	03205.jpg	08261.jpg	shuffled	08261	08261
03206	03206	03206.jpg	14444.jpg	shuffled	14444	14444
03207	03207	03207.jpg	01960.jpg	shuffled	01960	01960
03208	03208	03208.jpg	08801.jpg	shuffled	08801	08801
03209	03209	03209.jpg	12352.jpg	shuffled	12352	12352
03210	03210	03210.jpg	12918.jpg	shuffled	12918	12918
03211	03211	03211.jpg	04744.jpg	shuffled	04744	04744
03212	03212	03212.jpg	16014.jpg	shuffled	16014	16014
03213	03213	03213.jpg	05895.jpg	shuffled	05895	05895
03214	03214	03214.jpg	08407.jpg	shuffled	08407	08407
03215	03215	03215.jpg	17667.jpg	shuffled	17667	17667
03216	03216	03216.jpg	03217.jpg	shuffled	03217	03217
03217	03217	03217.jpg	13179.jpg	shuffled	13179	13179
03218	03218	03218.jpg	13773.jpg	shuffled	13773	13773
03219	03219	03219.jpg	11600.jpg	shuffled	11600	11600
03220	03220	03220.jpg	07114.jpg	shuffled	07114	07114
03221	03221	03221.jpg	09651.jpg	shuffled	09651	09651
03222	03222	03222.jpg	05153.jpg	shuffled	05153	05153
03223	03223	03223.jpg	13933.jpg	shuffled	13933	13933
03224	03224	03224.jpg	11711.jpg	shuffled	11711	11711
03225	03225	03225.jpg	12895.jpg	shuffled	12895	12895
03226	03226	03226.jpg	10081.jpg	shuffled	10081	10081
03227	03227	03227.jpg	01576.jpg	shuffled	01576	01576
03228	03228	03228.jpg	16088.jpg	shuffled	16088	16088
03229	03229	03229.jpg	00827.jpg	shuffled	00827	00827
03230	03230	03230.jpg	14493.jpg	shuffled	14493	14493
03231	03231	03231.jpg	16596.jpg	shuffled	16596	16596
03232	03232	03232.jpg	13398.jpg	shuffled	13398	13398
03233	03233	03233.jpg	05114.jpg	shuffled	05114	05114
03234	03234	03234.jpg	03253.jpg	shuffled	03253	03253
03235	03235	03235.jpg	17805.jpg	shuffled	17805	17805
03236	03236	03236.jpg	04280.jpg	shuffled	04280	04280
03237	03237	03237.jpg	14101.jpg	shuffled	14101	14101
03238	03238	03238.jpg	03795.jpg	shuffled	03795	03795
03239	03239	03239.jpg	03781.jpg	shuffled	03781	03781
03240	03240	03240.jpg	01464.jpg	shuffled	01464	01464
03241	03241	03241.jpg	06864.jpg	shuffled	06864	06864
03242	03242	03242.jpg	17782.jpg	shuffled	17782	17782
03243	03243	03243.jpg	04674.jpg	shuffled	04674	04674
03244	03244	03244.jpg	03686.jpg	shuffled	03686	03686
03245	03245	03245.jpg	02921.jpg	shuffled	02921	02921
03246	03246	03246.jpg	12399.jpg	shuffled	12399	12399
03247	03247	03247.jpg	15073.jpg	shuffled	15073	15073
03248	03248	03248.jpg	13221.jpg	shuffled	13221	13221
03249	03249	03249.jpg	10534.jpg	shuffled	10534	10534
03250	03250	03250.jpg	05074.jpg	shuffled	05074	05074
03251	03251	03251.jpg	04933.jpg	shuffled	04933	04933
03252	03252	03252.jpg	14400.jpg	shuffled	14400	14400
03253	03253	03253.jpg	14781.jpg	shuffled	14781	14781
03254	03254	03254.jpg	15814.jpg	shuffled	15814	15814
03255	03255	03255.jpg	13831.jpg	shuffled	13831	13831
03256	03256	03256.jpg	13105.jpg	shuffled	13105	13105
03257	03257	03257.jpg	11625.jpg	shuffled	11625	11625
03258	03258	03258.jpg	11971.jpg	shuffled	11971	11971
03259	03259	03259.jpg	11517.jpg	shuffled	11517	11517
03260	03260	03260.jpg	06076.jpg	shuffled	06076	06076
03261	03261	03261.jpg	11353.jpg	shuffled	11353	11353
03262	03262	03262.jpg	17865.jpg	shuffled	17865	17865
03263	03263	03263.jpg	06515.jpg	shuffled	06515	06515
03264	03264	03264.jpg	14523.jpg	shuffled	14523	14523
03265	03265	03265.jpg	13269.jpg	shuffled	13269	13269
03266	03266	03266.jpg	11394.jpg	shuffled	11394	11394
03267	03267	03267.jpg	13052.jpg	shuffled	13052	13052
03268	03268	03268.jpg	06277.jpg	shuffled	06277	06277
03269	03269	03269.jpg	14064.jpg	shuffled	14064	14064
03270	03270	03270.jpg	08206.jpg	shuffled	08206	08206
03271	03271	03271.jpg	10611.jpg	shuffled	10611	10611
03272	03272	03272.jpg	04531.jpg	shuffled	04531	04531
03273	03273	03273.jpg	07659.jpg	shuffled	07659	07659
03274	03274	03274.jpg	03357.jpg	shuffled	03357	03357
03275	03275	03275.jpg	11748.jpg	shuffled	11748	11748
03276	03276	03276.jpg	10034.jpg	shuffled	10034	10034
03277	03277	03277.jpg	05807.jpg	shuffled	05807	05807
03278	03278	03278.jpg	11760.jpg	shuffled	11760	11760
03279	03279	03279.jpg	05012.jpg	shuffled	05012	05012
03280	03280	03280.jpg	11069.jpg	shuffled	11069	11069
03281	03281	03281.jpg	17373.jpg	shuffled	17373	17373
03282	03282	03282.jpg	09428.jpg	shuffled	09428	09428
03283	03283	03283.jpg	00129.jpg	shuffled	00129	00129
03284	03284	03284.jpg	07607.jpg	shuffled	07607	07607
03285	03285	03285.jpg	03815.jpg	shuffled	03815	03815
03286	03286	03286.jpg	13246.jpg	shuffled	13246	13246
03287	03287	03287.jpg	00508.jpg	shuffled	00508	00508
03288	03288	03288.jpg	05948.jpg	shuffled	05948	05948
03289	03289	03289.jpg	12040.jpg	shuffled	12040	12040
03290	03290	03290.jpg	11147.jpg	shuffled	11147	11147
03291	03291	03291.jpg	06858.jpg	shuffled	06858	06858
03292	03292	03292.jpg	14900.jpg	shuffled	14900	14900
03293	03293	03293.jpg	12105.jpg	shuffled	12105	12105
03294	03294	03294.jpg	16404.jpg	shuffled	16404	16404
03295	03295	03295.jpg	10748.jpg	shuffled	10748	10748
03296	03296	03296.jpg	15428.jpg	shuffled	15428	15428
03297	03297	03297.jpg	02228.jpg	shuffled	02228	02228
03298	03298	03298.jpg	17088.jpg	shuffled	17088	17088
03299	03299	03299.jpg	03562.jpg	shuffled	03562	03562
03300	03300	03300.jpg	17834.jpg	shuffled	17834	17834
03301	03301	03301.jpg	04633.jpg	shuffled	04633	04633
03302	03302	03302.jpg	09264.jpg	shuffled	09264	09264
03303	03303	03303.jpg	05490.jpg	shuffled	05490	05490
03304	03304	03304.jpg	15134.jpg	shuffled	15134	15134
03305	03305	03305.jpg	10716.jpg	shuffled	10716	10716
03306	03306	03306.jpg	10216.jpg	shuffled	10216	10216
03307	03307	03307.jpg	12934.jpg	shuffled	12934	12934
03308	03308	03308.jpg	16400.jpg	shuffled	16400	16400
03309	03309	03309.jpg	10717.jpg	shuffled	10717	10717
03310	03310	03310.jpg	15182.jpg	shuffled	15182	15182
03311	03311	03311.jpg	12786.jpg	shuffled	12786	12786
03312	03312	03312.jpg	04130.jpg	shuffled	04130	04130
03313	03313	03313.jpg	11137.jpg	shuffled	11137	11137
03314	03314	03314.jpg	17708.jpg	shuffled	17708	17708
03315	03315	03315.jpg	03039.jpg	shuffled	03039	03039
03316	03316	03316.jpg	15545.jpg	shuffled	15545	15545
03317	03317	03317.jpg	13217.jpg	shuffled	13217	13217
03318	03318	03318.jpg	06497.jpg	shuffled	06497	06497
03319	03319	03319.jpg	08478.jpg	shuffled	08478	08478
03320	03320	03320.jpg	09283.jpg	shuffled	09283	09283
03321	03321	03321.jpg	04791.jpg	shuffled	04791	04791
03322	03322	03322.jpg	16544.jpg	shuffled	16544	16544
03323	03323	03323.jpg	06034.jpg	shuffled	06034	06034
03324	03324	03324.jpg	14186.jpg	shuffled	14186	14186
03325	03325	03325.jpg	08505.jpg	shuffled	08505	08505
03326	03326	03326.jpg	12247.jpg	shuffled	12247	12247
03327	03327	03327.jpg	10259.jpg	shuffled	10259	10259
03328	03328	03328.jpg	16259.jpg	shuffled	16259	16259
03329	03329	03329.jpg	16306.jpg	shuffled	16306	16306
03330	03330	03330.jpg	00258.jpg	shuffled	00258	00258
03331	03331	03331.jpg	06161.jpg	shuffled	06161	06161
03332	03332	03332.jpg	07817.jpg	shuffled	07817	07817
03333	03333	03333.jpg	07538.jpg	shuffled	07538	07538
03334	03334	03334.jpg	05412.jpg	shuffled	05412	05412
03335	03335	03335.jpg	02976.jpg	shuffled	02976	02976
03336	03336	03336.jpg	09943.jpg	shuffled	09943	09943
03337	03337	03337.jpg	05953.jpg	shuffled	05953	05953
03338	03338	03338.jpg	07669.jpg	shuffled	07669	07669
03339	03339	03339.jpg	00384.jpg	shuffled	00384	00384
03340	03340	03340.jpg	10314.jpg	shuffled	10314	10314
03341	03341	03341.jpg	06340.jpg	shuffled	06340	06340
03342	03342	03342.jpg	14272.jpg	shuffled	14272	14272
03343	03343	03343.jpg	04107.jpg	shuffled	04107	04107
03344	03344	03344.jpg	03937.jpg	shuffled	03937	03937
03345	03345	03345.jpg	14860.jpg	shuffled	14860	14860
03346	03346	03346.jpg	07695.jpg	shuffled	07695	07695
03347	03347	03347.jpg	05459.jpg	shuffled	05459	05459
03348	03348	03348.jpg	04865.jpg	shuffled	04865	04865
03349	03349	03349.jpg	00982.jpg	shuffled	00982	00982
03350	03350	03350.jpg	17563.jpg	shuffled	17563	17563
03351	03351	03351.jpg	14464.jpg	shuffled	14464	14464
03352	03352	03352.jpg	14292.jpg	shuffled	14292	14292
03353	03353	03353.jpg	10150.jpg	shuffled	10150	10150
03354	03354	03354.jpg	08936.jpg	shuffled	08936	08936
03355	03355	03355.jpg	08573.jpg	shuffled	08573	08573
03356	03356	03356.jpg	17142.jpg	shuffled	17142	17142
03357	03357	03357.jpg	15696.jpg	shuffled	15696	15696
03358	03358	03358.jpg	12725.jpg	shuffled	12725	12725
03359	03359	03359.jpg	15075.jpg	shuffled	15075	15075
03360	03360	03360.jpg	16054.jpg	shuffled	16054	16054
03361	03361	03361.jpg	08465.jpg	shuffled	08465	08465
03362	03362	03362.jpg	03018.jpg	shuffled	03018	03018
03363	03363	03363.jpg	16247.jpg	shuffled	16247	16247
03364	03364	03364.jpg	09460.jpg	shuffled	09460	09460
03365	03365	03365.jpg	07621.jpg	shuffled	07621	07621
03366	03366	03366.jpg	03105.jpg	shuffled	03105	03105
03367	03367	03367.jpg	12036.jpg	shuffled	12036	12036
03368	03368	03368.jpg	15853.jpg	shuffled	15853	15853
03369	03369	03369.jpg	07038.jpg	shuffled	07038	07038
03370	03370	03370.jpg	12058.jpg	shuffled	12058	12058
03371	03371	03371.jpg	06451.jpg	shuffled	06451	06451
03372	03372	03372.jpg	14645.jpg	shuffled	14645	14645
03373	03373	03373.jpg	01896.jpg	shuffled	01896	01896
03374	03374	03374.jpg	07412.jpg	shuffled	07412	07412
03375	03375	03375.jpg	14809.jpg	shuffled	14809	14809
03376	03376	03376.jpg	14613.jpg	shuffled	14613	14613
03377	03377	03377.jpg	13562.jpg	shuffled	13562	13562
03378	03378	03378.jpg	06759.jpg	shuffled	06759	06759
03379	03379	03379.jpg	10388.jpg	shuffled	10388	10388
03380	03380	03380.jpg	14062.jpg	shuffled	14062	14062
03381	03381	03381.jpg	01680.jpg	shuffled	01680	01680
03382	03382	03382.jpg	04862.jpg	shuffled	04862	04862
03383	03383	03383.jpg	08328.jpg	shuffled	08328	08328
03384	03384	03384.jpg	14529.jpg	shuffled	14529	14529
03385	03385	03385.jpg	05651.jpg	shuffled	05651	05651
03386	03386	03386.jpg	09800.jpg	shuffled	09800	09800
03387	03387	03387.jpg	11844.jpg	shuffled	11844	11844
03388	03388	03388.jpg	16513.jpg	shuffled	16513	16513
03389	03389	03389.jpg	16377.jpg	shuffled	16377	16377
03390	03390	03390.jpg	07192.jpg	shuffled	07192	07192
03391	03391	03391.jpg	15731.jpg	shuffled	15731	15731
03392	03392	03392.jpg	04284.jpg	shuffled	04284	04284
03393	03393	03393.jpg	17312.jpg	shuffled	17312	17312
03394	03394	03394.jpg	12524.jpg	shuffled	12524	12524
03395	03395	03395.jpg	08618.jpg	shuffled	08618	08618
03396	03396	03396.jpg	09038.jpg	shuffled	09038	09038
03397	03397	03397.jpg	01678.jpg	shuffled	01678	01678
03398	03398	03398.jpg	07292.jpg	shuffled	07292	07292
03399	03399	03399.jpg	09986.jpg	shuffled	09986	09986
03400	03400	03400.jpg	08499.jpg	shuffled	08499	08499
03401	03401	03401.jpg	07855.jpg	shuffled	07855	07855
03402	03402	03402.jpg	07411.jpg	shuffled	07411	07411
03403	03403	03403.jpg	12160.jpg	shuffled	12160	12160
03404	03404	03404.jpg	01234.jpg	shuffled	01234	01234
03405	03405	03405.jpg	00687.jpg	shuffled	00687	00687
03406	03406	03406.jpg	07205.jpg	shuffled	07205	07205
03407	03407	03407.jpg	14478.jpg	shuffled	14478	14478
03408	03408	03408.jpg	02580.jpg	shuffled	02580	02580
03409	03409	03409.jpg	03168.jpg	shuffled	03168	03168
03410	03410	03410.jpg	01340.jpg	shuffled	01340	01340
03411	03411	03411.jpg	02410.jpg	shuffled	02410	02410
03412	03412	03412.jpg	16690.jpg	shuffled	16690	16690
03413	03413	03413.jpg	01112.jpg	shuffled	01112	01112
03414	03414	03414.jpg	13653.jpg	shuffled	13653	13653
03415	03415	03415.jpg	16791.jpg	shuffled	16791	16791
03416	03416	03416.jpg	01894.jpg	shuffled	01894	01894
03417	03417	03417.jpg	06874.jpg	shuffled	06874	06874
03418	03418	03418.jpg	04025.jpg	shuffled	04025	04025
03419	03419	03419.jpg	00962.jpg	shuffled	00962	00962
03420	03420	03420.jpg	09967.jpg	shuffled	09967	09967
03421	03421	03421.jpg	06729.jpg	shuffled	06729	06729
03422	03422	03422.jpg	02611.jpg	shuffled	02611	02611
03423	03423	03423.jpg	02676.jpg	shuffled	02676	02676
03424	03424	03424.jpg	02795.jpg	shuffled	02795	02795
03425	03425	03425.jpg	17728.jpg	shuffled	17728	17728
03426	03426	03426.jpg	08137.jpg	shuffled	08137	08137
03427	03427	03427.jpg	06379.jpg	shuffled	06379	06379
03428	03428	03428.jpg	04799.jpg	shuffled	04799	04799
03429	03429	03429.jpg	14676.jpg	shuffled	14676	14676
03430	03430	03430.jpg	07609.jpg	shuffled	07609	07609
03431	03431	03431.jpg	00200.jpg	shuffled	00200	00200
03432	03432	03432.jpg	02722.jpg	shuffled	02722	02722
03433	03433	03433.jpg	09812.jpg	shuffled	09812	09812
03434	03434	03434.jpg	16264.jpg	shuffled	16264	16264
03435	03435	03435.jpg	17852.jpg	shuffled	17852	17852
03436	03436	03436.jpg	11178.jpg	shuffled	11178	11178
03437	03437	03437.jpg	12795.jpg	shuffled	12795	12795
03438	03438	03438.jpg	00436.jpg	shuffled	00436	00436
03439	03439	03439.jpg	05356.jpg	shuffled	05356	05356
03440	03440	03440.jpg	15266.jpg	shuffled	15266	15266
03441	03441	03441.jpg	11902.jpg	shuffled	11902	11902
03442	03442	03442.jpg	11392.jpg	shuffled	11392	11392
03443	03443	03443.jpg	15989.jpg	shuffled	15989	15989
03444	03444	03444.jpg	14925.jpg	shuffled	14925	14925
03445	03445	03445.jpg	08877.jpg	shuffled	08877	08877
03446	03446	03446.jpg	02748.jpg	shuffled	02748	02748
03447	03447	03447.jpg	07310.jpg	shuffled	07310	07310
03448	03448	03448.jpg	15216.jpg	shuffled	15216	15216
03449	03449	03449.jpg	05745.jpg	shuffled	05745	05745
03450	03450	03450.jpg	08736.jpg	shuffled	08736	08736
03451	03451	03451.jpg	08812.jpg	shuffled	08812	08812
03452	03452	03452.jpg	15484.jpg	shuffled	15484	15484
03453	03453	03453.jpg	15297.jpg	shuffled	15297	15297
03454	03454	03454.jpg	16693.jpg	shuffled	16693	16693
03455	03455	03455.jpg	03628.jpg	shuffled	03628	03628
03456	03456	03456.jpg	04892.jpg	shuffled	04892	04892
03457	03457	03457.jpg	03749.jpg	shuffled	03749	03749
03458	03458	03458.jpg	14468.jpg	shuffled	14468	14468
03459	03459	03459.jpg	07227.jpg	shuffled	07227	07227
03460	03460	03460.jpg	17587.jpg	shuffled	17587	17587
03461	03461	03461.jpg	08497.jpg	shuffled	08497	08497
03462	03462	03462.jpg	00720.jpg	shuffled	00720	00720
03463	03463	03463.jpg	07454.jpg	shuffled	07454	07454
03464	03464	03464.jpg	01736.jpg	shuffled	01736	01736
03465	03465	03465.jpg	03903.jpg	shuffled	03903	03903
03466	03466	03466.jpg	00709.jpg	shuffled	00709	00709
03467	03467	03467.jpg	09825.jpg	shuffled	09825	09825
03468	03468	03468.jpg	12983.jpg	shuffled	12983	12983
03469	03469	03469.jpg	11567.jpg	shuffled	11567	11567
03470	03470	03470.jpg	15862.jpg	shuffled	15862	15862
03471	03471	03471.jpg	10181.jpg	shuffled	10181	10181
03472	03472	03472.jpg	15371.jpg	shuffled	15371	15371
03473	03473	03473.jpg	04867.jpg	shuffled	04867	04867
03474	03474	03474.jpg	05339.jpg	shuffled	05339	05339
03475	03475	03475.jpg	00527.jpg	shuffled	00527	00527
03476	03476	03476.jpg	15033.jpg	shuffled	15033	15033
03477	03477	03477.jpg	06405.jpg	shuffled	06405	06405
03478	03478	03478.jpg	02376.jpg	shuffled	02376	02376
03479	03479	03479.jpg	04858.jpg	shuffled	04858	04858
03480	03480	03480.jpg	00817.jpg	shuffled	00817	00817
03481	03481	03481.jpg	12858.jpg	shuffled	12858	12858
03482	03482	03482.jpg	16311.jpg	shuffled	16311	16311
03483	03483	03483.jpg	12090.jpg	shuffled	12090	12090
03484	03484	03484.jpg	16670.jpg	shuffled	16670	16670
03485	03485	03485.jpg	01492.jpg	shuffled	01492	01492
03486	03486	03486.jpg	10003.jpg	shuffled	10003	10003
03487	03487	03487.jpg	15703.jpg	shuffled	15703	15703
03488	03488	03488.jpg	06554.jpg	shuffled	06554	06554
03489	03489	03489.jpg	01957.jpg	shuffled	01957	01957
03490	03490	03490.jpg	12822.jpg	shuffled	12822	12822
03491	03491	03491.jpg	11913.jpg	shuffled	11913	11913
03492	03492	03492.jpg	08901.jpg	shuffled	08901	08901
03493	03493	03493.jpg	14067.jpg	shuffled	14067	14067
03494	03494	03494.jpg	13439.jpg	shuffled	13439	13439
03495	03495	03495.jpg	14267.jpg	shuffled	14267	14267
03496	03496	03496.jpg	06456.jpg	shuffled	06456	06456
03497	03497	03497.jpg	07833.jpg	shuffled	07833	07833
03498	03498	03498.jpg	03021.jpg	shuffled	03021	03021
03499	03499	03499.jpg	09066.jpg	shuffled	09066	09066
03500	03500	03500.jpg	02519.jpg	shuffled	02519	02519
03501	03501	03501.jpg	04261.jpg	shuffled	04261	04261
03502	03502	03502.jpg	02901.jpg	shuffled	02901	02901
03503	03503	03503.jpg	14579.jpg	shuffled	14579	14579
03504	03504	03504.jpg	07358.jpg	shuffled	07358	07358
03505	03505	03505.jpg	01288.jpg	shuffled	01288	01288
03506	03506	03506.jpg	16428.jpg	shuffled	16428	16428
03507	03507	03507.jpg	15091.jpg	shuffled	15091	15091
03508	03508	03508.jpg	15163.jpg	shuffled	15163	15163
03509	03509	03509.jpg	08249.jpg	shuffled	08249	08249
03510	03510	03510.jpg	01968.jpg	shuffled	01968	01968
03511	03511	03511.jpg	11896.jpg	shuffled	11896	11896
03512	03512	03512.jpg	08290.jpg	shuffled	08290	08290
03513	03513	03513.jpg	02584.jpg	shuffled	02584	02584
03514	03514	03514.jpg	13329.jpg	shuffled	13329	13329
03515	03515	03515.jpg	09850.jpg	shuffled	09850	09850
03516	03516	03516.jpg	10822.jpg	shuffled	10822	10822
03517	03517	03517.jpg	11309.jpg	shuffled	11309	11309
03518	03518	03518.jpg	04211.jpg	shuffled	04211	04211
03519	03519	03519.jpg	13367.jpg	shuffled	13367	13367
03520	03520	03520.jpg	17702.jpg	shuffled	17702	17702
03521	03521	03521.jpg	07709.jpg	shuffled	07709	07709
03522	03522	03522.jpg	07183.jpg	shuffled	07183	07183
03523	03523	03523.jpg	12359.jpg	shuffled	12359	12359
03524	03524	03524.jpg	09570.jpg	shuffled	09570	09570
03525	03525	03525.jpg	14690.jpg	shuffled	14690	14690
03526	03526	03526.jpg	17430.jpg	shuffled	17430	17430
03527	03527	03527.jpg	05341.jpg	shuffled	05341	05341
03528	03528	03528.jpg	12508.jpg	shuffled	12508	12508
03529	03529	03529.jpg	00748.jpg	shuffled	00748	00748
03530	03530	03530.jpg	11051.jpg	shuffled	11051	11051
03531	03531	03531.jpg	14214.jpg	shuffled	14214	14214
03532	03532	03532.jpg	07491.jpg	shuffled	07491	07491
03533	03533	03533.jpg	16294.jpg	shuffled	16294	16294
03534	03534	03534.jpg	14564.jpg	shuffled	14564	14564
03535	03535	03535.jpg	13645.jpg	shuffled	13645	13645
03536	03536	03536.jpg	08702.jpg	shuffled	08702	08702
03537	03537	03537.jpg	04605.jpg	shuffled	04605	04605
03538	03538	03538.jpg	00701.jpg	shuffled	00701	00701
03539	03539	03539.jpg	03561.jpg	shuffled	03561	03561
03540	03540	03540.jpg	13163.jpg	shuffled	13163	13163
03541	03541	03541.jpg	03839.jpg	shuffled	03839	03839
03542	03542	03542.jpg	01933.jpg	shuffled	01933	01933
03543	03543	03543.jpg	13181.jpg	shuffled	13181	13181
03544	03544	03544.jpg	00091.jpg	shuffled	00091	00091
03545	03545	03545.jpg	08965.jpg	shuffled	08965	08965
03546	03546	03546.jpg	11957.jpg	shuffled	11957	11957
03547	03547	03547.jpg	08087.jpg	shuffled	08087	08087
03548	03548	03548.jpg	15517.jpg	shuffled	15517	15517
03549	03549	03549.jpg	04717.jpg	shuffled	04717	04717
03550	03550	03550.jpg	06633.jpg	shuffled	06633	06633
03551	03551	03551.jpg	12427.jpg	shuffled	12427	12427
03552	03552	03552.jpg	16326.jpg	shuffled	16326	16326
03553	03553	03553.jpg	09833.jpg	shuffled	09833	09833
03554	03554	03554.jpg	02721.jpg	shuffled	02721	02721
03555	03555	03555.jpg	07514.jpg	shuffled	07514	07514
03556	03556	03556.jpg	12896.jpg	shuffled	12896	12896
03557	03557	03557.jpg	09516.jpg	shuffled	09516	09516
03558	03558	03558.jpg	01744.jpg	shuffled	01744	01744
03559	03559	03559.jpg	08383.jpg	shuffled	08383	08383
03560	03560	03560.jpg	10871.jpg	shuffled	10871	10871
03561	03561	03561.jpg	17863.jpg	shuffled	17863	17863
03562	03562	03562.jpg	07960.jpg	shuffled	07960	07960
03563	03563	03563.jpg	06301.jpg	shuffled	06301	06301
03564	03564	03564.jpg	00044.jpg	shuffled	00044	00044
03565	03565	03565.jpg	08338.jpg	shuffled	08338	08338
03566	03566	03566.jpg	10272.jpg	shuffled	10272	10272
03567	03567	03567.jpg	04696.jpg	shuffled	04696	04696
03568	03568	03568.jpg	14204.jpg	shuffled	14204	14204
03569	03569	03569.jpg	14520.jpg	shuffled	14520	14520
03570	03570	03570.jpg	03356.jpg	shuffled	03356	03356
03571	03571	03571.jpg	12765.jpg	shuffled	12765	12765
03572	03572	03572.jpg	16614.jpg	shuffled	16614	16614
03573	03573	03573.jpg	13044.jpg	shuffled	13044	13044
03574	03574	03574.jpg	04968.jpg	shuffled	04968	04968
03575	03575	03575.jpg	17684.jpg	shuffled	17684	17684
03576	03576	03576.jpg	13943.jpg	shuffled	13943	13943
03577	03577	03577.jpg	06791.jpg	shuffled	06791	06791
03578	03578	03578.jpg	11619.jpg	shuffled	11619	11619
03579	03579	03579.jpg	08534.jpg	shuffled	08534	08534
03580	03580	03580.jpg	15574.jpg	shuffled	15574	15574
03581	03581	03581.jpg	08217.jpg	shuffled	08217	08217
03582	03582	03582.jpg	17579.jpg	shuffled	17579	17579
03583	03583	03583.jpg	16862.jpg	shuffled	16862	16862
03584	03584	03584.jpg	07673.jpg	shuffled	07673	07673
03585	03585	03585.jpg	14551.jpg	shuffled	14551	14551
03586	03586	03586.jpg	14134.jpg	shuffled	14134	14134
03587	03587	03587.jpg	13228.jpg	shuffled	13228	13228
03588	03588	03588.jpg	07572.jpg	shuffled	07572	07572
03589	03589	03589.jpg	17153.jpg	shuffled	17153	17153
03590	03590	03590.jpg	13648.jpg	shuffled	13648	13648
03591	03591	03591.jpg	05467.jpg	shuffled	05467	05467
03592	03592	03592.jpg	01219.jpg	shuffled	01219	01219
03593	03593	03593.jpg	14077.jpg	shuffled	14077	14077
03594	03594	03594.jpg	17535.jpg	shuffled	17535	17535
03595	03595	03595.jpg	08987.jpg	shuffled	08987	08987
03596	03596	03596.jpg	04117.jpg	shuffled	04117	04117
03597	03597	03597.jpg	02863.jpg	shuffled	02863	02863
03598	03598	03598.jpg	09852.jpg	shuffled	09852	09852
03599	03599	03599.jpg	06809.jpg	shuffled	06809	06809
03600	03600	03600.jpg	04198.jpg	shuffled	04198	04198
03601	03601	03601.jpg	15810.jpg	shuffled	15810	15810
03602	03602	03602.jpg	16275.jpg	shuffled	16275	16275
03603	03603	03603.jpg	13874.jpg	shuffled	13874	13874
03604	03604	03604.jpg	03849.jpg	shuffled	03849	03849
03605	03605	03605.jpg	08740.jpg	shuffled	08740	08740
03606	03606	03606.jpg	06487.jpg	shuffled	06487	06487
03607	03607	03607.jpg	10086.jpg	shuffled	10086	10086
03608	03608	03608.jpg	11079.jpg	shuffled	11079	11079
03609	03609	03609.jpg	00444.jpg	shuffled	00444	00444
03610	03610	03610.jpg	03926.jpg	shuffled	03926	03926
03611	03611	03611.jpg	05935.jpg	shuffled	05935	05935
03612	03612	03612.jpg	14998.jpg	shuffled	14998	14998
03613	03613	03613.jpg	08196.jpg	shuffled	08196	08196
03614	03614	03614.jpg	03409.jpg	shuffled	03409	03409
03615	03615	03615.jpg	02301.jpg	shuffled	02301	02301
03616	03616	03616.jpg	09432.jpg	shuffled	09432	09432
03617	03617	03617.jpg	15700.jpg	shuffled	15700	15700
03618	03618	03618.jpg	12052.jpg	shuffled	12052	12052
03619	03619	03619.jpg	12072.jpg	shuffled	12072	12072
03620	03620	03620.jpg	07172.jpg	shuffled	07172	07172
03621	03621	03621.jpg	01644.jpg	shuffled	01644	01644
03622	03622	03622.jpg	11115.jpg	shuffled	11115	11115
03623	03623	03623.jpg	03032.jpg	shuffled	03032	03032
03624	03624	03624.jpg	08062.jpg	shuffled	08062	08062
03625	03625	03625.jpg	16624.jpg	shuffled	16624	16624
03626	03626	03626.jpg	03864.jpg	shuffled	03864	03864
03627	03627	03627.jpg	07930.jpg	shuffled	07930	07930
03628	03628	03628.jpg	03717.jpg	shuffled	03717	03717
03629	03629	03629.jpg	10297.jpg	shuffled	10297	10297
03630	03630	03630.jpg	06395.jpg	shuffled	06395	06395
03631	03631	03631.jpg	17719.jpg	shuffled	17719	17719
03632	03632	03632.jpg	06544.jpg	shuffled	06544	06544
03633	03633	03633.jpg	06068.jpg	shuffled	06068	06068
03634	03634	03634.jpg	04811.jpg	shuffled	04811	04811
03635	03635	03635.jpg	16716.jpg	shuffled	16716	16716
03636	03636	03636.jpg	08742.jpg	shuffled	08742	08742
03637	03637	03637.jpg	11818.jpg	shuffled	11818	11818
03638	03638	03638.jpg	12111.jpg	shuffled	12111	12111
03639	03639	03639.jpg	02590.jpg	shuffled	02590	02590
03640	03640	03640.jpg	00335.jpg	shuffled	00335	00335
03641	03641	03641.jpg	08654.jpg	shuffled	08654	08654
03642	03642	03642.jpg	00763.jpg	shuffled	00763	00763
03643	03643	03643.jpg	05243.jpg	shuffled	05243	05243
03644	03644	03644.jpg	17212.jpg	shuffled	17212	17212
03645	03645	03645.jpg	16380.jpg	shuffled	16380	16380
03646	03646	03646.jpg	16558.jpg	shuffled	16558	16558
03647	03647	03647.jpg	14223.jpg	shuffled	14223	14223
03648	03648	03648.jpg	04405.jpg	shuffled	04405	04405
03649	03649	03649.jpg	07098.jpg	shuffled	07098	07098
03650	03650	03650.jpg	17415.jpg	shuffled	17415	17415
03651	03651	03651.jpg	07949.jpg	shuffled	07949	07949
03652	03652	03652.jpg	01433.jpg	shuffled	01433	01433
03653	03653	03653.jpg	09510.jpg	shuffled	09510	09510
03654	03654	03654.jpg	11200.jpg	shuffled	11200	11200
03655	03655	03655.jpg	11321.jpg	shuffled	11321	11321
03656	03656	03656.jpg	00990.jpg	shuffled	00990	00990
03657	03657	03657.jpg	08269.jpg	shuffled	08269	08269
03658	03658	03658.jpg	05623.jpg	shuffled	05623	05623
03659	03659	03659.jpg	08102.jpg	shuffled	08102	08102
03660	03660	03660.jpg	11107.jpg	shuffled	11107	11107
03661	03661	03661.jpg	09613.jpg	shuffled	09613	09613
03662	03662	03662.jpg	06585.jpg	shuffled	06585	06585
03663	03663	03663.jpg	15630.jpg	shuffled	15630	15630
03664	03664	03664.jpg	06627.jpg	shuffled	06627	06627
03665	03665	03665.jpg	04986.jpg	shuffled	04986	04986
03666	03666	03666.jpg	11255.jpg	shuffled	11255	11255
03667	03667	03667.jpg	00379.jpg	shuffled	00379	00379
03668	03668	03668.jpg	15204.jpg	shuffled	15204	15204
03669	03669	03669.jpg	14572.jpg	shuffled	14572	14572
03670	03670	03670.jpg	00635.jpg	shuffled	00635	00635
03671	03671	03671.jpg	09234.jpg	shuffled	09234	09234
03672	03672	03672.jpg	17128.jpg	shuffled	17128	17128
03673	03673	03673.jpg	15751.jpg	shuffled	15751	15751
03674	03674	03674.jpg	09773.jpg	shuffled	09773	09773
03675	03675	03675.jpg	07178.jpg	shuffled	07178	07178
03676	03676	03676.jpg	05128.jpg	shuffled	05128	05128
03677	03677	03677.jpg	02999.jpg	shuffled	02999	02999
03678	03678	03678.jpg	08339.jpg	shuffled	08339	08339
03679	03679	03679.jpg	17930.jpg	shuffled	17930	17930
03680	03680	03680.jpg	01833.jpg	shuffled	01833	01833
03681	03681	03681.jpg	13077.jpg	shuffled	13077	13077
03682	03682	03682.jpg	06250.jpg	shuffled	06250	06250
03683	03683	03683.jpg	05551.jpg	shuffled	05551	05551
03684	03684	03684.jpg	01289.jpg	shuffled	01289	01289
03685	03685	03685.jpg	10289.jpg	shuffled	10289	10289
03686	03686	03686.jpg	11342.jpg	shuffled	11342	11342
03687	03687	03687.jpg	16643.jpg	shuffled	16643	16643
03688	03688	03688.jpg	08980.jpg	shuffled	08980	08980
03689	03689	03689.jpg	10899.jpg	shuffled	10899	10899
03690	03690	03690.jpg	08683.jpg	shuffled	08683	08683
03691	03691	03691.jpg	11256.jpg	shuffled	11256	11256
03692	03692	03692.jpg	04906.jpg	shuffled	04906	04906
03693	03693	03693.jpg	01075.jpg	shuffled	01075	01075
03694	03694	03694.jpg	06244.jpg	shuffled	06244	06244
03695	03695	03695.jpg	14624.jpg	shuffled	14624	14624
03696	03696	03696.jpg	10433.jpg	shuffled	10433	10433
03697	03697	03697.jpg	03064.jpg	shuffled	03064	03064
03698	03698	03698.jpg	06820.jpg	shuffled	06820	06820
03699	03699	03699.jpg	11469.jpg	shuffled	11469	11469
03700	03700	03700.jpg	01442.jpg	shuffled	01442	01442
03701	03701	03701.jpg	17077.jpg	shuffled	17077	17077
03702	03702	03702.jpg	00050.jpg	shuffled	00050	00050
03703	03703	03703.jpg	10501.jpg	shuffled	10501	10501
03704	03704	03704.jpg	07719.jpg	shuffled	07719	07719
03705	03705	03705.jpg	17267.jpg	shuffled	17267	17267
03706	03706	03706.jpg	10207.jpg	shuffled	10207	10207
03707	03707	03707.jpg	08179.jpg	shuffled	08179	08179
03708	03708	03708.jpg	09993.jpg	shuffled	09993	09993
03709	03709	03709.jpg	11539.jpg	shuffled	11539	11539
03710	03710	03710.jpg	12521.jpg	shuffled	12521	12521
03711	03711	03711.jpg	01792.jpg	shuffled	01792	01792
03712	03712	03712.jpg	03126.jpg	shuffled	03126	03126
03713	03713	03713.jpg	17617.jpg	shuffled	17617	17617
03714	03714	03714.jpg	15477.jpg	shuffled	15477	15477
03715	03715	03715.jpg	12760.jpg	shuffled	12760	12760
03716	03716	03716.jpg	02890.jpg	shuffled	02890	02890
03717	03717	03717.jpg	10781.jpg	shuffled	10781	10781
03718	03718	03718.jpg	13524.jpg	shuffled	13524	13524
03719	03719	03719.jpg	10031.jpg	shuffled	10031	10031
03720	03720	03720.jpg	06659.jpg	shuffled	06659	06659
03721	03721	03721.jpg	17517.jpg	shuffled	17517	17517
03722	03722	03722.jpg	12770.jpg	shuffled	12770	12770
03723	03723	03723.jpg	17475.jpg	shuffled	17475	17475
03724	03724	03724.jpg	14465.jpg	shuffled	14465	14465
03725	03725	03725.jpg	14685.jpg	shuffled	14685	14685
03726	03726	03726.jpg	03759.jpg	shuffled	03759	03759
03727	03727	03727.jpg	17451.jpg	shuffled	17451	17451
03728	03728	03728.jpg	13554.jpg	shuffled	13554	13554
03729	03729	03729.jpg	08823.jpg	shuffled	08823	08823
03730	03730	03730.jpg	01395.jpg	shuffled	01395	01395
03731	03731	03731.jpg	13768.jpg	shuffled	13768	13768
03732	03732	03732.jpg	14597.jpg	shuffled	14597	14597
03733	03733	03733.jpg	14457.jpg	shuffled	14457	14457
03734	03734	03734.jpg	03023.jpg	shuffled	03023	03023
03735	03735	03735.jpg	11984.jpg	shuffled	11984	11984
03736	03736	03736.jpg	08331.jpg	shuffled	08331	08331
03737	03737	03737.jpg	07375.jpg	shuffled	07375	07375
03738	03738	03738.jpg	08451.jpg	shuffled	08451	08451
03739	03739	03739.jpg	03316.jpg	shuffled	03316	03316
03740	03740	03740.jpg	15332.jpg	shuffled	15332	15332
03741	03741	03741.jpg	11757.jpg	shuffled	11757	11757
03742	03742	03742.jpg	09868.jpg	shuffled	09868	09868
03743	03743	03743.jpg	15763.jpg	shuffled	15763	15763
03744	03744	03744.jpg	00584.jpg	shuffled	00584	00584
03745	03745	03745.jpg	08920.jpg	shuffled	08920	08920
03746	03746	03746.jpg	13857.jpg	shuffled	13857	13857
03747	03747	03747.jpg	09565.jpg	shuffled	09565	09565
03748	03748	03748.jpg	16067.jpg	shuffled	16067	16067
03749	03749	03749.jpg	00385.jpg	shuffled	00385	00385
03750	03750	03750.jpg	05411.jpg	shuffled	05411	05411
03751	03751	03751.jpg	13837.jpg	shuffled	13837	13837
03752	03752	03752.jpg	10740.jpg	shuffled	10740	10740
03753	03753	03753.jpg	12882.jpg	shuffled	12882	12882
03754	03754	03754.jpg	09181.jpg	shuffled	09181	09181
03755	03755	03755.jpg	05096.jpg	shuffled	05096	05096
03756	03756	03756.jpg	11019.jpg	shuffled	11019	11019
03757	03757	03757.jpg	17875.jpg	shuffled	17875	17875
03758	03758	03758.jpg	15531.jpg	shuffled	15531	15531
03759	03759	03759.jpg	09209.jpg	shuffled	09209	09209
03760	03760	03760.jpg	16498.jpg	shuffled	16498	16498
03761	03761	03761.jpg	00243.jpg	shuffled	00243	00243
03762	03762	03762.jpg	00916.jpg	shuffled	00916	00916
03763	03763	03763.jpg	05365.jpg	shuffled	05365	05365
03764	03764	03764.jpg	13069.jpg	shuffled	13069	13069
03765	03765	03765.jpg	01193.jpg	shuffled	01193	01193
03766	03766	03766.jpg	10220.jpg	shuffled	10220	10220
03767	03767	03767.jpg	15009.jpg	shuffled	15009	15009
03768	03768	03768.jpg	08463.jpg	shuffled	08463	08463
03769	03769	03769.jpg	12568.jpg	shuffled	12568	12568
03770	03770	03770.jpg	02564.jpg	shuffled	02564	02564
03771	03771	03771.jpg	06468.jpg	shuffled	06468	06468
03772	03772	03772.jpg	09448.jpg	shuffled	09448	09448
03773	03773	03773.jpg	03725.jpg	shuffled	03725	03725
03774	03774	03774.jpg	07079.jpg	shuffled	07079	07079
03775	03775	03775.jpg	07803.jpg	shuffled	07803	07803
03776	03776	03776.jpg	17786.jpg	shuffled	17786	17786
03777	03777	03777.jpg	04557.jpg	shuffled	04557	04557
03778	03778	03778.jpg	03051.jpg	shuffled	03051	03051
03779	03779	03779.jpg	10111.jpg	shuffled	10111	10111
03780	03780	03780.jpg	05679.jpg	shuffled	05679	05679
03781	03781	03781.jpg	12806.jpg	shuffled	12806	12806
03782	03782	03782.jpg	08803.jpg	shuffled	08803	08803
03783	03783	03783.jpg	05202.jpg	shuffled	05202	05202
03784	03784	03784.jpg	07734.jpg	shuffled	07734	07734
03785	03785	03785.jpg	03377.jpg	shuffled	03377	03377
03786	03786	03786.jpg	06677.jpg	shuffled	06677	06677
03787	03787	03787.jpg	07303.jpg	shuffled	07303	07303
03788	03788	03788.jpg	05144.jpg	shuffled	05144	05144
03789	03789	03789.jpg	03277.jpg	shuffled	03277	03277
03790	03790	03790.jpg	16213.jpg	shuffled	16213	16213
03791	03791	03791.jpg	02894.jpg	shuffled	02894	02894
03792	03792	03792.jpg	08776.jpg	shuffled	08776	08776
03793	03793	03793.jpg	05599.jpg	shuffled	05599	05599
03794	03794	03794.jpg	17189.jpg	shuffled	17189	17189
03795	03795	03795.jpg	17729.jpg	shuffled	17729	17729
03796	03796	03796.jpg	00716.jpg	shuffled	00716	00716
03797	03797	03797.jpg	04813.jpg	shuffled	04813	04813
03798	03798	03798.jpg	04329.jpg	shuffled	04329	04329
03799	03799	03799.jpg	12281.jpg	shuffled	12281	12281
03800	03800	03800.jpg	09659.jpg	shuffled	09659	09659
03801	03801	03801.jpg	14026.jpg	shuffled	14026	14026
03802	03802	03802.jpg	12944.jpg	shuffled	12944	12944
03803	03803	03803.jpg	07899.jpg	shuffled	07899	07899
03804	03804	03804.jpg	14511.jpg	shuffled	14511	14511
03805	03805	03805.jpg	05742.jpg	shuffled	05742	05742
03806	03806	03806.jpg	14056.jpg	shuffled	14056	14056
03807	03807	03807.jpg	03637.jpg	shuffled	03637	03637
03808	03808	03808.jpg	16419.jpg	shuffled	16419	16419
03809	03809	03809.jpg	01809.jpg	shuffled	01809	01809
03810	03810	03810.jpg	01248.jpg	shuffled	01248	01248
03811	03811	03811.jpg	13417.jpg	shuffled	13417	13417
03812	03812	03812.jpg	10393.jpg	shuffled	10393	10393
03813	03813	03813.jpg	04964.jpg	shuffled	04964	04964
03814	03814	03814.jpg	01083.jpg	shuffled	01083	01083
03815	03815	03815.jpg	05173.jpg	shuffled	05173	05173
03816	03816	03816.jpg	10349.jpg	shuffled	10349	10349
03817	03817	03817.jpg	17741.jpg	shuffled	17741	17741
03818	03818	03818.jpg	09552.jpg	shuffled	09552	09552
03819	03819	03819.jpg	17635.jpg	shuffled	17635	17635
03820	03820	03820.jpg	06417.jpg	shuffled	06417	06417
03821	03821	03821.jpg	15648.jpg	shuffled	15648	15648
03822	03822	03822.jpg	11764.jpg	shuffled	11764	11764
03823	03823	03823.jpg	03004.jpg	shuffled	03004	03004
03824	03824	03824.jpg	07841.jpg	shuffled	07841	07841
03825	03825	03825.jpg	02058.jpg	shuffled	02058	02058
03826	03826	03826.jpg	13286.jpg	shuffled	13286	13286
03827	03827	03827.jpg	06011.jpg	shuffled	06011	06011
03828	03828	03828.jpg	13511.jpg	shuffled	13511	13511
03829	03829	03829.jpg	04085.jpg	shuffled	04085	04085
03830	03830	03830.jpg	02734.jpg	shuffled	02734	02734
03831	03831	03831.jpg	17108.jpg	shuffled	17108	17108
03832	03832	03832.jpg	09695.jpg	shuffled	09695	09695
03833	03833	03833.jpg	08419.jpg	shuffled	08419	08419
03834	03834	03834.jpg	00694.jpg	shuffled	00694	00694
03835	03835	03835.jpg	12310.jpg	shuffled	12310	12310
03836	03836	03836.jpg	14043.jpg	shuffled	14043	14043
03837	03837	03837.jpg	09169.jpg	shuffled	09169	09169
03838	03838	03838.jpg	04960.jpg	shuffled	04960	04960
03839	03839	03839.jpg	11303.jpg	shuffled	11303	11303
03840	03840	03840.jpg	17169.jpg	shuffled	17169	17169
03841	03841	03841.jpg	15049.jpg	shuffled	15049	15049
03842	03842	03842.jpg	04150.jpg	shuffled	04150	04150
03843	03843	03843.jpg	15923.jpg	shuffled	15923	15923
03844	03844	03844.jpg	09226.jpg	shuffled	09226	09226
03845	03845	03845.jpg	00450.jpg	shuffled	00450	00450
03846	03846	03846.jpg	14022.jpg	shuffled	14022	14022
03847	03847	03847.jpg	17919.jpg	shuffled	17919	17919
03848	03848	03848.jpg	06197.jpg	shuffled	06197	06197
03849	03849	03849.jpg	14867.jpg	shuffled	14867	14867
03850	03850	03850.jpg	03651.jpg	shuffled	03651	03651
03851	03851	03851.jpg	10863.jpg	shuffled	10863	10863
03852	03852	03852.jpg	17310.jpg	shuffled	17310	17310
03853	03853	03853.jpg	01132.jpg	shuffled	01132	01132
03854	03854	03854.jpg	09130.jpg	shuffled	09130	09130
03855	03855	03855.jpg	02927.jpg	shuffled	02927	02927
03856	03856	03856.jpg	08380.jpg	shuffled	08380	08380
03857	03857	03857.jpg	05512.jpg	shuffled	05512	05512
03858	03858	03858.jpg	14965.jpg	shuffled	14965	14965
03859	03859	03859.jpg	00477.jpg	shuffled	00477	00477
03860	03860	03860.jpg	16963.jpg	shuffled	16963	16963
03861	03861	03861.jpg	12979.jpg	shuffled	12979	12979
03862	03862	03862.jpg	08117.jpg	shuffled	08117	08117
03863	03863	03863.jpg	08741.jpg	shuffled	08741	08741
03864	03864	03864.jpg	15602.jpg	shuffled	15602	15602
03865	03865	03865.jpg	04904.jpg	shuffled	04904	04904
03866	03866	03866.jpg	11165.jpg	shuffled	11165	11165
03867	03867	03867.jpg	17620.jpg	shuffled	17620	17620
03868	03868	03868.jpg	03419.jpg	shuffled	03419	03419
03869	03869	03869.jpg	01785.jpg	shuffled	01785	01785
03870	03870	03870.jpg	14030.jpg	shuffled	14030	14030
03871	03871	03871.jpg	09697.jpg	shuffled	09697	09697
03872	03872	03872.jpg	07869.jpg	shuffled	07869	07869
03873	03873	03873.jpg	03393.jpg	shuffled	03393	03393
03874	03874	03874.jpg	16840.jpg	shuffled	16840	16840
03875	03875	03875.jpg	14928.jpg	shuffled	14928	14928
03876	03876	03876.jpg	14674.jpg	shuffled	14674	14674
03877	03877	03877.jpg	11994.jpg	shuffled	11994	11994
03878	03878	03878.jpg	12875.jpg	shuffled	12875	12875
03879	03879	03879.jpg	13675.jpg	shuffled	13675	13675
03880	03880	03880.jpg	07678.jpg	shuffled	07678	07678
03881	03881	03881.jpg	09592.jpg	shuffled	09592	09592
03882	03882	03882.jpg	08180.jpg	shuffled	08180	08180
03883	03883	03883.jpg	00443.jpg	shuffled	00443	00443
03884	03884	03884.jpg	07871.jpg	shuffled	07871	07871
03885	03885	03885.jpg	16344.jpg	shuffled	16344	16344
03886	03886	03886.jpg	15949.jpg	shuffled	15949	15949
03887	03887	03887.jpg	15852.jpg	shuffled	15852	15852
03888	03888	03888.jpg	10784.jpg	shuffled	10784	10784
03889	03889	03889.jpg	10973.jpg	shuffled	10973	10973
03890	03890	03890.jpg	12338.jpg	shuffled	12338	12338
03891	03891	03891.jpg	00356.jpg	shuffled	00356	00356
03892	03892	03892.jpg	12739.jpg	shuffled	12739	12739
03893	03893	03893.jpg	08128.jpg	shuffled	08128	08128
03894	03894	03894.jpg	02785.jpg	shuffled	02785	02785
03895	03895	03895.jpg	13723.jpg	shuffled	13723	13723
03896	03896	03896.jpg	02456.jpg	shuffled	02456	02456
03897	03897	03897.jpg	10834.jpg	shuffled	10834	10834
03898	03898	03898.jpg	05050.jpg	shuffled	05050	05050
03899	03899	03899.jpg	17982.jpg	shuffled	17982	17982
03900	03900	03900.jpg	06782.jpg	shuffled	06782	06782
03901	03901	03901.jpg	06701.jpg	shuffled	06701	06701
03902	03902	03902.jpg	13713.jpg	shuffled	13713	13713
03903	03903	03903.jpg	09553.jpg	shuffled	09553	09553
03904	03904	03904.jpg	00864.jpg	shuffled	00864	00864
03905	03905	03905.jpg	17956.jpg	shuffled	17956	17956
03906	03906	03906.jpg	12630.jpg	shuffled	12630	12630
03907	03907	03907.jpg	02969.jpg	shuffled	02969	02969
03908	03908	03908.jpg	13067.jpg	shuffled	13067	13067
03909	03909	03909.jpg	04846.jpg	shuffled	04846	04846
03910	03910	03910.jpg	03267.jpg	shuffled	03267	03267
03911	03911	03911.jpg	00614.jpg	shuffled	00614	00614
03912	03912	03912.jpg	15587.jpg	shuffled	15587	15587
03913	03913	03913.jpg	06014.jpg	shuffled	06014	06014
03914	03914	03914.jpg	12668.jpg	shuffled	12668	12668
03915	03915	03915.jpg	02288.jpg	shuffled	02288	02288
03916	03916	03916.jpg	12127.jpg	shuffled	12127	12127
03917	03917	03917.jpg	03752.jpg	shuffled	03752	03752
03918	03918	03918.jpg	16414.jpg	shuffled	16414	16414
03919	03919	03919.jpg	02681.jpg	shuffled	02681	02681
03920	03920	03920.jpg	07042.jpg	shuffled	07042	07042
03921	03921	03921.jpg	11946.jpg	shuffled	11946	11946
03922	03922	03922.jpg	15082.jpg	shuffled	15082	15082
03923	03923	03923.jpg	05873.jpg	shuffled	05873	05873
03924	03924	03924.jpg	08037.jpg	shuffled	08037	08037
03925	03925	03925.jpg	02481.jpg	shuffled	02481	02481
03926	03926	03926.jpg	13099.jpg	shuffled	13099	13099
03927	03927	03927.jpg	05130.jpg	shuffled	05130	05130
03928	03928	03928.jpg	11191.jpg	shuffled	11191	11191
03929	03929	03929.jpg	12614.jpg	shuffled	12614	12614
03930	03930	03930.jpg	07881.jpg	shuffled	07881	07881
03931	03931	03931.jpg	07210.jpg	shuffled	07210	07210
03932	03932	03932.jpg	16440.jpg	shuffled	16440	16440
03933	03933	03933.jpg	09444.jpg	shuffled	09444	09444
03934	03934	03934.jpg	08951.jpg	shuffled	08951	08951
03935	03935	03935.jpg	11547.jpg	shuffled	11547	11547
03936	03936	03936.jpg	03208.jpg	shuffled	03208	03208
03937	03937	03937.jpg	15526.jpg	shuffled	15526	15526
03938	03938	03938.jpg	14949.jpg	shuffled	14949	14949
03939	03939	03939.jpg	05760.jpg	shuffled	05760	05760
03940	03940	03940.jpg	04671.jpg	shuffled	04671	04671
03941	03941	03941.jpg	06087.jpg	shuffled	06087	06087
03942	03942	03942.jpg	07886.jpg	shuffled	07886	07886
03943	03943	03943.jpg	01698.jpg	shuffled	01698	01698
03944	03944	03944.jpg	01403.jpg	shuffled	01403	01403
03945	03945	03945.jpg	01715.jpg	shuffled	01715	01715
03946	03946	03946.jpg	15829.jpg	shuffled	15829	15829
03947	03947	03947.jpg	04075.jpg	shuffled	04075	04075
03948	03948	03948.jpg	01653.jpg	shuffled	01653	01653
03949	03949	03949.jpg	11436.jpg	shuffled	11436	11436
03950	03950	03950.jpg	13682.jpg	shuffled	13682	13682
03951	03951	03951.jpg	02794.jpg	shuffled	02794	02794
03952	03952	03952.jpg	12480.jpg	shuffled	12480	12480
03953	03953	03953.jpg	07834.jpg	shuffled	07834	07834
03954	03954	03954.jpg	15661.jpg	shuffled	15661	15661
03955	03955	03955.jpg	12824.jpg	shuffled	12824	12824
03956	03956	03956.jpg	02106.jpg	shuffled	02106	02106
03957	03957	03957.jpg	00506.jpg	shuffled	00506	00506
03958	03958	03958.jpg	02129.jpg	shuffled	02129	02129
03959	03959	03959.jpg	14235.jpg	shuffled	14235	14235
03960	03960	03960.jpg	16043.jpg	shuffled	16043	16043
03961	03961	03961.jpg	09465.jpg	shuffled	09465	09465
03962	03962	03962.jpg	17458.jpg	shuffled	17458	17458
03963	03963	03963.jpg	17675.jpg	shuffled	17675	17675
03964	03964	03964.jpg	04659.jpg	shuffled	04659	04659
03965	03965	03965.jpg	12908.jpg	shuffled	12908	12908
03966	03966	03966.jpg	02689.jpg	shuffled	02689	02689
03967	03967	03967.jpg	09760.jpg	shuffled	09760	09760
03968	03968	03968.jpg	17381.jpg	shuffled	17381	17381
03969	03969	03969.jpg	04737.jpg	shuffled	04737	04737
03970	03970	03970.jpg	16102.jpg	shuffled	16102	16102
03971	03971	03971.jpg	01143.jpg	shuffled	01143	01143
03972	03972	03972.jpg	04665.jpg	shuffled	04665	04665
03973	03973	03973.jpg	12438.jpg	shuffled	12438	12438
03974	03974	03974.jpg	08731.jpg	shuffled	08731	08731
03975	03975	03975.jpg	01173.jpg	shuffled	01173	01173
03976	03976	03976.jpg	16723.jpg	shuffled	16723	16723
03977	03977	03977.jpg	17389.jpg	shuffled	17389	17389
03978	03978	03978.jpg	16049.jpg	shuffled	16049	16049
03979	03979	03979.jpg	02333.jpg	shuffled	02333	02333
03980	03980	03980.jpg	09537.jpg	shuffled	09537	09537
03981	03981	03981.jpg	07892.jpg	shuffled	07892	07892
03982	03982	03982.jpg	06075.jpg	shuffled	06075	06075
03983	03983	03983.jpg	00271.jpg	shuffled	00271	00271
03984	03984	03984.jpg	00515.jpg	shuffled	00515	00515
03985	03985	03985.jpg	07515.jpg	shuffled	07515	07515
03986	03986	03986.jpg	17945.jpg	shuffled	17945	17945
03987	03987	03987.jpg	14749.jpg	shuffled	14749	14749
03988	03988	03988.jpg	00963.jpg	shuffled	00963	00963
03989	03989	03989.jpg	05245.jpg	shuffled	05245	05245
03990	03990	03990.jpg	12075.jpg	shuffled	12075	12075
03991	03991	03991.jpg	08354.jpg	shuffled	08354	08354
03992	03992	03992.jpg	12890.jpg	shuffled	12890	12890
03993	03993	03993.jpg	04015.jpg	shuffled	04015	04015
03994	03994	03994.jpg	01916.jpg	shuffled	01916	01916
03995	03995	03995.jpg	04098.jpg	shuffled	04098	04098
03996	03996	03996.jpg	11225.jpg	shuffled	11225	11225
03997	03997	03997.jpg	13972.jpg	shuffled	13972	13972
03998	03998	03998.jpg	12916.jpg	shuffled	12916	12916
03999	03999	03999.jpg	17093.jpg	shuffled	17093	17093
04000	04000	04000.jpg	03739.jpg	shuffled	03739	03739
04001	04001	04001.jpg	09349.jpg	shuffled	09349	09349
04002	04002	04002.jpg	08640.jpg	shuffled	08640	08640
04003	04003	04003.jpg	15586.jpg	shuffled	15586	15586
04004	04004	04004.jpg	09344.jpg	shuffled	09344	09344
04005	04005	04005.jpg	09077.jpg	shuffled	09077	09077
04006	04006	04006.jpg	05824.jpg	shuffled	05824	05824
04007	04007	04007.jpg	17132.jpg	shuffled	17132	17132
04008	04008	04008.jpg	12927.jpg	shuffled	12927	12927
04009	04009	04009.jpg	05051.jpg	shuffled	05051	05051
04010	04010	04010.jpg	13806.jpg	shuffled	13806	13806
04011	04011	04011.jpg	11955.jpg	shuffled	11955	11955
04012	04012	04012.jpg	01432.jpg	shuffled	01432	01432
04013	04013	04013.jpg	14388.jpg	shuffled	14388	14388
04014	04014	04014.jpg	12200.jpg	shuffled	12200	12200
04015	04015	04015.jpg	09330.jpg	shuffled	09330	09330
04016	04016	04016.jpg	10137.jpg	shuffled	10137	10137
04017	04017	04017.jpg	03763.jpg	shuffled	03763	03763
04018	04018	04018.jpg	09638.jpg	shuffled	09638	09638
04019	04019	04019.jpg	03163.jpg	shuffled	03163	03163
04020	04020	04020.jpg	12317.jpg	shuffled	12317	12317
04021	04021	04021.jpg	05659.jpg	shuffled	05659	05659
04022	04022	04022.jpg	02417.jpg	shuffled	02417	02417
04023	04023	04023.jpg	01394.jpg	shuffled	01394	01394
04024	04024	04024.jpg	04912.jpg	shuffled	04912	04912
04025	04025	04025.jpg	04552.jpg	shuffled	04552	04552
04026	04026	04026.jpg	02741.jpg	shuffled	02741	02741
04027	04027	04027.jpg	01196.jpg	shuffled	01196	01196
04028	04028	04028.jpg	09521.jpg	shuffled	09521	09521
04029	04029	04029.jpg	08794.jpg	shuffled	08794	08794
04030	04030	04030.jpg	01441.jpg	shuffled	01441	01441
04031	04031	04031.jpg	02788.jpg	shuffled	02788	02788
04032	04032	04032.jpg	09904.jpg	shuffled	09904	09904
04033	04033	04033.jpg	17766.jpg	shuffled	17766	17766
04034	04034	04034.jpg	01415.jpg	shuffled	01415	01415
04035	04035	04035.jpg	04916.jpg	shuffled	04916	04916
04036	04036	04036.jpg	17170.jpg	shuffled	17170	17170
04037	04037	04037.jpg	04524.jpg	shuffled	04524	04524
04038	04038	04038.jpg	17308.jpg	shuffled	17308	17308
04039	04039	04039.jpg	05276.jpg	shuffled	05276	05276
04040	04040	04040.jpg	16661.jpg	shuffled	16661	16661
04041	04041	04041.jpg	08698.jpg	shuffled	08698	08698
04042	04042	04042.jpg	03218.jpg	shuffled	03218	03218
04043	04043	04043.jpg	16680.jpg	shuffled	16680	16680
04044	04044	04044.jpg	15284.jpg	shuffled	15284	15284
04045	04045	04045.jpg	14185.jpg	shuffled	14185	14185
04046	04046	04046.jpg	03767.jpg	shuffled	03767	03767
04047	04047	04047.jpg	07030.jpg	shuffled	07030	07030
04048	04048	04048.jpg	05063.jpg	shuffled	05063	05063
04049	04049	04049.jpg	07053.jpg	shuffled	07053	07053
04050	04050	04050.jpg	07924.jpg	shuffled	07924	07924
04051	04051	04051.jpg	16094.jpg	shuffled	16094	16094
04052	04052	04052.jpg	16597.jpg	shuffled	16597	16597
04053	04053	04053.jpg	05452.jpg	shuffled	05452	05452
04054	04054	04054.jpg	02548.jpg	shuffled	02548	02548
04055	04055	04055.jpg	17843.jpg	shuffled	17843	17843
04056	04056	04056.jpg	16820.jpg	shuffled	16820	16820
04057	04057	04057.jpg	03344.jpg	shuffled	03344	03344
04058	04058	04058.jpg	15958.jpg	shuffled	15958	15958
04059	04059	04059.jpg	06908.jpg	shuffled	06908	06908
04060	04060	04060.jpg	17966.jpg	shuffled	17966	17966
04061	04061	04061.jpg	03342.jpg	shuffled	03342	03342
04062	04062	04062.jpg	07123.jpg	shuffled	07123	07123
04063	04063	04063.jpg	13750.jpg	shuffled	13750	13750
04064	04064	04064.jpg	00546.jpg	shuffled	00546	00546
04065	04065	04065.jpg	14790.jpg	shuffled	14790	14790
04066	04066	04066.jpg	12909.jpg	shuffled	12909	12909
04067	04067	04067.jpg	00411.jpg	shuffled	00411	00411
04068	04068	04068.jpg	09455.jpg	shuffled	09455	09455
04069	04069	04069.jpg	06661.jpg	shuffled	06661	06661
04070	04070	04070.jpg	14924.jpg	shuffled	14924	14924
04071	04071	04071.jpg	06113.jpg	shuffled	06113	06113
04072	04072	04072.jpg	03095.jpg	shuffled	03095	03095
04073	04073	04073.jpg	00283.jpg	shuffled	00283	00283
04074	04074	04074.jpg	07751.jpg	shuffled	07751	07751
04075	04075	04075.jpg	17647.jpg	shuffled	17647	17647
04076	04076	04076.jpg	17609.jpg	shuffled	17609	17609
04077	04077	04077.jpg	11286.jpg	shuffled	11286	11286
04078	04078	04078.jpg	15994.jpg	shuffled	15994	15994
04079	04079	04079.jpg	17912.jpg	shuffled	17912	17912
04080	04080	04080.jpg	11574.jpg	shuffled	11574	11574
04081	04081	04081.jpg	14889.jpg	shuffled	14889	14889
04082	04082	04082.jpg	02387.jpg	shuffled	02387	02387
04083	04083	04083.jpg	14447.jpg	shuffled	14447	14447
04084	04084	04084.jpg	04035.jpg	shuffled	04035	04035
04085	04085	04085.jpg	11126.jpg	shuffled	11126	11126
04086	04086	04086.jpg	02326.jpg	shuffled	02326	02326
04087	04087	04087.jpg	07364.jpg	shuffled	07364	07364
04088	04088	04088.jpg	08093.jpg	shuffled	08093	08093
04089	04089	04089.jpg	09520.jpg	shuffled	09520	09520
04090	04090	04090.jpg	10878.jpg	shuffled	10878	10878
04091	04091	04091.jpg	07481.jpg	shuffled	07481	07481
04092	04092	04092.jpg	10981.jpg	shuffled	10981	10981
04093	04093	04093.jpg	08184.jpg	shuffled	08184	08184
04094	04094	04094.jpg	08165.jpg	shuffled	08165	08165
04095	04095	04095.jpg	05027.jpg	shuffled	05027	05027
04096	04096	04096.jpg	03669.jpg	shuffled	03669	03669
04097	04097	04097.jpg	01174.jpg	shuffled	01174	01174
04098	04098	04098.jpg	14622.jpg	shuffled	14622	14622
04099	04099	04099.jpg	15884.jpg	shuffled	15884	15884
04100	04100	04100.jpg	01733.jpg	shuffled	01733	01733
04101	04101	04101.jpg	15589.jpg	shuffled	15589	15589
04102	04102	04102.jpg	10897.jpg	shuffled	10897	10897
04103	04103	04103.jpg	10681.jpg	shuffled	10681	10681
04104	04104	04104.jpg	14711.jpg	shuffled	14711	14711
04105	04105	04105.jpg	14922.jpg	shuffled	14922	14922
04106	04106	04106.jpg	17636.jpg	shuffled	17636	17636
04107	04107	04107.jpg	17515.jpg	shuffled	17515	17515
04108	04108	04108.jpg	04974.jpg	shuffled	04974	04974
04109	04109	04109.jpg	07770.jpg	shuffled	07770	07770
04110	04110	04110.jpg	15012.jpg	shuffled	15012	15012
04111	04111	04111.jpg	15104.jpg	shuffled	15104	15104
04112	04112	04112.jpg	05007.jpg	shuffled	05007	05007
04113	04113	04113.jpg	16566.jpg	shuffled	16566	16566
04114	04114	04114.jpg	01375.jpg	shuffled	01375	01375
04115	04115	04115.jpg	09977.jpg	shuffled	09977	09977
04116	04116	04116.jpg	03311.jpg	shuffled	03311	03311
04117	04117	04117.jpg	07974.jpg	shuffled	07974	07974
04118	04118	04118.jpg	15294.jpg	shuffled	15294	15294
04119	04119	04119.jpg	07697.jpg	shuffled	07697	07697
04120	04120	04120.jpg	11733.jpg	shuffled	11733	11733
04121	04121	04121.jpg	04325.jpg	shuffled	04325	04325
04122	04122	04122.jpg	14257.jpg	shuffled	14257	14257
04123	04123	04123.jpg	06163.jpg	shuffled	06163	06163
04124	04124	04124.jpg	00033.jpg	shuffled	00033	00033
04125	04125	04125.jpg	11503.jpg	shuffled	11503	11503
04126	04126	04126.jpg	04123.jpg	shuffled	04123	04123
04127	04127	04127.jpg	07842.jpg	shuffled	07842	07842
04128	04128	04128.jpg	03159.jpg	shuffled	03159	03159
04129	04129	04129.jpg	07888.jpg	shuffled	07888	07888
04130	04130	04130.jpg	09799.jpg	shuffled	09799	09799
04131	04131	04131.jpg	17335.jpg	shuffled	17335	17335
04132	04132	04132.jpg	03328.jpg	shuffled	03328	03328
04133	04133	04133.jpg	13697.jpg	shuffled	13697	13697
04134	04134	04134.jpg	01127.jpg	shuffled	01127	01127
04135	04135	04135.jpg	03273.jpg	shuffled	03273	03273
04136	04136	04136.jpg	17013.jpg	shuffled	17013	17013
04137	04137	04137.jpg	15133.jpg	shuffled	15133	15133
04138	04138	04138.jpg	12473.jpg	shuffled	12473	12473
04139	04139	04139.jpg	15901.jpg	shuffled	15901	15901
04140	04140	04140.jpg	07681.jpg	shuffled	07681	07681
04141	04141	04141.jpg	00866.jpg	shuffled	00866	00866
04142	04142	04142.jpg	04899.jpg	shuffled	04899	04899
04143	04143	04143.jpg	10453.jpg	shuffled	10453	10453
04144	04144	04144.jpg	16314.jpg	shuffled	16314	16314
04145	04145	04145.jpg	05848.jpg	shuffled	05848	05848
04146	04146	04146.jpg	08538.jpg	shuffled	08538	08538
04147	04147	04147.jpg	04901.jpg	shuffled	04901	04901
04148	04148	04148.jpg	12361.jpg	shuffled	12361	12361
04149	04149	04149.jpg	01928.jpg	shuffled	01928	01928
04150	04150	04150.jpg	13936.jpg	shuffled	13936	13936
04151	04151	04151.jpg	10261.jpg	shuffled	10261	10261
04152	04152	04152.jpg	07972.jpg	shuffled	07972	07972
04153	04153	04153.jpg	11680.jpg	shuffled	11680	11680
04154	04154	04154.jpg	13428.jpg	shuffled	13428	13428
04155	04155	04155.jpg	12275.jpg	shuffled	12275	12275
04156	04156	04156.jpg	10356.jpg	shuffled	10356	10356
04157	04157	04157.jpg	09313.jpg	shuffled	09313	09313
04158	04158	04158.jpg	16946.jpg	shuffled	16946	16946
04159	04159	04159.jpg	01972.jpg	shuffled	01972	01972
04160	04160	04160.jpg	05945.jpg	shuffled	05945	05945
04161	04161	04161.jpg	06019.jpg	shuffled	06019	06019
04162	04162	04162.jpg	07749.jpg	shuffled	07749	07749
04163	04163	04163.jpg	07360.jpg	shuffled	07360	07360
04164	04164	04164.jpg	05393.jpg	shuffled	05393	05393
04165	04165	04165.jpg	17441.jpg	shuffled	17441	17441
04166	04166	04166.jpg	09623.jpg	shuffled	09623	09623
04167	04167	04167.jpg	15733.jpg	shuffled	15733	15733
04168	04168	04168.jpg	11695.jpg	shuffled	11695	11695
04169	04169	04169.jpg	06884.jpg	shuffled	06884	06884
04170	04170	04170.jpg	17123.jpg	shuffled	17123	17123
04171	04171	04171.jpg	00851.jpg	shuffled	00851	00851
04172	04172	04172.jpg	07813.jpg	shuffled	07813	07813
04173	04173	04173.jpg	00719.jpg	shuffled	00719	00719
04174	04174	04174.jpg	08413.jpg	shuffled	08413	08413
04175	04175	04175.jpg	09721.jpg	shuffled	09721	09721
04176	04176	04176.jpg	03811.jpg	shuffled	03811	03811
04177	04177	04177.jpg	04057.jpg	shuffled	04057	04057
04178	04178	04178.jpg	17866.jpg	shuffled	17866	17866
04179	04179	04179.jpg	07978.jpg	shuffled	07978	07978
04180	04180	04180.jpg	04245.jpg	shuffled	04245	04245
04181	04181	04181.jpg	03294.jpg	shuffled	03294	03294
04182	04182	04182.jpg	12869.jpg	shuffled	12869	12869
04183	04183	04183.jpg	03696.jpg	shuffled	03696	03696
04184	04184	04184.jpg	02707.jpg	shuffled	02707	02707
04185	04185	04185.jpg	17846.jpg	shuffled	17846	17846
04186	04186	04186.jpg	07118.jpg	shuffled	07118	07118
04187	04187	04187.jpg	08587.jpg	shuffled	08587	08587
04188	04188	04188.jpg	09284.jpg	shuffled	09284	09284
04189	04189	04189.jpg	02358.jpg	shuffled	02358	02358
04190	04190	04190.jpg	13476.jpg	shuffled	13476	13476
04191	04191	04191.jpg	16798.jpg	shuffled	16798	16798
04192	04192	04192.jpg	04295.jpg	shuffled	04295	04295
04193	04193	04193.jpg	02567.jpg	shuffled	02567	02567
04194	04194	04194.jpg	10674.jpg	shuffled	10674	10674
04195	04195	04195.jpg	03462.jpg	shuffled	03462	03462
04196	04196	04196.jpg	11176.jpg	shuffled	11176	11176
04197	04197	04197.jpg	03573.jpg	shuffled	03573	03573
04198	04198	04198.jpg	16305.jpg	shuffled	16305	16305
04199	04199	04199.jpg	13834.jpg	shuffled	13834	13834
04200	04200	04200.jpg	08921.jpg	shuffled	08921	08921
04201	04201	04201.jpg	09441.jpg	shuffled	09441	09441
04202	04202	04202.jpg	16925.jpg	shuffled	16925	16925
04203	04203	04203.jpg	12606.jpg	shuffled	12606	12606
04204	04204	04204.jpg	03567.jpg	shuffled	03567	03567
04205	04205	04205.jpg	04461.jpg	shuffled	04461	04461
04206	04206	04206.jpg	16822.jpg	shuffled	16822	16822
04207	04207	04207.jpg	01867.jpg	shuffled	01867	01867
04208	04208	04208.jpg	08036.jpg	shuffled	08036	08036
04209	04209	04209.jpg	17687.jpg	shuffled	17687	17687
04210	04210	04210.jpg	12067.jpg	shuffled	12067	12067
04211	04211	04211.jpg	12563.jpg	shuffled	12563	12563
04212	04212	04212.jpg	00951.jpg	shuffled	00951	00951
04213	04213	04213.jpg	03545.jpg	shuffled	03545	03545
04214	04214	04214.jpg	02134.jpg	shuffled	02134	02134
04215	04215	04215.jpg	02062.jpg	shuffled	02062	02062
04216	04216	04216.jpg	15186.jpg	shuffled	15186	15186
04217	04217	04217.jpg	04507.jpg	shuffled	04507	04507
04218	04218	04218.jpg	15624.jpg	shuffled	15624	15624
04219	04219	04219.jpg	09415.jpg	shuffled	09415	09415
04220	04220	04220.jpg	09589.jpg	shuffled	09589	09589
04221	04221	04221.jpg	06355.jpg	shuffled	06355	06355
04222	04222	04222.jpg	00034.jpg	shuffled	00034	00034
04223	04223	04223.jpg	08954.jpg	shuffled	08954	08954
04224	04224	04224.jpg	08931.jpg	shuffled	08931	08931
04225	04225	04225.jpg	09129.jpg	shuffled	09129	09129
04226	04226	04226.jpg	10646.jpg	shuffled	10646	10646
04227	04227	04227.jpg	17050.jpg	shuffled	17050	17050
04228	04228	04228.jpg	07889.jpg	shuffled	07889	07889
04229	04229	04229.jpg	09781.jpg	shuffled	09781	09781
04230	04230	04230.jpg	08860.jpg	shuffled	08860	08860
04231	04231	04231.jpg	10589.jpg	shuffled	10589	10589
04232	04232	04232.jpg	17882.jpg	shuffled	17882	17882
04233	04233	04233.jpg	01231.jpg	shuffled	01231	01231
04234	04234	04234.jpg	03788.jpg	shuffled	03788	03788
04235	04235	04235.jpg	04448.jpg	shuffled	04448	04448
04236	04236	04236.jpg	00086.jpg	shuffled	00086	00086
04237	04237	04237.jpg	03935.jpg	shuffled	03935	03935
04238	04238	04238.jpg	03347.jpg	shuffled	03347	03347
04239	04239	04239.jpg	12233.jpg	shuffled	12233	12233
04240	04240	04240.jpg	16114.jpg	shuffled	16114	16114
04241	04241	04241.jpg	06430.jpg	shuffled	06430	06430
04242	04242	04242.jpg	00789.jpg	shuffled	00789	00789
04243	04243	04243.jpg	11275.jpg	shuffled	11275	11275
04244	04244	04244.jpg	07649.jpg	shuffled	07649	07649
04245	04245	04245.jpg	15115.jpg	shuffled	15115	15115
04246	04246	04246.jpg	16781.jpg	shuffled	16781	16781
04247	04247	04247.jpg	09052.jpg	shuffled	09052	09052
04248	04248	04248.jpg	16586.jpg	shuffled	16586	16586
04249	04249	04249.jpg	11638.jpg	shuffled	11638	11638
04250	04250	04250.jpg	12482.jpg	shuffled	12482	12482
04251	04251	04251.jpg	11833.jpg	shuffled	11833	11833
04252	04252	04252.jpg	01369.jpg	shuffled	01369	01369
04253	04253	04253.jpg	03865.jpg	shuffled	03865	03865
04254	04254	04254.jpg	17658.jpg	shuffled	17658	17658
04255	04255	04255.jpg	16713.jpg	shuffled	16713	16713
04256	04256	04256.jpg	00611.jpg	shuffled	00611	00611
04257	04257	04257.jpg	01043.jpg	shuffled	01043	01043
04258	04258	04258.jpg	16093.jpg	shuffled	16093	16093
04259	04259	04259.jpg	06118.jpg	shuffled	06118	06118
04260	04260	04260.jpg	09451.jpg	shuffled	09451	09451
04261	04261	04261.jpg	04414.jpg	shuffled	04414	04414
04262	04262	04262.jpg	07420.jpg	shuffled	07420	07420
04263	04263	04263.jpg	15941.jpg	shuffled	15941	15941
04264	04264	04264.jpg	13826.jpg	shuffled	13826	13826
04265	04265	04265.jpg	08252.jpg	shuffled	08252	08252
04266	04266	04266.jpg	04887.jpg	shuffled	04887	04887
04267	04267	04267.jpg	02500.jpg	shuffled	02500	02500
04268	04268	04268.jpg	17446.jpg	shuffled	17446	17446
04269	04269	04269.jpg	17455.jpg	shuffled	17455	17455
04270	04270	04270.jpg	11907.jpg	shuffled	11907	11907
04271	04271	04271.jpg	09321.jpg	shuffled	09321	09321
04272	04272	04272.jpg	17753.jpg	shuffled	17753	17753
04273	04273	04273.jpg	14494.jpg	shuffled	14494	14494
04274	04274	04274.jpg	03514.jpg	shuffled	03514	03514
04275	04275	04275.jpg	05925.jpg	shuffled	05925	05925
04276	04276	04276.jpg	05103.jpg	shuffled	05103	05103
04277	04277	04277.jpg	13850.jpg	shuffled	13850	13850
04278	04278	04278.jpg	03799.jpg	shuffled	03799	03799
04279	04279	04279.jpg	04156.jpg	shuffled	04156	04156
04280	04280	04280.jpg	09248.jpg	shuffled	09248	09248
04281	04281	04281.jpg	05937.jpg	shuffled	05937	05937
04282	04282	04282.jpg	08209.jpg	shuffled	08209	08209
04283	04283	04283.jpg	03112.jpg	shuffled	03112	03112
04284	04284	04284.jpg	04399.jpg	shuffled	04399	04399
04285	04285	04285.jpg	00913.jpg	shuffled	00913	00913
04286	04286	04286.jpg	10677.jpg	shuffled	10677	10677
04287	04287	04287.jpg	05014.jpg	shuffled	05014	05014
04288	04288	04288.jpg	01898.jpg	shuffled	01898	01898
04289	04289	04289.jpg	02227.jpg	shuffled	02227	02227
04290	04290	04290.jpg	15841.jpg	shuffled	15841	15841
04291	04291	04291.jpg	05072.jpg	shuffled	05072	05072
04292	04292	04292.jpg	12364.jpg	shuffled	12364	12364
04293	04293	04293.jpg	11516.jpg	shuffled	11516	11516
04294	04294	04294.jpg	12053.jpg	shuffled	12053	12053
04295	04295	04295.jpg	04190.jpg	shuffled	04190	04190
04296	04296	04296.jpg	02089.jpg	shuffled	02089	02089
04297	04297	04297.jpg	13065.jpg	shuffled	13065	13065
04298	04298	04298.jpg	07442.jpg	shuffled	07442	07442
04299	04299	04299.jpg	02402.jpg	shuffled	02402	02402
04300	04300	04300.jpg	16736.jpg	shuffled	16736	16736
04301	04301	04301.jpg	04357.jpg	shuffled	04357	04357
04302	04302	04302.jpg	02989.jpg	shuffled	02989	02989
04303	04303	04303.jpg	06432.jpg	shuffled	06432	06432
04304	04304	04304.jpg	11504.jpg	shuffled	11504	11504
04305	04305	04305.jpg	15832.jpg	shuffled	15832	15832
04306	04306	04306.jpg	04290.jpg	shuffled	04290	04290
04307	04307	04307.jpg	02204.jpg	shuffled	02204	02204
04308	04308	04308.jpg	06186.jpg	shuffled	06186	06186
04309	04309	04309.jpg	11945.jpg	shuffled	11945	11945
04310	04310	04310.jpg	04335.jpg	shuffled	04335	04335
04311	04311	04311.jpg	00953.jpg	shuffled	00953	00953
04312	04312	04312.jpg	10926.jpg	shuffled	10926	10926
04313	04313	04313.jpg	07811.jpg	shuffled	07811	07811
04314	04314	04314.jpg	15621.jpg	shuffled	15621	15621
04315	04315	04315.jpg	13276.jpg	shuffled	13276	13276
04316	04316	04316.jpg	13260.jpg	shuffled	13260	13260
04317	04317	04317.jpg	12186.jpg	shuffled	12186	12186
04318	04318	04318.jpg	14220.jpg	shuffled	14220	14220
04319	04319	04319.jpg	16123.jpg	shuffled	16123	16123
04320	04320	04320.jpg	02811.jpg	shuffled	02811	02811
04321	04321	04321.jpg	03287.jpg	shuffled	03287	03287
04322	04322	04322.jpg	09716.jpg	shuffled	09716	09716
04323	04323	04323.jpg	12643.jpg	shuffled	12643	12643
04324	04324	04324.jpg	07583.jpg	shuffled	07583	07583
04325	04325	04325.jpg	13161.jpg	shuffled	13161	13161
04326	04326	04326.jpg	14981.jpg	shuffled	14981	14981
04327	04327	04327.jpg	13937.jpg	shuffled	13937	13937
04328	04328	04328.jpg	12478.jpg	shuffled	12478	12478
04329	04329	04329.jpg	04473.jpg	shuffled	04473	04473
04330	04330	04330.jpg	09458.jpg	shuffled	09458	09458
04331	04331	04331.jpg	06082.jpg	shuffled	06082	06082
04332	04332	04332.jpg	00049.jpg	shuffled	00049	00049
04333	04333	04333.jpg	11290.jpg	shuffled	11290	11290
04334	04334	04334.jpg	10882.jpg	shuffled	10882	10882
04335	04335	04335.jpg	15064.jpg	shuffled	15064	15064
04336	04336	04336.jpg	07748.jpg	shuffled	07748	07748
04337	04337	04337.jpg	07954.jpg	shuffled	07954	07954
04338	04338	04338.jpg	09776.jpg	shuffled	09776	09776
04339	04339	04339.jpg	06930.jpg	shuffled	06930	06930
04340	04340	04340.jpg	00052.jpg	shuffled	00052	00052
04341	04341	04341.jpg	14069.jpg	shuffled	14069	14069
04342	04342	04342.jpg	13247.jpg	shuffled	13247	13247
04343	04343	04343.jpg	09635.jpg	shuffled	09635	09635
04344	04344	04344.jpg	00801.jpg	shuffled	00801	00801
04345	04345	04345.jpg	16953.jpg	shuffled	16953	16953
04346	04346	04346.jpg	09148.jpg	shuffled	09148	09148
04347	04347	04347.jpg	09094.jpg	shuffled	09094	09094
04348	04348	04348.jpg	13625.jpg	shuffled	13625	13625
04349	04349	04349.jpg	08672.jpg	shuffled	08672	08672
04350	04350	04350.jpg	07714.jpg	shuffled	07714	07714
04351	04351	04351.jpg	17192.jpg	shuffled	17192	17192
04352	04352	04352.jpg	00116.jpg	shuffled	00116	00116
04353	04353	04353.jpg	12213.jpg	shuffled	12213	12213
04354	04354	04354.jpg	16177.jpg	shuffled	16177	16177
04355	04355	04355.jpg	12086.jpg	shuffled	12086	12086
04356	04356	04356.jpg	01312.jpg	shuffled	01312	01312
04357	04357	04357.jpg	04466.jpg	shuffled	04466	04466
04358	04358	04358.jpg	16154.jpg	shuffled	16154	16154
04359	04359	04359.jpg	04419.jpg	shuffled	04419	04419
04360	04360	04360.jpg	04313.jpg	shuffled	04313	04313
04361	04361	04361.jpg	04838.jpg	shuffled	04838	04838
04362	04362	04362.jpg	11146.jpg	shuffled	11146	11146
04363	04363	04363.jpg	13894.jpg	shuffled	13894	13894
04364	04364	04364.jpg	16328.jpg	shuffled	16328	16328
04365	04365	04365.jpg	07651.jpg	shuffled	07651	07651
04366	04366	04366.jpg	14568.jpg	shuffled	14568	14568
04367	04367	04367.jpg	15370.jpg	shuffled	15370	15370
04368	04368	04368.jpg	05269.jpg	shuffled	05269	05269
04369	04369	04369.jpg	15793.jpg	shuffled	15793	15793
04370	04370	04370.jpg	06754.jpg	shuffled	06754	06754
04371	04371	04371.jpg	06266.jpg	shuffled	06266	06266
04372	04372	04372.jpg	16358.jpg	shuffled	16358	16358
04373	04373	04373.jpg	14171.jpg	shuffled	14171	14171
04374	04374	04374.jpg	00253.jpg	shuffled	00253	00253
04375	04375	04375.jpg	06271.jpg	shuffled	06271	06271
04376	04376	04376.jpg	10688.jpg	shuffled	10688	10688
04377	04377	04377.jpg	06070.jpg	shuffled	06070	06070
04378	04378	04378.jpg	04292.jpg	shuffled	04292	04292
04379	04379	04379.jpg	02273.jpg	shuffled	02273	02273
04380	04380	04380.jpg	02715.jpg	shuffled	02715	02715
04381	04381	04381.jpg	17477.jpg	shuffled	17477	17477
04382	04382	04382.jpg	12865.jpg	shuffled	12865	12865
04383	04383	04383.jpg	05761.jpg	shuffled	05761	05761
04384	04384	04384.jpg	12217.jpg	shuffled	12217	12217
04385	04385	04385.jpg	07124.jpg	shuffled	07124	07124
04386	04386	04386.jpg	16162.jpg	shuffled	16162	16162
04387	04387	04387.jpg	03519.jpg	shuffled	03519	03519
04388	04388	04388.jpg	02357.jpg	shuffled	02357	02357
04389	04389	04389.jpg	14634.jpg	shuffled	14634	14634
04390	04390	04390.jpg	15651.jpg	shuffled	15651	15651
04391	04391	04391.jpg	17226.jpg	shuffled	17226	17226
04392	04392	04392.jpg	04349.jpg	shuffled	04349	04349
04393	04393	04393.jpg	06316.jpg	shuffled	06316	06316
04394	04394	04394.jpg	10548.jpg	shuffled	10548	10548
04395	04395	04395.jpg	15406.jpg	shuffled	15406	15406
04396	04396	04396.jpg	04747.jpg	shuffled	04747	04747
04397	04397	04397.jpg	05763.jpg	shuffled	05763	05763
04398	04398	04398.jpg	08356.jpg	shuffled	08356	08356
04399	04399	04399.jpg	13993.jpg	shuffled	13993	13993
04400	04400	04400.jpg	06817.jpg	shuffled	06817	06817
04401	04401	04401.jpg	10106.jpg	shuffled	10106	10106
04402	04402	04402.jpg	16555.jpg	shuffled	16555	16555
04403	04403	04403.jpg	08664.jpg	shuffled	08664	08664
04404	04404	04404.jpg	16239.jpg	shuffled	16239	16239
04405	04405	04405.jpg	08106.jpg	shuffled	08106	08106
04406	04406	04406.jpg	14271.jpg	shuffled	14271	14271
04407	04407	04407.jpg	00957.jpg	shuffled	00957	00957
04408	04408	04408.jpg	03363.jpg	shuffled	03363	03363
04409	04409	04409.jpg	03596.jpg	shuffled	03596	03596
04410	04410	04410.jpg	13288.jpg	shuffled	13288	13288
04411	04411	04411.jpg	12942.jpg	shuffled	12942	12942
04412	04412	04412.jpg	10727.jpg	shuffled	10727	10727
04413	04413	04413.jpg	01584.jpg	shuffled	01584	01584
04414	04414	04414.jpg	13667.jpg	shuffled	13667	13667
04415	04415	04415.jpg	01316.jpg	shuffled	01316	01316
04416	04416	04416.jpg	16062.jpg	shuffled	16062	16062
04417	04417	04417.jpg	10526.jpg	shuffled	10526	10526
04418	04418	04418.jpg	15365.jpg	shuffled	15365	15365
04419	04419	04419.jpg	10337.jpg	shuffled	10337	10337
04420	04420	04420.jpg	13215.jpg	shuffled	13215	13215
04421	04421	04421.jpg	04855.jpg	shuffled	04855	04855
04422	04422	04422.jpg	04794.jpg	shuffled	04794	04794
04423	04423	04423.jpg	15144.jpg	shuffled	15144	15144
04424	04424	04424.jpg	06652.jpg	shuffled	06652	06652
04425	04425	04425.jpg	10911.jpg	shuffled	10911	10911
04426	04426	04426.jpg	12864.jpg	shuffled	12864	12864
04427	04427	04427.jpg	10687.jpg	shuffled	10687	10687
04428	04428	04428.jpg	11926.jpg	shuffled	11926	11926
04429	04429	04429.jpg	13346.jpg	shuffled	13346	13346
04430	04430	04430.jpg	04580.jpg	shuffled	04580	04580
04431	04431	04431.jpg	10583.jpg	shuffled	10583	10583
04432	04432	04432.jpg	09936.jpg	shuffled	09936	09936
04433	04433	04433.jpg	00800.jpg	shuffled	00800	00800
04434	04434	04434.jpg	09953.jpg	shuffled	09953	09953
04435	04435	04435.jpg	03715.jpg	shuffled	03715	03715
04436	04436	04436.jpg	04988.jpg	shuffled	04988	04988
04437	04437	04437.jpg	03000.jpg	shuffled	03000	03000
04438	04438	04438.jpg	04842.jpg	shuffled	04842	04842
04439	04439	04439.jpg	16033.jpg	shuffled	16033	16033
04440	04440	04440.jpg	14643.jpg	shuffled	14643	14643
04441	04441	04441.jpg	08597.jpg	shuffled	08597	08597
04442	04442	04442.jpg	14825.jpg	shuffled	14825	14825
04443	04443	04443.jpg	13208.jpg	shuffled	13208	13208
04444	04444	04444.jpg	17080.jpg	shuffled	17080	17080
04445	04445	04445.jpg	16900.jpg	shuffled	16900	16900
04446	04446	04446.jpg	01099.jpg	shuffled	01099	01099
04447	04447	04447.jpg	16504.jpg	shuffled	16504	16504
04448	04448	04448.jpg	05985.jpg	shuffled	05985	05985
04449	04449	04449.jpg	04152.jpg	shuffled	04152	04152
04450	04450	04450.jpg	17859.jpg	shuffled	17859	17859
04451	04451	04451.jpg	09575.jpg	shuffled	09575	09575
04452	04452	04452.jpg	03205.jpg	shuffled	03205	03205
04453	04453	04453.jpg	01660.jpg	shuffled	01660	01660
04454	04454	04454.jpg	01241.jpg	shuffled	01241	01241
04455	04455	04455.jpg	06366.jpg	shuffled	06366	06366
04456	04456	04456.jpg	11836.jpg	shuffled	11836	11836
04457	04457	04457.jpg	03396.jpg	shuffled	03396	03396
04458	04458	04458.jpg	10391.jpg	shuffled	10391	10391
04459	04459	04459.jpg	13028.jpg	shuffled	13028	13028
04460	04460	04460.jpg	17346.jpg	shuffled	17346	17346
04461	04461	04461.jpg	11304.jpg	shuffled	11304	11304
04462	04462	04462.jpg	07738.jpg	shuffled	07738	07738
04463	04463	04463.jpg	00561.jpg	shuffled	00561	00561
04464	04464	04464.jpg	01863.jpg	shuffled	01863	01863
04465	04465	04465.jpg	04375.jpg	shuffled	04375	04375
04466	04466	04466.jpg	09703.jpg	shuffled	09703	09703
04467	04467	04467.jpg	09477.jpg	shuffled	09477	09477
04468	04468	04468.jpg	03448.jpg	shuffled	03448	03448
04469	04469	04469.jpg	03314.jpg	shuffled	03314	03314
04470	04470	04470.jpg	06191.jpg	shuffled	06191	06191
04471	04471	04471.jpg	12745.jpg	shuffled	12745	12745
04472	04472	04472.jpg	02190.jpg	shuffled	02190	02190
04473	04473	04473.jpg	07135.jpg	shuffled	07135	07135
04474	04474	04474.jpg	13180.jpg	shuffled	13180	13180
04475	04475	04475.jpg	11601.jpg	shuffled	11601	11601
04476	04476	04476.jpg	14479.jpg	shuffled	14479	14479
04477	04477	04477.jpg	17884.jpg	shuffled	17884	17884
04478	04478	04478.jpg	14011.jpg	shuffled	14011	14011
04479	04479	04479.jpg	11766.jpg	shuffled	11766	11766
04480	04480	04480.jpg	15539.jpg	shuffled	15539	15539
04481	04481	04481.jpg	01775.jpg	shuffled	01775	01775
04482	04482	04482.jpg	12597.jpg	shuffled	12597	12597
04483	04483	04483.jpg	13741.jpg	shuffled	13741	13741
04484	04484	04484.jpg	11322.jpg	shuffled	11322	11322
04485	04485	04485.jpg	00421.jpg	shuffled	00421	00421
04486	04486	04486.jpg	04590.jpg	shuffled	04590	04590
04487	04487	04487.jpg	05957.jpg	shuffled	05957	05957
04488	04488	04488.jpg	08738.jpg	shuffled	08738	08738
04489	04489	04489.jpg	13965.jpg	shuffled	13965	13965
04490	04490	04490.jpg	10536.jpg	shuffled	10536	10536
04491	04491	04491.jpg	10029.jpg	shuffled	10029	10029
04492	04492	04492.jpg	05879.jpg	shuffled	05879	05879
04493	04493	04493.jpg	13721.jpg	shuffled	13721	13721
04494	04494	04494.jpg	10564.jpg	shuffled	10564	10564
04495	04495	04495.jpg	06794.jpg	shuffled	06794	06794
04496	04496	04496.jpg	13512.jpg	shuffled	13512	13512
04497	04497	04497.jpg	10579.jpg	shuffled	10579	10579
04498	04498	04498.jpg	03542.jpg	shuffled	03542	03542
04499	04499	04499.jpg	16470.jpg	shuffled	16470	16470
04500	04500	04500.jpg	08913.jpg	shuffled	08913	08913
04501	04501	04501.jpg	05819.jpg	shuffled	05819	05819
04502	04502	04502.jpg	09664.jpg	shuffled	09664	09664
04503	04503	04503.jpg	06033.jpg	shuffled	06033	06033
04504	04504	04504.jpg	02970.jpg	shuffled	02970	02970
04505	04505	04505.jpg	11058.jpg	shuffled	11058	11058
04506	04506	04506.jpg	03248.jpg	shuffled	03248	03248
04507	04507	04507.jpg	10403.jpg	shuffled	10403	10403
04508	04508	04508.jpg	00481.jpg	shuffled	00481	00481
04509	04509	04509.jpg	11408.jpg	shuffled	11408	11408
04510	04510	04510.jpg	10204.jpg	shuffled	10204	10204
04511	04511	04511.jpg	13985.jpg	shuffled	13985	13985
04512	04512	04512.jpg	04320.jpg	shuffled	04320	04320
04513	04513	04513.jpg	17445.jpg	shuffled	17445	17445
04514	04514	04514.jpg	17626.jpg	shuffled	17626	17626
04515	04515	04515.jpg	07001.jpg	shuffled	07001	07001
04516	04516	04516.jpg	11378.jpg	shuffled	11378	11378
04517	04517	04517.jpg	03750.jpg	shuffled	03750	03750
04518	04518	04518.jpg	07622.jpg	shuffled	07622	07622
04519	04519	04519.jpg	11895.jpg	shuffled	11895	11895
04520	04520	04520.jpg	05095.jpg	shuffled	05095	05095
04521	04521	04521.jpg	06660.jpg	shuffled	06660	06660
04522	04522	04522.jpg	09253.jpg	shuffled	09253	09253
04523	04523	04523.jpg	12590.jpg	shuffled	12590	12590
04524	04524	04524.jpg	02546.jpg	shuffled	02546	02546
04525	04525	04525.jpg	06073.jpg	shuffled	06073	06073
04526	04526	04526.jpg	16316.jpg	shuffled	16316	16316
04527	04527	04527.jpg	17131.jpg	shuffled	17131	17131
04528	04528	04528.jpg	03521.jpg	shuffled	03521	03521
04529	04529	04529.jpg	14436.jpg	shuffled	14436	14436
04530	04530	04530.jpg	06257.jpg	shuffled	06257	06257
04531	04531	04531.jpg	07240.jpg	shuffled	07240	07240
04532	04532	04532.jpg	12490.jpg	shuffled	12490	12490
04533	04533	04533.jpg	02995.jpg	shuffled	02995	02995
04534	04534	04534.jpg	08660.jpg	shuffled	08660	08660
04535	04535	04535.jpg	01367.jpg	shuffled	01367	01367
04536	04536	04536.jpg	05131.jpg	shuffled	05131	05131
04537	04537	04537.jpg	12567.jpg	shuffled	12567	12567
04538	04538	04538.jpg	17601.jpg	shuffled	17601	17601
04539	04539	04539.jpg	01939.jpg	shuffled	01939	01939
04540	04540	04540.jpg	12302.jpg	shuffled	12302	12302
04541	04541	04541.jpg	07668.jpg	shuffled	07668	07668
04542	04542	04542.jpg	09884.jpg	shuffled	09884	09884
04543	04543	04543.jpg	13485.jpg	shuffled	13485	13485
04544	04544	04544.jpg	07308.jpg	shuffled	07308	07308
04545	04545	04545.jpg	15001.jpg	shuffled	15001	15001
04546	04546	04546.jpg	01800.jpg	shuffled	01800	01800
04547	04547	04547.jpg	05193.jpg	shuffled	05193	05193
04548	04548	04548.jpg	01811.jpg	shuffled	01811	01811
04549	04549	04549.jpg	14119.jpg	shuffled	14119	14119
04550	04550	04550.jpg	17751.jpg	shuffled	17751	17751
04551	04551	04551.jpg	15561.jpg	shuffled	15561	15561
04552	04552	04552.jpg	06005.jpg	shuffled	06005	06005
04553	04553	04553.jpg	00505.jpg	shuffled	00505	00505
04554	04554	04554.jpg	09606.jpg	shuffled	09606	09606
04555	04555	04555.jpg	08744.jpg	shuffled	08744	08744
04556	04556	04556.jpg	02684.jpg	shuffled	02684	02684
04557	04557	04557.jpg	06291.jpg	shuffled	06291	06291
04558	04558	04558.jpg	03195.jpg	shuffled	03195	03195
04559	04559	04559.jpg	15046.jpg	shuffled	15046	15046
04560	04560	04560.jpg	10771.jpg	shuffled	10771	10771
04561	04561	04561.jpg	17664.jpg	shuffled	17664	17664
04562	04562	04562.jpg	06676.jpg	shuffled	06676	06676
04563	04563	04563.jpg	15975.jpg	shuffled	15975	15975
04564	04564	04564.jpg	06357.jpg	shuffled	06357	06357
04565	04565	04565.jpg	05549.jpg	shuffled	05549	05549
04566	04566	04566.jpg	14721.jpg	shuffled	14721	14721
04567	04567	04567.jpg	00174.jpg	shuffled	00174	00174
04568	04568	04568.jpg	15408.jpg	shuffled	15408	15408
04569	04569	04569.jpg	03042.jpg	shuffled	03042	03042
04570	04570	04570.jpg	17584.jpg	shuffled	17584	17584
04571	04571	04571.jpg	01496.jpg	shuffled	01496	01496
04572	04572	04572.jpg	16263.jpg	shuffled	16263	16263
04573	04573	04573.jpg	08923.jpg	shuffled	08923	08923
04574	04574	04574.jpg	03785.jpg	shuffled	03785	03785
04575	04575	04575.jpg	14466.jpg	shuffled	14466	14466
04576	04576	04576.jpg	06735.jpg	shuffled	06735	06735
04577	04577	04577.jpg	05530.jpg	shuffled	05530	05530
04578	04578	04578.jpg	03577.jpg	shuffled	03577	03577
04579	04579	04579.jpg	14141.jpg	shuffled	14141	14141
04580	04580	04580.jpg	17976.jpg	shuffled	17976	17976
04581	04581	04581.jpg	02225.jpg	shuffled	02225	02225
04582	04582	04582.jpg	12372.jpg	shuffled	12372	12372
04583	04583	04583.jpg	12777.jpg	shuffled	12777	12777
04584	04584	04584.jpg	01677.jpg	shuffled	01677	01677
04585	04585	04585.jpg	05526.jpg	shuffled	05526	05526
04586	04586	04586.jpg	09580.jpg	shuffled	09580	09580
04587	04587	04587.jpg	15502.jpg	shuffled	15502	15502
04588	04588	04588.jpg	13193.jpg	shuffled	13193	13193
04589	04589	04589.jpg	07666.jpg	shuffled	07666	07666
04590	04590	04590.jpg	00109.jpg	shuffled	00109	00109
04591	04591	04591.jpg	15590.jpg	shuffled	15590	15590
04592	04592	04592.jpg	10197.jpg	shuffled	10197	10197
04593	04593	04593.jpg	12368.jpg	shuffled	12368	12368
04594	04594	04594.jpg	14300.jpg	shuffled	14300	14300
04595	04595	04595.jpg	11106.jpg	shuffled	11106	11106
04596	04596	04596.jpg	15232.jpg	shuffled	15232	15232
04597	04597	04597.jpg	01018.jpg	shuffled	01018	01018
04598	04598	04598.jpg	06863.jpg	shuffled	06863	06863
04599	04599	04599.jpg	08593.jpg	shuffled	08593	08593
04600	04600	04600.jpg	02645.jpg	shuffled	02645	02645
04601	04601	04601.jpg	08834.jpg	shuffled	08834	08834
04602	04602	04602.jpg	08288.jpg	shuffled	08288	08288
04603	04603	04603.jpg	09508.jpg	shuffled	09508	09508
04604	04604	04604.jpg	09136.jpg	shuffled	09136	09136
04605	04605	04605.jpg	17090.jpg	shuffled	17090	17090
04606	04606	04606.jpg	11969.jpg	shuffled	11969	11969
04607	04607	04607.jpg	11682.jpg	shuffled	11682	11682
04608	04608	04608.jpg	12501.jpg	shuffled	12501	12501
04609	04609	04609.jpg	10812.jpg	shuffled	10812	10812
04610	04610	04610.jpg	11582.jpg	shuffled	11582	11582
04611	04611	04611.jpg	05484.jpg	shuffled	05484	05484
04612	04612	04612.jpg	01658.jpg	shuffled	01658	01658
04613	04613	04613.jpg	15846.jpg	shuffled	15846	15846
04614	04614	04614.jpg	01841.jpg	shuffled	01841	01841
04615	04615	04615.jpg	01448.jpg	shuffled	01448	01448
04616	04616	04616.jpg	13045.jpg	shuffled	13045	13045
04617	04617	04617.jpg	06138.jpg	shuffled	06138	06138
04618	04618	04618.jpg	07973.jpg	shuffled	07973	07973
04619	04619	04619.jpg	02789.jpg	shuffled	02789	02789
04620	04620	04620.jpg	12667.jpg	shuffled	12667	12667
04621	04621	04621.jpg	03494.jpg	shuffled	03494	03494
04622	04622	04622.jpg	17961.jpg	shuffled	17961	17961
04623	04623	04623.jpg	15983.jpg	shuffled	15983	15983
04624	04624	04624.jpg	07060.jpg	shuffled	07060	07060
04625	04625	04625.jpg	09046.jpg	shuffled	09046	09046
04626	04626	04626.jpg	08144.jpg	shuffled	08144	08144
04627	04627	04627.jpg	11859.jpg	shuffled	11859	11859
04628	04628	04628.jpg	09407.jpg	shuffled	09407	09407
04629	04629	04629.jpg	17015.jpg	shuffled	17015	17015
04630	04630	04630.jpg	10194.jpg	shuffled	10194	10194
04631	04631	04631.jpg	02601.jpg	shuffled	02601	02601
04632	04632	04632.jpg	00565.jpg	shuffled	00565	00565
04633	04633	04633.jpg	06840.jpg	shuffled	06840	06840
04634	04634	04634.jpg	08616.jpg	shuffled	08616	08616
04635	04635	04635.jpg	04831.jpg	shuffled	04831	04831
04636	04636	04636.jpg	13308.jpg	shuffled	13308	13308
04637	04637	04637.jpg	13699.jpg	shuffled	13699	13699
04638	04638	04638.jpg	04728.jpg	shuffled	04728	04728
04639	04639	04639.jpg	06532.jpg	shuffled	06532	06532
04640	04640	04640.jpg	01100.jpg	shuffled	01100	01100
04641	04641	04641.jpg	17025.jpg	shuffled	17025	17025
04642	04642	04642.jpg	14865.jpg	shuffled	14865	14865
04643	04643	04643.jpg	10277.jpg	shuffled	10277	10277
04644	04644	04644.jpg	08315.jpg	shuffled	08315	08315
04645	04645	04645.jpg	09790.jpg	shuffled	09790	09790
04646	04646	04646.jpg	09922.jpg	shuffled	09922	09922
04647	04647	04647.jpg	06325.jpg	shuffled	06325	06325
04648	04648	04648.jpg	00792.jpg	shuffled	00792	00792
04649	04649	04649.jpg	04510.jpg	shuffled	04510	04510
04650	04650	04650.jpg	14483.jpg	shuffled	14483	14483
04651	04651	04651.jpg	16906.jpg	shuffled	16906	16906
04652	04652	04652.jpg	12496.jpg	shuffled	12496	12496
04653	04653	04653.jpg	00061.jpg	shuffled	00061	00061
04654	04654	04654.jpg	14010.jpg	shuffled	14010	14010
04655	04655	04655.jpg	03414.jpg	shuffled	03414	03414
04656	04656	04656.jpg	17404.jpg	shuffled	17404	17404
04657	04657	04657.jpg	09903.jpg	shuffled	09903	09903
04658	04658	04658.jpg	05615.jpg	shuffled	05615	05615
04659	04659	04659.jpg	11259.jpg	shuffled	11259	11259
04660	04660	04660.jpg	03802.jpg	shuffled	03802	03802
04661	04661	04661.jpg	04171.jpg	shuffled	04171	04171
04662	04662	04662.jpg	00340.jpg	shuffled	00340	00340
04663	04663	04663.jpg	14583.jpg	shuffled	14583	14583
04664	04664	04664.jpg	17827.jpg	shuffled	17827	17827
04665	04665	04665.jpg	02111.jpg	shuffled	02111	02111
04666	04666	04666.jpg	03694.jpg	shuffled	03694	03694
04667	04667	04667.jpg	04720.jpg	shuffled	04720	04720
04668	04668	04668.jpg	05186.jpg	shuffled	05186	05186
04669	04669	04669.jpg	04837.jpg	shuffled	04837	04837
04670	04670	04670.jpg	13429.jpg	shuffled	13429	13429
04671	04671	04671.jpg	15468.jpg	shuffled	15468	15468
04672	04672	04672.jpg	14651.jpg	shuffled	14651	14651
04673	04673	04673.jpg	06142.jpg	shuffled	06142	06142
04674	04674	04674.jpg	03415.jpg	shuffled	03415	03415
04675	04675	04675.jpg	17984.jpg	shuffled	17984	17984
04676	04676	04676.jpg	17921.jpg	shuffled	17921	17921
04677	04677	04677.jpg	01638.jpg	shuffled	01638	01638
04678	04678	04678.jpg	11412.jpg	shuffled	11412	11412
04679	04679	04679.jpg	12017.jpg	shuffled	12017	12017
04680	04680	04680.jpg	13363.jpg	shuffled	13363	13363
04681	04681	04681.jpg	15384.jpg	shuffled	15384	15384
04682	04682	04682.jpg	07891.jpg	shuffled	07891	07891
04683	04683	04683.jpg	09091.jpg	shuffled	09091	09091
04684	04684	04684.jpg	12654.jpg	shuffled	12654	12654
04685	04685	04685.jpg	00103.jpg	shuffled	00103	00103
04686	04686	04686.jpg	01643.jpg	shuffled	01643	01643
04687	04687	04687.jpg	06030.jpg	shuffled	06030	06030
04688	04688	04688.jpg	14245.jpg	shuffled	14245	14245
04689	04689	04689.jpg	03591.jpg	shuffled	03591	03591
04690	04690	04690.jpg	02044.jpg	shuffled	02044	02044
04691	04691	04691.jpg	13129.jpg	shuffled	13129	13129
04692	04692	04692.jpg	00148.jpg	shuffled	00148	00148
04693	04693	04693.jpg	10206.jpg	shuffled	10206	10206
04694	04694	04694.jpg	15394.jpg	shuffled	15394	15394
04695	04695	04695.jpg	05446.jpg	shuffled	05446	05446
04696	04696	04696.jpg	16814.jpg	shuffled	16814	16814
04697	04697	04697.jpg	16057.jpg	shuffled	16057	16057
04698	04698	04698.jpg	14503.jpg	shuffled	14503	14503
04699	04699	04699.jpg	06610.jpg	shuffled	06610	06610
04700	04700	04700.jpg	11549.jpg	shuffled	11549	11549
04701	04701	04701.jpg	16372.jpg	shuffled	16372	16372
04702	04702	04702.jpg	04632.jpg	shuffled	04632	04632
04703	04703	04703.jpg	14633.jpg	shuffled	14633	14633
04704	04704	04704.jpg	12785.jpg	shuffled	12785	12785
04705	04705	04705.jpg	00172.jpg	shuffled	00172	00172
04706	04706	04706.jpg	01703.jpg	shuffled	01703	01703
04707	04707	04707.jpg	02897.jpg	shuffled	02897	02897
04708	04708	04708.jpg	14997.jpg	shuffled	14997	14997
04709	04709	04709.jpg	08496.jpg	shuffled	08496	08496
04710	04710	04710.jpg	04958.jpg	shuffled	04958	04958
04711	04711	04711.jpg	13606.jpg	shuffled	13606	13606
04712	04712	04712.jpg	16510.jpg	shuffled	16510	16510
04713	04713	04713.jpg	04474.jpg	shuffled	04474	04474
04714	04714	04714.jpg	17297.jpg	shuffled	17297	17297
04715	04715	04715.jpg	16002.jpg	shuffled	16002	16002
04716	04716	04716.jpg	05087.jpg	shuffled	05087	05087
04717	04717	04717.jpg	13864.jpg	shuffled	13864	13864
04718	04718	04718.jpg	15568.jpg	shuffled	15568	15568
04719	04719	04719.jpg	05929.jpg	shuffled	05929	05929
04720	04720	04720.jpg	12144.jpg	shuffled	12144	12144
04721	04721	04721.jpg	14188.jpg	shuffled	14188	14188
04722	04722	04722.jpg	02047.jpg	shuffled	02047	02047
04723	04723	04723.jpg	05511.jpg	shuffled	05511	05511
04724	04724	04724.jpg	08687.jpg	shuffled	08687	08687
04725	04725	04725.jpg	15725.jpg	shuffled	15725	15725
04726	04726	04726.jpg	01931.jpg	shuffled	01931	01931
04727	04727	04727.jpg	11196.jpg	shuffled	11196	11196
04728	04728	04728.jpg	08989.jpg	shuffled	08989	08989
04729	04729	04729.jpg	15567.jpg	shuffled	15567	15567
04730	04730	04730.jpg	10509.jpg	shuffled	10509	10509
04731	04731	04731.jpg	12114.jpg	shuffled	12114	12114
04732	04732	04732.jpg	02167.jpg	shuffled	02167	02167
04733	04733	04733.jpg	09299.jpg	shuffled	09299	09299
04734	04734	04734.jpg	10840.jpg	shuffled	10840	10840
04735	04735	04735.jpg	06861.jpg	shuffled	06861	06861
04736	04736	04736.jpg	09655.jpg	shuffled	09655	09655
04737	04737	04737.jpg	11931.jpg	shuffled	11931	11931
04738	04738	04738.jpg	14846.jpg	shuffled	14846	14846
04739	04739	04739.jpg	08260.jpg	shuffled	08260	08260
04740	04740	04740.jpg	16109.jpg	shuffled	16109	16109
04741	04741	04741.jpg	12489.jpg	shuffled	12489	12489
04742	04742	04742.jpg	07675.jpg	shuffled	07675	07675
04743	04743	04743.jpg	15766.jpg	shuffled	15766	15766
04744	04744	04744.jpg	02463.jpg	shuffled	02463	02463
04745	04745	04745.jpg	12313.jpg	shuffled	12313	12313
04746	04746	04746.jpg	17567.jpg	shuffled	17567	17567
04747	04747	04747.jpg	03355.jpg	shuffled	03355	03355
04748	04748	04748.jpg	16478.jpg	shuffled	16478	16478
04749	04749	04749.jpg	17665.jpg	shuffled	17665	17665
04750	04750	04750.jpg	16097.jpg	shuffled	16097	16097
04751	04751	04751.jpg	04915.jpg	shuffled	04915	04915
04752	04752	04752.jpg	07527.jpg	shuffled	07527	07527
04753	04753	04753.jpg	06170.jpg	shuffled	06170	06170
04754	04754	04754.jpg	12893.jpg	shuffled	12893	12893
04755	04755	04755.jpg	01597.jpg	shuffled	01597	01597
04756	04756	04756.jpg	09420.jpg	shuffled	09420	09420
04757	04757	04757.jpg	10604.jpg	shuffled	10604	10604
04758	04758	04758.jpg	05860.jpg	shuffled	05860	05860
04759	04759	04759.jpg	06857.jpg	shuffled	06857	06857
04760	04760	04760.jpg	02852.jpg	shuffled	02852	02852
04761	04761	04761.jpg	11603.jpg	shuffled	11603	11603
04762	04762	04762.jpg	14490.jpg	shuffled	14490	14490
04763	04763	04763.jpg	10445.jpg	shuffled	10445	10445
04764	04764	04764.jpg	11073.jpg	shuffled	11073	11073
04765	04765	04765.jpg	10039.jpg	shuffled	10039	10039
04766	04766	04766.jpg	10210.jpg	shuffled	10210	10210
04767	04767	04767.jpg	06889.jpg	shuffled	06889	06889
04768	04768	04768.jpg	09405.jpg	shuffled	09405	09405
04769	04769	04769.jpg	05572.jpg	shuffled	05572	05572
04770	04770	04770.jpg	12527.jpg	shuffled	12527	12527
04771	04771	04771.jpg	10803.jpg	shuffled	10803	10803
04772	04772	04772.jpg	08760.jpg	shuffled	08760	08760
04773	04773	04773.jpg	16130.jpg	shuffled	16130	16130
04774	04774	04774.jpg	00095.jpg	shuffled	00095	00095
04775	04775	04775.jpg	15966.jpg	shuffled	15966	15966
04776	04776	04776.jpg	03742.jpg	shuffled	03742	03742
04777	04777	04777.jpg	07838.jpg	shuffled	07838	07838
04778	04778	04778.jpg	03276.jpg	shuffled	03276	03276
04779	04779	04779.jpg	14080.jpg	shuffled	14080	14080
04780	04780	04780.jpg	11352.jpg	shuffled	11352	11352
04781	04781	04781.jpg	01871.jpg	shuffled	01871	01871
04782	04782	04782.jpg	05217.jpg	shuffled	05217	05217
04783	04783	04783.jpg	01964.jpg	shuffled	01964	01964
04784	04784	04784.jpg	15472.jpg	shuffled	15472	15472
04785	04785	04785.jpg	00082.jpg	shuffled	00082	00082
04786	04786	04786.jpg	04105.jpg	shuffled	04105	04105
04787	04787	04787.jpg	00895.jpg	shuffled	00895	00895
04788	04788	04788.jpg	05765.jpg	shuffled	05765	05765
04789	04789	04789.jpg	01297.jpg	shuffled	01297	01297
04790	04790	04790.jpg	11728.jpg	shuffled	11728	11728
04791	04791	04791.jpg	10170.jpg	shuffled	10170	10170
04792	04792	04792.jpg	12398.jpg	shuffled	12398	12398
04793	04793	04793.jpg	13866.jpg	shuffled	13866	13866
04794	04794	04794.jpg	14558.jpg	shuffled	14558	14558
04795	04795	04795.jpg	13024.jpg	shuffled	13024	13024
04796	04796	04796.jpg	01674.jpg	shuffled	01674	01674
04797	04797	04797.jpg	15727.jpg	shuffled	15727	15727
04798	04798	04798.jpg	12836.jpg	shuffled	12836	12836
04799	04799	04799.jpg	15393.jpg	shuffled	15393	15393
04800	04800	04800.jpg	14017.jpg	shuffled	14017	14017
04801	04801	04801.jpg	06367.jpg	shuffled	06367	06367
04802	04802	04802.jpg	10480.jpg	shuffled	10480	10480
04803	04803	04803.jpg	09700.jpg	shuffled	09700	09700
04804	04804	04804.jpg	14418.jpg	shuffled	14418	14418
04805	04805	04805.jpg	09547.jpg	shuffled	09547	09547
04806	04806	04806.jpg	13811.jpg	shuffled	13811	13811
04807	04807	04807.jpg	15153.jpg	shuffled	15153	15153
04808	04808	04808.jpg	07988.jpg	shuffled	07988	07988
04809	04809	04809.jpg	06360.jpg	shuffled	06360	06360
04810	04810	04810.jpg	14903.jpg	shuffled	14903	14903
04811	04811	04811.jpg	01261.jpg	shuffled	01261	01261
04812	04812	04812.jpg	10012.jpg	shuffled	10012	10012
04813	04813	04813.jpg	11602.jpg	shuffled	11602	11602
04814	04814	04814.jpg	04649.jpg	shuffled	04649	04649
04815	04815	04815.jpg	13019.jpg	shuffled	13019	13019
04816	04816	04816.jpg	11936.jpg	shuffled	11936	11936
04817	04817	04817.jpg	14217.jpg	shuffled	14217	14217
04818	04818	04818.jpg	17157.jpg	shuffled	17157	17157
04819	04819	04819.jpg	07189.jpg	shuffled	07189	07189
04820	04820	04820.jpg	05978.jpg	shuffled	05978	05978
04821	04821	04821.jpg	01474.jpg	shuffled	01474	01474
04822	04822	04822.jpg	08453.jpg	shuffled	08453	08453
04823	04823	04823.jpg	05011.jpg	shuffled	05011	05011
04824	04824	04824.jpg	16432.jpg	shuffled	16432	16432
04825	04825	04825.jpg	08646.jpg	shuffled	08646	08646
04826	04826	04826.jpg	13413.jpg	shuffled	13413	13413
04827	04827	04827.jpg	09037.jpg	shuffled	09037	09037
04828	04828	04828.jpg	15709.jpg	shuffled	15709	15709
04829	04829	04829.jpg	12732.jpg	shuffled	12732	12732
04830	04830	04830.jpg	13553.jpg	shuffled	13553	13553
04831	04831	04831.jpg	08578.jpg	shuffled	08578	08578
04832	04832	04832.jpg	16861.jpg	shuffled	16861	16861
04833	04833	04833.jpg	07802.jpg	shuffled	07802	07802
04834	04834	04834.jpg	09289.jpg	shuffled	09289	09289
04835	04835	04835.jpg	17250.jpg	shuffled	17250	17250
04836	04836	04836.jpg	13060.jpg	shuffled	13060	13060
04837	04837	04837.jpg	11596.jpg	shuffled	11596	11596
04838	04838	04838.jpg	13591.jpg	shuffled	13591	13591
04839	04839	04839.jpg	15578.jpg	shuffled	15578	15578
04840	04840	04840.jpg	15083.jpg	shuffled	15083	15083
04841	04841	04841.jpg	11332.jpg	shuffled	11332	11332
04842	04842	04842.jpg	13422.jpg	shuffled	13422	13422
04843	04843	04843.jpg	14353.jpg	shuffled	14353	14353
04844	04844	04844.jpg	05168.jpg	shuffled	05168	05168
04845	04845	04845.jpg	02960.jpg	shuffled	02960	02960
04846	04846	04846.jpg	07047.jpg	shuffled	07047	07047
04847	04847	04847.jpg	07215.jpg	shuffled	07215	07215
04848	04848	04848.jpg	04100.jpg	shuffled	04100	04100
04849	04849	04849.jpg	09526.jpg	shuffled	09526	09526
04850	04850	04850.jpg	02600.jpg	shuffled	02600	02600
04851	04851	04851.jpg	04317.jpg	shuffled	04317	04317
04852	04852	04852.jpg	12224.jpg	shuffled	12224	12224
04853	04853	04853.jpg	02810.jpg	shuffled	02810	02810
04854	04854	04854.jpg	07419.jpg	shuffled	07419	07419
04855	04855	04855.jpg	08134.jpg	shuffled	08134	08134
04856	04856	04856.jpg	06320.jpg	shuffled	06320	06320
04857	04857	04857.jpg	04427.jpg	shuffled	04427	04427
04858	04858	04858.jpg	02479.jpg	shuffled	02479	02479
04859	04859	04859.jpg	15481.jpg	shuffled	15481	15481
04860	04860	04860.jpg	10673.jpg	shuffled	10673	10673
04861	04861	04861.jpg	00880.jpg	shuffled	00880	00880
04862	04862	04862.jpg	14414.jpg	shuffled	14414	14414
04863	04863	04863.jpg	17814.jpg	shuffled	17814	17814
04864	04864	04864.jpg	03292.jpg	shuffled	03292	03292
04865	04865	04865.jpg	00065.jpg	shuffled	00065	00065
04866	04866	04866.jpg	01602.jpg	shuffled	01602	01602
04867	04867	04867.jpg	15623.jpg	shuffled	15623	15623
04868	04868	04868.jpg	12736.jpg	shuffled	12736	12736
04869	04869	04869.jpg	07655.jpg	shuffled	07655	07655
04870	04870	04870.jpg	10022.jpg	shuffled	10022	10022
04871	04871	04871.jpg	00686.jpg	shuffled	00686	00686
04872	04872	04872.jpg	10620.jpg	shuffled	10620	10620
04873	04873	04873.jpg	00666.jpg	shuffled	00666	00666
04874	04874	04874.jpg	05155.jpg	shuffled	05155	05155
04875	04875	04875.jpg	16139.jpg	shuffled	16139	16139
04876	04876	04876.jpg	15000.jpg	shuffled	15000	15000
04877	04877	04877.jpg	17456.jpg	shuffled	17456	17456
04878	04878	04878.jpg	10758.jpg	shuffled	10758	10758
04879	04879	04879.jpg	13461.jpg	shuffled	13461	13461
04880	04880	04880.jpg	05287.jpg	shuffled	05287	05287
04881	04881	04881.jpg	16003.jpg	shuffled	16003	16003
04882	04882	04882.jpg	06990.jpg	shuffled	06990	06990
04883	04883	04883.jpg	01822.jpg	shuffled	01822	01822
04884	04884	04884.jpg	14668.jpg	shuffled	14668	14668
04885	04885	04885.jpg	03220.jpg	shuffled	03220	03220
04886	04886	04886.jpg	01405.jpg	shuffled	01405	01405
04887	04887	04887.jpg	17012.jpg	shuffled	17012	17012
04888	04888	04888.jpg	10000.jpg	shuffled	10000	10000
04889	04889	04889.jpg	11621.jpg	shuffled	11621	11621
04890	04890	04890.jpg	06013.jpg	shuffled	06013	06013
04891	04891	04891.jpg	11489.jpg	shuffled	11489	11489
04892	04892	04892.jpg	11759.jpg	shuffled	11759	11759
04893	04893	04893.jpg	05558.jpg	shuffled	05558	05558
04894	04894	04894.jpg	12898.jpg	shuffled	12898	12898
04895	04895	04895.jpg	13049.jpg	shuffled	13049	13049
04896	04896	04896.jpg	10133.jpg	shuffled	10133	10133
04897	04897	04897.jpg	16756.jpg	shuffled	16756	16756
04898	04898	04898.jpg	05832.jpg	shuffled	05832	05832
04899	04899	04899.jpg	10502.jpg	shuffled	10502	10502
04900	04900	04900.jpg	17452.jpg	shuffled	17452	17452
04901	04901	04901.jpg	02527.jpg	shuffled	02527	02527
04902	04902	04902.jpg	12037.jpg	shuffled	12037	12037
04903	04903	04903.jpg	03970.jpg	shuffled	03970	03970
04904	04904	04904.jpg	08461.jpg	shuffled	08461	08461
04905	04905	04905.jpg	02514.jpg	shuffled	02514	02514
04906	04906	04906.jpg	08582.jpg	shuffled	08582	08582
04907	04907	04907.jpg	09225.jpg	shuffled	09225	09225
04908	04908	04908.jpg	04339.jpg	shuffled	04339	04339
04909	04909	04909.jpg	01966.jpg	shuffled	01966	01966
04910	04910	04910.jpg	08390.jpg	shuffled	08390	08390
04911	04911	04911.jpg	10656.jpg	shuffled	10656	10656
04912	04912	04912.jpg	17853.jpg	shuffled	17853	17853
04913	04913	04913.jpg	05132.jpg	shuffled	05132	05132
04914	04914	04914.jpg	04145.jpg	shuffled	04145	04145
04915	04915	04915.jpg	13292.jpg	shuffled	13292	13292
04916	04916	04916.jpg	10902.jpg	shuffled	10902	10902
04917	04917	04917.jpg	16074.jpg	shuffled	16074	16074
04918	04918	04918.jpg	05660.jpg	shuffled	05660	05660
04919	04919	04919.jpg	02188.jpg	shuffled	02188	02188
04920	04920	04920.jpg	17258.jpg	shuffled	17258	17258
04921	04921	04921.jpg	14308.jpg	shuffled	14308	14308
04922	04922	04922.jpg	07635.jpg	shuffled	07635	07635
04923	04923	04923.jpg	15510.jpg	shuffled	15510	15510
04924	04924	04924.jpg	05377.jpg	shuffled	05377	05377
04925	04925	04925.jpg	00620.jpg	shuffled	00620	00620
04926	04926	04926.jpg	02776.jpg	shuffled	02776	02776
04927	04927	04927.jpg	01177.jpg	shuffled	01177	01177
04928	04928	04928.jpg	06722.jpg	shuffled	06722	06722
04929	04929	04929.jpg	14555.jpg	shuffled	14555	14555
04930	04930	04930.jpg	06758.jpg	shuffled	06758	06758
04931	04931	04931.jpg	13617.jpg	shuffled	13617	13617
04932	04932	04932.jpg	03611.jpg	shuffled	03611	03611
04933	04933	04933.jpg	00134.jpg	shuffled	00134	00134
04934	04934	04934.jpg	15161.jpg	shuffled	15161	15161
04935	04935	04935.jpg	02570.jpg	shuffled	02570	02570
04936	04936	04936.jpg	02578.jpg	shuffled	02578	02578
04937	04937	04937.jpg	02803.jpg	shuffled	02803	02803
04938	04938	04938.jpg	00458.jpg	shuffled	00458	00458
04939	04939	04939.jpg	16554.jpg	shuffled	16554	16554
04940	04940	04940.jpg	12870.jpg	shuffled	12870	12870
04941	04941	04941.jpg	10777.jpg	shuffled	10777	10777
04942	04942	04942.jpg	13497.jpg	shuffled	13497	13497
04943	04943	04943.jpg	02692.jpg	shuffled	02692	02692
04944	04944	04944.jpg	06787.jpg	shuffled	06787	06787
04945	04945	04945.jpg	02585.jpg	shuffled	02585	02585
04946	04946	04946.jpg	15552.jpg	shuffled	15552	15552
04947	04947	04947.jpg	10671.jpg	shuffled	10671	10671
04948	04948	04948.jpg	09309.jpg	shuffled	09309	09309
04949	04949	04949.jpg	04734.jpg	shuffled	04734	04734
04950	04950	04950.jpg	13845.jpg	shuffled	13845	13845
04951	04951	04951.jpg	06056.jpg	shuffled	06056	06056
04952	04952	04952.jpg	08118.jpg	shuffled	08118	08118
04953	04953	04953.jpg	14312.jpg	shuffled	14312	14312
04954	04954	04954.jpg	17318.jpg	shuffled	17318	17318
04955	04955	04955.jpg	03175.jpg	shuffled	03175	03175
04956	04956	04956.jpg	13158.jpg	shuffled	13158	13158
04957	04957	04957.jpg	00275.jpg	shuffled	00275	00275
04958	04958	04958.jpg	09755.jpg	shuffled	09755	09755
04959	04959	04959.jpg	02703.jpg	shuffled	02703	02703
04960	04960	04960.jpg	00905.jpg	shuffled	00905	00905
04961	04961	04961.jpg	02347.jpg	shuffled	02347	02347
04962	04962	04962.jpg	02832.jpg	shuffled	02832	02832
04963	04963	04963.jpg	06957.jpg	shuffled	06957	06957
04964	04964	04964.jpg	04646.jpg	shuffled	04646	04646
04965	04965	04965.jpg	05056.jpg	shuffled	05056	05056
04966	04966	04966.jpg	05350.jpg	shuffled	05350	05350
04967	04967	04967.jpg	04302.jpg	shuffled	04302	04302
04968	04968	04968.jpg	00735.jpg	shuffled	00735	00735
04969	04969	04969.jpg	17634.jpg	shuffled	17634	17634
04970	04970	04970.jpg	14213.jpg	shuffled	14213	14213
04971	04971	04971.jpg	10265.jpg	shuffled	10265	10265
04972	04972	04972.jpg	07570.jpg	shuffled	07570	07570
04973	04973	04973.jpg	12821.jpg	shuffled	12821	12821
04974	04974	04974.jpg	14039.jpg	shuffled	14039	14039
04975	04975	04975.jpg	06698.jpg	shuffled	06698	06698
04976	04976	04976.jpg	05218.jpg	shuffled	05218	05218
04977	04977	04977.jpg	01618.jpg	shuffled	01618	01618
04978	04978	04978.jpg	15158.jpg	shuffled	15158	15158
04979	04979	04979.jpg	16565.jpg	shuffled	16565	16565
04980	04980	04980.jpg	04927.jpg	shuffled	04927	04927
04981	04981	04981.jpg	11988.jpg	shuffled	11988	11988
04982	04982	04982.jpg	15939.jpg	shuffled	15939	15939
04983	04983	04983.jpg	05830.jpg	shuffled	05830	05830
04984	04984	04984.jpg	15013.jpg	shuffled	15013	15013
04985	04985	04985.jpg	11299.jpg	shuffled	11299	11299
04986	04986	04986.jpg	01412.jpg	shuffled	01412	01412
04987	04987	04987.jpg	17230.jpg	shuffled	17230	17230
04988	04988	04988.jpg	06116.jpg	shuffled	06116	06116
04989	04989	04989.jpg	05445.jpg	shuffled	05445	05445
04990	04990	04990.jpg	01718.jpg	shuffled	01718	01718
04991	04991	04991.jpg	16050.jpg	shuffled	16050	16050
04992	04992	04992.jpg	15079.jpg	shuffled	15079	15079
04993	04993	04993.jpg	14588.jpg	shuffled	14588	14588
04994	04994	04994.jpg	08935.jpg	shuffled	08935	08935
04995	04995	04995.jpg	14145.jpg	shuffled	14145	14145
04996	04996	04996.jpg	00184.jpg	shuffled	00184	00184
04997	04997	04997.jpg	16650.jpg	shuffled	16650	16650
04998	04998	04998.jpg	01019.jpg	shuffled	01019	01019
04999	04999	04999.jpg	06457.jpg	shuffled	06457	06457
05000	05000	05000.jpg	15241.jpg	shuffled	15241	15241
05001	05001	05001.jpg	05818.jpg	shuffled	05818	05818
05002	05002	05002.jpg	03701.jpg	shuffled	03701	03701
05003	05003	05003.jpg	10120.jpg	shuffled	10120	10120
05004	05004	05004.jpg	09482.jpg	shuffled	09482	09482
05005	05005	05005.jpg	10309.jpg	shuffled	10309	10309
05006	05006	05006.jpg	00523.jpg	shuffled	00523	00523
05007	05007	05007.jpg	01645.jpg	shuffled	01645	01645
05008	05008	05008.jpg	15005.jpg	shuffled	15005	15005
05009	05009	05009.jpg	15677.jpg	shuffled	15677	15677
05010	05010	05010.jpg	04340.jpg	shuffled	04340	04340
05011	05011	05011.jpg	17848.jpg	shuffled	17848	17848
05012	05012	05012.jpg	00995.jpg	shuffled	00995	00995
05013	05013	05013.jpg	17989.jpg	shuffled	17989	17989
05014	05014	05014.jpg	11942.jpg	shuffled	11942	11942
05015	05015	05015.jpg	07382.jpg	shuffled	07382	07382
05016	05016	05016.jpg	10712.jpg	shuffled	10712	10712
05017	05017	05017.jpg	02011.jpg	shuffled	02011	02011
05018	05018	05018.jpg	01951.jpg	shuffled	01951	01951
05019	05019	05019.jpg	14840.jpg	shuffled	14840	14840
05020	05020	05020.jpg	10663.jpg	shuffled	10663	10663
05021	05021	05021.jpg	00280.jpg	shuffled	00280	00280
05022	05022	05022.jpg	16389.jpg	shuffled	16389	16389
05023	05023	05023.jpg	15719.jpg	shuffled	15719	15719
05024	05024	05024.jpg	13378.jpg	shuffled	13378	13378
05025	05025	05025.jpg	04514.jpg	shuffled	04514	04514
05026	05026	05026.jpg	02916.jpg	shuffled	02916	02916
05027	05027	05027.jpg	05177.jpg	shuffled	05177	05177
05028	05028	05028.jpg	02828.jpg	shuffled	02828	02828
05029	05029	05029.jpg	17867.jpg	shuffled	17867	17867
05030	05030	05030.jpg	13094.jpg	shuffled	13094	13094
05031	05031	05031.jpg	13040.jpg	shuffled	13040	13040
05032	05032	05032.jpg	05376.jpg	shuffled	05376	05376
05033	05033	05033.jpg	15791.jpg	shuffled	15791	15791
05034	05034	05034.jpg	10868.jpg	shuffled	10868	10868
05035	05035	05035.jpg	07916.jpg	shuffled	07916	07916
05036	05036	05036.jpg	06323.jpg	shuffled	06323	06323
05037	05037	05037.jpg	14195.jpg	shuffled	14195	14195
05038	05038	05038.jpg	04383.jpg	shuffled	04383	04383
05039	05039	05039.jpg	05560.jpg	shuffled	05560	05560
05040	05040	05040.jpg	03755.jpg	shuffled	03755	03755
05041	05041	05041.jpg	03589.jpg	shuffled	03589	03589
05042	05042	05042.jpg	05669.jpg	shuffled	05669	05669
05043	05043	05043.jpg	16778.jpg	shuffled	16778	16778
05044	05044	05044.jpg	10018.jpg	shuffled	10018	10018
05045	05045	05045.jpg	10258.jpg	shuffled	10258	10258
05046	05046	05046.jpg	16726.jpg	shuffled	16726	16726
05047	05047	05047.jpg	07552.jpg	shuffled	07552	07552
05048	05048	05048.jpg	17133.jpg	shuffled	17133	17133
05049	05049	05049.jpg	02338.jpg	shuffled	02338	02338
05050	05050	05050.jpg	10214.jpg	shuffled	10214	10214
05051	05051	05051.jpg	10359.jpg	shuffled	10359	10359
05052	05052	05052.jpg	11671.jpg	shuffled	11671	11671
05053	05053	05053.jpg	05829.jpg	shuffled	05829	05829
05054	05054	05054.jpg	02043.jpg	shuffled	02043	02043
05055	05055	05055.jpg	14769.jpg	shuffled	14769	14769
05056	05056	05056.jpg	02665.jpg	shuffled	02665	02665
05057	05057	05057.jpg	02433.jpg	shuffled	02433	02433
05058	05058	05058.jpg	08421.jpg	shuffled	08421	08421
05059	05059	05059.jpg	01574.jpg	shuffled	01574	01574
05060	05060	05060.jpg	16269.jpg	shuffled	16269	16269
05061	05061	05061.jpg	08100.jpg	shuffled	08100	08100
05062	05062	05062.jpg	15421.jpg	shuffled	15421	15421
05063	05063	05063.jpg	02843.jpg	shuffled	02843	02843
05064	05064	05064.jpg	10678.jpg	shuffled	10678	10678
05065	05065	05065.jpg	15469.jpg	shuffled	15469	15469
05066	05066	05066.jpg	07388.jpg	shuffled	07388	07388
05067	05067	05067.jpg	14881.jpg	shuffled	14881	14881
05068	05068	05068.jpg	17082.jpg	shuffled	17082	17082
05069	05069	05069.jpg	12327.jpg	shuffled	12327	12327
05070	05070	05070.jpg	12534.jpg	shuffled	12534	12534
05071	05071	05071.jpg	05791.jpg	shuffled	05791	05791
05072	05072	05072.jpg	01816.jpg	shuffled	01816	01816
05073	05073	05073.jpg	10892.jpg	shuffled	10892	10892
05074	05074	05074.jpg	16287.jpg	shuffled	16287	16287
05075	05075	05075.jpg	15924.jpg	shuffled	15924	15924
05076	05076	05076.jpg	12744.jpg	shuffled	12744	12744
05077	05077	05077.jpg	17880.jpg	shuffled	17880	17880
05078	05078	05078.jpg	12043.jpg	shuffled	12043	12043
05079	05079	05079.jpg	12393.jpg	shuffled	12393	12393
05080	05080	05080.jpg	08304.jpg	shuffled	08304	08304
05081	05081	05081.jpg	05406.jpg	shuffled	05406	05406
05082	05082	05082.jpg	01533.jpg	shuffled	01533	01533
05083	05083	05083.jpg	05756.jpg	shuffled	05756	05756
05084	05084	05084.jpg	17002.jpg	shuffled	17002	17002
05085	05085	05085.jpg	07287.jpg	shuffled	07287	07287
05086	05086	05086.jpg	00608.jpg	shuffled	00608	00608
05087	05087	05087.jpg	09814.jpg	shuffled	09814	09814
05088	05088	05088.jpg	16364.jpg	shuffled	16364	16364
05089	05089	05089.jpg	17965.jpg	shuffled	17965	17965
05090	05090	05090.jpg	06015.jpg	shuffled	06015	06015
05091	05091	05091.jpg	17101.jpg	shuffled	17101	17101
05092	05092	05092.jpg	10410.jpg	shuffled	10410	10410
05093	05093	05093.jpg	02155.jpg	shuffled	02155	02155
05094	05094	05094.jpg	15873.jpg	shuffled	15873	15873
05095	05095	05095.jpg	07599.jpg	shuffled	07599	07599
05096	05096	05096.jpg	04209.jpg	shuffled	04209	04209
05097	05097	05097.jpg	04185.jpg	shuffled	04185	04185
05098	05098	05098.jpg	15963.jpg	shuffled	15963	15963
05099	05099	05099.jpg	16402.jpg	shuffled	16402	16402
05100	05100	05100.jpg	17962.jpg	shuffled	17962	17962
05101	05101	05101.jpg	09301.jpg	shuffled	09301	09301
05102	05102	05102.jpg	12084.jpg	shuffled	12084	12084
05103	05103	05103.jpg	15373.jpg	shuffled	15373	15373
05104	05104	05104.jpg	05229.jpg	shuffled	05229	05229
05105	05105	05105.jpg	03348.jpg	shuffled	03348	03348
05106	05106	05106.jpg	01701.jpg	shuffled	01701	01701
05107	05107	05107.jpg	09507.jpg	shuffled	09507	09507
05108	05108	05108.jpg	08293.jpg	shuffled	08293	08293
05109	05109	05109.jpg	17933.jpg	shuffled	17933	17933
05110	05110	05110.jpg	12343.jpg	shuffled	12343	12343
05111	05111	05111.jpg	06031.jpg	shuffled	06031	06031
05112	05112	05112.jpg	11291.jpg	shuffled	11291	11291
05113	05113	05113.jpg	17072.jpg	shuffled	17072	17072
05114	05114	05114.jpg	11198.jpg	shuffled	11198	11198
05115	05115	05115.jpg	17596.jpg	shuffled	17596	17596
05116	05116	05116.jpg	04810.jpg	shuffled	04810	04810
05117	05117	05117.jpg	17527.jpg	shuffled	17527	17527
05118	05118	05118.jpg	10457.jpg	shuffled	10457	10457
05119	05119	05119.jpg	08606.jpg	shuffled	08606	08606
05120	05120	05120.jpg	12271.jpg	shuffled	12271	12271
05121	05121	05121.jpg	07225.jpg	shuffled	07225	07225
05122	05122	05122.jpg	06303.jpg	shuffled	06303	06303
05123	05123	05123.jpg	15334.jpg	shuffled	15334	15334
05124	05124	05124.jpg	00159.jpg	shuffled	00159	00159
05125	05125	05125.jpg	03048.jpg	shuffled	03048	03048
05126	05126	05126.jpg	08011.jpg	shuffled	08011	08011
05127	05127	05127.jpg	11697.jpg	shuffled	11697	11697
05128	05128	05128.jpg	17907.jpg	shuffled	17907	17907
05129	05129	05129.jpg	08807.jpg	shuffled	08807	08807
05130	05130	05130.jpg	04484.jpg	shuffled	04484	04484
05131	05131	05131.jpg	10069.jpg	shuffled	10069	10069
05132	05132	05132.jpg	09376.jpg	shuffled	09376	09376
05133	05133	05133.jpg	00062.jpg	shuffled	00062	00062
05134	05134	05134.jpg	01141.jpg	shuffled	01141	01141
05135	05135	05135.jpg	00260.jpg	shuffled	00260	00260
05136	05136	05136.jpg	17111.jpg	shuffled	17111	17111
05137	05137	05137.jpg	05938.jpg	shuffled	05938	05938
05138	05138	05138.jpg	14036.jpg	shuffled	14036	14036
05139	05139	05139.jpg	14368.jpg	shuffled	14368	14368
05140	05140	05140.jpg	07996.jpg	shuffled	07996	07996
05141	05141	05141.jpg	01750.jpg	shuffled	01750	01750
05142	05142	05142.jpg	10864.jpg	shuffled	10864	10864
05143	05143	05143.jpg	07982.jpg	shuffled	07982	07982
05144	05144	05144.jpg	02494.jpg	shuffled	02494	02494
05145	05145	05145.jpg	09382.jpg	shuffled	09382	09382
05146	05146	05146.jpg	06563.jpg	shuffled	06563	06563
05147	05147	05147.jpg	06576.jpg	shuffled	06576	06576
05148	05148	05148.jpg	07722.jpg	shuffled	07722	07722
05149	05149	05149.jpg	11989.jpg	shuffled	11989	11989
05150	05150	05150.jpg	12183.jpg	shuffled	12183	12183
05151	05151	05151.jpg	00769.jpg	shuffled	00769	00769
05152	05152	05152.jpg	11673.jpg	shuffled	11673	11673
05153	05153	05153.jpg	06869.jpg	shuffled	06869	06869
05154	05154	05154.jpg	02065.jpg	shuffled	02065	02065
05155	05155	05155.jpg	06591.jpg	shuffled	06591	06591
05156	05156	05156.jpg	06904.jpg	shuffled	06904	06904
05157	05157	05157.jpg	03190.jpg	shuffled	03190	03190
05158	05158	05158.jpg	10933.jpg	shuffled	10933	10933
05159	05159	05159.jpg	15819.jpg	shuffled	15819	15819
05160	05160	05160.jpg	06587.jpg	shuffled	06587	06587
05161	05161	05161.jpg	10556.jpg	shuffled	10556	10556
05162	05162	05162.jpg	01935.jpg	shuffled	01935	01935
05163	05163	05163.jpg	10698.jpg	shuffled	10698	10698
05164	05164	05164.jpg	03923.jpg	shuffled	03923	03923
05165	05165	05165.jpg	16325.jpg	shuffled	16325	16325
05166	05166	05166.jpg	02661.jpg	shuffled	02661	02661
05167	05167	05167.jpg	03083.jpg	shuffled	03083	03083
05168	05168	05168.jpg	10744.jpg	shuffled	10744	10744
05169	05169	05169.jpg	02363.jpg	shuffled	02363	02363
05170	05170	05170.jpg	08556.jpg	shuffled	08556	08556
05171	05171	05171.jpg	16132.jpg	shuffled	16132	16132
05172	05172	05172.jpg	01535.jpg	shuffled	01535	01535
05173	05173	05173.jpg	08482.jpg	shuffled	08482	08482
05174	05174	05174.jpg	03916.jpg	shuffled	03916	03916
05175	05175	05175.jpg	02752.jpg	shuffled	02752	02752
05176	05176	05176.jpg	11719.jpg	shuffled	11719	11719
05177	05177	05177.jpg	12576.jpg	shuffled	12576	12576
05178	05178	05178.jpg	10160.jpg	shuffled	10160	10160
05179	05179	05179.jpg	05043.jpg	shuffled	05043	05043
05180	05180	05180.jpg	15081.jpg	shuffled	15081	15081
05181	05181	05181.jpg	11565.jpg	shuffled	11565	11565
05182	05182	05182.jpg	08031.jpg	shuffled	08031	08031
05183	05183	05183.jpg	10661.jpg	shuffled	10661	10661
05184	05184	05184.jpg	13122.jpg	shuffled	13122	13122
05185	05185	05185.jpg	09815.jpg	shuffled	09815	09815
05186	05186	05186.jpg	12085.jpg	shuffled	12085	12085
05187	05187	05187.jpg	03898.jpg	shuffled	03898	03898
05188	05188	05188.jpg	17942.jpg	shuffled	17942	17942
05189	05189	05189.jpg	03424.jpg	shuffled	03424	03424
05190	05190	05190.jpg	15416.jpg	shuffled	15416	15416
05191	05191	05191.jpg	14687.jpg	shuffled	14687	14687
05192	05192	05192.jpg	16838.jpg	shuffled	16838	16838
05193	05193	05193.jpg	01328.jpg	shuffled	01328	01328
05194	05194	05194.jpg	02092.jpg	shuffled	02092	02092
05195	05195	05195.jpg	08527.jpg	shuffled	08527	08527
05196	05196	05196.jpg	03080.jpg	shuffled	03080	03080
05197	05197	05197.jpg	17948.jpg	shuffled	17948	17948
05198	05198	05198.jpg	01654.jpg	shuffled	01654	01654
05199	05199	05199.jpg	15045.jpg	shuffled	15045	15045
05200	05200	05200.jpg	06342.jpg	shuffled	06342	06342
05201	05201	05201.jpg	09098.jpg	shuffled	09098	09098
05202	05202	05202.jpg	15755.jpg	shuffled	15755	15755
05203	05203	05203.jpg	09173.jpg	shuffled	09173	09173
05204	05204	05204.jpg	08953.jpg	shuffled	08953	08953
05205	05205	05205.jpg	04046.jpg	shuffled	04046	04046
05206	05206	05206.jpg	02001.jpg	shuffled	02001	02001
05207	05207	05207.jpg	14957.jpg	shuffled	14957	14957
05208	05208	05208.jpg	00066.jpg	shuffled	00066	00066
05209	05209	05209.jpg	08969.jpg	shuffled	08969	08969
05210	05210	05210.jpg	11713.jpg	shuffled	11713	11713
05211	05211	05211.jpg	12445.jpg	shuffled	12445	12445
05212	05212	05212.jpg	04362.jpg	shuffled	04362	04362
05213	05213	05213.jpg	13727.jpg	shuffled	13727	13727
05214	05214	05214.jpg	02329.jpg	shuffled	02329	02329
05215	05215	05215.jpg	11983.jpg	shuffled	11983	11983
05216	05216	05216.jpg	08238.jpg	shuffled	08238	08238
05217	05217	05217.jpg	04267.jpg	shuffled	04267	04267
05218	05218	05218.jpg	00388.jpg	shuffled	00388	00388
05219	05219	05219.jpg	06285.jpg	shuffled	06285	06285
05220	05220	05220.jpg	05678.jpg	shuffled	05678	05678
05221	05221	05221.jpg	12023.jpg	shuffled	12023	12023
05222	05222	05222.jpg	04465.jpg	shuffled	04465	04465
05223	05223	05223.jpg	09742.jpg	shuffled	09742	09742
05224	05224	05224.jpg	02926.jpg	shuffled	02926	02926
05225	05225	05225.jpg	04757.jpg	shuffled	04757	04757
05226	05226	05226.jpg	11272.jpg	shuffled	11272	11272
05227	05227	05227.jpg	00733.jpg	shuffled	00733	00733
05228	05228	05228.jpg	13123.jpg	shuffled	13123	13123
05229	05229	05229.jpg	08491.jpg	shuffled	08491	08491
05230	05230	05230.jpg	01424.jpg	shuffled	01424	01424
05231	05231	05231.jpg	17811.jpg	shuffled	17811	17811
05232	05232	05232.jpg	16612.jpg	shuffled	16612	16612
05233	05233	05233.jpg	16587.jpg	shuffled	16587	16587
05234	05234	05234.jpg	14038.jpg	shuffled	14038	14038
05235	05235	05235.jpg	08210.jpg	shuffled	08210	08210
05236	05236	05236.jpg	03879.jpg	shuffled	03879	03879
05237	05237	05237.jpg	12207.jpg	shuffled	12207	12207
05238	05238	05238.jpg	16317.jpg	shuffled	16317	16317
05239	05239	05239.jpg	01512.jpg	shuffled	01512	01512
05240	05240	05240.jpg	01539.jpg	shuffled	01539	01539
05241	05241	05241.jpg	09745.jpg	shuffled	09745	09745
05242	05242	05242.jpg	14219.jpg	shuffled	14219	14219
05243	05243	05243.jpg	06330.jpg	shuffled	06330	06330
05244	05244	05244.jpg	06307.jpg	shuffled	06307	06307
05245	05245	05245.jpg	14174.jpg	shuffled	14174	14174
05246	05246	05246.jpg	06097.jpg	shuffled	06097	06097
05247	05247	05247.jpg	17369.jpg	shuffled	17369	17369
05248	05248	05248.jpg	01383.jpg	shuffled	01383	01383
05249	05249	05249.jpg	15101.jpg	shuffled	15101	15101
05250	05250	05250.jpg	02232.jpg	shuffled	02232	02232
05251	05251	05251.jpg	02777.jpg	shuffled	02777	02777
05252	05252	05252.jpg	13116.jpg	shuffled	13116	13116
05253	05253	05253.jpg	11515.jpg	shuffled	11515	11515
05254	05254	05254.jpg	14378.jpg	shuffled	14378	14378
05255	05255	05255.jpg	07684.jpg	shuffled	07684	07684
05256	05256	05256.jpg	06253.jpg	shuffled	06253	06253
05257	05257	05257.jpg	14660.jpg	shuffled	14660	14660
05258	05258	05258.jpg	07159.jpg	shuffled	07159	07159
05259	05259	05259.jpg	06046.jpg	shuffled	06046	06046
05260	05260	05260.jpg	03998.jpg	shuffled	03998	03998
05261	05261	05261.jpg	05113.jpg	shuffled	05113	05113
05262	05262	05262.jpg	12055.jpg	shuffled	12055	12055
05263	05263	05263.jpg	02768.jpg	shuffled	02768	02768
05264	05264	05264.jpg	11010.jpg	shuffled	11010	11010
05265	05265	05265.jpg	14450.jpg	shuffled	14450	14450
05266	05266	05266.jpg	08927.jpg	shuffled	08927	08927
05267	05267	05267.jpg	10506.jpg	shuffled	10506	10506
05268	05268	05268.jpg	02467.jpg	shuffled	02467	02467
05269	05269	05269.jpg	04656.jpg	shuffled	04656	04656
05270	05270	05270.jpg	09074.jpg	shuffled	09074	09074
05271	05271	05271.jpg	13275.jpg	shuffled	13275	13275
05272	05272	05272.jpg	02553.jpg	shuffled	02553	02553
05273	05273	05273.jpg	11138.jpg	shuffled	11138	11138
05274	05274	05274.jpg	13470.jpg	shuffled	13470	13470
05275	05275	05275.jpg	17934.jpg	shuffled	17934	17934
05276	05276	05276.jpg	14057.jpg	shuffled	14057	14057
05277	05277	05277.jpg	01762.jpg	shuffled	01762	01762
05278	05278	05278.jpg	08981.jpg	shuffled	08981	08981
05279	05279	05279.jpg	16224.jpg	shuffled	16224	16224
05280	05280	05280.jpg	10324.jpg	shuffled	10324	10324
05281	05281	05281.jpg	16091.jpg	shuffled	16091	16091
05282	05282	05282.jpg	05987.jpg	shuffled	05987	05987
05283	05283	05283.jpg	03540.jpg	shuffled	03540	03540
05284	05284	05284.jpg	12843.jpg	shuffled	12843	12843
05285	05285	05285.jpg	16986.jpg	shuffled	16986	16986
05286	05286	05286.jpg	01130.jpg	shuffled	01130	01130
05287	05287	05287.jpg	16531.jpg	shuffled	16531	16531
05288	05288	05288.jpg	15015.jpg	shuffled	15015	15015
05289	05289	05289.jpg	00893.jpg	shuffled	00893	00893
05290	05290	05290.jpg	04250.jpg	shuffled	04250	04250
05291	05291	05291.jpg	06527.jpg	shuffled	06527	06527
05292	05292	05292.jpg	07866.jpg	shuffled	07866	07866
05293	05293	05293.jpg	06474.jpg	shuffled	06474	06474
05294	05294	05294.jpg	11742.jpg	shuffled	11742	11742
05295	05295	05295.jpg	01953.jpg	shuffled	01953	01953
05296	05296	05296.jpg	06573.jpg	shuffled	06573	06573
05297	05297	05297.jpg	04582.jpg	shuffled	04582	04582
05298	05298	05298.jpg	13537.jpg	shuffled	13537	13537
05299	05299	05299.jpg	04024.jpg	shuffled	04024	04024
05300	05300	05300.jpg	00636.jpg	shuffled	00636	00636
05301	05301	05301.jpg	13955.jpg	shuffled	13955	13955
05302	05302	05302.jpg	00787.jpg	shuffled	00787	00787
05303	05303	05303.jpg	04193.jpg	shuffled	04193	04193
05304	05304	05304.jpg	06343.jpg	shuffled	06343	06343
05305	05305	05305.jpg	04392.jpg	shuffled	04392	04392
05306	05306	05306.jpg	05330.jpg	shuffled	05330	05330
05307	05307	05307.jpg	12358.jpg	shuffled	12358	12358
05308	05308	05308.jpg	12415.jpg	shuffled	12415	12415
05309	05309	05309.jpg	10956.jpg	shuffled	10956	10956
05310	05310	05310.jpg	04798.jpg	shuffled	04798	04798
05311	05311	05311.jpg	02767.jpg	shuffled	02767	02767
05312	05312	05312.jpg	09134.jpg	shuffled	09134	09134
05313	05313	05313.jpg	08202.jpg	shuffled	08202	08202
05314	05314	05314.jpg	09090.jpg	shuffled	09090	09090
05315	05315	05315.jpg	00991.jpg	shuffled	00991	00991
05316	05316	05316.jpg	01176.jpg	shuffled	01176	01176
05317	05317	05317.jpg	17422.jpg	shuffled	17422	17422
05318	05318	05318.jpg	15734.jpg	shuffled	15734	15734
05319	05319	05319.jpg	08532.jpg	shuffled	08532	08532
05320	05320	05320.jpg	09684.jpg	shuffled	09684	09684
05321	05321	05321.jpg	10742.jpg	shuffled	10742	10742
05322	05322	05322.jpg	05602.jpg	shuffled	05602	05602
05323	05323	05323.jpg	16156.jpg	shuffled	16156	16156
05324	05324	05324.jpg	17850.jpg	shuffled	17850	17850
05325	05325	05325.jpg	09067.jpg	shuffled	09067	09067
05326	05326	05326.jpg	14835.jpg	shuffled	14835	14835
05327	05327	05327.jpg	06641.jpg	shuffled	06641	06641
05328	05328	05328.jpg	09252.jpg	shuffled	09252	09252
05329	05329	05329.jpg	10045.jpg	shuffled	10045	10045
05330	05330	05330.jpg	13466.jpg	shuffled	13466	13466
05331	05331	05331.jpg	01228.jpg	shuffled	01228	01228
05332	05332	05332.jpg	17104.jpg	shuffled	17104	17104
05333	05333	05333.jpg	06752.jpg	shuffled	06752	06752
05334	05334	05334.jpg	17265.jpg	shuffled	17265	17265
05335	05335	05335.jpg	03627.jpg	shuffled	03627	03627
05336	05336	05336.jpg	01605.jpg	shuffled	01605	01605
05337	05337	05337.jpg	03007.jpg	shuffled	03007	03007
05338	05338	05338.jpg	02641.jpg	shuffled	02641	02641
05339	05339	05339.jpg	07835.jpg	shuffled	07835	07835
05340	05340	05340.jpg	03477.jpg	shuffled	03477	03477
05341	05341	05341.jpg	04266.jpg	shuffled	04266	04266
05342	05342	05342.jpg	01287.jpg	shuffled	01287	01287
05343	05343	05343.jpg	04103.jpg	shuffled	04103	04103
05344	05344	05344.jpg	11298.jpg	shuffled	11298	11298
05345	05345	05345.jpg	17922.jpg	shuffled	17922	17922
05346	05346	05346.jpg	13209.jpg	shuffled	13209	13209
05347	05347	05347.jpg	16392.jpg	shuffled	16392	16392
05348	05348	05348.jpg	07283.jpg	shuffled	07283	07283
05349	05349	05349.jpg	06901.jpg	shuffled	06901	06901
05350	05350	05350.jpg	11546.jpg	shuffled	11546	11546
05351	05351	05351.jpg	06458.jpg	shuffled	06458	06458
05352	05352	05352.jpg	02192.jpg	shuffled	02192	02192
05353	05353	05353.jpg	11810.jpg	shuffled	11810	11810
05354	05354	05354.jpg	15228.jpg	shuffled	15228	15228
05355	05355	05355.jpg	15750.jpg	shuffled	15750	15750
05356	05356	05356.jpg	01254.jpg	shuffled	01254	01254
05357	05357	05357.jpg	02928.jpg	shuffled	02928	02928
05358	05358	05358.jpg	14756.jpg	shuffled	14756	14756
05359	05359	05359.jpg	09952.jpg	shuffled	09952	09952
05360	05360	05360.jpg	07807.jpg	shuffled	07807	07807
05361	05361	05361.jpg	11690.jpg	shuffled	11690	11690
05362	05362	05362.jpg	11694.jpg	shuffled	11694	11694
05363	05363	05363.jpg	14029.jpg	shuffled	14029	14029
05364	05364	05364.jpg	11462.jpg	shuffled	11462	11462
05365	05365	05365.jpg	07355.jpg	shuffled	07355	07355
05366	05366	05366.jpg	01892.jpg	shuffled	01892	01892
05367	05367	05367.jpg	13149.jpg	shuffled	13149	13149
05368	05368	05368.jpg	02934.jpg	shuffled	02934	02934
05369	05369	05369.jpg	03326.jpg	shuffled	03326	03326
05370	05370	05370.jpg	15209.jpg	shuffled	15209	15209
05371	05371	05371.jpg	08088.jpg	shuffled	08088	08088
05372	05372	05372.jpg	03068.jpg	shuffled	03068	03068
05373	05373	05373.jpg	08838.jpg	shuffled	08838	08838
05374	05374	05374.jpg	10144.jpg	shuffled	10144	10144
05375	05375	05375.jpg	13475.jpg	shuffled	13475	13475
05376	05376	05376.jpg	02947.jpg	shuffled	02947	02947
05377	05377	05377.jpg	04589.jpg	shuffled	04589	04589
05378	05378	05378.jpg	14517.jpg	shuffled	14517	14517
05379	05379	05379.jpg	06278.jpg	shuffled	06278	06278
05380	05380	05380.jpg	05302.jpg	shuffled	05302	05302
05381	05381	05381.jpg	15902.jpg	shuffled	15902	15902
05382	05382	05382.jpg	12098.jpg	shuffled	12098	12098
05383	05383	05383.jpg	16248.jpg	shuffled	16248	16248
05384	05384	05384.jpg	13419.jpg	shuffled	13419	13419
05385	05385	05385.jpg	03816.jpg	shuffled	03816	03816
05386	05386	05386.jpg	14898.jpg	shuffled	14898	14898
05387	05387	05387.jpg	04703.jpg	shuffled	04703	04703
05388	05388	05388.jpg	15300.jpg	shuffled	15300	15300
05389	05389	05389.jpg	08967.jpg	shuffled	08967	08967
05390	05390	05390.jpg	08678.jpg	shuffled	08678	08678
05391	05391	05391.jpg	00227.jpg	shuffled	00227	00227
05392	05392	05392.jpg	03090.jpg	shuffled	03090	03090
05393	05393	05393.jpg	10655.jpg	shuffled	10655	10655
05394	05394	05394.jpg	05496.jpg	shuffled	05496	05496
05395	05395	05395.jpg	08177.jpg	shuffled	08177	08177
05396	05396	05396.jpg	06085.jpg	shuffled	06085	06085
05397	05397	05397.jpg	15404.jpg	shuffled	15404	15404
05398	05398	05398.jpg	00865.jpg	shuffled	00865	00865
05399	05399	05399.jpg	13078.jpg	shuffled	13078	13078
05400	05400	05400.jpg	11607.jpg	shuffled	11607	11607
05401	05401	05401.jpg	07146.jpg	shuffled	07146	07146
05402	05402	05402.jpg	05720.jpg	shuffled	05720	05720
05403	05403	05403.jpg	14854.jpg	shuffled	14854	14854
05404	05404	05404.jpg	14140.jpg	shuffled	14140	14140
05405	05405	05405.jpg	16368.jpg	shuffled	16368	16368
05406	05406	05406.jpg	09598.jpg	shuffled	09598	09598
05407	05407	05407.jpg	15094.jpg	shuffled	15094	15094
05408	05408	05408.jpg	10517.jpg	shuffled	10517	10517
05409	05409	05409.jpg	02476.jpg	shuffled	02476	02476
05410	05410	05410.jpg	13023.jpg	shuffled	13023	13023
05411	05411	05411.jpg	06648.jpg	shuffled	06648	06648
05412	05412	05412.jpg	06387.jpg	shuffled	06387	06387
05413	05413	05413.jpg	04998.jpg	shuffled	04998	04998
05414	05414	05414.jpg	04790.jpg	shuffled	04790	04790
05415	05415	05415.jpg	06919.jpg	shuffled	06919	06919
05416	05416	05416.jpg	06494.jpg	shuffled	06494	06494
05417	05417	05417.jpg	00485.jpg	shuffled	00485	00485
05418	05418	05418.jpg	03434.jpg	shuffled	03434	03434
05419	05419	05419.jpg	12305.jpg	shuffled	12305	12305
05420	05420	05420.jpg	14006.jpg	shuffled	14006	14006
05421	05421	05421.jpg	02261.jpg	shuffled	02261	02261
05422	05422	05422.jpg	07398.jpg	shuffled	07398	07398
05423	05423	05423.jpg	04769.jpg	shuffled	04769	04769
05424	05424	05424.jpg	10432.jpg	shuffled	10432	10432
05425	05425	05425.jpg	12915.jpg	shuffled	12915	12915
05426	05426	05426.jpg	08448.jpg	shuffled	08448	08448
05427	05427	05427.jpg	10473.jpg	shuffled	10473	10473
05428	05428	05428.jpg	13693.jpg	shuffled	13693	13693
05429	05429	05429.jpg	17156.jpg	shuffled	17156	17156
05430	05430	05430.jpg	04482.jpg	shuffled	04482	04482
05431	05431	05431.jpg	05505.jpg	shuffled	05505	05505
05432	05432	05432.jpg	07298.jpg	shuffled	07298	07298
05433	05433	05433.jpg	03265.jpg	shuffled	03265	03265
05434	05434	05434.jpg	12189.jpg	shuffled	12189	12189
05435	05435	05435.jpg	02727.jpg	shuffled	02727	02727
05436	05436	05436.jpg	17578.jpg	shuffled	17578	17578
05437	05437	05437.jpg	10143.jpg	shuffled	10143	10143
05438	05438	05438.jpg	09767.jpg	shuffled	09767	09767
05439	05439	05439.jpg	16170.jpg	shuffled	16170	16170
05440	05440	05440.jpg	00818.jpg	shuffled	00818	00818
05441	05441	05441.jpg	11043.jpg	shuffled	11043	11043
05442	05442	05442.jpg	11458.jpg	shuffled	11458	11458
05443	05443	05443.jpg	02485.jpg	shuffled	02485	02485
05444	05444	05444.jpg	04539.jpg	shuffled	04539	04539
05445	05445	05445.jpg	05956.jpg	shuffled	05956	05956
05446	05446	05446.jpg	10013.jpg	shuffled	10013	10013
05447	05447	05447.jpg	11415.jpg	shuffled	11415	11415
05448	05448	05448.jpg	16082.jpg	shuffled	16082	16082
05449	05449	05449.jpg	09280.jpg	shuffled	09280	09280
05450	05450	05450.jpg	09568.jpg	shuffled	09568	09568
05451	05451	05451.jpg	09619.jpg	shuffled	09619	09619
05452	05452	05452.jpg	01331.jpg	shuffled	01331	01331
05453	05453	05453.jpg	14094.jpg	shuffled	14094	14094
05454	05454	05454.jpg	13941.jpg	shuffled	13941	13941
05455	05455	05455.jpg	00722.jpg	shuffled	00722	00722
05456	05456	05456.jpg	02415.jpg	shuffled	02415	02415
05457	05457	05457.jpg	09033.jpg	shuffled	09033	09033
05458	05458	05458.jpg	13838.jpg	shuffled	13838	13838
05459	05459	05459.jpg	09982.jpg	shuffled	09982	09982
05460	05460	05460.jpg	17016.jpg	shuffled	17016	17016
05461	05461	05461.jpg	15737.jpg	shuffled	15737	15737
05462	05462	05462.jpg	16190.jpg	shuffled	16190	16190
05463	05463	05463.jpg	03181.jpg	shuffled	03181	03181
05464	05464	05464.jpg	06779.jpg	shuffled	06779	06779
05465	05465	05465.jpg	05052.jpg	shuffled	05052	05052
05466	05466	05466.jpg	05587.jpg	shuffled	05587	05587
05467	05467	05467.jpg	15643.jpg	shuffled	15643	15643
05468	05468	05468.jpg	08417.jpg	shuffled	08417	08417
05469	05469	05469.jpg	01887.jpg	shuffled	01887	01887
05470	05470	05470.jpg	03291.jpg	shuffled	03291	03291
05471	05471	05471.jpg	09474.jpg	shuffled	09474	09474
05472	05472	05472.jpg	08617.jpg	shuffled	08617	08617
05473	05473	05473.jpg	05771.jpg	shuffled	05771	05771
05474	05474	05474.jpg	15314.jpg	shuffled	15314	15314
05475	05475	05475.jpg	02369.jpg	shuffled	02369	02369
05476	05476	05476.jpg	12131.jpg	shuffled	12131	12131
05477	05477	05477.jpg	16894.jpg	shuffled	16894	16894
05478	05478	05478.jpg	00511.jpg	shuffled	00511	00511
05479	05479	05479.jpg	10785.jpg	shuffled	10785	10785
05480	05480	05480.jpg	04404.jpg	shuffled	04404	04404
05481	05481	05481.jpg	07180.jpg	shuffled	07180	07180
05482	05482	05482.jpg	17847.jpg	shuffled	17847	17847
05483	05483	05483.jpg	15616.jpg	shuffled	15616	15616
05484	05484	05484.jpg	03543.jpg	shuffled	03543	03543
05485	05485	05485.jpg	05046.jpg	shuffled	05046	05046
05486	05486	05486.jpg	16523.jpg	shuffled	16523	16523
05487	05487	05487.jpg	07961.jpg	shuffled	07961	07961
05488	05488	05488.jpg	04592.jpg	shuffled	04592	04592
05489	05489	05489.jpg	09542.jpg	shuffled	09542	09542
05490	05490	05490.jpg	05465.jpg	shuffled	05465	05465
05491	05491	05491.jpg	12889.jpg	shuffled	12889	12889
05492	05492	05492.jpg	15423.jpg	shuffled	15423	15423
05493	05493	05493.jpg	17377.jpg	shuffled	17377	17377
05494	05494	05494.jpg	01519.jpg	shuffled	01519	01519
05495	05495	05495.jpg	14848.jpg	shuffled	14848	14848
05496	05496	05496.jpg	02250.jpg	shuffled	02250	02250
05497	05497	05497.jpg	02532.jpg	shuffled	02532	02532
05498	05498	05498.jpg	16567.jpg	shuffled	16567	16567
05499	05499	05499.jpg	05424.jpg	shuffled	05424	05424
05500	05500	05500.jpg	15708.jpg	shuffled	15708	15708
05501	05501	05501.jpg	07457.jpg	shuffled	07457	07457
05502	05502	05502.jpg	13641.jpg	shuffled	13641	13641
05503	05503	05503.jpg	14181.jpg	shuffled	14181	14181
05504	05504	05504.jpg	13006.jpg	shuffled	13006	13006
05505	05505	05505.jpg	03616.jpg	shuffled	03616	03616
05506	05506	05506.jpg	08509.jpg	shuffled	08509	08509
05507	05507	05507.jpg	11827.jpg	shuffled	11827	11827
05508	05508	05508.jpg	15413.jpg	shuffled	15413	15413
05509	05509	05509.jpg	11840.jpg	shuffled	11840	11840
05510	05510	05510.jpg	11643.jpg	shuffled	11643	11643
05511	05511	05511.jpg	12924.jpg	shuffled	12924	12924
05512	05512	05512.jpg	11863.jpg	shuffled	11863	11863
05513	05513	05513.jpg	12761.jpg	shuffled	12761	12761
05514	05514	05514.jpg	00819.jpg	shuffled	00819	00819
05515	05515	05515.jpg	13691.jpg	shuffled	13691	13691
05516	05516	05516.jpg	02460.jpg	shuffled	02460	02460
05517	05517	05517.jpg	07580.jpg	shuffled	07580	07580
05518	05518	05518.jpg	10804.jpg	shuffled	10804	10804
05519	05519	05519.jpg	15655.jpg	shuffled	15655	15655
05520	05520	05520.jpg	03257.jpg	shuffled	03257	03257
05521	05521	05521.jpg	01949.jpg	shuffled	01949	01949
05522	05522	05522.jpg	08690.jpg	shuffled	08690	08690
05523	05523	05523.jpg	15040.jpg	shuffled	15040	15040
05524	05524	05524.jpg	13348.jpg	shuffled	13348	13348
05525	05525	05525.jpg	06281.jpg	shuffled	06281	06281
05526	05526	05526.jpg	02763.jpg	shuffled	02763	02763
05527	05527	05527.jpg	07027.jpg	shuffled	07027	07027
05528	05528	05528.jpg	12112.jpg	shuffled	12112	12112
05529	05529	05529.jpg	12848.jpg	shuffled	12848	12848
05530	05530	05530.jpg	16308.jpg	shuffled	16308	16308
05531	05531	05531.jpg	06750.jpg	shuffled	06750	06750
05532	05532	05532.jpg	07021.jpg	shuffled	07021	07021
05533	05533	05533.jpg	05964.jpg	shuffled	05964	05964
05534	05534	05534.jpg	06658.jpg	shuffled	06658	06658
05535	05535	05535.jpg	06441.jpg	shuffled	06441	06441
05536	05536	05536.jpg	12525.jpg	shuffled	12525	12525
05537	05537	05537.jpg	13075.jpg	shuffled	13075	13075
05538	05538	05538.jpg	11932.jpg	shuffled	11932	11932
05539	05539	05539.jpg	05894.jpg	shuffled	05894	05894
05540	05540	05540.jpg	14528.jpg	shuffled	14528	14528
05541	05541	05541.jpg	04381.jpg	shuffled	04381	04381
05542	05542	05542.jpg	02117.jpg	shuffled	02117	02117
05543	05543	05543.jpg	03270.jpg	shuffled	03270	03270
05544	05544	05544.jpg	01636.jpg	shuffled	01636	01636
05545	05545	05545.jpg	00795.jpg	shuffled	00795	00795
05546	05546	05546.jpg	01753.jpg	shuffled	01753	01753
05547	05547	05547.jpg	14443.jpg	shuffled	14443	14443
05548	05548	05548.jpg	08837.jpg	shuffled	08837	08837
05549	05549	05549.jpg	16543.jpg	shuffled	16543	16543
05550	05550	05550.jpg	06749.jpg	shuffled	06749	06749
05551	05551	05551.jpg	11376.jpg	shuffled	11376	11376
05552	05552	05552.jpg	17887.jpg	shuffled	17887	17887
05553	05553	05553.jpg	12714.jpg	shuffled	12714	12714
05554	05554	05554.jpg	03901.jpg	shuffled	03901	03901
05555	05555	05555.jpg	15111.jpg	shuffled	15111	15111
05556	05556	05556.jpg	03447.jpg	shuffled	03447	03447
05557	05557	05557.jpg	04700.jpg	shuffled	04700	04700
05558	05558	05558.jpg	06559.jpg	shuffled	06559	06559
05559	05559	05559.jpg	14016.jpg	shuffled	14016	14016
05560	05560	05560.jpg	00751.jpg	shuffled	00751	00751
05561	05561	05561.jpg	02063.jpg	shuffled	02063	02063
05562	05562	05562.jpg	09609.jpg	shuffled	09609	09609
05563	05563	05563.jpg	09487.jpg	shuffled	09487	09487
05564	05564	05564.jpg	06942.jpg	shuffled	06942	06942
05565	05565	05565.jpg	03309.jpg	shuffled	03309	03309
05566	05566	05566.jpg	16198.jpg	shuffled	16198	16198
05567	05567	05567.jpg	17459.jpg	shuffled	17459	17459
05568	05568	05568.jpg	14334.jpg	shuffled	14334	14334
05569	05569	05569.jpg	16927.jpg	shuffled	16927	16927
05570	05570	05570.jpg	14151.jpg	shuffled	14151	14151
05571	05571	05571.jpg	02135.jpg	shuffled	02135	02135
05572	05572	05572.jpg	15172.jpg	shuffled	15172	15172
05573	05573	05573.jpg	16964.jpg	shuffled	16964	16964
05574	05574	05574.jpg	14862.jpg	shuffled	14862	14862
05575	05575	05575.jpg	13315.jpg	shuffled	13315	13315
05576	05576	05576.jpg	05416.jpg	shuffled	05416	05416
05577	05577	05577.jpg	17508.jpg	shuffled	17508	17508
05578	05578	05578.jpg	06437.jpg	shuffled	06437	06437
05579	05579	05579.jpg	10815.jpg	shuffled	10815	10815
05580	05580	05580.jpg	03256.jpg	shuffled	03256	03256
05581	05581	05581.jpg	17118.jpg	shuffled	17118	17118
05582	05582	05582.jpg	03769.jpg	shuffled	03769	03769
05583	05583	05583.jpg	16030.jpg	shuffled	16030	16030
05584	05584	05584.jpg	16387.jpg	shuffled	16387	16387
05585	05585	05585.jpg	03574.jpg	shuffled	03574	03574
05586	05586	05586.jpg	01663.jpg	shuffled	01663	01663
05587	05587	05587.jpg	16999.jpg	shuffled	16999	16999
05588	05588	05588.jpg	17536.jpg	shuffled	17536	17536
05589	05589	05589.jpg	05631.jpg	shuffled	05631	05631
05590	05590	05590.jpg	06613.jpg	shuffled	06613	06613
05591	05591	05591.jpg	05774.jpg	shuffled	05774	05774
05592	05592	05592.jpg	17382.jpg	shuffled	17382	17382
05593	05593	05593.jpg	15875.jpg	shuffled	15875	15875
05594	05594	05594.jpg	00586.jpg	shuffled	00586	00586
05595	05595	05595.jpg	15749.jpg	shuffled	15749	15749
05596	05596	05596.jpg	05109.jpg	shuffled	05109	05109
05597	05597	05597.jpg	11775.jpg	shuffled	11775	11775
05598	05598	05598.jpg	04307.jpg	shuffled	04307	04307
05599	05599	05599.jpg	04416.jpg	shuffled	04416	04416
05600	05600	05600.jpg	05282.jpg	shuffled	05282	05282
05601	05601	05601.jpg	11456.jpg	shuffled	11456	11456
05602	05602	05602.jpg	04621.jpg	shuffled	04621	04621
05603	05603	05603.jpg	15607.jpg	shuffled	15607	15607
05604	05604	05604.jpg	02344.jpg	shuffled	02344	02344
05605	05605	05605.jpg	01179.jpg	shuffled	01179	01179
05606	05606	05606.jpg	12198.jpg	shuffled	12198	12198
05607	05607	05607.jpg	11861.jpg	shuffled	11861	11861
05608	05608	05608.jpg	04516.jpg	shuffled	04516	04516
05609	05609	05609.jpg	15419.jpg	shuffled	15419	15419
05610	05610	05610.jpg	15100.jpg	shuffled	15100	15100
05611	05611	05611.jpg	08613.jpg	shuffled	08613	08613
05612	05612	05612.jpg	12259.jpg	shuffled	12259	12259
05613	05613	05613.jpg	09135.jpg	shuffled	09135	09135
05614	05614	05614.jpg	05170.jpg	shuffled	05170	05170
05615	05615	05615.jpg	13583.jpg	shuffled	13583	13583
05616	05616	05616.jpg	15692.jpg	shuffled	15692	15692
05617	05617	05617.jpg	11357.jpg	shuffled	11357	11357
05618	05618	05618.jpg	04060.jpg	shuffled	04060	04060
05619	05619	05619.jpg	04260.jpg	shuffled	04260	04260
05620	05620	05620.jpg	14419.jpg	shuffled	14419	14419
05621	05621	05621.jpg	04478.jpg	shuffled	04478	04478
05622	05622	05622.jpg	15031.jpg	shuffled	15031	15031
05623	05623	05623.jpg	10302.jpg	shuffled	10302	10302
05624	05624	05624.jpg	05076.jpg	shuffled	05076	05076
05625	05625	05625.jpg	03505.jpg	shuffled	03505	03505
05626	05626	05626.jpg	14694.jpg	shuffled	14694	14694
05627	05627	05627.jpg	12540.jpg	shuffled	12540	12540
05628	05628	05628.jpg	03845.jpg	shuffled	03845	03845
05629	05629	05629.jpg	15449.jpg	shuffled	15449	15449
05630	05630	05630.jpg	11498.jpg	shuffled	11498	11498
05631	05631	05631.jpg	05032.jpg	shuffled	05032	05032
05632	05632	05632.jpg	10472.jpg	shuffled	10472	10472
05633	05633	05633.jpg	07745.jpg	shuffled	07745	07745
05634	05634	05634.jpg	02054.jpg	shuffled	02054	02054
05635	05635	05635.jpg	15999.jpg	shuffled	15999	15999
05636	05636	05636.jpg	17627.jpg	shuffled	17627	17627
05637	05637	05637.jpg	00684.jpg	shuffled	00684	00684
05638	05638	05638.jpg	03033.jpg	shuffled	03033	03033
05639	05639	05639.jpg	00970.jpg	shuffled	00970	00970
05640	05640	05640.jpg	01971.jpg	shuffled	01971	01971
05641	05641	05641.jpg	02185.jpg	shuffled	02185	02185
05642	05642	05642.jpg	09410.jpg	shuffled	09410	09410
05643	05643	05643.jpg	06241.jpg	shuffled	06241	06241
05644	05644	05644.jpg	14531.jpg	shuffled	14531	14531
05645	05645	05645.jpg	09065.jpg	shuffled	09065	09065
05646	05646	05646.jpg	15580.jpg	shuffled	15580	15580
05647	05647	05647.jpg	08765.jpg	shuffled	08765	08765
05648	05648	05648.jpg	08005.jpg	shuffled	08005	08005
05649	05649	05649.jpg	11006.jpg	shuffled	11006	11006
05650	05650	05650.jpg	11845.jpg	shuffled	11845	11845
05651	05651	05651.jpg	04888.jpg	shuffled	04888	04888
05652	05652	05652.jpg	09208.jpg	shuffled	09208	09208
05653	05653	05653.jpg	01313.jpg	shuffled	01313	01313
05654	05654	05654.jpg	03835.jpg	shuffled	03835	03835
05655	05655	05655.jpg	11268.jpg	shuffled	11268	11268
05656	05656	05656.jpg	02291.jpg	shuffled	02291	02291
05657	05657	05657.jpg	02477.jpg	shuffled	02477	02477
05658	05658	05658.jpg	11422.jpg	shuffled	11422	11422
05659	05659	05659.jpg	08424.jpg	shuffled	08424	08424
05660	05660	05660.jpg	00072.jpg	shuffled	00072	00072
05661	05661	05661.jpg	04203.jpg	shuffled	04203	04203
05662	05662	05662.jpg	10317.jpg	shuffled	10317	10317
05663	05663	05663.jpg	12978.jpg	shuffled	12978	12978
05664	05664	05664.jpg	10608.jpg	shuffled	10608	10608
05665	05665	05665.jpg	17275.jpg	shuffled	17275	17275
05666	05666	05666.jpg	12938.jpg	shuffled	12938	12938
05667	05667	05667.jpg	05701.jpg	shuffled	05701	05701
05668	05668	05668.jpg	02206.jpg	shuffled	02206	02206
05669	05669	05669.jpg	13396.jpg	shuffled	13396	13396
05670	05670	05670.jpg	12519.jpg	shuffled	12519	12519
05671	05671	05671.jpg	10276.jpg	shuffled	10276	10276
05672	05672	05672.jpg	05318.jpg	shuffled	05318	05318
05673	05673	05673.jpg	02980.jpg	shuffled	02980	02980
05674	05674	05674.jpg	00321.jpg	shuffled	00321	00321
05675	05675	05675.jpg	06290.jpg	shuffled	06290	06290
05676	05676	05676.jpg	05646.jpg	shuffled	05646	05646
05677	05677	05677.jpg	16600.jpg	shuffled	16600	16600
05678	05678	05678.jpg	13273.jpg	shuffled	13273	13273
05679	05679	05679.jpg	14746.jpg	shuffled	14746	14746
05680	05680	05680.jpg	00972.jpg	shuffled	00972	00972
05681	05681	05681.jpg	03820.jpg	shuffled	03820	03820
05682	05682	05682.jpg	13212.jpg	shuffled	13212	13212
05683	05683	05683.jpg	17896.jpg	shuffled	17896	17896
05684	05684	05684.jpg	12904.jpg	shuffled	12904	12904
05685	05685	05685.jpg	17726.jpg	shuffled	17726	17726
05686	05686	05686.jpg	01687.jpg	shuffled	01687	01687
05687	05687	05687.jpg	13048.jpg	shuffled	13048	13048
05688	05688	05688.jpg	01528.jpg	shuffled	01528	01528
05689	05689	05689.jpg	09997.jpg	shuffled	09997	09997
05690	05690	05690.jpg	05430.jpg	shuffled	05430	05430
05691	05691	05691.jpg	13030.jpg	shuffled	13030	13030
05692	05692	05692.jpg	15287.jpg	shuffled	15287	15287
05693	05693	05693.jpg	13671.jpg	shuffled	13671	13671
05694	05694	05694.jpg	08053.jpg	shuffled	08053	08053
05695	05695	05695.jpg	12690.jpg	shuffled	12690	12690
05696	05696	05696.jpg	13810.jpg	shuffled	13810	13810
05697	05697	05697.jpg	14620.jpg	shuffled	14620	14620
05698	05698	05698.jpg	16044.jpg	shuffled	16044	16044
05699	05699	05699.jpg	16508.jpg	shuffled	16508	16508
05700	05700	05700.jpg	11047.jpg	shuffled	11047	11047
05701	05701	05701.jpg	05600.jpg	shuffled	05600	05600
05702	05702	05702.jpg	16710.jpg	shuffled	16710	16710
05703	05703	05703.jpg	07705.jpg	shuffled	07705	07705
05704	05704	05704.jpg	00743.jpg	shuffled	00743	00743
05705	05705	05705.jpg	13500.jpg	shuffled	13500	13500
05706	05706	05706.jpg	11911.jpg	shuffled	11911	11911
05707	05707	05707.jpg	06208.jpg	shuffled	06208	06208
05708	05708	05708.jpg	08055.jpg	shuffled	08055	08055
05709	05709	05709.jpg	11305.jpg	shuffled	11305	11305
05710	05710	05710.jpg	12424.jpg	shuffled	12424	12424
05711	05711	05711.jpg	05695.jpg	shuffled	05695	05695
05712	05712	05712.jpg	03614.jpg	shuffled	03614	03614
05713	05713	05713.jpg	05123.jpg	shuffled	05123	05123
05714	05714	05714.jpg	17290.jpg	shuffled	17290	17290
05715	05715	05715.jpg	00955.jpg	shuffled	00955	00955
05716	05716	05716.jpg	17406.jpg	shuffled	17406	17406
05717	05717	05717.jpg	04653.jpg	shuffled	04653	04653
05718	05718	05718.jpg	01039.jpg	shuffled	01039	01039
05719	05719	05719.jpg	06959.jpg	shuffled	06959	06959
05720	05720	05720.jpg	04018.jpg	shuffled	04018	04018
05721	05721	05721.jpg	13563.jpg	shuffled	13563	13563
05722	05722	05722.jpg	12246.jpg	shuffled	12246	12246
05723	05723	05723.jpg	12221.jpg	shuffled	12221	12221
05724	05724	05724.jpg	05898.jpg	shuffled	05898	05898
05725	05725	05725.jpg	07851.jpg	shuffled	07851	07851
05726	05726	05726.jpg	08207.jpg	shuffled	08207	08207
05727	05727	05727.jpg	07774.jpg	shuffled	07774	07774
05728	05728	05728.jpg	09467.jpg	shuffled	09467	09467
05729	05729	05729.jpg	12926.jpg	shuffled	12926	12926
05730	05730	05730.jpg	02882.jpg	shuffled	02882	02882
05731	05731	05731.jpg	01497.jpg	shuffled	01497	01497
05732	05732	05732.jpg	05332.jpg	shuffled	05332	05332
05733	05733	05733.jpg	08266.jpg	shuffled	08266	08266
05734	05734	05734.jpg	08361.jpg	shuffled	08361	08361
05735	05735	05735.jpg	11933.jpg	shuffled	11933	11933
05736	05736	05736.jpg	03827.jpg	shuffled	03827	03827
05737	05737	05737.jpg	10518.jpg	shuffled	10518	10518
05738	05738	05738.jpg	08723.jpg	shuffled	08723	08723
05739	05739	05739.jpg	03417.jpg	shuffled	03417	03417
05740	05740	05740.jpg	13571.jpg	shuffled	13571	13571
05741	05741	05741.jpg	06103.jpg	shuffled	06103	06103
05742	05742	05742.jpg	17516.jpg	shuffled	17516	17516
05743	05743	05743.jpg	11732.jpg	shuffled	11732	11732
05744	05744	05744.jpg	07704.jpg	shuffled	07704	07704
05745	05745	05745.jpg	14430.jpg	shuffled	14430	14430
05746	05746	05746.jpg	01377.jpg	shuffled	01377	01377
05747	05747	05747.jpg	14389.jpg	shuffled	14389	14389
05748	05748	05748.jpg	14127.jpg	shuffled	14127	14127
05749	05749	05749.jpg	11071.jpg	shuffled	11071	11071
05750	05750	05750.jpg	04396.jpg	shuffled	04396	04396
05751	05751	05751.jpg	10799.jpg	shuffled	10799	10799
05752	05752	05752.jpg	17800.jpg	shuffled	17800	17800
05753	05753	05753.jpg	01384.jpg	shuffled	01384	01384
05754	05754	05754.jpg	00131.jpg	shuffled	00131	00131
05755	05755	05755.jpg	03360.jpg	shuffled	03360	03360
05756	05756	05756.jpg	00378.jpg	shuffled	00378	00378
05757	05757	05757.jpg	17623.jpg	shuffled	17623	17623
05758	05758	05758.jpg	13517.jpg	shuffled	13517	13517
05759	05759	05759.jpg	03426.jpg	shuffled	03426	03426
05760	05760	05760.jpg	11269.jpg	shuffled	11269	11269
05761	05761	05761.jpg	15657.jpg	shuffled	15657	15657
05762	05762	05762.jpg	16301.jpg	shuffled	16301	16301
05763	05763	05763.jpg	01942.jpg	shuffled	01942	01942
05764	05764	05764.jpg	13832.jpg	shuffled	13832	13832
05765	05765	05765.jpg	15067.jpg	shuffled	15067	15067
05766	05766	05766.jpg	14445.jpg	shuffled	14445	14445
05767	05767	05767.jpg	10229.jpg	shuffled	10229	10229
05768	05768	05768.jpg	05859.jpg	shuffled	05859	05859
05769	05769	05769.jpg	05085.jpg	shuffled	05085	05085
05770	05770	05770.jpg	07238.jpg	shuffled	07238	07238
05771	05771	05771.jpg	00760.jpg	shuffled	00760	00760
05772	05772	05772.jpg	12465.jpg	shuffled	12465	12465
05773	05773	05773.jpg	05725.jpg	shuffled	05725	05725
05774	05774	05774.jpg	14374.jpg	shuffled	14374	14374
05775	05775	05775.jpg	12293.jpg	shuffled	12293	12293
05776	05776	05776.jpg	01301.jpg	shuffled	01301	01301
05777	05777	05777.jpg	06781.jpg	shuffled	06781	06781
05778	05778	05778.jpg	02212.jpg	shuffled	02212	02212
05779	05779	05779.jpg	15316.jpg	shuffled	15316	15316
05780	05780	05780.jpg	09352.jpg	shuffled	09352	09352
05781	05781	05781.jpg	09757.jpg	shuffled	09757	09757
05782	05782	05782.jpg	02838.jpg	shuffled	02838	02838
05783	05783	05783.jpg	09807.jpg	shuffled	09807	09807
05784	05784	05784.jpg	17487.jpg	shuffled	17487	17487
05785	05785	05785.jpg	16442.jpg	shuffled	16442	16442
05786	05786	05786.jpg	14474.jpg	shuffled	14474	14474
05787	05787	05787.jpg	11923.jpg	shuffled	11923	11923
05788	05788	05788.jpg	02099.jpg	shuffled	02099	02099
05789	05789	05789.jpg	03757.jpg	shuffled	03757	03757
05790	05790	05790.jpg	09155.jpg	shuffled	09155	09155
05791	05791	05791.jpg	10307.jpg	shuffled	10307	10307
05792	05792	05792.jpg	11960.jpg	shuffled	11960	11960
05793	05793	05793.jpg	15818.jpg	shuffled	15818	15818
05794	05794	05794.jpg	13649.jpg	shuffled	13649	13649
05795	05795	05795.jpg	07024.jpg	shuffled	07024	07024
05796	05796	05796.jpg	15633.jpg	shuffled	15633	15633
05797	05797	05797.jpg	10631.jpg	shuffled	10631	10631
05798	05798	05798.jpg	11754.jpg	shuffled	11754	11754
05799	05799	05799.jpg	07328.jpg	shuffled	07328	07328
05800	05800	05800.jpg	04554.jpg	shuffled	04554	04554
05801	05801	05801.jpg	16512.jpg	shuffled	16512	16512
05802	05802	05802.jpg	07050.jpg	shuffled	07050	07050
05803	05803	05803.jpg	10257.jpg	shuffled	10257	10257
05804	05804	05804.jpg	05816.jpg	shuffled	05816	05816
05805	05805	05805.jpg	13893.jpg	shuffled	13893	13893
05806	05806	05806.jpg	02178.jpg	shuffled	02178	02178
05807	05807	05807.jpg	04475.jpg	shuffled	04475	04475
05808	05808	05808.jpg	04627.jpg	shuffled	04627	04627
05809	05809	05809.jpg	16805.jpg	shuffled	16805	16805
05810	05810	05810.jpg	01077.jpg	shuffled	01077	01077
05811	05811	05811.jpg	05466.jpg	shuffled	05466	05466
05812	05812	05812.jpg	00997.jpg	shuffled	00997	00997
05813	05813	05813.jpg	01187.jpg	shuffled	01187	01187
05814	05814	05814.jpg	04378.jpg	shuffled	04378	04378
05815	05815	05815.jpg	12682.jpg	shuffled	12682	12682
05816	05816	05816.jpg	00649.jpg	shuffled	00649	00649
05817	05817	05817.jpg	14961.jpg	shuffled	14961	14961
05818	05818	05818.jpg	12748.jpg	shuffled	12748	12748
05819	05819	05819.jpg	13582.jpg	shuffled	13582	13582
05820	05820	05820.jpg	11729.jpg	shuffled	11729	11729
05821	05821	05821.jpg	09668.jpg	shuffled	09668	09668
05822	05822	05822.jpg	03444.jpg	shuffled	03444	03444
05823	05823	05823.jpg	09247.jpg	shuffled	09247	09247
05824	05824	05824.jpg	04169.jpg	shuffled	04169	04169
05825	05825	05825.jpg	05004.jpg	shuffled	05004	05004
05826	05826	05826.jpg	16211.jpg	shuffled	16211	16211
05827	05827	05827.jpg	06529.jpg	shuffled	06529	06529
05828	05828	05828.jpg	07265.jpg	shuffled	07265	07265
05829	05829	05829.jpg	15345.jpg	shuffled	15345	15345
05830	05830	05830.jpg	15267.jpg	shuffled	15267	15267
05831	05831	05831.jpg	08907.jpg	shuffled	08907	08907
05832	05832	05832.jpg	14974.jpg	shuffled	14974	14974
05833	05833	05833.jpg	13325.jpg	shuffled	13325	13325
05834	05834	05834.jpg	02377.jpg	shuffled	02377	02377
05835	05835	05835.jpg	10849.jpg	shuffled	10849	10849
05836	05836	05836.jpg	17060.jpg	shuffled	17060	17060
05837	05837	05837.jpg	15146.jpg	shuffled	15146	15146
05838	05838	05838.jpg	07941.jpg	shuffled	07941	07941
05839	05839	05839.jpg	00431.jpg	shuffled	00431	00431
05840	05840	05840.jpg	14878.jpg	shuffled	14878	14878
05841	05841	05841.jpg	16417.jpg	shuffled	16417	16417
05842	05842	05842.jpg	07997.jpg	shuffled	07997	07997
05843	05843	05843.jpg	06604.jpg	shuffled	06604	06604
05844	05844	05844.jpg	10323.jpg	shuffled	10323	10323
05845	05845	05845.jpg	00605.jpg	shuffled	00605	00605
05846	05846	05846.jpg	07772.jpg	shuffled	07772	07772
05847	05847	05847.jpg	05748.jpg	shuffled	05748	05748
05848	05848	05848.jpg	03302.jpg	shuffled	03302	03302
05849	05849	05849.jpg	13114.jpg	shuffled	13114	13114
05850	05850	05850.jpg	02064.jpg	shuffled	02064	02064
05851	05851	05851.jpg	12499.jpg	shuffled	12499	12499
05852	05852	05852.jpg	07083.jpg	shuffled	07083	07083
05853	05853	05853.jpg	07099.jpg	shuffled	07099	07099
05854	05854	05854.jpg	01705.jpg	shuffled	01705	01705
05855	05855	05855.jpg	04291.jpg	shuffled	04291	04291
05856	05856	05856.jpg	03597.jpg	shuffled	03597	03597
05857	05857	05857.jpg	16334.jpg	shuffled	16334	16334
05858	05858	05858.jpg	08569.jpg	shuffled	08569	08569
05859	05859	05859.jpg	11040.jpg	shuffled	11040	11040
05860	05860	05860.jpg	07469.jpg	shuffled	07469	07469
05861	05861	05861.jpg	00053.jpg	shuffled	00053	00053
05862	05862	05862.jpg	10991.jpg	shuffled	10991	10991
05863	05863	05863.jpg	10292.jpg	shuffled	10292	10292
05864	05864	05864.jpg	13244.jpg	shuffled	13244	13244
05865	05865	05865.jpg	10044.jpg	shuffled	10044	10044
05866	05866	05866.jpg	12675.jpg	shuffled	12675	12675
05867	05867	05867.jpg	03036.jpg	shuffled	03036	03036
05868	05868	05868.jpg	16875.jpg	shuffled	16875	16875
05869	05869	05869.jpg	09408.jpg	shuffled	09408	09408
05870	05870	05870.jpg	00631.jpg	shuffled	00631	00631
05871	05871	05871.jpg	12639.jpg	shuffled	12639	12639
05872	05872	05872.jpg	09358.jpg	shuffled	09358	09358
05873	05873	05873.jpg	14263.jpg	shuffled	14263	14263
05874	05874	05874.jpg	08172.jpg	shuffled	08172	08172
05875	05875	05875.jpg	13285.jpg	shuffled	13285	13285
05876	05876	05876.jpg	17910.jpg	shuffled	17910	17910
05877	05877	05877.jpg	03565.jpg	shuffled	03565	03565
05878	05878	05878.jpg	08501.jpg	shuffled	08501	08501
05879	05879	05879.jpg	04460.jpg	shuffled	04460	04460
05880	05880	05880.jpg	13614.jpg	shuffled	13614	13614
05881	05881	05881.jpg	08657.jpg	shuffled	08657	08657
05882	05882	05882.jpg	10763.jpg	shuffled	10763	10763
05883	05883	05883.jpg	15181.jpg	shuffled	15181	15181
05884	05884	05884.jpg	03533.jpg	shuffled	03533	03533
05885	05885	05885.jpg	04724.jpg	shuffled	04724	04724
05886	05886	05886.jpg	00274.jpg	shuffled	00274	00274
05887	05887	05887.jpg	17196.jpg	shuffled	17196	17196
05888	05888	05888.jpg	15189.jpg	shuffled	15189	15189
05889	05889	05889.jpg	08139.jpg	shuffled	08139	08139
05890	05890	05890.jpg	00564.jpg	shuffled	00564	00564
05891	05891	05891.jpg	09292.jpg	shuffled	09292	09292
05892	05892	05892.jpg	07122.jpg	shuffled	07122	07122
05893	05893	05893.jpg	11287.jpg	shuffled	11287	11287
05894	05894	05894.jpg	04573.jpg	shuffled	04573	04573
05895	05895	05895.jpg	02160.jpg	shuffled	02160	02160
05896	05896	05896.jpg	07943.jpg	shuffled	07943	07943
05897	05897	05897.jpg	13988.jpg	shuffled	13988	13988
05898	05898	05898.jpg	03075.jpg	shuffled	03075	03075
05899	05899	05899.jpg	06744.jpg	shuffled	06744	06744
05900	05900	05900.jpg	10737.jpg	shuffled	10737	10737
05901	05901	05901.jpg	10626.jpg	shuffled	10626	10626
05902	05902	05902.jpg	12425.jpg	shuffled	12425	12425
05903	05903	05903.jpg	15179.jpg	shuffled	15179	15179
05904	05904	05904.jpg	16948.jpg	shuffled	16948	16948
05905	05905	05905.jpg	04897.jpg	shuffled	04897	04897
05906	05906	05906.jpg	16052.jpg	shuffled	16052	16052
05907	05907	05907.jpg	02210.jpg	shuffled	02210	02210
05908	05908	05908.jpg	06196.jpg	shuffled	06196	06196
05909	05909	05909.jpg	03500.jpg	shuffled	03500	03500
05910	05910	05910.jpg	17520.jpg	shuffled	17520	17520
05911	05911	05911.jpg	01856.jpg	shuffled	01856	01856
05912	05912	05912.jpg	14724.jpg	shuffled	14724	14724
05913	05913	05913.jpg	09652.jpg	shuffled	09652	09652
05914	05914	05914.jpg	05934.jpg	shuffled	05934	05934
05915	05915	05915.jpg	06062.jpg	shuffled	06062	06062
05916	05916	05916.jpg	15170.jpg	shuffled	15170	15170
05917	05917	05917.jpg	13361.jpg	shuffled	13361	13361
05918	05918	05918.jpg	06309.jpg	shuffled	06309	06309
05919	05919	05919.jpg	04802.jpg	shuffled	04802	04802
05920	05920	05920.jpg	17790.jpg	shuffled	17790	17790
05921	05921	05921.jpg	07618.jpg	shuffled	07618	07618
05922	05922	05922.jpg	12615.jpg	shuffled	12615	12615
05923	05923	05923.jpg	11995.jpg	shuffled	11995	11995
05924	05924	05924.jpg	16854.jpg	shuffled	16854	16854
05925	05925	05925.jpg	12025.jpg	shuffled	12025	12025
05926	05926	05926.jpg	15856.jpg	shuffled	15856	15856
05927	05927	05927.jpg	10683.jpg	shuffled	10683	10683
05928	05928	05928.jpg	04818.jpg	shuffled	04818	04818
05929	05929	05929.jpg	11501.jpg	shuffled	11501	11501
05930	05930	05930.jpg	13451.jpg	shuffled	13451	13451
05931	05931	05931.jpg	12095.jpg	shuffled	12095	12095
05932	05932	05932.jpg	16103.jpg	shuffled	16103	16103
05933	05933	05933.jpg	13251.jpg	shuffled	13251	13251
05934	05934	05934.jpg	07367.jpg	shuffled	07367	07367
05935	05935	05935.jpg	09879.jpg	shuffled	09879	09879
05936	05936	05936.jpg	09068.jpg	shuffled	09068	09068
05937	05937	05937.jpg	16850.jpg	shuffled	16850	16850
05938	05938	05938.jpg	08192.jpg	shuffled	08192	08192
05939	05939	05939.jpg	15927.jpg	shuffled	15927	15927
05940	05940	05940.jpg	00824.jpg	shuffled	00824	00824
05941	05941	05941.jpg	05573.jpg	shuffled	05573	05573
05942	05942	05942.jpg	10900.jpg	shuffled	10900	10900
05943	05943	05943.jpg	09446.jpg	shuffled	09446	09446
05944	05944	05944.jpg	02057.jpg	shuffled	02057	02057
05945	05945	05945.jpg	13669.jpg	shuffled	13669	13669
05946	05946	05946.jpg	16947.jpg	shuffled	16947	16947
05947	05947	05947.jpg	00008.jpg	shuffled	00008	00008
05948	05948	05948.jpg	09257.jpg	shuffled	09257	09257
05949	05949	05949.jpg	12108.jpg	shuffled	12108	12108
05950	05950	05950.jpg	15959.jpg	shuffled	15959	15959
05951	05951	05951.jpg	13010.jpg	shuffled	13010	13010
05952	05952	05952.jpg	06376.jpg	shuffled	06376	06376
05953	05953	05953.jpg	12138.jpg	shuffled	12138	12138
05954	05954	05954.jpg	14617.jpg	shuffled	14617	14617
05955	05955	05955.jpg	03425.jpg	shuffled	03425	03425
05956	05956	05956.jpg	10599.jpg	shuffled	10599	10599
05957	05957	05957.jpg	10326.jpg	shuffled	10326	10326
05958	05958	05958.jpg	06535.jpg	shuffled	06535	06535
05959	05959	05959.jpg	03959.jpg	shuffled	03959	03959
05960	05960	05960.jpg	16230.jpg	shuffled	16230	16230
05961	05961	05961.jpg	17261.jpg	shuffled	17261	17261
05962	05962	05962.jpg	14540.jpg	shuffled	14540	14540
05963	05963	05963.jpg	08272.jpg	shuffled	08272	08272
05964	05964	05964.jpg	10280.jpg	shuffled	10280	10280
05965	05965	05965.jpg	07593.jpg	shuffled	07593	07593
05966	05966	05966.jpg	04562.jpg	shuffled	04562	04562
05967	05967	05967.jpg	02914.jpg	shuffled	02914	02914
05968	05968	05968.jpg	00029.jpg	shuffled	00029	00029
05969	05969	05969.jpg	05521.jpg	shuffled	05521	05521
05970	05970	05970.jpg	15325.jpg	shuffled	15325	15325
05971	05971	05971.jpg	15414.jpg	shuffled	15414	15414
05972	05972	05972.jpg	05010.jpg	shuffled	05010	05010
05973	05973	05973.jpg	04610.jpg	shuffled	04610	04610
05974	05974	05974.jpg	14442.jpg	shuffled	14442	14442
05975	05975	05975.jpg	09981.jpg	shuffled	09981	09981
05976	05976	05976.jpg	15289.jpg	shuffled	15289	15289
05977	05977	05977.jpg	16324.jpg	shuffled	16324	16324
05978	05978	05978.jpg	07759.jpg	shuffled	07759	07759
05979	05979	05979.jpg	11247.jpg	shuffled	11247	11247
05980	05980	05980.jpg	08222.jpg	shuffled	08222	08222
05981	05981	05981.jpg	11970.jpg	shuffled	11970	11970
05982	05982	05982.jpg	06488.jpg	shuffled	06488	06488
05983	05983	05983.jpg	15704.jpg	shuffled	15704	15704
05984	05984	05984.jpg	10510.jpg	shuffled	10510	10510
05985	05985	05985.jpg	17380.jpg	shuffled	17380	17380
05986	05986	05986.jpg	04338.jpg	shuffled	04338	04338
05987	05987	05987.jpg	06579.jpg	shuffled	06579	06579
05988	05988	05988.jpg	08432.jpg	shuffled	08432	08432
05989	05989	05989.jpg	09558.jpg	shuffled	09558	09558
05990	05990	05990.jpg	00679.jpg	shuffled	00679	00679
05991	05991	05991.jpg	08602.jpg	shuffled	08602	08602
05992	05992	05992.jpg	14187.jpg	shuffled	14187	14187
05993	05993	05993.jpg	08524.jpg	shuffled	08524	08524
05994	05994	05994.jpg	07115.jpg	shuffled	07115	07115
05995	05995	05995.jpg	04642.jpg	shuffled	04642	04642
05996	05996	05996.jpg	11391.jpg	shuffled	11391	11391
05997	05997	05997.jpg	03289.jpg	shuffled	03289	03289
05998	05998	05998.jpg	01888.jpg	shuffled	01888	01888
05999	05999	05999.jpg	05963.jpg	shuffled	05963	05963
06000	06000	06000.jpg	06964.jpg	shuffled	06964	06964
06001	06001	06001.jpg	05156.jpg	shuffled	05156	05156
06002	06002	06002.jpg	04220.jpg	shuffled	04220	04220
06003	06003	06003.jpg	07203.jpg	shuffled	07203	07203
06004	06004	06004.jpg	03486.jpg	shuffled	03486	03486
06005	06005	06005.jpg	00956.jpg	shuffled	00956	00956
06006	06006	06006.jpg	08188.jpg	shuffled	08188	08188
06007	06007	06007.jpg	12009.jpg	shuffled	12009	12009
06008	06008	06008.jpg	06994.jpg	shuffled	06994	06994
06009	06009	06009.jpg	16889.jpg	shuffled	16889	16889
06010	06010	06010.jpg	16357.jpg	shuffled	16357	16357
06011	06011	06011.jpg	11048.jpg	shuffled	11048	11048
06012	06012	06012.jpg	15250.jpg	shuffled	15250	15250
06013	06013	06013.jpg	04337.jpg	shuffled	04337	04337
06014	06014	06014.jpg	01253.jpg	shuffled	01253	01253
06015	06015	06015.jpg	05598.jpg	shuffled	05598	05598
06016	06016	06016.jpg	09414.jpg	shuffled	09414	09414
06017	06017	06017.jpg	06295.jpg	shuffled	06295	06295
06018	06018	06018.jpg	14427.jpg	shuffled	14427	14427
06019	06019	06019.jpg	05836.jpg	shuffled	05836	05836
06020	06020	06020.jpg	06523.jpg	shuffled	06523	06523
06021	06021	06021.jpg	14734.jpg	shuffled	14734	14734
06022	06022	06022.jpg	10496.jpg	shuffled	10496	10496
06023	06023	06023.jpg	04515.jpg	shuffled	04515	04515
06024	06024	06024.jpg	10750.jpg	shuffled	10750	10750
06025	06025	06025.jpg	03710.jpg	shuffled	03710	03710
06026	06026	06026.jpg	04889.jpg	shuffled	04889	04889
06027	06027	06027.jpg	07011.jpg	shuffled	07011	07011
06028	06028	06028.jpg	09869.jpg	shuffled	09869	09869
06029	06029	06029.jpg	13222.jpg	shuffled	13222	13222
06030	06030	06030.jpg	14500.jpg	shuffled	14500	14500
06031	06031	06031.jpg	09844.jpg	shuffled	09844	09844
06032	06032	06032.jpg	16752.jpg	shuffled	16752	16752
06033	06033	06033.jpg	09059.jpg	shuffled	09059	09059
06034	06034	06034.jpg	08917.jpg	shuffled	08917	08917
06035	06035	06035.jpg	11472.jpg	shuffled	11472	11472
06036	06036	06036.jpg	16501.jpg	shuffled	16501	16501
06037	06037	06037.jpg	06980.jpg	shuffled	06980	06980
06038	06038	06038.jpg	17363.jpg	shuffled	17363	17363
06039	06039	06039.jpg	09539.jpg	shuffled	09539	09539
06040	06040	06040.jpg	06049.jpg	shuffled	06049	06049
06041	06041	06041.jpg	03108.jpg	shuffled	03108	03108
06042	06042	06042.jpg	15191.jpg	shuffled	15191	15191
06043	06043	06043.jpg	03092.jpg	shuffled	03092	03092
06044	06044	06044.jpg	10503.jpg	shuffled	10503	10503
06045	06045	06045.jpg	02825.jpg	shuffled	02825	02825
06046	06046	06046.jpg	08993.jpg	shuffled	08993	08993
06047	06047	06047.jpg	13748.jpg	shuffled	13748	13748
06048	06048	06048.jpg	03156.jpg	shuffled	03156	03156
06049	06049	06049.jpg	02842.jpg	shuffled	02842	02842
06050	06050	06050.jpg	15205.jpg	shuffled	15205	15205
06051	06051	06051.jpg	05911.jpg	shuffled	05911	05911
06052	06052	06052.jpg	15455.jpg	shuffled	15455	15455
06053	06053	06053.jpg	16673.jpg	shuffled	16673	16673
06054	06054	06054.jpg	02304.jpg	shuffled	02304	02304
06055	06055	06055.jpg	14755.jpg	shuffled	14755	14755
06056	06056	06056.jpg	08879.jpg	shuffled	08879	08879
06057	06057	06057.jpg	13265.jpg	shuffled	13265	13265
06058	06058	06058.jpg	00152.jpg	shuffled	00152	00152
06059	06059	06059.jpg	09401.jpg	shuffled	09401	09401
06060	06060	06060.jpg	05534.jpg	shuffled	05534	05534
06061	06061	06061.jpg	06374.jpg	shuffled	06374	06374
06062	06062	06062.jpg	03441.jpg	shuffled	03441	03441
06063	06063	06063.jpg	02938.jpg	shuffled	02938	02938
06064	06064	06064.jpg	13305.jpg	shuffled	13305	13305
06065	06065	06065.jpg	13862.jpg	shuffled	13862	13862
06066	06066	06066.jpg	07878.jpg	shuffled	07878	07878
06067	06067	06067.jpg	02066.jpg	shuffled	02066	02066
06068	06068	06068.jpg	12802.jpg	shuffled	12802	12802
06069	06069	06069.jpg	05683.jpg	shuffled	05683	05683
06070	06070	06070.jpg	11804.jpg	shuffled	11804	11804
06071	06071	06071.jpg	09385.jpg	shuffled	09385	09385
06072	06072	06072.jpg	17138.jpg	shuffled	17138	17138
06073	06073	06073.jpg	00948.jpg	shuffled	00948	00948
06074	06074	06074.jpg	09462.jpg	shuffled	09462	09462
06075	06075	06075.jpg	06140.jpg	shuffled	06140	06140
06076	06076	06076.jpg	04425.jpg	shuffled	04425	04425
06077	06077	06077.jpg	16615.jpg	shuffled	16615	16615
06078	06078	06078.jpg	06836.jpg	shuffled	06836	06836
06079	06079	06079.jpg	02963.jpg	shuffled	02963	02963
06080	06080	06080.jpg	11226.jpg	shuffled	11226	11226
06081	06081	06081.jpg	02674.jpg	shuffled	02674	02674
06082	06082	06082.jpg	04026.jpg	shuffled	04026	04026
06083	06083	06083.jpg	02126.jpg	shuffled	02126	02126
06084	06084	06084.jpg	10636.jpg	shuffled	10636	10636
06085	06085	06085.jpg	00419.jpg	shuffled	00419	00419
06086	06086	06086.jpg	13959.jpg	shuffled	13959	13959
06087	06087	06087.jpg	10623.jpg	shuffled	10623	10623
06088	06088	06088.jpg	00198.jpg	shuffled	00198	00198
06089	06089	06089.jpg	08665.jpg	shuffled	08665	08665
06090	06090	06090.jpg	10094.jpg	shuffled	10094	10094
06091	06091	06091.jpg	08140.jpg	shuffled	08140	08140
06092	06092	06092.jpg	11403.jpg	shuffled	11403	11403
06093	06093	06093.jpg	02002.jpg	shuffled	02002	02002
06094	06094	06094.jpg	04298.jpg	shuffled	04298	04298
06095	06095	06095.jpg	11042.jpg	shuffled	11042	11042
06096	06096	06096.jpg	06326.jpg	shuffled	06326	06326
06097	06097	06097.jpg	10468.jpg	shuffled	10468	10468
06098	06098	06098.jpg	17358.jpg	shuffled	17358	17358
06099	06099	06099.jpg	03408.jpg	shuffled	03408	03408
06100	06100	06100.jpg	06600.jpg	shuffled	06600	06600
06101	06101	06101.jpg	03040.jpg	shuffled	03040	03040
06102	06102	06102.jpg	05082.jpg	shuffled	05082	05082
06103	06103	06103.jpg	16662.jpg	shuffled	16662	16662
06104	06104	06104.jpg	12191.jpg	shuffled	12191	12191
06105	06105	06105.jpg	15825.jpg	shuffled	15825	15825
06106	06106	06106.jpg	00244.jpg	shuffled	00244	00244
06107	06107	06107.jpg	09583.jpg	shuffled	09583	09583
06108	06108	06108.jpg	08639.jpg	shuffled	08639	08639
06109	06109	06109.jpg	13703.jpg	shuffled	13703	13703
06110	06110	06110.jpg	01244.jpg	shuffled	01244	01244
06111	06111	06111.jpg	00190.jpg	shuffled	00190	00190
06112	06112	06112.jpg	03367.jpg	shuffled	03367	03367
06113	06113	06113.jpg	10546.jpg	shuffled	10546	10546
06114	06114	06114.jpg	15080.jpg	shuffled	15080	15080
06115	06115	06115.jpg	15236.jpg	shuffled	15236	15236
06116	06116	06116.jpg	01353.jpg	shuffled	01353	01353
06117	06117	06117.jpg	05271.jpg	shuffled	05271	05271
06118	06118	06118.jpg	13409.jpg	shuffled	13409	13409
06119	06119	06119.jpg	07836.jpg	shuffled	07836	07836
06120	06120	06120.jpg	05481.jpg	shuffled	05481	05481
06121	06121	06121.jpg	14372.jpg	shuffled	14372	14372
06122	06122	06122.jpg	08436.jpg	shuffled	08436	08436
06123	06123	06123.jpg	17772.jpg	shuffled	17772	17772
06124	06124	06124.jpg	09657.jpg	shuffled	09657	09657
06125	06125	06125.jpg	06950.jpg	shuffled	06950	06950
06126	06126	06126.jpg	02925.jpg	shuffled	02925	02925
06127	06127	06127.jpg	08229.jpg	shuffled	08229	08229
06128	06128	06128.jpg	12526.jpg	shuffled	12526	12526
06129	06129	06129.jpg	00714.jpg	shuffled	00714	00714
06130	06130	06130.jpg	00077.jpg	shuffled	00077	00077
06131	06131	06131.jpg	16221.jpg	shuffled	16221	16221
06132	06132	06132.jpg	08869.jpg	shuffled	08869	08869
06133	06133	06133.jpg	15801.jpg	shuffled	15801	15801
06134	06134	06134.jpg	00559.jpg	shuffled	00559	00559
06135	06135	06135.jpg	04941.jpg	shuffled	04941	04941
06136	06136	06136.jpg	08046.jpg	shuffled	08046	08046
06137	06137	06137.jpg	09826.jpg	shuffled	09826	09826
06138	06138	06138.jpg	16995.jpg	shuffled	16995	16995
06139	06139	06139.jpg	13900.jpg	shuffled	13900	13900
06140	06140	06140.jpg	02747.jpg	shuffled	02747	02747
06141	06141	06141.jpg	10862.jpg	shuffled	10862	10862
06142	06142	06142.jpg	15760.jpg	shuffled	15760	15760
06143	06143	06143.jpg	11318.jpg	shuffled	11318	11318
06144	06144	06144.jpg	12811.jpg	shuffled	12811	12811
06145	06145	06145.jpg	16511.jpg	shuffled	16511	16511
06146	06146	06146.jpg	04534.jpg	shuffled	04534	04534
06147	06147	06147.jpg	13278.jpg	shuffled	13278	13278
06148	06148	06148.jpg	14275.jpg	shuffled	14275	14275
06149	06149	06149.jpg	13679.jpg	shuffled	13679	13679
06150	06150	06150.jpg	04272.jpg	shuffled	04272	04272
06151	06151	06151.jpg	12857.jpg	shuffled	12857	12857
06152	06152	06152.jpg	05968.jpg	shuffled	05968	05968
06153	06153	06153.jpg	09693.jpg	shuffled	09693	09693
06154	06154	06154.jpg	04229.jpg	shuffled	04229	04229
06155	06155	06155.jpg	10227.jpg	shuffled	10227	10227
06156	06156	06156.jpg	06939.jpg	shuffled	06939	06939
06157	06157	06157.jpg	01509.jpg	shuffled	01509	01509
06158	06158	06158.jpg	05133.jpg	shuffled	05133	05133
06159	06159	06159.jpg	03011.jpg	shuffled	03011	03011
06160	06160	06160.jpg	15028.jpg	shuffled	15028	15028
06161	06161	06161.jpg	00619.jpg	shuffled	00619	00619
06162	06162	06162.jpg	06601.jpg	shuffled	06601	06601
06163	06163	06163.jpg	14866.jpg	shuffled	14866	14866
06164	06164	06164.jpg	03034.jpg	shuffled	03034	03034
06165	06165	06165.jpg	09523.jpg	shuffled	09523	09523
06166	06166	06166.jpg	09871.jpg	shuffled	09871	09871
06167	06167	06167.jpg	06083.jpg	shuffled	06083	06083
06168	06168	06168.jpg	13127.jpg	shuffled	13127	13127
06169	06169	06169.jpg	08440.jpg	shuffled	08440	08440
06170	06170	06170.jpg	16321.jpg	shuffled	16321	16321
06171	06171	06171.jpg	02203.jpg	shuffled	02203	02203
06172	06172	06172.jpg	01520.jpg	shuffled	01520	01520
06173	06173	06173.jpg	09902.jpg	shuffled	09902	09902
06174	06174	06174.jpg	09559.jpg	shuffled	09559	09559
06175	06175	06175.jpg	10766.jpg	shuffled	10766	10766
06176	06176	06176.jpg	00838.jpg	shuffled	00838	00838
06177	06177	06177.jpg	09117.jpg	shuffled	09117	09117
06178	06178	06178.jpg	15780.jpg	shuffled	15780	15780
06179	06179	06179.jpg	00192.jpg	shuffled	00192	00192
06180	06180	06180.jpg	13668.jpg	shuffled	13668	13668
06181	06181	06181.jpg	12109.jpg	shuffled	12109	12109
06182	06182	06182.jpg	07789.jpg	shuffled	07789	07789
06183	06183	06183.jpg	05422.jpg	shuffled	05422	05422
06184	06184	06184.jpg	05327.jpg	shuffled	05327	05327
06185	06185	06185.jpg	07305.jpg	shuffled	07305	07305
06186	06186	06186.jpg	13647.jpg	shuffled	13647	13647
06187	06187	06187.jpg	01858.jpg	shuffled	01858	01858
06188	06188	06188.jpg	11523.jpg	shuffled	11523	11523
06189	06189	06189.jpg	06956.jpg	shuffled	06956	06956
06190	06190	06190.jpg	10232.jpg	shuffled	10232	10232
06191	06191	06191.jpg	04444.jpg	shuffled	04444	04444
06192	06192	06192.jpg	17672.jpg	shuffled	17672	17672
06193	06193	06193.jpg	15976.jpg	shuffled	15976	15976
06194	06194	06194.jpg	11637.jpg	shuffled	11637	11637
06195	06195	06195.jpg	15072.jpg	shuffled	15072	15072
06196	06196	06196.jpg	04019.jpg	shuffled	04019	04019
06197	06197	06197.jpg	04354.jpg	shuffled	04354	04354
06198	06198	06198.jpg	02783.jpg	shuffled	02783	02783
06199	06199	06199.jpg	09751.jpg	shuffled	09751	09751
06200	06200	06200.jpg	00626.jpg	shuffled	00626	00626
06201	06201	06201.jpg	08521.jpg	shuffled	08521	08521
06202	06202	06202.jpg	02792.jpg	shuffled	02792	02792
06203	06203	06203.jpg	07470.jpg	shuffled	07470	07470
06204	06204	06204.jpg	11588.jpg	shuffled	11588	11588
06205	06205	06205.jpg	01547.jpg	shuffled	01547	01547
06206	06206	06206.jpg	00954.jpg	shuffled	00954	00954
06207	06207	06207.jpg	15149.jpg	shuffled	15149	15149
06208	06208	06208.jpg	12022.jpg	shuffled	12022	12022
06209	06209	06209.jpg	10452.jpg	shuffled	10452	10452
06210	06210	06210.jpg	15638.jpg	shuffled	15638	15638
06211	06211	06211.jpg	13496.jpg	shuffled	13496	13496
06212	06212	06212.jpg	02292.jpg	shuffled	02292	02292
06213	06213	06213.jpg	02384.jpg	shuffled	02384	02384
06214	06214	06214.jpg	16601.jpg	shuffled	16601	16601
06215	06215	06215.jpg	01661.jpg	shuffled	01661	01661
06216	06216	06216.jpg	10110.jpg	shuffled	10110	10110
06217	06217	06217.jpg	14843.jpg	shuffled	14843	14843
06218	06218	06218.jpg	12057.jpg	shuffled	12057	12057
06219	06219	06219.jpg	17943.jpg	shuffled	17943	17943
06220	06220	06220.jpg	06955.jpg	shuffled	06955	06955
06221	06221	06221.jpg	06296.jpg	shuffled	06296	06296
06222	06222	06222.jpg	11308.jpg	shuffled	11308	11308
06223	06223	06223.jpg	09625.jpg	shuffled	09625	09625
06224	06224	06224.jpg	14535.jpg	shuffled	14535	14535
06225	06225	06225.jpg	00863.jpg	shuffled	00863	00863
06226	06226	06226.jpg	05601.jpg	shuffled	05601	05601
06227	06227	06227.jpg	11385.jpg	shuffled	11385	11385
06228	06228	06228.jpg	01648.jpg	shuffled	01648	01648
06229	06229	06229.jpg	05075.jpg	shuffled	05075	05075
06230	06230	06230.jpg	14966.jpg	shuffled	14966	14966
06231	06231	06231.jpg	14341.jpg	shuffled	14341	14341
06232	06232	06232.jpg	03575.jpg	shuffled	03575	03575
06233	06233	06233.jpg	10925.jpg	shuffled	10925	10925
06234	06234	06234.jpg	05746.jpg	shuffled	05746	05746
06235	06235	06235.jpg	13950.jpg	shuffled	13950	13950
06236	06236	06236.jpg	01213.jpg	shuffled	01213	01213
06237	06237	06237.jpg	03862.jpg	shuffled	03862	03862
06238	06238	06238.jpg	02354.jpg	shuffled	02354	02354
06239	06239	06239.jpg	15376.jpg	shuffled	15376	15376
06240	06240	06240.jpg	03150.jpg	shuffled	03150	03150
06241	06241	06241.jpg	04459.jpg	shuffled	04459	04459
06242	06242	06242.jpg	00947.jpg	shuffled	00947	00947
06243	06243	06243.jpg	04458.jpg	shuffled	04458	04458
06244	06244	06244.jpg	05200.jpg	shuffled	05200	05200
06245	06245	06245.jpg	12500.jpg	shuffled	12500	12500
06246	06246	06246.jpg	06639.jpg	shuffled	06639	06639
06247	06247	06247.jpg	13320.jpg	shuffled	13320	13320
06248	06248	06248.jpg	03010.jpg	shuffled	03010	03010
06249	06249	06249.jpg	09118.jpg	shuffled	09118	09118
06250	06250	06250.jpg	04433.jpg	shuffled	04433	04433
06251	06251	06251.jpg	04271.jpg	shuffled	04271	04271
06252	06252	06252.jpg	11806.jpg	shuffled	11806	11806
06253	06253	06253.jpg	03050.jpg	shuffled	03050	03050
06254	06254	06254.jpg	16075.jpg	shuffled	16075	16075
06255	06255	06255.jpg	07990.jpg	shuffled	07990	07990
06256	06256	06256.jpg	04857.jpg	shuffled	04857	04857
06257	06257	06257.jpg	14587.jpg	shuffled	14587	14587
06258	06258	06258.jpg	10249.jpg	shuffled	10249	10249
06259	06259	06259.jpg	02966.jpg	shuffled	02966	02966
06260	06260	06260.jpg	08422.jpg	shuffled	08422	08422
06261	06261	06261.jpg	03178.jpg	shuffled	03178	03178
06262	06262	06262.jpg	14904.jpg	shuffled	14904	14904
06263	06263	06263.jpg	12729.jpg	shuffled	12729	12729
06264	06264	06264.jpg	07773.jpg	shuffled	07773	07773
06265	06265	06265.jpg	02400.jpg	shuffled	02400	02400
06266	06266	06266.jpg	16561.jpg	shuffled	16561	16561
06267	06267	06267.jpg	14380.jpg	shuffled	14380	14380
06268	06268	06268.jpg	08971.jpg	shuffled	08971	08971
06269	06269	06269.jpg	06520.jpg	shuffled	06520	06520
06270	06270	06270.jpg	09295.jpg	shuffled	09295	09295
06271	06271	06271.jpg	00547.jpg	shuffled	00547	00547
06272	06272	06272.jpg	17036.jpg	shuffled	17036	17036
06273	06273	06273.jpg	17191.jpg	shuffled	17191	17191
06274	06274	06274.jpg	05838.jpg	shuffled	05838	05838
06275	06275	06275.jpg	14018.jpg	shuffled	14018	14018
06276	06276	06276.jpg	13118.jpg	shuffled	13118	13118
06277	06277	06277.jpg	09846.jpg	shuffled	09846	09846
06278	06278	06278.jpg	01137.jpg	shuffled	01137	01137
06279	06279	06279.jpg	14805.jpg	shuffled	14805	14805
06280	06280	06280.jpg	13516.jpg	shuffled	13516	13516
06281	06281	06281.jpg	07989.jpg	shuffled	07989	07989
06282	06282	06282.jpg	11431.jpg	shuffled	11431	11431
06283	06283	06283.jpg	04763.jpg	shuffled	04763	04763
06284	06284	06284.jpg	04959.jpg	shuffled	04959	04959
06285	06285	06285.jpg	09307.jpg	shuffled	09307	09307
06286	06286	06286.jpg	13252.jpg	shuffled	13252	13252
06287	06287	06287.jpg	01748.jpg	shuffled	01748	01748
06288	06288	06288.jpg	00279.jpg	shuffled	00279	00279
06289	06289	06289.jpg	14914.jpg	shuffled	14914	14914
06290	06290	06290.jpg	14664.jpg	shuffled	14664	14664
06291	06291	06291.jpg	10129.jpg	shuffled	10129	10129
06292	06292	06292.jpg	15307.jpg	shuffled	15307	15307
06293	06293	06293.jpg	04944.jpg	shuffled	04944	04944
06294	06294	06294.jpg	17190.jpg	shuffled	17190	17190
06295	06295	06295.jpg	00874.jpg	shuffled	00874	00874
06296	06296	06296.jpg	06133.jpg	shuffled	06133	06133
06297	06297	06297.jpg	15473.jpg	shuffled	15473	15473
06298	06298	06298.jpg	10063.jpg	shuffled	10063	10063
06299	06299	06299.jpg	04545.jpg	shuffled	04545	04545
06300	06300	06300.jpg	09586.jpg	shuffled	09586	09586
06301	06301	06301.jpg	10281.jpg	shuffled	10281	10281
06302	06302	06302.jpg	15409.jpg	shuffled	15409	15409
06303	06303	06303.jpg	01089.jpg	shuffled	01089	01089
06304	06304	06304.jpg	06001.jpg	shuffled	06001	06001
06305	06305	06305.jpg	10030.jpg	shuffled	10030	10030
06306	06306	06306.jpg	11491.jpg	shuffled	11491	11491
06307	06307	06307.jpg	10411.jpg	shuffled	10411	10411
06308	06308	06308.jpg	05489.jpg	shuffled	05489	05489
06309	06309	06309.jpg	06589.jpg	shuffled	06589	06589
06310	06310	06310.jpg	06663.jpg	shuffled	06663	06663
06311	06311	06311.jpg	15025.jpg	shuffled	15025	15025
06312	06312	06312.jpg	00766.jpg	shuffled	00766	00766
06313	06313	06313.jpg	10350.jpg	shuffled	10350	10350
06314	06314	06314.jpg	07103.jpg	shuffled	07103	07103
06315	06315	06315.jpg	02491.jpg	shuffled	02491	02491
06316	06316	06316.jpg	05499.jpg	shuffled	05499	05499
06317	06317	06317.jpg	03792.jpg	shuffled	03792	03792
06318	06318	06318.jpg	07373.jpg	shuffled	07373	07373
06319	06319	06319.jpg	11285.jpg	shuffled	11285	11285
06320	06320	06320.jpg	13178.jpg	shuffled	13178	13178
06321	06321	06321.jpg	15194.jpg	shuffled	15194	15194
06322	06322	06322.jpg	04042.jpg	shuffled	04042	04042
06323	06323	06323.jpg	11248.jpg	shuffled	11248	11248
06324	06324	06324.jpg	00589.jpg	shuffled	00589	00589
06325	06325	06325.jpg	12853.jpg	shuffled	12853	12853
06326	06326	06326.jpg	09632.jpg	shuffled	09632	09632
06327	06327	06327.jpg	13597.jpg	shuffled	13597	13597
06328	06328	06328.jpg	05844.jpg	shuffled	05844	05844
06329	06329	06329.jpg	14956.jpg	shuffled	14956	14956
06330	06330	06330.jpg	12863.jpg	shuffled	12863	12863
06331	06331	06331.jpg	03784.jpg	shuffled	03784	03784
06332	06332	06332.jpg	08714.jpg	shuffled	08714	08714
06333	06333	06333.jpg	05310.jpg	shuffled	05310	05310
06334	06334	06334.jpg	09646.jpg	shuffled	09646	09646
06335	06335	06335.jpg	09924.jpg	shuffled	09924	09924
06336	06336	06336.jpg	13654.jpg	shuffled	13654	13654
06337	06337	06337.jpg	09838.jpg	shuffled	09838	09838
06338	06338	06338.jpg	14699.jpg	shuffled	14699	14699
06339	06339	06339.jpg	13871.jpg	shuffled	13871	13871
06340	06340	06340.jpg	16048.jpg	shuffled	16048	16048
06341	06341	06341.jpg	09709.jpg	shuffled	09709	09709
06342	06342	06342.jpg	12989.jpg	shuffled	12989	12989
06343	06343	06343.jpg	03706.jpg	shuffled	03706	03706
06344	06344	06344.jpg	08199.jpg	shuffled	08199	08199
06345	06345	06345.jpg	11924.jpg	shuffled	11924	11924
06346	06346	06346.jpg	01344.jpg	shuffled	01344	01344
06347	06347	06347.jpg	14764.jpg	shuffled	14764	14764
06348	06348	06348.jpg	03509.jpg	shuffled	03509	03509
06349	06349	06349.jpg	13852.jpg	shuffled	13852	13852
06350	06350	06350.jpg	16926.jpg	shuffled	16926	16926
06351	06351	06351.jpg	13297.jpg	shuffled	13297	13297
06352	06352	06352.jpg	07700.jpg	shuffled	07700	07700
06353	06353	06353.jpg	05040.jpg	shuffled	05040	05040
06354	06354	06354.jpg	04101.jpg	shuffled	04101	04101
06355	06355	06355.jpg	17534.jpg	shuffled	17534	17534
06356	06356	06356.jpg	13804.jpg	shuffled	13804	13804
06357	06357	06357.jpg	00348.jpg	shuffled	00348	00348
06358	06358	06358.jpg	12404.jpg	shuffled	12404	12404
06359	06359	06359.jpg	00993.jpg	shuffled	00993	00993
06360	06360	06360.jpg	06112.jpg	shuffled	06112	06112
06361	06361	06361.jpg	02082.jpg	shuffled	02082	02082
06362	06362	06362.jpg	06359.jpg	shuffled	06359	06359
06363	06363	06363.jpg	15259.jpg	shuffled	15259	15259
06364	06364	06364.jpg	04817.jpg	shuffled	04817	04817
06365	06365	06365.jpg	10950.jpg	shuffled	10950	10950
06366	06366	06366.jpg	07120.jpg	shuffled	07120	07120
06367	06367	06367.jpg	08873.jpg	shuffled	08873	08873
06368	06368	06368.jpg	16654.jpg	shuffled	16654	16654
06369	06369	06369.jpg	16826.jpg	shuffled	16826	16826
06370	06370	06370.jpg	08977.jpg	shuffled	08977	08977
06371	06371	06371.jpg	05148.jpg	shuffled	05148	05148
06372	06372	06372.jpg	15335.jpg	shuffled	15335	15335
06373	06373	06373.jpg	07692.jpg	shuffled	07692	07692
06374	06374	06374.jpg	02954.jpg	shuffled	02954	02954
06375	06375	06375.jpg	13174.jpg	shuffled	13174	13174
06376	06376	06376.jpg	13488.jpg	shuffled	13488	13488
06377	06377	06377.jpg	02461.jpg	shuffled	02461	02461
06378	06378	06378.jpg	00344.jpg	shuffled	00344	00344
06379	06379	06379.jpg	00504.jpg	shuffled	00504	00504
06380	06380	06380.jpg	04027.jpg	shuffled	04027	04027
06381	06381	06381.jpg	12167.jpg	shuffled	12167	12167
06382	06382	06382.jpg	16058.jpg	shuffled	16058	16058
06383	06383	06383.jpg	03183.jpg	shuffled	03183	03183
06384	06384	06384.jpg	00088.jpg	shuffled	00088	00088
06385	06385	06385.jpg	14700.jpg	shuffled	14700	14700
06386	06386	06386.jpg	00723.jpg	shuffled	00723	00723
06387	06387	06387.jpg	17525.jpg	shuffled	17525	17525
06388	06388	06388.jpg	09179.jpg	shuffled	09179	09179
06389	06389	06389.jpg	03442.jpg	shuffled	03442	03442
06390	06390	06390.jpg	17670.jpg	shuffled	17670	17670
06391	06391	06391.jpg	15349.jpg	shuffled	15349	15349
06392	06392	06392.jpg	13399.jpg	shuffled	13399	13399
06393	06393	06393.jpg	10374.jpg	shuffled	10374	10374
06394	06394	06394.jpg	00194.jpg	shuffled	00194	00194
06395	06395	06395.jpg	14311.jpg	shuffled	14311	14311
06396	06396	06396.jpg	14086.jpg	shuffled	14086	14086
06397	06397	06397.jpg	04937.jpg	shuffled	04937	04937
06398	06398	06398.jpg	11613.jpg	shuffled	11613	11613
06399	06399	06399.jpg	11799.jpg	shuffled	11799	11799
06400	06400	06400.jpg	07139.jpg	shuffled	07139	07139
06401	06401	06401.jpg	11768.jpg	shuffled	11768	11768
06402	06402	06402.jpg	16743.jpg	shuffled	16743	16743
06403	06403	06403.jpg	14977.jpg	shuffled	14977	14977
06404	06404	06404.jpg	00900.jpg	shuffled	00900	00900
06405	06405	06405.jpg	14671.jpg	shuffled	14671	14671
06406	06406	06406.jpg	12034.jpg	shuffled	12034	12034
06407	06407	06407.jpg	03202.jpg	shuffled	03202	03202
06408	06408	06408.jpg	11173.jpg	shuffled	11173	11173
06409	06409	06409.jpg	09979.jpg	shuffled	09979	09979
06410	06410	06410.jpg	04387.jpg	shuffled	04387	04387
06411	06411	06411.jpg	15127.jpg	shuffled	15127	15127
06412	06412	06412.jpg	02023.jpg	shuffled	02023	02023
06413	06413	06413.jpg	06459.jpg	shuffled	06459	06459
06414	06414	06414.jpg	11433.jpg	shuffled	11433	11433
06415	06415	06415.jpg	05322.jpg	shuffled	05322	05322
06416	06416	06416.jpg	01473.jpg	shuffled	01473	01473
06417	06417	06417.jpg	03918.jpg	shuffled	03918	03918
06418	06418	06418.jpg	14143.jpg	shuffled	14143	14143
06419	06419	06419.jpg	07829.jpg	shuffled	07829	07829
06420	06420	06420.jpg	11525.jpg	shuffled	11525	11525
06421	06421	06421.jpg	05808.jpg	shuffled	05808	05808
06422	06422	06422.jpg	11266.jpg	shuffled	11266	11266
06423	06423	06423.jpg	03171.jpg	shuffled	03171	03171
06424	06424	06424.jpg	09536.jpg	shuffled	09536	09536
06425	06425	06425.jpg	12608.jpg	shuffled	12608	12608
06426	06426	06426.jpg	01516.jpg	shuffled	01516	01516
06427	06427	06427.jpg	13612.jpg	shuffled	13612	13612
06428	06428	06428.jpg	13313.jpg	shuffled	13313	13313
06429	06429	06429.jpg	15056.jpg	shuffled	15056	15056
06430	06430	06430.jpg	03877.jpg	shuffled	03877	03877
06431	06431	06431.jpg	14748.jpg	shuffled	14748	14748
06432	06432	06432.jpg	14398.jpg	shuffled	14398	14398
06433	06433	06433.jpg	05917.jpg	shuffled	05917	05917
06434	06434	06434.jpg	11129.jpg	shuffled	11129	11129
06435	06435	06435.jpg	08751.jpg	shuffled	08751	08751
06436	06436	06436.jpg	10235.jpg	shuffled	10235	10235
06437	06437	06437.jpg	06516.jpg	shuffled	06516	06516
06438	06438	06438.jpg	11831.jpg	shuffled	11831	11831
06439	06439	06439.jpg	13151.jpg	shuffled	13151	13151
06440	06440	06440.jpg	07730.jpg	shuffled	07730	07730
06441	06441	06441.jpg	11263.jpg	shuffled	11263	11263
06442	06442	06442.jpg	11622.jpg	shuffled	11622	11622
06443	06443	06443.jpg	12020.jpg	shuffled	12020	12020
06444	06444	06444.jpg	11521.jpg	shuffled	11521	11521
06445	06445	06445.jpg	14849.jpg	shuffled	14849	14849
06446	06446	06446.jpg	13353.jpg	shuffled	13353	13353
06447	06447	06447.jpg	14336.jpg	shuffled	14336	14336
06448	06448	06448.jpg	11399.jpg	shuffled	11399	11399
06449	06449	06449.jpg	12753.jpg	shuffled	12753	12753
06450	06450	06450.jpg	02614.jpg	shuffled	02614	02614
06451	06451	06451.jpg	02105.jpg	shuffled	02105	02105
06452	06452	06452.jpg	16027.jpg	shuffled	16027	16027
06453	06453	06453.jpg	13283.jpg	shuffled	13283	13283
06454	06454	06454.jpg	09424.jpg	shuffled	09424	09424
06455	06455	06455.jpg	13827.jpg	shuffled	13827	13827
06456	06456	06456.jpg	15593.jpg	shuffled	15593	15593
06457	06457	06457.jpg	08982.jpg	shuffled	08982	08982
06458	06458	06458.jpg	12161.jpg	shuffled	12161	12161
06459	06459	06459.jpg	07758.jpg	shuffled	07758	07758
06460	06460	06460.jpg	05145.jpg	shuffled	05145	05145
06461	06461	06461.jpg	11465.jpg	shuffled	11465	11465
06462	06462	06462.jpg	10969.jpg	shuffled	10969	10969
06463	06463	06463.jpg	08544.jpg	shuffled	08544	08544
06464	06464	06464.jpg	12928.jpg	shuffled	12928	12928
06465	06465	06465.jpg	10640.jpg	shuffled	10640	10640
06466	06466	06466.jpg	03870.jpg	shuffled	03870	03870
06467	06467	06467.jpg	00333.jpg	shuffled	00333	00333
06468	06468	06468.jpg	12215.jpg	shuffled	12215	12215
06469	06469	06469.jpg	06707.jpg	shuffled	06707	06707
06470	06470	06470.jpg	03429.jpg	shuffled	03429	03429
06471	06471	06471.jpg	03547.jpg	shuffled	03547	03547
06472	06472	06472.jpg	11583.jpg	shuffled	11583	11583
06473	06473	06473.jpg	03777.jpg	shuffled	03777	03777
06474	06474	06474.jpg	16611.jpg	shuffled	16611	16611
06475	06475	06475.jpg	06792.jpg	shuffled	06792	06792
06476	06476	06476.jpg	00542.jpg	shuffled	00542	00542
06477	06477	06477.jpg	04063.jpg	shuffled	04063	04063
06478	06478	06478.jpg	16228.jpg	shuffled	16228	16228
06479	06479	06479.jpg	15831.jpg	shuffled	15831	15831
06480	06480	06480.jpg	16754.jpg	shuffled	16754	16754
06481	06481	06481.jpg	05799.jpg	shuffled	05799	05799
06482	06482	06482.jpg	10990.jpg	shuffled	10990	10990
06483	06483	06483.jpg	11082.jpg	shuffled	11082	11082
06484	06484	06484.jpg	04175.jpg	shuffled	04175	04175
06485	06485	06485.jpg	00371.jpg	shuffled	00371	00371
06486	06486	06486.jpg	00647.jpg	shuffled	00647	00647
06487	06487	06487.jpg	08709.jpg	shuffled	08709	08709
06488	06488	06488.jpg	09787.jpg	shuffled	09787	09787
06489	06489	06489.jpg	01461.jpg	shuffled	01461	01461
06490	06490	06490.jpg	00548.jpg	shuffled	00548	00548
06491	06491	06491.jpg	11030.jpg	shuffled	11030	11030
06492	06492	06492.jpg	16952.jpg	shuffled	16952	16952
06493	06493	06493.jpg	08160.jpg	shuffled	08160	08160
06494	06494	06494.jpg	16845.jpg	shuffled	16845	16845
06495	06495	06495.jpg	03264.jpg	shuffled	03264	03264
06496	06496	06496.jpg	17066.jpg	shuffled	17066	17066
06497	06497	06497.jpg	01456.jpg	shuffled	01456	01456
06498	06498	06498.jpg	06211.jpg	shuffled	06211	06211
06499	06499	06499.jpg	14542.jpg	shuffled	14542	14542
06500	06500	06500.jpg	08318.jpg	shuffled	08318	08318
06501	06501	06501.jpg	10895.jpg	shuffled	10895	10895
06502	06502	06502.jpg	08708.jpg	shuffled	08708	08708
06503	06503	06503.jpg	12973.jpg	shuffled	12973	12973
06504	06504	06504.jpg	05379.jpg	shuffled	05379	05379
06505	06505	06505.jpg	01676.jpg	shuffled	01676	01676
06506	06506	06506.jpg	15070.jpg	shuffled	15070	15070
06507	06507	06507.jpg	16161.jpg	shuffled	16161	16161
06508	06508	06508.jpg	16777.jpg	shuffled	16777	16777
06509	06509	06509.jpg	15804.jpg	shuffled	15804	15804
06510	06510	06510.jpg	10921.jpg	shuffled	10921	10921
06511	06511	06511.jpg	07959.jpg	shuffled	07959	07959
06512	06512	06512.jpg	00442.jpg	shuffled	00442	00442
06513	06513	06513.jpg	07145.jpg	shuffled	07145	07145
06514	06514	06514.jpg	00813.jpg	shuffled	00813	00813
06515	06515	06515.jpg	10808.jpg	shuffled	10808	10808
06516	06516	06516.jpg	01558.jpg	shuffled	01558	01558
06517	06517	06517.jpg	15175.jpg	shuffled	15175	15175
06518	06518	06518.jpg	07690.jpg	shuffled	07690	07690
06519	06519	06519.jpg	17855.jpg	shuffled	17855	17855
06520	06520	06520.jpg	16117.jpg	shuffled	16117	16117
06521	06521	06521.jpg	16810.jpg	shuffled	16810	16810
06522	06522	06522.jpg	06221.jpg	shuffled	06221	06221
06523	06523	06523.jpg	05993.jpg	shuffled	05993	05993
06524	06524	06524.jpg	00967.jpg	shuffled	00967	00967
06525	06525	06525.jpg	09779.jpg	shuffled	09779	09779
06526	06526	06526.jpg	11572.jpg	shuffled	11572	11572
06527	06527	06527.jpg	15629.jpg	shuffled	15629	15629
06528	06528	06528.jpg	00311.jpg	shuffled	00311	00311
06529	06529	06529.jpg	15389.jpg	shuffled	15389	15389
06530	06530	06530.jpg	15164.jpg	shuffled	15164	15164
06531	06531	06531.jpg	16951.jpg	shuffled	16951	16951
06532	06532	06532.jpg	06365.jpg	shuffled	06365	06365
06533	06533	06533.jpg	12125.jpg	shuffled	12125	12125
06534	06534	06534.jpg	16107.jpg	shuffled	16107	16107
06535	06535	06535.jpg	07903.jpg	shuffled	07903	07903
06536	06536	06536.jpg	06795.jpg	shuffled	06795	06795
06537	06537	06537.jpg	08767.jpg	shuffled	08767	08767
06538	06538	06538.jpg	02930.jpg	shuffled	02930	02930
06539	06539	06539.jpg	16188.jpg	shuffled	16188	16188
06540	06540	06540.jpg	02156.jpg	shuffled	02156	02156
06541	06541	06541.jpg	17305.jpg	shuffled	17305	17305
06542	06542	06542.jpg	05278.jpg	shuffled	05278	05278
06543	06543	06543.jpg	06975.jpg	shuffled	06975	06975
06544	06544	06544.jpg	01086.jpg	shuffled	01086	01086
06545	06545	06545.jpg	12050.jpg	shuffled	12050	12050
06546	06546	06546.jpg	03886.jpg	shuffled	03886	03886
06547	06547	06547.jpg	02394.jpg	shuffled	02394	02394
06548	06548	06548.jpg	00889.jpg	shuffled	00889	00889
06549	06549	06549.jpg	10088.jpg	shuffled	10088	10088
06550	06550	06550.jpg	13245.jpg	shuffled	13245	13245
06551	06551	06551.jpg	00215.jpg	shuffled	00215	00215
06552	06552	06552.jpg	01938.jpg	shuffled	01938	01938
06553	06553	06553.jpg	17306.jpg	shuffled	17306	17306
06554	06554	06554.jpg	10735.jpg	shuffled	10735	10735
06555	06555	06555.jpg	01050.jpg	shuffled	01050	01050
06556	06556	06556.jpg	08824.jpg	shuffled	08824	08824
06557	06557	06557.jpg	12145.jpg	shuffled	12145	12145
06558	06558	06558.jpg	09832.jpg	shuffled	09832	09832
06559	06559	06559.jpg	04738.jpg	shuffled	04738	04738
06560	06560	06560.jpg	14108.jpg	shuffled	14108	14108
06561	06561	06561.jpg	08148.jpg	shuffled	08148	08148
06562	06562	06562.jpg	15647.jpg	shuffled	15647	15647
06563	06563	06563.jpg	03060.jpg	shuffled	03060	03060
06564	06564	06564.jpg	11331.jpg	shuffled	11331	11331
06565	06565	06565.jpg	15706.jpg	shuffled	15706	15706
06566	06566	06566.jpg	02678.jpg	shuffled	02678	02678
06567	06567	06567.jpg	13397.jpg	shuffled	13397	13397
06568	06568	06568.jpg	06481.jpg	shuffled	06481	06481
06569	06569	06569.jpg	05315.jpg	shuffled	05315	05315
06570	06570	06570.jpg	07480.jpg	shuffled	07480	07480
06571	06571	06571.jpg	12185.jpg	shuffled	12185	12185
06572	06572	06572.jpg	13443.jpg	shuffled	13443	13443
06573	06573	06573.jpg	13137.jpg	shuffled	13137	13137
06574	06574	06574.jpg	05854.jpg	shuffled	05854	05854
06575	06575	06575.jpg	09421.jpg	shuffled	09421	09421
06576	06576	06576.jpg	04411.jpg	shuffled	04411	04411
06577	06577	06577.jpg	02148.jpg	shuffled	02148	02148
06578	06578	06578.jpg	05896.jpg	shuffled	05896	05896
06579	06579	06579.jpg	06984.jpg	shuffled	06984	06984
06580	06580	06580.jpg	01368.jpg	shuffled	01368	01368
06581	06581	06581.jpg	16298.jpg	shuffled	16298	16298
06582	06582	06582.jpg	05858.jpg	shuffled	05858	05858
06583	06583	06583.jpg	07876.jpg	shuffled	07876	07876
06584	06584	06584.jpg	09627.jpg	shuffled	09627	09627
06585	06585	06585.jpg	04989.jpg	shuffled	04989	04989
06586	06586	06586.jpg	08537.jpg	shuffled	08537	08537
06587	06587	06587.jpg	03797.jpg	shuffled	03797	03797
06588	06588	06588.jpg	07571.jpg	shuffled	07571	07571
06589	06589	06589.jpg	11848.jpg	shuffled	11848	11848
06590	06590	06590.jpg	04525.jpg	shuffled	04525	04525
06591	06591	06591.jpg	04578.jpg	shuffled	04578	04578
06592	06592	06592.jpg	01494.jpg	shuffled	01494	01494
06593	06593	06593.jpg	10562.jpg	shuffled	10562	10562
06594	06594	06594.jpg	17447.jpg	shuffled	17447	17447
06595	06595	06595.jpg	12902.jpg	shuffled	12902	12902
06596	06596	06596.jpg	04097.jpg	shuffled	04097	04097
06597	06597	06597.jpg	17266.jpg	shuffled	17266	17266
06598	06598	06598.jpg	17723.jpg	shuffled	17723	17723
06599	06599	06599.jpg	14259.jpg	shuffled	14259	14259
06600	06600	06600.jpg	08125.jpg	shuffled	08125	08125
06601	06601	06601.jpg	07194.jpg	shuffled	07194	07194
06602	06602	06602.jpg	00785.jpg	shuffled	00785	00785
06603	06603	06603.jpg	13814.jpg	shuffled	13814	13814
06604	06604	06604.jpg	08255.jpg	shuffled	08255	08255
06605	06605	06605.jpg	10325.jpg	shuffled	10325	10325
06606	06606	06606.jpg	01004.jpg	shuffled	01004	01004
06607	06607	06607.jpg	12956.jpg	shuffled	12956	12956
06608	06608	06608.jpg	07479.jpg	shuffled	07479	07479
06609	06609	06609.jpg	05694.jpg	shuffled	05694	05694
06610	06610	06610.jpg	06712.jpg	shuffled	06712	06712
06611	06611	06611.jpg	13264.jpg	shuffled	13264	13264
06612	06612	06612.jpg	04332.jpg	shuffled	04332	04332
06613	06613	06613.jpg	01588.jpg	shuffled	01588	01588
06614	06614	06614.jpg	08123.jpg	shuffled	08123	08123
06615	06615	06615.jpg	04009.jpg	shuffled	04009	04009
06616	06616	06616.jpg	13733.jpg	shuffled	13733	13733
06617	06617	06617.jpg	04994.jpg	shuffled	04994	04994
06618	06618	06618.jpg	16244.jpg	shuffled	16244	16244
06619	06619	06619.jpg	01335.jpg	shuffled	01335	01335
06620	06620	06620.jpg	07764.jpg	shuffled	07764	07764
06621	06621	06621.jpg	06839.jpg	shuffled	06839	06839
06622	06622	06622.jpg	07341.jpg	shuffled	07341	07341
06623	06623	06623.jpg	15450.jpg	shuffled	15450	15450
06624	06624	06624.jpg	16855.jpg	shuffled	16855	16855
06625	06625	06625.jpg	16388.jpg	shuffled	16388	16388
06626	06626	06626.jpg	02284.jpg	shuffled	02284	02284
06627	06627	06627.jpg	08061.jpg	shuffled	08061	08061
06628	06628	06628.jpg	03906.jpg	shuffled	03906	03906
06629	06629	06629.jpg	00706.jpg	shuffled	00706	00706
06630	06630	06630.jpg	17686.jpg	shuffled	17686	17686
06631	06631	06631.jpg	00463.jpg	shuffled	00463	00463
06632	06632	06632.jpg	04780.jpg	shuffled	04780	04780
06633	06633	06633.jpg	15124.jpg	shuffled	15124	15124
06634	06634	06634.jpg	14971.jpg	shuffled	14971	14971
06635	06635	06635.jpg	03966.jpg	shuffled	03966	03966
06636	06636	06636.jpg	10486.jpg	shuffled	10486	10486
06637	06637	06637.jpg	15675.jpg	shuffled	15675	15675
06638	06638	06638.jpg	04124.jpg	shuffled	04124	04124
06639	06639	06639.jpg	06870.jpg	shuffled	06870	06870
06640	06640	06640.jpg	08818.jpg	shuffled	08818	08818
06641	06641	06641.jpg	02813.jpg	shuffled	02813	02813
06642	06642	06642.jpg	10021.jpg	shuffled	10021	10021
06643	06643	06643.jpg	17289.jpg	shuffled	17289	17289
06644	06644	06644.jpg	12299.jpg	shuffled	12299	12299
06645	06645	06645.jpg	03213.jpg	shuffled	03213	03213
06646	06646	06646.jpg	04816.jpg	shuffled	04816	04816
06647	06647	06647.jpg	07708.jpg	shuffled	07708	07708
06648	06648	06648.jpg	15417.jpg	shuffled	15417	15417
06649	06649	06649.jpg	01720.jpg	shuffled	01720	01720
06650	06650	06650.jpg	04571.jpg	shuffled	04571	04571
06651	06651	06651.jpg	07223.jpg	shuffled	07223	07223
06652	06652	06652.jpg	14307.jpg	shuffled	14307	14307
06653	06653	06653.jpg	07096.jpg	shuffled	07096	07096
06654	06654	06654.jpg	02259.jpg	shuffled	02259	02259
06655	06655	06655.jpg	06705.jpg	shuffled	06705	06705
06656	06656	06656.jpg	09434.jpg	shuffled	09434	09434
06657	06657	06657.jpg	07432.jpg	shuffled	07432	07432
06658	06658	06658.jpg	12602.jpg	shuffled	12602	12602
06659	06659	06659.jpg	01905.jpg	shuffled	01905	01905
06660	06660	06660.jpg	15543.jpg	shuffled	15543	15543
06661	06661	06661.jpg	10038.jpg	shuffled	10038	10038
06662	06662	06662.jpg	00476.jpg	shuffled	00476	00476
06663	06663	06663.jpg	17977.jpg	shuffled	17977	17977
06664	06664	06664.jpg	08623.jpg	shuffled	08623	08623
06665	06665	06665.jpg	01954.jpg	shuffled	01954	01954
06666	06666	06666.jpg	10796.jpg	shuffled	10796	10796
06667	06667	06667.jpg	05662.jpg	shuffled	05662	05662
06668	06668	06668.jpg	09634.jpg	shuffled	09634	09634
06669	06669	06669.jpg	10178.jpg	shuffled	10178	10178
06670	06670	06670.jpg	12126.jpg	shuffled	12126	12126
06671	06671	06671.jpg	02151.jpg	shuffled	02151	02151
06672	06672	06672.jpg	17141.jpg	shuffled	17141	17141
06673	06673	06673.jpg	10392.jpg	shuffled	10392	10392
06674	06674	06674.jpg	09275.jpg	shuffled	09275	09275
06675	06675	06675.jpg	01567.jpg	shuffled	01567	01567
06676	06676	06676.jpg	17604.jpg	shuffled	17604	17604
06677	06677	06677.jpg	15071.jpg	shuffled	15071	15071
06678	06678	06678.jpg	09582.jpg	shuffled	09582	09582
06679	06679	06679.jpg	03194.jpg	shuffled	03194	03194
06680	06680	06680.jpg	14103.jpg	shuffled	14103	14103
06681	06681	06681.jpg	00428.jpg	shuffled	00428	00428
06682	06682	06682.jpg	02379.jpg	shuffled	02379	02379
06683	06683	06683.jpg	17319.jpg	shuffled	17319	17319
06684	06684	06684.jpg	03268.jpg	shuffled	03268	03268
06685	06685	06685.jpg	14115.jpg	shuffled	14115	14115
06686	06686	06686.jpg	06675.jpg	shuffled	06675	06675
06687	06687	06687.jpg	04160.jpg	shuffled	04160	04160
06688	06688	06688.jpg	15319.jpg	shuffled	15319	15319
06689	06689	06689.jpg	14625.jpg	shuffled	14625	14625
06690	06690	06690.jpg	08414.jpg	shuffled	08414	08414
06691	06691	06691.jpg	01189.jpg	shuffled	01189	01189
06692	06692	06692.jpg	05404.jpg	shuffled	05404	05404
06693	06693	06693.jpg	09680.jpg	shuffled	09680	09680
06694	06694	06694.jpg	04509.jpg	shuffled	04509	04509
06695	06695	06695.jpg	14092.jpg	shuffled	14092	14092
06696	06696	06696.jpg	16519.jpg	shuffled	16519	16519
06697	06697	06697.jpg	03689.jpg	shuffled	03689	03689
06698	06698	06698.jpg	14824.jpg	shuffled	14824	14824
06699	06699	06699.jpg	02883.jpg	shuffled	02883	02883
06700	06700	06700.jpg	17565.jpg	shuffled	17565	17565
06701	06701	06701.jpg	03147.jpg	shuffled	03147	03147
06702	06702	06702.jpg	09818.jpg	shuffled	09818	09818
06703	06703	06703.jpg	01781.jpg	shuffled	01781	01781
06704	06704	06704.jpg	06775.jpg	shuffled	06775	06775
06705	06705	06705.jpg	10498.jpg	shuffled	10498	10498
06706	06706	06706.jpg	05650.jpg	shuffled	05650	05650
06707	06707	06707.jpg	16450.jpg	shuffled	16450	16450
06708	06708	06708.jpg	14205.jpg	shuffled	14205	14205
06709	06709	06709.jpg	12493.jpg	shuffled	12493	12493
06710	06710	06710.jpg	02718.jpg	shuffled	02718	02718
06711	06711	06711.jpg	12968.jpg	shuffled	12968	12968
06712	06712	06712.jpg	09857.jpg	shuffled	09857	09857
06713	06713	06713.jpg	10490.jpg	shuffled	10490	10490
06714	06714	06714.jpg	07594.jpg	shuffled	07594	07594
06715	06715	06715.jpg	10407.jpg	shuffled	10407	10407
06716	06716	06716.jpg	15632.jpg	shuffled	15632	15632
06717	06717	06717.jpg	02920.jpg	shuffled	02920	02920
06718	06718	06718.jpg	16199.jpg	shuffled	16199	16199
06719	06719	06719.jpg	03536.jpg	shuffled	03536	03536
06720	06720	06720.jpg	07359.jpg	shuffled	07359	07359
06721	06721	06721.jpg	06136.jpg	shuffled	06136	06136
06722	06722	06722.jpg	09476.jpg	shuffled	09476	09476
06723	06723	06723.jpg	00998.jpg	shuffled	00998	00998
06724	06724	06724.jpg	04418.jpg	shuffled	04418	04418
06725	06725	06725.jpg	06378.jpg	shuffled	06378	06378
06726	06726	06726.jpg	00715.jpg	shuffled	00715	00715
06727	06727	06727.jpg	04648.jpg	shuffled	04648	04648
06728	06728	06728.jpg	16684.jpg	shuffled	16684	16684
06729	06729	06729.jpg	08244.jpg	shuffled	08244	08244
06730	06730	06730.jpg	02435.jpg	shuffled	02435	02435
06731	06731	06731.jpg	00350.jpg	shuffled	00350	00350
06732	06732	06732.jpg	15177.jpg	shuffled	15177	15177
06733	06733	06733.jpg	14242.jpg	shuffled	14242	14242
06734	06734	06734.jpg	05396.jpg	shuffled	05396	05396
06735	06735	06735.jpg	06321.jpg	shuffled	06321	06321
06736	06736	06736.jpg	10627.jpg	shuffled	10627	10627
06737	06737	06737.jpg	10708.jpg	shuffled	10708	10708
06738	06738	06738.jpg	10600.jpg	shuffled	10600	10600
06739	06739	06739.jpg	09080.jpg	shuffled	09080	09080
06740	06740	06740.jpg	06682.jpg	shuffled	06682	06682
06741	06741	06741.jpg	09371.jpg	shuffled	09371	09371
06742	06742	06742.jpg	13147.jpg	shuffled	13147	13147
06743	06743	06743.jpg	13861.jpg	shuffled	13861	13861
06744	06744	06744.jpg	10707.jpg	shuffled	10707	10707
06745	06745	06745.jpg	09938.jpg	shuffled	09938	09938
06746	06746	06746.jpg	17052.jpg	shuffled	17052	17052
06747	06747	06747.jpg	12509.jpg	shuffled	12509	12509
06748	06748	06748.jpg	12148.jpg	shuffled	12148	12148
06749	06749	06749.jpg	13526.jpg	shuffled	13526	13526
06750	06750	06750.jpg	01274.jpg	shuffled	01274	01274
06751	06751	06751.jpg	06490.jpg	shuffled	06490	06490
06752	06752	06752.jpg	07742.jpg	shuffled	07742	07742
06753	06753	06753.jpg	07504.jpg	shuffled	07504	07504
06754	06754	06754.jpg	05998.jpg	shuffled	05998	05998
06755	06755	06755.jpg	03136.jpg	shuffled	03136	03136
06756	06756	06756.jpg	10930.jpg	shuffled	10930	10930
06757	06757	06757.jpg	13469.jpg	shuffled	13469	13469
06758	06758	06758.jpg	12412.jpg	shuffled	12412	12412
06759	06759	06759.jpg	01657.jpg	shuffled	01657	01657
06760	06760	06760.jpg	08305.jpg	shuffled	08305	08305
06761	06761	06761.jpg	08197.jpg	shuffled	08197	08197
06762	06762	06762.jpg	13774.jpg	shuffled	13774	13774
06763	06763	06763.jpg	17817.jpg	shuffled	17817	17817
06764	06764	06764.jpg	03524.jpg	shuffled	03524	03524
06765	06765	06765.jpg	00028.jpg	shuffled	00028	00028
06766	06766	06766.jpg	14814.jpg	shuffled	14814	14814
06767	06767	06767.jpg	06259.jpg	shuffled	06259	06259
06768	06768	06768.jpg	09630.jpg	shuffled	09630	09630
06769	06769	06769.jpg	16174.jpg	shuffled	16174	16174
06770	06770	06770.jpg	10014.jpg	shuffled	10014	10014
06771	06771	06771.jpg	08792.jpg	shuffled	08792	08792
06772	06772	06772.jpg	16678.jpg	shuffled	16678	16678
06773	06773	06773.jpg	00135.jpg	shuffled	00135	00135
06774	06774	06774.jpg	00031.jpg	shuffled	00031	00031
06775	06775	06775.jpg	08899.jpg	shuffled	08899	08899
06776	06776	06776.jpg	02309.jpg	shuffled	02309	02309
06777	06777	06777.jpg	12294.jpg	shuffled	12294	12294
06778	06778	06778.jpg	00307.jpg	shuffled	00307	00307
06779	06779	06779.jpg	14717.jpg	shuffled	14717	14717
06780	06780	06780.jpg	10618.jpg	shuffled	10618	10618
06781	06781	06781.jpg	17348.jpg	shuffled	17348	17348
06782	06782	06782.jpg	12506.jpg	shuffled	12506	12506
06783	06783	06783.jpg	06373.jpg	shuffled	06373	06373
06784	06784	06784.jpg	00711.jpg	shuffled	00711	00711
06785	06785	06785.jpg	15225.jpg	shuffled	15225	15225
06786	06786	06786.jpg	11149.jpg	shuffled	11149	11149
06787	06787	06787.jpg	08676.jpg	shuffled	08676	08676
06788	06788	06788.jpg	05055.jpg	shuffled	05055	05055
06789	06789	06789.jpg	14135.jpg	shuffled	14135	14135
06790	06790	06790.jpg	17756.jpg	shuffled	17756	17756
06791	06791	06791.jpg	10835.jpg	shuffled	10835	10835
06792	06792	06792.jpg	02735.jpg	shuffled	02735	02735
06793	06793	06793.jpg	06210.jpg	shuffled	06210	06210
06794	06794	06794.jpg	12910.jpg	shuffled	12910	12910
06795	06795	06795.jpg	06348.jpg	shuffled	06348	06348
06796	06796	06796.jpg	14741.jpg	shuffled	14741	14741
06797	06797	06797.jpg	15863.jpg	shuffled	15863	15863
06798	06798	06798.jpg	16160.jpg	shuffled	16160	16160
06799	06799	06799.jpg	00139.jpg	shuffled	00139	00139
06800	06800	06800.jpg	00486.jpg	shuffled	00486	00486
06801	06801	06801.jpg	15897.jpg	shuffled	15897	15897
06802	06802	06802.jpg	17423.jpg	shuffled	17423	17423
06803	06803	06803.jpg	07078.jpg	shuffled	07078	07078
06804	06804	06804.jpg	13948.jpg	shuffled	13948	13948
06805	06805	06805.jpg	00137.jpg	shuffled	00137	00137
06806	06806	06806.jpg	02295.jpg	shuffled	02295	02295
06807	06807	06807.jpg	06485.jpg	shuffled	06485	06485
06808	06808	06808.jpg	17113.jpg	shuffled	17113	17113
06809	06809	06809.jpg	09318.jpg	shuffled	09318	09318
06810	06810	06810.jpg	08800.jpg	shuffled	08800	08800
06811	06811	06811.jpg	05604.jpg	shuffled	05604	05604
06812	06812	06812.jpg	04930.jpg	shuffled	04930	04930
06813	06813	06813.jpg	12383.jpg	shuffled	12383	12383
06814	06814	06814.jpg	17743.jpg	shuffled	17743	17743
06815	06815	06815.jpg	10505.jpg	shuffled	10505	10505
06816	06816	06816.jpg	00532.jpg	shuffled	00532	00532
06817	06817	06817.jpg	02440.jpg	shuffled	02440	02440
06818	06818	06818.jpg	14822.jpg	shuffled	14822	14822
06819	06819	06819.jpg	12557.jpg	shuffled	12557	12557
06820	06820	06820.jpg	13709.jpg	shuffled	13709	13709
06821	06821	06821.jpg	04391.jpg	shuffled	04391	04391
06822	06822	06822.jpg	15669.jpg	shuffled	15669	15669
06823	06823	06823.jpg	05516.jpg	shuffled	05516	05516
06824	06824	06824.jpg	03634.jpg	shuffled	03634	03634
06825	06825	06825.jpg	00372.jpg	shuffled	00372	00372
06826	06826	06826.jpg	04258.jpg	shuffled	04258	04258
06827	06827	06827.jpg	13410.jpg	shuffled	13410	13410
06828	06828	06828.jpg	14423.jpg	shuffled	14423	14423
06829	06829	06829.jpg	03979.jpg	shuffled	03979	03979
06830	06830	06830.jpg	03884.jpg	shuffled	03884	03884
06831	06831	06831.jpg	15279.jpg	shuffled	15279	15279
06832	06832	06832.jpg	06542.jpg	shuffled	06542	06542
06833	06833	06833.jpg	15915.jpg	shuffled	15915	15915
06834	06834	06834.jpg	06569.jpg	shuffled	06569	06569
06835	06835	06835.jpg	00606.jpg	shuffled	00606	00606
06836	06836	06836.jpg	02097.jpg	shuffled	02097	02097
06837	06837	06837.jpg	08386.jpg	shuffled	08386	08386
06838	06838	06838.jpg	10607.jpg	shuffled	10607	10607
06839	06839	06839.jpg	02913.jpg	shuffled	02913	02913
06840	06840	06840.jpg	04490.jpg	shuffled	04490	04490
06841	06841	06841.jpg	04991.jpg	shuffled	04991	04991
06842	06842	06842.jpg	06148.jpg	shuffled	06148	06148
06843	06843	06843.jpg	16375.jpg	shuffled	16375	16375
06844	06844	06844.jpg	14462.jpg	shuffled	14462	14462
06845	06845	06845.jpg	14689.jpg	shuffled	14689	14689
06846	06846	06846.jpg	03221.jpg	shuffled	03221	03221
06847	06847	06847.jpg	02693.jpg	shuffled	02693	02693
06848	06848	06848.jpg	16583.jpg	shuffled	16583	16583
06849	06849	06849.jpg	14934.jpg	shuffled	14934	14934
06850	06850	06850.jpg	00609.jpg	shuffled	00609	00609
06851	06851	06851.jpg	11937.jpg	shuffled	11937	11937
06852	06852	06852.jpg	10910.jpg	shuffled	10910	10910
06853	06853	06853.jpg	09611.jpg	shuffled	09611	09611
06854	06854	06854.jpg	04955.jpg	shuffled	04955	04955
06855	06855	06855.jpg	13624.jpg	shuffled	13624	13624
06856	06856	06856.jpg	11828.jpg	shuffled	11828	11828
06857	06857	06857.jpg	02039.jpg	shuffled	02039	02039
06858	06858	06858.jpg	02342.jpg	shuffled	02342	02342
06859	06859	06859.jpg	12371.jpg	shuffled	12371	12371
06860	06860	06860.jpg	09912.jpg	shuffled	09912	09912
06861	06861	06861.jpg	09164.jpg	shuffled	09164	09164
06862	06862	06862.jpg	16243.jpg	shuffled	16243	16243
06863	06863	06863.jpg	12159.jpg	shuffled	12159	12159
06864	06864	06864.jpg	13358.jpg	shuffled	13358	13358
06865	06865	06865.jpg	14117.jpg	shuffled	14117	14117
06866	06866	06866.jpg	04654.jpg	shuffled	04654	04654
06867	06867	06867.jpg	14050.jpg	shuffled	14050	14050
06868	06868	06868.jpg	04239.jpg	shuffled	04239	04239
06869	06869	06869.jpg	07612.jpg	shuffled	07612	07612
06870	06870	06870.jpg	06400.jpg	shuffled	06400	06400
06871	06871	06871.jpg	03285.jpg	shuffled	03285	03285
06872	06872	06872.jpg	04352.jpg	shuffled	04352	04352
06873	06873	06873.jpg	00149.jpg	shuffled	00149	00149
06874	06874	06874.jpg	14433.jpg	shuffled	14433	14433
06875	06875	06875.jpg	15998.jpg	shuffled	15998	15998
06876	06876	06876.jpg	14079.jpg	shuffled	14079	14079
06877	06877	06877.jpg	17495.jpg	shuffled	17495	17495
06878	06878	06878.jpg	15764.jpg	shuffled	15764	15764
06879	06879	06879.jpg	17122.jpg	shuffled	17122	17122
06880	06880	06880.jpg	04158.jpg	shuffled	04158	04158
06881	06881	06881.jpg	16920.jpg	shuffled	16920	16920
06882	06882	06882.jpg	17957.jpg	shuffled	17957	17957
06883	06883	06883.jpg	01056.jpg	shuffled	01056	01056
06884	06884	06884.jpg	00269.jpg	shuffled	00269	00269
06885	06885	06885.jpg	04492.jpg	shuffled	04492	04492
06886	06886	06886.jpg	13131.jpg	shuffled	13131	13131
06887	06887	06887.jpg	13542.jpg	shuffled	13542	13542
06888	06888	06888.jpg	04828.jpg	shuffled	04828	04828
06889	06889	06889.jpg	00749.jpg	shuffled	00749	00749
06890	06890	06890.jpg	11087.jpg	shuffled	11087	11087
06891	06891	06891.jpg	13036.jpg	shuffled	13036	13036
06892	06892	06892.jpg	05388.jpg	shuffled	05388	05388
06893	06893	06893.jpg	11847.jpg	shuffled	11847	11847
06894	06894	06894.jpg	01716.jpg	shuffled	01716	01716
06895	06895	06895.jpg	04360.jpg	shuffled	04360	04360
06896	06896	06896.jpg	12673.jpg	shuffled	12673	12673
06897	06897	06897.jpg	11634.jpg	shuffled	11634	11634
06898	06898	06898.jpg	04684.jpg	shuffled	04684	04684
06899	06899	06899.jpg	13644.jpg	shuffled	13644	13644
06900	06900	06900.jpg	11038.jpg	shuffled	11038	11038
06901	06901	06901.jpg	07037.jpg	shuffled	07037	07037
06902	06902	06902.jpg	01672.jpg	shuffled	01672	01672
06903	06903	06903.jpg	13602.jpg	shuffled	13602	13602
06904	06904	06904.jpg	12722.jpg	shuffled	12722	12722
06905	06905	06905.jpg	14395.jpg	shuffled	14395	14395
06906	06906	06906.jpg	06422.jpg	shuffled	06422	06422
06907	06907	06907.jpg	03630.jpg	shuffled	03630	03630
06908	06908	06908.jpg	12784.jpg	shuffled	12784	12784
06909	06909	06909.jpg	01281.jpg	shuffled	01281	01281
06910	06910	06910.jpg	08769.jpg	shuffled	08769	08769
06911	06911	06911.jpg	04265.jpg	shuffled	04265	04265
06912	06912	06912.jpg	06541.jpg	shuffled	06541	06541
06913	06913	06913.jpg	17129.jpg	shuffled	17129	17129
06914	06914	06914.jpg	11536.jpg	shuffled	11536	11536
06915	06915	06915.jpg	16153.jpg	shuffled	16153	16153
06916	06916	06916.jpg	15380.jpg	shuffled	15380	15380
06917	06917	06917.jpg	00976.jpg	shuffled	00976	00976
06918	06918	06918.jpg	05711.jpg	shuffled	05711	05711
06919	06919	06919.jpg	14327.jpg	shuffled	14327	14327
06920	06920	06920.jpg	17484.jpg	shuffled	17484	17484
06921	06921	06921.jpg	11544.jpg	shuffled	11544	11544
06922	06922	06922.jpg	11790.jpg	shuffled	11790	11790
06923	06923	06923.jpg	16155.jpg	shuffled	16155	16155
06924	06924	06924.jpg	15583.jpg	shuffled	15583	15583
06925	06925	06925.jpg	01205.jpg	shuffled	01205	01205
06926	06926	06926.jpg	06777.jpg	shuffled	06777	06777
06927	06927	06927.jpg	13056.jpg	shuffled	13056	13056
06928	06928	06928.jpg	01218.jpg	shuffled	01218	01218
06929	06929	06929.jpg	16737.jpg	shuffled	16737	16737
06930	06930	06930.jpg	01903.jpg	shuffled	01903	01903
06931	06931	06931.jpg	10523.jpg	shuffled	10523	10523
06932	06932	06932.jpg	08655.jpg	shuffled	08655	08655
06933	06933	06933.jpg	01282.jpg	shuffled	01282	01282
06934	06934	06934.jpg	09347.jpg	shuffled	09347	09347
06935	06935	06935.jpg	14723.jpg	shuffled	14723	14723
06936	06936	06936.jpg	05681.jpg	shuffled	05681	05681
06937	06937	06937.jpg	06845.jpg	shuffled	06845	06845
06938	06938	06938.jpg	17673.jpg	shuffled	17673	17673
06939	06939	06939.jpg	12045.jpg	shuffled	12045	12045
06940	06940	06940.jpg	06361.jpg	shuffled	06361	06361
06941	06941	06941.jpg	04807.jpg	shuffled	04807	04807
06942	06942	06942.jpg	03224.jpg	shuffled	03224	03224
06943	06943	06943.jpg	12788.jpg	shuffled	12788	12788
06944	06944	06944.jpg	02458.jpg	shuffled	02458	02458
06945	06945	06945.jpg	05773.jpg	shuffled	05773	05773
06946	06946	06946.jpg	10219.jpg	shuffled	10219	10219
06947	06947	06947.jpg	08111.jpg	shuffled	08111	08111
06948	06948	06948.jpg	01732.jpg	shuffled	01732	01732
06949	06949	06949.jpg	01685.jpg	shuffled	01685	01685
06950	06950	06950.jpg	11197.jpg	shuffled	11197	11197
06951	06951	06951.jpg	05870.jpg	shuffled	05870	05870
06952	06952	06952.jpg	08298.jpg	shuffled	08298	08298
06953	06953	06953.jpg	12603.jpg	shuffled	12603	12603
06954	06954	06954.jpg	12799.jpg	shuffled	12799	12799
06955	06955	06955.jpg	03089.jpg	shuffled	03089	03089
06956	06956	06956.jpg	14787.jpg	shuffled	14787	14787
06957	06957	06957.jpg	01300.jpg	shuffled	01300	01300
06958	06958	06958.jpg	10107.jpg	shuffled	10107	10107
06959	06959	06959.jpg	04713.jpg	shuffled	04713	04713
06960	06960	06960.jpg	13987.jpg	shuffled	13987	13987
06961	06961	06961.jpg	15864.jpg	shuffled	15864	15864
06962	06962	06962.jpg	05456.jpg	shuffled	05456	05456
06963	06963	06963.jpg	10447.jpg	shuffled	10447	10447
06964	06964	06964.jpg	10710.jpg	shuffled	10710	10710
06965	06965	06965.jpg	09389.jpg	shuffled	09389	09389
06966	06966	06966.jpg	09708.jpg	shuffled	09708	09708
06967	06967	06967.jpg	12260.jpg	shuffled	12260	12260
06968	06968	06968.jpg	10104.jpg	shuffled	10104	10104
06969	06969	06969.jpg	02872.jpg	shuffled	02872	02872
06970	06970	06970.jpg	05164.jpg	shuffled	05164	05164
06971	06971	06971.jpg	04677.jpg	shuffled	04677	04677
06972	06972	06972.jpg	02146.jpg	shuffled	02146	02146
06973	06973	06973.jpg	10730.jpg	shuffled	10730	10730
06974	06974	06974.jpg	11241.jpg	shuffled	11241	11241
06975	06975	06975.jpg	16028.jpg	shuffled	16028	16028
06976	06976	06976.jpg	08719.jpg	shuffled	08719	08719
06977	06977	06977.jpg	03928.jpg	shuffled	03928	03928
06978	06978	06978.jpg	03109.jpg	shuffled	03109	03109
06979	06979	06979.jpg	08682.jpg	shuffled	08682	08682
06980	06980	06980.jpg	00015.jpg	shuffled	00015	00015
06981	06981	06981.jpg	00920.jpg	shuffled	00920	00920
06982	06982	06982.jpg	15093.jpg	shuffled	15093	15093
06983	06983	06983.jpg	12351.jpg	shuffled	12351	12351
06984	06984	06984.jpg	00299.jpg	shuffled	00299	00299
06985	06985	06985.jpg	08817.jpg	shuffled	08817	08817
06986	06986	06986.jpg	13119.jpg	shuffled	13119	13119
06987	06987	06987.jpg	13797.jpg	shuffled	13797	13797
06988	06988	06988.jpg	10800.jpg	shuffled	10800	10800
06989	06989	06989.jpg	17355.jpg	shuffled	17355	17355
06990	06990	06990.jpg	12939.jpg	shuffled	12939	12939
06991	06991	06991.jpg	17291.jpg	shuffled	17291	17291
06992	06992	06992.jpg	10310.jpg	shuffled	10310	10310
06993	06993	06993.jpg	15592.jpg	shuffled	15592	15592
06994	06994	06994.jpg	00295.jpg	shuffled	00295	00295
06995	06995	06995.jpg	09419.jpg	shuffled	09419	09419
06996	06996	06996.jpg	01101.jpg	shuffled	01101	01101
06997	06997	06997.jpg	01768.jpg	shuffled	01768	01768
06998	06998	06998.jpg	11128.jpg	shuffled	11128	11128
06999	06999	06999.jpg	04494.jpg	shuffled	04494	04494
07000	07000	07000.jpg	13593.jpg	shuffled	13593	13593
07001	07001	07001.jpg	14882.jpg	shuffled	14882	14882
07002	07002	07002.jpg	15462.jpg	shuffled	15462	15462
07003	07003	07003.jpg	11627.jpg	shuffled	11627	11627
07004	07004	07004.jpg	10958.jpg	shuffled	10958	10958
07005	07005	07005.jpg	04050.jpg	shuffled	04050	04050
07006	07006	07006.jpg	10226.jpg	shuffled	10226	10226
07007	07007	07007.jpg	05372.jpg	shuffled	05372	05372
07008	07008	07008.jpg	09771.jpg	shuffled	09771	09771
07009	07009	07009.jpg	17182.jpg	shuffled	17182	17182
07010	07010	07010.jpg	15114.jpg	shuffled	15114	15114
07011	07011	07011.jpg	00427.jpg	shuffled	00427	00427
07012	07012	07012.jpg	10108.jpg	shuffled	10108	10108
07013	07013	07013.jpg	05034.jpg	shuffled	05034	05034
07014	07014	07014.jpg	00397.jpg	shuffled	00397	00397
07015	07015	07015.jpg	05544.jpg	shuffled	05544	05544
07016	07016	07016.jpg	16471.jpg	shuffled	16471	16471
07017	07017	07017.jpg	13783.jpg	shuffled	13783	13783
07018	07018	07018.jpg	12334.jpg	shuffled	12334	12334
07019	07019	07019.jpg	12181.jpg	shuffled	12181	12181
07020	07020	07020.jpg	11164.jpg	shuffled	11164	11164
07021	07021	07021.jpg	00101.jpg	shuffled	00101	00101
07022	07022	07022.jpg	08589.jpg	shuffled	08589	08589
07023	07023	07023.jpg	12019.jpg	shuffled	12019	12019
07024	07024	07024.jpg	02983.jpg	shuffled	02983	02983
07025	07025	07025.jpg	01202.jpg	shuffled	01202	01202
07026	07026	07026.jpg	09302.jpg	shuffled	09302	09302
07027	07027	07027.jpg	12651.jpg	shuffled	12651	12651
07028	07028	07028.jpg	02754.jpg	shuffled	02754	02754
07029	07029	07029.jpg	11400.jpg	shuffled	11400	11400
07030	07030	07030.jpg	07113.jpg	shuffled	07113	07113
07031	07031	07031.jpg	13732.jpg	shuffled	13732	13732
07032	07032	07032.jpg	02633.jpg	shuffled	02633	02633
07033	07033	07033.jpg	03740.jpg	shuffled	03740	03740
07034	07034	07034.jpg	04237.jpg	shuffled	04237	04237
07035	07035	07035.jpg	02609.jpg	shuffled	02609	02609
07036	07036	07036.jpg	11667.jpg	shuffled	11667	11667
07037	07037	07037.jpg	03073.jpg	shuffled	03073	03073
07038	07038	07038.jpg	03882.jpg	shuffled	03882	03882
07039	07039	07039.jpg	01291.jpg	shuffled	01291	01291
07040	07040	07040.jpg	09718.jpg	shuffled	09718	09718
07041	07041	07041.jpg	10621.jpg	shuffled	10621	10621
07042	07042	07042.jpg	07389.jpg	shuffled	07389	07389
07043	07043	07043.jpg	04917.jpg	shuffled	04917	04917
07044	07044	07044.jpg	09747.jpg	shuffled	09747	09747
07045	07045	07045.jpg	01365.jpg	shuffled	01365	01365
07046	07046	07046.jpg	01345.jpg	shuffled	01345	01345
07047	07047	07047.jpg	08565.jpg	shuffled	08565	08565
07048	07048	07048.jpg	03158.jpg	shuffled	03158	03158
07049	07049	07049.jpg	12626.jpg	shuffled	12626	12626
07050	07050	07050.jpg	05755.jpg	shuffled	05755	05755
07051	07051	07051.jpg	11186.jpg	shuffled	11186	11186
07052	07052	07052.jpg	09184.jpg	shuffled	09184	09184
07053	07053	07053.jpg	10285.jpg	shuffled	10285	10285
07054	07054	07054.jpg	09806.jpg	shuffled	09806	09806
07055	07055	07055.jpg	15606.jpg	shuffled	15606	15606
07056	07056	07056.jpg	14918.jpg	shuffled	14918	14918
07057	07057	07057.jpg	04148.jpg	shuffled	04148	04148
07058	07058	07058.jpg	02012.jpg	shuffled	02012	02012
07059	07059	07059.jpg	17738.jpg	shuffled	17738	17738
07060	07060	07060.jpg	16728.jpg	shuffled	16728	16728
07061	07061	07061.jpg	04177.jpg	shuffled	04177	04177
07062	07062	07062.jpg	01629.jpg	shuffled	01629	01629
07063	07063	07063.jpg	12318.jpg	shuffled	12318	12318
07064	07064	07064.jpg	10283.jpg	shuffled	10283	10283
07065	07065	07065.jpg	01184.jpg	shuffled	01184	01184
07066	07066	07066.jpg	14202.jpg	shuffled	14202	14202
07067	07067	07067.jpg	01276.jpg	shuffled	01276	01276
07068	07068	07068.jpg	09058.jpg	shuffled	09058	09058
07069	07069	07069.jpg	06153.jpg	shuffled	06153	06153
07070	07070	07070.jpg	00035.jpg	shuffled	00035	00035
07071	07071	07071.jpg	00036.jpg	shuffled	00036	00036
07072	07072	07072.jpg	06403.jpg	shuffled	06403	06403
07073	07073	07073.jpg	09107.jpg	shuffled	09107	09107
07074	07074	07074.jpg	10820.jpg	shuffled	10820	10820
07075	07075	07075.jpg	06341.jpg	shuffled	06341	06341
07076	07076	07076.jpg	07711.jpg	shuffled	07711	07711
07077	07077	07077.jpg	07958.jpg	shuffled	07958	07958
07078	07078	07078.jpg	04689.jpg	shuffled	04689	04689
07079	07079	07079.jpg	15147.jpg	shuffled	15147	15147
07080	07080	07080.jpg	08442.jpg	shuffled	08442	08442
07081	07081	07081.jpg	09126.jpg	shuffled	09126	09126
07082	07082	07082.jpg	13560.jpg	shuffled	13560	13560
07083	07083	07083.jpg	15951.jpg	shuffled	15951	15951
07084	07084	07084.jpg	03810.jpg	shuffled	03810	03810
07085	07085	07085.jpg	06478.jpg	shuffled	06478	06478
07086	07086	07086.jpg	04270.jpg	shuffled	04270	04270
07087	07087	07087.jpg	15883.jpg	shuffled	15883	15883
07088	07088	07088.jpg	16804.jpg	shuffled	16804	16804
07089	07089	07089.jpg	09769.jpg	shuffled	09769	09769
07090	07090	07090.jpg	15717.jpg	shuffled	15717	15717
07091	07091	07091.jpg	06338.jpg	shuffled	06338	06338
07092	07092	07092.jpg	08301.jpg	shuffled	08301	08301
07093	07093	07093.jpg	04398.jpg	shuffled	04398	04398
07094	07094	07094.jpg	07221.jpg	shuffled	07221	07221
07095	07095	07095.jpg	12687.jpg	shuffled	12687	12687
07096	07096	07096.jpg	02231.jpg	shuffled	02231	02231
07097	07097	07097.jpg	12448.jpg	shuffled	12448	12448
07098	07098	07098.jpg	07368.jpg	shuffled	07368	07368
07099	07099	07099.jpg	06991.jpg	shuffled	06991	06991
07100	07100	07100.jpg	03201.jpg	shuffled	03201	03201
07101	07101	07101.jpg	14631.jpg	shuffled	14631	14631
07102	07102	07102.jpg	15518.jpg	shuffled	15518	15518
07103	07103	07103.jpg	15052.jpg	shuffled	15052	15052
07104	07104	07104.jpg	14088.jpg	shuffled	14088	14088
07105	07105	07105.jpg	06785.jpg	shuffled	06785	06785
07106	07106	07106.jpg	04882.jpg	shuffled	04882	04882
07107	07107	07107.jpg	02736.jpg	shuffled	02736	02736
07108	07108	07108.jpg	01175.jpg	shuffled	01175	01175
07109	07109	07109.jpg	05922.jpg	shuffled	05922	05922
07110	07110	07110.jpg	13567.jpg	shuffled	13567	13567
07111	07111	07111.jpg	17387.jpg	shuffled	17387	17387
07112	07112	07112.jpg	01780.jpg	shuffled	01780	01780
07113	07113	07113.jpg	00737.jpg	shuffled	00737	00737
07114	07114	07114.jpg	03773.jpg	shuffled	03773	03773
07115	07115	07115.jpg	00837.jpg	shuffled	00837	00837
07116	07116	07116.jpg	04962.jpg	shuffled	04962	04962
07117	07117	07117.jpg	12539.jpg	shuffled	12539	12539
07118	07118	07118.jpg	00493.jpg	shuffled	00493	00493
07119	07119	07119.jpg	16353.jpg	shuffled	16353	16353
07120	07120	07120.jpg	12504.jpg	shuffled	12504	12504
07121	07121	07121.jpg	00654.jpg	shuffled	00654	00654
07122	07122	07122.jpg	10332.jpg	shuffled	10332	10332
07123	07123	07123.jpg	12061.jpg	shuffled	12061	12061
07124	07124	07124.jpg	13289.jpg	shuffled	13289	13289
07125	07125	07125.jpg	07824.jpg	shuffled	07824	07824
07126	07126	07126.jpg	16975.jpg	shuffled	16975	16975
07127	07127	07127.jpg	05507.jpg	shuffled	05507	05507
07128	07128	07128.jpg	15680.jpg	shuffled	15680	15680
07129	07129	07129.jpg	06024.jpg	shuffled	06024	06024
07130	07130	07130.jpg	12994.jpg	shuffled	12994	12994
07131	07131	07131.jpg	16760.jpg	shuffled	16760	16760
07132	07132	07132.jpg	17225.jpg	shuffled	17225	17225
07133	07133	07133.jpg	01486.jpg	shuffled	01486	01486
07134	07134	07134.jpg	06914.jpg	shuffled	06914	06914
07135	07135	07135.jpg	01875.jpg	shuffled	01875	01875
07136	07136	07136.jpg	14150.jpg	shuffled	14150	14150
07137	07137	07137.jpg	04851.jpg	shuffled	04851	04851
07138	07138	07138.jpg	16237.jpg	shuffled	16237	16237
07139	07139	07139.jpg	06252.jpg	shuffled	06252	06252
07140	07140	07140.jpg	08865.jpg	shuffled	08865	08865
07141	07141	07141.jpg	17861.jpg	shuffled	17861	17861
07142	07142	07142.jpg	10494.jpg	shuffled	10494	10494
07143	07143	07143.jpg	06905.jpg	shuffled	06905	06905
07144	07144	07144.jpg	13128.jpg	shuffled	13128	13128
07145	07145	07145.jpg	11016.jpg	shuffled	11016	11016
07146	07146	07146.jpg	17721.jpg	shuffled	17721	17721
07147	07147	07147.jpg	03761.jpg	shuffled	03761	03761
07148	07148	07148.jpg	03751.jpg	shuffled	03751	03751
07149	07149	07149.jpg	10260.jpg	shuffled	10260	10260
07150	07150	07150.jpg	00085.jpg	shuffled	00085	00085
07151	07151	07151.jpg	01925.jpg	shuffled	01925	01925
07152	07152	07152.jpg	03411.jpg	shuffled	03411	03411
07153	07153	07153.jpg	15296.jpg	shuffled	15296	15296
07154	07154	07154.jpg	12303.jpg	shuffled	12303	12303
07155	07155	07155.jpg	16892.jpg	shuffled	16892	16892
07156	07156	07156.jpg	16374.jpg	shuffled	16374	16374
07157	07157	07157.jpg	17774.jpg	shuffled	17774	17774
07158	07158	07158.jpg	17773.jpg	shuffled	17773	17773
07159	07159	07159.jpg	04118.jpg	shuffled	04118	04118
07160	07160	07160.jpg	06665.jpg	shuffled	06665	06665
07161	07161	07161.jpg	17950.jpg	shuffled	17950	17950
07162	07162	07162.jpg	02013.jpg	shuffled	02013	02013
07163	07163	07163.jpg	06574.jpg	shuffled	06574	06574
07164	07164	07164.jpg	17755.jpg	shuffled	17755	17755
07165	07165	07165.jpg	07522.jpg	shuffled	07522	07522
07166	07166	07166.jpg	17522.jpg	shuffled	17522	17522
07167	07167	07167.jpg	14301.jpg	shuffled	14301	14301
07168	07168	07168.jpg	16481.jpg	shuffled	16481	16481
07169	07169	07169.jpg	01357.jpg	shuffled	01357	01357
07170	07170	07170.jpg	00337.jpg	shuffled	00337	00337
07171	07171	07171.jpg	06536.jpg	shuffled	06536	06536
07172	07172	07172.jpg	07125.jpg	shuffled	07125	07125
07173	07173	07173.jpg	08607.jpg	shuffled	08607	08607
07174	07174	07174.jpg	04244.jpg	shuffled	04244	04244
07175	07175	07175.jpg	02334.jpg	shuffled	02334	02334
07176	07176	07176.jpg	07822.jpg	shuffled	07822	07822
07177	07177	07177.jpg	04529.jpg	shuffled	04529	04529
07178	07178	07178.jpg	12322.jpg	shuffled	12322	12322
07179	07179	07179.jpg	05069.jpg	shuffled	05069	05069
07180	07180	07180.jpg	04249.jpg	shuffled	04249	04249
07181	07181	07181.jpg	12532.jpg	shuffled	12532	12532
07182	07182	07182.jpg	00462.jpg	shuffled	00462	00462
07183	07183	07183.jpg	06469.jpg	shuffled	06469	06469
07184	07184	07184.jpg	05906.jpg	shuffled	05906	05906
07185	07185	07185.jpg	13079.jpg	shuffled	13079	13079
07186	07186	07186.jpg	09270.jpg	shuffled	09270	09270
07187	07187	07187.jpg	00985.jpg	shuffled	00985	00985
07188	07188	07188.jpg	11590.jpg	shuffled	11590	11590
07189	07189	07189.jpg	01284.jpg	shuffled	01284	01284
07190	07190	07190.jpg	01032.jpg	shuffled	01032	01032
07191	07191	07191.jpg	16144.jpg	shuffled	16144	16144
07192	07192	07192.jpg	06946.jpg	shuffled	06946	06946
07193	07193	07193.jpg	05255.jpg	shuffled	05255	05255
07194	07194	07194.jpg	12006.jpg	shuffled	12006	12006
07195	07195	07195.jpg	12133.jpg	shuffled	12133	12133
07196	07196	07196.jpg	15610.jpg	shuffled	15610	15610
07197	07197	07197.jpg	07606.jpg	shuffled	07606	07606
07198	07198	07198.jpg	09359.jpg	shuffled	09359	09359
07199	07199	07199.jpg	08068.jpg	shuffled	08068	08068
07200	07200	07200.jpg	16595.jpg	shuffled	16595	16595
07201	07201	07201.jpg	11510.jpg	shuffled	11510	11510
07202	07202	07202.jpg	05845.jpg	shuffled	05845	05845
07203	07203	07203.jpg	05579.jpg	shuffled	05579	05579
07204	07204	07204.jpg	10975.jpg	shuffled	10975	10975
07205	07205	07205.jpg	01708.jpg	shuffled	01708	01708
07206	07206	07206.jpg	02554.jpg	shuffled	02554	02554
07207	07207	07207.jpg	15554.jpg	shuffled	15554	15554
07208	07208	07208.jpg	06763.jpg	shuffled	06763	06763
07209	07209	07209.jpg	09786.jpg	shuffled	09786	09786
07210	07210	07210.jpg	03374.jpg	shuffled	03374	03374
07211	07211	07211.jpg	12051.jpg	shuffled	12051	12051
07212	07212	07212.jpg	14714.jpg	shuffled	14714	14714
07213	07213	07213.jpg	03389.jpg	shuffled	03389	03389
07214	07214	07214.jpg	01257.jpg	shuffled	01257	01257
07215	07215	07215.jpg	15634.jpg	shuffled	15634	15634
07216	07216	07216.jpg	00294.jpg	shuffled	00294	00294
07217	07217	07217.jpg	08844.jpg	shuffled	08844	08844
07218	07218	07218.jpg	09088.jpg	shuffled	09088	09088
07219	07219	07219.jpg	10675.jpg	shuffled	10675	10675
07220	07220	07220.jpg	06902.jpg	shuffled	06902	06902
07221	07221	07221.jpg	03423.jpg	shuffled	03423	03423
07222	07222	07222.jpg	10165.jpg	shuffled	10165	10165
07223	07223	07223.jpg	16320.jpg	shuffled	16320	16320
07224	07224	07224.jpg	09239.jpg	shuffled	09239	09239
07225	07225	07225.jpg	10606.jpg	shuffled	10606	10606
07226	07226	07226.jpg	10697.jpg	shuffled	10697	10697
07227	07227	07227.jpg	08220.jpg	shuffled	08220	08220
07228	07228	07228.jpg	12655.jpg	shuffled	12655	12655
07229	07229	07229.jpg	03009.jpg	shuffled	03009	03009
07230	07230	07230.jpg	07316.jpg	shuffled	07316	07316
07231	07231	07231.jpg	02729.jpg	shuffled	02729	02729
07232	07232	07232.jpg	14798.jpg	shuffled	14798	14798
07233	07233	07233.jpg	04971.jpg	shuffled	04971	04971
07234	07234	07234.jpg	01427.jpg	shuffled	01427	01427
07235	07235	07235.jpg	05594.jpg	shuffled	05594	05594
07236	07236	07236.jpg	13926.jpg	shuffled	13926	13926
07237	07237	07237.jpg	13843.jpg	shuffled	13843	13843
07238	07238	07238.jpg	13924.jpg	shuffled	13924	13924
07239	07239	07239.jpg	11277.jpg	shuffled	11277	11277
07240	07240	07240.jpg	15106.jpg	shuffled	15106	15106
07241	07241	07241.jpg	04394.jpg	shuffled	04394	04394
07242	07242	07242.jpg	05726.jpg	shuffled	05726	05726
07243	07243	07243.jpg	02893.jpg	shuffled	02893	02893
07244	07244	07244.jpg	13366.jpg	shuffled	13366	13366
07245	07245	07245.jpg	00520.jpg	shuffled	00520	00520
07246	07246	07246.jpg	14659.jpg	shuffled	14659	14659
07247	07247	07247.jpg	12992.jpg	shuffled	12992	12992
07248	07248	07248.jpg	10250.jpg	shuffled	10250	10250
07249	07249	07249.jpg	06766.jpg	shuffled	06766	06766
07250	07250	07250.jpg	04910.jpg	shuffled	04910	04910
07251	07251	07251.jpg	03534.jpg	shuffled	03534	03534
07252	07252	07252.jpg	01476.jpg	shuffled	01476	01476
07253	07253	07253.jpg	08056.jpg	shuffled	08056	08056
07254	07254	07254.jpg	07885.jpg	shuffled	07885	07885
07255	07255	07255.jpg	14780.jpg	shuffled	14780	14780
07256	07256	07256.jpg	05234.jpg	shuffled	05234	05234
07257	07257	07257.jpg	05232.jpg	shuffled	05232	05232
07258	07258	07258.jpg	04028.jpg	shuffled	04028	04028
07259	07259	07259.jpg	01272.jpg	shuffled	01272	01272
07260	07260	07260.jpg	02552.jpg	shuffled	02552	02552
07261	07261	07261.jpg	06521.jpg	shuffled	06521	06521
07262	07262	07262.jpg	11717.jpg	shuffled	11717	11717
07263	07263	07263.jpg	12391.jpg	shuffled	12391	12391
07264	07264	07264.jpg	09457.jpg	shuffled	09457	09457
07265	07265	07265.jpg	12381.jpg	shuffled	12381	12381
07266	07266	07266.jpg	14456.jpg	shuffled	14456	14456
07267	07267	07267.jpg	01138.jpg	shuffled	01138	01138
07268	07268	07268.jpg	03555.jpg	shuffled	03555	03555
07269	07269	07269.jpg	02104.jpg	shuffled	02104	02104
07270	07270	07270.jpg	05041.jpg	shuffled	05041	05041
07271	07271	07271.jpg	09578.jpg	shuffled	09578	09578
07272	07272	07272.jpg	01489.jpg	shuffled	01489	01489
07273	07273	07273.jpg	16347.jpg	shuffled	16347	16347
07274	07274	07274.jpg	12256.jpg	shuffled	12256	12256
07275	07275	07275.jpg	08253.jpg	shuffled	08253	08253
07276	07276	07276.jpg	15865.jpg	shuffled	15865	15865
07277	07277	07277.jpg	15824.jpg	shuffled	15824	15824
07278	07278	07278.jpg	00536.jpg	shuffled	00536	00536
07279	07279	07279.jpg	15786.jpg	shuffled	15786	15786
07280	07280	07280.jpg	11497.jpg	shuffled	11497	11497
07281	07281	07281.jpg	10439.jpg	shuffled	10439	10439
07282	07282	07282.jpg	11234.jpg	shuffled	11234	11234
07283	07283	07283.jpg	15400.jpg	shuffled	15400	15400
07284	07284	07284.jpg	05700.jpg	shuffled	05700	05700
07285	07285	07285.jpg	12723.jpg	shuffled	12723	12723
07286	07286	07286.jpg	10932.jpg	shuffled	10932	10932
07287	07287	07287.jpg	02401.jpg	shuffled	02401	02401
07288	07288	07288.jpg	10048.jpg	shuffled	10048	10048
07289	07289	07289.jpg	12818.jpg	shuffled	12818	12818
07290	07290	07290.jpg	10215.jpg	shuffled	10215	10215
07291	07291	07291.jpg	09750.jpg	shuffled	09750	09750
07292	07292	07292.jpg	17392.jpg	shuffled	17392	17392
07293	07293	07293.jpg	03691.jpg	shuffled	03691	03691
07294	07294	07294.jpg	02254.jpg	shuffled	02254	02254
07295	07295	07295.jpg	02193.jpg	shuffled	02193	02193
07296	07296	07296.jpg	11018.jpg	shuffled	11018	11018
07297	07297	07297.jpg	04880.jpg	shuffled	04880	04880
07298	07298	07298.jpg	06035.jpg	shuffled	06035	06035
07299	07299	07299.jpg	09763.jpg	shuffled	09763	09763
07300	07300	07300.jpg	07394.jpg	shuffled	07394	07394
07301	07301	07301.jpg	12479.jpg	shuffled	12479	12479
07302	07302	07302.jpg	13068.jpg	shuffled	13068	13068
07303	07303	07303.jpg	16365.jpg	shuffled	16365	16365
07304	07304	07304.jpg	11167.jpg	shuffled	11167	11167
07305	07305	07305.jpg	02103.jpg	shuffled	02103	02103
07306	07306	07306.jpg	07258.jpg	shuffled	07258	07258
07307	07307	07307.jpg	15911.jpg	shuffled	15911	15911
07308	07308	07308.jpg	11449.jpg	shuffled	11449	11449
07309	07309	07309.jpg	11662.jpg	shuffled	11662	11662
07310	07310	07310.jpg	10874.jpg	shuffled	10874	10874
07311	07311	07311.jpg	06710.jpg	shuffled	06710	06710
07312	07312	07312.jpg	03072.jpg	shuffled	03072	03072
07313	07313	07313.jpg	06184.jpg	shuffled	06184	06184
07314	07314	07314.jpg	03421.jpg	shuffled	03421	03421
07315	07315	07315.jpg	08014.jpg	shuffled	08014	08014
07316	07316	07316.jpg	06025.jpg	shuffled	06025	06025
07317	07317	07317.jpg	03871.jpg	shuffled	03871	03871
07318	07318	07318.jpg	06363.jpg	shuffled	06363	06363
07319	07319	07319.jpg	13033.jpg	shuffled	13033	13033
07320	07320	07320.jpg	01167.jpg	shuffled	01167	01167
07321	07321	07321.jpg	00673.jpg	shuffled	00673	00673
07322	07322	07322.jpg	11849.jpg	shuffled	11849	11849
07323	07323	07323.jpg	09991.jpg	shuffled	09991	09991
07324	07324	07324.jpg	05649.jpg	shuffled	05649	05649
07325	07325	07325.jpg	03933.jpg	shuffled	03933	03933
07326	07326	07326.jpg	12124.jpg	shuffled	12124	12124
07327	07327	07327.jpg	16620.jpg	shuffled	16620	16620
07328	07328	07328.jpg	16307.jpg	shuffled	16307	16307
07329	07329	07329.jpg	02017.jpg	shuffled	02017	02017
07330	07330	07330.jpg	05837.jpg	shuffled	05837	05837
07331	07331	07331.jpg	16800.jpg	shuffled	16800	16800
07332	07332	07332.jpg	11900.jpg	shuffled	11900	11900
07333	07333	07333.jpg	16724.jpg	shuffled	16724	16724
07334	07334	07334.jpg	05083.jpg	shuffled	05083	05083
07335	07335	07335.jpg	05909.jpg	shuffled	05909	05909
07336	07336	07336.jpg	02956.jpg	shuffled	02956	02956
07337	07337	07337.jpg	09180.jpg	shuffled	09180	09180
07338	07338	07338.jpg	08306.jpg	shuffled	08306	08306
07339	07339	07339.jpg	03819.jpg	shuffled	03819	03819
07340	07340	07340.jpg	13021.jpg	shuffled	13021	13021
07341	07341	07341.jpg	03878.jpg	shuffled	03878	03878
07342	07342	07342.jpg	17334.jpg	shuffled	17334	17334
07343	07343	07343.jpg	11834.jpg	shuffled	11834	11834
07344	07344	07344.jpg	07976.jpg	shuffled	07976	07976
07345	07345	07345.jpg	17044.jpg	shuffled	17044	17044
07346	07346	07346.jpg	14917.jpg	shuffled	14917	14917
07347	07347	07347.jpg	16346.jpg	shuffled	16346	16346
07348	07348	07348.jpg	09983.jpg	shuffled	09983	09983
07349	07349	07349.jpg	07437.jpg	shuffled	07437	07437
07350	07350	07350.jpg	15667.jpg	shuffled	15667	15667
07351	07351	07351.jpg	03254.jpg	shuffled	03254	03254
07352	07352	07352.jpg	16477.jpg	shuffled	16477	16477
07353	07353	07353.jpg	07119.jpg	shuffled	07119	07119
07354	07354	07354.jpg	00764.jpg	shuffled	00764	00764
07355	07355	07355.jpg	13468.jpg	shuffled	13468	13468
07356	07356	07356.jpg	13076.jpg	shuffled	13076	13076
07357	07357	07357.jpg	09856.jpg	shuffled	09856	09856
07358	07358	07358.jpg	02539.jpg	shuffled	02539	02539
07359	07359	07359.jpg	02694.jpg	shuffled	02694	02694
07360	07360	07360.jpg	02026.jpg	shuffled	02026	02026
07361	07361	07361.jpg	16086.jpg	shuffled	16086	16086
07362	07362	07362.jpg	02469.jpg	shuffled	02469	02469
07363	07363	07363.jpg	06105.jpg	shuffled	06105	06105
07364	07364	07364.jpg	16768.jpg	shuffled	16768	16768
07365	07365	07365.jpg	01563.jpg	shuffled	01563	01563
07366	07366	07366.jpg	13375.jpg	shuffled	13375	13375
07367	07367	07367.jpg	13210.jpg	shuffled	13210	13210
07368	07368	07368.jpg	16929.jpg	shuffled	16929	16929
07369	07369	07369.jpg	02455.jpg	shuffled	02455	02455
07370	07370	07370.jpg	11476.jpg	shuffled	11476	11476
07371	07371	07371.jpg	14827.jpg	shuffled	14827	14827
07372	07372	07372.jpg	09256.jpg	shuffled	09256	09256
07373	07373	07373.jpg	03070.jpg	shuffled	03070	03070
07374	07374	07374.jpg	11368.jpg	shuffled	11368	11368
07375	07375	07375.jpg	10004.jpg	shuffled	10004	10004
07376	07376	07376.jpg	02807.jpg	shuffled	02807	02807
07377	07377	07377.jpg	01295.jpg	shuffled	01295	01295
07378	07378	07378.jpg	15202.jpg	shuffled	15202	15202
07379	07379	07379.jpg	05976.jpg	shuffled	05976	05976
07380	07380	07380.jpg	17323.jpg	shuffled	17323	17323
07381	07381	07381.jpg	12754.jpg	shuffled	12754	12754
07382	07382	07382.jpg	12139.jpg	shuffled	12139	12139
07383	07383	07383.jpg	00910.jpg	shuffled	00910	00910
07384	07384	07384.jpg	07633.jpg	shuffled	07633	07633
07385	07385	07385.jpg	07339.jpg	shuffled	07339	07339
07386	07386	07386.jpg	10253.jpg	shuffled	10253	10253
07387	07387	07387.jpg	15775.jpg	shuffled	15775	15775
07388	07388	07388.jpg	09233.jpg	shuffled	09233	09233
07389	07389	07389.jpg	00932.jpg	shuffled	00932	00932
07390	07390	07390.jpg	03096.jpg	shuffled	03096	03096
07391	07391	07391.jpg	00146.jpg	shuffled	00146	00146
07392	07392	07392.jpg	13240.jpg	shuffled	13240	13240
07393	07393	07393.jpg	02423.jpg	shuffled	02423	02423
07394	07394	07394.jpg	17493.jpg	shuffled	17493	17493
07395	07395	07395.jpg	07578.jpg	shuffled	07578	07578
07396	07396	07396.jpg	08224.jpg	shuffled	08224	08224
07397	07397	07397.jpg	07332.jpg	shuffled	07332	07332
07398	07398	07398.jpg	14666.jpg	shuffled	14666	14666
07399	07399	07399.jpg	13317.jpg	shuffled	13317	13317
07400	07400	07400.jpg	14096.jpg	shuffled	14096	14096
07401	07401	07401.jpg	12719.jpg	shuffled	12719	12719
07402	07402	07402.jpg	08658.jpg	shuffled	08658	08658
07403	07403	07403.jpg	12229.jpg	shuffled	12229	12229
07404	07404	07404.jpg	07940.jpg	shuffled	07940	07940
07405	07405	07405.jpg	04223.jpg	shuffled	04223	04223
07406	07406	07406.jpg	14923.jpg	shuffled	14923	14923
07407	07407	07407.jpg	13165.jpg	shuffled	13165	13165
07408	07408	07408.jpg	17432.jpg	shuffled	17432	17432
07409	07409	07409.jpg	02361.jpg	shuffled	02361	02361
07410	07410	07410.jpg	12601.jpg	shuffled	12601	12601
07411	07411	07411.jpg	10444.jpg	shuffled	10444	10444
07412	07412	07412.jpg	06932.jpg	shuffled	06932	06932
07413	07413	07413.jpg	13751.jpg	shuffled	13751	13751
07414	07414	07414.jpg	00554.jpg	shuffled	00554	00554
07415	07415	07415.jpg	04848.jpg	shuffled	04848	04848
07416	07416	07416.jpg	02024.jpg	shuffled	02024	02024
07417	07417	07417.jpg	06386.jpg	shuffled	06386	06386
07418	07418	07418.jpg	08015.jpg	shuffled	08015	08015
07419	07419	07419.jpg	08351.jpg	shuffled	08351	08351
07420	07420	07420.jpg	11118.jpg	shuffled	11118	11118
07421	07421	07421.jpg	16797.jpg	shuffled	16797	16797
07422	07422	07422.jpg	16542.jpg	shuffled	16542	16542
07423	07423	07423.jpg	01917.jpg	shuffled	01917	01917
07424	07424	07424.jpg	08307.jpg	shuffled	08307	08307
07425	07425	07425.jpg	12346.jpg	shuffled	12346	12346
07426	07426	07426.jpg	17470.jpg	shuffled	17470	17470
07427	07427	07427.jpg	16563.jpg	shuffled	16563	16563
07428	07428	07428.jpg	09960.jpg	shuffled	09960	09960
07429	07429	07429.jpg	16832.jpg	shuffled	16832	16832
07430	07430	07430.jpg	02864.jpg	shuffled	02864	02864
07431	07431	07431.jpg	00754.jpg	shuffled	00754	00754
07432	07432	07432.jpg	11207.jpg	shuffled	11207	11207
07433	07433	07433.jpg	12336.jpg	shuffled	12336	12336
07434	07434	07434.jpg	01812.jpg	shuffled	01812	01812
07435	07435	07435.jpg	16418.jpg	shuffled	16418	16418
07436	07436	07436.jpg	00718.jpg	shuffled	00718	00718
07437	07437	07437.jpg	00534.jpg	shuffled	00534	00534
07438	07438	07438.jpg	06692.jpg	shuffled	06692	06692
07439	07439	07439.jpg	04389.jpg	shuffled	04389	04389
07440	07440	07440.jpg	02950.jpg	shuffled	02950	02950
07441	07441	07441.jpg	00324.jpg	shuffled	00324	00324
07442	07442	07442.jpg	03962.jpg	shuffled	03962	03962
07443	07443	07443.jpg	11078.jpg	shuffled	11078	11078
07444	07444	07444.jpg	05743.jpg	shuffled	05743	05743
07445	07445	07445.jpg	11170.jpg	shuffled	11170	11170
07446	07446	07446.jpg	09176.jpg	shuffled	09176	09176
07447	07447	07447.jpg	15442.jpg	shuffled	15442	15442
07448	07448	07448.jpg	15501.jpg	shuffled	15501	15501
07449	07449	07449.jpg	17553.jpg	shuffled	17553	17553
07450	07450	07450.jpg	04022.jpg	shuffled	04022	04022
07451	07451	07451.jpg	11151.jpg	shuffled	11151	11151
07452	07452	07452.jpg	15736.jpg	shuffled	15736	15736
07453	07453	07453.jpg	03946.jpg	shuffled	03946	03946
07454	07454	07454.jpg	09213.jpg	shuffled	09213	09213
07455	07455	07455.jpg	01314.jpg	shuffled	01314	01314
07456	07456	07456.jpg	13074.jpg	shuffled	13074	13074
07457	07457	07457.jpg	10035.jpg	shuffled	10035	10035
07458	07458	07458.jpg	02743.jpg	shuffled	02743	02743
07459	07459	07459.jpg	14382.jpg	shuffled	14382	14382
07460	07460	07460.jpg	08955.jpg	shuffled	08955	08955
07461	07461	07461.jpg	12583.jpg	shuffled	12583	12583
07462	07462	07462.jpg	05458.jpg	shuffled	05458	05458
07463	07463	07463.jpg	08853.jpg	shuffled	08853	08853
07464	07464	07464.jpg	03313.jpg	shuffled	03313	03313
07465	07465	07465.jpg	17222.jpg	shuffled	17222	17222
07466	07466	07466.jpg	10245.jpg	shuffled	10245	10245
07467	07467	07467.jpg	06108.jpg	shuffled	06108	06108
07468	07468	07468.jpg	03113.jpg	shuffled	03113	03113
07469	07469	07469.jpg	06997.jpg	shuffled	06997	06997
07470	07470	07470.jpg	04992.jpg	shuffled	04992	04992
07471	07471	07471.jpg	03605.jpg	shuffled	03605	03605
07472	07472	07472.jpg	14230.jpg	shuffled	14230	14230
07473	07473	07473.jpg	13676.jpg	shuffled	13676	13676
07474	07474	07474.jpg	04467.jpg	shuffled	04467	04467
07475	07475	07475.jpg	06738.jpg	shuffled	06738	06738
07476	07476	07476.jpg	00370.jpg	shuffled	00370	00370
07477	07477	07477.jpg	08393.jpg	shuffled	08393	08393
07478	07478	07478.jpg	11251.jpg	shuffled	11251	11251
07479	07479	07479.jpg	11837.jpg	shuffled	11837	11837
07480	07480	07480.jpg	05642.jpg	shuffled	05642	05642
07481	07481	07481.jpg	17662.jpg	shuffled	17662	17662
07482	07482	07482.jpg	05019.jpg	shuffled	05019	05019
07483	07483	07483.jpg	13144.jpg	shuffled	13144	13144
07484	07484	07484.jpg	16831.jpg	shuffled	16831	16831
07485	07485	07485.jpg	05105.jpg	shuffled	05105	05105
07486	07486	07486.jpg	11111.jpg	shuffled	11111	11111
07487	07487	07487.jpg	15196.jpg	shuffled	15196	15196
07488	07488	07488.jpg	05307.jpg	shuffled	05307	05307
07489	07489	07489.jpg	06207.jpg	shuffled	06207	06207
07490	07490	07490.jpg	11518.jpg	shuffled	11518	11518
07491	07491	07491.jpg	10514.jpg	shuffled	10514	10514
07492	07492	07492.jpg	14534.jpg	shuffled	14534	14534
07493	07493	07493.jpg	14726.jpg	shuffled	14726	14726
07494	07494	07494.jpg	13282.jpg	shuffled	13282	13282
07495	07495	07495.jpg	05079.jpg	shuffled	05079	05079
07496	07496	07496.jpg	14191.jpg	shuffled	14191	14191
07497	07497	07497.jpg	16285.jpg	shuffled	16285	16285
07498	07498	07498.jpg	10380.jpg	shuffled	10380	10380
07499	07499	07499.jpg	09230.jpg	shuffled	09230	09230
07500	07500	07500.jpg	12794.jpg	shuffled	12794	12794
07501	07501	07501.jpg	05805.jpg	shuffled	05805	05805
07502	07502	07502.jpg	01797.jpg	shuffled	01797	01797
07503	07503	07503.jpg	04586.jpg	shuffled	04586	04586
07504	07504	07504.jpg	05277.jpg	shuffled	05277	05277
07505	07505	07505.jpg	01923.jpg	shuffled	01923	01923
07506	07506	07506.jpg	05296.jpg	shuffled	05296	05296
07507	07507	07507.jpg	09043.jpg	shuffled	09043	09043
07508	07508	07508.jpg	04662.jpg	shuffled	04662	04662
07509	07509	07509.jpg	14454.jpg	shuffled	14454	14454
07510	07510	07510.jpg	17802.jpg	shuffled	17802	17802
07511	07511	07511.jpg	12622.jpg	shuffled	12622	12622
07512	07512	07512.jpg	11710.jpg	shuffled	11710	11710
07513	07513	07513.jpg	12862.jpg	shuffled	12862	12862
07514	07514	07514.jpg	01037.jpg	shuffled	01037	01037
07515	07515	07515.jpg	17661.jpg	shuffled	17661	17661
07516	07516	07516.jpg	00150.jpg	shuffled	00150	00150
07517	07517	07517.jpg	15451.jpg	shuffled	15451	15451
07518	07518	07518.jpg	10461.jpg	shuffled	10461	10461
07519	07519	07519.jpg	00252.jpg	shuffled	00252	00252
07520	07520	07520.jpg	15086.jpg	shuffled	15086	15086
07521	07521	07521.jpg	01817.jpg	shuffled	01817	01817
07522	07522	07522.jpg	07908.jpg	shuffled	07908	07908
07523	07523	07523.jpg	07497.jpg	shuffled	07497	07497
07524	07524	07524.jpg	15437.jpg	shuffled	15437	15437
07525	07525	07525.jpg	10859.jpg	shuffled	10859	10859
07526	07526	07526.jpg	15069.jpg	shuffled	15069	15069
07527	07527	07527.jpg	16928.jpg	shuffled	16928	16928
07528	07528	07528.jpg	04731.jpg	shuffled	04731	04731
07529	07529	07529.jpg	01805.jpg	shuffled	01805	01805
07530	07530	07530.jpg	14657.jpg	shuffled	14657	14657
07531	07531	07531.jpg	12373.jpg	shuffled	12373	12373
07532	07532	07532.jpg	08047.jpg	shuffled	08047	08047
07533	07533	07533.jpg	11676.jpg	shuffled	11676	11676
07534	07534	07534.jpg	16757.jpg	shuffled	16757	16757
07535	07535	07535.jpg	07300.jpg	shuffled	07300	07300
07536	07536	07536.jpg	13145.jpg	shuffled	13145	13145
07537	07537	07537.jpg	00664.jpg	shuffled	00664	00664
07538	07538	07538.jpg	14266.jpg	shuffled	14266	14266
07539	07539	07539.jpg	09398.jpg	shuffled	09398	09398
07540	07540	07540.jpg	00383.jpg	shuffled	00383	00383
07541	07541	07541.jpg	03451.jpg	shuffled	03451	03451
07542	07542	07542.jpg	17657.jpg	shuffled	17657	17657
07543	07543	07543.jpg	11746.jpg	shuffled	11746	11746
07544	07544	07544.jpg	12990.jpg	shuffled	12990	12990
07545	07545	07545.jpg	14113.jpg	shuffled	14113	14113
07546	07546	07546.jpg	02664.jpg	shuffled	02664	02664
07547	07547	07547.jpg	09617.jpg	shuffled	09617	09617
07548	07548	07548.jpg	10709.jpg	shuffled	10709	10709
07549	07549	07549.jpg	17725.jpg	shuffled	17725	17725
07550	07550	07550.jpg	03666.jpg	shuffled	03666	03666
07551	07551	07551.jpg	17678.jpg	shuffled	17678	17678
07552	07552	07552.jpg	10136.jpg	shuffled	10136	10136
07553	07553	07553.jpg	04985.jpg	shuffled	04985	04985
07554	07554	07554.jpg	12780.jpg	shuffled	12780	12780
07555	07555	07555.jpg	09196.jpg	shuffled	09196	09196
07556	07556	07556.jpg	00669.jpg	shuffled	00669	00669
07557	07557	07557.jpg	04934.jpg	shuffled	04934	04934
07558	07558	07558.jpg	08341.jpg	shuffled	08341	08341
07559	07559	07559.jpg	17671.jpg	shuffled	17671	17671
07560	07560	07560.jpg	12350.jpg	shuffled	12350	12350
07561	07561	07561.jpg	09232.jpg	shuffled	09232	09232
07562	07562	07562.jpg	02804.jpg	shuffled	02804	02804
07563	07563	07563.jpg	10033.jpg	shuffled	10033	10033
07564	07564	07564.jpg	13975.jpg	shuffled	13975	13975
07565	07565	07565.jpg	10530.jpg	shuffled	10530	10530
07566	07566	07566.jpg	07846.jpg	shuffled	07846	07846
07567	07567	07567.jpg	00557.jpg	shuffled	00557	00557
07568	07568	07568.jpg	05739.jpg	shuffled	05739	05739
07569	07569	07569.jpg	11315.jpg	shuffled	11315	11315
07570	07570	07570.jpg	06124.jpg	shuffled	06124	06124
07571	07571	07571.jpg	15352.jpg	shuffled	15352	15352
07572	07572	07572.jpg	15084.jpg	shuffled	15084	15084
07573	07573	07573.jpg	09620.jpg	shuffled	09620	09620
07574	07574	07574.jpg	09876.jpg	shuffled	09876	09876
07575	07575	07575.jpg	17473.jpg	shuffled	17473	17473
07576	07576	07576.jpg	15715.jpg	shuffled	15715	15715
07577	07577	07577.jpg	10243.jpg	shuffled	10243	10243
07578	07578	07578.jpg	17695.jpg	shuffled	17695	17695
07579	07579	07579.jpg	06286.jpg	shuffled	06286	06286
07580	07580	07580.jpg	11575.jpg	shuffled	11575	11575
07581	07581	07581.jpg	07595.jpg	shuffled	07595	07595
07582	07582	07582.jpg	17710.jpg	shuffled	17710	17710
07583	07583	07583.jpg	04907.jpg	shuffled	04907	04907
07584	07584	07584.jpg	09167.jpg	shuffled	09167	09167
07585	07585	07585.jpg	00707.jpg	shuffled	00707	00707
07586	07586	07586.jpg	05942.jpg	shuffled	05942	05942
07587	07587	07587.jpg	10790.jpg	shuffled	10790	10790
07588	07588	07588.jpg	16444.jpg	shuffled	16444	16444
07589	07589	07589.jpg	09935.jpg	shuffled	09935	09935
07590	07590	07590.jpg	04905.jpg	shuffled	04905	04905
07591	07591	07591.jpg	01076.jpg	shuffled	01076	01076
07592	07592	07592.jpg	10099.jpg	shuffled	10099	10099
07593	07593	07593.jpg	08536.jpg	shuffled	08536	08536
07594	07594	07594.jpg	07937.jpg	shuffled	07937	07937
07595	07595	07595.jpg	11783.jpg	shuffled	11783	11783
07596	07596	07596.jpg	13421.jpg	shuffled	13421	13421
07597	07597	07597.jpg	12946.jpg	shuffled	12946	12946
07598	07598	07598.jpg	15402.jpg	shuffled	15402	15402
07599	07599	07599.jpg	03211.jpg	shuffled	03211	03211
07600	07600	07600.jpg	08405.jpg	shuffled	08405	08405
07601	07601	07601.jpg	06968.jpg	shuffled	06968	06968
07602	07602	07602.jpg	13344.jpg	shuffled	13344	13344
07603	07603	07603.jpg	03317.jpg	shuffled	03317	03317
07604	07604	07604.jpg	13492.jpg	shuffled	13492	13492
07605	07605	07605.jpg	00507.jpg	shuffled	00507	00507
07606	07606	07606.jpg	09793.jpg	shuffled	09793	09793
07607	07607	07607.jpg	14497.jpg	shuffled	14497	14497
07608	07608	07608.jpg	09861.jpg	shuffled	09861	09861
07609	07609	07609.jpg	16396.jpg	shuffled	16396	16396
07610	07610	07610.jpg	09436.jpg	shuffled	09436	09436
07611	07611	07611.jpg	00698.jpg	shuffled	00698	00698
07612	07612	07612.jpg	08248.jpg	shuffled	08248	08248
07613	07613	07613.jpg	03642.jpg	shuffled	03642	03642
07614	07614	07614.jpg	07540.jpg	shuffled	07540	07540
07615	07615	07615.jpg	06699.jpg	shuffled	06699	06699
07616	07616	07616.jpg	03823.jpg	shuffled	03823	03823
07617	07617	07617.jpg	01020.jpg	shuffled	01020	01020
07618	07618	07618.jpg	16765.jpg	shuffled	16765	16765
07619	07619	07619.jpg	10578.jpg	shuffled	10578	10578
07620	07620	07620.jpg	08364.jpg	shuffled	08364	08364
07621	07621	07621.jpg	03803.jpg	shuffled	03803	03803
07622	07622	07622.jpg	08696.jpg	shuffled	08696	08696
07623	07623	07623.jpg	01360.jpg	shuffled	01360	01360
07624	07624	07624.jpg	13772.jpg	shuffled	13772	13772
07625	07625	07625.jpg	07747.jpg	shuffled	07747	07747
07626	07626	07626.jpg	11174.jpg	shuffled	11174	11174
07627	07627	07627.jpg	01094.jpg	shuffled	01094	01094
07628	07628	07628.jpg	11495.jpg	shuffled	11495	11495
07629	07629	07629.jpg	09342.jpg	shuffled	09342	09342
07630	07630	07630.jpg	00293.jpg	shuffled	00293	00293
07631	07631	07631.jpg	04749.jpg	shuffled	04749	04749
07632	07632	07632.jpg	16172.jpg	shuffled	16172	16172
07633	07633	07633.jpg	17870.jpg	shuffled	17870	17870
07634	07634	07634.jpg	09102.jpg	shuffled	09102	09102
07635	07635	07635.jpg	12295.jpg	shuffled	12295	12295
07636	07636	07636.jpg	17497.jpg	shuffled	17497	17497
07637	07637	07637.jpg	07926.jpg	shuffled	07926	07926
07638	07638	07638.jpg	10786.jpg	shuffled	10786	10786
07639	07639	07639.jpg	14049.jpg	shuffled	14049	14049
07640	07640	07640.jpg	16676.jpg	shuffled	16676	16676
07641	07641	07641.jpg	06123.jpg	shuffled	06123	06123
07642	07642	07642.jpg	01298.jpg	shuffled	01298	01298
07643	07643	07643.jpg	04162.jpg	shuffled	04162	04162
07644	07644	07644.jpg	14355.jpg	shuffled	14355	14355
07645	07645	07645.jpg	15424.jpg	shuffled	15424	15424
07646	07646	07646.jpg	15705.jpg	shuffled	15705	15705
07647	07647	07647.jpg	03638.jpg	shuffled	03638	03638
07648	07648	07648.jpg	00339.jpg	shuffled	00339	00339
07649	07649	07649.jpg	05657.jpg	shuffled	05657	05657
07650	07650	07650.jpg	03084.jpg	shuffled	03084	03084
07651	07651	07651.jpg	14839.jpg	shuffled	14839	14839
07652	07652	07652.jpg	15251.jpg	shuffled	15251	15251
07653	07653	07653.jpg	11213.jpg	shuffled	11213	11213
07654	07654	07654.jpg	10397.jpg	shuffled	10397	10397
07655	07655	07655.jpg	15379.jpg	shuffled	15379	15379
07656	07656	07656.jpg	04438.jpg	shuffled	04438	04438
07657	07657	07657.jpg	10711.jpg	shuffled	10711	10711
07658	07658	07658.jpg	04012.jpg	shuffled	04012	04012
07659	07659	07659.jpg	10395.jpg	shuffled	10395	10395
07660	07660	07660.jpg	10873.jpg	shuffled	10873	10873
07661	07661	07661.jpg	07380.jpg	shuffled	07380	07380
07662	07662	07662.jpg	03053.jpg	shuffled	03053	03053
07663	07663	07663.jpg	07933.jpg	shuffled	07933	07933
07664	07664	07664.jpg	05510.jpg	shuffled	05510	05510
07665	07665	07665.jpg	16961.jpg	shuffled	16961	16961
07666	07666	07666.jpg	11708.jpg	shuffled	11708	11708
07667	07667	07667.jpg	03101.jpg	shuffled	03101	03101
07668	07668	07668.jpg	02274.jpg	shuffled	02274	02274
07669	07669	07669.jpg	12888.jpg	shuffled	12888	12888
07670	07670	07670.jpg	07330.jpg	shuffled	07330	07330
07671	07671	07671.jpg	08576.jpg	shuffled	08576	08576
07672	07672	07672.jpg	07741.jpg	shuffled	07741	07741
07673	07673	07673.jpg	13706.jpg	shuffled	13706	13706
07674	07674	07674.jpg	02033.jpg	shuffled	02033	02033
07675	07675	07675.jpg	04981.jpg	shuffled	04981	04981
07676	07676	07676.jpg	09403.jpg	shuffled	09403	09403
07677	07677	07677.jpg	16252.jpg	shuffled	16252	16252
07678	07678	07678.jpg	17925.jpg	shuffled	17925	17925
07679	07679	07679.jpg	14221.jpg	shuffled	14221	14221
07680	07680	07680.jpg	07999.jpg	shuffled	07999	07999
07681	07681	07681.jpg	16431.jpg	shuffled	16431	16431
07682	07682	07682.jpg	08523.jpg	shuffled	08523	08523
07683	07683	07683.jpg	00002.jpg	shuffled	00002	00002
07684	07684	07684.jpg	15381.jpg	shuffled	15381	15381
07685	07685	07685.jpg	09231.jpg	shuffled	09231	09231
07686	07686	07686.jpg	06590.jpg	shuffled	06590	06590
07687	07687	07687.jpg	12860.jpg	shuffled	12860	12860
07688	07688	07688.jpg	10648.jpg	shuffled	10648	10648
07689	07689	07689.jpg	13623.jpg	shuffled	13623	13623
07690	07690	07690.jpg	14357.jpg	shuffled	14357	14357
07691	07691	07691.jpg	04708.jpg	shuffled	04708	04708
07692	07692	07692.jpg	05479.jpg	shuffled	05479	05479
07693	07693	07693.jpg	07220.jpg	shuffled	07220	07220
07694	07694	07694.jpg	15125.jpg	shuffled	15125	15125
07695	07695	07695.jpg	17851.jpg	shuffled	17851	17851
07696	07696	07696.jpg	07331.jpg	shuffled	07331	07331
07697	07697	07697.jpg	06178.jpg	shuffled	06178	06178
07698	07698	07698.jpg	13945.jpg	shuffled	13945	13945
07699	07699	07699.jpg	15528.jpg	shuffled	15528	15528
07700	07700	07700.jpg	03130.jpg	shuffled	03130	03130
07701	07701	07701.jpg	00221.jpg	shuffled	00221	00221
07702	07702	07702.jpg	02019.jpg	shuffled	02019	02019
07703	07703	07703.jpg	01330.jpg	shuffled	01330	01330
07704	07704	07704.jpg	07746.jpg	shuffled	07746	07746
07705	07705	07705.jpg	05931.jpg	shuffled	05931	05931
07706	07706	07706.jpg	03690.jpg	shuffled	03690	03690
07707	07707	07707.jpg	00768.jpg	shuffled	00768	00768
07708	07708	07708.jpg	17605.jpg	shuffled	17605	17605
07709	07709	07709.jpg	02710.jpg	shuffled	02710	02710
07710	07710	07710.jpg	16012.jpg	shuffled	16012	16012
07711	07711	07711.jpg	17771.jpg	shuffled	17771	17771
07712	07712	07712.jpg	04926.jpg	shuffled	04926	04926
07713	07713	07713.jpg	15535.jpg	shuffled	15535	15535
07714	07714	07714.jpg	15154.jpg	shuffled	15154	15154
07715	07715	07715.jpg	12797.jpg	shuffled	12797	12797
07716	07716	07716.jpg	13929.jpg	shuffled	13929	13929
07717	07717	07717.jpg	12516.jpg	shuffled	12516	12516
07718	07718	07718.jpg	10832.jpg	shuffled	10832	10832
07719	07719	07719.jpg	10361.jpg	shuffled	10361	10361
07720	07720	07720.jpg	03473.jpg	shuffled	03473	03473
07721	07721	07721.jpg	12832.jpg	shuffled	12832	12832
07722	07722	07722.jpg	06823.jpg	shuffled	06823	06823
07723	07723	07723.jpg	07259.jpg	shuffled	07259	07259
07724	07724	07724.jpg	06088.jpg	shuffled	06088	06088
07725	07725	07725.jpg	16362.jpg	shuffled	16362	16362
07726	07726	07726.jpg	01742.jpg	shuffled	01742	01742
07727	07727	07727.jpg	03800.jpg	shuffled	03800	03800
07728	07728	07728.jpg	10423.jpg	shuffled	10423	10423
07729	07729	07729.jpg	16473.jpg	shuffled	16473	16473
07730	07730	07730.jpg	10077.jpg	shuffled	10077	10077
07731	07731	07731.jpg	02561.jpg	shuffled	02561	02561
07732	07732	07732.jpg	17095.jpg	shuffled	17095	17095
07733	07733	07733.jpg	00616.jpg	shuffled	00616	00616
07734	07734	07734.jpg	13407.jpg	shuffled	13407	13407
07735	07735	07735.jpg	04789.jpg	shuffled	04789	04789
07736	07736	07736.jpg	04285.jpg	shuffled	04285	04285
07737	07737	07737.jpg	11131.jpg	shuffled	11131	11131
07738	07738	07738.jpg	17468.jpg	shuffled	17468	17468
07739	07739	07739.jpg	08779.jpg	shuffled	08779	08779
07740	07740	07740.jpg	16292.jpg	shuffled	16292	16292
07741	07741	07741.jpg	03872.jpg	shuffled	03872	03872
07742	07742	07742.jpg	10617.jpg	shuffled	10617	10617
07743	07743	07743.jpg	01485.jpg	shuffled	01485	01485
07744	07744	07744.jpg	00323.jpg	shuffled	00323	00323
07745	07745	07745.jpg	05554.jpg	shuffled	05554	05554
07746	07746	07746.jpg	14667.jpg	shuffled	14667	14667
07747	07747	07747.jpg	07693.jpg	shuffled	07693	07693
07748	07748	07748.jpg	09442.jpg	shuffled	09442	09442
07749	07749	07749.jpg	14644.jpg	shuffled	14644	14644
07750	07750	07750.jpg	12077.jpg	shuffled	12077	12077
07751	07751	07751.jpg	14993.jpg	shuffled	14993	14993
07752	07752	07752.jpg	11901.jpg	shuffled	11901	11901
07753	07753	07753.jpg	15128.jpg	shuffled	15128	15128
07754	07754	07754.jpg	13110.jpg	shuffled	13110	13110
07755	07755	07755.jpg	03274.jpg	shuffled	03274	03274
07756	07756	07756.jpg	12387.jpg	shuffled	12387	12387
07757	07757	07757.jpg	09285.jpg	shuffled	09285	09285
07758	07758	07758.jpg	07744.jpg	shuffled	07744	07744
07759	07759	07759.jpg	05633.jpg	shuffled	05633	05633
07760	07760	07760.jpg	11661.jpg	shuffled	11661	11661
07761	07761	07761.jpg	04055.jpg	shuffled	04055	04055
07762	07762	07762.jpg	04424.jpg	shuffled	04424	04424
07763	07763	07763.jpg	10470.jpg	shuffled	10470	10470
07764	07764	07764.jpg	06620.jpg	shuffled	06620	06620
07765	07765	07765.jpg	15601.jpg	shuffled	15601	15601
07766	07766	07766.jpg	05977.jpg	shuffled	05977	05977
07767	07767	07767.jpg	14264.jpg	shuffled	14264	14264
07768	07768	07768.jpg	03613.jpg	shuffled	03613	03613
07769	07769	07769.jpg	17724.jpg	shuffled	17724	17724
07770	07770	07770.jpg	13742.jpg	shuffled	13742	13742
07771	07771	07771.jpg	00961.jpg	shuffled	00961	00961
07772	07772	07772.jpg	15120.jpg	shuffled	15120	15120
07773	07773	07773.jpg	17653.jpg	shuffled	17653	17653
07774	07774	07774.jpg	07198.jpg	shuffled	07198	07198
07775	07775	07775.jpg	10252.jpg	shuffled	10252	10252
07776	07776	07776.jpg	02332.jpg	shuffled	02332	02332
07777	07777	07777.jpg	17047.jpg	shuffled	17047	17047
07778	07778	07778.jpg	17386.jpg	shuffled	17386	17386
07779	07779	07779.jpg	14391.jpg	shuffled	14391	14391
07780	07780	07780.jpg	03756.jpg	shuffled	03756	03756
07781	07781	07781.jpg	05787.jpg	shuffled	05787	05787
07782	07782	07782.jpg	11796.jpg	shuffled	11796	11796
07783	07783	07783.jpg	09478.jpg	shuffled	09478	09478
07784	07784	07784.jpg	09845.jpg	shuffled	09845	09845
07785	07785	07785.jpg	01065.jpg	shuffled	01065	01065
07786	07786	07786.jpg	10788.jpg	shuffled	10788	10788
07787	07787	07787.jpg	11882.jpg	shuffled	11882	11882
07788	07788	07788.jpg	10430.jpg	shuffled	10430	10430
07789	07789	07789.jpg	12439.jpg	shuffled	12439	12439
07790	07790	07790.jpg	02441.jpg	shuffled	02441	02441
07791	07791	07791.jpg	03724.jpg	shuffled	03724	03724
07792	07792	07792.jpg	12234.jpg	shuffled	12234	12234
07793	07793	07793.jpg	11642.jpg	shuffled	11642	11642
07794	07794	07794.jpg	14417.jpg	shuffled	14417	14417
07795	07795	07795.jpg	08462.jpg	shuffled	08462	08462
07796	07796	07796.jpg	08323.jpg	shuffled	08323	08323
07797	07797	07797.jpg	16599.jpg	shuffled	16599	16599
07798	07798	07798.jpg	14238.jpg	shuffled	14238	14238
07799	07799	07799.jpg	09530.jpg	shuffled	09530	09530
07800	07800	07800.jpg	07017.jpg	shuffled	07017	07017
07801	07801	07801.jpg	02740.jpg	shuffled	02740	02740
07802	07802	07802.jpg	10660.jpg	shuffled	10660	10660
07803	07803	07803.jpg	05715.jpg	shuffled	05715	05715
07804	07804	07804.jpg	10495.jpg	shuffled	10495	10495
07805	07805	07805.jpg	07150.jpg	shuffled	07150	07150
07806	07806	07806.jpg	06111.jpg	shuffled	06111	06111
07807	07807	07807.jpg	03116.jpg	shuffled	03116	03116
07808	07808	07808.jpg	02647.jpg	shuffled	02647	02647
07809	07809	07809.jpg	01993.jpg	shuffled	01993	01993
07810	07810	07810.jpg	12897.jpg	shuffled	12897	12897
07811	07811	07811.jpg	09393.jpg	shuffled	09393	09393
07812	07812	07812.jpg	12658.jpg	shuffled	12658	12658
07813	07813	07813.jpg	13034.jpg	shuffled	13034	13034
07814	07814	07814.jpg	15043.jpg	shuffled	15043	15043
07815	07815	07815.jpg	16025.jpg	shuffled	16025	16025
07816	07816	07816.jpg	05086.jpg	shuffled	05086	05086
07817	07817	07817.jpg	11959.jpg	shuffled	11959	11959
07818	07818	07818.jpg	00362.jpg	shuffled	00362	00362
07819	07819	07819.jpg	02010.jpg	shuffled	02010	02010
07820	07820	07820.jpg	07094.jpg	shuffled	07094	07094
07821	07821	07821.jpg	12210.jpg	shuffled	12210	12210
07822	07822	07822.jpg	02324.jpg	shuffled	02324	02324
07823	07823	07823.jpg	10787.jpg	shuffled	10787	10787
07824	07824	07824.jpg	08092.jpg	shuffled	08092	08092
07825	07825	07825.jpg	01534.jpg	shuffled	01534	01534
07826	07826	07826.jpg	05590.jpg	shuffled	05590	05590
07827	07827	07827.jpg	02545.jpg	shuffled	02545	02545
07828	07828	07828.jpg	16738.jpg	shuffled	16738	16738
07829	07829	07829.jpg	05783.jpg	shuffled	05783	05783
07830	07830	07830.jpg	05880.jpg	shuffled	05880	05880
07831	07831	07831.jpg	00860.jpg	shuffled	00860	00860
07832	07832	07832.jpg	01209.jpg	shuffled	01209	01209
07833	07833	07833.jpg	00454.jpg	shuffled	00454	00454
07834	07834	07834.jpg	10760.jpg	shuffled	10760	10760
07835	07835	07835.jpg	00510.jpg	shuffled	00510	00510
07836	07836	07836.jpg	00425.jpg	shuffled	00425	00425
07837	07837	07837.jpg	02238.jpg	shuffled	02238	02238
07838	07838	07838.jpg	17740.jpg	shuffled	17740	17740
07839	07839	07839.jpg	07244.jpg	shuffled	07244	07244
07840	07840	07840.jpg	12321.jpg	shuffled	12321	12321
07841	07841	07841.jpg	05944.jpg	shuffled	05944	05944
07842	07842	07842.jpg	02637.jpg	shuffled	02637	02637
07843	07843	07843.jpg	09183.jpg	shuffled	09183	09183
07844	07844	07844.jpg	17959.jpg	shuffled	17959	17959
07845	07845	07845.jpg	13702.jpg	shuffled	13702	13702
07846	07846	07846.jpg	08900.jpg	shuffled	08900	08900
07847	07847	07847.jpg	03693.jpg	shuffled	03693	03693
07848	07848	07848.jpg	14107.jpg	shuffled	14107	14107
07849	07849	07849.jpg	10780.jpg	shuffled	10780	10780
07850	07850	07850.jpg	08070.jpg	shuffled	08070	08070
07851	07851	07851.jpg	13598.jpg	shuffled	13598	13598
07852	07852	07852.jpg	00634.jpg	shuffled	00634	00634
07853	07853	07853.jpg	14740.jpg	shuffled	14740	14740
07854	07854	07854.jpg	09909.jpg	shuffled	09909	09909
07855	07855	07855.jpg	10456.jpg	shuffled	10456	10456
07856	07856	07856.jpg	04480.jpg	shuffled	04480	04480
07857	07857	07857.jpg	07998.jpg	shuffled	07998	07998
07858	07858	07858.jpg	11585.jpg	shuffled	11585	11585
07859	07859	07859.jpg	14788.jpg	shuffled	14788	14788
07860	07860	07860.jpg	03897.jpg	shuffled	03897	03897
07861	07861	07861.jpg	07894.jpg	shuffled	07894	07894
07862	07862	07862.jpg	08583.jpg	shuffled	08583	08583
07863	07863	07863.jpg	09595.jpg	shuffled	09595	09595
07864	07864	07864.jpg	02280.jpg	shuffled	02280	02280
07865	07865	07865.jpg	16851.jpg	shuffled	16851	16851
07866	07866	07866.jpg	12574.jpg	shuffled	12574	12574
07867	07867	07867.jpg	12537.jpg	shuffled	12537	12537
07868	07868	07868.jpg	12737.jpg	shuffled	12737	12737
07869	07869	07869.jpg	12021.jpg	shuffled	12021	12021
07870	07870	07870.jpg	09044.jpg	shuffled	09044	09044
07871	07871	07871.jpg	14000.jpg	shuffled	14000	14000
07872	07872	07872.jpg	01506.jpg	shuffled	01506	01506
07873	07873	07873.jpg	08830.jpg	shuffled	08830	08830
07874	07874	07874.jpg	03953.jpg	shuffled	03953	03953
07875	07875	07875.jpg	16201.jpg	shuffled	16201	16201
07876	07876	07876.jpg	17439.jpg	shuffled	17439	17439
07877	07877	07877.jpg	07391.jpg	shuffled	07391	07391
07878	07878	07878.jpg	09365.jpg	shuffled	09365	09365
07879	07879	07879.jpg	14248.jpg	shuffled	14248	14248
07880	07880	07880.jpg	05253.jpg	shuffled	05253	05253
07881	07881	07881.jpg	06670.jpg	shuffled	06670	06670
07882	07882	07882.jpg	08857.jpg	shuffled	08857	08857
07883	07883	07883.jpg	08628.jpg	shuffled	08628	08628
07884	07884	07884.jpg	12035.jpg	shuffled	12035	12035
07885	07885	07885.jpg	16997.jpg	shuffled	16997	16997
07886	07886	07886.jpg	16142.jpg	shuffled	16142	16142
07887	07887	07887.jpg	08933.jpg	shuffled	08933	08933
07888	07888	07888.jpg	12394.jpg	shuffled	12394	12394
07889	07889	07889.jpg	16015.jpg	shuffled	16015	16015
07890	07890	07890.jpg	16626.jpg	shuffled	16626	16626
07891	07891	07891.jpg	07197.jpg	shuffled	07197	07197
07892	07892	07892.jpg	17247.jpg	shuffled	17247	17247
07893	07893	07893.jpg	12530.jpg	shuffled	12530	12530
07894	07894	07894.jpg	02814.jpg	shuffled	02814	02814
07895	07895	07895.jpg	03640.jpg	shuffled	03640	03640
07896	07896	07896.jpg	13531.jpg	shuffled	13531	13531
07897	07897	07897.jpg	01740.jpg	shuffled	01740	01740
07898	07898	07898.jpg	14470.jpg	shuffled	14470	14470
07899	07899	07899.jpg	16461.jpg	shuffled	16461	16461
07900	07900	07900.jpg	15044.jpg	shuffled	15044	15044
07901	07901	07901.jpg	01126.jpg	shuffled	01126	01126
07902	07902	07902.jpg	11311.jpg	shuffled	11311	11311
07903	07903	07903.jpg	08441.jpg	shuffled	08441	08441
07904	07904	07904.jpg	03236.jpg	shuffled	03236	03236
07905	07905	07905.jpg	12420.jpg	shuffled	12420	12420
07906	07906	07906.jpg	04010.jpg	shuffled	04010	04010
07907	07907	07907.jpg	04824.jpg	shuffled	04824	04824
07908	07908	07908.jpg	07902.jpg	shuffled	07902	07902
07909	07909	07909.jpg	13314.jpg	shuffled	13314	13314
07910	07910	07910.jpg	13776.jpg	shuffled	13776	13776
07911	07911	07911.jpg	15585.jpg	shuffled	15585	15585
07912	07912	07912.jpg	10570.jpg	shuffled	10570	10570
07913	07913	07913.jpg	11281.jpg	shuffled	11281	11281
07914	07914	07914.jpg	12487.jpg	shuffled	12487	12487
07915	07915	07915.jpg	06328.jpg	shuffled	06328	06328
07916	07916	07916.jpg	06276.jpg	shuffled	06276	06276
07917	07917	07917.jpg	02484.jpg	shuffled	02484	02484
07918	07918	07918.jpg	15974.jpg	shuffled	15974	15974
07919	07919	07919.jpg	07401.jpg	shuffled	07401	07401
07920	07920	07920.jpg	08336.jpg	shuffled	08336	08336
07921	07921	07921.jpg	04803.jpg	shuffled	04803	04803
07922	07922	07922.jpg	08466.jpg	shuffled	08466	08466
07923	07923	07923.jpg	10657.jpg	shuffled	10657	10657
07924	07924	07924.jpg	16884.jpg	shuffled	16884	16884
07925	07925	07925.jpg	08138.jpg	shuffled	08138	08138
07926	07926	07926.jpg	07687.jpg	shuffled	07687	07687
07927	07927	07927.jpg	08294.jpg	shuffled	08294	08294
07928	07928	07928.jpg	16515.jpg	shuffled	16515	16515
07929	07929	07929.jpg	12413.jpg	shuffled	12413	12413
07930	07930	07930.jpg	14349.jpg	shuffled	14349	14349
07931	07931	07931.jpg	02432.jpg	shuffled	02432	02432
07932	07932	07932.jpg	04217.jpg	shuffled	04217	04217
07933	07933	07933.jpg	11528.jpg	shuffled	11528	11528
07934	07934	07934.jpg	17530.jpg	shuffled	17530	17530
07935	07935	07935.jpg	08711.jpg	shuffled	08711	08711
07936	07936	07936.jpg	00897.jpg	shuffled	00897	00897
07937	07937	07937.jpg	15169.jpg	shuffled	15169	15169
07938	07938	07938.jpg	00430.jpg	shuffled	00430	00430
07939	07939	07939.jpg	00758.jpg	shuffled	00758	00758
07940	07940	07940.jpg	12243.jpg	shuffled	12243	12243
07941	07941	07941.jpg	00922.jpg	shuffled	00922	00922
07942	07942	07942.jpg	12835.jpg	shuffled	12835	12835
07943	07943	07943.jpg	05928.jpg	shuffled	05928	05928
07944	07944	07944.jpg	13376.jpg	shuffled	13376	13376
07945	07945	07945.jpg	16712.jpg	shuffled	16712	16712
07946	07946	07946.jpg	17521.jpg	shuffled	17521	17521
07947	07947	07947.jpg	10066.jpg	shuffled	10066	10066
07948	07948	07948.jpg	02449.jpg	shuffled	02449	02449
07949	07949	07949.jpg	00728.jpg	shuffled	00728	00728
07950	07950	07950.jpg	01952.jpg	shuffled	01952	01952
07951	07951	07951.jpg	00839.jpg	shuffled	00839	00839
07952	07952	07952.jpg	00742.jpg	shuffled	00742	00742
07953	07953	07953.jpg	16105.jpg	shuffled	16105	16105
07954	07954	07954.jpg	02348.jpg	shuffled	02348	02348
07955	07955	07955.jpg	17836.jpg	shuffled	17836	17836
07956	07956	07956.jpg	14437.jpg	shuffled	14437	14437
07957	07957	07957.jpg	07006.jpg	shuffled	07006	07006
07958	07958	07958.jpg	08513.jpg	shuffled	08513	08513
07959	07959	07959.jpg	11460.jpg	shuffled	11460	11460
07960	07960	07960.jpg	04871.jpg	shuffled	04871	04871
07961	07961	07961.jpg	11640.jpg	shuffled	11640	11640
07962	07962	07962.jpg	13394.jpg	shuffled	13394	13394
07963	07963	07963.jpg	07503.jpg	shuffled	07503	07503
07964	07964	07964.jpg	11091.jpg	shuffled	11091	11091
07965	07965	07965.jpg	08370.jpg	shuffled	08370	08370
07966	07966	07966.jpg	08221.jpg	shuffled	08221	08221
07967	07967	07967.jpg	03621.jpg	shuffled	03621	03621
07968	07968	07968.jpg	02373.jpg	shuffled	02373	02373
07969	07969	07969.jpg	14532.jpg	shuffled	14532	14532
07970	07970	07970.jpg	01508.jpg	shuffled	01508	01508
07971	07971	07971.jpg	14647.jpg	shuffled	14647	14647
07972	07972	07972.jpg	08737.jpg	shuffled	08737	08737
07973	07973	07973.jpg	13755.jpg	shuffled	13755	13755
07974	07974	07974.jpg	08362.jpg	shuffled	08362	08362
07975	07975	07975.jpg	06407.jpg	shuffled	06407	06407
07976	07976	07976.jpg	07000.jpg	shuffled	07000	07000
07977	07977	07977.jpg	17032.jpg	shuffled	17032	17032
07978	07978	07978.jpg	17985.jpg	shuffled	17985	17985
07979	07979	07979.jpg	17185.jpg	shuffled	17185	17185
07980	07980	07980.jpg	17269.jpg	shuffled	17269	17269
07981	07981	07981.jpg	06551.jpg	shuffled	06551	06551
07982	07982	07982.jpg	07413.jpg	shuffled	07413	07413
07983	07983	07983.jpg	08112.jpg	shuffled	08112	08112
07984	07984	07984.jpg	07329.jpg	shuffled	07329	07329
07985	07985	07985.jpg	10154.jpg	shuffled	10154	10154
07986	07986	07986.jpg	15427.jpg	shuffled	15427	15427
07987	07987	07987.jpg	14563.jpg	shuffled	14563	14563
07988	07988	07988.jpg	16625.jpg	shuffled	16625	16625
07989	07989	07989.jpg	01870.jpg	shuffled	01870	01870
07990	07990	07990.jpg	13231.jpg	shuffled	13231	13231
07991	07991	07991.jpg	01739.jpg	shuffled	01739	01739
07992	07992	07992.jpg	00231.jpg	shuffled	00231	00231
07993	07993	07993.jpg	05373.jpg	shuffled	05373	05373
07994	07994	07994.jpg	12255.jpg	shuffled	12255	12255
07995	07995	07995.jpg	16672.jpg	shuffled	16672	16672
07996	07996	07996.jpg	01008.jpg	shuffled	01008	01008
07997	07997	07997.jpg	15448.jpg	shuffled	15448	15448
07998	07998	07998.jpg	13867.jpg	shuffled	13867	13867
07999	07999	07999.jpg	06371.jpg	shuffled	06371	06371
08000	08000	08000.jpg	13162.jpg	shuffled	13162	13162
08001	08001	08001.jpg	11736.jpg	shuffled	11736	11736
08002	08002	08002.jpg	08150.jpg	shuffled	08150	08150
08003	08003	08003.jpg	12619.jpg	shuffled	12619	12619
08004	08004	08004.jpg	17900.jpg	shuffled	17900	17900
08005	08005	08005.jpg	06704.jpg	shuffled	06704	06704
08006	08006	08006.jpg	14265.jpg	shuffled	14265	14265
08007	08007	08007.jpg	05146.jpg	shuffled	05146	05146
08008	08008	08008.jpg	09316.jpg	shuffled	09316	09316
08009	08009	08009.jpg	10919.jpg	shuffled	10919	10919
08010	08010	08010.jpg	13405.jpg	shuffled	13405	13405
08011	08011	08011.jpg	07167.jpg	shuffled	07167	07167
08012	08012	08012.jpg	05705.jpg	shuffled	05705	05705
08013	08013	08013.jpg	02511.jpg	shuffled	02511	02511
08014	08014	08014.jpg	02596.jpg	shuffled	02596	02596
08015	08015	08015.jpg	07510.jpg	shuffled	07510	07510
08016	08016	08016.jpg	03930.jpg	shuffled	03930	03930
08017	08017	08017.jpg	17009.jpg	shuffled	17009	17009
08018	08018	08018.jpg	06742.jpg	shuffled	06742	06742
08019	08019	08019.jpg	06760.jpg	shuffled	06760	06760
08020	08020	08020.jpg	07743.jpg	shuffled	07743	07743
08021	08021	08021.jpg	02409.jpg	shuffled	02409	02409
08022	08022	08022.jpg	12705.jpg	shuffled	12705	12705
08023	08023	08023.jpg	13427.jpg	shuffled	13427	13427
08024	08024	08024.jpg	04668.jpg	shuffled	04668	04668
08025	08025	08025.jpg	02424.jpg	shuffled	02424	02424
08026	08026	08026.jpg	05005.jpg	shuffled	05005	05005
08027	08027	08027.jpg	01144.jpg	shuffled	01144	01144
08028	08028	08028.jpg	00727.jpg	shuffled	00727	00727
08029	08029	08029.jpg	14361.jpg	shuffled	14361	14361
08030	08030	08030.jpg	04052.jpg	shuffled	04052	04052
08031	08031	08031.jpg	01271.jpg	shuffled	01271	01271
08032	08032	08032.jpg	02558.jpg	shuffled	02558	02558
08033	08033	08033.jpg	08601.jpg	shuffled	08601	08601
08034	08034	08034.jpg	05670.jpg	shuffled	05670	05670
08035	08035	08035.jpg	12559.jpg	shuffled	12559	12559
08036	08036	08036.jpg	14165.jpg	shuffled	14165	14165
08037	08037	08037.jpg	03167.jpg	shuffled	03167	03167
08038	08038	08038.jpg	05557.jpg	shuffled	05557	05557
08039	08039	08039.jpg	17435.jpg	shuffled	17435	17435
08040	08040	08040.jpg	13508.jpg	shuffled	13508	13508
08041	08041	08041.jpg	14008.jpg	shuffled	14008	14008
08042	08042	08042.jpg	05450.jpg	shuffled	05450	05450
08043	08043	08043.jpg	10616.jpg	shuffled	10616	10616
08044	08044	08044.jpg	17941.jpg	shuffled	17941	17941
08045	08045	08045.jpg	04303.jpg	shuffled	04303	04303
08046	08046	08046.jpg	02493.jpg	shuffled	02493	02493
08047	08047	08047.jpg	01422.jpg	shuffled	01422	01422
08048	08048	08048.jpg	08922.jpg	shuffled	08922	08922
08049	08049	08049.jpg	17489.jpg	shuffled	17489	17489
08050	08050	08050.jpg	06334.jpg	shuffled	06334	06334
08051	08051	08051.jpg	01557.jpg	shuffled	01557	01557
08052	08052	08052.jpg	13150.jpg	shuffled	13150	13150
08053	08053	08053.jpg	10568.jpg	shuffled	10568	10568
08054	08054	08054.jpg	01787.jpg	shuffled	01787	01787
08055	08055	08055.jpg	11195.jpg	shuffled	11195	11195
08056	08056	08056.jpg	03390.jpg	shuffled	03390	03390
08057	08057	08057.jpg	08418.jpg	shuffled	08418	08418
08058	08058	08058.jpg	13630.jpg	shuffled	13630	13630
08059	08059	08059.jpg	10652.jpg	shuffled	10652	10652
08060	08060	08060.jpg	03553.jpg	shuffled	03553	03553
08061	08061	08061.jpg	09851.jpg	shuffled	09851	09851
08062	08062	08062.jpg	05952.jpg	shuffled	05952	05952
08063	08063	08063.jpg	14498.jpg	shuffled	14498	14498
08064	08064	08064.jpg	07605.jpg	shuffled	07605	07605
08065	08065	08065.jpg	04161.jpg	shuffled	04161	04161
08066	08066	08066.jpg	14640.jpg	shuffled	14640	14640
08067	08067	08067.jpg	01465.jpg	shuffled	01465	01465
08068	08068	08068.jpg	07475.jpg	shuffled	07475	07475
08069	08069	08069.jpg	01904.jpg	shuffled	01904	01904
08070	08070	08070.jpg	08080.jpg	shuffled	08080	08080
08071	08071	08071.jpg	02198.jpg	shuffled	02198	02198
08072	08072	08072.jpg	12069.jpg	shuffled	12069	12069
08073	08073	08073.jpg	07134.jpg	shuffled	07134	07134
08074	08074	08074.jpg	01082.jpg	shuffled	01082	01082
08075	08075	08075.jpg	10071.jpg	shuffled	10071	10071
08076	08076	08076.jpg	07850.jpg	shuffled	07850	07850
08077	08077	08077.jpg	11218.jpg	shuffled	11218	11218
08078	08078	08078.jpg	11520.jpg	shuffled	11520	11520
08079	08079	08079.jpg	14720.jpg	shuffled	14720	14720
08080	08080	08080.jpg	07072.jpg	shuffled	07072	07072
08081	08081	08081.jpg	08627.jpg	shuffled	08627	08627
08082	08082	08082.jpg	14197.jpg	shuffled	14197	14197
08083	08083	08083.jpg	16467.jpg	shuffled	16467	16467
08084	08084	08084.jpg	05423.jpg	shuffled	05423	05423
08085	08085	08085.jpg	00342.jpg	shuffled	00342	00342
08086	08086	08086.jpg	06687.jpg	shuffled	06687	06687
08087	08087	08087.jpg	07793.jpg	shuffled	07793	07793
08088	08088	08088.jpg	17227.jpg	shuffled	17227	17227
08089	08089	08089.jpg	02836.jpg	shuffled	02836	02836
08090	08090	08090.jpg	03006.jpg	shuffled	03006	03006
08091	08091	08091.jpg	01070.jpg	shuffled	01070	01070
08092	08092	08092.jpg	07819.jpg	shuffled	07819	07819
08093	08093	08093.jpg	14212.jpg	shuffled	14212	14212
08094	08094	08094.jpg	03698.jpg	shuffled	03698	03698
08095	08095	08095.jpg	15679.jpg	shuffled	15679	15679
08096	08096	08096.jpg	14446.jpg	shuffled	14446	14446
08097	08097	08097.jpg	17608.jpg	shuffled	17608	17608
08098	08098	08098.jpg	14345.jpg	shuffled	14345	14345
08099	08099	08099.jpg	03140.jpg	shuffled	03140	03140
08100	08100	08100.jpg	00407.jpg	shuffled	00407	00407
08101	08101	08101.jpg	05289.jpg	shuffled	05289	05289
08102	08102	08102.jpg	01632.jpg	shuffled	01632	01632
08103	08103	08103.jpg	12390.jpg	shuffled	12390	12390
08104	08104	08104.jpg	10463.jpg	shuffled	10463	10463
08105	08105	08105.jpg	05135.jpg	shuffled	05135	05135
08106	08106	08106.jpg	06236.jpg	shuffled	06236	06236
08107	08107	08107.jpg	04483.jpg	shuffled	04483	04483
08108	08108	08108.jpg	00092.jpg	shuffled	00092	00092
08109	08109	08109.jpg	09503.jpg	shuffled	09503	09503
08110	08110	08110.jpg	09050.jpg	shuffled	09050	09050
08111	08111	08111.jpg	12510.jpg	shuffled	12510	12510
08112	08112	08112.jpg	00929.jpg	shuffled	00929	00929
08113	08113	08113.jpg	12253.jpg	shuffled	12253	12253
08114	08114	08114.jpg	03569.jpg	shuffled	03569	03569
08115	08115	08115.jpg	02159.jpg	shuffled	02159	02159
08116	08116	08116.jpg	15631.jpg	shuffled	15631	15631
08117	08117	08117.jpg	03165.jpg	shuffled	03165	03165
08118	08118	08118.jpg	09782.jpg	shuffled	09782	09782
08119	08119	08119.jpg	10555.jpg	shuffled	10555	10555
08120	08120	08120.jpg	00691.jpg	shuffled	00691	00691
08121	08121	08121.jpg	02662.jpg	shuffled	02662	02662
08122	08122	08122.jpg	00080.jpg	shuffled	00080	00080
08123	08123	08123.jpg	17666.jpg	shuffled	17666	17666
08124	08124	08124.jpg	11354.jpg	shuffled	11354	11354
08125	08125	08125.jpg	09534.jpg	shuffled	09534	09534
08126	08126	08126.jpg	14164.jpg	shuffled	14164	14164
08127	08127	08127.jpg	02711.jpg	shuffled	02711	02711
08128	08128	08128.jpg	14252.jpg	shuffled	14252	14252
08129	08129	08129.jpg	09949.jpg	shuffled	09949	09949
08130	08130	08130.jpg	01105.jpg	shuffled	01105	01105
08131	08131	08131.jpg	16249.jpg	shuffled	16249	16249
08132	08132	08132.jpg	03737.jpg	shuffled	03737	03737
08133	08133	08133.jpg	05335.jpg	shuffled	05335	05335
08134	08134	08134.jpg	12442.jpg	shuffled	12442	12442
08135	08135	08135.jpg	14810.jpg	shuffled	14810	14810
08136	08136	08136.jpg	04336.jpg	shuffled	04336	04336
08137	08137	08137.jpg	14386.jpg	shuffled	14386	14386
08138	08138	08138.jpg	15950.jpg	shuffled	15950	15950
08139	08139	08139.jpg	01376.jpg	shuffled	01376	01376
08140	08140	08140.jpg	03824.jpg	shuffled	03824	03824
08141	08141	08141.jpg	17589.jpg	shuffled	17589	17589
08142	08142	08142.jpg	11846.jpg	shuffled	11846	11846
08143	08143	08143.jpg	00178.jpg	shuffled	00178	00178
08144	08144	08144.jpg	13090.jpg	shuffled	13090	13090
08145	08145	08145.jpg	16129.jpg	shuffled	16129	16129
08146	08146	08146.jpg	02181.jpg	shuffled	02181	02181
08147	08147	08147.jpg	10073.jpg	shuffled	10073	10073
08148	08148	08148.jpg	13100.jpg	shuffled	13100	13100
08149	08149	08149.jpg	01613.jpg	shuffled	01613	01613
08150	08150	08150.jpg	05555.jpg	shuffled	05555	05555
08151	08151	08151.jpg	00303.jpg	shuffled	00303	00303
08152	08152	08152.jpg	03733.jpg	shuffled	03733	03733
08153	08153	08153.jpg	12941.jpg	shuffled	12941	12941
08154	08154	08154.jpg	09519.jpg	shuffled	09519	09519
08155	08155	08155.jpg	13621.jpg	shuffled	13621	13621
08156	08156	08156.jpg	09189.jpg	shuffled	09189	09189
08157	08157	08157.jpg	00267.jpg	shuffled	00267	00267
08158	08158	08158.jpg	16829.jpg	shuffled	16829	16829
08159	08159	08159.jpg	07066.jpg	shuffled	07066	07066
08160	08160	08160.jpg	17075.jpg	shuffled	17075	17075
08161	08161	08161.jpg	17561.jpg	shuffled	17561	17561
08162	08162	08162.jpg	10662.jpg	shuffled	10662	10662
08163	08163	08163.jpg	07111.jpg	shuffled	07111	07111
08164	08164	08164.jpg	14294.jpg	shuffled	14294	14294
08165	08165	08165.jpg	11080.jpg	shuffled	11080	11080
08166	08166	08166.jpg	01481.jpg	shuffled	01481	01481
08167	08167	08167.jpg	02833.jpg	shuffled	02833	02833
08168	08168	08168.jpg	15536.jpg	shuffled	15536	15536
08169	08169	08169.jpg	14322.jpg	shuffled	14322	14322
08170	08170	08170.jpg	09811.jpg	shuffled	09811	09811
08171	08171	08171.jpg	08142.jpg	shuffled	08142	08142
08172	08172	08172.jpg	14585.jpg	shuffled	14585	14585
08173	08173	08173.jpg	10773.jpg	shuffled	10773	10773
08174	08174	08174.jpg	14596.jpg	shuffled	14596	14596
08175	08175	08175.jpg	03895.jpg	shuffled	03895	03895
08176	08176	08176.jpg	01568.jpg	shuffled	01568	01568
08177	08177	08177.jpg	07108.jpg	shuffled	07108	07108
08178	08178	08178.jpg	05183.jpg	shuffled	05183	05183
08179	08179	08179.jpg	04030.jpg	shuffled	04030	04030
08180	08180	08180.jpg	04121.jpg	shuffled	04121	04121
08181	08181	08181.jpg	10037.jpg	shuffled	10037	10037
08182	08182	08182.jpg	11109.jpg	shuffled	11109	11109
08183	08183	08183.jpg	16218.jpg	shuffled	16218	16218
08184	08184	08184.jpg	03454.jpg	shuffled	03454	03454
08185	08185	08185.jpg	07588.jpg	shuffled	07588	07588
08186	08186	08186.jpg	10465.jpg	shuffled	10465	10465
08187	08187	08187.jpg	00994.jpg	shuffled	00994	00994
08188	08188	08188.jpg	00567.jpg	shuffled	00567	00567
08189	08189	08189.jpg	02875.jpg	shuffled	02875	02875
08190	08190	08190.jpg	14313.jpg	shuffled	14313	14313
08191	08191	08191.jpg	02041.jpg	shuffled	02041	02041
08192	08192	08192.jpg	05865.jpg	shuffled	05865	05865
08193	08193	08193.jpg	16034.jpg	shuffled	16034	16034
08194	08194	08194.jpg	17126.jpg	shuffled	17126	17126
08195	08195	08195.jpg	12216.jpg	shuffled	12216	12216
08196	08196	08196.jpg	11961.jpg	shuffled	11961	11961
08197	08197	08197.jpg	05797.jpg	shuffled	05797	05797
08198	08198	08198.jpg	01265.jpg	shuffled	01265	01265
08199	08199	08199.jpg	00069.jpg	shuffled	00069	00069
08200	08200	08200.jpg	04995.jpg	shuffled	04995	04995
08201	08201	08201.jpg	16867.jpg	shuffled	16867	16867
08202	08202	08202.jpg	06356.jpg	shuffled	06356	06356
08203	08203	08203.jpg	08147.jpg	shuffled	08147	08147
08204	08204	08204.jpg	02723.jpg	shuffled	02723	02723
08205	08205	08205.jpg	06235.jpg	shuffled	06235	06235
08206	08206	08206.jpg	11992.jpg	shuffled	11992	11992
08207	08207	08207.jpg	01983.jpg	shuffled	01983	01983
08208	08208	08208.jpg	11188.jpg	shuffled	11188	11188
08209	08209	08209.jpg	12155.jpg	shuffled	12155	12155
08210	08210	08210.jpg	00022.jpg	shuffled	00022	00022
08211	08211	08211.jpg	16707.jpg	shuffled	16707	16707
08212	08212	08212.jpg	01115.jpg	shuffled	01115	01115
08213	08213	08213.jpg	04559.jpg	shuffled	04559	04559
08214	08214	08214.jpg	02085.jpg	shuffled	02085	02085
08215	08215	08215.jpg	01989.jpg	shuffled	01989	01989
08216	08216	08216.jpg	06397.jpg	shuffled	06397	06397
08217	08217	08217.jpg	14609.jpg	shuffled	14609	14609
08218	08218	08218.jpg	12440.jpg	shuffled	12440	12440
08219	08219	08219.jpg	15946.jpg	shuffled	15946	15946
08220	08220	08220.jpg	16255.jpg	shuffled	16255	16255
08221	08221	08221.jpg	14820.jpg	shuffled	14820	14820
08222	08222	08222.jpg	10313.jpg	shuffled	10313	10313
08223	08223	08223.jpg	11890.jpg	shuffled	11890	11890
08224	08224	08224.jpg	08333.jpg	shuffled	08333	08333
08225	08225	08225.jpg	04513.jpg	shuffled	04513	04513
08226	08226	08226.jpg	04489.jpg	shuffled	04489	04489
08227	08227	08227.jpg	02541.jpg	shuffled	02541	02541
08228	08228	08228.jpg	00781.jpg	shuffled	00781	00781
08229	08229	08229.jpg	12446.jpg	shuffled	12446	12446
08230	08230	08230.jpg	10497.jpg	shuffled	10497	10497
08231	08231	08231.jpg	15440.jpg	shuffled	15440	15440
08232	08232	08232.jpg	15109.jpg	shuffled	15109	15109
08233	08233	08233.jpg	16537.jpg	shuffled	16537	16537
08234	08234	08234.jpg	11802.jpg	shuffled	11802	11802
08235	08235	08235.jpg	16907.jpg	shuffled	16907	16907
08236	08236	08236.jpg	03440.jpg	shuffled	03440	03440
08237	08237	08237.jpg	13940.jpg	shuffled	13940	13940
08238	08238	08238.jpg	03199.jpg	shuffled	03199	03199
08239	08239	08239.jpg	12899.jpg	shuffled	12899	12899
08240	08240	08240.jpg	17257.jpg	shuffled	17257	17257
08241	08241	08241.jpg	08119.jpg	shuffled	08119	08119
08242	08242	08242.jpg	14774.jpg	shuffled	14774	14774
08243	08243	08243.jpg	05699.jpg	shuffled	05699	05699
08244	08244	08244.jpg	14179.jpg	shuffled	14179	14179
08245	08245	08245.jpg	06066.jpg	shuffled	06066	06066
08246	08246	08246.jpg	00699.jpg	shuffled	00699	00699
08247	08247	08247.jpg	13455.jpg	shuffled	13455	13455
08248	08248	08248.jpg	04408.jpg	shuffled	04408	04408
08249	08249	08249.jpg	00642.jpg	shuffled	00642	00642
08250	08250	08250.jpg	14549.jpg	shuffled	14549	14549
08251	08251	08251.jpg	01268.jpg	shuffled	01268	01268
08252	08252	08252.jpg	08387.jpg	shuffled	08387	08387
08253	08253	08253.jpg	13791.jpg	shuffled	13791	13791
08254	08254	08254.jpg	17228.jpg	shuffled	17228	17228
08255	08255	08255.jpg	01025.jpg	shuffled	01025	01025
08256	08256	08256.jpg	07778.jpg	shuffled	07778	07778
08257	08257	08257.jpg	00175.jpg	shuffled	00175	00175
08258	08258	08258.jpg	01380.jpg	shuffled	01380	01380
08259	08259	08259.jpg	03982.jpg	shuffled	03982	03982
08260	08260	08260.jpg	10052.jpg	shuffled	10052	10052
08261	08261	08261.jpg	09238.jpg	shuffled	09238	09238
08262	08262	08262.jpg	09103.jpg	shuffled	09103	09103
08263	08263	08263.jpg	10995.jpg	shuffled	10995	10995
08264	08264	08264.jpg	03487.jpg	shuffled	03487	03487
08265	08265	08265.jpg	01934.jpg	shuffled	01934	01934
08266	08266	08266.jpg	00357.jpg	shuffled	00357	00357
08267	08267	08267.jpg	09618.jpg	shuffled	09618	09618
08268	08268	08268.jpg	15096.jpg	shuffled	15096	15096
08269	08269	08269.jpg	17425.jpg	shuffled	17425	17425
08270	08270	08270.jpg	12267.jpg	shuffled	12267	12267
08271	08271	08271.jpg	03493.jpg	shuffled	03493	03493
08272	08272	08272.jpg	17064.jpg	shuffled	17064	17064
08273	08273	08273.jpg	03850.jpg	shuffled	03850	03850
08274	08274	08274.jpg	01224.jpg	shuffled	01224	01224
08275	08275	08275.jpg	14105.jpg	shuffled	14105	14105
08276	08276	08276.jpg	17688.jpg	shuffled	17688	17688
08277	08277	08277.jpg	08498.jpg	shuffled	08498	08498
08278	08278	08278.jpg	14100.jpg	shuffled	14100	14100
08279	08279	08279.jpg	01772.jpg	shuffled	01772	01772
08280	08280	08280.jpg	13132.jpg	shuffled	13132	13132
08281	08281	08281.jpg	12308.jpg	shuffled	12308	12308
08282	08282	08282.jpg	06562.jpg	shuffled	06562	06562
08283	08283	08283.jpg	08408.jpg	shuffled	08408	08408
08284	08284	08284.jpg	14885.jpg	shuffled	14885	14885
08285	08285	08285.jpg	17239.jpg	shuffled	17239	17239
08286	08286	08286.jpg	04742.jpg	shuffled	04742	04742
08287	08287	08287.jpg	05491.jpg	shuffled	05491	05491
08288	08288	08288.jpg	01102.jpg	shuffled	01102	01102
08289	08289	08289.jpg	02944.jpg	shuffled	02944	02944
08290	08290	08290.jpg	16881.jpg	shuffled	16881	16881
08291	08291	08291.jpg	06915.jpg	shuffled	06915	06915
08292	08292	08292.jpg	01724.jpg	shuffled	01724	01724
08293	08293	08293.jpg	03483.jpg	shuffled	03483	03483
08294	08294	08294.jpg	06812.jpg	shuffled	06812	06812
08295	08295	08295.jpg	00205.jpg	shuffled	00205	00205
08296	08296	08296.jpg	03914.jpg	shuffled	03914	03914
08297	08297	08297.jpg	12028.jpg	shuffled	12028	12028
08298	08298	08298.jpg	06109.jpg	shuffled	06109	06109
08299	08299	08299.jpg	12584.jpg	shuffled	12584	12584
08300	08300	08300.jpg	17689.jpg	shuffled	17689	17689
08301	08301	08301.jpg	10943.jpg	shuffled	10943	10943
08302	08302	08302.jpg	01611.jpg	shuffled	01611	01611
08303	08303	08303.jpg	01045.jpg	shuffled	01045	01045
08304	08304	08304.jpg	04309.jpg	shuffled	04309	04309
08305	08305	08305.jpg	00301.jpg	shuffled	00301	00301
08306	08306	08306.jpg	05501.jpg	shuffled	05501	05501
08307	08307	08307.jpg	00349.jpg	shuffled	00349	00349
08308	08308	08308.jpg	04541.jpg	shuffled	04541	04541
08309	08309	08309.jpg	15482.jpg	shuffled	15482	15482
08310	08310	08310.jpg	12212.jpg	shuffled	12212	12212
08311	08311	08311.jpg	15921.jpg	shuffled	15921	15921
08312	08312	08312.jpg	10637.jpg	shuffled	10637	10637
08313	08313	08313.jpg	06751.jpg	shuffled	06751	06751
08314	08314	08314.jpg	13764.jpg	shuffled	13764	13764
08315	08315	08315.jpg	02150.jpg	shuffled	02150	02150
08316	08316	08316.jpg	01881.jpg	shuffled	01881	01881
08317	08317	08317.jpg	10414.jpg	shuffled	10414	10414
08318	08318	08318.jpg	16235.jpg	shuffled	16235	16235
08319	08319	08319.jpg	10522.jpg	shuffled	10522	10522
08320	08320	08320.jpg	13237.jpg	shuffled	13237	13237
08321	08321	08321.jpg	04852.jpg	shuffled	04852	04852
08322	08322	08322.jpg	16195.jpg	shuffled	16195	16195
08323	08323	08323.jpg	14167.jpg	shuffled	14167	14167
08324	08324	08324.jpg	15771.jpg	shuffled	15771	15771
08325	08325	08325.jpg	08934.jpg	shuffled	08934	08934
08326	08326	08326.jpg	02086.jpg	shuffled	02086	02086
08327	08327	08327.jpg	11052.jpg	shuffled	11052	11052
08328	08328	08328.jpg	09685.jpg	shuffled	09685	09685
08329	08329	08329.jpg	14335.jpg	shuffled	14335	14335
08330	08330	08330.jpg	15311.jpg	shuffled	15311	15311
08331	08331	08331.jpg	17633.jpg	shuffled	17633	17633
08332	08332	08332.jpg	08276.jpg	shuffled	08276	08276
08333	08333	08333.jpg	12182.jpg	shuffled	12182	12182
08334	08334	08334.jpg	13692.jpg	shuffled	13692	13692
08335	08335	08335.jpg	11629.jpg	shuffled	11629	11629
08336	08336	08336.jpg	16302.jpg	shuffled	16302	16302
08337	08337	08337.jpg	00179.jpg	shuffled	00179	00179
08338	08338	08338.jpg	05713.jpg	shuffled	05713	05713
08339	08339	08339.jpg	08839.jpg	shuffled	08839	08839
08340	08340	08340.jpg	17276.jpg	shuffled	17276	17276
08341	08341	08341.jpg	08020.jpg	shuffled	08020	08020
08342	08342	08342.jpg	14600.jpg	shuffled	14600	14600
08343	08343	08343.jpg	04127.jpg	shuffled	04127	04127
08344	08344	08344.jpg	04058.jpg	shuffled	04058	04058
08345	08345	08345.jpg	01131.jpg	shuffled	01131	01131
08346	08346	08346.jpg	04053.jpg	shuffled	04053	04053
08347	08347	08347.jpg	11891.jpg	shuffled	11891	11891
08348	08348	08348.jpg	04746.jpg	shuffled	04746	04746
08349	08349	08349.jpg	10585.jpg	shuffled	10585	10585
08350	08350	08350.jpg	11562.jpg	shuffled	11562	11562
08351	08351	08351.jpg	07814.jpg	shuffled	07814	07814
08352	08352	08352.jpg	12230.jpg	shuffled	12230	12230
08353	08353	08353.jpg	15074.jpg	shuffled	15074	15074
08354	08354	08354.jpg	06603.jpg	shuffled	06603	06603
08355	08355	08355.jpg	09035.jpg	shuffled	09035	09035
08356	08356	08356.jpg	11074.jpg	shuffled	11074	11074
08357	08357	08357.jpg	17539.jpg	shuffled	17539	17539
08358	08358	08358.jpg	00580.jpg	shuffled	00580	00580
08359	08359	08359.jpg	10769.jpg	shuffled	10769	10769
08360	08360	08360.jpg	14192.jpg	shuffled	14192	14192
08361	08361	08361.jpg	07356.jpg	shuffled	07356	07356
08362	08362	08362.jpg	16494.jpg	shuffled	16494	16494
08363	08363	08363.jpg	16115.jpg	shuffled	16115	16115
08364	08364	08364.jpg	09228.jpg	shuffled	09228	09228
08365	08365	08365.jpg	09629.jpg	shuffled	09629	09629
08366	08366	08366.jpg	13478.jpg	shuffled	13478	13478
08367	08367	08367.jpg	05143.jpg	shuffled	05143	05143
08368	08368	08368.jpg	13878.jpg	shuffled	13878	13878
08369	08369	08369.jpg	06448.jpg	shuffled	06448	06448
08370	08370	08370.jpg	08671.jpg	shuffled	08671	08671
08371	08371	08371.jpg	08003.jpg	shuffled	08003	08003
08372	08372	08372.jpg	16629.jpg	shuffled	16629	16629
08373	08373	08373.jpg	16500.jpg	shuffled	16500	16500
08374	08374	08374.jpg	14537.jpg	shuffled	14537	14537
08375	08375	08375.jpg	02651.jpg	shuffled	02651	02651
08376	08376	08376.jpg	13293.jpg	shuffled	13293	13293
08377	08377	08377.jpg	12518.jpg	shuffled	12518	12518
08378	08378	08378.jpg	17963.jpg	shuffled	17963	17963
08379	08379	08379.jpg	11991.jpg	shuffled	11991	11991
08380	08380	08380.jpg	15268.jpg	shuffled	15268	15268
08381	08381	08381.jpg	01965.jpg	shuffled	01965	01965
08382	08382	08382.jpg	07650.jpg	shuffled	07650	07650
08383	08383	08383.jpg	13015.jpg	shuffled	13015	13015
08384	08384	08384.jpg	06218.jpg	shuffled	06218	06218
08385	08385	08385.jpg	05476.jpg	shuffled	05476	05476
08386	08386	08386.jpg	07718.jpg	shuffled	07718	07718
08387	08387	08387.jpg	15305.jpg	shuffled	15305	15305
08388	08388	08388.jpg	13186.jpg	shuffled	13186	13186
08389	08389	08389.jpg	16152.jpg	shuffled	16152	16152
08390	08390	08390.jpg	12419.jpg	shuffled	12419	12419
08391	08391	08391.jpg	03402.jpg	shuffled	03402	03402
08392	08392	08392.jpg	04947.jpg	shuffled	04947	04947
08393	08393	08393.jpg	13039.jpg	shuffled	13039	13039
08394	08394	08394.jpg	12134.jpg	shuffled	12134	12134
08395	08395	08395.jpg	14270.jpg	shuffled	14270	14270
08396	08396	08396.jpg	17482.jpg	shuffled	17482	17482
08397	08397	08397.jpg	12923.jpg	shuffled	12923	12923
08398	08398	08398.jpg	11739.jpg	shuffled	11739	11739
08399	08399	08399.jpg	07261.jpg	shuffled	07261	07261
08400	08400	08400.jpg	14168.jpg	shuffled	14168	14168
08401	08401	08401.jpg	05708.jpg	shuffled	05708	05708
08402	08402	08402.jpg	02166.jpg	shuffled	02166	02166
08403	08403	08403.jpg	11954.jpg	shuffled	11954	11954
08404	08404	08404.jpg	04299.jpg	shuffled	04299	04299
08405	08405	08405.jpg	05188.jpg	shuffled	05188	05188
08406	08406	08406.jpg	15591.jpg	shuffled	15591	15591
08407	08407	08407.jpg	13916.jpg	shuffled	13916	13916
08408	08408	08408.jpg	17086.jpg	shuffled	17086	17086
08409	08409	08409.jpg	08636.jpg	shuffled	08636	08636
08410	08410	08410.jpg	15051.jpg	shuffled	15051	15051
08411	08411	08411.jpg	02306.jpg	shuffled	02306	02306
08412	08412	08412.jpg	03307.jpg	shuffled	03307	03307
08413	08413	08413.jpg	02052.jpg	shuffled	02052	02052
08414	08414	08414.jpg	07808.jpg	shuffled	07808	07808
08415	08415	08415.jpg	03993.jpg	shuffled	03993	03993
08416	08416	08416.jpg	13960.jpg	shuffled	13960	13960
08417	08417	08417.jpg	00447.jpg	shuffled	00447	00447
08418	08418	08418.jpg	12369.jpg	shuffled	12369	12369
08419	08419	08419.jpg	11081.jpg	shuffled	11081	11081
08420	08420	08420.jpg	14365.jpg	shuffled	14365	14365
08421	08421	08421.jpg	01195.jpg	shuffled	01195	01195
08422	08422	08422.jpg	13665.jpg	shuffled	13665	13665
08423	08423	08423.jpg	14124.jpg	shuffled	14124	14124
08424	08424	08424.jpg	17383.jpg	shuffled	17383	17383
08425	08425	08425.jpg	14815.jpg	shuffled	14815	14815
08426	08426	08426.jpg	08204.jpg	shuffled	08204	08204
08427	08427	08427.jpg	13316.jpg	shuffled	13316	13316
08428	08428	08428.jpg	17659.jpg	shuffled	17659	17659
08429	08429	08429.jpg	05846.jpg	shuffled	05846	05846
08430	08430	08430.jpg	05219.jpg	shuffled	05219	05219
08431	08431	08431.jpg	01865.jpg	shuffled	01865	01865
08432	08432	08432.jpg	14441.jpg	shuffled	14441	14441
08433	08433	08433.jpg	08856.jpg	shuffled	08856	08856
08434	08434	08434.jpg	11389.jpg	shuffled	11389	11389
08435	08435	08435.jpg	01501.jpg	shuffled	01501	01501
08436	08436	08436.jpg	02656.jpg	shuffled	02656	02656
08437	08437	08437.jpg	04219.jpg	shuffled	04219	04219
08438	08438	08438.jpg	17149.jpg	shuffled	17149	17149
08439	08439	08439.jpg	08681.jpg	shuffled	08681	08681
08440	08440	08440.jpg	07284.jpg	shuffled	07284	07284
08441	08441	08441.jpg	06969.jpg	shuffled	06969	06969
08442	08442	08442.jpg	13173.jpg	shuffled	13173	13173
08443	08443	08443.jpg	01022.jpg	shuffled	01022	01022
08444	08444	08444.jpg	06748.jpg	shuffled	06748	06748
08445	08445	08445.jpg	02171.jpg	shuffled	02171	02171
08446	08446	08446.jpg	04214.jpg	shuffled	04214	04214
08447	08447	08447.jpg	03210.jpg	shuffled	03210	03210
08448	08448	08448.jpg	07880.jpg	shuffled	07880	07880
08449	08449	08449.jpg	13687.jpg	shuffled	13687	13687
08450	08450	08450.jpg	10443.jpg	shuffled	10443	10443
08451	08451	08451.jpg	11874.jpg	shuffled	11874	11874
08452	08452	08452.jpg	05690.jpg	shuffled	05690	05690
08453	08453	08453.jpg	08615.jpg	shuffled	08615	08615
08454	08454	08454.jpg	12484.jpg	shuffled	12484	12484
08455	08455	08455.jpg	13341.jpg	shuffled	13341	13341
08456	08456	08456.jpg	06246.jpg	shuffled	06246	06246
08457	08457	08457.jpg	04235.jpg	shuffled	04235	04235
08458	08458	08458.jpg	11699.jpg	shuffled	11699	11699
08459	08459	08459.jpg	16309.jpg	shuffled	16309	16309
08460	08460	08460.jpg	05498.jpg	shuffled	05498	05498
08461	08461	08461.jpg	16534.jpg	shuffled	16534	16534
08462	08462	08462.jpg	17545.jpg	shuffled	17545	17545
08463	08463	08463.jpg	17917.jpg	shuffled	17917	17917
08464	08464	08464.jpg	05766.jpg	shuffled	05766	05766
08465	08465	08465.jpg	06168.jpg	shuffled	06168	06168
08466	08466	08466.jpg	09017.jpg	shuffled	09017	09017
08467	08467	08467.jpg	12646.jpg	shuffled	12646	12646
08468	08468	08468.jpg	13055.jpg	shuffled	13055	13055
08469	08469	08469.jpg	03722.jpg	shuffled	03722	03722
08470	08470	08470.jpg	11364.jpg	shuffled	11364	11364
08471	08471	08471.jpg	17159.jpg	shuffled	17159	17159
08472	08472	08472.jpg	00569.jpg	shuffled	00569	00569
08473	08473	08473.jpg	07788.jpg	shuffled	07788	07788
08474	08474	08474.jpg	10126.jpg	shuffled	10126	10126
08475	08475	08475.jpg	00308.jpg	shuffled	00308	00308
08476	08476	08476.jpg	02871.jpg	shuffled	02871	02871
08477	08477	08477.jpg	02782.jpg	shuffled	02782	02782
08478	08478	08478.jpg	06733.jpg	shuffled	06733	06733
08479	08479	08479.jpg	11657.jpg	shuffled	11657	11657
08480	08480	08480.jpg	16415.jpg	shuffled	16415	16415
08481	08481	08481.jpg	01692.jpg	shuffled	01692	01692
08482	08482	08482.jpg	15943.jpg	shuffled	15943	15943
08483	08483	08483.jpg	04836.jpg	shuffled	04836	04836
08484	08484	08484.jpg	13757.jpg	shuffled	13757	13757
08485	08485	08485.jpg	17988.jpg	shuffled	17988	17988
08486	08486	08486.jpg	07566.jpg	shuffled	07566	07566
08487	08487	08487.jpg	02487.jpg	shuffled	02487	02487
08488	08488	08488.jpg	17781.jpg	shuffled	17781	17781
08489	08489	08489.jpg	09310.jpg	shuffled	09310	09310
08490	08490	08490.jpg	00980.jpg	shuffled	00980	00980
08491	08491	08491.jpg	10974.jpg	shuffled	10974	10974
08492	08492	08492.jpg	14868.jpg	shuffled	14868	14868
08493	08493	08493.jpg	03182.jpg	shuffled	03182	03182
08494	08494	08494.jpg	06099.jpg	shuffled	06099	06099
08495	08495	08495.jpg	02078.jpg	shuffled	02078	02078
08496	08496	08496.jpg	10851.jpg	shuffled	10851	10851
08497	08497	08497.jpg	01573.jpg	shuffled	01573	01573
08498	08498	08498.jpg	17798.jpg	shuffled	17798	17798
08499	08499	08499.jpg	02236.jpg	shuffled	02236	02236
08500	08500	08500.jpg	04463.jpg	shuffled	04463	04463
08501	08501	08501.jpg	14530.jpg	shuffled	14530	14530
08502	08502	08502.jpg	00648.jpg	shuffled	00648	00648
08503	08503	08503.jpg	12517.jpg	shuffled	12517	12517
08504	08504	08504.jpg	13652.jpg	shuffled	13652	13652
08505	08505	08505.jpg	06483.jpg	shuffled	06483	06483
08506	08506	08506.jpg	06306.jpg	shuffled	06306	06306
08507	08507	08507.jpg	04982.jpg	shuffled	04982	04982
08508	08508	08508.jpg	17327.jpg	shuffled	17327	17327
08509	08509	08509.jpg	11492.jpg	shuffled	11492	11492
08510	08510	08510.jpg	16604.jpg	shuffled	16604	16604
08511	08511	08511.jpg	11835.jpg	shuffled	11835	11835
08512	08512	08512.jpg	10353.jpg	shuffled	10353	10353
08513	08513	08513.jpg	13696.jpg	shuffled	13696	13696
08514	08514	08514.jpg	17135.jpg	shuffled	17135	17135
08515	08515	08515.jpg	04595.jpg	shuffled	04595	04595
08516	08516	08516.jpg	14481.jpg	shuffled	14481	14481
08517	08517	08517.jpg	10322.jpg	shuffled	10322	10322
08518	08518	08518.jpg	08732.jpg	shuffled	08732	08732
08519	08519	08519.jpg	00489.jpg	shuffled	00489	00489
08520	08520	08520.jpg	15932.jpg	shuffled	15932	15932
08521	08521	08521.jpg	13833.jpg	shuffled	13833	13833
08522	08522	08522.jpg	09622.jpg	shuffled	09622	09622
08523	08523	08523.jpg	03971.jpg	shuffled	03971	03971
08524	08524	08524.jpg	13185.jpg	shuffled	13185	13185
08525	08525	08525.jpg	04435.jpg	shuffled	04435	04435
08526	08526	08526.jpg	07321.jpg	shuffled	07321	07321
08527	08527	08527.jpg	03088.jpg	shuffled	03088	03088
08528	08528	08528.jpg	08297.jpg	shuffled	08297	08297
08529	08529	08529.jpg	13683.jpg	shuffled	13683	13683
08530	08530	08530.jpg	03375.jpg	shuffled	03375	03375
08531	08531	08531.jpg	01059.jpg	shuffled	01059	01059
08532	08532	08532.jpg	13095.jpg	shuffled	13095	13095
08533	08533	08533.jpg	08113.jpg	shuffled	08113	08113
08534	08534	08534.jpg	07728.jpg	shuffled	07728	07728
08535	08535	08535.jpg	07193.jpg	shuffled	07193	07193
08536	08536	08536.jpg	02902.jpg	shuffled	02902	02902
08537	08537	08537.jpg	08948.jpg	shuffled	08948	08948
08538	08538	08538.jpg	06396.jpg	shuffled	06396	06396
08539	08539	08539.jpg	13434.jpg	shuffled	13434	13434
08540	08540	08540.jpg	07929.jpg	shuffled	07929	07929
08541	08541	08541.jpg	06350.jpg	shuffled	06350	06350
08542	08542	08542.jpg	14028.jpg	shuffled	14028	14028
08543	08543	08543.jpg	01033.jpg	shuffled	01033	01033
08544	08544	08544.jpg	17979.jpg	shuffled	17979	17979
08545	08545	08545.jpg	12686.jpg	shuffled	12686	12686
08546	08546	08546.jpg	17001.jpg	shuffled	17001	17001
08547	08547	08547.jpg	04044.jpg	shuffled	04044	04044
08548	08548	08548.jpg	17788.jpg	shuffled	17788	17788
08549	08549	08549.jpg	03960.jpg	shuffled	03960	03960
08550	08550	08550.jpg	04436.jpg	shuffled	04436	04436
08551	08551	08551.jpg	15682.jpg	shuffled	15682	15682
08552	08552	08552.jpg	11094.jpg	shuffled	11094	11094
08553	08553	08553.jpg	04386.jpg	shuffled	04386	04386
08554	08554	08554.jpg	12005.jpg	shuffled	12005	12005
08555	08555	08555.jpg	04282.jpg	shuffled	04282	04282
08556	08556	08556.jpg	11677.jpg	shuffled	11677	11677
08557	08557	08557.jpg	02439.jpg	shuffled	02439	02439
08558	08558	08558.jpg	01016.jpg	shuffled	01016	01016
08559	08559	08559.jpg	14172.jpg	shuffled	14172	14172
08560	08560	08560.jpg	12807.jpg	shuffled	12807	12807
08561	08561	08561.jpg	00809.jpg	shuffled	00809	00809
08562	08562	08562.jpg	04005.jpg	shuffled	04005	04005
08563	08563	08563.jpg	03470.jpg	shuffled	03470	03470
08564	08564	08564.jpg	17980.jpg	shuffled	17980	17980
08565	08565	08565.jpg	01741.jpg	shuffled	01741	01741
08566	08566	08566.jpg	13978.jpg	shuffled	13978	13978
08567	08567	08567.jpg	04519.jpg	shuffled	04519	04519
08568	08568	08568.jpg	05020.jpg	shuffled	05020	05020
08569	08569	08569.jpg	01040.jpg	shuffled	01040	01040
08570	08570	08570.jpg	09661.jpg	shuffled	09661	09661
08571	08571	08571.jpg	04948.jpg	shuffled	04948	04948
08572	08572	08572.jpg	11350.jpg	shuffled	11350	11350
08573	08573	08573.jpg	12214.jpg	shuffled	12214	12214
08574	08574	08574.jpg	08019.jpg	shuffled	08019	08019
08575	08575	08575.jpg	05147.jpg	shuffled	05147	05147
08576	08576	08576.jpg	16668.jpg	shuffled	16668	16668
08577	08577	08577.jpg	06294.jpg	shuffled	06294	06294
08578	08578	08578.jpg	15006.jpg	shuffled	15006	15006
08579	08579	08579.jpg	06402.jpg	shuffled	06402	06402
08580	08580	08580.jpg	03641.jpg	shuffled	03641	03641
08581	08581	08581.jpg	05227.jpg	shuffled	05227	05227
08582	08582	08582.jpg	12032.jpg	shuffled	12032	12032
08583	08583	08583.jpg	06715.jpg	shuffled	06715	06715
08584	08584	08584.jpg	16233.jpg	shuffled	16233	16233
08585	08585	08585.jpg	05068.jpg	shuffled	05068	05068
08586	08586	08586.jpg	04468.jpg	shuffled	04468	04468
08587	08587	08587.jpg	03057.jpg	shuffled	03057	03057
08588	08588	08588.jpg	06841.jpg	shuffled	06841	06841
08589	08589	08589.jpg	17824.jpg	shuffled	17824	17824
08590	08590	08590.jpg	12702.jpg	shuffled	12702	12702
08591	08591	08591.jpg	17582.jpg	shuffled	17582	17582
08592	08592	08592.jpg	03818.jpg	shuffled	03818	03818
08593	08593	08593.jpg	04037.jpg	shuffled	04037	04037
08594	08594	08594.jpg	02050.jpg	shuffled	02050	02050
08595	08595	08595.jpg	13610.jpg	shuffled	13610	13610
08596	08596	08596.jpg	05940.jpg	shuffled	05940	05940
08597	08597	08597.jpg	13253.jpg	shuffled	13253	13253
08598	08598	08598.jpg	16185.jpg	shuffled	16185	16185
08599	08599	08599.jpg	16138.jpg	shuffled	16138	16138
08600	08600	08600.jpg	17970.jpg	shuffled	17970	17970
08601	08601	08601.jpg	05192.jpg	shuffled	05192	05192
08602	08602	08602.jpg	15343.jpg	shuffled	15343	15343
08603	08603	08603.jpg	17202.jpg	shuffled	17202	17202
08604	08604	08604.jpg	08870.jpg	shuffled	08870	08870
08605	08605	08605.jpg	07311.jpg	shuffled	07311	07311
08606	08606	08606.jpg	13403.jpg	shuffled	13403	13403
08607	08607	08607.jpg	05626.jpg	shuffled	05626	05626
08608	08608	08608.jpg	05671.jpg	shuffled	05671	05671
08609	08609	08609.jpg	02226.jpg	shuffled	02226	02226
08610	08610	08610.jpg	00875.jpg	shuffled	00875	00875
08611	08611	08611.jpg	06638.jpg	shuffled	06638	06638
08612	08612	08612.jpg	15264.jpg	shuffled	15264	15264
08613	08613	08613.jpg	05767.jpg	shuffled	05767	05767
08614	08614	08614.jpg	07031.jpg	shuffled	07031	07031
08615	08615	08615.jpg	02755.jpg	shuffled	02755	02755
08616	08616	08616.jpg	00672.jpg	shuffled	00672	00672
08617	08617	08617.jpg	17480.jpg	shuffled	17480	17480
08618	08618	08618.jpg	00815.jpg	shuffled	00815	00815
08619	08619	08619.jpg	17682.jpg	shuffled	17682	17682
08620	08620	08620.jpg	10816.jpg	shuffled	10816	10816
08621	08621	08621.jpg	16279.jpg	shuffled	16279	16279
08622	08622	08622.jpg	11559.jpg	shuffled	11559	11559
08623	08623	08623.jpg	12402.jpg	shuffled	12402	12402
08624	08624	08624.jpg	07809.jpg	shuffled	07809	07809
08625	08625	08625.jpg	12717.jpg	shuffled	12717	12717
08626	08626	08626.jpg	00098.jpg	shuffled	00098	00098
08627	08627	08627.jpg	17144.jpg	shuffled	17144	17144
08628	08628	08628.jpg	10738.jpg	shuffled	10738	10738
08629	08629	08629.jpg	11434.jpg	shuffled	11434	11434
08630	08630	08630.jpg	09614.jpg	shuffled	09614	09614
08631	08631	08631.jpg	11046.jpg	shuffled	11046	11046
08632	08632	08632.jpg	02328.jpg	shuffled	02328	02328
08633	08633	08633.jpg	04843.jpg	shuffled	04843	04843
08634	08634	08634.jpg	15483.jpg	shuffled	15483	15483
08635	08635	08635.jpg	06517.jpg	shuffled	06517	06517
08636	08636	08636.jpg	09250.jpg	shuffled	09250	09250
08637	08637	08637.jpg	03146.jpg	shuffled	03146	03146
08638	08638	08638.jpg	11245.jpg	shuffled	11245	11245
08639	08639	08639.jpg	12808.jpg	shuffled	12808	12808
08640	08640	08640.jpg	13684.jpg	shuffled	13684	13684
08641	08641	08641.jpg	09246.jpg	shuffled	09246	09246
08642	08642	08642.jpg	11066.jpg	shuffled	11066	11066
08643	08643	08643.jpg	03037.jpg	shuffled	03037	03037
08644	08644	08644.jpg	05378.jpg	shuffled	05378	05378
08645	08645	08645.jpg	14054.jpg	shuffled	14054	14054
08646	08646	08646.jpg	10042.jpg	shuffled	10042	10042
08647	08647	08647.jpg	16385.jpg	shuffled	16385	16385
08648	08648	08648.jpg	07629.jpg	shuffled	07629	07629
08649	08649	08649.jpg	15892.jpg	shuffled	15892	15892
08650	08650	08650.jpg	16087.jpg	shuffled	16087	16087
08651	08651	08651.jpg	01801.jpg	shuffled	01801	01801
08652	08652	08652.jpg	13004.jpg	shuffled	13004	13004
08653	08653	08653.jpg	02031.jpg	shuffled	02031	02031
08654	08654	08654.jpg	00270.jpg	shuffled	00270	00270
08655	08655	08655.jpg	17733.jpg	shuffled	17733	17733
08656	08656	08656.jpg	09132.jpg	shuffled	09132	09132
08657	08657	08657.jpg	09380.jpg	shuffled	09380	09380
08658	08658	08658.jpg	00588.jpg	shuffled	00588	00588
08659	08659	08659.jpg	06796.jpg	shuffled	06796	06796
08660	08660	08660.jpg	06224.jpg	shuffled	06224	06224
08661	08661	08661.jpg	01310.jpg	shuffled	01310	01310
08662	08662	08662.jpg	02586.jpg	shuffled	02586	02586
08663	08663	08663.jpg	11645.jpg	shuffled	11645	11645
08664	08664	08664.jpg	01064.jpg	shuffled	01064	01064
08665	08665	08665.jpg	05021.jpg	shuffled	05021	05021
08666	08666	08666.jpg	10573.jpg	shuffled	10573	10573
08667	08667	08667.jpg	10961.jpg	shuffled	10961	10961
08668	08668	08668.jpg	16996.jpg	shuffled	16996	16996
08669	08669	08669.jpg	10231.jpg	shuffled	10231	10231
08670	08670	08670.jpg	15500.jpg	shuffled	15500	15500
08671	08671	08671.jpg	10400.jpg	shuffled	10400	10400
08672	08672	08672.jpg	13578.jpg	shuffled	13578	13578
08673	08673	08673.jpg	06506.jpg	shuffled	06506	06506
08674	08674	08674.jpg	17835.jpg	shuffled	17835	17835
08675	08675	08675.jpg	10479.jpg	shuffled	10479	10479
08676	08676	08676.jpg	04114.jpg	shuffled	04114	04114
08677	08677	08677.jpg	04288.jpg	shuffled	04288	04288
08678	08678	08678.jpg	07636.jpg	shuffled	07636	07636
08679	08679	08679.jpg	10577.jpg	shuffled	10577	10577
08680	08680	08680.jpg	17594.jpg	shuffled	17594	17594
08681	08681	08681.jpg	10238.jpg	shuffled	10238	10238
08682	08682	08682.jpg	00870.jpg	shuffled	00870	00870
08683	08683	08683.jpg	06043.jpg	shuffled	06043	06043
08684	08684	08684.jpg	15359.jpg	shuffled	15359	15359
08685	08685	08685.jpg	14033.jpg	shuffled	14033	14033
08686	08686	08686.jpg	12118.jpg	shuffled	12118	12118
08687	08687	08687.jpg	09591.jpg	shuffled	09591	09591
08688	08688	08688.jpg	16495.jpg	shuffled	16495	16495
08689	08689	08689.jpg	06555.jpg	shuffled	06555	06555
08690	08690	08690.jpg	03729.jpg	shuffled	03729	03729
08691	08691	08691.jpg	17585.jpg	shuffled	17585	17585
08692	08692	08692.jpg	08410.jpg	shuffled	08410	08410
08693	08693	08693.jpg	01793.jpg	shuffled	01793	01793
08694	08694	08694.jpg	16189.jpg	shuffled	16189	16189
08695	08695	08695.jpg	06416.jpg	shuffled	06416	06416
08696	08696	08696.jpg	15778.jpg	shuffled	15778	15778
08697	08697	08697.jpg	03099.jpg	shuffled	03099	03099
08698	08698	08698.jpg	12286.jpg	shuffled	12286	12286
08699	08699	08699.jpg	10993.jpg	shuffled	10993	10993
08700	08700	08700.jpg	12688.jpg	shuffled	12688	12688
08701	08701	08701.jpg	05427.jpg	shuffled	05427	05427
08702	08702	08702.jpg	07143.jpg	shuffled	07143	07143
08703	08703	08703.jpg	02189.jpg	shuffled	02189	02189
08704	08704	08704.jpg	11022.jpg	shuffled	11022	11022
08705	08705	08705.jpg	16037.jpg	shuffled	16037	16037
08706	08706	08706.jpg	12276.jpg	shuffled	12276	12276
08707	08707	08707.jpg	17679.jpg	shuffled	17679	17679
08708	08708	08708.jpg	17460.jpg	shuffled	17460	17460
08709	08709	08709.jpg	16215.jpg	shuffled	16215	16215
08710	08710	08710.jpg	10365.jpg	shuffled	10365	10365
08711	08711	08711.jpg	02582.jpg	shuffled	02582	02582
08712	08712	08712.jpg	10870.jpg	shuffled	10870	10870
08713	08713	08713.jpg	09724.jpg	shuffled	09724	09724
08714	08714	08714.jpg	10588.jpg	shuffled	10588	10588
08715	08715	08715.jpg	00234.jpg	shuffled	00234	00234
08716	08716	08716.jpg	02411.jpg	shuffled	02411	02411
08717	08717	08717.jpg	10901.jpg	shuffled	10901	10901
08718	08718	08718.jpg	16390.jpg	shuffled	16390	16390
08719	08719	08719.jpg	11119.jpg	shuffled	11119	11119
08720	08720	08720.jpg	14177.jpg	shuffled	14177	14177
08721	08721	08721.jpg	14936.jpg	shuffled	14936	14936
08722	08722	08722.jpg	09388.jpg	shuffled	09388	09388
08723	08723	08723.jpg	03685.jpg	shuffled	03685	03685
08724	08724	08724.jpg	14234.jpg	shuffled	14234	14234
08725	08725	08725.jpg	05706.jpg	shuffled	05706	05706
08726	08726	08726.jpg	07243.jpg	shuffled	07243	07243
08727	08727	08727.jpg	02957.jpg	shuffled	02957	02957
08728	08728	08728.jpg	16979.jpg	shuffled	16979	16979
08729	08729	08729.jpg	05620.jpg	shuffled	05620	05620
08730	08730	08730.jpg	09626.jpg	shuffled	09626	09626
08731	08731	08731.jpg	12613.jpg	shuffled	12613	12613
08732	08732	08732.jpg	12633.jpg	shuffled	12633	12633
08733	08733	08733.jpg	09976.jpg	shuffled	09976	09976
08734	08734	08734.jpg	16363.jpg	shuffled	16363	16363
08735	08735	08735.jpg	01861.jpg	shuffled	01861	01861
08736	08736	08736.jpg	05359.jpg	shuffled	05359	05359
08737	08737	08737.jpg	02434.jpg	shuffled	02434	02434
08738	08738	08738.jpg	04501.jpg	shuffled	04501	04501
08739	08739	08739.jpg	04441.jpg	shuffled	04441	04441
08740	08740	08740.jpg	13681.jpg	shuffled	13681	13681
08741	08741	08741.jpg	00492.jpg	shuffled	00492	00492
08742	08742	08742.jpg	12205.jpg	shuffled	12205	12205
08743	08743	08743.jpg	09221.jpg	shuffled	09221	09221
08744	08744	08744.jpg	00992.jpg	shuffled	00992	00992
08745	08745	08745.jpg	05796.jpg	shuffled	05796	05796
08746	08746	08746.jpg	00690.jpg	shuffled	00690	00690
08747	08747	08747.jpg	05625.jpg	shuffled	05625	05625
08748	08748	08748.jpg	12684.jpg	shuffled	12684	12684
08749	08749	08749.jpg	06558.jpg	shuffled	06558	06558
08750	08750	08750.jpg	15281.jpg	shuffled	15281	15281
08751	08751	08751.jpg	17284.jpg	shuffled	17284	17284
08752	08752	08752.jpg	01803.jpg	shuffled	01803	01803
08753	08753	08753.jpg	06881.jpg	shuffled	06881	06881
08754	08754	08754.jpg	14935.jpg	shuffled	14935	14935
08755	08755	08755.jpg	04873.jpg	shuffled	04873	04873
08756	08756	08756.jpg	04241.jpg	shuffled	04241	04241
08757	08757	08757.jpg	13983.jpg	shuffled	13983	13983
08758	08758	08758.jpg	00199.jpg	shuffled	00199	00199
08759	08759	08759.jpg	10493.jpg	shuffled	10493	10493
08760	08760	08760.jpg	09752.jpg	shuffled	09752	09752
08761	08761	08761.jpg	11145.jpg	shuffled	11145	11145
08762	08762	08762.jpg	02196.jpg	shuffled	02196	02196
08763	08763	08763.jpg	11360.jpg	shuffled	11360	11360
08764	08764	08764.jpg	07918.jpg	shuffled	07918	07918
08765	08765	08765.jpg	01396.jpg	shuffled	01396	01396
08766	08766	08766.jpg	12444.jpg	shuffled	12444	12444
08767	08767	08767.jpg	06716.jpg	shuffled	06716	06716
08768	08768	08768.jpg	16930.jpg	shuffled	16930	16930
08769	08769	08769.jpg	03335.jpg	shuffled	03335	03335
08770	08770	08770.jpg	03672.jpg	shuffled	03672	03672
08771	08771	08771.jpg	06314.jpg	shuffled	06314	06314
08772	08772	08772.jpg	00988.jpg	shuffled	00988	00988
08773	08773	08773.jpg	06524.jpg	shuffled	06524	06524
08774	08774	08774.jpg	08114.jpg	shuffled	08114	08114
08775	08775	08775.jpg	08251.jpg	shuffled	08251	08251
08776	08776	08776.jpg	17916.jpg	shuffled	17916	17916
08777	08777	08777.jpg	01309.jpg	shuffled	01309	01309
08778	08778	08778.jpg	07483.jpg	shuffled	07483	07483
08779	08779	08779.jpg	07067.jpg	shuffled	07067	07067
08780	08780	08780.jpg	08280.jpg	shuffled	08280	08280
08781	08781	08781.jpg	07810.jpg	shuffled	07810	07810
08782	08782	08782.jpg	02125.jpg	shuffled	02125	02125
08783	08783	08783.jpg	02396.jpg	shuffled	02396	02396
08784	08784	08784.jpg	07653.jpg	shuffled	07653	07653
08785	08785	08785.jpg	12038.jpg	shuffled	12038	12038
08786	08786	08786.jpg	10842.jpg	shuffled	10842	10842
08787	08787	08787.jpg	03322.jpg	shuffled	03322	03322
08788	08788	08788.jpg	10153.jpg	shuffled	10153	10153
08789	08789	08789.jpg	14068.jpg	shuffled	14068	14068
08790	08790	08790.jpg	03892.jpg	shuffled	03892	03892
08791	08791	08791.jpg	10947.jpg	shuffled	10947	10947
08792	08792	08792.jpg	02787.jpg	shuffled	02787	02787
08793	08793	08793.jpg	17722.jpg	shuffled	17722	17722
08794	08794	08794.jpg	14990.jpg	shuffled	14990	14990
08795	08795	08795.jpg	10928.jpg	shuffled	10928	10928
08796	08796	08796.jpg	03323.jpg	shuffled	03323	03323
08797	08797	08797.jpg	01866.jpg	shuffled	01866	01866
08798	08798	08798.jpg	07617.jpg	shuffled	07617	07617
08799	08799	08799.jpg	11872.jpg	shuffled	11872	11872
08800	08800	08800.jpg	07439.jpg	shuffled	07439	07439
08801	08801	08801.jpg	14512.jpg	shuffled	14512	14512
08802	08802	08802.jpg	11919.jpg	shuffled	11919	11919
08803	08803	08803.jpg	15312.jpg	shuffled	15312	15312
08804	08804	08804.jpg	02617.jpg	shuffled	02617	02617
08805	08805	08805.jpg	04931.jpg	shuffled	04931	04931
08806	08806	08806.jpg	06879.jpg	shuffled	06879	06879
08807	08807	08807.jpg	06825.jpg	shuffled	06825	06825
08808	08808	08808.jpg	03594.jpg	shuffled	03594	03594
08809	08809	08809.jpg	07603.jpg	shuffled	07603	07603
08810	08810	08810.jpg	16998.jpg	shuffled	16998	16998
08811	08811	08811.jpg	14858.jpg	shuffled	14858	14858
08812	08812	08812.jpg	14559.jpg	shuffled	14559	14559
08813	08813	08813.jpg	09730.jpg	shuffled	09730	09730
08814	08814	08814.jpg	06923.jpg	shuffled	06923	06923
08815	08815	08815.jpg	15443.jpg	shuffled	15443	15443
08816	08816	08816.jpg	05585.jpg	shuffled	05585	05585
08817	08817	08817.jpg	14818.jpg	shuffled	14818	14818
08818	08818	08818.jpg	07127.jpg	shuffled	07127	07127
08819	08819	08819.jpg	11116.jpg	shuffled	11116	11116
08820	08820	08820.jpg	05753.jpg	shuffled	05753	05753
08821	08821	08821.jpg	04500.jpg	shuffled	04500	04500
08822	08822	08822.jpg	17098.jpg	shuffled	17098	17098
08823	08823	08823.jpg	15486.jpg	shuffled	15486	15486
08824	08824	08824.jpg	16410.jpg	shuffled	16410	16410
08825	08825	08825.jpg	07264.jpg	shuffled	07264	07264
08826	08826	08826.jpg	10193.jpg	shuffled	10193	10193
08827	08827	08827.jpg	14879.jpg	shuffled	14879	14879
08828	08828	08828.jpg	14373.jpg	shuffled	14373	14373
08829	08829	08829.jpg	12047.jpg	shuffled	12047	12047
08830	08830	08830.jpg	05340.jpg	shuffled	05340	05340
08831	08831	08831.jpg	08146.jpg	shuffled	08146	08146
08832	08832	08832.jpg	12462.jpg	shuffled	12462	12462
08833	08833	08833.jpg	03600.jpg	shuffled	03600	03600
08834	08834	08834.jpg	16621.jpg	shuffled	16621	16621
08835	08835	08835.jpg	04315.jpg	shuffled	04315	04315
08836	08836	08836.jpg	05634.jpg	shuffled	05634	05634
08837	08837	08837.jpg	12772.jpg	shuffled	12772	12772
08838	08838	08838.jpg	10512.jpg	shuffled	10512	10512
08839	08839	08839.jpg	16639.jpg	shuffled	16639	16639
08840	08840	08840.jpg	02173.jpg	shuffled	02173	02173
08841	08841	08841.jpg	05834.jpg	shuffled	05834	05834
08842	08842	08842.jpg	06288.jpg	shuffled	06288	06288
08843	08843	08843.jpg	00056.jpg	shuffled	00056	00056
08844	08844	08844.jpg	16488.jpg	shuffled	16488	16488
08845	08845	08845.jpg	16120.jpg	shuffled	16120	16120
08846	08846	08846.jpg	00852.jpg	shuffled	00852	00852
08847	08847	08847.jpg	04181.jpg	shuffled	04181	04181
08848	08848	08848.jpg	07175.jpg	shuffled	07175	07175
08849	08849	08849.jpg	08592.jpg	shuffled	08592	08592
08850	08850	08850.jpg	06938.jpg	shuffled	06938	06938
08851	08851	08851.jpg	17207.jpg	shuffled	17207	17207
08852	08852	08852.jpg	02187.jpg	shuffled	02187	02187
08853	08853	08853.jpg	03082.jpg	shuffled	03082	03082
08854	08854	08854.jpg	12731.jpg	shuffled	12731	12731
08855	08855	08855.jpg	17124.jpg	shuffled	17124	17124
08856	08856	08856.jpg	01848.jpg	shuffled	01848	01848
08857	08857	08857.jpg	13299.jpg	shuffled	13299	13299
08858	08858	08858.jpg	10999.jpg	shuffled	10999	10999
08859	08859	08859.jpg	01487.jpg	shuffled	01487	01487
08860	08860	08860.jpg	06268.jpg	shuffled	06268	06268
08861	08861	08861.jpg	09555.jpg	shuffled	09555	09555
08862	08862	08862.jpg	06292.jpg	shuffled	06292	06292
08863	08863	08863.jpg	13092.jpg	shuffled	13092	13092
08864	08864	08864.jpg	03983.jpg	shuffled	03983	03983
08865	08865	08865.jpg	03783.jpg	shuffled	03783	03783
08866	08866	08866.jpg	07535.jpg	shuffled	07535	07535
08867	08867	08867.jpg	11604.jpg	shuffled	11604	11604
08868	08868	08868.jpg	15556.jpg	shuffled	15556	15556
08869	08869	08869.jpg	17174.jpg	shuffled	17174	17174
08870	08870	08870.jpg	02996.jpg	shuffled	02996	02996
08871	08871	08871.jpg	13678.jpg	shuffled	13678	13678
08872	08872	08872.jpg	06086.jpg	shuffled	06086	06086
08873	08873	08873.jpg	17084.jpg	shuffled	17084	17084
08874	08874	08874.jpg	16175.jpg	shuffled	16175	16175
08875	08875	08875.jpg	08704.jpg	shuffled	08704	08704
08876	08876	08876.jpg	13555.jpg	shuffled	13555	13555
08877	08877	08877.jpg	03938.jpg	shuffled	03938	03938
08878	08878	08878.jpg	17043.jpg	shuffled	17043	17043
08879	08879	08879.jpg	13319.jpg	shuffled	13319	13319
08880	08880	08880.jpg	11445.jpg	shuffled	11445	11445
08881	08881	08881.jpg	17181.jpg	shuffled	17181	17181
08882	08882	08882.jpg	01431.jpg	shuffled	01431	01431
08883	08883	08883.jpg	09710.jpg	shuffled	09710	09710
08884	08884	08884.jpg	03817.jpg	shuffled	03817	03817
08885	08885	08885.jpg	06215.jpg	shuffled	06215	06215
08886	08886	08886.jpg	13853.jpg	shuffled	13853	13853
08887	08887	08887.jpg	05850.jpg	shuffled	05850	05850
08888	08888	08888.jpg	06977.jpg	shuffled	06977	06977
08889	08889	08889.jpg	04308.jpg	shuffled	04308	04308
08890	08890	08890.jpg	14915.jpg	shuffled	14915	14915
08891	08891	08891.jpg	01207.jpg	shuffled	01207	01207
08892	08892	08892.jpg	14802.jpg	shuffled	14802	14802
08893	08893	08893.jpg	01063.jpg	shuffled	01063	01063
08894	08894	08894.jpg	02704.jpg	shuffled	02704	02704
08895	08895	08895.jpg	17564.jpg	shuffled	17564	17564
08896	08896	08896.jpg	04954.jpg	shuffled	04954	04954
08897	08897	08897.jpg	09633.jpg	shuffled	09633	09633
08898	08898	08898.jpg	16278.jpg	shuffled	16278	16278
08899	08899	08899.jpg	02447.jpg	shuffled	02447	02447
08900	08900	08900.jpg	14412.jpg	shuffled	14412	14412
08901	08901	08901.jpg	14206.jpg	shuffled	14206	14206
08902	08902	08902.jpg	06461.jpg	shuffled	06461	06461
08903	08903	08903.jpg	05539.jpg	shuffled	05539	05539
08904	08904	08904.jpg	13302.jpg	shuffled	13302	13302
08905	08905	08905.jpg	06805.jpg	shuffled	06805	06805
08906	08906	08906.jpg	03097.jpg	shuffled	03097	03097
08907	08907	08907.jpg	04996.jpg	shuffled	04996	04996
08908	08908	08908.jpg	02575.jpg	shuffled	02575	02575
08909	08909	08909.jpg	06543.jpg	shuffled	06543	06543
08910	08910	08910.jpg	15274.jpg	shuffled	15274	15274
08911	08911	08911.jpg	15160.jpg	shuffled	15160	15160
08912	08912	08912.jpg	16342.jpg	shuffled	16342	16342
08913	08913	08913.jpg	08560.jpg	shuffled	08560	08560
08914	08914	08914.jpg	14919.jpg	shuffled	14919	14919
08915	08915	08915.jpg	09916.jpg	shuffled	09916	09916
08916	08916	08916.jpg	11726.jpg	shuffled	11726	11726
08917	08917	08917.jpg	14776.jpg	shuffled	14776	14776
08918	08918	08918.jpg	00023.jpg	shuffled	00023	00023
08919	08919	08919.jpg	00941.jpg	shuffled	00941	00941
08920	08920	08920.jpg	12363.jpg	shuffled	12363	12363
08921	08921	08921.jpg	11253.jpg	shuffled	11253	11253
08922	08922	08922.jpg	15103.jpg	shuffled	15103	15103
08923	08923	08923.jpg	11383.jpg	shuffled	11383	11383
08924	08924	08924.jpg	17268.jpg	shuffled	17268	17268
08925	08925	08925.jpg	02462.jpg	shuffled	02462	02462
08926	08926	08926.jpg	05463.jpg	shuffled	05463	05463
08927	08927	08927.jpg	15570.jpg	shuffled	15570	15570
08928	08928	08928.jpg	01197.jpg	shuffled	01197	01197
08929	08929	08929.jpg	15495.jpg	shuffled	15495	15495
08930	08930	08930.jpg	08317.jpg	shuffled	08317	08317
08931	08931	08931.jpg	08985.jpg	shuffled	08985	08985
08932	08932	08932.jpg	05015.jpg	shuffled	05015	05015
08933	08933	08933.jpg	04403.jpg	shuffled	04403	04403
08934	08934	08934.jpg	17450.jpg	shuffled	17450	17450
08935	08935	08935.jpg	16063.jpg	shuffled	16063	16063
08936	08936	08936.jpg	10418.jpg	shuffled	10418	10418
08937	08937	08937.jpg	11466.jpg	shuffled	11466	11466
08938	08938	08938.jpg	13984.jpg	shuffled	13984	13984
08939	08939	08939.jpg	07561.jpg	shuffled	07561	07561
08940	08940	08940.jpg	15548.jpg	shuffled	15548	15548
08941	08941	08941.jpg	10770.jpg	shuffled	10770	10770
08942	08942	08942.jpg	04793.jpg	shuffled	04793	04793
08943	08943	08943.jpg	06471.jpg	shuffled	06471	06471
08944	08944	08944.jpg	14200.jpg	shuffled	14200	14200
08945	08945	08945.jpg	07724.jpg	shuffled	07724	07724
08946	08946	08946.jpg	01842.jpg	shuffled	01842	01842
08947	08947	08947.jpg	11587.jpg	shuffled	11587	11587
08948	08948	08948.jpg	04692.jpg	shuffled	04692	04692
08949	08949	08949.jpg	10694.jpg	shuffled	10694	10694
08950	08950	08950.jpg	10994.jpg	shuffled	10994	10994
08951	08951	08951.jpg	16464.jpg	shuffled	16464	16464
08952	08952	08952.jpg	04077.jpg	shuffled	04077	04077
08953	08953	08953.jpg	03804.jpg	shuffled	03804	03804
08954	08954	08954.jpg	03227.jpg	shuffled	03227	03227
08955	08955	08955.jpg	10970.jpg	shuffled	10970	10970
08956	08956	08956.jpg	17179.jpg	shuffled	17179	17179
08957	08957	08957.jpg	12408.jpg	shuffled	12408	12408
08958	08958	08958.jpg	10478.jpg	shuffled	10478	10478
08959	08959	08959.jpg	10023.jpg	shuffled	10023	10023
08960	08960	08960.jpg	12840.jpg	shuffled	12840	12840
08961	08961	08961.jpg	17586.jpg	shuffled	17586	17586
08962	08962	08962.jpg	09387.jpg	shuffled	09387	09387
08963	08963	08963.jpg	11786.jpg	shuffled	11786	11786
08964	08964	08964.jpg	01158.jpg	shuffled	01158	01158
08965	08965	08965.jpg	12016.jpg	shuffled	12016	12016
08966	08966	08966.jpg	03117.jpg	shuffled	03117	03117
08967	08967	08967.jpg	05272.jpg	shuffled	05272	05272
08968	08968	08968.jpg	06666.jpg	shuffled	06666	06666
08969	08969	08969.jpg	07043.jpg	shuffled	07043	07043
08970	08970	08970.jpg	02390.jpg	shuffled	02390	02390
08971	08971	08971.jpg	16318.jpg	shuffled	16318	16318
08972	08972	08972.jpg	14978.jpg	shuffled	14978	14978
08973	08973	08973.jpg	06753.jpg	shuffled	06753	06753
08974	08974	08974.jpg	10050.jpg	shuffled	10050	10050
08975	08975	08975.jpg	15809.jpg	shuffled	15809	15809
08976	08976	08976.jpg	07576.jpg	shuffled	07576	07576
08977	08977	08977.jpg	16272.jpg	shuffled	16272	16272
08978	08978	08978.jpg	15234.jpg	shuffled	15234	15234
08979	08979	08979.jpg	11050.jpg	shuffled	11050	11050
08980	08980	08980.jpg	10262.jpg	shuffled	10262	10262
08981	08981	08981.jpg	11761.jpg	shuffled	11761	11761
08982	08982	08982.jpg	06117.jpg	shuffled	06117	06117
08983	08983	08983.jpg	15931.jpg	shuffled	15931	15931
08984	08984	08984.jpg	13164.jpg	shuffled	13164	13164
08985	08985	08985.jpg	12156.jpg	shuffled	12156	12156
08986	08986	08986.jpg	07739.jpg	shuffled	07739	07739
08987	08987	08987.jpg	05248.jpg	shuffled	05248	05248
08988	08988	08988.jpg	04528.jpg	shuffled	04528	04528
08989	08989	08989.jpg	17704.jpg	shuffled	17704	17704
08990	08990	08990.jpg	00645.jpg	shuffled	00645	00645
08991	08991	08991.jpg	13570.jpg	shuffled	13570	13570
08992	08992	08992.jpg	04495.jpg	shuffled	04495	04495
08993	08993	08993.jpg	01225.jpg	shuffled	01225	01225
08994	08994	08994.jpg	11312.jpg	shuffled	11312	11312
08995	08995	08995.jpg	06800.jpg	shuffled	06800	06800
08996	08996	08996.jpg	11550.jpg	shuffled	11550	11550
08997	08997	08997.jpg	14665.jpg	shuffled	14665	14665
08998	08998	08998.jpg	00689.jpg	shuffled	00689	00689
08999	08999	08999.jpg	08850.jpg	shuffled	08850	08850
09000	09000	09000.jpg	12636.jpg	shuffled	12636	12636
09001	09001	09001.jpg	08399.jpg	shuffled	08399	08399
09002	09002	09002.jpg	00073.jpg	shuffled	00073	00073
09003	09003	09003.jpg	09978.jpg	shuffled	09978	09978
09004	09004	09004.jpg	07467.jpg	shuffled	07467	07467
09005	09005	09005.jpg	03677.jpg	shuffled	03677	03677
09006	09006	09006.jpg	13889.jpg	shuffled	13889	13889
09007	09007	09007.jpg	07476.jpg	shuffled	07476	07476
09008	09008	09008.jpg	16242.jpg	shuffled	16242	16242
09009	09009	09009.jpg	09843.jpg	shuffled	09843	09843
09010	09010	09010.jpg	13660.jpg	shuffled	13660	13660
09011	09011	09011.jpg	02290.jpg	shuffled	02290	02290
09012	09012	09012.jpg	17076.jpg	shuffled	17076	17076
09013	09013	09013.jpg	17829.jpg	shuffled	17829	17829
09014	09014	09014.jpg	05125.jpg	shuffled	05125	05125
09015	09015	09015.jpg	09660.jpg	shuffled	09660	09660
09016	09016	09016.jpg	13556.jpg	shuffled	13556	13556
09017	09017	09017.jpg	14754.jpg	shuffled	14754	14754
09018	09018	09018.jpg	06783.jpg	shuffled	06783	06783
09019	09019	09019.jpg	11406.jpg	shuffled	11406	11406
09020	09020	09020.jpg	16462.jpg	shuffled	16462	16462
09021	09021	09021.jpg	14701.jpg	shuffled	14701	14701
09022	09022	09022.jpg	02732.jpg	shuffled	02732	02732
09023	09023	09023.jpg	07791.jpg	shuffled	07791	07791
09024	09024	09024.jpg	00656.jpg	shuffled	00656	00656
09025	09025	09025.jpg	01334.jpg	shuffled	01334	01334
09026	09026	09026.jpg	01828.jpg	shuffled	01828	01828
09027	09027	09027.jpg	06410.jpg	shuffled	06410	06410
09028	09028	09028.jpg	00790.jpg	shuffled	00790	00790
09029	09029	09029.jpg	12727.jpg	shuffled	12727	12727
09030	09030	09030.jpg	08452.jpg	shuffled	08452	08452
09031	09031	09031.jpg	09182.jpg	shuffled	09182	09182
09032	09032	09032.jpg	17573.jpg	shuffled	17573	17573
09033	09033	09033.jpg	05514.jpg	shuffled	05514	05514
09034	09034	09034.jpg	01286.jpg	shuffled	01286	01286
09035	09035	09035.jpg	12741.jpg	shuffled	12741	12741
09036	09036	09036.jpg	10793.jpg	shuffled	10793	10793
09037	09037	09037.jpg	13280.jpg	shuffled	13280	13280
09038	09038	09038.jpg	03986.jpg	shuffled	03986	03986
09039	09039	09039.jpg	12787.jpg	shuffled	12787	12787
09040	09040	09040.jpg	06928.jpg	shuffled	06928	06928
09041	09041	09041.jpg	03387.jpg	shuffled	03387	03387
09042	09042	09042.jpg	15288.jpg	shuffled	15288	15288
09043	09043	09043.jpg	06065.jpg	shuffled	06065	06065
09044	09044	09044.jpg	01835.jpg	shuffled	01835	01835
09045	09045	09045.jpg	13490.jpg	shuffled	13490	13490
09046	09046	09046.jpg	09009.jpg	shuffled	09009	09009
09047	09047	09047.jpg	15131.jpg	shuffled	15131	15131
09048	09048	09048.jpg	10425.jpg	shuffled	10425	10425
09049	09049	09049.jpg	04588.jpg	shuffled	04588	04588
09050	09050	09050.jpg	09142.jpg	shuffled	09142	09142
09051	09051	09051.jpg	03520.jpg	shuffled	03520	03520
09052	09052	09052.jpg	17100.jpg	shuffled	17100	17100
09053	09053	09053.jpg	01630.jpg	shuffled	01630	01630
09054	09054	09054.jpg	05784.jpg	shuffled	05784	05784
09055	09055	09055.jpg	12678.jpg	shuffled	12678	12678
09056	09056	09056.jpg	14021.jpg	shuffled	14021	14021
09057	09057	09057.jpg	03705.jpg	shuffled	03705	03705
09058	09058	09058.jpg	13121.jpg	shuffled	13121	13121
09059	09059	09059.jpg	03131.jpg	shuffled	03131	03131
09060	09060	09060.jpg	07191.jpg	shuffled	07191	07191
09061	09061	09061.jpg	14053.jpg	shuffled	14053	14053
09062	09062	09062.jpg	07121.jpg	shuffled	07121	07121
09063	09063	09063.jpg	15366.jpg	shuffled	15366	15366
09064	09064	09064.jpg	08635.jpg	shuffled	08635	08635
09065	09065	09065.jpg	16077.jpg	shuffled	16077	16077
09066	09066	09066.jpg	06237.jpg	shuffled	06237	06237
09067	09067	09067.jpg	16046.jpg	shuffled	16046	16046
09068	09068	09068.jpg	01554.jpg	shuffled	01554	01554
09069	09069	09069.jpg	16439.jpg	shuffled	16439	16439
09070	09070	09070.jpg	17398.jpg	shuffled	17398	17398
09071	09071	09071.jpg	14040.jpg	shuffled	14040	14040
09072	09072	09072.jpg	04227.jpg	shuffled	04227	04227
09073	09073	09073.jpg	14403.jpg	shuffled	14403	14403
09074	09074	09074.jpg	06565.jpg	shuffled	06565	06565
09075	09075	09075.jpg	05279.jpg	shuffled	05279	05279
09076	09076	09076.jpg	04215.jpg	shuffled	04215	04215
09077	09077	09077.jpg	08908.jpg	shuffled	08908	08908
09078	09078	09078.jpg	07468.jpg	shuffled	07468	07468
09079	09079	09079.jpg	03585.jpg	shuffled	03585	03585
09080	09080	09080.jpg	10855.jpg	shuffled	10855	10855
09081	09081	09081.jpg	01623.jpg	shuffled	01623	01623
09082	09082	09082.jpg	04238.jpg	shuffled	04238	04238
09083	09083	09083.jpg	17784.jpg	shuffled	17784	17784
09084	09084	09084.jpg	06424.jpg	shuffled	06424	06424
09085	09085	09085.jpg	13744.jpg	shuffled	13744	13744
09086	09086	09086.jpg	13997.jpg	shuffled	13997	13997
09087	09087	09087.jpg	02068.jpg	shuffled	02068	02068
09088	09088	09088.jpg	16550.jpg	shuffled	16550	16550
09089	09089	09089.jpg	05316.jpg	shuffled	05316	05316
09090	09090	09090.jpg	06631.jpg	shuffled	06631	06631
09091	09091	09091.jpg	09744.jpg	shuffled	09744	09744
09092	09092	09092.jpg	10159.jpg	shuffled	10159	10159
09093	09093	09093.jpg	07919.jpg	shuffled	07919	07919
09094	09094	09094.jpg	04069.jpg	shuffled	04069	04069
09095	09095	09095.jpg	17272.jpg	shuffled	17272	17272
09096	09096	09096.jpg	01183.jpg	shuffled	01183	01183
09097	09097	09097.jpg	17218.jpg	shuffled	17218	17218
09098	09098	09098.jpg	13218.jpg	shuffled	13218	13218
09099	09099	09099.jpg	12146.jpg	shuffled	12146	12146
09100	09100	09100.jpg	08761.jpg	shuffled	08761	08761
09101	09101	09101.jpg	07352.jpg	shuffled	07352	07352
09102	09102	09102.jpg	12204.jpg	shuffled	12204	12204
09103	09103	09103.jpg	05101.jpg	shuffled	05101	05101
09104	09104	09104.jpg	10559.jpg	shuffled	10559	10559
09105	09105	09105.jpg	01355.jpg	shuffled	01355	01355
09106	09106	09106.jpg	12544.jpg	shuffled	12544	12544
09107	09107	09107.jpg	11665.jpg	shuffled	11665	11665
09108	09108	09108.jpg	13387.jpg	shuffled	13387	13387
09109	09109	09109.jpg	13225.jpg	shuffled	13225	13225
09110	09110	09110.jpg	03812.jpg	shuffled	03812	03812
09111	09111	09111.jpg	02705.jpg	shuffled	02705	02705
09112	09112	09112.jpg	06645.jpg	shuffled	06645	06645
09113	09113	09113.jpg	14986.jpg	shuffled	14986	14986
09114	09114	09114.jpg	04849.jpg	shuffled	04849	04849
09115	09115	09115.jpg	10455.jpg	shuffled	10455	10455
09116	09116	09116.jpg	03437.jpg	shuffled	03437	03437
09117	09117	09117.jpg	04730.jpg	shuffled	04730	04730
09118	09118	09118.jpg	01857.jpg	shuffled	01857	01857
09119	09119	09119.jpg	00858.jpg	shuffled	00858	00858
09120	09120	09120.jpg	01111.jpg	shuffled	01111	01111
09121	09121	09121.jpg	17433.jpg	shuffled	17433	17433
09122	09122	09122.jpg	02282.jpg	shuffled	02282	02282
09123	09123	09123.jpg	13538.jpg	shuffled	13538	13538
09124	09124	09124.jpg	04712.jpg	shuffled	04712	04712
09125	09125	09125.jpg	00531.jpg	shuffled	00531	00531
09126	09126	09126.jpg	08785.jpg	shuffled	08785	08785
09127	09127	09127.jpg	00004.jpg	shuffled	00004	00004
09128	09128	09128.jpg	00823.jpg	shuffled	00823	00823
09129	09129	09129.jpg	01832.jpg	shuffled	01832	01832
09130	09130	09130.jpg	16870.jpg	shuffled	16870	16870
09131	09131	09131.jpg	04256.jpg	shuffled	04256	04256
09132	09132	09132.jpg	15478.jpg	shuffled	15478	15478
09133	09133	09133.jpg	03373.jpg	shuffled	03373	03373
09134	09134	09134.jpg	03111.jpg	shuffled	03111	03111
09135	09135	09135.jpg	09306.jpg	shuffled	09306	09306
09136	09136	09136.jpg	01172.jpg	shuffled	01172	01172
09137	09137	09137.jpg	13200.jpg	shuffled	13200	13200
09138	09138	09138.jpg	05268.jpg	shuffled	05268	05268
09139	09139	09139.jpg	14329.jpg	shuffled	14329	14329
09140	09140	09140.jpg	12279.jpg	shuffled	12279	12279
09141	09141	09141.jpg	15118.jpg	shuffled	15118	15118
09142	09142	09142.jpg	14896.jpg	shuffled	14896	14896
09143	09143	09143.jpg	01585.jpg	shuffled	01585	01585
09144	09144	09144.jpg	04617.jpg	shuffled	04617	04617
09145	09145	09145.jpg	04844.jpg	shuffled	04844	04844
09146	09146	09146.jpg	15497.jpg	shuffled	15497	15497
09147	09147	09147.jpg	11328.jpg	shuffled	11328	11328
09148	09148	09148.jpg	08688.jpg	shuffled	08688	08688
09149	09149	09149.jpg	16284.jpg	shuffled	16284	16284
09150	09150	09150.jpg	05580.jpg	shuffled	05580	05580
09151	09151	09151.jpg	14440.jpg	shuffled	14440	14440
09152	09152	09152.jpg	01109.jpg	shuffled	01109	01109
09153	09153	09153.jpg	11839.jpg	shuffled	11839	11839
09154	09154	09154.jpg	07858.jpg	shuffled	07858	07858
09155	09155	09155.jpg	14561.jpg	shuffled	14561	14561
09156	09156	09156.jpg	06897.jpg	shuffled	06897	06897
09157	09157	09157.jpg	02378.jpg	shuffled	02378	02378
09158	09158	09158.jpg	09394.jpg	shuffled	09394	09394
09159	09159	09159.jpg	13718.jpg	shuffled	13718	13718
09160	09160	09160.jpg	01738.jpg	shuffled	01738	01738
09161	09161	09161.jpg	14795.jpg	shuffled	14795	14795
09162	09162	09162.jpg	08122.jpg	shuffled	08122	08122
09163	09163	09163.jpg	02055.jpg	shuffled	02055	02055
09164	09164	09164.jpg	04890.jpg	shuffled	04890	04890
09165	09165	09165.jpg	04390.jpg	shuffled	04390	04390
09166	09166	09166.jpg	12666.jpg	shuffled	12666	12666
09167	09167	09167.jpg	10065.jpg	shuffled	10065	10065
09168	09168	09168.jpg	09970.jpg	shuffled	09970	09970
09169	09169	09169.jpg	09733.jpg	shuffled	09733	09733
09170	09170	09170.jpg	13481.jpg	shuffled	13481	13481
09171	09171	09171.jpg	04471.jpg	shuffled	04471	04471
09172	09172	09172.jpg	01085.jpg	shuffled	01085	01085
09173	09173	09173.jpg	15162.jpg	shuffled	15162	15162
09174	09174	09174.jpg	16474.jpg	shuffled	16474	16474
09175	09175	09175.jpg	11646.jpg	shuffled	11646	11646
09176	09176	09176.jpg	12827.jpg	shuffled	12827	12827
09177	09177	09177.jpg	02917.jpg	shuffled	02917	02917
09178	09178	09178.jpg	05888.jpg	shuffled	05888	05888
09179	09179	09179.jpg	07874.jpg	shuffled	07874	07874
09180	09180	09180.jpg	10171.jpg	shuffled	10171	10171
09181	09181	09181.jpg	03907.jpg	shuffled	03907	03907
09182	09182	09182.jpg	05263.jpg	shuffled	05263	05263
09183	09183	09183.jpg	06121.jpg	shuffled	06121	06121
09184	09184	09184.jpg	02218.jpg	shuffled	02218	02218
09185	09185	09185.jpg	02102.jpg	shuffled	02102	02102
09186	09186	09186.jpg	02144.jpg	shuffled	02144	02144
09187	09187	09187.jpg	15055.jpg	shuffled	15055	15055
09188	09188	09188.jpg	02279.jpg	shuffled	02279	02279
09189	09189	09189.jpg	02371.jpg	shuffled	02371	02371
09190	09190	09190.jpg	14833.jpg	shuffled	14833	14833
09191	09191	09191.jpg	15957.jpg	shuffled	15957	15957
09192	09192	09192.jpg	13343.jpg	shuffled	13343	13343
09193	09193	09193.jpg	14744.jpg	shuffled	14744	14744
09194	09194	09194.jpg	04718.jpg	shuffled	04718	04718
09195	09195	09195.jpg	10327.jpg	shuffled	10327	10327
09196	09196	09196.jpg	12147.jpg	shuffled	12147	12147
09197	09197	09197.jpg	10483.jpg	shuffled	10483	10483
09198	09198	09198.jpg	02623.jpg	shuffled	02623	02623
09199	09199	09199.jpg	02098.jpg	shuffled	02098	02098
09200	09200	09200.jpg	14611.jpg	shuffled	14611	14611
09201	09201	09201.jpg	06826.jpg	shuffled	06826	06826
09202	09202	09202.jpg	00006.jpg	shuffled	00006	00006
09203	09203	09203.jpg	15919.jpg	shuffled	15919	15919
09204	09204	09204.jpg	02260.jpg	shuffled	02260	02260
09205	09205	09205.jpg	03456.jpg	shuffled	03456	03456
09206	09206	09206.jpg	17073.jpg	shuffled	17073	17073
09207	09207	09207.jpg	17384.jpg	shuffled	17384	17384
09208	09208	09208.jpg	03661.jpg	shuffled	03661	03661
09209	09209	09209.jpg	08752.jpg	shuffled	08752	08752
09210	09210	09210.jpg	01546.jpg	shuffled	01546	01546
09211	09211	09211.jpg	04587.jpg	shuffled	04587	04587
09212	09212	09212.jpg	14929.jpg	shuffled	14929	14929
09213	09213	09213.jpg	09504.jpg	shuffled	09504	09504
09214	09214	09214.jpg	13392.jpg	shuffled	13392	13392
09215	09215	09215.jpg	06256.jpg	shuffled	06256	06256
09216	09216	09216.jpg	07516.jpg	shuffled	07516	07516
09217	09217	09217.jpg	17457.jpg	shuffled	17457	17457
09218	09218	09218.jpg	05619.jpg	shuffled	05619	05619
09219	09219	09219.jpg	03513.jpg	shuffled	03513	03513
09220	09220	09220.jpg	07089.jpg	shuffled	07089	07089
09221	09221	09221.jpg	16148.jpg	shuffled	16148	16148
09222	09222	09222.jpg	14796.jpg	shuffled	14796	14796
09223	09223	09223.jpg	10726.jpg	shuffled	10726	10726
09224	09224	09224.jpg	00361.jpg	shuffled	00361	00361
09225	09225	09225.jpg	12337.jpg	shuffled	12337	12337
09226	09226	09226.jpg	05835.jpg	shuffled	05835	05835
09227	09227	09227.jpg	06318.jpg	shuffled	06318	06318
09228	09228	09228.jpg	08944.jpg	shuffled	08944	08944
09229	09229	09229.jpg	03580.jpg	shuffled	03580	03580
09230	09230	09230.jpg	09061.jpg	shuffled	09061	09061
09231	09231	09231.jpg	05061.jpg	shuffled	05061	05061
09232	09232	09232.jpg	05081.jpg	shuffled	05081	05081
09233	09233	09233.jpg	09961.jpg	shuffled	09961	09961
09234	09234	09234.jpg	09331.jpg	shuffled	09331	09331
09235	09235	09235.jpg	16394.jpg	shuffled	16394	16394
09236	09236	09236.jpg	11005.jpg	shuffled	11005	11005
09237	09237	09237.jpg	03538.jpg	shuffled	03538	03538
09238	09238	09238.jpg	10528.jpg	shuffled	10528	10528
09239	09239	09239.jpg	07573.jpg	shuffled	07573	07573
09240	09240	09240.jpg	09691.jpg	shuffled	09691	09691
09241	09241	09241.jpg	14952.jpg	shuffled	14952	14952
09242	09242	09242.jpg	17249.jpg	shuffled	17249	17249
09243	09243	09243.jpg	16564.jpg	shuffled	16564	16564
09244	09244	09244.jpg	01681.jpg	shuffled	01681	01681
09245	09245	09245.jpg	10852.jpg	shuffled	10852	10852
09246	09246	09246.jpg	05120.jpg	shuffled	05120	05120
09247	09247	09247.jpg	07353.jpg	shuffled	07353	07353
09248	09248	09248.jpg	13487.jpg	shuffled	13487	13487
09249	09249	09249.jpg	09554.jpg	shuffled	09554	09554
09250	09250	09250.jpg	06608.jpg	shuffled	06608	06608
09251	09251	09251.jpg	01315.jpg	shuffled	01315	01315
09252	09252	09252.jpg	06981.jpg	shuffled	06981	06981
09253	09253	09253.jpg	07683.jpg	shuffled	07683	07683
09254	09254	09254.jpg	02677.jpg	shuffled	02677	02677
09255	09255	09255.jpg	11418.jpg	shuffled	11418	11418
09256	09256	09256.jpg	05477.jpg	shuffled	05477	05477
09257	09257	09257.jpg	04970.jpg	shuffled	04970	04970
09258	09258	09258.jpg	07320.jpg	shuffled	07320	07320
09259	09259	09259.jpg	14566.jpg	shuffled	14566	14566
09260	09260	09260.jpg	06546.jpg	shuffled	06546	06546
09261	09261	09261.jpg	17443.jpg	shuffled	17443	17443
09262	09262	09262.jpg	13969.jpg	shuffled	13969	13969
09263	09263	09263.jpg	14280.jpg	shuffled	14280	14280
09264	09264	09264.jpg	05189.jpg	shuffled	05189	05189
09265	09265	09265.jpg	06824.jpg	shuffled	06824	06824
09266	09266	09266.jpg	17939.jpg	shuffled	17939	17939
09267	09267	09267.jpg	08394.jpg	shuffled	08394	08394
09268	09268	09268.jpg	11132.jpg	shuffled	11132	11132
09269	09269	09269.jpg	16692.jpg	shuffled	16692	16692
09270	09270	09270.jpg	09311.jpg	shuffled	09311	09311
09271	09271	09271.jpg	12578.jpg	shuffled	12578	12578
09272	09272	09272.jpg	06176.jpg	shuffled	06176	06176
09273	09273	09273.jpg	14793.jpg	shuffled	14793	14793
09274	09274	09274.jpg	08539.jpg	shuffled	08539	08539
09275	09275	09275.jpg	02000.jpg	shuffled	02000	02000
09276	09276	09276.jpg	01203.jpg	shuffled	01203	01203
09277	09277	09277.jpg	16859.jpg	shuffled	16859	16859
09278	09278	09278.jpg	04690.jpg	shuffled	04690	04690
09279	09279	09279.jpg	05814.jpg	shuffled	05814	05814
09280	09280	09280.jpg	02003.jpg	shuffled	02003	02003
09281	09281	09281.jpg	00604.jpg	shuffled	00604	00604
09282	09282	09282.jpg	07294.jpg	shuffled	07294	07294
09283	09283	09283.jpg	03700.jpg	shuffled	03700	03700
09284	09284	09284.jpg	13883.jpg	shuffled	13883	13883
09285	09285	09285.jpg	03604.jpg	shuffled	03604	03604
09286	09286	09286.jpg	03161.jpg	shuffled	03161	03161
09287	09287	09287.jpg	01480.jpg	shuffled	01480	01480
09288	09288	09288.jpg	01407.jpg	shuffled	01407	01407
09289	09289	09289.jpg	12556.jpg	shuffled	12556	12556
09290	09290	09290.jpg	12202.jpg	shuffled	12202	12202
09291	09291	09291.jpg	17663.jpg	shuffled	17663	17663
09292	09292	09292.jpg	02246.jpg	shuffled	02246	02246
09293	09293	09293.jpg	07290.jpg	shuffled	07290	07290
09294	09294	09294.jpg	03910.jpg	shuffled	03910	03910
09295	09295	09295.jpg	16449.jpg	shuffled	16449	16449
09296	09296	09296.jpg	14763.jpg	shuffled	14763	14763
09297	09297	09297.jpg	06440.jpg	shuffled	06440	06440
09298	09298	09298.jpg	01582.jpg	shuffled	01582	01582
09299	09299	09299.jpg	12332.jpg	shuffled	12332	12332
09300	09300	09300.jpg	05429.jpg	shuffled	05429	05429
09301	09301	09301.jpg	04384.jpg	shuffled	04384	04384
09302	09302	09302.jpg	05537.jpg	shuffled	05537	05537
09303	09303	09303.jpg	11617.jpg	shuffled	11617	11617
09304	09304	09304.jpg	07304.jpg	shuffled	07304	07304
09305	09305	09305.jpg	00009.jpg	shuffled	00009	00009
09306	09306	09306.jpg	15032.jpg	shuffled	15032	15032
09307	09307	09307.jpg	09163.jpg	shuffled	09163	09163
09308	09308	09308.jpg	07181.jpg	shuffled	07181	07181
09309	09309	09309.jpg	08141.jpg	shuffled	08141	08141
09310	09310	09310.jpg	15918.jpg	shuffled	15918	15918
09311	09311	09311.jpg	04581.jpg	shuffled	04581	04581
09312	09312	09312.jpg	16084.jpg	shuffled	16084	16084
09313	09313	09313.jpg	06240.jpg	shuffled	06240	06240
09314	09314	09314.jpg	02312.jpg	shuffled	02312	02312
09315	09315	09315.jpg	07665.jpg	shuffled	07665	07665
09316	09316	09316.jpg	09560.jpg	shuffled	09560	09560
09317	09317	09317.jpg	01990.jpg	shuffled	01990	01990
09318	09318	09318.jpg	03629.jpg	shuffled	03629	03629
09319	09319	09319.jpg	03223.jpg	shuffled	03223	03223
09320	09320	09320.jpg	04727.jpg	shuffled	04727	04727
09321	09321	09321.jpg	03985.jpg	shuffled	03985	03985
09322	09322	09322.jpg	15687.jpg	shuffled	15687	15687
09323	09323	09323.jpg	04421.jpg	shuffled	04421	04421
09324	09324	09324.jpg	14163.jpg	shuffled	14163	14163
09325	09325	09325.jpg	08189.jpg	shuffled	08189	08189
09326	09326	09326.jpg	17801.jpg	shuffled	17801	17801
09327	09327	09327.jpg	00273.jpg	shuffled	00273	00273
09328	09328	09328.jpg	00358.jpg	shuffled	00358	00358
09329	09329	09329.jpg	13135.jpg	shuffled	13135	13135
09330	09330	09330.jpg	17523.jpg	shuffled	17523	17523
09331	09331	09331.jpg	14635.jpg	shuffled	14635	14635
09332	09332	09332.jpg	07853.jpg	shuffled	07853	07853
09333	09333	09333.jpg	13166.jpg	shuffled	13166	13166
09334	09334	09334.jpg	16533.jpg	shuffled	16533	16533
09335	09335	09335.jpg	17964.jpg	shuffled	17964	17964
09336	09336	09336.jpg	07410.jpg	shuffled	07410	07410
09337	09337	09337.jpg	03179.jpg	shuffled	03179	03179
09338	09338	09338.jpg	05997.jpg	shuffled	05997	05997
09339	09339	09339.jpg	05331.jpg	shuffled	05331	05331
09340	09340	09340.jpg	10699.jpg	shuffled	10699	10699
09341	09341	09341.jpg	17611.jpg	shuffled	17611	17611
09342	09342	09342.jpg	17372.jpg	shuffled	17372	17372
09343	09343	09343.jpg	08699.jpg	shuffled	08699	08699
09344	09344	09344.jpg	05054.jpg	shuffled	05054	05054
09345	09345	09345.jpg	12791.jpg	shuffled	12791	12791
09346	09346	09346.jpg	13747.jpg	shuffled	13747	13747
09347	09347	09347.jpg	01170.jpg	shuffled	01170	01170
09348	09348	09348.jpg	02245.jpg	shuffled	02245	02245
09349	09349	09349.jpg	17645.jpg	shuffled	17645	17645
09350	09350	09350.jpg	02931.jpg	shuffled	02931	02931
09351	09351	09351.jpg	07211.jpg	shuffled	07211	07211
09352	09352	09352.jpg	16722.jpg	shuffled	16722	16722
09353	09353	09353.jpg	15126.jpg	shuffled	15126	15126
09354	09354	09354.jpg	10372.jpg	shuffled	10372	10372
09355	09355	09355.jpg	11560.jpg	shuffled	11560	11560
09356	09356	09356.jpg	17061.jpg	shuffled	17061	17061
09357	09357	09357.jpg	03383.jpg	shuffled	03383	03383
09358	09358	09358.jpg	03645.jpg	shuffled	03645	03645
09359	09359	09359.jpg	02486.jpg	shuffled	02486	02486
09360	09360	09360.jpg	03843.jpg	shuffled	03843	03843
09361	09361	09361.jpg	10448.jpg	shuffled	10448	10448
09362	09362	09362.jpg	00641.jpg	shuffled	00641	00641
09363	09363	09363.jpg	10090.jpg	shuffled	10090	10090
09364	09364	09364.jpg	01796.jpg	shuffled	01796	01796
09365	09365	09365.jpg	09185.jpg	shuffled	09185	09185
09366	09366	09366.jpg	03278.jpg	shuffled	03278	03278
09367	09367	09367.jpg	12959.jpg	shuffled	12959	12959
09368	09368	09368.jpg	14948.jpg	shuffled	14948	14948
09369	09369	09369.jpg	12581.jpg	shuffled	12581	12581
09370	09370	09370.jpg	05369.jpg	shuffled	05369	05369
09371	09371	09371.jpg	16876.jpg	shuffled	16876	16876
09372	09372	09372.jpg	07404.jpg	shuffled	07404	07404
09373	09373	09373.jpg	06242.jpg	shuffled	06242	06242
09374	09374	09374.jpg	00441.jpg	shuffled	00441	00441
09375	09375	09375.jpg	01066.jpg	shuffled	01066	01066
09376	09376	09376.jpg	10833.jpg	shuffled	10833	10833
09377	09377	09377.jpg	02830.jpg	shuffled	02830	02830
09378	09378	09378.jpg	02286.jpg	shuffled	02286	02286
09379	09379	09379.jpg	11317.jpg	shuffled	11317	11317
09380	09380	09380.jpg	14463.jpg	shuffled	14463	14463
09381	09381	09381.jpg	12355.jpg	shuffled	12355	12355
09382	09382	09382.jpg	02772.jpg	shuffled	02772	02772
09383	09383	09383.jpg	14933.jpg	shuffled	14933	14933
09384	09384	09384.jpg	11893.jpg	shuffled	11893	11893
09385	09385	09385.jpg	08629.jpg	shuffled	08629	08629
09386	09386	09386.jpg	01795.jpg	shuffled	01795	01795
09387	09387	09387.jpg	16755.jpg	shuffled	16755	16755
09388	09388	09388.jpg	15550.jpg	shuffled	15550	15550
09389	09389	09389.jpg	15985.jpg	shuffled	15985	15985
09390	09390	09390.jpg	09178.jpg	shuffled	09178	09178
09391	09391	09391.jpg	07137.jpg	shuffled	07137	07137
09392	09392	09392.jpg	07039.jpg	shuffled	07039	07039
09393	09393	09393.jpg	01011.jpg	shuffled	01011	01011
09394	09394	09394.jpg	09571.jpg	shuffled	09571	09571
09395	09395	09395.jpg	07365.jpg	shuffled	07365	07365
09396	09396	09396.jpg	12842.jpg	shuffled	12842	12842
09397	09397	09397.jpg	16472.jpg	shuffled	16472	16472
09398	09398	09398.jpg	03668.jpg	shuffled	03668	03668
09399	09399	09399.jpg	13306.jpg	shuffled	13306	13306
09400	09400	09400.jpg	00369.jpg	shuffled	00369	00369
09401	09401	09401.jpg	00064.jpg	shuffled	00064	00064
09402	09402	09402.jpg	15285.jpg	shuffled	15285	15285
09403	09403	09403.jpg	04254.jpg	shuffled	04254	04254
09404	09404	09404.jpg	13188.jpg	shuffled	13188	13188
09405	09405	09405.jpg	03100.jpg	shuffled	03100	03100
09406	09406	09406.jpg	04520.jpg	shuffled	04520	04520
09407	09407	09407.jpg	01944.jpg	shuffled	01944	01944
09408	09408	09408.jpg	12196.jpg	shuffled	12196	12196
09409	09409	09409.jpg	11990.jpg	shuffled	11990	11990
09410	09410	09410.jpg	08437.jpg	shuffled	08437	08437
09411	09411	09411.jpg	11985.jpg	shuffled	11985	11985
09412	09412	09412.jpg	00160.jpg	shuffled	00160	00160
09413	09413	09413.jpg	16443.jpg	shuffled	16443	16443
09414	09414	09414.jpg	00572.jpg	shuffled	00572	00572
09415	09415	09415.jpg	16936.jpg	shuffled	16936	16936
09416	09416	09416.jpg	16047.jpg	shuffled	16047	16047
09417	09417	09417.jpg	17624.jpg	shuffled	17624	17624
09418	09418	09418.jpg	14166.jpg	shuffled	14166	14166
09419	09419	09419.jpg	10125.jpg	shuffled	10125	10125
09420	09420	09420.jpg	10061.jpg	shuffled	10061	10061
09421	09421	09421.jpg	07020.jpg	shuffled	07020	07020
09422	09422	09422.jpg	03180.jpg	shuffled	03180	03180
09423	09423	09423.jpg	10743.jpg	shuffled	10743	10743
09424	09424	09424.jpg	13220.jpg	shuffled	13220	13220
09425	09425	09425.jpg	10354.jpg	shuffled	10354	10354
09426	09426	09426.jpg	14560.jpg	shuffled	14560	14560
09427	09427	09427.jpg	00480.jpg	shuffled	00480	00480
09428	09428	09428.jpg	09893.jpg	shuffled	09893	09893
09429	09429	09429.jpg	14455.jpg	shuffled	14455	14455
09430	09430	09430.jpg	03608.jpg	shuffled	03608	03608
09431	09431	09431.jpg	03458.jpg	shuffled	03458	03458
09432	09432	09432.jpg	08892.jpg	shuffled	08892	08892
09433	09433	09433.jpg	15277.jpg	shuffled	15277	15277
09434	09434	09434.jpg	16605.jpg	shuffled	16605	16605
09435	09435	09435.jpg	13338.jpg	shuffled	13338	13338
09436	09436	09436.jpg	05256.jpg	shuffled	05256	05256
09437	09437	09437.jpg	06353.jpg	shuffled	06353	06353
09438	09438	09438.jpg	05053.jpg	shuffled	05053	05053
09439	09439	09439.jpg	08063.jpg	shuffled	08063	08063
09440	09440	09440.jpg	04276.jpg	shuffled	04276	04276
09441	09441	09441.jpg	13595.jpg	shuffled	13595	13595
09442	09442	09442.jpg	10890.jpg	shuffled	10890	10890
09443	09443	09443.jpg	16748.jpg	shuffled	16748	16748
09444	09444	09444.jpg	02849.jpg	shuffled	02849	02849
09445	09445	09445.jpg	05613.jpg	shuffled	05613	05613
09446	09446	09446.jpg	17286.jpg	shuffled	17286	17286
09447	09447	09447.jpg	06971.jpg	shuffled	06971	06971
09448	09448	09448.jpg	12720.jpg	shuffled	12720	12720
09449	09449	09449.jpg	13905.jpg	shuffled	13905	13905
09450	09450	09450.jpg	00360.jpg	shuffled	00360	00360
09451	09451	09451.jpg	07664.jpg	shuffled	07664	07664
09452	09452	09452.jpg	01743.jpg	shuffled	01743	01743
09453	09453	09453.jpg	05750.jpg	shuffled	05750	05750
09454	09454	09454.jpg	16397.jpg	shuffled	16397	16397
09455	09455	09455.jpg	07843.jpg	shuffled	07843	07843
09456	09456	09456.jpg	01695.jpg	shuffled	01695	01695
09457	09457	09457.jpg	17968.jpg	shuffled	17968	17968
09458	09458	09458.jpg	15248.jpg	shuffled	15248	15248
09459	09459	09459.jpg	03867.jpg	shuffled	03867	03867
09460	09460	09460.jpg	01808.jpg	shuffled	01808	01808
09461	09461	09461.jpg	04316.jpg	shuffled	04316	04316
09462	09462	09462.jpg	16149.jpg	shuffled	16149	16149
09463	09463	09463.jpg	12742.jpg	shuffled	12742	12742
09464	09464	09464.jpg	08609.jpg	shuffled	08609	08609
09465	09465	09465.jpg	08962.jpg	shuffled	08962	08962
09466	09466	09466.jpg	15463.jpg	shuffled	15463	15463
09467	09467	09467.jpg	11175.jpg	shuffled	11175	11175
09468	09468	09468.jpg	08023.jpg	shuffled	08023	08023
09469	09469	09469.jpg	03951.jpg	shuffled	03951	03951
09470	09470	09470.jpg	07073.jpg	shuffled	07073	07073
09471	09471	09471.jpg	16499.jpg	shuffled	16499	16499
09472	09472	09472.jpg	14208.jpg	shuffled	14208	14208
09473	09473	09473.jpg	14709.jpg	shuffled	14709	14709
09474	09474	09474.jpg	16581.jpg	shuffled	16581	16581
09475	09475	09475.jpg	03252.jpg	shuffled	03252	03252
09476	09476	09476.jpg	00257.jpg	shuffled	00257	00257
09477	09477	09477.jpg	09774.jpg	shuffled	09774	09774
09478	09478	09478.jpg	11284.jpg	shuffled	11284	11284
09479	09479	09479.jpg	00229.jpg	shuffled	00229	00229
09480	09480	09480.jpg	08183.jpg	shuffled	08183	08183
09481	09481	09481.jpg	07844.jpg	shuffled	07844	07844
09482	09482	09482.jpg	16959.jpg	shuffled	16959	16959
09483	09483	09483.jpg	11798.jpg	shuffled	11798	11798
09484	09484	09484.jpg	08366.jpg	shuffled	08366	08366
09485	09485	09485.jpg	14753.jpg	shuffled	14753	14753
09486	09486	09486.jpg	02994.jpg	shuffled	02994	02994
09487	09487	09487.jpg	05449.jpg	shuffled	05449	05449
09488	09488	09488.jpg	03617.jpg	shuffled	03617	03617
09489	09489	09489.jpg	10328.jpg	shuffled	10328	10328
09490	09490	09490.jpg	13402.jpg	shuffled	13402	13402
09491	09491	09491.jpg	04126.jpg	shuffled	04126	04126
09492	09492	09492.jpg	10591.jpg	shuffled	10591	10591
09493	09493	09493.jpg	06607.jpg	shuffled	06607	06607
09494	09494	09494.jpg	12004.jpg	shuffled	12004	12004
09495	09495	09495.jpg	14402.jpg	shuffled	14402	14402
09496	09496	09496.jpg	05089.jpg	shuffled	05089	05089
09497	09497	09497.jpg	07652.jpg	shuffled	07652	07652
09498	09498	09498.jpg	06216.jpg	shuffled	06216	06216
09499	09499	09499.jpg	16914.jpg	shuffled	16914	16914
09500	09500	09500.jpg	03345.jpg	shuffled	03345	03345
09501	09501	09501.jpg	04056.jpg	shuffled	04056	04056
09502	09502	09502.jpg	09262.jpg	shuffled	09262	09262
09503	09503	09503.jpg	00556.jpg	shuffled	00556	00556
09504	09504	09504.jpg	15480.jpg	shuffled	15480	15480
09505	09505	09505.jpg	06530.jpg	shuffled	06530	06530
09506	09506	09506.jpg	03643.jpg	shuffled	03643	03643
09507	09507	09507.jpg	06174.jpg	shuffled	06174	06174
09508	09508	09508.jpg	09817.jpg	shuffled	09817	09817
09509	09509	09509.jpg	16958.jpg	shuffled	16958	16958
09510	09510	09510.jpg	10543.jpg	shuffled	10543	10543
09511	09511	09511.jpg	03401.jpg	shuffled	03401	03401
09512	09512	09512.jpg	17895.jpg	shuffled	17895	17895
09513	09513	09513.jpg	15511.jpg	shuffled	15511	15511
09514	09514	09514.jpg	03578.jpg	shuffled	03578	03578
09515	09515	09515.jpg	03563.jpg	shuffled	03563	03563
09516	09516	09516.jpg	04879.jpg	shuffled	04879	04879
09517	09517	09517.jpg	02352.jpg	shuffled	02352	02352
09518	09518	09518.jpg	09005.jpg	shuffled	09005	09005
09519	09519	09519.jpg	13569.jpg	shuffled	13569	13569
09520	09520	09520.jpg	01370.jpg	shuffled	01370	01370
09521	09521	09521.jpg	07057.jpg	shuffled	07057	07057
09522	09522	09522.jpg	09152.jpg	shuffled	09152	09152
09523	09523	09523.jpg	15524.jpg	shuffled	15524	15524
09524	09524	09524.jpg	17763.jpg	shuffled	17763	17763
09525	09525	09525.jpg	17813.jpg	shuffled	17813	17813
09526	09526	09526.jpg	17981.jpg	shuffled	17981	17981
09527	09527	09527.jpg	16957.jpg	shuffled	16957	16957
09528	09528	09528.jpg	08774.jpg	shuffled	08774	08774
09529	09529	09529.jpg	04530.jpg	shuffled	04530	04530
09530	09530	09530.jpg	11915.jpg	shuffled	11915	11915
09531	09531	09531.jpg	14251.jpg	shuffled	14251	14251
09532	09532	09532.jpg	14051.jpg	shuffled	14051	14051
09533	09533	09533.jpg	09124.jpg	shuffled	09124	09124
09534	09534	09534.jpg	10376.jpg	shuffled	10376	10376
09535	09535	09535.jpg	12236.jpg	shuffled	12236	12236
09536	09536	09536.jpg	09165.jpg	shuffled	09165	09165
09537	09537	09537.jpg	13117.jpg	shuffled	13117	13117
09538	09538	09538.jpg	05304.jpg	shuffled	05304	05304
09539	09539	09539.jpg	13453.jpg	shuffled	13453	13453
09540	09540	09540.jpg	11340.jpg	shuffled	11340	11340
09541	09541	09541.jpg	12623.jpg	shuffled	12623	12623
09542	09542	09542.jpg	05515.jpg	shuffled	05515	05515
09543	09543	09543.jpg	13717.jpg	shuffled	13717	13717
09544	09544	09544.jpg	17707.jpg	shuffled	17707	17707
09545	09545	09545.jpg	13746.jpg	shuffled	13746	13746
09546	09546	09546.jpg	17400.jpg	shuffled	17400	17400
09547	09547	09547.jpg	17246.jpg	shuffled	17246	17246
09548	09548	09548.jpg	13979.jpg	shuffled	13979	13979
09549	09549	09549.jpg	11172.jpg	shuffled	11172	11172
09550	09550	09550.jpg	04778.jpg	shuffled	04778	04778
09551	09551	09551.jpg	17478.jpg	shuffled	17478	17478
09552	09552	09552.jpg	16573.jpg	shuffled	16573	16573
09553	09553	09553.jpg	03702.jpg	shuffled	03702	03702
09554	09554	09554.jpg	03141.jpg	shuffled	03141	03141
09555	09555	09555.jpg	09348.jpg	shuffled	09348	09348
09556	09556	09556.jpg	08645.jpg	shuffled	08645	08645
09557	09557	09557.jpg	08508.jpg	shuffled	08508	08508
09558	09558	09558.jpg	05099.jpg	shuffled	05099	05099
09559	09559	09559.jpg	10450.jpg	shuffled	10450	10450
09560	09560	09560.jpg	08945.jpg	shuffled	08945	08945
09561	09561	09561.jpg	11117.jpg	shuffled	11117	11117
09562	09562	09562.jpg	09770.jpg	shuffled	09770	09770
09563	09563	09563.jpg	10358.jpg	shuffled	10358	10358
09564	09564	09564.jpg	08605.jpg	shuffled	08605	08605
09565	09565	09565.jpg	09034.jpg	shuffled	09034	09034
09566	09566	09566.jpg	00494.jpg	shuffled	00494	00494
09567	09567	09567.jpg	16178.jpg	shuffled	16178	16178
09568	09568	09568.jpg	17583.jpg	shuffled	17583	17583
09569	09569	09569.jpg	09974.jpg	shuffled	09974	09974
09570	09570	09570.jpg	09662.jpg	shuffled	09662	09662
09571	09571	09571.jpg	12825.jpg	shuffled	12825	12825
09572	09572	09572.jpg	02140.jpg	shuffled	02140	02140
09573	09573	09573.jpg	12711.jpg	shuffled	12711	12711
09574	09574	09574.jpg	08631.jpg	shuffled	08631	08631
09575	09575	09575.jpg	04059.jpg	shuffled	04059	04059
09576	09576	09576.jpg	09687.jpg	shuffled	09687	09687
09577	09577	09577.jpg	08648.jpg	shuffled	08648	08648
09578	09578	09578.jpg	14004.jpg	shuffled	14004	14004
09579	09579	09579.jpg	11854.jpg	shuffled	11854	11854
09580	09580	09580.jpg	11355.jpg	shuffled	11355	11355
09581	09581	09581.jpg	16990.jpg	shuffled	16990	16990
09582	09582	09582.jpg	05959.jpg	shuffled	05959	05959
09583	09583	09583.jpg	17837.jpg	shuffled	17837	17837
09584	09584	09584.jpg	04047.jpg	shuffled	04047	04047
09585	09585	09585.jpg	16895.jpg	shuffled	16895	16895
09586	09586	09586.jpg	11734.jpg	shuffled	11734	11734
09587	09587	09587.jpg	17502.jpg	shuffled	17502	17502
09588	09588	09588.jpg	13081.jpg	shuffled	13081	13081
09589	09589	09589.jpg	13106.jpg	shuffled	13106	13106
09590	09590	09590.jpg	05627.jpg	shuffled	05627	05627
09591	09591	09591.jpg	13615.jpg	shuffled	13615	13615
09592	09592	09592.jpg	09754.jpg	shuffled	09754	09754
09593	09593	09593.jpg	08490.jpg	shuffled	08490	08490
09594	09594	09594.jpg	00996.jpg	shuffled	00996	00996
09595	09595	09595.jpg	07456.jpg	shuffled	07456	07456
09596	09596	09596.jpg	00958.jpg	shuffled	00958	00958
09597	09597	09597.jpg	02021.jpg	shuffled	02021	02021
09598	09598	09598.jpg	04080.jpg	shuffled	04080	04080
09599	09599	09599.jpg	00287.jpg	shuffled	00287	00287
09600	09600	09600.jpg	03125.jpg	shuffled	03125	03125
09601	09601	09601.jpg	14261.jpg	shuffled	14261	14261
09602	09602	09602.jpg	10940.jpg	shuffled	10940	10940
09603	09603	09603.jpg	12628.jpg	shuffled	12628	12628
09604	09604	09604.jpg	03821.jpg	shuffled	03821	03821
09605	09605	09605.jpg	04823.jpg	shuffled	04823	04823
09606	09606	09606.jpg	05444.jpg	shuffled	05444	05444
09607	09607	09607.jpg	10954.jpg	shuffled	10954	10954
09608	09608	09608.jpg	02621.jpg	shuffled	02621	02621
09609	09609	09609.jpg	10789.jpg	shuffled	10789	10789
09610	09610	09610.jpg	07821.jpg	shuffled	07821	07821
09611	09611	09611.jpg	06880.jpg	shuffled	06880	06880
09612	09612	09612.jpg	00218.jpg	shuffled	00218	00218
09613	09613	09613.jpg	09551.jpg	shuffled	09551	09551
09614	09614	09614.jpg	07945.jpg	shuffled	07945	07945
09615	09615	09615.jpg	17438.jpg	shuffled	17438	17438
09616	09616	09616.jpg	11941.jpg	shuffled	11941	11941
09617	09617	09617.jpg	12121.jpg	shuffled	12121	12121
09618	09618	09618.jpg	07542.jpg	shuffled	07542	07542
09619	09619	09619.jpg	14891.jpg	shuffled	14891	14891
09620	09620	09620.jpg	00933.jpg	shuffled	00933	00933
09621	09621	09621.jpg	06592.jpg	shuffled	06592	06592
09622	09622	09622.jpg	13355.jpg	shuffled	13355	13355
09623	09623	09623.jpg	05047.jpg	shuffled	05047	05047
09624	09624	09624.jpg	13324.jpg	shuffled	13324	13324
09625	09625	09625.jpg	00829.jpg	shuffled	00829	00829
09626	09626	09626.jpg	10843.jpg	shuffled	10843	10843
09627	09627	09627.jpg	07911.jpg	shuffled	07911	07911
09628	09628	09628.jpg	16411.jpg	shuffled	16411	16411
09629	09629	09629.jpg	10124.jpg	shuffled	10124	10124
09630	09630	09630.jpg	11001.jpg	shuffled	11001	11001
09631	09631	09631.jpg	15318.jpg	shuffled	15318	15318
09632	09632	09632.jpg	17638.jpg	shuffled	17638	17638
09633	09633	09633.jpg	11735.jpg	shuffled	11735	11735
09634	09634	09634.jpg	12833.jpg	shuffled	12833	12833
09635	09635	09635.jpg	01028.jpg	shuffled	01028	01028
09636	09636	09636.jpg	07084.jpg	shuffled	07084	07084
09637	09637	09637.jpg	11384.jpg	shuffled	11384	11384
09638	09638	09638.jpg	10563.jpg	shuffled	10563	10563
09639	09639	09639.jpg	05258.jpg	shuffled	05258	05258
09640	09640	09640.jpg	02908.jpg	shuffled	02908	02908
09641	09641	09641.jpg	02967.jpg	shuffled	02967	02967
09642	09642	09642.jpg	03647.jpg	shuffled	03647	03647
09643	09643	09643.jpg	07694.jpg	shuffled	07694	07694
09644	09644	09644.jpg	03840.jpg	shuffled	03840	03840
09645	09645	09645.jpg	10333.jpg	shuffled	10333	10333
09646	09646	09646.jpg	00501.jpg	shuffled	00501	00501
09647	09647	09647.jpg	13196.jpg	shuffled	13196	13196
09648	09648	09648.jpg	09062.jpg	shuffled	09062	09062
09649	09649	09649.jpg	15641.jpg	shuffled	15641	15641
09650	09650	09650.jpg	01322.jpg	shuffled	01322	01322
09651	09651	09651.jpg	02183.jpg	shuffled	02183	02183
09652	09652	09652.jpg	08986.jpg	shuffled	08986	08986
09653	09653	09653.jpg	08309.jpg	shuffled	08309	08309
09654	09654	09654.jpg	03796.jpg	shuffled	03796	03796
09655	09655	09655.jpg	09031.jpg	shuffled	09031	09031
09656	09656	09656.jpg	10266.jpg	shuffled	10266	10266
09657	09657	09657.jpg	12122.jpg	shuffled	12122	12122
09658	09658	09658.jpg	17739.jpg	shuffled	17739	17739
09659	09659	09659.jpg	09823.jpg	shuffled	09823	09823
09660	09660	09660.jpg	06188.jpg	shuffled	06188	06188
09661	09661	09661.jpg	07553.jpg	shuffled	07553	07553
09662	09662	09662.jpg	08363.jpg	shuffled	08363	08363
09663	09663	09663.jpg	03822.jpg	shuffled	03822	03822
09664	09664	09664.jpg	02912.jpg	shuffled	02912	02912
09665	09665	09665.jpg	17787.jpg	shuffled	17787	17787
09666	09666	09666.jpg	09083.jpg	shuffled	09083	09083
09667	09667	09667.jpg	06004.jpg	shuffled	06004	06004
09668	09668	09668.jpg	09002.jpg	shuffled	09002	09002
09669	09669	09669.jpg	07767.jpg	shuffled	07767	07767
09670	09670	09670.jpg	03173.jpg	shuffled	03173	03173
09671	09671	09671.jpg	01470.jpg	shuffled	01470	01470
09672	09672	09672.jpg	02978.jpg	shuffled	02978	02978
09673	09673	09673.jpg	11873.jpg	shuffled	11873	11873
09674	09674	09674.jpg	15213.jpg	shuffled	15213	15213
09675	09675	09675.jpg	15635.jpg	shuffled	15635	15635
09676	09676	09676.jpg	16974.jpg	shuffled	16974	16974
09677	09677	09677.jpg	08894.jpg	shuffled	08894	08894
09678	09678	09678.jpg	16683.jpg	shuffled	16683	16683
09679	09679	09679.jpg	15847.jpg	shuffled	15847	15847
09680	09680	09680.jpg	05216.jpg	shuffled	05216	05216
09681	09681	09681.jpg	17134.jpg	shuffled	17134	17134
09682	09682	09682.jpg	03633.jpg	shuffled	03633	03633
09683	09683	09683.jpg	08898.jpg	shuffled	08898	08898
09684	09684	09684.jpg	14260.jpg	shuffled	14260	14260
09685	09685	09685.jpg	14153.jpg	shuffled	14153	14153
09686	09686	09686.jpg	12033.jpg	shuffled	12033	12033
09687	09687	09687.jpg	01969.jpg	shuffled	01969	01969
09688	09688	09688.jpg	14025.jpg	shuffled	14025	14025
09689	09689	09689.jpg	01507.jpg	shuffled	01507	01507
09690	09690	09690.jpg	08546.jpg	shuffled	08546	08546
09691	09691	09691.jpg	06847.jpg	shuffled	06847	06847
09692	09692	09692.jpg	02412.jpg	shuffled	02412	02412
09693	09693	09693.jpg	11508.jpg	shuffled	11508	11508
09694	09694	09694.jpg	10431.jpg	shuffled	10431	10431
09695	09695	09695.jpg	09637.jpg	shuffled	09637	09637
09696	09696	09696.jpg	04753.jpg	shuffled	04753	04753
09697	09697	09697.jpg	03956.jpg	shuffled	03956	03956
09698	09698	09698.jpg	12107.jpg	shuffled	12107	12107
09699	09699	09699.jpg	16846.jpg	shuffled	16846	16846
09700	09700	09700.jpg	14148.jpg	shuffled	14148	14148
09701	09701	09701.jpg	08077.jpg	shuffled	08077	08077
09702	09702	09702.jpg	17311.jpg	shuffled	17311	17311
09703	09703	09703.jpg	10316.jpg	shuffled	10316	10316
09704	09704	09704.jpg	11382.jpg	shuffled	11382	11382
09705	09705	09705.jpg	09972.jpg	shuffled	09972	09972
09706	09706	09706.jpg	08880.jpg	shuffled	08880	08880
09707	09707	09707.jpg	03279.jpg	shuffled	03279	03279
09708	09708	09708.jpg	11800.jpg	shuffled	11800	11800
09709	09709	09709.jpg	06231.jpg	shuffled	06231	06231
09710	09710	09710.jpg	04538.jpg	shuffled	04538	04538
09711	09711	09711.jpg	07861.jpg	shuffled	07861	07861
09712	09712	09712.jpg	09024.jpg	shuffled	09024	09024
09713	09713	09713.jpg	01240.jpg	shuffled	01240	01240
09714	09714	09714.jpg	17476.jpg	shuffled	17476	17476
09715	09715	09715.jpg	04491.jpg	shuffled	04491	04491
09716	09716	09716.jpg	09794.jpg	shuffled	09794	09794
09717	09717	09717.jpg	15459.jpg	shuffled	15459	15459
09718	09718	09718.jpg	17748.jpg	shuffled	17748	17748
09719	09719	09719.jpg	14449.jpg	shuffled	14449	14449
09720	09720	09720.jpg	10221.jpg	shuffled	10221	10221
09721	09721	09721.jpg	03798.jpg	shuffled	03798	03798
09722	09722	09722.jpg	01929.jpg	shuffled	01929	01929
09723	09723	09723.jpg	09368.jpg	shuffled	09368	09368
09724	09724	09724.jpg	16666.jpg	shuffled	16666	16666
09725	09725	09725.jpg	01428.jpg	shuffled	01428	01428
09726	09726	09726.jpg	17597.jpg	shuffled	17597	17597
09727	09727	09727.jpg	17091.jpg	shuffled	17091	17091
09728	09728	09728.jpg	17262.jpg	shuffled	17262	17262
09729	09729	09729.jpg	00197.jpg	shuffled	00197	00197
09730	09730	09730.jpg	02977.jpg	shuffled	02977	02977
09731	09731	09731.jpg	13431.jpg	shuffled	13431	13431
09732	09732	09732.jpg	16466.jpg	shuffled	16466	16466
09733	09733	09733.jpg	09319.jpg	shuffled	09319	09319
09734	09734	09734.jpg	03460.jpg	shuffled	03460	03460
09735	09735	09735.jpg	03650.jpg	shuffled	03650	03650
09736	09736	09736.jpg	09720.jpg	shuffled	09720	09720
09737	09737	09737.jpg	08281.jpg	shuffled	08281	08281
09738	09738	09738.jpg	00810.jpg	shuffled	00810	00810
09739	09739	09739.jpg	16191.jpg	shuffled	16191	16191
09740	09740	09740.jpg	02067.jpg	shuffled	02067	02067
09741	09741	09741.jpg	11956.jpg	shuffled	11956	11956
09742	09742	09742.jpg	15344.jpg	shuffled	15344	15344
09743	09743	09743.jpg	02878.jpg	shuffled	02878	02878
09744	09744	09744.jpg	02335.jpg	shuffled	02335	02335
09745	09745	09745.jpg	12152.jpg	shuffled	12152	12152
09746	09746	09746.jpg	03428.jpg	shuffled	03428	03428
09747	09747	09747.jpg	08581.jpg	shuffled	08581	08581
09748	09748	09748.jpg	06548.jpg	shuffled	06548	06548
09749	09749	09749.jpg	13935.jpg	shuffled	13935	13935
09750	09750	09750.jpg	15292.jpg	shuffled	15292	15292
09751	09751	09751.jpg	06740.jpg	shuffled	06740	06740
09752	09752	09752.jpg	12195.jpg	shuffled	12195	12195
09753	09753	09753.jpg	07877.jpg	shuffled	07877	07877
09754	09754	09754.jpg	07087.jpg	shuffled	07087	07087
09755	09755	09755.jpg	06406.jpg	shuffled	06406	06406
09756	09756	09756.jpg	17820.jpg	shuffled	17820	17820
09757	09757	09757.jpg	05328.jpg	shuffled	05328	05328
09758	09758	09758.jpg	11470.jpg	shuffled	11470	11470
09759	09759	09759.jpg	06139.jpg	shuffled	06139	06139
09760	09760	09760.jpg	05305.jpg	shuffled	05305	05305
09761	09761	09761.jpg	17349.jpg	shuffled	17349	17349
09762	09762	09762.jpg	09411.jpg	shuffled	09411	09411
09763	09763	09763.jpg	08008.jpg	shuffled	08008	08008
09764	09764	09764.jpg	12287.jpg	shuffled	12287	12287
09765	09765	09765.jpg	06008.jpg	shuffled	06008	06008
09766	09766	09766.jpg	07670.jpg	shuffled	07670	07670
09767	09767	09767.jpg	10244.jpg	shuffled	10244	10244
09768	09768	09768.jpg	07434.jpg	shuffled	07434	07434
09769	09769	09769.jpg	12312.jpg	shuffled	12312	12312
09770	09770	09770.jpg	14090.jpg	shuffled	14090	14090
09771	09771	09771.jpg	14485.jpg	shuffled	14485	14485
09772	09772	09772.jpg	06560.jpg	shuffled	06560	06560
09773	09773	09773.jpg	12585.jpg	shuffled	12585	12585
09774	09774	09774.jpg	02702.jpg	shuffled	02702	02702
09775	09775	09775.jpg	07710.jpg	shuffled	07710	07710
09776	09776	09776.jpg	01051.jpg	shuffled	01051	01051
09777	09777	09777.jpg	08540.jpg	shuffled	08540	08540
09778	09778	09778.jpg	14110.jpg	shuffled	14110	14110
09779	09779	09779.jpg	00005.jpg	shuffled	00005	00005
09780	09780	09780.jpg	08391.jpg	shuffled	08391	08391
09781	09781	09781.jpg	05886.jpg	shuffled	05886	05886
09782	09782	09782.jpg	05508.jpg	shuffled	05508	05508
09783	09783	09783.jpg	06829.jpg	shuffled	06829	06829
09784	09784	09784.jpg	11152.jpg	shuffled	11152	11152
09785	09785	09785.jpg	17255.jpg	shuffled	17255	17255
09786	09786	09786.jpg	04373.jpg	shuffled	04373	04373
09787	09787	09787.jpg	12469.jpg	shuffled	12469	12469
09788	09788	09788.jpg	00917.jpg	shuffled	00917	00917
09789	09789	09789.jpg	06815.jpg	shuffled	06815	06815
09790	09790	09790.jpg	11700.jpg	shuffled	11700	11700
09791	09791	09791.jpg	00831.jpg	shuffled	00831	00831
09792	09792	09792.jpg	10284.jpg	shuffled	10284	10284
09793	09793	09793.jpg	08925.jpg	shuffled	08925	08925
09794	09794	09794.jpg	07257.jpg	shuffled	07257	07257
09795	09795	09795.jpg	11605.jpg	shuffled	11605	11605
09796	09796	09796.jpg	04264.jpg	shuffled	04264	04264
09797	09797	09797.jpg	04102.jpg	shuffled	04102	04102
09798	09798	09798.jpg	17023.jpg	shuffled	17023	17023
09799	09799	09799.jpg	16574.jpg	shuffled	16574	16574
09800	09800	09800.jpg	03853.jpg	shuffled	03853	03853
09801	09801	09801.jpg	07768.jpg	shuffled	07768	07768
09802	09802	09802.jpg	09392.jpg	shuffled	09392	09392
09803	09803	09803.jpg	16908.jpg	shuffled	16908	16908
09804	09804	09804.jpg	06239.jpg	shuffled	06239	06239
09805	09805	09805.jpg	12331.jpg	shuffled	12331	12331
09806	09806	09806.jpg	07184.jpg	shuffled	07184	07184
09807	09807	09807.jpg	02607.jpg	shuffled	02607	02607
09808	09808	09808.jpg	02252.jpg	shuffled	02252	02252
09809	09809	09809.jpg	15732.jpg	shuffled	15732	15732
09810	09810	09810.jpg	07460.jpg	shuffled	07460	07460
09811	09811	09811.jpg	13620.jpg	shuffled	13620	13620
09812	09812	09812.jpg	14034.jpg	shuffled	14034	14034
09813	09813	09813.jpg	04741.jpg	shuffled	04741	04741
09814	09814	09814.jpg	17762.jpg	shuffled	17762	17762
09815	09815	09815.jpg	14759.jpg	shuffled	14759	14759
09816	09816	09816.jpg	05321.jpg	shuffled	05321	05321
09817	09817	09817.jpg	15092.jpg	shuffled	15092	15092
09818	09818	09818.jpg	08798.jpg	shuffled	08798	08798
09819	09819	09819.jpg	14733.jpg	shuffled	14733	14733
09820	09820	09820.jpg	07051.jpg	shuffled	07051	07051
09821	09821	09821.jpg	12769.jpg	shuffled	12769	12769
09822	09822	09822.jpg	15060.jpg	shuffled	15060	15060
09823	09823	09823.jpg	00633.jpg	shuffled	00633	00633
09824	09824	09824.jpg	09870.jpg	shuffled	09870	09870
09825	09825	09825.jpg	14608.jpg	shuffled	14608	14608
09826	09826	09826.jpg	13586.jpg	shuffled	13586	13586
09827	09827	09827.jpg	09999.jpg	shuffled	09999	09999
09828	09828	09828.jpg	01914.jpg	shuffled	01914	01914
09829	09829	09829.jpg	05609.jpg	shuffled	05609	05609
09830	09830	09830.jpg	01702.jpg	shuffled	01702	01702
09831	09831	09831.jpg	12679.jpg	shuffled	12679	12679
09832	09832	09832.jpg	11435.jpg	shuffled	11435	11435
09833	09833	09833.jpg	04119.jpg	shuffled	04119	04119
09834	09834	09834.jpg	00677.jpg	shuffled	00677	00677
09835	09835	09835.jpg	10721.jpg	shuffled	10721	10721
09836	09836	09836.jpg	13898.jpg	shuffled	13898	13898
09837	09837	09837.jpg	12813.jpg	shuffled	12813	12813
09838	09838	09838.jpg	17898.jpg	shuffled	17898	17898
09839	09839	09839.jpg	08721.jpg	shuffled	08721	08721
09840	09840	09840.jpg	15954.jpg	shuffled	15954	15954
09841	09841	09841.jpg	10198.jpg	shuffled	10198	10198
09842	09842	09842.jpg	16035.jpg	shuffled	16035	16035
09843	09843	09843.jpg	03127.jpg	shuffled	03127	03127
09844	09844	09844.jpg	16296.jpg	shuffled	16296	16296
09845	09845	09845.jpg	15155.jpg	shuffled	15155	15155
09846	09846	09846.jpg	14893.jpg	shuffled	14893	14893
09847	09847	09847.jpg	10612.jpg	shuffled	10612	10612
09848	09848	09848.jpg	08021.jpg	shuffled	08021	08021
09849	09849	09849.jpg	14989.jpg	shuffled	14989	14989
09850	09850	09850.jpg	15571.jpg	shuffled	15571	15571
09851	09851	09851.jpg	12561.jpg	shuffled	12561	12561
09852	09852	09852.jpg	01423.jpg	shuffled	01423	01423
09853	09853	09853.jpg	15625.jpg	shuffled	15625	15625
09854	09854	09854.jpg	12102.jpg	shuffled	12102	12102
09855	09855	09855.jpg	15272.jpg	shuffled	15272	15272
09856	09856	09856.jpg	12935.jpg	shuffled	12935	12935
09857	09857	09857.jpg	05943.jpg	shuffled	05943	05943
09858	09858	09858.jpg	08025.jpg	shuffled	08025	08025
09859	09859	09859.jpg	03269.jpg	shuffled	03269	03269
09860	09860	09860.jpg	02764.jpg	shuffled	02764	02764
09861	09861	09861.jpg	02821.jpg	shuffled	02821	02821
09862	09862	09862.jpg	01200.jpg	shuffled	01200	01200
09863	09863	09863.jpg	09645.jpg	shuffled	09645	09645
09864	09864	09864.jpg	08316.jpg	shuffled	08316	08316
09865	09865	09865.jpg	02597.jpg	shuffled	02597	02597
09866	09866	09866.jpg	11950.jpg	shuffled	11950	11950
09867	09867	09867.jpg	10929.jpg	shuffled	10929	10929
09868	09868	09868.jpg	17806.jpg	shuffled	17806	17806
09869	09869	09869.jpg	03863.jpg	shuffled	03863	03863
09870	09870	09870.jpg	01490.jpg	shuffled	01490	01490
09871	09871	09871.jpg	04406.jpg	shuffled	04406	04406
09872	09872	09872.jpg	02687.jpg	shuffled	02687	02687
09873	09873	09873.jpg	09357.jpg	shuffled	09357	09357
09874	09874	09874.jpg	04673.jpg	shuffled	04673	04673
09875	09875	09875.jpg	16038.jpg	shuffled	16038	16038
09876	09876	09876.jpg	10884.jpg	shuffled	10884	10884
09877	09877	09877.jpg	16145.jpg	shuffled	16145	16145
09878	09878	09878.jpg	16792.jpg	shuffled	16792	16792
09879	09879	09879.jpg	11921.jpg	shuffled	11921	11921
09880	09880	09880.jpg	10293.jpg	shuffled	10293	10293
09881	09881	09881.jpg	04635.jpg	shuffled	04635	04635
09882	09882	09882.jpg	08619.jpg	shuffled	08619	08619
09883	09883	09883.jpg	15399.jpg	shuffled	15399	15399
09884	09884	09884.jpg	11411.jpg	shuffled	11411	11411
09885	09885	09885.jpg	01058.jpg	shuffled	01058	01058
09886	09886	09886.jpg	10903.jpg	shuffled	10903	10903
09887	09887	09887.jpg	17928.jpg	shuffled	17928	17928
09888	09888	09888.jpg	09463.jpg	shuffled	09463	09463
09889	09889	09889.jpg	11807.jpg	shuffled	11807	11807
09890	09890	09890.jpg	13171.jpg	shuffled	13171	13171
09891	09891	09891.jpg	06466.jpg	shuffled	06466	06466
09892	09892	09892.jpg	00196.jpg	shuffled	00196	00196
09893	09893	09893.jpg	16635.jpg	shuffled	16635	16635
09894	09894	09894.jpg	16489.jpg	shuffled	16489	16489
09895	09895	09895.jpg	13460.jpg	shuffled	13460	13460
09896	09896	09896.jpg	01498.jpg	shuffled	01498	01498
09897	09897	09897.jpg	04751.jpg	shuffled	04751	04751
09898	09898	09898.jpg	09210.jpg	shuffled	09210	09210
09899	09899	09899.jpg	14346.jpg	shuffled	14346	14346
09900	09900	09900.jpg	07141.jpg	shuffled	07141	07141
09901	09901	09901.jpg	15108.jpg	shuffled	15108	15108
09902	09902	09902.jpg	16703.jpg	shuffled	16703	16703
09903	09903	09903.jpg	13263.jpg	shuffled	13263	13263
09904	09904	09904.jpg	03184.jpg	shuffled	03184	03184
09905	09905	09905.jpg	17254.jpg	shuffled	17254	17254
09906	09906	09906.jpg	17328.jpg	shuffled	17328	17328
09907	09907	09907.jpg	05596.jpg	shuffled	05596	05596
09908	09908	09908.jpg	03934.jpg	shuffled	03934	03934
09909	09909	09909.jpg	03365.jpg	shuffled	03365	03365
09910	09910	09910.jpg	00300.jpg	shuffled	00300	00300
09911	09911	09911.jpg	10434.jpg	shuffled	10434	10434
09912	09912	09912.jpg	04013.jpg	shuffled	04013	04013
09913	09913	09913.jpg	09404.jpg	shuffled	09404	09404
09914	09914	09914.jpg	11327.jpg	shuffled	11327	11327
09915	09915	09915.jpg	13863.jpg	shuffled	13863	13863
09916	09916	09916.jpg	00102.jpg	shuffled	00102	00102
09917	09917	09917.jpg	06612.jpg	shuffled	06612	06612
09918	09918	09918.jpg	01392.jpg	shuffled	01392	01392
09919	09919	09919.jpg	00859.jpg	shuffled	00859	00859
09920	09920	09920.jpg	11499.jpg	shuffled	11499	11499
09921	09921	09921.jpg	08979.jpg	shuffled	08979	08979
09922	09922	09922.jpg	13533.jpg	shuffled	13533	13533
09923	09923	09923.jpg	10565.jpg	shuffled	10565	10565
09924	09924	09924.jpg	13616.jpg	shuffled	13616	13616
09925	09925	09925.jpg	07787.jpg	shuffled	07787	07787
09926	09926	09926.jpg	05532.jpg	shuffled	05532	05532
09927	09927	09927.jpg	05806.jpg	shuffled	05806	05806
09928	09928	09928.jpg	11261.jpg	shuffled	11261	11261
09929	09929	09929.jpg	07343.jpg	shuffled	07343	07343
09930	09930	09930.jpg	08510.jpg	shuffled	08510	08510
09931	09931	09931.jpg	00446.jpg	shuffled	00446	00446
09932	09932	09932.jpg	10067.jpg	shuffled	10067	10067
09933	09933	09933.jpg	14227.jpg	shuffled	14227	14227
09934	09934	09934.jpg	01326.jpg	shuffled	01326	01326
09935	09935	09935.jpg	01251.jpg	shuffled	01251	01251
09936	09936	09936.jpg	16099.jpg	shuffled	16099	16099
09937	09937	09937.jpg	01963.jpg	shuffled	01963	01963
09938	09938	09938.jpg	12830.jpg	shuffled	12830	12830
09939	09939	09939.jpg	12344.jpg	shuffled	12344	12344
09940	09940	09940.jpg	12284.jpg	shuffled	12284	12284
09941	09941	09941.jpg	04090.jpg	shuffled	04090	04090
09942	09942	09942.jpg	16371.jpg	shuffled	16371	16371
09943	09943	09943.jpg	11426.jpg	shuffled	11426	11426
09944	09944	09944.jpg	00314.jpg	shuffled	00314	00314
09945	09945	09945.jpg	00775.jpg	shuffled	00775	00775
09946	09946	09946.jpg	07985.jpg	shuffled	07985	07985
09947	09947	09947.jpg	00354.jpg	shuffled	00354	00354
09948	09948	09948.jpg	04975.jpg	shuffled	04975	04975
09949	09949	09949.jpg	02217.jpg	shuffled	02217	02217
09950	09950	09950.jpg	08632.jpg	shuffled	08632	08632
09951	09951	09951.jpg	16343.jpg	shuffled	16343	16343
09952	09952	09952.jpg	15368.jpg	shuffled	15368	15368
09953	09953	09953.jpg	03927.jpg	shuffled	03927	03927
09954	09954	09954.jpg	11143.jpg	shuffled	11143	11143
09955	09955	09955.jpg	05375.jpg	shuffled	05375	05375
09956	09956	09956.jpg	12564.jpg	shuffled	12564	12564
09957	09957	09957.jpg	01878.jpg	shuffled	01878	01878
09958	09958	09958.jpg	00346.jpg	shuffled	00346	00346
09959	09959	09959.jpg	13876.jpg	shuffled	13876	13876
09960	09960	09960.jpg	07009.jpg	shuffled	07009	07009
09961	09961	09961.jpg	08033.jpg	shuffled	08033	08033
09962	09962	09962.jpg	05965.jpg	shuffled	05965	05965
09963	09963	09963.jpg	16887.jpg	shuffled	16887	16887
09964	09964	09964.jpg	17526.jpg	shuffled	17526	17526
09965	09965	09965.jpg	05478.jpg	shuffled	05478	05478
09966	09966	09966.jpg	01883.jpg	shuffled	01883	01883
09967	09967	09967.jpg	05563.jpg	shuffled	05563	05563
09968	09968	09968.jpg	14289.jpg	shuffled	14289	14289
09969	09969	09969.jpg	06646.jpg	shuffled	06646	06646
09970	09970	09970.jpg	04806.jpg	shuffled	04806	04806
09971	09971	09971.jpg	07992.jpg	shuffled	07992	07992
09972	09972	09972.jpg	00177.jpg	shuffled	00177	00177
09973	09973	09973.jpg	03646.jpg	shuffled	03646	03646
09974	09974	09974.jpg	02781.jpg	shuffled	02781	02781
09975	09975	09975.jpg	14995.jpg	shuffled	14995	14995
09976	09976	09976.jpg	15714.jpg	shuffled	15714	15714
09977	09977	09977.jpg	14330.jpg	shuffled	14330	14330
09978	09978	09978.jpg	17640.jpg	shuffled	17640	17640
09979	09979	09979.jpg	09255.jpg	shuffled	09255	09255
09980	09980	09980.jpg	08302.jpg	shuffled	08302	08302
09981	09981	09981.jpg	11319.jpg	shuffled	11319	11319
09982	09982	09982.jpg	00821.jpg	shuffled	00821	00821
09983	09983	09983.jpg	08050.jpg	shuffled	08050	08050
09984	09984	09984.jpg	10638.jpg	shuffled	10638	10638
09985	09985	09985.jpg	17683.jpg	shuffled	17683	17683
09986	09986	09986.jpg	09803.jpg	shuffled	09803	09803
09987	09987	09987.jpg	00043.jpg	shuffled	00043	00043
09988	09988	09988.jpg	12252.jpg	shuffled	12252	12252
09989	09989	09989.jpg	17931.jpg	shuffled	17931	17931
09990	09990	09990.jpg	16206.jpg	shuffled	16206	16206
09991	09991	09991.jpg	12874.jpg	shuffled	12874	12874
09992	09992	09992.jpg	10532.jpg	shuffled	10532	10532
09993	09993	09993.jpg	11142.jpg	shuffled	11142	11142
09994	09994	09994.jpg	15933.jpg	shuffled	15933	15933
09995	09995	09995.jpg	14888.jpg	shuffled	14888	14888
09996	09996	09996.jpg	14652.jpg	shuffled	14652	14652
09997	09997	09997.jpg	10487.jpg	shuffled	10487	10487
09998	09998	09998.jpg	02739.jpg	shuffled	02739	02739
09999	09999	09999.jpg	05390.jpg	shuffled	05390	05390
10000	10000	10000.jpg	11407.jpg	shuffled	11407	11407
10001	10001	10001.jpg	07525.jpg	shuffled	07525	07525
10002	10002	10002.jpg	08624.jpg	shuffled	08624	08624
10003	10003	10003.jpg	09738.jpg	shuffled	09738	09738
10004	10004	10004.jpg	01445.jpg	shuffled	01445	01445
10005	10005	10005.jpg	06614.jpg	shuffled	06614	06614
10006	10006	10006.jpg	14316.jpg	shuffled	14316	14316
10007	10007	10007.jpg	05782.jpg	shuffled	05782	05782
10008	10008	10008.jpg	08367.jpg	shuffled	08367	08367
10009	10009	10009.jpg	00796.jpg	shuffled	00796	00796
10010	10010	10010.jpg	08254.jpg	shuffled	08254	08254
10011	10011	10011.jpg	10724.jpg	shuffled	10724	10724
10012	10012	10012.jpg	14722.jpg	shuffled	14722	14722
10013	10013	10013.jpg	11367.jpg	shuffled	11367	11367
10014	10014	10014.jpg	15728.jpg	shuffled	15728	15728
10015	10015	10015.jpg	16606.jpg	shuffled	16606	16606
10016	10016	10016.jpg	11691.jpg	shuffled	11691	11691
10017	10017	10017.jpg	04601.jpg	shuffled	04601	04601
10018	10018	10018.jpg	13839.jpg	shuffled	13839	13839
10019	10019	10019.jpg	13483.jpg	shuffled	13483	13483
10020	10020	10020.jpg	06519.jpg	shuffled	06519	06519
10021	10021	10021.jpg	03124.jpg	shuffled	03124	03124
10022	10022	10022.jpg	05261.jpg	shuffled	05261	05261
10023	10023	10023.jpg	17905.jpg	shuffled	17905	17905
10024	10024	10024.jpg	02451.jpg	shuffled	02451	02451
10025	10025	10025.jpg	11473.jpg	shuffled	11473	11473
10026	10026	10026.jpg	16310.jpg	shuffled	16310	16310
10027	10027	10027.jpg	06486.jpg	shuffled	06486	06486
10028	10028	10028.jpg	03582.jpg	shuffled	03582	03582
10029	10029	10029.jpg	04231.jpg	shuffled	04231	04231
10030	10030	10030.jpg	05916.jpg	shuffled	05916	05916
10031	10031	10031.jpg	16970.jpg	shuffled	16970	16970
10032	10032	10032.jpg	04847.jpg	shuffled	04847	04847
10033	10033	10033.jpg	05237.jpg	shuffled	05237	05237
10034	10034	10034.jpg	04277.jpg	shuffled	04277	04277
10035	10035	10035.jpg	16634.jpg	shuffled	16634	16634
10036	10036	10036.jpg	15237.jpg	shuffled	15237	15237
10037	10037	10037.jpg	17429.jpg	shuffled	17429	17429
10038	10038	10038.jpg	05024.jpg	shuffled	05024	05024
10039	10039	10039.jpg	01900.jpg	shuffled	01900	01900
10040	10040	10040.jpg	15527.jpg	shuffled	15527	15527
10041	10041	10041.jpg	17532.jpg	shuffled	17532	17532
10042	10042	10042.jpg	03416.jpg	shuffled	03416	03416
10043	10043	10043.jpg	02302.jpg	shuffled	02302	02302
10044	10044	10044.jpg	15348.jpg	shuffled	15348	15348
10045	10045	10045.jpg	11852.jpg	shuffled	11852	11852
10046	10046	10046.jpg	05992.jpg	shuffled	05992	05992
10047	10047	10047.jpg	14384.jpg	shuffled	14384	14384
10048	10048	10048.jpg	05337.jpg	shuffled	05337	05337
10049	10049	10049.jpg	04359.jpg	shuffled	04359	04359
10050	10050	10050.jpg	17307.jpg	shuffled	17307	17307
10051	10051	10051.jpg	13312.jpg	shuffled	13312	13312
10052	10052	10052.jpg	02699.jpg	shuffled	02699	02699
10053	10053	10053.jpg	04002.jpg	shuffled	04002	04002
10054	10054	10054.jpg	10103.jpg	shuffled	10103	10103
10055	10055	10055.jpg	06518.jpg	shuffled	06518	06518
10056	10056	10056.jpg	10839.jpg	shuffled	10839	10839
10057	10057	10057.jpg	08753.jpg	shuffled	08753	08753
10058	10058	10058.jpg	13255.jpg	shuffled	13255	13255
10059	10059	10059.jpg	15369.jpg	shuffled	15369	15369
10060	10060	10060.jpg	10511.jpg	shuffled	10511	10511
10061	10061	10061.jpg	10953.jpg	shuffled	10953	10953
10062	10062	10062.jpg	08174.jpg	shuffled	08174	08174
10063	10063	10063.jpg	03883.jpg	shuffled	03883	03883
10064	10064	10064.jpg	08915.jpg	shuffled	08915	08915
10065	10065	10065.jpg	04626.jpg	shuffled	04626	04626
10066	10066	10066.jpg	08816.jpg	shuffled	08816	08816
10067	10067	10067.jpg	00981.jpg	shuffled	00981	00981
10068	10068	10068.jpg	13522.jpg	shuffled	13522	13522
10069	10069	10069.jpg	03735.jpg	shuffled	03735	03735
10070	10070	10070.jpg	11306.jpg	shuffled	11306	11306
10071	10071	10071.jpg	09642.jpg	shuffled	09642	09642
10072	10072	10072.jpg	04255.jpg	shuffled	04255	04255
10073	10073	10073.jpg	07939.jpg	shuffled	07939	07939
10074	10074	10074.jpg	14507.jpg	shuffled	14507	14507
10075	10075	10075.jpg	10428.jpg	shuffled	10428	10428
10076	10076	10076.jpg	02562.jpg	shuffled	02562	02562
10077	10077	10077.jpg	05930.jpg	shuffled	05930	05930
10078	10078	10078.jpg	15850.jpg	shuffled	15850	15850
10079	10079	10079.jpg	11437.jpg	shuffled	11437	11437
10080	10080	10080.jpg	04685.jpg	shuffled	04685	04685
10081	10081	10081.jpg	03905.jpg	shuffled	03905	03905
10082	10082	10082.jpg	02891.jpg	shuffled	02891	02891
10083	10083	10083.jpg	09481.jpg	shuffled	09481	09481
10084	10084	10084.jpg	00392.jpg	shuffled	00392	00392
10085	10085	10085.jpg	01374.jpg	shuffled	01374	01374
10086	10086	10086.jpg	04532.jpg	shuffled	04532	04532
10087	10087	10087.jpg	07004.jpg	shuffled	07004	07004
10088	10088	10088.jpg	15471.jpg	shuffled	15471	15471
10089	10089	10089.jpg	04420.jpg	shuffled	04420	04420
10090	10090	10090.jpg	03857.jpg	shuffled	03857	03857
10091	10091	10091.jpg	17125.jpg	shuffled	17125	17125
10092	10092	10092.jpg	16286.jpg	shuffled	16286	16286
10093	10093	10093.jpg	10889.jpg	shuffled	10889	10889
10094	10094	10094.jpg	03280.jpg	shuffled	03280	03280
10095	10095	10095.jpg	03331.jpg	shuffled	03331	03331
10096	10096	10096.jpg	08403.jpg	shuffled	08403	08403
10097	10097	10097.jpg	08434.jpg	shuffled	08434	08434
10098	10098	10098.jpg	09128.jpg	shuffled	09128	09128
10099	10099	10099.jpg	14491.jpg	shuffled	14491	14491
10100	10100	10100.jpg	07921.jpg	shuffled	07921	07921
10101	10101	10101.jpg	00545.jpg	shuffled	00545	00545
10102	10102	10102.jpg	13663.jpg	shuffled	13663	13663
10103	10103	10103.jpg	04328.jpg	shuffled	04328	04328
10104	10104	10104.jpg	01549.jpg	shuffled	01549	01549
10105	10105	10105.jpg	15475.jpg	shuffled	15475	15475
10106	10106	10106.jpg	07091.jpg	shuffled	07091	07091
10107	10107	10107.jpg	15855.jpg	shuffled	15855	15855
10108	10108	10108.jpg	14906.jpg	shuffled	14906	14906
10109	10109	10109.jpg	14072.jpg	shuffled	14072	14072
10110	10110	10110.jpg	13656.jpg	shuffled	13656	13656
10111	10111	10111.jpg	09707.jpg	shuffled	09707	09707
10112	10112	10112.jpg	04429.jpg	shuffled	04429	04429
10113	10113	10113.jpg	17793.jpg	shuffled	17793	17793
10114	10114	10114.jpg	13819.jpg	shuffled	13819	13819
10115	10115	10115.jpg	10282.jpg	shuffled	10282	10282
10116	10116	10116.jpg	06940.jpg	shuffled	06940	06940
10117	10117	10117.jpg	00074.jpg	shuffled	00074	00074
10118	10118	10118.jpg	17177.jpg	shuffled	17177	17177
10119	10119	10119.jpg	01014.jpg	shuffled	01014	01014
10120	10120	10120.jpg	11329.jpg	shuffled	11329	11329
10121	10121	10121.jpg	07426.jpg	shuffled	07426	07426
10122	10122	10122.jpg	16824.jpg	shuffled	16824	16824
10123	10123	10123.jpg	09866.jpg	shuffled	09866	09866
10124	10124	10124.jpg	02020.jpg	shuffled	02020	02020
10125	10125	10125.jpg	11313.jpg	shuffled	11313	11313
10126	10126	10126.jpg	08637.jpg	shuffled	08637	08637
10127	10127	10127.jpg	13730.jpg	shuffled	13730	13730
10128	10128	10128.jpg	02132.jpg	shuffled	02132	02132
10129	10129	10129.jpg	09297.jpg	shuffled	09297	09297
10130	10130	10130.jpg	01421.jpg	shuffled	01421	01421
10131	10131	10131.jpg	02397.jpg	shuffled	02397	02397
10132	10132	10132.jpg	13821.jpg	shuffled	13821	13821
10133	10133	10133.jpg	01882.jpg	shuffled	01882	01882
10134	10134	10134.jpg	06684.jpg	shuffled	06684	06684
10135	10135	10135.jpg	07055.jpg	shuffled	07055	07055
10136	10136	10136.jpg	07720.jpg	shuffled	07720	07720
10137	10137	10137.jpg	11920.jpg	shuffled	11920	11920
10138	10138	10138.jpg	11033.jpg	shuffled	11033	11033
10139	10139	10139.jpg	14573.jpg	shuffled	14573	14573
10140	10140	10140.jpg	16111.jpg	shuffled	16111	16111
10141	10141	10141.jpg	01620.jpg	shuffled	01620	01620
10142	10142	10142.jpg	05584.jpg	shuffled	05584	05584
10143	10143	10143.jpg	00503.jpg	shuffled	00503	00503
10144	10144	10144.jpg	12166.jpg	shuffled	12166	12166
10145	10145	10145.jpg	00304.jpg	shuffled	00304	00304
10146	10146	10146.jpg	00288.jpg	shuffled	00288	00288
10147	10147	10147.jpg	05071.jpg	shuffled	05071	05071
10148	10148	10148.jpg	16133.jpg	shuffled	16133	16133
10149	10149	10149.jpg	02139.jpg	shuffled	02139	02139
10150	10150	10150.jpg	04445.jpg	shuffled	04445	04445
10151	10151	10151.jpg	06784.jpg	shuffled	06784	06784
10152	10152	10152.jpg	03566.jpg	shuffled	03566	03566
10153	10153	10153.jpg	05342.jpg	shuffled	05342	05342
10154	10154	10154.jpg	16697.jpg	shuffled	16697	16697
10155	10155	10155.jpg	05682.jpg	shuffled	05682	05682
10156	10156	10156.jpg	13934.jpg	shuffled	13934	13934
10157	10157	10157.jpg	12656.jpg	shuffled	12656	12656
10158	10158	10158.jpg	16497.jpg	shuffled	16497	16497
10159	10159	10159.jpg	09374.jpg	shuffled	09374	09374
10160	10160	10160.jpg	12140.jpg	shuffled	12140	12140
10161	10161	10161.jpg	12472.jpg	shuffled	12472	12472
10162	10162	10162.jpg	03362.jpg	shuffled	03362	03362
10163	10163	10163.jpg	15130.jpg	shuffled	15130	15130
10164	10164	10164.jpg	16424.jpg	shuffled	16424	16424
10165	10165	10165.jpg	14605.jpg	shuffled	14605	14605
10166	10166	10166.jpg	11885.jpg	shuffled	11885	11885
10167	10167	10167.jpg	11927.jpg	shuffled	11927	11927
10168	10168	10168.jpg	06337.jpg	shuffled	06337	06337
10169	10169	10169.jpg	11929.jpg	shuffled	11929	11929
10170	10170	10170.jpg	14324.jpg	shuffled	14324	14324
10171	10171	10171.jpg	07235.jpg	shuffled	07235	07235
10172	10172	10172.jpg	07239.jpg	shuffled	07239	07239
10173	10173	10173.jpg	14114.jpg	shuffled	14114	14114
10174	10174	10174.jpg	08213.jpg	shuffled	08213	08213
10175	10175	10175.jpg	00848.jpg	shuffled	00848	00848
10176	10176	10176.jpg	09312.jpg	shuffled	09312	09312
10177	10177	10177.jpg	03741.jpg	shuffled	03741	03741
10178	10178	10178.jpg	03259.jpg	shuffled	03259	03259
10179	10179	10179.jpg	03044.jpg	shuffled	03044	03044
10180	10180	10180.jpg	06264.jpg	shuffled	06264	06264
10181	10181	10181.jpg	06408.jpg	shuffled	06408	06408
10182	10182	10182.jpg	10937.jpg	shuffled	10937	10937
10183	10183	10183.jpg	00145.jpg	shuffled	00145	00145
10184	10184	10184.jpg	08810.jpg	shuffled	08810	08810
10185	10185	10185.jpg	00577.jpg	shuffled	00577	00577
10186	10186	10186.jpg	06313.jpg	shuffled	06313	06313
10187	10187	10187.jpg	15796.jpg	shuffled	15796	15796
10188	10188	10188.jpg	16579.jpg	shuffled	16579	16579
10189	10189	10189.jpg	16689.jpg	shuffled	16689	16689
10190	10190	10190.jpg	16197.jpg	shuffled	16197	16197
10191	10191	10191.jpg	08638.jpg	shuffled	08638	08638
10192	10192	10192.jpg	07383.jpg	shuffled	07383	07383
10193	10193	10193.jpg	17529.jpg	shuffled	17529	17529
10194	10194	10194.jpg	13801.jpg	shuffled	13801	13801
10195	10195	10195.jpg	17410.jpg	shuffled	17410	17410
10196	10196	10196.jpg	02898.jpg	shuffled	02898	02898
10197	10197	10197.jpg	07862.jpg	shuffled	07862	07862
10198	10198	10198.jpg	00030.jpg	shuffled	00030	00030
10199	10199	10199.jpg	11875.jpg	shuffled	11875	11875
10200	10200	10200.jpg	15665.jpg	shuffled	15665	15665
10201	10201	10201.jpg	05564.jpg	shuffled	05564	05564
10202	10202	10202.jpg	14510.jpg	shuffled	14510	14510
10203	10203	10203.jpg	04681.jpg	shuffled	04681	04681
10204	10204	10204.jpg	16856.jpg	shuffled	16856	16856
10205	10205	10205.jpg	11157.jpg	shuffled	11157	11157
10206	10206	10206.jpg	08881.jpg	shuffled	08881	08881
10207	10207	10207.jpg	12377.jpg	shuffled	12377	12377
10208	10208	10208.jpg	05736.jpg	shuffled	05736	05736
10209	10209	10209.jpg	12620.jpg	shuffled	12620	12620
10210	10210	10210.jpg	13643.jpg	shuffled	13643	13643
10211	10211	10211.jpg	03308.jpg	shuffled	03308	03308
10212	10212	10212.jpg	06344.jpg	shuffled	06344	06344
10213	10213	10213.jpg	13213.jpg	shuffled	13213	13213
10214	10214	10214.jpg	02632.jpg	shuffled	02632	02632
10215	10215	10215.jpg	09089.jpg	shuffled	09089	09089
10216	10216	10216.jpg	14669.jpg	shuffled	14669	14669
10217	10217	10217.jpg	01352.jpg	shuffled	01352	01352
10218	10218	10218.jpg	15874.jpg	shuffled	15874	15874
10219	10219	10219.jpg	01084.jpg	shuffled	01084	01084
10220	10220	10220.jpg	08373.jpg	shuffled	08373	08373
10221	10221	10221.jpg	06418.jpg	shuffled	06418	06418
10222	10222	10222.jpg	13812.jpg	shuffled	13812	13812
10223	10223	10223.jpg	17150.jpg	shuffled	17150	17150
10224	10224	10224.jpg	16485.jpg	shuffled	16485	16485
10225	10225	10225.jpg	03219.jpg	shuffled	03219	03219
10226	10226	10226.jpg	17198.jpg	shuffled	17198	17198
10227	10227	10227.jpg	14670.jpg	shuffled	14670	14670
10228	10228	10228.jpg	10132.jpg	shuffled	10132	10132
10229	10229	10229.jpg	03632.jpg	shuffled	03632	03632
10230	10230	10230.jpg	11823.jpg	shuffled	11823	11823
10231	10231	10231.jpg	17324.jpg	shuffled	17324	17324
10232	10232	10232.jpg	04951.jpg	shuffled	04951	04951
10233	10233	10233.jpg	16965.jpg	shuffled	16965	16965
10234	10234	10234.jpg	06996.jpg	shuffled	06996	06996
10235	10235	10235.jpg	13565.jpg	shuffled	13565	13565
10236	10236	10236.jpg	03489.jpg	shuffled	03489	03489
10237	10237	10237.jpg	07422.jpg	shuffled	07422	07422
10238	10238	10238.jpg	00576.jpg	shuffled	00576	00576
10239	10239	10239.jpg	11103.jpg	shuffled	11103	11103
10240	10240	10240.jpg	00406.jpg	shuffled	00406	00406
10241	10241	10241.jpg	11365.jpg	shuffled	11365	11365
10242	10242	10242.jpg	03283.jpg	shuffled	03283	03283
10243	10243	10243.jpg	11512.jpg	shuffled	11512	11512
10244	10244	10244.jpg	04246.jpg	shuffled	04246	04246
10245	10245	10245.jpg	02618.jpg	shuffled	02618	02618
10246	10246	10246.jpg	01347.jpg	shuffled	01347	01347
10247	10247	10247.jpg	05295.jpg	shuffled	05295	05295
10248	10248	10248.jpg	05982.jpg	shuffled	05982	05982
10249	10249	10249.jpg	06299.jpg	shuffled	06299	06299
10250	10250	10250.jpg	17990.jpg	shuffled	17990	17990
10251	10251	10251.jpg	13504.jpg	shuffled	13504	13504
10252	10252	10252.jpg	02573.jpg	shuffled	02573	02573
10253	10253	10253.jpg	00680.jpg	shuffled	00680	00680
10254	10254	10254.jpg	15011.jpg	shuffled	15011	15011
10255	10255	10255.jpg	07589.jpg	shuffled	07589	07589
10256	10256	10256.jpg	11036.jpg	shuffled	11036	11036
10257	10257	10257.jpg	10642.jpg	shuffled	10642	10642
10258	10258	10258.jpg	06090.jpg	shuffled	06090	06090
10259	10259	10259.jpg	08694.jpg	shuffled	08694	08694
10260	10260	10260.jpg	12936.jpg	shuffled	12936	12936
10261	10261	10261.jpg	04125.jpg	shuffled	04125	04125
10262	10262	10262.jpg	16811.jpg	shuffled	16811	16811
10263	10263	10263.jpg	11114.jpg	shuffled	11114	11114
10264	10264	10264.jpg	14066.jpg	shuffled	14066	14066
10265	10265	10265.jpg	11756.jpg	shuffled	11756	11756
10266	10266	10266.jpg	12193.jpg	shuffled	12193	12193
10267	10267	10267.jpg	17418.jpg	shuffled	17418	17418
10268	10268	10268.jpg	00214.jpg	shuffled	00214	00214
10269	10269	10269.jpg	08319.jpg	shuffled	08319	08319
10270	10270	10270.jpg	15197.jpg	shuffled	15197	15197
10271	10271	10271.jpg	09937.jpg	shuffled	09937	09937
10272	10272	10272.jpg	17506.jpg	shuffled	17506	17506
10273	10273	10273.jpg	12647.jpg	shuffled	12647	12647
10274	10274	10274.jpg	12274.jpg	shuffled	12274	12274
10275	10275	10275.jpg	16412.jpg	shuffled	16412	16412
10276	10276	10276.jpg	11962.jpg	shuffled	11962	11962
10277	10277	10277.jpg	17685.jpg	shuffled	17685	17685
10278	10278	10278.jpg	13758.jpg	shuffled	13758	13758
10279	10279	10279.jpg	04043.jpg	shuffled	04043	04043
10280	10280	10280.jpg	08610.jpg	shuffled	08610	08610
10281	10281	10281.jpg	14059.jpg	shuffled	14059	14059
10282	10282	10282.jpg	02234.jpg	shuffled	02234	02234
10283	10283	10283.jpg	12704.jpg	shuffled	12704	12704
10284	10284	10284.jpg	12552.jpg	shuffled	12552	12552
10285	10285	10285.jpg	08107.jpg	shuffled	08107	08107
10286	10286	10286.jpg	07279.jpg	shuffled	07279	07279
10287	10287	10287.jpg	07942.jpg	shuffled	07942	07942
10288	10288	10288.jpg	16682.jpg	shuffled	16682	16682
10289	10289	10289.jpg	01945.jpg	shuffled	01945	01945
10290	10290	10290.jpg	10097.jpg	shuffled	10097	10097
10291	10291	10291.jpg	14686.jpg	shuffled	14686	14686
10292	10292	10292.jpg	13042.jpg	shuffled	13042	13042
10293	10293	10293.jpg	13909.jpg	shuffled	13909	13909
10294	10294	10294.jpg	16128.jpg	shuffled	16128	16128
10295	10295	10295.jpg	03376.jpg	shuffled	03376	03376
10296	10296	10296.jpg	11780.jpg	shuffled	11780	11780
10297	10297	10297.jpg	12151.jpg	shuffled	12151	12151
10298	10298	10298.jpg	15777.jpg	shuffled	15777	15777
10299	10299	10299.jpg	02798.jpg	shuffled	02798	02798
10300	10300	10300.jpg	14354.jpg	shuffled	14354	14354
10301	10301	10301.jpg	01885.jpg	shuffled	01885	01885
10302	10302	10302.jpg	07105.jpg	shuffled	07105	07105
10303	10303	10303.jpg	04221.jpg	shuffled	04221	04221
10304	10304	10304.jpg	07517.jpg	shuffled	07517	07517
10305	10305	10305.jpg	02839.jpg	shuffled	02839	02839
10306	10306	10306.jpg	12486.jpg	shuffled	12486	12486
10307	10307	10307.jpg	07656.jpg	shuffled	07656	07656
10308	10308	10308.jpg	04629.jpg	shuffled	04629	04629
10309	10309	10309.jpg	16288.jpg	shuffled	16288	16288
10310	10310	10310.jpg	12878.jpg	shuffled	12878	12878
10311	10311	10311.jpg	17761.jpg	shuffled	17761	17761
10312	10312	10312.jpg	04785.jpg	shuffled	04785	04785
10313	10313	10313.jpg	16331.jpg	shuffled	16331	16331
10314	10314	10314.jpg	03554.jpg	shuffled	03554	03554
10315	10315	10315.jpg	09339.jpg	shuffled	09339	09339
10316	10316	10316.jpg	08285.jpg	shuffled	08285	08285
10317	10317	10317.jpg	16108.jpg	shuffled	16108	16108
10318	10318	10318.jpg	05329.jpg	shuffled	05329	05329
10319	10319	10319.jpg	05804.jpg	shuffled	05804	05804
10320	10320	10320.jpg	14236.jpg	shuffled	14236	14236
10321	10321	10321.jpg	13382.jpg	shuffled	13382	13382
10322	10322	10322.jpg	05621.jpg	shuffled	05621	05621
10323	10323	10323.jpg	12119.jpg	shuffled	12119	12119
10324	10324	10324.jpg	14954.jpg	shuffled	14954	14954
10325	10325	10325.jpg	09381.jpg	shuffled	09381	09381
10326	10326	10326.jpg	13345.jpg	shuffled	13345	13345
10327	10327	10327.jpg	17385.jpg	shuffled	17385	17385
10328	10328	10328.jpg	15893.jpg	shuffled	15893	15893
10329	10329	10329.jpg	13016.jpg	shuffled	13016	13016
10330	10330	10330.jpg	09133.jpg	shuffled	09133	09133
10331	10331	10331.jpg	14688.jpg	shuffled	14688	14688
10332	10332	10332.jpg	17593.jpg	shuffled	17593	17593
10333	10333	10333.jpg	05868.jpg	shuffled	05868	05868
10334	10334	10334.jpg	00289.jpg	shuffled	00289	00289
10335	10335	10335.jpg	09971.jpg	shuffled	09971	09971
10336	10336	10336.jpg	03719.jpg	shuffled	03719	03719
10337	10337	10337.jpg	11270.jpg	shuffled	11270	11270
10338	10338	10338.jpg	08697.jpg	shuffled	08697	08697
10339	10339	10339.jpg	16868.jpg	shuffled	16868	16868
10340	10340	10340.jpg	15868.jpg	shuffled	15868	15868
10341	10341	10341.jpg	01776.jpg	shuffled	01776	01776
10342	10342	10342.jpg	04049.jpg	shuffled	04049	04049
10343	10343	10343.jpg	05030.jpg	shuffled	05030	05030
10344	10344	10344.jpg	15405.jpg	shuffled	15405	15405
10345	10345	10345.jpg	14232.jpg	shuffled	14232	14232
10346	10346	10346.jpg	04014.jpg	shuffled	04014	04014
10347	10347	10347.jpg	06835.jpg	shuffled	06835	06835
10348	10348	10348.jpg	00640.jpg	shuffled	00640	00640
10349	10349	10349.jpg	16437.jpg	shuffled	16437	16437
10350	10350	10350.jpg	00659.jpg	shuffled	00659	00659
10351	10351	10351.jpg	00581.jpg	shuffled	00581	00581
10352	10352	10352.jpg	14393.jpg	shuffled	14393	14393
10353	10353	10353.jpg	16451.jpg	shuffled	16451	16451
10354	10354	10354.jpg	03087.jpg	shuffled	03087	03087
10355	10355	10355.jpg	06531.jpg	shuffled	06531	06531
10356	10356	10356.jpg	02319.jpg	shuffled	02319	02319
10357	10357	10357.jpg	08872.jpg	shuffled	08872	08872
10358	10358	10358.jpg	03238.jpg	shuffled	03238	03238
10359	10359	10359.jpg	11056.jpg	shuffled	11056	11056
10360	10360	10360.jpg	07884.jpg	shuffled	07884	07884
10361	10361	10361.jpg	13907.jpg	shuffled	13907	13907
10362	10362	10362.jpg	06947.jpg	shuffled	06947	06947
10363	10363	10363.jpg	09211.jpg	shuffled	09211	09211
10364	10364	10364.jpg	13558.jpg	shuffled	13558	13558
10365	10365	10365.jpg	07591.jpg	shuffled	07591	07591
10366	10366	10366.jpg	06606.jpg	shuffled	06606	06606
10367	10367	10367.jpg	09096.jpg	shuffled	09096	09096
10368	10368	10368.jpg	03515.jpg	shuffled	03515	03515
10369	10369	10369.jpg	05058.jpg	shuffled	05058	05058
10370	10370	10370.jpg	06557.jpg	shuffled	06557	06557
10371	10371	10371.jpg	17033.jpg	shuffled	17033	17033
10372	10372	10372.jpg	02168.jpg	shuffled	02168	02168
10373	10373	10373.jpg	07207.jpg	shuffled	07207	07207
10374	10374	10374.jpg	06214.jpg	shuffled	06214	06214
10375	10375	10375.jpg	05126.jpg	shuffled	05126	05126
10376	10376	10376.jpg	03225.jpg	shuffled	03225	03225
10377	10377	10377.jpg	04914.jpg	shuffled	04914	04914
10378	10378	10378.jpg	13066.jpg	shuffled	13066	13066
10379	10379	10379.jpg	09020.jpg	shuffled	09020	09020
10380	10380	10380.jpg	06831.jpg	shuffled	06831	06831
10381	10381	10381.jpg	14697.jpg	shuffled	14697	14697
10382	10382	10382.jpg	12268.jpg	shuffled	12268	12268
10383	10383	10383.jpg	03523.jpg	shuffled	03523	03523
10384	10384	10384.jpg	09831.jpg	shuffled	09831	09831
10385	10385	10385.jpg	17146.jpg	shuffled	17146	17146
10386	10386	10386.jpg	09073.jpg	shuffled	09073	09073
10387	10387	10387.jpg	02443.jpg	shuffled	02443	02443
10388	10388	10388.jpg	06872.jpg	shuffled	06872	06872
10389	10389	10389.jpg	17856.jpg	shuffled	17856	17856
10390	10390	10390.jpg	03782.jpg	shuffled	03782	03782
10391	10391	10391.jpg	04147.jpg	shuffled	04147	04147
10392	10392	10392.jpg	12014.jpg	shuffled	12014	12014
10393	10393	10393.jpg	16532.jpg	shuffled	16532	16532
10394	10394	10394.jpg	14278.jpg	shuffled	14278	14278
10395	10395	10395.jpg	04517.jpg	shuffled	04517	04517
10396	10396	10396.jpg	09527.jpg	shuffled	09527	09527
10397	10397	10397.jpg	09101.jpg	shuffled	09101	09101
10398	10398	10398.jpg	12877.jpg	shuffled	12877	12877
10399	10399	10399.jpg	17172.jpg	shuffled	17172	17172
10400	10400	10400.jpg	13989.jpg	shuffled	13989	13989
10401	10401	10401.jpg	03338.jpg	shuffled	03338	03338
10402	10402	10402.jpg	07901.jpg	shuffled	07901	07901
10403	10403	10403.jpg	06130.jpg	shuffled	06130	06130
10404	10404	10404.jpg	06006.jpg	shuffled	06006	06006
10405	10405	10405.jpg	11488.jpg	shuffled	11488	11488
10406	10406	10406.jpg	13753.jpg	shuffled	13753	13753
10407	10407	10407.jpg	03581.jpg	shuffled	03581	03581
10408	10408	10408.jpg	02037.jpg	shuffled	02037	02037
10409	10409	10409.jpg	07727.jpg	shuffled	07727	07727
10410	10410	10410.jpg	01704.jpg	shuffled	01704	01704
10411	10411	10411.jpg	12713.jpg	shuffled	12713	12713
10412	10412	10412.jpg	15048.jpg	shuffled	15048	15048
10413	10413	10413.jpg	07019.jpg	shuffled	07019	07019
10414	10414	10414.jpg	05717.jpg	shuffled	05717	05717
10415	10415	10415.jpg	13785.jpg	shuffled	13785	13785
10416	10416	10416.jpg	15047.jpg	shuffled	15047	15047
10417	10417	10417.jpg	10338.jpg	shuffled	10338	10338
10418	10418	10418.jpg	04140.jpg	shuffled	04140	04140
10419	10419	10419.jpg	02796.jpg	shuffled	02796	02796
10420	10420	10420.jpg	14131.jpg	shuffled	14131	14131
10421	10421	10421.jpg	09030.jpg	shuffled	09030	09030
10422	10422	10422.jpg	08813.jpg	shuffled	08813	08813
10423	10423	10423.jpg	02251.jpg	shuffled	02251	02251
10424	10424	10424.jpg	11359.jpg	shuffled	11359	11359
10425	10425	10425.jpg	01667.jpg	shuffled	01667	01667
10426	10426	10426.jpg	02697.jpg	shuffled	02697	02697
10427	10427	10427.jpg	09980.jpg	shuffled	09980	09980
10428	10428	10428.jpg	10866.jpg	shuffled	10866	10866
10429	10429	10429.jpg	02951.jpg	shuffled	02951	02951
10430	10430	10430.jpg	05524.jpg	shuffled	05524	05524
10431	10431	10431.jpg	08847.jpg	shuffled	08847	08847
10432	10432	10432.jpg	14319.jpg	shuffled	14319	14319
10433	10433	10433.jpg	10348.jpg	shuffled	10348	10348
10434	10434	10434.jpg	05281.jpg	shuffled	05281	05281
10435	10435	10435.jpg	15425.jpg	shuffled	15425	15425
10436	10436	10436.jpg	13970.jpg	shuffled	13970	13970
10437	10437	10437.jpg	09177.jpg	shuffled	09177	09177
10438	10438	10438.jpg	12580.jpg	shuffled	12580	12580
10439	10439	10439.jpg	12342.jpg	shuffled	12342	12342
10440	10440	10440.jpg	01880.jpg	shuffled	01880	01880
10441	10441	10441.jpg	05672.jpg	shuffled	05672	05672
10442	10442	10442.jpg	12137.jpg	shuffled	12137	12137
10443	10443	10443.jpg	04774.jpg	shuffled	04774	04774
10444	10444	10444.jpg	13572.jpg	shuffled	13572	13572
10445	10445	10445.jpg	01146.jpg	shuffled	01146	01146
10446	10446	10446.jpg	01186.jpg	shuffled	01186	01186
10447	10447	10447.jpg	01515.jpg	shuffled	01515	01515
10448	10448	10448.jpg	12768.jpg	shuffled	12768	12768
10449	10449	10449.jpg	14116.jpg	shuffled	14116	14116
10450	10450	10450.jpg	06404.jpg	shuffled	06404	06404
10451	10451	10451.jpg	09601.jpg	shuffled	09601	09601
10452	10452	10452.jpg	03024.jpg	shuffled	03024	03024
10453	10453	10453.jpg	00750.jpg	shuffled	00750	00750
10454	10454	10454.jpg	11635.jpg	shuffled	11635	11635
10455	10455	10455.jpg	03834.jpg	shuffled	03834	03834
10456	10456	10456.jpg	03137.jpg	shuffled	03137	03137
10457	10457	10457.jpg	05597.jpg	shuffled	05597	05597
10458	10458	10458.jpg	01759.jpg	shuffled	01759	01759
10459	10459	10459.jpg	00130.jpg	shuffled	00130	00130
10460	10460	10460.jpg	06249.jpg	shuffled	06249	06249
10461	10461	10461.jpg	05921.jpg	shuffled	05921	05921
10462	10462	10462.jpg	11405.jpg	shuffled	11405	11405
10463	10463	10463.jpg	12798.jpg	shuffled	12798	12798
10464	10464	10464.jpg	09343.jpg	shuffled	09343	09343
10465	10465	10465.jpg	17514.jpg	shuffled	17514	17514
10466	10466	10466.jpg	13860.jpg	shuffled	13860	13860
10467	10467	10467.jpg	15968.jpg	shuffled	15968	15968
10468	10468	10468.jpg	16219.jpg	shuffled	16219	16219
10469	10469	10469.jpg	11597.jpg	shuffled	11597	11597
10470	10470	10470.jpg	14728.jpg	shuffled	14728	14728
10471	10471	10471.jpg	09939.jpg	shuffled	09939	09939
10472	10472	10472.jpg	00884.jpg	shuffled	00884	00884
10473	10473	10473.jpg	10944.jpg	shuffled	10944	10944
10474	10474	10474.jpg	04011.jpg	shuffled	04011	04011
10475	10475	10475.jpg	05857.jpg	shuffled	05857	05857
10476	10476	10476.jpg	13462.jpg	shuffled	13462	13462
10477	10477	10477.jpg	05380.jpg	shuffled	05380	05380
10478	10478	10478.jpg	02366.jpg	shuffled	02366	02366
10479	10479	10479.jpg	04973.jpg	shuffled	04973	04973
10480	10480	10480.jpg	10949.jpg	shuffled	10949	10949
10481	10481	10481.jpg	04570.jpg	shuffled	04570	04570
10482	10482	10482.jpg	07477.jpg	shuffled	07477	07477
10483	10483	10483.jpg	04447.jpg	shuffled	04447	04447
10484	10484	10484.jpg	08649.jpg	shuffled	08649	08649
10485	10485	10485.jpg	13690.jpg	shuffled	13690	13690
10486	10486	10486.jpg	16179.jpg	shuffled	16179	16179
10487	10487	10487.jpg	09281.jpg	shuffled	09281	09281
10488	10488	10488.jpg	12239.jpg	shuffled	12239	12239
10489	10489	10489.jpg	06096.jpg	shuffled	06096	06096
10490	10490	10490.jpg	06203.jpg	shuffled	06203	06203
10491	10491	10491.jpg	15971.jpg	shuffled	15971	15971
10492	10492	10492.jpg	11658.jpg	shuffled	11658	11658
10493	10493	10493.jpg	05687.jpg	shuffled	05687	05687
10494	10494	10494.jpg	06503.jpg	shuffled	06503	06503
10495	10495	10495.jpg	05552.jpg	shuffled	05552	05552
10496	10496	10496.jpg	06998.jpg	shuffled	06998	06998
10497	10497	10497.jpg	16776.jpg	shuffled	16776	16776
10498	10498	10498.jpg	07699.jpg	shuffled	07699	07699
10499	10499	10499.jpg	05197.jpg	shuffled	05197	05197
10500	10500	10500.jpg	14415.jpg	shuffled	14415	14415
10501	10501	10501.jpg	06618.jpg	shuffled	06618	06618
10502	10502	10502.jpg	09545.jpg	shuffled	09545	09545
10503	10503	10503.jpg	11441.jpg	shuffled	11441	11441
10504	10504	10504.jpg	15410.jpg	shuffled	15410	15410
10505	10505	10505.jpg	05887.jpg	shuffled	05887	05887
10506	10506	10506.jpg	02307.jpg	shuffled	02307	02307
10507	10507	10507.jpg	01595.jpg	shuffled	01595	01595
10508	10508	10508.jpg	02293.jpg	shuffled	02293	02293
10509	10509	10509.jpg	00757.jpg	shuffled	00757	00757
10510	10510	10510.jpg	05827.jpg	shuffled	05827	05827
10511	10511	10511.jpg	17735.jpg	shuffled	17735	17735
10512	10512	10512.jpg	12627.jpg	shuffled	12627	12627
10513	10513	10513.jpg	03235.jpg	shuffled	03235	03235
10514	10514	10514.jpg	16245.jpg	shuffled	16245	16245
10515	10515	10515.jpg	17112.jpg	shuffled	17112	17112
10516	10516	10516.jpg	03607.jpg	shuffled	03607	03607
10517	10517	10517.jpg	11457.jpg	shuffled	11457	11457
10518	10518	10518.jpg	03945.jpg	shuffled	03945	03945
10519	10519	10519.jpg	07962.jpg	shuffled	07962	07962
10520	10520	10520.jpg	10653.jpg	shuffled	10653	10653
10521	10521	10521.jpg	14048.jpg	shuffled	14048	14048
10522	10522	10522.jpg	16827.jpg	shuffled	16827	16827
10523	10523	10523.jpg	01338.jpg	shuffled	01338	01338
10524	10524	10524.jpg	09498.jpg	shuffled	09498	09498
10525	10525	10525.jpg	08937.jpg	shuffled	08937	08937
10526	10526	10526.jpg	11633.jpg	shuffled	11633	11633
10527	10527	10527.jpg	09439.jpg	shuffled	09439	09439
10528	10528	10528.jpg	10007.jpg	shuffled	10007	10007
10529	10529	10529.jpg	11998.jpg	shuffled	11998	11998
10530	10530	10530.jpg	00170.jpg	shuffled	00170	00170
10531	10531	10531.jpg	05586.jpg	shuffled	05586	05586
10532	10532	10532.jpg	17472.jpg	shuffled	17472	17472
10533	10533	10533.jpg	11832.jpg	shuffled	11832	11832
10534	10534	10534.jpg	04095.jpg	shuffled	04095	04095
10535	10535	10535.jpg	14629.jpg	shuffled	14629	14629
10536	10536	10536.jpg	00189.jpg	shuffled	00189	00189
10537	10537	10537.jpg	04279.jpg	shuffled	04279	04279
10538	10538	10538.jpg	01958.jpg	shuffled	01958	01958
10539	10539	10539.jpg	01366.jpg	shuffled	01366	01366
10540	10540	10540.jpg	02628.jpg	shuffled	02628	02628
10541	10541	10541.jpg	01007.jpg	shuffled	01007	01007
10542	10542	10542.jpg	13796.jpg	shuffled	13796	13796
10543	10543	10543.jpg	09205.jpg	shuffled	09205	09205
10544	10544	10544.jpg	05152.jpg	shuffled	05152	05152
10545	10545	10545.jpg	08996.jpg	shuffled	08996	08996
10546	10546	10546.jpg	03779.jpg	shuffled	03779	03779
10547	10547	10547.jpg	02298.jpg	shuffled	02298	02298
10548	10548	10548.jpg	06058.jpg	shuffled	06058	06058
10549	10549	10549.jpg	01404.jpg	shuffled	01404	01404
10550	10550	10550.jpg	17139.jpg	shuffled	17139	17139
10551	10551	10551.jpg	06767.jpg	shuffled	06767	06767
10552	10552	10552.jpg	03541.jpg	shuffled	03541	03541
10553	10553	10553.jpg	01273.jpg	shuffled	01273	01273
10554	10554	10554.jpg	02659.jpg	shuffled	02659	02659
10555	10555	10555.jpg	15858.jpg	shuffled	15858	15858
10556	10556	10556.jpg	04187.jpg	shuffled	04187	04187
10557	10557	10557.jpg	11487.jpg	shuffled	11487	11487
10558	10558	10558.jpg	11819.jpg	shuffled	11819	11819
10559	10559	10559.jpg	06776.jpg	shuffled	06776	06776
10560	10560	10560.jpg	00949.jpg	shuffled	00949	00949
10561	10561	10561.jpg	06703.jpg	shuffled	06703	06703
10562	10562	10562.jpg	06818.jpg	shuffled	06818	06818
10563	10563	10563.jpg	14104.jpg	shuffled	14104	14104
10564	10564	10564.jpg	16960.jpg	shuffled	16960	16960
10565	10565	10565.jpg	01572.jpg	shuffled	01572	01572
10566	10566	10566.jpg	03204.jpg	shuffled	03204	03204
10567	10567	10567.jpg	11369.jpg	shuffled	11369	11369
10568	10568	10568.jpg	01890.jpg	shuffled	01890	01890
10569	10569	10569.jpg	09696.jpg	shuffled	09696	09696
10570	10570	10570.jpg	05971.jpg	shuffled	05971	05971
10571	10571	10571.jpg	12194.jpg	shuffled	12194	12194
10572	10572	10572.jpg	11232.jpg	shuffled	11232	11232
10573	10573	10573.jpg	07003.jpg	shuffled	07003	07003
10574	10574	10574.jpg	00788.jpg	shuffled	00788	00788
10575	10575	10575.jpg	10844.jpg	shuffled	10844	10844
10576	10576	10576.jpg	10934.jpg	shuffled	10934	10934
10577	10577	10577.jpg	13655.jpg	shuffled	13655	13655
10578	10578	10578.jpg	12285.jpg	shuffled	12285	12285
10579	10579	10579.jpg	17951.jpg	shuffled	17951	17951
10580	10580	10580.jpg	16384.jpg	shuffled	16384	16384
10581	10581	10581.jpg	01662.jpg	shuffled	01662	01662
10582	10582	10582.jpg	16711.jpg	shuffled	16711	16711
10583	10583	10583.jpg	05811.jpg	shuffled	05811	05811
10584	10584	10584.jpg	04033.jpg	shuffled	04033	04033
10585	10585	10585.jpg	04137.jpg	shuffled	04137	04137
10586	10586	10586.jpg	14812.jpg	shuffled	14812	14812
10587	10587	10587.jpg	07033.jpg	shuffled	07033	07033
10588	10588	10588.jpg	12625.jpg	shuffled	12625	12625
10589	10589	10589.jpg	16274.jpg	shuffled	16274	16274
10590	10590	10590.jpg	01640.jpg	shuffled	01640	01640
10591	10591	10591.jpg	10296.jpg	shuffled	10296	10296
10592	10592	10592.jpg	12071.jpg	shuffled	12071	12071
10593	10593	10593.jpg	04109.jpg	shuffled	04109	04109
10594	10594	10594.jpg	06953.jpg	shuffled	06953	06953
10595	10595	10595.jpg	17831.jpg	shuffled	17831	17831
10596	10596	10596.jpg	01675.jpg	shuffled	01675	01675
10597	10597	10597.jpg	14473.jpg	shuffled	14473	14473
10598	10598	10598.jpg	13502.jpg	shuffled	13502	13502
10599	10599	10599.jpg	10184.jpg	shuffled	10184	10184
10600	10600	10600.jpg	09692.jpg	shuffled	09692	09692
10601	10601	10601.jpg	10085.jpg	shuffled	10085	10085
10602	10602	10602.jpg	03466.jpg	shuffled	03466	03466
10603	10603	10603.jpg	02521.jpg	shuffled	02521	02521
10604	10604	10604.jpg	04143.jpg	shuffled	04143	04143
10605	10605	10605.jpg	12940.jpg	shuffled	12940	12940
10606	10606	10606.jpg	00674.jpg	shuffled	00674	00674
10607	10607	10607.jpg	03736.jpg	shuffled	03736	03736
10608	10608	10608.jpg	02091.jpg	shuffled	02091	02091
10609	10609	10609.jpg	00525.jpg	shuffled	00525	00525
10610	10610	10610.jpg	17395.jpg	shuffled	17395	17395
10611	10611	10611.jpg	11024.jpg	shuffled	11024	11024
10612	10612	10612.jpg	13083.jpg	shuffled	13083	13083
10613	10613	10613.jpg	05513.jpg	shuffled	05513	05513
10614	10614	10614.jpg	01390.jpg	shuffled	01390	01390
10615	10615	10615.jpg	11212.jpg	shuffled	11212	11212
10616	10616	10616.jpg	16006.jpg	shuffled	16006	16006
10617	10617	10617.jpg	12099.jpg	shuffled	12099	12099
10618	10618	10618.jpg	14727.jpg	shuffled	14727	14727
10619	10619	10619.jpg	01837.jpg	shuffled	01837	01837
10620	10620	10620.jpg	04613.jpg	shuffled	04613	04613
10621	10621	10621.jpg	07035.jpg	shuffled	07035	07035
10622	10622	10622.jpg	09923.jpg	shuffled	09923	09923
10623	10623	10623.jpg	13918.jpg	shuffled	13918	13918
10624	10624	10624.jpg	12208.jpg	shuffled	12208	12208
10625	10625	10625.jpg	02110.jpg	shuffled	02110	02110
10626	10626	10626.jpg	07994.jpg	shuffled	07994	07994
10627	10627	10627.jpg	00472.jpg	shuffled	00472	00472
10628	10628	10628.jpg	16262.jpg	shuffled	16262	16262
10629	10629	10629.jpg	02939.jpg	shuffled	02939	02939
10630	10630	10630.jpg	10654.jpg	shuffled	10654	10654
10631	10631	10631.jpg	06917.jpg	shuffled	06917	06917
10632	10632	10632.jpg	13268.jpg	shuffled	13268	13268
10633	10633	10633.jpg	01859.jpg	shuffled	01859	01859
10634	10634	10634.jpg	06036.jpg	shuffled	06036	06036
10635	10635	10635.jpg	01532.jpg	shuffled	01532	01532
10636	10636	10636.jpg	13635.jpg	shuffled	13635	13635
10637	10637	10637.jpg	13911.jpg	shuffled	13911	13911
10638	10638	10638.jpg	11246.jpg	shuffled	11246	11246
10639	10639	10639.jpg	04536.jpg	shuffled	04536	04536
10640	10640	10640.jpg	09957.jpg	shuffled	09957	09957
10641	10641	10641.jpg	08887.jpg	shuffled	08887	08887
10642	10642	10642.jpg	07396.jpg	shuffled	07396	07396
10643	10643	10643.jpg	09493.jpg	shuffled	09493	09493
10644	10644	10644.jpg	00309.jpg	shuffled	00309	00309
10645	10645	10645.jpg	16949.jpg	shuffled	16949	16949
10646	10646	10646.jpg	14218.jpg	shuffled	14218	14218
10647	10647	10647.jpg	02006.jpg	shuffled	02006	02006
10648	10648	10648.jpg	16954.jpg	shuffled	16954	16954
10649	10649	10649.jpg	11300.jpg	shuffled	11300	11300
10650	10650	10650.jpg	05018.jpg	shuffled	05018	05018
10651	10651	10651.jpg	05100.jpg	shuffled	05100	05100
10652	10652	10652.jpg	12778.jpg	shuffled	12778	12778
10653	10653	10653.jpg	01221.jpg	shuffled	01221	01221
10654	10654	10654.jpg	14337.jpg	shuffled	14337	14337
10655	10655	10655.jpg	14180.jpg	shuffled	14180	14180
10656	10656	10656.jpg	09596.jpg	shuffled	09596	09596
10657	10657	10657.jpg	13191.jpg	shuffled	13191	13191
10658	10658	10658.jpg	17176.jpg	shuffled	17176	17176
10659	10659	10659.jpg	17378.jpg	shuffled	17378	17378
10660	10660	10660.jpg	12650.jpg	shuffled	12650	12650
10661	10661	10661.jpg	11679.jpg	shuffled	11679	11679
10662	10662	10662.jpg	07065.jpg	shuffled	07065	07065
10663	10663	10663.jpg	12096.jpg	shuffled	12096	12096
10664	10664	10664.jpg	01031.jpg	shuffled	01031	01031
10665	10665	10665.jpg	00692.jpg	shuffled	00692	00692
10666	10666	10666.jpg	09914.jpg	shuffled	09914	09914
10667	10667	10667.jpg	13303.jpg	shuffled	13303	13303
10668	10668	10668.jpg	09891.jpg	shuffled	09891	09891
10669	10669	10669.jpg	03660.jpg	shuffled	03660	03660
10670	10670	10670.jpg	17330.jpg	shuffled	17330	17330
10671	10671	10671.jpg	05709.jpg	shuffled	05709	05709
10672	10672	10672.jpg	00950.jpg	shuffled	00950	00950
10673	10673	10673.jpg	06173.jpg	shuffled	06173	06173
10674	10674	10674.jpg	08474.jpg	shuffled	08474	08474
10675	10675	10675.jpg	02223.jpg	shuffled	02223	02223
10676	10676	10676.jpg	07138.jpg	shuffled	07138	07138
10677	10677	10677.jpg	08374.jpg	shuffled	08374	08374
10678	10678	10678.jpg	01417.jpg	shuffled	01417	01417
10679	10679	10679.jpg	09945.jpg	shuffled	09945	09945
10680	10680	10680.jpg	14592.jpg	shuffled	14592	14592
10681	10681	10681.jpg	13514.jpg	shuffled	13514	13514
10682	10682	10682.jpg	10736.jpg	shuffled	10736	10736
10683	10683	10683.jpg	04830.jpg	shuffled	04830	04830
10684	10684	10684.jpg	02093.jpg	shuffled	02093	02093
10685	10685	10685.jpg	02870.jpg	shuffled	02870	02870
10686	10686	10686.jpg	03481.jpg	shuffled	03481	03481
10687	10687	10687.jpg	02468.jpg	shuffled	02468	02468
10688	10688	10688.jpg	09402.jpg	shuffled	09402	09402
10689	10689	10689.jpg	02671.jpg	shuffled	02671	02671
10690	10690	10690.jpg	14139.jpg	shuffled	14139	14139
10691	10691	10691.jpg	10554.jpg	shuffled	10554	10554
10692	10692	10692.jpg	02726.jpg	shuffled	02726	02726
10693	10693	10693.jpg	10142.jpg	shuffled	10142	10142
10694	10694	10694.jpg	17879.jpg	shuffled	17879	17879
10695	10695	10695.jpg	09841.jpg	shuffled	09841	09841
10696	10696	10696.jpg	17541.jpg	shuffled	17541	17541
10697	10697	10697.jpg	16801.jpg	shuffled	16801	16801
10698	10698	10698.jpg	13202.jpg	shuffled	13202	13202
10699	10699	10699.jpg	07312.jpg	shuffled	07312	07312
10700	10700	10700.jpg	01849.jpg	shuffled	01849	01849
10701	10701	10701.jpg	10978.jpg	shuffled	10978	10978
10702	10702	10702.jpg	07109.jpg	shuffled	07109	07109
10703	10703	10703.jpg	08347.jpg	shuffled	08347	08347
10704	10704	10704.jpg	17949.jpg	shuffled	17949	17949
10705	10705	10705.jpg	15253.jpg	shuffled	15253	15253
10706	10706	10706.jpg	09332.jpg	shuffled	09332	09332
10707	10707	10707.jpg	10121.jpg	shuffled	10121	10121
10708	10708	10708.jpg	08570.jpg	shuffled	08570	08570
10709	10709	10709.jpg	11615.jpg	shuffled	11615	11615
10710	10710	10710.jpg	10300.jpg	shuffled	10300	10300
10711	10711	10711.jpg	00459.jpg	shuffled	00459	00459
10712	10712	10712.jpg	12237.jpg	shuffled	12237	12237
10713	10713	10713.jpg	03711.jpg	shuffled	03711	03711
10714	10714	10714.jpg	10398.jpg	shuffled	10398	10398
10715	10715	10715.jpg	12837.jpg	shuffled	12837	12837
10716	10716	10716.jpg	14577.jpg	shuffled	14577	14577
10717	10717	10717.jpg	00845.jpg	shuffled	00845	00845
10718	10718	10718.jpg	05821.jpg	shuffled	05821	05821
10719	10719	10719.jpg	02285.jpg	shuffled	02285	02285
10720	10720	10720.jpg	13257.jpg	shuffled	13257	13257
10721	10721	10721.jpg	05119.jpg	shuffled	05119	05119
10722	10722	10722.jpg	06346.jpg	shuffled	06346	06346
10723	10723	10723.jpg	12937.jpg	shuffled	12937	12937
10724	10724	10724.jpg	14255.jpg	shuffled	14255	14255
10725	10725	10725.jpg	05439.jpg	shuffled	05439	05439
10726	10726	10726.jpg	09108.jpg	shuffled	09108	09108
10727	10727	10727.jpg	05519.jpg	shuffled	05519	05519
10728	10728	10728.jpg	01930.jpg	shuffled	01930	01930
10729	10729	10729.jpg	03152.jpg	shuffled	03152	03152
10730	10730	10730.jpg	15283.jpg	shuffled	15283	15283
10731	10731	10731.jpg	00783.jpg	shuffled	00783	00783
10732	10732	10732.jpg	11209.jpg	shuffled	11209	11209
10733	10733	10733.jpg	17706.jpg	shuffled	17706	17706
10734	10734	10734.jpg	15331.jpg	shuffled	15331	15331
10735	10735	10735.jpg	11898.jpg	shuffled	11898	11898
10736	10736	10736.jpg	02627.jpg	shuffled	02627	02627
10737	10737	10737.jpg	04131.jpg	shuffled	04131	04131
10738	10738	10738.jpg	04772.jpg	shuffled	04772	04772
10739	10739	10739.jpg	16484.jpg	shuffled	16484	16484
10740	10740	10740.jpg	15922.jpg	shuffled	15922	15922
10741	10741	10741.jpg	07680.jpg	shuffled	07680	07680
10742	10742	10742.jpg	15474.jpg	shuffled	15474	15474
10743	10743	10743.jpg	00627.jpg	shuffled	00627	00627
10744	10744	10744.jpg	17770.jpg	shuffled	17770	17770
10745	10745	10745.jpg	08215.jpg	shuffled	08215	08215
10746	10746	10746.jpg	01786.jpg	shuffled	01786	01786
10747	10747	10747.jpg	04430.jpg	shuffled	04430	04430
10748	10748	10748.jpg	00012.jpg	shuffled	00012	00012
10749	10749	10749.jpg	13775.jpg	shuffled	13775	13775
10750	10750	10750.jpg	03215.jpg	shuffled	03215	03215
10751	10751	10751.jpg	09273.jpg	shuffled	09273	09273
10752	10752	10752.jpg	05174.jpg	shuffled	05174	05174
10753	10753	10753.jpg	16818.jpg	shuffled	16818	16818
10754	10754	10754.jpg	05475.jpg	shuffled	05475	05475
10755	10755	10755.jpg	05497.jpg	shuffled	05497	05497
10756	10756	10756.jpg	05175.jpg	shuffled	05175	05175
10757	10757	10757.jpg	15934.jpg	shuffled	15934	15934
10758	10758	10758.jpg	01976.jpg	shuffled	01976	01976
10759	10759	10759.jpg	07585.jpg	shuffled	07585	07585
10760	10760	10760.jpg	15890.jpg	shuffled	15890	15890
10761	10761	10761.jpg	13223.jpg	shuffled	13223	13223
10762	10762	10762.jpg	01092.jpg	shuffled	01092	01092
10763	10763	10763.jpg	13182.jpg	shuffled	13182	13182
10764	10764	10764.jpg	08460.jpg	shuffled	08460	08460
10765	10765	10765.jpg	15363.jpg	shuffled	15363	15363
10766	10766	10766.jpg	07231.jpg	shuffled	07231	07231
10767	10767	10767.jpg	08548.jpg	shuffled	08548	08548
10768	10768	10768.jpg	02492.jpg	shuffled	02492	02492
10769	10769	10769.jpg	00516.jpg	shuffled	00516	00516
10770	10770	10770.jpg	08178.jpg	shuffled	08178	08178
10771	10771	10771.jpg	09927.jpg	shuffled	09927	09927
10772	10772	10772.jpg	05972.jpg	shuffled	05972	05972
10773	10773	10773.jpg	08580.jpg	shuffled	08580	08580
10774	10774	10774.jpg	09266.jpg	shuffled	09266	09266
10775	10775	10775.jpg	15211.jpg	shuffled	15211	15211
10776	10776	10776.jpg	09325.jpg	shuffled	09325	09325
10777	10777	10777.jpg	04804.jpg	shuffled	04804	04804
10778	10778	10778.jpg	07965.jpg	shuffled	07965	07965
10779	10779	10779.jpg	12026.jpg	shuffled	12026	12026
10780	10780	10780.jpg	08787.jpg	shuffled	08787	08787
10781	10781	10781.jpg	07014.jpg	shuffled	07014	07014
10782	10782	10782.jpg	11124.jpg	shuffled	11124	11124
10783	10783	10783.jpg	00402.jpg	shuffled	00402	00402
10784	10784	10784.jpg	13194.jpg	shuffled	13194	13194
10785	10785	10785.jpg	12266.jpg	shuffled	12266	12266
10786	10786	10786.jpg	15357.jpg	shuffled	15357	15357
10787	10787	10787.jpg	11522.jpg	shuffled	11522	11522
10788	10788	10788.jpg	00048.jpg	shuffled	00048	00048
10789	10789	10789.jpg	13301.jpg	shuffled	13301	13301
10790	10790	10790.jpg	05502.jpg	shuffled	05502	05502
10791	10791	10791.jpg	06757.jpg	shuffled	06757	06757
10792	10792	10792.jpg	03043.jpg	shuffled	03043	03043
10793	10793	10793.jpg	13349.jpg	shuffled	13349	13349
10794	10794	10794.jpg	15454.jpg	shuffled	15454	15454
10795	10795	10795.jpg	06095.jpg	shuffled	06095	06095
10796	10796	10796.jpg	17161.jpg	shuffled	17161	17161
10797	10797	10797.jpg	16351.jpg	shuffled	16351	16351
10798	10798	10798.jpg	15430.jpg	shuffled	15430	15430
10799	10799	10799.jpg	17796.jpg	shuffled	17796	17796
10800	10800	10800.jpg	10762.jpg	shuffled	10762	10762
10801	10801	10801.jpg	00219.jpg	shuffled	00219	00219
10802	10802	10802.jpg	11543.jpg	shuffled	11543	11543
10803	10803	10803.jpg	08205.jpg	shuffled	08205	08205
10804	10804	10804.jpg	01049.jpg	shuffled	01049	01049
10805	10805	10805.jpg	06943.jpg	shuffled	06943	06943
10806	10806	10806.jpg	11276.jpg	shuffled	11276	11276
10807	10807	10807.jpg	13003.jpg	shuffled	13003	13003
10808	10808	10808.jpg	15110.jpg	shuffled	15110	15110
10809	10809	10809.jpg	02475.jpg	shuffled	02475	02475
10810	10810	10810.jpg	04038.jpg	shuffled	04038	04038
10811	10811	10811.jpg	12062.jpg	shuffled	12062	12062
10812	10812	10812.jpg	11187.jpg	shuffled	11187	11187
10813	10813	10813.jpg	05022.jpg	shuffled	05022	05022
10814	10814	10814.jpg	06747.jpg	shuffled	06747	06747
10815	10815	10815.jpg	07440.jpg	shuffled	07440	07440
10816	10816	10816.jpg	06280.jpg	shuffled	06280	06280
10817	10817	10817.jpg	02356.jpg	shuffled	02356	02356
10818	10818	10818.jpg	12511.jpg	shuffled	12511	12511
10819	10819	10819.jpg	06552.jpg	shuffled	06552	06552
10820	10820	10820.jpg	17920.jpg	shuffled	17920	17920
10821	10821	10821.jpg	06041.jpg	shuffled	06041	06041
10822	10822	10822.jpg	03944.jpg	shuffled	03944	03944
10823	10823	10823.jpg	04599.jpg	shuffled	04599	04599
10824	10824	10824.jpg	01614.jpg	shuffled	01614	01614
10825	10825	10825.jpg	17252.jpg	shuffled	17252	17252
10826	10826	10826.jpg	08130.jpg	shuffled	08130	08130
10827	10827	10827.jpg	01192.jpg	shuffled	01192	01192
10828	10828	10828.jpg	03997.jpg	shuffled	03997	03997
10829	10829	10829.jpg	04702.jpg	shuffled	04702	04702
10830	10830	10830.jpg	08311.jpg	shuffled	08311	08311
10831	10831	10831.jpg	13336.jpg	shuffled	13336	13336
10832	10832	10832.jpg	15876.jpg	shuffled	15876	15876
10833	10833	10833.jpg	09564.jpg	shuffled	09564	09564
10834	10834	10834.jpg	17097.jpg	shuffled	17097	17097
10835	10835	10835.jpg	02576.jpg	shuffled	02576	02576
10836	10836	10836.jpg	00193.jpg	shuffled	00193	00193
10837	10837	10837.jpg	04940.jpg	shuffled	04940	04940
10838	10838	10838.jpg	14693.jpg	shuffled	14693	14693
10839	10839	10839.jpg	00876.jpg	shuffled	00876	00876
10840	10840	10840.jpg	10609.jpg	shuffled	10609	10609
10841	10841	10841.jpg	12199.jpg	shuffled	12199	12199
10842	10842	10842.jpg	14508.jpg	shuffled	14508	14508
10843	10843	10843.jpg	12245.jpg	shuffled	12245	12245
10844	10844	10844.jpg	10158.jpg	shuffled	10158	10158
10845	10845	10845.jpg	04990.jpg	shuffled	04990	04990
10846	10846	10846.jpg	03436.jpg	shuffled	03436	03436
10847	10847	10847.jpg	10540.jpg	shuffled	10540	10540
10848	10848	10848.jpg	07366.jpg	shuffled	07366	07366
10849	10849	10849.jpg	00382.jpg	shuffled	00382	00382
10850	10850	10850.jpg	08728.jpg	shuffled	08728	08728
10851	10851	10851.jpg	16973.jpg	shuffled	16973	16973
10852	10852	10852.jpg	02042.jpg	shuffled	02042	02042
10853	10853	10853.jpg	16423.jpg	shuffled	16423	16423
10854	10854	10854.jpg	15460.jpg	shuffled	15460	15460
10855	10855	10855.jpg	00695.jpg	shuffled	00695	00695
10856	10856	10856.jpg	09391.jpg	shuffled	09391	09391
10857	10857	10857.jpg	01587.jpg	shuffled	01587	01587
10858	10858	10858.jpg	04135.jpg	shuffled	04135	04135
10859	10859	10859.jpg	12235.jpg	shuffled	12235	12235
10860	10860	10860.jpg	00226.jpg	shuffled	00226	00226
10861	10861	10861.jpg	06447.jpg	shuffled	06447	06447
10862	10862	10862.jpg	17872.jpg	shuffled	17872	17872
10863	10863	10863.jpg	11249.jpg	shuffled	11249	11249
10864	10864	10864.jpg	15173.jpg	shuffled	15173	15173
10865	10865	10865.jpg	08941.jpg	shuffled	08941	08941
10866	10866	10866.jpg	12572.jpg	shuffled	12572	12572
10867	10867	10867.jpg	16700.jpg	shuffled	16700	16700
10868	10868	10868.jpg	02005.jpg	shuffled	02005	02005
10869	10869	10869.jpg	13589.jpg	shuffled	13589	13589
10870	10870	10870.jpg	05813.jpg	shuffled	05813	05813
10871	10871	10871.jpg	09014.jpg	shuffled	09014	09014
10872	10872	10872.jpg	05721.jpg	shuffled	05721	05721
10873	10873	10873.jpg	07463.jpg	shuffled	07463	07463
10874	10874	10874.jpg	12823.jpg	shuffled	12823	12823
10875	10875	10875.jpg	15398.jpg	shuffled	15398	15398
10876	10876	10876.jpg	10489.jpg	shuffled	10489	10489
10877	10877	10877.jpg	13749.jpg	shuffled	13749	13749
10878	10878	10878.jpg	04041.jpg	shuffled	04041	04041
10879	10879	10879.jpg	13666.jpg	shuffled	13666	13666
10880	10880	10880.jpg	08884.jpg	shuffled	08884	08884
10881	10881	10881.jpg	09097.jpg	shuffled	09097	09097
10882	10882	10882.jpg	13112.jpg	shuffled	13112	13112
10883	10883	10883.jpg	11242.jpg	shuffled	11242	11242
10884	10884	10884.jpg	03015.jpg	shuffled	03015	03015
10885	10885	10885.jpg	10224.jpg	shuffled	10224	10224
10886	10886	10886.jpg	11830.jpg	shuffled	11830	11830
10887	10887	10887.jpg	13778.jpg	shuffled	13778	13778
10888	10888	10888.jpg	10091.jpg	shuffled	10091	10091
10889	10889	10889.jpg	13435.jpg	shuffled	13435	13435
10890	10890	10890.jpg	15662.jpg	shuffled	15662	15662
10891	10891	10891.jpg	16879.jpg	shuffled	16879	16879
10892	10892	10892.jpg	10593.jpg	shuffled	10593	10593
10893	10893	10893.jpg	01950.jpg	shuffled	01950	01950
10894	10894	10894.jpg	14472.jpg	shuffled	14472	14472
10895	10895	10895.jpg	07044.jpg	shuffled	07044	07044
10896	10896	10896.jpg	08044.jpg	shuffled	08044	08044
10897	10897	10897.jpg	13104.jpg	shuffled	13104	13104
10898	10898	10898.jpg	14516.jpg	shuffled	14516	14516
10899	10899	10899.jpg	03154.jpg	shuffled	03154	03154
10900	10900	10900.jpg	03511.jpg	shuffled	03511	03511
10901	10901	10901.jpg	02359.jpg	shuffled	02359	02359
10902	10902	10902.jpg	16980.jpg	shuffled	16980	16980
10903	10903	10903.jpg	16967.jpg	shuffled	16967	16967
10904	10904	10904.jpg	06686.jpg	shuffled	06686	06686
10905	10905	10905.jpg	14552.jpg	shuffled	14552	14552
10906	10906	10906.jpg	04983.jpg	shuffled	04983	04983
10907	10907	10907.jpg	12966.jpg	shuffled	12966	12966
10908	10908	10908.jpg	04273.jpg	shuffled	04273	04273
10909	10909	10909.jpg	08322.jpg	shuffled	08322	08322
10910	10910	10910.jpg	05769.jpg	shuffled	05769	05769
10911	10911	10911.jpg	04615.jpg	shuffled	04615	04615
10912	10912	10912.jpg	12960.jpg	shuffled	12960	12960
10913	10913	10913.jpg	02300.jpg	shuffled	02300	02300
10914	10914	10914.jpg	02179.jpg	shuffled	02179	02179
10915	10915	10915.jpg	16425.jpg	shuffled	16425	16425
10916	10916	10916.jpg	09492.jpg	shuffled	09492	09492
10917	10917	10917.jpg	09679.jpg	shuffled	09679	09679
10918	10918	10918.jpg	07532.jpg	shuffled	07532	07532
10919	10919	10919.jpg	10054.jpg	shuffled	10054	10054
10920	10920	10920.jpg	09254.jpg	shuffled	09254	09254
10921	10921	10921.jpg	03787.jpg	shuffled	03787	03787
10922	10922	10922.jpg	14231.jpg	shuffled	14231	14231
10923	10923	10923.jpg	15990.jpg	shuffled	15990	15990
10924	10924	10924.jpg	05645.jpg	shuffled	05645	05645
10925	10925	10925.jpg	05875.jpg	shuffled	05875	05875
10926	10926	10926.jpg	01891.jpg	shuffled	01891	01891
10927	10927	10927.jpg	11843.jpg	shuffled	11843	11843
10928	10928	10928.jpg	00191.jpg	shuffled	00191	00191
10929	10929	10929.jpg	10739.jpg	shuffled	10739	10739
10930	10930	10930.jpg	12644.jpg	shuffled	12644	12644
10931	10931	10931.jpg	13014.jpg	shuffled	13014	13014
10932	10932	10932.jpg	13736.jpg	shuffled	13736	13736
10933	10933	10933.jpg	03282.jpg	shuffled	03282	03282
10934	10934	10934.jpg	09494.jpg	shuffled	09494	09494
10935	10935	10935.jpg	03922.jpg	shuffled	03922	03922
10936	10936	10936.jpg	08866.jpg	shuffled	08866	08866
10937	10937	10937.jpg	13277.jpg	shuffled	13277	13277
10938	10938	10938.jpg	17732.jpg	shuffled	17732	17732
10939	10939	10939.jpg	14076.jpg	shuffled	14076	14076
10940	10940	10940.jpg	01603.jpg	shuffled	01603	01603
10941	10941	10941.jpg	12203.jpg	shuffled	12203	12203
10942	10942	10942.jpg	11409.jpg	shuffled	11409	11409
10943	10943	10943.jpg	16032.jpg	shuffled	16032	16032
10944	10944	10944.jpg	02975.jpg	shuffled	02975	02975
10945	10945	10945.jpg	03999.jpg	shuffled	03999	03999
10946	10946	10946.jpg	02035.jpg	shuffled	02035	02035
10947	10947	10947.jpg	10100.jpg	shuffled	10100	10100
10948	10948	10948.jpg	05980.jpg	shuffled	05980	05980
10949	10949	10949.jpg	00849.jpg	shuffled	00849	00849
10950	10950	10950.jpg	12347.jpg	shuffled	12347	12347
10951	10951	10951.jpg	07698.jpg	shuffled	07698	07698
10952	10952	10952.jpg	03789.jpg	shuffled	03789	03789
10953	10953	10953.jpg	17975.jpg	shuffled	17975	17975
10954	10954	10954.jpg	05171.jpg	shuffled	05171	05171
10955	10955	10955.jpg	08000.jpg	shuffled	08000	08000
10956	10956	10956.jpg	17089.jpg	shuffled	17089	17089
10957	10957	10957.jpg	00630.jpg	shuffled	00630	00630
10958	10958	10958.jpg	05547.jpg	shuffled	05547	05547
10959	10959	10959.jpg	04343.jpg	shuffled	04343	04343
10960	10960	10960.jpg	11293.jpg	shuffled	11293	11293
10961	10961	10961.jpg	08517.jpg	shuffled	08517	08517
10962	10962	10962.jpg	14873.jpg	shuffled	14873	14873
10963	10963	10963.jpg	06274.jpg	shuffled	06274	06274
10964	10964	10964.jpg	13657.jpg	shuffled	13657	13657
10965	10965	10965.jpg	03081.jpg	shuffled	03081	03081
10966	10966	10966.jpg	15320.jpg	shuffled	15320	15320
10967	10967	10967.jpg	14743.jpg	shuffled	14743	14743
10968	10968	10968.jpg	05632.jpg	shuffled	05632	05632
10969	10969	10969.jpg	06473.jpg	shuffled	06473	06473
10970	10970	10970.jpg	07852.jpg	shuffled	07852	07852
10971	10971	10971.jpg	11414.jpg	shuffled	11414	11414
10972	10972	10972.jpg	15183.jpg	shuffled	15183	15183
10973	10973	10973.jpg	12905.jpg	shuffled	12905	12905
10974	10974	10974.jpg	07418.jpg	shuffled	07418	07418
10975	10975	10975.jpg	01666.jpg	shuffled	01666	01666
10976	10976	10976.jpg	05899.jpg	shuffled	05899	05899
10977	10977	10977.jpg	08136.jpg	shuffled	08136	08136
10978	10978	10978.jpg	01606.jpg	shuffled	01606	01606
10979	10979	10979.jpg	12839.jpg	shuffled	12839	12839
10980	10980	10980.jpg	02060.jpg	shuffled	02060	02060
10981	10981	10981.jpg	09827.jpg	shuffled	09827	09827
10982	10982	10982.jpg	12548.jpg	shuffled	12548	12548
10983	10983	10983.jpg	16539.jpg	shuffled	16539	16539
10984	10984	10984.jpg	01754.jpg	shuffled	01754	01754
10985	10985	10985.jpg	15135.jpg	shuffled	15135	15135
10986	10986	10986.jpg	08533.jpg	shuffled	08533	08533
10987	10987	10987.jpg	05803.jpg	shuffled	05803	05803
10988	10988	10988.jpg	05097.jpg	shuffled	05097	05097
10989	10989	10989.jpg	17486.jpg	shuffled	17486	17486
10990	10990	10990.jpg	00353.jpg	shuffled	00353	00353
10991	10991	10991.jpg	16319.jpg	shuffled	16319	16319
10992	10992	10992.jpg	12970.jpg	shuffled	12970	12970
10993	10993	10993.jpg	11705.jpg	shuffled	11705	11705
10994	10994	10994.jpg	01634.jpg	shuffled	01634	01634
10995	10995	10995.jpg	03624.jpg	shuffled	03624	03624
10996	10996	10996.jpg	12132.jpg	shuffled	12132	12132
10997	10997	10997.jpg	11238.jpg	shuffled	11238	11238
10998	10998	10998.jpg	07854.jpg	shuffled	07854	07854
10999	10999	10999.jpg	07378.jpg	shuffled	07378	07378
11000	11000	11000.jpg	00041.jpg	shuffled	00041	00041
11001	11001	11001.jpg	14482.jpg	shuffled	14482	14482
11002	11002	11002.jpg	07825.jpg	shuffled	07825	07825
11003	11003	11003.jpg	03976.jpg	shuffled	03976	03976
11004	11004	11004.jpg	08168.jpg	shuffled	08168	08168
11005	11005	11005.jpg	07969.jpg	shuffled	07969	07969
11006	11006	11006.jpg	02952.jpg	shuffled	02952	02952
11007	11007	11007.jpg	09018.jpg	shuffled	09018	09018
11008	11008	11008.jpg	16258.jpg	shuffled	16258	16258
11009	11009	11009.jpg	03245.jpg	shuffled	03245	03245
11010	11010	11010.jpg	15557.jpg	shuffled	15557	15557
11011	11011	11011.jpg	07897.jpg	shuffled	07897	07897
11012	11012	11012.jpg	11292.jpg	shuffled	11292	11292
11013	11013	11013.jpg	07951.jpg	shuffled	07951	07951
11014	11014	11014.jpg	01552.jpg	shuffled	01552	01552
11015	11015	11015.jpg	11551.jpg	shuffled	11551	11551
11016	11016	11016.jpg	03807.jpg	shuffled	03807	03807
11017	11017	11017.jpg	13026.jpg	shuffled	13026	13026
11018	11018	11018.jpg	09698.jpg	shuffled	09698	09698
11019	11019	11019.jpg	16796.jpg	shuffled	16796	16796
11020	11020	11020.jpg	14910.jpg	shuffled	14910	14910
11021	11021	11021.jpg	08381.jpg	shuffled	08381	08381
11022	11022	11022.jpg	10732.jpg	shuffled	10732	10732
11023	11023	11023.jpg	06137.jpg	shuffled	06137	06137
11024	11024	11024.jpg	15929.jpg	shuffled	15929	15929
11025	11025	11025.jpg	00202.jpg	shuffled	00202	00202
11026	11026	11026.jpg	11779.jpg	shuffled	11779	11779
11027	11027	11027.jpg	10248.jpg	shuffled	10248	10248
11028	11028	11028.jpg	03386.jpg	shuffled	03386	03386
11029	11029	11029.jpg	07196.jpg	shuffled	07196	07196
11030	11030	11030.jpg	14926.jpg	shuffled	14926	14926
11031	11031	11031.jpg	12967.jpg	shuffled	12967	12967
11032	11032	11032.jpg	05876.jpg	shuffled	05876	05876
11033	11033	11033.jpg	10598.jpg	shuffled	10598	10598
11034	11034	11034.jpg	10230.jpg	shuffled	10230	10230
11035	11035	11035.jpg	00978.jpg	shuffled	00978	00978
11036	11036	11036.jpg	09170.jpg	shuffled	09170	09170
11037	11037	11037.jpg	13840.jpg	shuffled	13840	13840
11038	11038	11038.jpg	02374.jpg	shuffled	02374	02374
11039	11039	11039.jpg	08677.jpg	shuffled	08677	08677
11040	11040	11040.jpg	09853.jpg	shuffled	09853	09853
11041	11041	11041.jpg	01902.jpg	shuffled	01902	01902
11042	11042	11042.jpg	16234.jpg	shuffled	16234	16234
11043	11043	11043.jpg	10541.jpg	shuffled	10541	10541
11044	11044	11044.jpg	08181.jpg	shuffled	08181	08181
11045	11045	11045.jpg	02779.jpg	shuffled	02779	02779
11046	11046	11046.jpg	17503.jpg	shuffled	17503	17503
11047	11047	11047.jpg	12648.jpg	shuffled	12648	12648
11048	11048	11048.jpg	16849.jpg	shuffled	16849	16849
11049	11049	11049.jpg	12485.jpg	shuffled	12485	12485
11050	11050	11050.jpg	04893.jpg	shuffled	04893	04893
11051	11051	11051.jpg	11158.jpg	shuffled	11158	11158
11052	11052	11052.jpg	11752.jpg	shuffled	11752	11752
11053	11053	11053.jpg	02724.jpg	shuffled	02724	02724
11054	11054	11054.jpg	16330.jpg	shuffled	16330	16330
11055	11055	11055.jpg	15961.jpg	shuffled	15961	15961
11056	11056	11056.jpg	17201.jpg	shuffled	17201	17201
11057	11057	11057.jpg	08355.jpg	shuffled	08355	08355
11058	11058	11058.jpg	08795.jpg	shuffled	08795	08795
11059	11059	11059.jpg	07306.jpg	shuffled	07306	07306
11060	11060	11060.jpg	11922.jpg	shuffled	11922	11922
11061	11061	11061.jpg	04637.jpg	shuffled	04637	04637
11062	11062	11062.jpg	17791.jpg	shuffled	17791	17791
11063	11063	11063.jpg	15619.jpg	shuffled	15619	15619
11064	11064	11064.jpg	13689.jpg	shuffled	13689	13689
11065	11065	11065.jpg	10270.jpg	shuffled	10270	10270
11066	11066	11066.jpg	08402.jpg	shuffled	08402	08402
11067	11067	11067.jpg	00544.jpg	shuffled	00544	00544
11068	11068	11068.jpg	10647.jpg	shuffled	10647	10647
11069	11069	11069.jpg	07953.jpg	shuffled	07953	07953
11070	11070	11070.jpg	17024.jpg	shuffled	17024	17024
11071	11071	11071.jpg	04797.jpg	shuffled	04797	04797
11072	11072	11072.jpg	13594.jpg	shuffled	13594	13594
11073	11073	11073.jpg	08480.jpg	shuffled	08480	08480
11074	11074	11074.jpg	14958.jpg	shuffled	14958	14958
11075	11075	11075.jpg	01321.jpg	shuffled	01321	01321
11076	11076	11076.jpg	15016.jpg	shuffled	15016	15016
11077	11077	11077.jpg	06098.jpg	shuffled	06098	06098
11078	11078	11078.jpg	13999.jpg	shuffled	13999	13999
11079	11079	11079.jpg	07117.jpg	shuffled	07117	07117
11080	11080	11080.jpg	10891.jpg	shuffled	10891	10891
11081	11081	11081.jpg	11514.jpg	shuffled	11514	11514
11082	11082	11082.jpg	06577.jpg	shuffled	06577	06577
11083	11083	11083.jpg	16076.jpg	shuffled	16076	16076
11084	11084	11084.jpg	01765.jpg	shuffled	01765	01765
11085	11085	11085.jpg	11561.jpg	shuffled	11561	11561
11086	11086	11086.jpg	09069.jpg	shuffled	09069	09069
11087	11087	11087.jpg	11577.jpg	shuffled	11577	11577
11088	11088	11088.jpg	01854.jpg	shuffled	01854	01854
11089	11089	11089.jpg	11527.jpg	shuffled	11527	11527
11090	11090	11090.jpg	06887.jpg	shuffled	06887	06887
11091	11091	11091.jpg	03832.jpg	shuffled	03832	03832
11092	11092	11092.jpg	03809.jpg	shuffled	03809	03809
11093	11093	11093.jpg	09361.jpg	shuffled	09361	09361
11094	11094	11094.jpg	15198.jpg	shuffled	15198	15198
11095	11095	11095.jpg	09984.jpg	shuffled	09984	09984
11096	11096	11096.jpg	09158.jpg	shuffled	09158	09158
11097	11097	11097.jpg	11817.jpg	shuffled	11817	11817
11098	11098	11098.jpg	10516.jpg	shuffled	10516	10516
11099	11099	11099.jpg	16430.jpg	shuffled	16430	16430
11100	11100	11100.jpg	05163.jpg	shuffled	05163	05163
11101	11101	11101.jpg	14773.jpg	shuffled	14773	14773
11102	11102	11102.jpg	06622.jpg	shuffled	06622	06622
11103	11103	11103.jpg	09932.jpg	shuffled	09932	09932
11104	11104	11104.jpg	00209.jpg	shuffled	00209	00209
11105	11105	11105.jpg	00937.jpg	shuffled	00937	00937
11106	11106	11106.jpg	06983.jpg	shuffled	06983	06983
11107	11107	11107.jpg	16447.jpg	shuffled	16447	16447
11108	11108	11108.jpg	17883.jpg	shuffled	17883	17883
11109	11109	11109.jpg	16225.jpg	shuffled	16225	16225
11110	11110	11110.jpg	14413.jpg	shuffled	14413	14413
11111	11111	11111.jpg	10722.jpg	shuffled	10722	10722
11112	11112	11112.jpg	02643.jpg	shuffled	02643	02643
11113	11113	11113.jpg	08450.jpg	shuffled	08450	08450
11114	11114	11114.jpg	05990.jpg	shuffled	05990	05990
11115	11115	11115.jpg	04331.jpg	shuffled	04331	04331
11116	11116	11116.jpg	15433.jpg	shuffled	15433	15433
11117	11117	11117.jpg	13113.jpg	shuffled	13113	13113
11118	11118	11118.jpg	16942.jpg	shuffled	16942	16942
11119	11119	11119.jpg	00488.jpg	shuffled	00488	00488
11120	11120	11120.jpg	15613.jpg	shuffled	15613	15613
11121	11121	11121.jpg	04423.jpg	shuffled	04423	04423
11122	11122	11122.jpg	05751.jpg	shuffled	05751	05751
11123	11123	11123.jpg	10140.jpg	shuffled	10140	10140
11124	11124	11124.jpg	07266.jpg	shuffled	07266	07266
11125	11125	11125.jpg	17785.jpg	shuffled	17785	17785
11126	11126	11126.jpg	01245.jpg	shuffled	01245	01245
11127	11127	11127.jpg	09276.jpg	shuffled	09276	09276
11128	11128	11128.jpg	00345.jpg	shuffled	00345	00345
11129	11129	11129.jpg	05106.jpg	shuffled	05106	05106
11130	11130	11130.jpg	17804.jpg	shuffled	17804	17804
11131	11131	11131.jpg	13238.jpg	shuffled	13238	13238
11132	11132	11132.jpg	07995.jpg	shuffled	07995	07995
11133	11133	11133.jpg	16905.jpg	shuffled	16905	16905
11134	11134	11134.jpg	10962.jpg	shuffled	10962	10962
11135	11135	11135.jpg	15412.jpg	shuffled	15412	15412
11136	11136	11136.jpg	15784.jpg	shuffled	15784	15784
11137	11137	11137.jpg	12015.jpg	shuffled	12015	12015
11138	11138	11138.jpg	07126.jpg	shuffled	07126	07126
11139	11139	11139.jpg	15514.jpg	shuffled	15514	15514
11140	11140	11140.jpg	07326.jpg	shuffled	07326	07326
11141	11141	11141.jpg	09265.jpg	shuffled	09265	09265
11142	11142	11142.jpg	07075.jpg	shuffled	07075	07075
11143	11143	11143.jpg	09746.jpg	shuffled	09746	09746
11144	11144	11144.jpg	01148.jpg	shuffled	01148	01148
11145	11145	11145.jpg	08232.jpg	shuffled	08232	08232
11146	11146	11146.jpg	05394.jpg	shuffled	05394	05394
11147	11147	11147.jpg	07173.jpg	shuffled	07173	07173
11148	11148	11148.jpg	13963.jpg	shuffled	13963	13963
11149	11149	11149.jpg	10857.jpg	shuffled	10857	10857
11150	11150	11150.jpg	11310.jpg	shuffled	11310	11310
11151	11151	11151.jpg	02885.jpg	shuffled	02885	02885
11152	11152	11152.jpg	09367.jpg	shuffled	09367	09367
11153	11153	11153.jpg	09886.jpg	shuffled	09886	09886
11154	11154	11154.jpg	14765.jpg	shuffled	14765	14765
11155	11155	11155.jpg	04293.jpg	shuffled	04293	04293
11156	11156	11156.jpg	12571.jpg	shuffled	12571	12571
11157	11157	11157.jpg	17610.jpg	shuffled	17610	17610
11158	11158	11158.jpg	14594.jpg	shuffled	14594	14594
11159	11159	11159.jpg	14074.jpg	shuffled	14074	14074
11160	11160	11160.jpg	17890.jpg	shuffled	17890	17890
11161	11161	11161.jpg	12339.jpg	shuffled	12339	12339
11162	11162	11162.jpg	14451.jpg	shuffled	14451	14451
11163	11163	11163.jpg	13724.jpg	shuffled	13724	13724
11164	11164	11164.jpg	13521.jpg	shuffled	13521	13521
11165	11165	11165.jpg	01418.jpg	shuffled	01418	01418
11166	11166	11166.jpg	11467.jpg	shuffled	11467	11467
11167	11167	11167.jpg	05432.jpg	shuffled	05432	05432
11168	11168	11168.jpg	04051.jpg	shuffled	04051	04051
11169	11169	11169.jpg	13270.jpg	shuffled	13270	13270
11170	11170	11170.jpg	15367.jpg	shuffled	15367	15367
11171	11171	11171.jpg	03174.jpg	shuffled	03174	03174
11172	11172	11172.jpg	04723.jpg	shuffled	04723	04723
11173	11173	11173.jpg	06438.jpg	shuffled	06438	06438
11174	11174	11174.jpg	11227.jpg	shuffled	11227	11227
11175	11175	11175.jpg	11314.jpg	shuffled	11314	11314
11176	11176	11176.jpg	00417.jpg	shuffled	00417	00417
11177	11177	11177.jpg	16628.jpg	shuffled	16628	16628
11178	11178	11178.jpg	00898.jpg	shuffled	00898	00898
11179	11179	11179.jpg	15762.jpg	shuffled	15762	15762
11180	11180	11180.jpg	16883.jpg	shuffled	16883	16883
11181	11181	11181.jpg	01526.jpg	shuffled	01526	01526
11182	11182	11182.jpg	17485.jpg	shuffled	17485	17485
11183	11183	11183.jpg	06584.jpg	shuffled	06584	06584
11184	11184	11184.jpg	16260.jpg	shuffled	16260	16260
11185	11185	11185.jpg	04196.jpg	shuffled	04196	04196
11186	11186	11186.jpg	08757.jpg	shuffled	08757	08757
11187	11187	11187.jpg	14524.jpg	shuffled	14524	14524
11188	11188	11188.jpg	06293.jpg	shuffled	06293	06293
11189	11189	11189.jpg	05254.jpg	shuffled	05254	05254
11190	11190	11190.jpg	06642.jpg	shuffled	06642	06642
11191	11191	11191.jpg	03721.jpg	shuffled	03721	03721
11192	11192	11192.jpg	00466.jpg	shuffled	00466	00466
11193	11193	11193.jpg	12042.jpg	shuffled	12042	12042
11194	11194	11194.jpg	13450.jpg	shuffled	13450	13450
11195	11195	11195.jpg	00765.jpg	shuffled	00765	00765
11196	11196	11196.jpg	09676.jpg	shuffled	09676	09676
11197	11197	11197.jpg	07255.jpg	shuffled	07255	07255
11198	11198	11198.jpg	00058.jpg	shuffled	00058	00058
11199	11199	11199.jpg	08851.jpg	shuffled	08851	08851
11200	11200	11200.jpg	08717.jpg	shuffled	08717	08717
11201	11201	11201.jpg	05060.jpg	shuffled	05060	05060
11202	11202	11202.jpg	02757.jpg	shuffled	02757	02757
11203	11203	11203.jpg	14856.jpg	shuffled	14856	14856
11204	11204	11204.jpg	03438.jpg	shuffled	03438	03438
11205	11205	11205.jpg	15997.jpg	shuffled	15997	15997
11206	11206	11206.jpg	03359.jpg	shuffled	03359	03359
11207	11207	11207.jpg	16657.jpg	shuffled	16657	16657
11208	11208	11208.jpg	09082.jpg	shuffled	09082	09082
11209	11209	11209.jpg	12163.jpg	shuffled	12163	12163
11210	11210	11210.jpg	00883.jpg	shuffled	00883	00883
11211	11211	11211.jpg	15188.jpg	shuffled	15188	15188
11212	11212	11212.jpg	07642.jpg	shuffled	07642	07642
11213	11213	11213.jpg	00117.jpg	shuffled	00117	00117
11214	11214	11214.jpg	10587.jpg	shuffled	10587	10587
11215	11215	11215.jpg	11032.jpg	shuffled	11032	11032
11216	11216	11216.jpg	05866.jpg	shuffled	05866	05866
11217	11217	11217.jpg	07760.jpg	shuffled	07760	07760
11218	11218	11218.jpg	11967.jpg	shuffled	11967	11967
11219	11219	11219.jpg	12101.jpg	shuffled	12101	12101
11220	11220	11220.jpg	16008.jpg	shuffled	16008	16008
11221	11221	11221.jpg	13141.jpg	shuffled	13141	13141
11222	11222	11222.jpg	13793.jpg	shuffled	13793	13793
11223	11223	11223.jpg	10413.jpg	shuffled	10413	10413
11224	11224	11224.jpg	17063.jpg	shuffled	17063	17063
11225	11225	11225.jpg	15321.jpg	shuffled	15321	15321
11226	11226	11226.jpg	08864.jpg	shuffled	08864	08864
11227	11227	11227.jpg	10089.jpg	shuffled	10089	10089
11228	11228	11228.jpg	03453.jpg	shuffled	03453	03453
11229	11229	11229.jpg	06442.jpg	shuffled	06442	06442
11230	11230	11230.jpg	13219.jpg	shuffled	13219	13219
11231	11231	11231.jpg	01510.jpg	shuffled	01510	01510
11232	11232	11232.jpg	00844.jpg	shuffled	00844	00844
11233	11233	11233.jpg	03067.jpg	shuffled	03067	03067
11234	11234	11234.jpg	00094.jpg	shuffled	00094	00094
11235	11235	11235.jpg	16739.jpg	shuffled	16739	16739
11236	11236	11236.jpg	12120.jpg	shuffled	12120	12120
11237	11237	11237.jpg	14927.jpg	shuffled	14927	14927
11238	11238	11238.jpg	09426.jpg	shuffled	09426	09426
11239	11239	11239.jpg	01449.jpg	shuffled	01449	01449
11240	11240	11240.jpg	17639.jpg	shuffled	17639	17639
11241	11241	11241.jpg	17927.jpg	shuffled	17927	17927
11242	11242	11242.jpg	06021.jpg	shuffled	06021	06021
11243	11243	11243.jpg	16983.jpg	shuffled	16983	16983
11244	11244	11244.jpg	10706.jpg	shuffled	10706	10706
11245	11245	11245.jpg	13142.jpg	shuffled	13142	13142
11246	11246	11246.jpg	16398.jpg	shuffled	16398	16398
11247	11247	11247.jpg	06368.jpg	shuffled	06368	06368
11248	11248	11248.jpg	09954.jpg	shuffled	09954	09954
11249	11249	11249.jpg	01745.jpg	shuffled	01745	01745
11250	11250	11250.jpg	03138.jpg	shuffled	03138	03138
11251	11251	11251.jpg	14696.jpg	shuffled	14696	14696
11252	11252	11252.jpg	04376.jpg	shuffled	04376	04376
11253	11253	11253.jpg	11674.jpg	shuffled	11674	11674
11254	11254	11254.jpg	12345.jpg	shuffled	12345	12345
11255	11255	11255.jpg	15768.jpg	shuffled	15768	15768
11256	11256	11256.jpg	10058.jpg	shuffled	10058	10058
11257	11257	11257.jpg	13489.jpg	shuffled	13489	13489
11258	11258	11258.jpg	02270.jpg	shuffled	02270	02270
11259	11259	11259.jpg	17616.jpg	shuffled	17616	17616
11260	11260	11260.jpg	05436.jpg	shuffled	05436	05436
11261	11261	11261.jpg	15937.jpg	shuffled	15937	15937
11262	11262	11262.jpg	14708.jpg	shuffled	14708	14708
11263	11263	11263.jpg	16183.jpg	shuffled	16183	16183
11264	11264	11264.jpg	01847.jpg	shuffled	01847	01847
11265	11265	11265.jpg	01757.jpg	shuffled	01757	01757
11266	11266	11266.jpg	15008.jpg	shuffled	15008	15008
11267	11267	11267.jpg	08054.jpg	shuffled	08054	08054
11268	11268	11268.jpg	03405.jpg	shuffled	03405	03405
11269	11269	11269.jpg	09734.jpg	shuffled	09734	09734
11270	11270	11270.jpg	14654.jpg	shuffled	14654	14654
11271	11271	11271.jpg	15738.jpg	shuffled	15738	15738
11272	11272	11272.jpg	13400.jpg	shuffled	13400	13400
11273	11273	11273.jpg	08084.jpg	shuffled	08084	08084
11274	11274	11274.jpg	06077.jpg	shuffled	06077	06077
11275	11275	11275.jpg	07428.jpg	shuffled	07428	07428
11276	11276	11276.jpg	12670.jpg	shuffled	12670	12670
11277	11277	11277.jpg	01305.jpg	shuffled	01305	01305
11278	11278	11278.jpg	11325.jpg	shuffled	11325	11325
11279	11279	11279.jpg	05912.jpg	shuffled	05912	05912
11280	11280	11280.jpg	12467.jpg	shuffled	12467	12467
11281	11281	11281.jpg	05166.jpg	shuffled	05166	05166
11282	11282	11282.jpg	10287.jpg	shuffled	10287	10287
11283	11283	11283.jpg	10861.jpg	shuffled	10861	10861
11284	11284	11284.jpg	14201.jpg	shuffled	14201	14201
11285	11285	11285.jpg	01108.jpg	shuffled	01108	01108
11286	11286	11286.jpg	08303.jpg	shuffled	08303	08303
11287	11287	11287.jpg	01970.jpg	shuffled	01970	01970
11288	11288	11288.jpg	08235.jpg	shuffled	08235	08235
11289	11289	11289.jpg	13505.jpg	shuffled	13505	13505
11290	11290	11290.jpg	13990.jpg	shuffled	13990	13990
11291	11291	11291.jpg	13609.jpg	shuffled	13609	13609
11292	11292	11292.jpg	11785.jpg	shuffled	11785	11785
11293	11293	11293.jpg	17154.jpg	shuffled	17154	17154
11294	11294	11294.jpg	00591.jpg	shuffled	00591	00591
11295	11295	11295.jpg	08960.jpg	shuffled	08960	08960
11296	11296	11296.jpg	12767.jpg	shuffled	12767	12767
11297	11297	11297.jpg	12954.jpg	shuffled	12954	12954
11298	11298	11298.jpg	07164.jpg	shuffled	07164	07164
11299	11299	11299.jpg	12104.jpg	shuffled	12104	12104
11300	11300	11300.jpg	12963.jpg	shuffled	12963	12963
11301	11301	11301.jpg	11388.jpg	shuffled	11388	11388
11302	11302	11302.jpg	08674.jpg	shuffled	08674	08674
11303	11303	11303.jpg	15878.jpg	shuffled	15878	15878
11304	11304	11304.jpg	03349.jpg	shuffled	03349	03349
11305	11305	11305.jpg	09174.jpg	shuffled	09174	09174
11306	11306	11306.jpg	04761.jpg	shuffled	04761	04761
11307	11307	11307.jpg	10217.jpg	shuffled	10217	10217
11308	11308	11308.jpg	06918.jpg	shuffled	06918	06918
11309	11309	11309.jpg	03570.jpg	shuffled	03570	03570
11310	11310	11310.jpg	04464.jpg	shuffled	04464	04464
11311	11311	11311.jpg	13124.jpg	shuffled	13124	13124
11312	11312	11312.jpg	17642.jpg	shuffled	17642	17642
11313	11313	11313.jpg	12757.jpg	shuffled	12757	12757
11314	11314	11314.jpg	03321.jpg	shuffled	03321	03321
11315	11315	11315.jpg	07550.jpg	shuffled	07550	07550
11316	11316	11316.jpg	06696.jpg	shuffled	06696	06696
11317	11317	11317.jpg	04233.jpg	shuffled	04233	04233
11318	11318	11318.jpg	16962.jpg	shuffled	16962	16962
11319	11319	11319.jpg	17746.jpg	shuffled	17746	17746
11320	11320	11320.jpg	14343.jpg	shuffled	14343	14343
11321	11321	11321.jpg	17518.jpg	shuffled	17518	17518
11322	11322	11322.jpg	03639.jpg	shuffled	03639	03639
11323	11323	11323.jpg	14328.jpg	shuffled	14328	14328
11324	11324	11324.jpg	05776.jpg	shuffled	05776	05776
11325	11325	11325.jpg	13545.jpg	shuffled	13545	13545
11326	11326	11326.jpg	14582.jpg	shuffled	14582	14582
11327	11327	11327.jpg	11239.jpg	shuffled	11239	11239
11328	11328	11328.jpg	00325.jpg	shuffled	00325	00325
11329	11329	11329.jpg	07823.jpg	shuffled	07823	07823
11330	11330	11330.jpg	07928.jpg	shuffled	07928	07928
11331	11331	11331.jpg	01912.jpg	shuffled	01912	01912
11332	11332	11332.jpg	15396.jpg	shuffled	15396	15396
11333	11333	11333.jpg	10311.jpg	shuffled	10311	10311
11334	11334	11334.jpg	14626.jpg	shuffled	14626	14626
11335	11335	11335.jpg	09705.jpg	shuffled	09705	09705
11336	11336	11336.jpg	12612.jpg	shuffled	12612	12612
11337	11337	11337.jpg	16783.jpg	shuffled	16783	16783
11338	11338	11338.jpg	07374.jpg	shuffled	07374	07374
11339	11339	11339.jpg	16562.jpg	shuffled	16562	16562
11340	11340	11340.jpg	07674.jpg	shuffled	07674	07674
11341	11341	11341.jpg	01980.jpg	shuffled	01980	01980
11342	11342	11342.jpg	03929.jpg	shuffled	03929	03929
11343	11343	11343.jpg	16570.jpg	shuffled	16570	16570
11344	11344	11344.jpg	03192.jpg	shuffled	03192	03192
11345	11345	11345.jpg	15004.jpg	shuffled	15004	15004
11346	11346	11346.jpg	15308.jpg	shuffled	15308	15308
11347	11347	11347.jpg	02648.jpg	shuffled	02648	02648
11348	11348	11348.jpg	03890.jpg	shuffled	03890	03890
11349	11349	11349.jpg	09824.jpg	shuffled	09824	09824
11350	11350	11350.jpg	10373.jpg	shuffled	10373	10373
11351	11351	11351.jpg	12659.jpg	shuffled	12659	12659
11352	11352	11352.jpg	06807.jpg	shuffled	06807	06807
11353	11353	11353.jpg	05196.jpg	shuffled	05196	05196
11354	11354	11354.jpg	10886.jpg	shuffled	10886	10886
11355	11355	11355.jpg	06624.jpg	shuffled	06624	06624
11356	11356	11356.jpg	07934.jpg	shuffled	07934	07934
11357	11357	11357.jpg	06894.jpg	shuffled	06894	06894
11358	11358	11358.jpg	03189.jpg	shuffled	03189	03189
11359	11359	11359.jpg	16847.jpg	shuffled	16847	16847
11360	11360	11360.jpg	12617.jpg	shuffled	12617	12617
11361	11361	11361.jpg	11887.jpg	shuffled	11887	11887
11362	11362	11362.jpg	07967.jpg	shuffled	07967	07967
11363	11363	11363.jpg	09078.jpg	shuffled	09078	09078
11364	11364	11364.jpg	02700.jpg	shuffled	02700	02700
11365	11365	11365.jpg	11444.jpg	shuffled	11444	11444
11366	11366	11366.jpg	14806.jpg	shuffled	14806	14806
11367	11367	11367.jpg	08278.jpg	shuffled	08278	08278
11368	11368	11368.jpg	07162.jpg	shuffled	07162	07162
11369	11369	11369.jpg	16551.jpg	shuffled	16551	16551
11370	11370	11370.jpg	17007.jpg	shuffled	17007	17007
11371	11371	11371.jpg	08488.jpg	shuffled	08488	08488
11372	11372	11372.jpg	14502.jpg	shuffled	14502	14502
11373	11373	11373.jpg	07059.jpg	shuffled	07059	07059
11374	11374	11374.jpg	09804.jpg	shuffled	09804	09804
11375	11375	11375.jpg	10802.jpg	shuffled	10802	10802
11376	11376	11376.jpg	11980.jpg	shuffled	11980	11980
11377	11377	11377.jpg	14031.jpg	shuffled	14031	14031
11378	11378	11378.jpg	10341.jpg	shuffled	10341	10341
11379	11379	11379.jpg	02241.jpg	shuffled	02241	02241
11380	11380	11380.jpg	14303.jpg	shuffled	14303	14303
11381	11381	11381.jpg	00490.jpg	shuffled	00490	00490
11382	11382	11382.jpg	17206.jpg	shuffled	17206	17206
11383	11383	11383.jpg	03801.jpg	shuffled	03801	03801
11384	11384	11384.jpg	13134.jpg	shuffled	13134	13134
11385	11385	11385.jpg	07564.jpg	shuffled	07564	07564
11386	11386	11386.jpg	09206.jpg	shuffled	09206	09206
11387	11387	11387.jpg	07762.jpg	shuffled	07762	07762
11388	11388	11388.jpg	15836.jpg	shuffled	15836	15836
11389	11389	11389.jpg	14371.jpg	shuffled	14371	14371
11390	11390	11390.jpg	08543.jpg	shuffled	08543	08543
11391	11391	11391.jpg	11720.jpg	shuffled	11720	11720
11392	11392	11392.jpg	00794.jpg	shuffled	00794	00794
11393	11393	11393.jpg	16705.jpg	shuffled	16705	16705
11394	11394	11394.jpg	16538.jpg	shuffled	16538	16538
11395	11395	11395.jpg	13710.jpg	shuffled	13710	13710
11396	11396	11396.jpg	09612.jpg	shuffled	09612	09612
11397	11397	11397.jpg	06886.jpg	shuffled	06886	06886
11398	11398	11398.jpg	13227.jpg	shuffled	13227	13227
11399	11399	11399.jpg	16207.jpg	shuffled	16207	16207
11400	11400	11400.jpg	00999.jpg	shuffled	00999	00999
11401	11401	11401.jpg	06081.jpg	shuffled	06081	06081
11402	11402	11402.jpg	12449.jpg	shuffled	12449	12449
11403	11403	11403.jpg	08428.jpg	shuffled	08428	08428
11404	11404	11404.jpg	13915.jpg	shuffled	13915	13915
11405	11405	11405.jpg	01596.jpg	shuffled	01596	01596
11406	11406	11406.jpg	17720.jpg	shuffled	17720	17720
11407	11407	11407.jpg	05966.jpg	shuffled	05966	05966
11408	11408	11408.jpg	10138.jpg	shuffled	10138	10138
11409	11409	11409.jpg	04410.jpg	shuffled	04410	04410
11410	11410	11410.jpg	10553.jpg	shuffled	10553	10553
11411	11411	11411.jpg	17420.jpg	shuffled	17420	17420
11412	11412	11412.jpg	14515.jpg	shuffled	14515	14515
11413	11413	11413.jpg	12481.jpg	shuffled	12481	12481
11414	11414	11414.jpg	08435.jpg	shuffled	08435	08435
11415	11415	11415.jpg	05464.jpg	shuffled	05464	05464
11416	11416	11416.jpg	08562.jpg	shuffled	08562	08562
11417	11417	11417.jpg	03300.jpg	shuffled	03300	03300
11418	11418	11418.jpg	02904.jpg	shuffled	02904	02904
11419	11419	11419.jpg	06304.jpg	shuffled	06304	06304
11420	11420	11420.jpg	04163.jpg	shuffled	04163	04163
11421	11421	11421.jpg	00474.jpg	shuffled	00474	00474
11422	11422	11422.jpg	07081.jpg	shuffled	07081	07081
11423	11423	11423.jpg	12422.jpg	shuffled	12422	12422
11424	11424	11424.jpg	07093.jpg	shuffled	07093	07093
11425	11425	11425.jpg	14999.jpg	shuffled	14999	14999
11426	11426	11426.jpg	05025.jpg	shuffled	05025	05025
11427	11427	11427.jpg	06156.jpg	shuffled	06156	06156
11428	11428	11428.jpg	08277.jpg	shuffled	08277	08277
11429	11429	11429.jpg	04600.jpg	shuffled	04600	04600
11430	11430	11430.jpg	17694.jpg	shuffled	17694	17694
11431	11431	11431.jpg	16313.jpg	shuffled	16313	16313
11432	11432	11432.jpg	14283.jpg	shuffled	14283	14283
11433	11433	11433.jpg	03455.jpg	shuffled	03455	03455
11434	11434	11434.jpg	06891.jpg	shuffled	06891	06891
11435	11435	11435.jpg	05092.jpg	shuffled	05092	05092
11436	11436	11436.jpg	10440.jpg	shuffled	10440	10440
11437	11437	11437.jpg	13546.jpg	shuffled	13546	13546
11438	11438	11438.jpg	00650.jpg	shuffled	00650	00650
11439	11439	11439.jpg	15273.jpg	shuffled	15273	15273
11440	11440	11440.jpg	13738.jpg	shuffled	13738	13738
11441	11441	11441.jpg	05861.jpg	shuffled	05861	05861
11442	11442	11442.jpg	12773.jpg	shuffled	12773	12773
11443	11443	11443.jpg	09906.jpg	shuffled	09906	09906
11444	11444	11444.jpg	07686.jpg	shuffled	07686	07686
11445	11445	11445.jpg	03491.jpg	shuffled	03491	03491
11446	11446	11446.jpg	05391.jpg	shuffled	05391	05391
11447	11447	11447.jpg	13807.jpg	shuffled	13807	13807
11448	11448	11448.jpg	04758.jpg	shuffled	04758	04758
11449	11449	11449.jpg	09910.jpg	shuffled	09910	09910
11450	11450	11450.jpg	08052.jpg	shuffled	08052	08052
11451	11451	11451.jpg	07521.jpg	shuffled	07521	07521
11452	11452	11452.jpg	15609.jpg	shuffled	15609	15609
11453	11453	11453.jpg	13947.jpg	shuffled	13947	13947
11454	11454	11454.jpg	10212.jpg	shuffled	10212	10212
11455	11455	11455.jpg	15255.jpg	shuffled	15255	15255
11456	11456	11456.jpg	09355.jpg	shuffled	09355	09355
11457	11457	11457.jpg	05752.jpg	shuffled	05752	05752
11458	11458	11458.jpg	07169.jpg	shuffled	07169	07169
11459	11459	11459.jpg	09437.jpg	shuffled	09437	09437
11460	11460	11460.jpg	01232.jpg	shuffled	01232	01232
11461	11461	11461.jpg	04180.jpg	shuffled	04180	04180
11462	11462	11462.jpg	01400.jpg	shuffled	01400	01400
11463	11463	11463.jpg	14075.jpg	shuffled	14075	14075
11464	11464	11464.jpg	15435.jpg	shuffled	15435	15435
11465	11465	11465.jpg	12949.jpg	shuffled	12949	12949
11466	11466	11466.jpg	04863.jpg	shuffled	04863	04863
11467	11467	11467.jpg	15464.jpg	shuffled	15464	15464
11468	11468	11468.jpg	14342.jpg	shuffled	14342	14342
11469	11469	11469.jpg	15752.jpg	shuffled	15752	15752
11470	11470	11470.jpg	07857.jpg	shuffled	07857	07857
11471	11471	11471.jpg	01434.jpg	shuffled	01434	01434
11472	11472	11472.jpg	02127.jpg	shuffled	02127	02127
11473	11473	11473.jpg	11199.jpg	shuffled	11199	11199
11474	11474	11474.jpg	00277.jpg	shuffled	00277	00277
11475	11475	11475.jpg	09464.jpg	shuffled	09464	09464
11476	11476	11476.jpg	03911.jpg	shuffled	03911	03911
11477	11477	11477.jpg	08310.jpg	shuffled	08310	08310
11478	11478	11478.jpg	11061.jpg	shuffled	11061	11061
11479	11479	11479.jpg	08256.jpg	shuffled	08256	08256
11480	11480	11480.jpg	11712.jpg	shuffled	11712	11712
11481	11481	11481.jpg	13828.jpg	shuffled	13828	13828
11482	11482	11482.jpg	17840.jpg	shuffled	17840	17840
11483	11483	11483.jpg	02691.jpg	shuffled	02691	02691
11484	11484	11484.jpg	07492.jpg	shuffled	07492	07492
11485	11485	11485.jpg	17464.jpg	shuffled	17464	17464
11486	11486	11486.jpg	12502.jpg	shuffled	12502	12502
11487	11487	11487.jpg	10720.jpg	shuffled	10720	10720
11488	11488	11488.jpg	15066.jpg	shuffled	15066	15066
11489	11489	11489.jpg	01046.jpg	shuffled	01046	01046
11490	11490	11490.jpg	13206.jpg	shuffled	13206	13206
11491	11491	11491.jpg	15521.jpg	shuffled	15521	15521
11492	11492	11492.jpg	02986.jpg	shuffled	02986	02986
11493	11493	11493.jpg	15036.jpg	shuffled	15036	15036
11494	11494	11494.jpg	10059.jpg	shuffled	10059	10059
11495	11495	11495.jpg	03618.jpg	shuffled	03618	03618
11496	11496	11496.jpg	05979.jpg	shuffled	05979	05979
11497	11497	11497.jpg	08749.jpg	shuffled	08749	08749
11498	11498	11498.jpg	13520.jpg	shuffled	13520	13520
11499	11499	11499.jpg	06970.jpg	shuffled	06970	06970
11500	11500	11500.jpg	15239.jpg	shuffled	15239	15239
11501	11501	11501.jpg	17643.jpg	shuffled	17643	17643
11502	11502	11502.jpg	07868.jpg	shuffled	07868	07868
11503	11503	11503.jpg	06837.jpg	shuffled	06837	06837
11504	11504	11504.jpg	00593.jpg	shuffled	00593	00593
11505	11505	11505.jpg	01727.jpg	shuffled	01727	01727
11506	11506	11506.jpg	13518.jpg	shuffled	13518	13518
11507	11507	11507.jpg	17393.jpg	shuffled	17393	17393
11508	11508	11508.jpg	01430.jpg	shuffled	01430	01430
11509	11509	11509.jpg	01475.jpg	shuffled	01475	01475
11510	11510	11510.jpg	05409.jpg	shuffled	05409	05409
11511	11511	11511.jpg	07506.jpg	shuffled	07506	07506
11512	11512	11512.jpg	02817.jpg	shuffled	02817	02817
11513	11513	11513.jpg	06952.jpg	shuffled	06952	06952
11514	11514	11514.jpg	00136.jpg	shuffled	00136	00136
11515	11515	11515.jpg	07209.jpg	shuffled	07209	07209
11516	11516	11516.jpg	01010.jpg	shuffled	01010	01010
11517	11517	11517.jpg	02730.jpg	shuffled	02730	02730
11518	11518	11518.jpg	04134.jpg	shuffled	04134	04134
11519	11519	11519.jpg	16416.jpg	shuffled	16416	16416
11520	11520	11520.jpg	02266.jpg	shuffled	02266	02266
11521	11521	11521.jpg	16623.jpg	shuffled	16623	16623
11522	11522	11522.jpg	10696.jpg	shuffled	10696	10696
11523	11523	11523.jpg	08693.jpg	shuffled	08693	08693
11524	11524	11524.jpg	02503.jpg	shuffled	02503	02503
11525	11525	11525.jpg	03670.jpg	shuffled	03670	03670
11526	11526	11526.jpg	14828.jpg	shuffled	14828	14828
11527	11527	11527.jpg	16281.jpg	shuffled	16281	16281
11528	11528	11528.jpg	02888.jpg	shuffled	02888	02888
11529	11529	11529.jpg	02985.jpg	shuffled	02985	02985
11530	11530	11530.jpg	12461.jpg	shuffled	12461	12461
11531	11531	11531.jpg	07267.jpg	shuffled	07267	07267
11532	11532	11532.jpg	13187.jpg	shuffled	13187	13187
11533	11533	11533.jpg	03708.jpg	shuffled	03708	03708
11534	11534	11534.jpg	13493.jpg	shuffled	13493	13493
11535	11535	11535.jpg	01769.jpg	shuffled	01769	01769
11536	11536	11536.jpg	05294.jpg	shuffled	05294	05294
11537	11537	11537.jpg	07449.jpg	shuffled	07449	07449
11538	11538	11538.jpg	03281.jpg	shuffled	03281	03281
11539	11539	11539.jpg	11534.jpg	shuffled	11534	11534
11540	11540	11540.jpg	03932.jpg	shuffled	03932	03932
11541	11541	11541.jpg	02698.jpg	shuffled	02698	02698
11542	11542	11542.jpg	02518.jpg	shuffled	02518	02518
11543	11543	11543.jpg	07408.jpg	shuffled	07408	07408
11544	11544	11544.jpg	10278.jpg	shuffled	10278	10278
11545	11545	11545.jpg	02887.jpg	shuffled	02887	02887
11546	11546	11546.jpg	00808.jpg	shuffled	00808	00808
11547	11547	11547.jpg	09032.jpg	shuffled	09032	09032
11548	11548	11548.jpg	06843.jpg	shuffled	06843	06843
11549	11549	11549.jpg	01069.jpg	shuffled	01069	01069
11550	11550	11550.jpg	13062.jpg	shuffled	13062	13062
11551	11551	11551.jpg	10806.jpg	shuffled	10806	10806
11552	11552	11552.jpg	14772.jpg	shuffled	14772	14772
11553	11553	11553.jpg	07163.jpg	shuffled	07163	07163
11554	11554	11554.jpg	04020.jpg	shuffled	04020	04020
11555	11555	11555.jpg	00104.jpg	shuffled	00104	00104
11556	11556	11556.jpg	04593.jpg	shuffled	04593	04593
11557	11557	11557.jpg	13923.jpg	shuffled	13923	13923
11558	11558	11558.jpg	16110.jpg	shuffled	16110	16110
11559	11559	11559.jpg	00448.jpg	shuffled	00448	00448
11560	11560	11560.jpg	01337.jpg	shuffled	01337	01337
11561	11561	11561.jpg	09650.jpg	shuffled	09650	09650
11562	11562	11562.jpg	11280.jpg	shuffled	11280	11280
11563	11563	11563.jpg	04393.jpg	shuffled	04393	04393
11564	11564	11564.jpg	10339.jpg	shuffled	10339	10339
11565	11565	11565.jpg	09095.jpg	shuffled	09095	09095
11566	11566	11566.jpg	06913.jpg	shuffled	06913	06913
11567	11567	11567.jpg	02182.jpg	shuffled	02182	02182
11568	11568	11568.jpg	04856.jpg	shuffled	04856	04856
11569	11569	11569.jpg	07302.jpg	shuffled	07302	07302
11570	11570	11570.jpg	02896.jpg	shuffled	02896	02896
11571	11571	11571.jpg	01991.jpg	shuffled	01991	01991
11572	11572	11572.jpg	16833.jpg	shuffled	16833	16833
11573	11573	11573.jpg	00987.jpg	shuffled	00987	00987
11574	11574	11574.jpg	09048.jpg	shuffled	09048	09048
11575	11575	11575.jpg	02543.jpg	shuffled	02543	02543
11576	11576	11576.jpg	03079.jpg	shuffled	03079	03079
11577	11577	11577.jpg	00909.jpg	shuffled	00909	00909
11578	11578	11578.jpg	01023.jpg	shuffled	01023	01023
11579	11579	11579.jpg	11179.jpg	shuffled	11179	11179
11580	11580	11580.jpg	06317.jpg	shuffled	06317	06317
11581	11581	11581.jpg	16860.jpg	shuffled	16860	16860
11582	11582	11582.jpg	04164.jpg	shuffled	04164	04164
11583	11583	11583.jpg	04942.jpg	shuffled	04942	04942
11584	11584	11584.jpg	02701.jpg	shuffled	02701	02701
11585	11585	11585.jpg	02924.jpg	shuffled	02924	02924
11586	11586	11586.jpg	16256.jpg	shuffled	16256	16256
11587	11587	11587.jpg	10482.jpg	shuffled	10482	10482
11588	11588	11588.jpg	11416.jpg	shuffled	11416	11416
11589	11589	11589.jpg	17936.jpg	shuffled	17936	17936
11590	11590	11590.jpg	02360.jpg	shuffled	02360	02360
11591	11591	11591.jpg	12698.jpg	shuffled	12698	12698
11592	11592	11592.jpg	14258.jpg	shuffled	14258	14258
11593	11593	11593.jpg	02542.jpg	shuffled	02542	02542
11594	11594	11594.jpg	17947.jpg	shuffled	17947	17947
11595	11595	11595.jpg	03858.jpg	shuffled	03858	03858
11596	11596	11596.jpg	12400.jpg	shuffled	12400	12400
11597	11597	11597.jpg	17712.jpg	shuffled	17712	17712
11598	11598	11598.jpg	09354.jpg	shuffled	09354	09354
11599	11599	11599.jpg	16660.jpg	shuffled	16660	16660
11600	11600	11600.jpg	09454.jpg	shuffled	09454	09454
11601	11601	11601.jpg	07963.jpg	shuffled	07963	07963
11602	11602	11602.jpg	10186.jpg	shuffled	10186	10186
11603	11603	11603.jpg	12738.jpg	shuffled	12738	12738
11604	11604	11604.jpg	11204.jpg	shuffled	11204	11204
11605	11605	11605.jpg	16020.jpg	shuffled	16020	16020
11606	11606	11606.jpg	08598.jpg	shuffled	08598	08598
11607	11607	11607.jpg	13446.jpg	shuffled	13446	13446
11608	11608	11608.jpg	06212.jpg	shuffled	06212	06212
11609	11609	11609.jpg	07288.jpg	shuffled	07288	07288
11610	11610	11610.jpg	03086.jpg	shuffled	03086	03086
11611	11611	11611.jpg	06324.jpg	shuffled	06324	06324
11612	11612	11612.jpg	13884.jpg	shuffled	13884	13884
11613	11613	11613.jpg	12669.jpg	shuffled	12669	12669
11614	11614	11614.jpg	11731.jpg	shuffled	11731	11731
11615	11615	11615.jpg	11868.jpg	shuffled	11868	11868
11616	11616	11616.jpg	06089.jpg	shuffled	06089	06089
11617	11617	11617.jpg	16403.jpg	shuffled	16403	16403
11618	11618	11618.jpg	15816.jpg	shuffled	15816	15816
11619	11619	11619.jpg	16042.jpg	shuffled	16042	16042
11620	11620	11620.jpg	03234.jpg	shuffled	03234	03234
11621	11621	11621.jpg	03055.jpg	shuffled	03055	03055
11622	11622	11622.jpg	14602.jpg	shuffled	14602	14602
11623	11623	11623.jpg	00517.jpg	shuffled	00517	00517
11624	11624	11624.jpg	16158.jpg	shuffled	16158	16158
11625	11625	11625.jpg	00259.jpg	shuffled	00259	00259
11626	11626	11626.jpg	09885.jpg	shuffled	09885	09885
11627	11627	11627.jpg	17107.jpg	shuffled	17107	17107
11628	11628	11628.jpg	09820.jpg	shuffled	09820	09820
11629	11629	11629.jpg	17736.jpg	shuffled	17736	17736
11630	11630	11630.jpg	08596.jpg	shuffled	08596	08596
11631	11631	11631.jpg	06502.jpg	shuffled	06502	06502
11632	11632	11632.jpg	08476.jpg	shuffled	08476	08476
11633	11633	11633.jpg	13766.jpg	shuffled	13766	13766
11634	11634	11634.jpg	15739.jpg	shuffled	15739	15739
11635	11635	11635.jpg	13274.jpg	shuffled	13274	13274
11636	11636	11636.jpg	01580.jpg	shuffled	01580	01580
11637	11637	11637.jpg	07688.jpg	shuffled	07688	07688
11638	11638	11638.jpg	01723.jpg	shuffled	01723	01723
11639	11639	11639.jpg	07097.jpg	shuffled	07097	07097
11640	11640	11640.jpg	00983.jpg	shuffled	00983	00983
11641	11641	11641.jpg	13962.jpg	shuffled	13962	13962
11642	11642	11642.jpg	15722.jpg	shuffled	15722	15722
11643	11643	11643.jpg	08746.jpg	shuffled	08746	08746
11644	11644	11644.jpg	03176.jpg	shuffled	03176	03176
11645	11645	11645.jpg	12914.jpg	shuffled	12914	12914
11646	11646	11646.jpg	09689.jpg	shuffled	09689	09689
11647	11647	11647.jpg	09610.jpg	shuffled	09610	09610
11648	11648	11648.jpg	04722.jpg	shuffled	04722	04722
11649	11649	11649.jpg	01922.jpg	shuffled	01922	01922
11650	11650	11650.jpg	05863.jpg	shuffled	05863	05863
11651	11651	11651.jpg	13267.jpg	shuffled	13267	13267
11652	11652	11652.jpg	11610.jpg	shuffled	11610	11610
11653	11653	11653.jpg	01924.jpg	shuffled	01924	01924
11654	11654	11654.jpg	15265.jpg	shuffled	15265	15265
11655	11655	11655.jpg	06961.jpg	shuffled	06961	06961
11656	11656	11656.jpg	11229.jpg	shuffled	11229	11229
11657	11657	11657.jpg	06987.jpg	shuffled	06987	06987
11658	11658	11658.jpg	02229.jpg	shuffled	02229	02229
11659	11659	11659.jpg	04716.jpg	shuffled	04716	04716
11660	11660	11660.jpg	17360.jpg	shuffled	17360	17360
11661	11661	11661.jpg	08187.jpg	shuffled	08187	08187
11662	11662	11662.jpg	16327.jpg	shuffled	16327	16327
11663	11663	11663.jpg	17914.jpg	shuffled	17914	17914
11664	11664	11664.jpg	16023.jpg	shuffled	16023	16023
11665	11665	11665.jpg	11438.jpg	shuffled	11438	11438
11666	11666	11666.jpg	09588.jpg	shuffled	09588	09588
11667	11667	11667.jpg	13449.jpg	shuffled	13449	13449
11668	11668	11668.jpg	14752.jpg	shuffled	14752	14752
11669	11669	11669.jpg	10474.jpg	shuffled	10474	10474
11670	11670	11670.jpg	08042.jpg	shuffled	08042	08042
11671	11671	11671.jpg	10960.jpg	shuffled	10960	10960
11672	11672	11672.jpg	03673.jpg	shuffled	03673	03673
11673	11673	11673.jpg	04243.jpg	shuffled	04243	04243
11674	11674	11674.jpg	07144.jpg	shuffled	07144	07144
11675	11675	11675.jpg	00708.jpg	shuffled	00708	00708
11676	11676	11676.jpg	11801.jpg	shuffled	11801	11801
11677	11677	11677.jpg	10384.jpg	shuffled	10384	10384
11678	11678	11678.jpg	12211.jpg	shuffled	12211	12211
11679	11679	11679.jpg	14484.jpg	shuffled	14484	14484
11680	11680	11680.jpg	11397.jpg	shuffled	11397	11397
11681	11681	11681.jpg	11540.jpg	shuffled	11540	11540
11682	11682	11682.jpg	16379.jpg	shuffled	16379	16379
11683	11683	11683.jpg	16297.jpg	shuffled	16297	16297
11684	11684	11684.jpg	15656.jpg	shuffled	15656	15656
11685	11685	11685.jpg	17277.jpg	shuffled	17277	17277
11686	11686	11686.jpg	01021.jpg	shuffled	01021	01021
11687	11687	11687.jpg	07723.jpg	shuffled	07723	07723
11688	11688	11688.jpg	14967.jpg	shuffled	14967	14967
11689	11689	11689.jpg	07106.jpg	shuffled	07106	07106
11690	11690	11690.jpg	15489.jpg	shuffled	15489	15489
11691	11691	11691.jpg	04374.jpg	shuffled	04374	04374
11692	11692	11692.jpg	09413.jpg	shuffled	09413	09413
11693	11693	11693.jpg	10075.jpg	shuffled	10075	10075
11694	11694	11694.jpg	13581.jpg	shuffled	13581	13581
11695	11695	11695.jpg	07964.jpg	shuffled	07964	07964
11696	11696	11696.jpg	06572.jpg	shuffled	06572	06572
11697	11697	11697.jpg	03012.jpg	shuffled	03012	03012
11698	11698	11698.jpg	03465.jpg	shuffled	03465	03465
11699	11699	11699.jpg	13912.jpg	shuffled	13912	13912
11700	11700	11700.jpg	15515.jpg	shuffled	15515	15515
11701	11701	11701.jpg	15797.jpg	shuffled	15797	15797
11702	11702	11702.jpg	09641.jpg	shuffled	09641	09641
11703	11703	11703.jpg	15889.jpg	shuffled	15889	15889
11704	11704	11704.jpg	13498.jpg	shuffled	13498	13498
11705	11705	11705.jpg	02427.jpg	shuffled	02427	02427
11706	11706	11706.jpg	06598.jpg	shuffled	06598	06598
11707	11707	11707.jpg	08909.jpg	shuffled	08909	08909
11708	11708	11708.jpg	09628.jpg	shuffled	09628	09628
11709	11709	11709.jpg	00019.jpg	shuffled	00019	00019
11710	11710	11710.jpg	12219.jpg	shuffled	12219	12219
11711	11711	11711.jpg	13608.jpg	shuffled	13608	13608
11712	11712	11712.jpg	09842.jpg	shuffled	09842	09842
11713	11713	11713.jpg	04431.jpg	shuffled	04431	04431
11714	11714	11714.jpg	13148.jpg	shuffled	13148	13148
11715	11715	11715.jpg	03026.jpg	shuffled	03026	03026
11716	11716	11716.jpg	05677.jpg	shuffled	05677	05677
11717	11717	11717.jpg	01171.jpg	shuffled	01171	01171
11718	11718	11718.jpg	13980.jpg	shuffled	13980	13980
11719	11719	11719.jpg	16329.jpg	shuffled	16329	16329
11720	11720	11720.jpg	08781.jpg	shuffled	08781	08781
11721	11721	11721.jpg	06169.jpg	shuffled	06169	06169
11722	11722	11722.jpg	16844.jpg	shuffled	16844	16844
11723	11723	11723.jpg	13931.jpg	shuffled	13931	13931
11724	11724	11724.jpg	01211.jpg	shuffled	01211	01211
11725	11725	11725.jpg	03747.jpg	shuffled	03747	03747
11726	11726	11726.jpg	16193.jpg	shuffled	16193	16193
11727	11727	11727.jpg	09541.jpg	shuffled	09541	09541
11728	11728	11728.jpg	08764.jpg	shuffled	08764	08764
11729	11729	11729.jpg	12180.jpg	shuffled	12180	12180
11730	11730	11730.jpg	09907.jpg	shuffled	09907	09907
11731	11731	11731.jpg	04287.jpg	shuffled	04287	04287
11732	11732	11732.jpg	02100.jpg	shuffled	02100	02100
11733	11733	11733.jpg	07363.jpg	shuffled	07363	07363
11734	11734	11734.jpg	16277.jpg	shuffled	16277	16277
11735	11735	11735.jpg	05042.jpg	shuffled	05042	05042
11736	11736	11736.jpg	02088.jpg	shuffled	02088	02088
11737	11737	11737.jpg	00857.jpg	shuffled	00857	00857
11738	11738	11738.jpg	01525.jpg	shuffled	01525	01525
11739	11739	11739.jpg	05209.jpg	shuffled	05209	05209
11740	11740	11740.jpg	11553.jpg	shuffled	11553	11553
11741	11741	11741.jpg	00822.jpg	shuffled	00822	00822
11742	11742	11742.jpg	15636.jpg	shuffled	15636	15636
11743	11743	11743.jpg	08529.jpg	shuffled	08529	08529
11744	11744	11744.jpg	01578.jpg	shuffled	01578	01578
11745	11745	11745.jpg	02708.jpg	shuffled	02708	02708
11746	11746	11746.jpg	11758.jpg	shuffled	11758	11758
11747	11747	11747.jpg	04330.jpg	shuffled	04330	04330
11748	11748	11748.jpg	17345.jpg	shuffled	17345	17345
11749	11749	11749.jpg	12599.jpg	shuffled	12599	12599
11750	11750	11750.jpg	01995.jpg	shuffled	01995	01995
11751	11751	11751.jpg	05471.jpg	shuffled	05471	05471
11752	11752	11752.jpg	10196.jpg	shuffled	10196	10196
11753	11753	11753.jpg	05338.jpg	shuffled	05338	05338
11754	11754	11754.jpg	01259.jpg	shuffled	01259	01259
11755	11755	11755.jpg	05383.jpg	shuffled	05383	05383
11756	11756	11756.jpg	05493.jpg	shuffled	05493	05493
11757	11757	11757.jpg	10539.jpg	shuffled	10539	10539
11758	11758	11758.jpg	14273.jpg	shuffled	14273	14273
11759	11759	11759.jpg	03397.jpg	shuffled	03397	03397
11760	11760	11760.jpg	06683.jpg	shuffled	06683	06683
11761	11761	11761.jpg	10691.jpg	shuffled	10691	10691
11762	11762	11762.jpg	04561.jpg	shuffled	04561	04561
11763	11763	11763.jpg	13333.jpg	shuffled	13333	13333
11764	11764	11764.jpg	14428.jpg	shuffled	14428	14428
11765	11765	11765.jpg	15698.jpg	shuffled	15698	15698
11766	11766	11766.jpg	08939.jpg	shuffled	08939	08939
11767	11767	11767.jpg	05932.jpg	shuffled	05932	05932
11768	11768	11768.jpg	11722.jpg	shuffled	11722	11722
11769	11769	11769.jpg	12782.jpg	shuffled	12782	12782
11770	11770	11770.jpg	13752.jpg	shuffled	13752	13752
11771	11771	11771.jpg	10795.jpg	shuffled	10795	10795
11772	11772	11772.jpg	13964.jpg	shuffled	13964	13964
11773	11773	11773.jpg	15746.jpg	shuffled	15746	15746
11774	11774	11774.jpg	09459.jpg	shuffled	09459	09459
11775	11775	11775.jpg	09663.jpg	shuffled	09663	09663
11776	11776	11776.jpg	01639.jpg	shuffled	01639	01639
11777	11777	11777.jpg	06172.jpg	shuffled	06172	06172
11778	11778	11778.jpg	01469.jpg	shuffled	01469	01469
11779	11779	11779.jpg	13694.jpg	shuffled	13694	13694
11780	11780	11780.jpg	04583.jpg	shuffled	04583	04583
11781	11781	11781.jpg	02937.jpg	shuffled	02937	02937
11782	11782	11782.jpg	09764.jpg	shuffled	09764	09764
11783	11783	11783.jpg	13677.jpg	shuffled	13677	13677
11784	11784	11784.jpg	03726.jpg	shuffled	03726	03726
11785	11785	11785.jpg	03296.jpg	shuffled	03296	03296
11786	11786	11786.jpg	07202.jpg	shuffled	07202	07202
11787	11787	11787.jpg	04259.jpg	shuffled	04259	04259
11788	11788	11788.jpg	17409.jpg	shuffled	17409	17409
11789	11789	11789.jpg	15618.jpg	shuffled	15618	15618
11790	11790	11790.jpg	08292.jpg	shuffled	08292	08292
11791	11791	11791.jpg	10271.jpg	shuffled	10271	10271
11792	11792	11792.jpg	13585.jpg	shuffled	13585	13585
11793	11793	11793.jpg	04932.jpg	shuffled	04932	04932
11794	11794	11794.jpg	05923.jpg	shuffled	05923	05923
11795	11795	11795.jpg	05270.jpg	shuffled	05270	05270
11796	11796	11796.jpg	15598.jpg	shuffled	15598	15598
11797	11797	11797.jpg	05298.jpg	shuffled	05298	05298
11798	11798	11798.jpg	15742.jpg	shuffled	15742	15742
11799	11799	11799.jpg	10801.jpg	shuffled	10801	10801
11800	11800	11800.jpg	05703.jpg	shuffled	05703	05703
11801	11801	11801.jpg	12041.jpg	shuffled	12041	12041
11802	11802	11802.jpg	16438.jpg	shuffled	16438	16438
11803	11803	11803.jpg	08768.jpg	shuffled	08768	08768
11804	11804	11804.jpg	03134.jpg	shuffled	03134	03134
11805	11805	11805.jpg	02431.jpg	shuffled	02431	02431
11806	11806	11806.jpg	05889.jpg	shuffled	05889	05889
11807	11807	11807.jpg	06636.jpg	shuffled	06636	06636
11808	11808	11808.jpg	09772.jpg	shuffled	09772	09772
11809	11809	11809.jpg	14522.jpg	shuffled	14522	14522
11810	11810	11810.jpg	14912.jpg	shuffled	14912	14912
11811	11811	11811.jpg	00655.jpg	shuffled	00655	00655
11812	11812	11812.jpg	09243.jpg	shuffled	09243	09243
11813	11813	11813.jpg	15640.jpg	shuffled	15640	15640
11814	11814	11814.jpg	04082.jpg	shuffled	04082	04082
11815	11815	11815.jpg	08241.jpg	shuffled	08241	08241
11816	11816	11816.jpg	03748.jpg	shuffled	03748	03748
11817	11817	11817.jpg	09223.jpg	shuffled	09223	09223
11818	11818	11818.jpg	01782.jpg	shuffled	01782	01782
11819	11819	11819.jpg	14492.jpg	shuffled	14492	14492
11820	11820	11820.jpg	11375.jpg	shuffled	11375	11375
11821	11821	11821.jpg	11077.jpg	shuffled	11077	11077
11822	11822	11822.jpg	09346.jpg	shuffled	09346	09346
11823	11823	11823.jpg	02670.jpg	shuffled	02670	02670
11824	11824	11824.jpg	03422.jpg	shuffled	03422	03422
11825	11825	11825.jpg	14716.jpg	shuffled	14716	14716
11826	11826	11826.jpg	04835.jpg	shuffled	04835	04835
11827	11827	11827.jpg	05199.jpg	shuffled	05199	05199
11828	11828	11828.jpg	12304.jpg	shuffled	12304	12304
11829	11829	11829.jpg	01824.jpg	shuffled	01824	01824
11830	11830	11830.jpg	17280.jpg	shuffled	17280	17280
11831	11831	11831.jpg	13463.jpg	shuffled	13463	13463
11832	11832	11832.jpg	00113.jpg	shuffled	00113	00113
11833	11833	11833.jpg	08991.jpg	shuffled	08991	08991
11834	11834	11834.jpg	13204.jpg	shuffled	13204	13204
11835	11835	11835.jpg	04129.jpg	shuffled	04129	04129
11836	11836	11836.jpg	05194.jpg	shuffled	05194	05194
11837	11837	11837.jpg	00396.jpg	shuffled	00396	00396
11838	11838	11838.jpg	11789.jpg	shuffled	11789	11789
11839	11839	11839.jpg	14078.jpg	shuffled	14078	14078
11840	11840	11840.jpg	05351.jpg	shuffled	05351	05351
11841	11841	11841.jpg	00607.jpg	shuffled	00607	00607
11842	11842	11842.jpg	09765.jpg	shuffled	09765	09765
11843	11843	11843.jpg	14675.jpg	shuffled	14675	14675
11844	11844	11844.jpg	02749.jpg	shuffled	02749	02749
11845	11845	11845.jpg	06671.jpg	shuffled	06671	06671
11846	11846	11846.jpg	04367.jpg	shuffled	04367	04367
11847	11847	11847.jpg	09041.jpg	shuffled	09041	09041
11848	11848	11848.jpg	09801.jpg	shuffled	09801	09801
11849	11849	11849.jpg	10367.jpg	shuffled	10367	10367
11850	11850	11850.jpg	05185.jpg	shuffled	05185	05185
11851	11851	11851.jpg	00182.jpg	shuffled	00182	00182
11852	11852	11852.jpg	10360.jpg	shuffled	10360	10360
11853	11853	11853.jpg	00366.jpg	shuffled	00366	00366
11854	11854	11854.jpg	13138.jpg	shuffled	13138	13138
11855	11855	11855.jpg	12306.jpg	shuffled	12306	12306
11856	11856	11856.jpg	14735.jpg	shuffled	14735	14735
11857	11857	11857.jpg	08541.jpg	shuffled	08541	08541
11858	11858	11858.jpg	02650.jpg	shuffled	02650	02650
11859	11859	11859.jpg	02990.jpg	shuffled	02990	02990
11860	11860	11860.jpg	15383.jpg	shuffled	15383	15383
11861	11861	11861.jpg	13203.jpg	shuffled	13203	13203
11862	11862	11862.jpg	08154.jpg	shuffled	08154	08154
11863	11863	11863.jpg	08223.jpg	shuffled	08223	08223
11864	11864	11864.jpg	08750.jpg	shuffled	08750	08750
11865	11865	11865.jpg	17915.jpg	shuffled	17915	17915
11866	11866	11866.jpg	08789.jpg	shuffled	08789	08789
11867	11867	11867.jpg	14895.jpg	shuffled	14895	14895
11868	11868	11868.jpg	14784.jpg	shuffled	14784	14784
11869	11869	11869.jpg	03249.jpg	shuffled	03249	03249
11870	11870	11870.jpg	12697.jpg	shuffled	12697	12697
11871	11871	11871.jpg	17167.jpg	shuffled	17167	17167
11872	11872	11872.jpg	15276.jpg	shuffled	15276	15276
11873	11873	11873.jpg	17494.jpg	shuffled	17494	17494
11874	11874	11874.jpg	17845.jpg	shuffled	17845	17845
11875	11875	11875.jpg	03964.jpg	shuffled	03964	03964
11876	11876	11876.jpg	14684.jpg	shuffled	14684	14684
11877	11877	11877.jpg	11654.jpg	shuffled	11654	11654
11878	11878	11878.jpg	15291.jpg	shuffled	15291	15291
11879	11879	11879.jpg	05008.jpg	shuffled	05008	05008
11880	11880	11880.jpg	10906.jpg	shuffled	10906	10906
11881	11881	11881.jpg	10982.jpg	shuffled	10982	10982
11882	11882	11882.jpg	05506.jpg	shuffled	05506	05506
11883	11883	11883.jpg	12173.jpg	shuffled	12173	12173
11884	11884	11884.jpg	14550.jpg	shuffled	14550	14550
11885	11885	11885.jpg	13564.jpg	shuffled	13564	13564
11886	11886	11886.jpg	00696.jpg	shuffled	00696	00696
11887	11887	11887.jpg	03854.jpg	shuffled	03854	03854
11888	11888	11888.jpg	10017.jpg	shuffled	10017	10017
11889	11889	11889.jpg	07867.jpg	shuffled	07867	07867
11890	11890	11890.jpg	06160.jpg	shuffled	06160	06160
11891	11891	11891.jpg	01318.jpg	shuffled	01318	01318
11892	11892	11892.jpg	15027.jpg	shuffled	15027	15027
11893	11893	11893.jpg	04821.jpg	shuffled	04821	04821
11894	11894	11894.jpg	02932.jpg	shuffled	02932	02932
11895	11895	11895.jpg	03730.jpg	shuffled	03730	03730
11896	11896	11896.jpg	17894.jpg	shuffled	17894	17894
11897	11897	11897.jpg	04869.jpg	shuffled	04869	04869
11898	11898	11898.jpg	14944.jpg	shuffled	14944	14944
11899	11899	11899.jpg	10105.jpg	shuffled	10105	10105
11900	11900	11900.jpg	05991.jpg	shuffled	05991	05991
11901	11901	11901.jpg	11075.jpg	shuffled	11075	11075
11902	11902	11902.jpg	04841.jpg	shuffled	04841	04841
11903	11903	11903.jpg	17353.jpg	shuffled	17353	17353
11904	11904	11904.jpg	16220.jpg	shuffled	16220	16220
11905	11905	11905.jpg	10375.jpg	shuffled	10375	10375
11906	11906	11906.jpg	14855.jpg	shuffled	14855	14855
11907	11907	11907.jpg	04537.jpg	shuffled	04537	04537
11908	11908	11908.jpg	15452.jpg	shuffled	15452	15452
11909	11909	11909.jpg	14065.jpg	shuffled	14065	14065
11910	11910	11910.jpg	10614.jpg	shuffled	10614	10614
11911	11911	11911.jpg	08928.jpg	shuffled	08928	08928
11912	11912	11912.jpg	07913.jpg	shuffled	07913	07913
11913	11913	11913.jpg	15869.jpg	shuffled	15869	15869
11914	11914	11914.jpg	12471.jpg	shuffled	12471	12471
11915	11915	11915.jpg	00755.jpg	shuffled	00755	00755
11916	11916	11916.jpg	13880.jpg	shuffled	13880	13880
11917	11917	11917.jpg	05141.jpg	shuffled	05141	05141
11918	11918	11918.jpg	11159.jpg	shuffled	11159	11159
11919	11919	11919.jpg	07505.jpg	shuffled	07505	07505
11920	11920	11920.jpg	04618.jpg	shuffled	04618	04618
11921	11921	11921.jpg	17110.jpg	shuffled	17110	17110
11922	11922	11922.jpg	14125.jpg	shuffled	14125	14125
11923	11923	11923.jpg	13920.jpg	shuffled	13920	13920
11924	11924	11924.jpg	00966.jpg	shuffled	00966	00966
11925	11925	11925.jpg	16078.jpg	shuffled	16078	16078
11926	11926	11926.jpg	13327.jpg	shuffled	13327	13327
11927	11927	11927.jpg	10163.jpg	shuffled	10163	10163
11928	11928	11928.jpg	15504.jpg	shuffled	15504	15504
11929	11929	11929.jpg	09168.jpg	shuffled	09168	09168
11930	11930	11930.jpg	10596.jpg	shuffled	10596	10596
11931	11931	11931.jpg	01393.jpg	shuffled	01393	01393
11932	11932	11932.jpg	07076.jpg	shuffled	07076	07076
11933	11933	11933.jpg	15042.jpg	shuffled	15042	15042
11934	11934	11934.jpg	08793.jpg	shuffled	08793	08793
11935	11935	11935.jpg	08166.jpg	shuffled	08166	08166
11936	11936	11936.jpg	01214.jpg	shuffled	01214	01214
11937	11937	11937.jpg	03657.jpg	shuffled	03657	03657
11938	11938	11938.jpg	09681.jpg	shuffled	09681	09681
11939	11939	11939.jpg	04106.jpg	shuffled	04106	04106
11940	11940	11940.jpg	03636.jpg	shuffled	03636	03636
11941	11941	11941.jpg	15861.jpg	shuffled	15861	15861
11942	11942	11942.jpg	07415.jpg	shuffled	07415	07415
11943	11943	11943.jpg	00352.jpg	shuffled	00352	00352
11944	11944	11944.jpg	14575.jpg	shuffled	14575	14575
11945	11945	11945.jpg	13184.jpg	shuffled	13184	13184
11946	11946	11946.jpg	03967.jpg	shuffled	03967	03967
11947	11947	11947.jpg	08040.jpg	shuffled	08040	08040
11948	11948	11948.jpg	03975.jpg	shuffled	03975	03975
11949	11949	11949.jpg	12523.jpg	shuffled	12523	12523
11950	11950	11950.jpg	01080.jpg	shuffled	01080	01080
11951	11951	11951.jpg	17260.jpg	shuffled	17260	17260
11952	11952	11952.jpg	08334.jpg	shuffled	08334	08334
11953	11953	11953.jpg	07613.jpg	shuffled	07613	07613
11954	11954	11954.jpg	00915.jpg	shuffled	00915	00915
11955	11955	11955.jpg	16004.jpg	shuffled	16004	16004
11956	11956	11956.jpg	05545.jpg	shuffled	05545	05545
11957	11957	11957.jpg	17549.jpg	shuffled	17549	17549
11958	11958	11958.jpg	11821.jpg	shuffled	11821	11821
11959	11959	11959.jpg	05274.jpg	shuffled	05274	05274
11960	11960	11960.jpg	13895.jpg	shuffled	13895	13895
11961	11961	11961.jpg	01659.jpg	shuffled	01659	01659
11962	11962	11962.jpg	08802.jpg	shuffled	08802	08802
11963	11963	11963.jpg	12543.jpg	shuffled	12543	12543
11964	11964	11964.jpg	12261.jpg	shuffled	12261	12261
11965	11965	11965.jpg	01333.jpg	shuffled	01333	01333
11966	11966	11966.jpg	17379.jpg	shuffled	17379	17379
11967	11967	11967.jpg	12694.jpg	shuffled	12694	12694
11968	11968	11968.jpg	13688.jpg	shuffled	13688	13688
11969	11969	11969.jpg	00899.jpg	shuffled	00899	00899
11970	11970	11970.jpg	14366.jpg	shuffled	14366	14366
11971	11971	11971.jpg	16602.jpg	shuffled	16602	16602
11972	11972	11972.jpg	15041.jpg	shuffled	15041	15041
11973	11973	11973.jpg	08470.jpg	shuffled	08470	08470
11974	11974	11974.jpg	09025.jpg	shuffled	09025	09025
11975	11975	11975.jpg	06229.jpg	shuffled	06229	06229
11976	11976	11976.jpg	14513.jpg	shuffled	14513	14513
11977	11977	11977.jpg	02247.jpg	shuffled	02247	02247
11978	11978	11978.jpg	17301.jpg	shuffled	17301	17301
11979	11979	11979.jpg	15713.jpg	shuffled	15713	15713
11980	11980	11980.jpg	01079.jpg	shuffled	01079	01079
11981	11981	11981.jpg	03431.jpg	shuffled	03431	03431
11982	11982	11982.jpg	16257.jpg	shuffled	16257	16257
11983	11983	11983.jpg	12083.jpg	shuffled	12083	12083
11984	11984	11984.jpg	02899.jpg	shuffled	02899	02899
11985	11985	11985.jpg	13499.jpg	shuffled	13499	13499
11986	11986	11986.jpg	04874.jpg	shuffled	04874	04874
11987	11987	11987.jpg	15925.jpg	shuffled	15925	15925
11988	11988	11988.jpg	05655.jpg	shuffled	05655	05655
11989	11989	11989.jpg	14581.jpg	shuffled	14581	14581
11990	11990	11990.jpg	05324.jpg	shuffled	05324	05324
11991	11991	11991.jpg	05134.jpg	shuffled	05134	05134
11992	11992	11992.jpg	04840.jpg	shuffled	04840	04840
11993	11993	11993.jpg	01198.jpg	shuffled	01198	01198
11994	11994	11994.jpg	16618.jpg	shuffled	16618	16618
11995	11995	11995.jpg	07334.jpg	shuffled	07334	07334
11996	11996	11996.jpg	02336.jpg	shuffled	02336	02336
11997	11997	11997.jpg	04382.jpg	shuffled	04382	04382
11998	11998	11998.jpg	02459.jpg	shuffled	02459	02459
11999	11999	11999.jpg	17759.jpg	shuffled	17759	17759
12000	12000	12000.jpg	09704.jpg	shuffled	09704	09704
12001	12001	12001.jpg	01180.jpg	shuffled	01180	01180
12002	12002	12002.jpg	11855.jpg	shuffled	11855	11855
12003	12003	12003.jpg	07309.jpg	shuffled	07309	07309
12004	12004	12004.jpg	15137.jpg	shuffled	15137	15137
12005	12005	12005.jpg	09775.jpg	shuffled	09775	09775
12006	12006	12006.jpg	11302.jpg	shuffled	11302	11302
12007	12007	12007.jpg	00223.jpg	shuffled	00223	00223
12008	12008	12008.jpg	17505.jpg	shuffled	17505	17505
12009	12009	12009.jpg	03244.jpg	shuffled	03244	03244
12010	12010	12010.jpg	09327.jpg	shuffled	09327	09327
12011	12011	12011.jpg	01329.jpg	shuffled	01329	01329
12012	12012	12012.jpg	08449.jpg	shuffled	08449	08449
12013	12013	12013.jpg	08689.jpg	shuffled	08689	08689
12014	12014	12014.jpg	05215.jpg	shuffled	05215	05215
12015	12015	12015.jpg	16345.jpg	shuffled	16345	16345
12016	12016	12016.jpg	15572.jpg	shuffled	15572	15572
12017	12017	12017.jpg	08930.jpg	shuffled	08930	08930
12018	12018	12018.jpg	09157.jpg	shuffled	09157	09157
12019	12019	12019.jpg	15235.jpg	shuffled	15235	15235
12020	12020	12020.jpg	07201.jpg	shuffled	07201	07201
12021	12021	12021.jpg	03160.jpg	shuffled	03160	03160
12022	12022	12022.jpg	00318.jpg	shuffled	00318	00318
12023	12023	12023.jpg	00971.jpg	shuffled	00971	00971
12024	12024	12024.jpg	04113.jpg	shuffled	04113	04113
12025	12025	12025.jpg	00624.jpg	shuffled	00624	00624
12026	12026	12026.jpg	09397.jpg	shuffled	09397	09397
12027	12027	12027.jpg	08577.jpg	shuffled	08577	08577
12028	12028	12028.jpg	09604.jpg	shuffled	09604	09604
12029	12029	12029.jpg	00924.jpg	shuffled	00924	00924
12030	12030	12030.jpg	00877.jpg	shuffled	00877	00877
12031	12031	12031.jpg	03537.jpg	shuffled	03537	03537
12032	12032	12032.jpg	13037.jpg	shuffled	13037	13037
12033	12033	12033.jpg	09587.jpg	shuffled	09587	09587
12034	12034	12034.jpg	06120.jpg	shuffled	06120	06120
12035	12035	12035.jpg	14290.jpg	shuffled	14290	14290
12036	12036	12036.jpg	15112.jpg	shuffled	15112	15112
12037	12037	12037.jpg	15575.jpg	shuffled	15575	15575
12038	12038	12038.jpg	06495.jpg	shuffled	06495	06495
12039	12039	12039.jpg	14129.jpg	shuffled	14129	14129
12040	12040	12040.jpg	03230.jpg	shuffled	03230	03230
12041	12041	12041.jpg	17010.jpg	shuffled	17010	17010
12042	12042	12042.jpg	14946.jpg	shuffled	14946	14946
12043	12043	12043.jpg	10745.jpg	shuffled	10745	10745
12044	12044	12044.jpg	08090.jpg	shuffled	08090	08090
12045	12045	12045.jpg	00828.jpg	shuffled	00828	00828
12046	12046	12046.jpg	13155.jpg	shuffled	13155	13155
12047	12047	12047.jpg	12514.jpg	shuffled	12514	12514
12048	12048	12048.jpg	12170.jpg	shuffled	12170	12170
12049	12049	12049.jpg	03973.jpg	shuffled	03973	03973
12050	12050	12050.jpg	11271.jpg	shuffled	11271	11271
12051	12051	12051.jpg	17878.jpg	shuffled	17878	17878
12052	12052	12052.jpg	09899.jpg	shuffled	09899	09899
12053	12053	12053.jpg	13740.jpg	shuffled	13740	13740
12054	12054	12054.jpg	05000.jpg	shuffled	05000	05000
12055	12055	12055.jpg	04929.jpg	shuffled	04929	04929
12056	12056	12056.jpg	06500.jpg	shuffled	06500	06500
12057	12057	12057.jpg	16594.jpg	shuffled	16594	16594
12058	12058	12058.jpg	07676.jpg	shuffled	07676	07676
12059	12059	12059.jpg	15057.jpg	shuffled	15057	15057
12060	12060	12060.jpg	11361.jpg	shuffled	11361	11361
12061	12061	12061.jpg	07771.jpg	shuffled	07771	07771
12062	12062	12062.jpg	03049.jpg	shuffled	03049	03049
12063	12063	12063.jpg	13509.jpg	shuffled	13509	13509
12064	12064	12064.jpg	08091.jpg	shuffled	08091	08091
12065	12065	12065.jpg	08225.jpg	shuffled	08225	08225
12066	12066	12066.jpg	13576.jpg	shuffled	13576	13576
12067	12067	12067.jpg	10601.jpg	shuffled	10601	10601
12068	12068	12068.jpg	09100.jpg	shuffled	09100	09100
12069	12069	12069.jpg	05576.jpg	shuffled	05576	05576
12070	12070	12070.jpg	10659.jpg	shuffled	10659	10659
12071	12071	12071.jpg	12892.jpg	shuffled	12892	12892
12072	12072	12072.jpg	10177.jpg	shuffled	10177	10177
12073	12073	12073.jpg	09887.jpg	shuffled	09887	09887
12074	12074	12074.jpg	13230.jpg	shuffled	13230	13230
12075	12075	12075.jpg	12242.jpg	shuffled	12242	12242
12076	12076	12076.jpg	07484.jpg	shuffled	07484	07484
12077	12077	12077.jpg	11782.jpg	shuffled	11782	11782
12078	12078	12078.jpg	14306.jpg	shuffled	14306	14306
12079	12079	12079.jpg	17046.jpg	shuffled	17046	17046
12080	12080	12080.jpg	01518.jpg	shuffled	01518	01518
12081	12081	12081.jpg	10622.jpg	shuffled	10622	10622
12082	12082	12082.jpg	02572.jpg	shuffled	02572	02572
12083	12083	12083.jpg	10704.jpg	shuffled	10704	10704
12084	12084	12084.jpg	12763.jpg	shuffled	12763	12763
12085	12085	12085.jpg	13557.jpg	shuffled	13557	13557
12086	12086	12086.jpg	16694.jpg	shuffled	16694	16694
12087	12087	12087.jpg	06973.jpg	shuffled	06973	06973
12088	12088	12088.jpg	10164.jpg	shuffled	10164	10164
12089	12089	12089.jpg	09988.jpg	shuffled	09988	09988
12090	12090	12090.jpg	17233.jpg	shuffled	17233	17233
12091	12091	12091.jpg	07274.jpg	shuffled	07274	07274
12092	12092	12092.jpg	15317.jpg	shuffled	15317	15317
12093	12093	12093.jpg	16696.jpg	shuffled	16696	16696
12094	12094	12094.jpg	04111.jpg	shuffled	04111	04111
12095	12095	12095.jpg	15395.jpg	shuffled	15395	15395
12096	12096	12096.jpg	10775.jpg	shuffled	10775	10775
12097	12097	12097.jpg	16491.jpg	shuffled	16491	16491
12098	12098	12098.jpg	06263.jpg	shuffled	06263	06263
12099	12099	12099.jpg	09726.jpg	shuffled	09726	09726
12100	12100	12100.jpg	17974.jpg	shuffled	17974	17974
12101	12101	12101.jpg	01918.jpg	shuffled	01918	01918
12102	12102	12102.jpg	13659.jpg	shuffled	13659	13659
12103	12103	12103.jpg	08494.jpg	shuffled	08494	08494
12104	12104	12104.jpg	17368.jpg	shuffled	17368	17368
12105	12105	12105.jpg	14120.jpg	shuffled	14120	14120
12106	12106	12106.jpg	02416.jpg	shuffled	02416	02416
12107	12107	12107.jpg	17669.jpg	shuffled	17669	17669
12108	12108	12108.jpg	14399.jpg	shuffled	14399	14399
12109	12109	12109.jpg	17901.jpg	shuffled	17901	17901
12110	12110	12110.jpg	04783.jpg	shuffled	04783	04783
12111	12111	12111.jpg	17026.jpg	shuffled	17026	17026
12112	12112	12112.jpg	15533.jpg	shuffled	15533	15533
12113	12113	12113.jpg	11771.jpg	shuffled	11771	11771
12114	12114	12114.jpg	08340.jpg	shuffled	08340	08340
12115	12115	12115.jpg	17195.jpg	shuffled	17195	17195
12116	12116	12116.jpg	06063.jpg	shuffled	06063	06063
12117	12117	12117.jpg	08579.jpg	shuffled	08579	08579
12118	12118	12118.jpg	05078.jpg	shuffled	05078	05078
12119	12119	12119.jpg	00334.jpg	shuffled	00334	00334
12120	12120	12120.jpg	08929.jpg	shuffled	08929	08929
12121	12121	12121.jpg	12891.jpg	shuffled	12891	12891
12122	12122	12122.jpg	06578.jpg	shuffled	06578	06578
12123	12123	12123.jpg	16393.jpg	shuffled	16393	16393
12124	12124	12124.jpg	05064.jpg	shuffled	05064	05064
12125	12125	12125.jpg	16293.jpg	shuffled	16293	16293
12126	12126	12126.jpg	02773.jpg	shuffled	02773	02773
12127	12127	12127.jpg	11685.jpg	shuffled	11685	11685
12128	12128	12128.jpg	06868.jpg	shuffled	06868	06868
12129	12129	12129.jpg	13541.jpg	shuffled	13541	13541
12130	12130	12130.jpg	17332.jpg	shuffled	17332	17332
12131	12131	12131.jpg	06055.jpg	shuffled	06055	06055
12132	12132	12132.jpg	01292.jpg	shuffled	01292	01292
12133	12133	12133.jpg	06616.jpg	shuffled	06616	06616
12134	12134	12134.jpg	11201.jpg	shuffled	11201	11201
12135	12135	12135.jpg	15617.jpg	shuffled	15617	15617
12136	12136	12136.jpg	10417.jpg	shuffled	10417	10417
12137	12137	12137.jpg	17499.jpg	shuffled	17499	17499
12138	12138	12138.jpg	04016.jpg	shuffled	04016	04016
12139	12139	12139.jpg	04236.jpg	shuffled	04236	04236
12140	12140	12140.jpg	00700.jpg	shuffled	00700	00700
12141	12141	12141.jpg	00021.jpg	shuffled	00021	00021
12142	12142	12142.jpg	08825.jpg	shuffled	08825	08825
12143	12143	12143.jpg	08574.jpg	shuffled	08574	08574
12144	12144	12144.jpg	01690.jpg	shuffled	01690	01690
12145	12145	12145.jpg	17868.jpg	shuffled	17868	17868
12146	12146	12146.jpg	00211.jpg	shuffled	00211	00211
12147	12147	12147.jpg	04779.jpg	shuffled	04779	04779
12148	12148	12148.jpg	13611.jpg	shuffled	13611	13611
12149	12149	12149.jpg	09511.jpg	shuffled	09511	09511
12150	12150	12150.jpg	08430.jpg	shuffled	08430	08430
12151	12151	12151.jpg	02345.jpg	shuffled	02345	02345
12152	12152	12152.jpg	17637.jpg	shuffled	17637	17637
12153	12153	12153.jpg	04234.jpg	shuffled	04234	04234
12154	12154	12154.jpg	05831.jpg	shuffled	05831	05831
12155	12155	12155.jpg	17411.jpg	shuffled	17411	17411
12156	12156	12156.jpg	02640.jpg	shuffled	02640	02640
12157	12157	12157.jpg	08905.jpg	shuffled	08905	08905
12158	12158	12158.jpg	04569.jpg	shuffled	04569	04569
12159	12159	12159.jpg	05006.jpg	shuffled	05006	05006
12160	12160	12160.jpg	15721.jpg	shuffled	15721	15721
12161	12161	12161.jpg	01631.jpg	shuffled	01631	01631
12162	12162	12162.jpg	17298.jpg	shuffled	17298	17298
12163	12163	12163.jpg	05686.jpg	shuffled	05686	05686
12164	12164	12164.jpg	08149.jpg	shuffled	08149	08149
12165	12165	12165.jpg	07208.jpg	shuffled	07208	07208
12166	12166	12166.jpg	14298.jpg	shuffled	14298	14298
12167	12167	12167.jpg	09353.jpg	shuffled	09353	09353
12168	12168	12168.jpg	08622.jpg	shuffled	08622	08622
12169	12169	12169.jpg	09948.jpg	shuffled	09948	09948
12170	12170	12170.jpg	15880.jpg	shuffled	15880	15880
12171	12171	12171.jpg	11767.jpg	shuffled	11767	11767
12172	12172	12172.jpg	04546.jpg	shuffled	04546	04546
12173	12173	12173.jpg	16401.jpg	shuffled	16401	16401
12174	12174	12174.jpg	03476.jpg	shuffled	03476	03476
12175	12175	12175.jpg	02392.jpg	shuffled	02392	02392
12176	12176	12176.jpg	09198.jpg	shuffled	09198	09198
12177	12177	12177.jpg	01862.jpg	shuffled	01862	01862
12178	12178	12178.jpg	07132.jpg	shuffled	07132	07132
12179	12179	12179.jpg	15720.jpg	shuffled	15720	15720
12180	12180	12180.jpg	07275.jpg	shuffled	07275	07275
12181	12181	12181.jpg	14570.jpg	shuffled	14570	14570
12182	12182	12182.jpg	03061.jpg	shuffled	03061	03061
12183	12183	12183.jpg	03727.jpg	shuffled	03727	03727
12184	12184	12184.jpg	12701.jpg	shuffled	12701	12701
12185	12185	12185.jpg	14627.jpg	shuffled	14627	14627
12186	12186	12186.jpg	02850.jpg	shuffled	02850	02850
12187	12187	12187.jpg	07500.jpg	shuffled	07500	07500
12188	12188	12188.jpg	15646.jpg	shuffled	15646	15646
12189	12189	12189.jpg	02958.jpg	shuffled	02958	02958
12190	12190	12190.jpg	07536.jpg	shuffled	07536	07536
12191	12191	12191.jpg	08411.jpg	shuffled	08411	08411
12192	12192	12192.jpg	16146.jpg	shuffled	16146	16146
12193	12193	12193.jpg	12851.jpg	shuffled	12851	12851
12194	12194	12194.jpg	02856.jpg	shuffled	02856	02856
12195	12195	12195.jpg	04115.jpg	shuffled	04115	04115
12196	12196	12196.jpg	00814.jpg	shuffled	00814	00814
12197	12197	12197.jpg	17121.jpg	shuffled	17121	17121
12198	12198	12198.jpg	04278.jpg	shuffled	04278	04278
12199	12199	12199.jpg	06949.jpg	shuffled	06949	06949
12200	12200	12200.jpg	06803.jpg	shuffled	06803	06803
12201	12201	12201.jpg	08262.jpg	shuffled	08262	08262
12202	12202	12202.jpg	13029.jpg	shuffled	13029	13029
12203	12203	12203.jpg	05731.jpg	shuffled	05731	05731
12204	12204	12204.jpg	07029.jpg	shuffled	07029	07029
12205	12205	12205.jpg	11953.jpg	shuffled	11953	11953
12206	12206	12206.jpg	01336.jpg	shuffled	01336	01336
12207	12207	12207.jpg	10135.jpg	shuffled	10135	10135
12208	12208	12208.jpg	12452.jpg	shuffled	12452	12452
12209	12209	12209.jpg	01798.jpg	shuffled	01798	01798
12210	12210	12210.jpg	03772.jpg	shuffled	03772	03772
12211	12211	12211.jpg	00242.jpg	shuffled	00242	00242
12212	12212	12212.jpg	07925.jpg	shuffled	07925	07925
12213	12213	12213.jpg	07757.jpg	shuffled	07757	07757
12214	12214	12214.jpg	00566.jpg	shuffled	00566	00566
12215	12215	12215.jpg	10998.jpg	shuffled	10998	10998
12216	12216	12216.jpg	04224.jpg	shuffled	04224	04224
12217	12217	12217.jpg	08097.jpg	shuffled	08097	08097
12218	12218	12218.jpg	07614.jpg	shuffled	07614	07614
12219	12219	12219.jpg	03958.jpg	shuffled	03958	03958
12220	12220	12220.jpg	04456.jpg	shuffled	04456	04456
12221	12221	12221.jpg	13604.jpg	shuffled	13604	13604
12222	12222	12222.jpg	03707.jpg	shuffled	03707	03707
12223	12223	12223.jpg	04176.jpg	shuffled	04176	04176
12224	12224	12224.jpg	00693.jpg	shuffled	00693	00693
12225	12225	12225.jpg	17562.jpg	shuffled	17562	17562
12226	12226	12226.jpg	04736.jpg	shuffled	04736	04736
12227	12227	12227.jpg	00940.jpg	shuffled	00940	00940
12228	12228	12228.jpg	12201.jpg	shuffled	12201	12201
12229	12229	12229.jpg	14489.jpg	shuffled	14489	14489
12230	12230	12230.jpg	09777.jpg	shuffled	09777	09777
12231	12231	12231.jpg	03484.jpg	shuffled	03484	03484
12232	12232	12232.jpg	03062.jpg	shuffled	03062	03062
12233	12233	12233.jpg	09131.jpg	shuffled	09131	09131
12234	12234	12234.jpg	14706.jpg	shuffled	14706	14706
12235	12235	12235.jpg	16127.jpg	shuffled	16127	16127
12236	12236	12236.jpg	01608.jpg	shuffled	01608	01608
12237	12237	12237.jpg	15201.jpg	shuffled	15201	15201
12238	12238	12238.jpg	08194.jpg	shuffled	08194	08194
12239	12239	12239.jpg	05414.jpg	shuffled	05414	05414
12240	12240	12240.jpg	09958.jpg	shuffled	09958	09958
12241	12241	12241.jpg	01262.jpg	shuffled	01262	01262
12242	12242	12242.jpg	05527.jpg	shuffled	05527	05527
12243	12243	12243.jpg	08545.jpg	shuffled	08545	08545
12244	12244	12244.jpg	16853.jpg	shuffled	16853	16853
12245	12245	12245.jpg	15257.jpg	shuffled	15257	15257
12246	12246	12246.jpg	01307.jpg	shuffled	01307	01307
12247	12247	12247.jpg	17200.jpg	shuffled	17200	17200
12248	12248	12248.jpg	06992.jpg	shuffled	06992	06992
12249	12249	12249.jpg	14789.jpg	shuffled	14789	14789
12250	12250	12250.jpg	09682.jpg	shuffled	09682	09682
12251	12251	12251.jpg	00038.jpg	shuffled	00038	00038
12252	12252	12252.jpg	14718.jpg	shuffled	14718	14718
12253	12253	12253.jpg	08335.jpg	shuffled	08335	08335
12254	12254	12254.jpg	03352.jpg	shuffled	03352	03352
12255	12255	12255.jpg	12814.jpg	shuffled	12814	12814
12256	12256	12256.jpg	13607.jpg	shuffled	13607	13607
12257	12257	12257.jpg	12951.jpg	shuffled	12951	12951
12258	12258	12258.jpg	02107.jpg	shuffled	02107	02107
12259	12259	12259.jpg	12277.jpg	shuffled	12277	12277
12260	12260	12260.jpg	16209.jpg	shuffled	16209	16209
12261	12261	12261.jpg	06756.jpg	shuffled	06756	06756
12262	12262	12262.jpg	04205.jpg	shuffled	04205	04205
12263	12263	12263.jpg	08868.jpg	shuffled	08868	08868
12264	12264	12264.jpg	07229.jpg	shuffled	07229	07229
12265	12265	12265.jpg	09930.jpg	shuffled	09930	09930
12266	12266	12266.jpg	00367.jpg	shuffled	00367	00367
12267	12267	12267.jpg	01751.jpg	shuffled	01751	01751
12268	12268	12268.jpg	06934.jpg	shuffled	06934	06934
12269	12269	12269.jpg	07155.jpg	shuffled	07155	07155
12270	12270	12270.jpg	01633.jpg	shuffled	01633	01633
12271	12271	12271.jpg	00830.jpg	shuffled	00830	00830
12272	12272	12272.jpg	11881.jpg	shuffled	11881	11881
12273	12273	12273.jpg	16991.jpg	shuffled	16991	16991
12274	12274	12274.jpg	15823.jpg	shuffled	15823	15823
12275	12275	12275.jpg	16060.jpg	shuffled	16060	16060
12276	12276	12276.jpg	05090.jpg	shuffled	05090	05090
12277	12277	12277.jpg	08409.jpg	shuffled	08409	08409
12278	12278	12278.jpg	02892.jpg	shuffled	02892	02892
12279	12279	12279.jpg	16238.jpg	shuffled	16238	16238
12280	12280	12280.jpg	14783.jpg	shuffled	14783	14783
12281	12281	12281.jpg	05408.jpg	shuffled	05408	05408
12282	12282	12282.jpg	11323.jpg	shuffled	11323	11323
12283	12283	12283.jpg	02835.jpg	shuffled	02835	02835
12284	12284	12284.jpg	03704.jpg	shuffled	03704	03704
12285	12285	12285.jpg	03433.jpg	shuffled	03433	03433
12286	12286	12286.jpg	09469.jpg	shuffled	09469	09469
12287	12287	12287.jpg	00168.jpg	shuffled	00168	00168
12288	12288	12288.jpg	10175.jpg	shuffled	10175	10175
12289	12289	12289.jpg	07242.jpg	shuffled	07242	07242
12290	12290	12290.jpg	03271.jpg	shuffled	03271	03271
12291	12291	12291.jpg	16769.jpg	shuffled	16769	16769
12292	12292	12292.jpg	16715.jpg	shuffled	16715	16715
12293	12293	12293.jpg	13291.jpg	shuffled	13291	13291
12294	12294	12294.jpg	06929.jpg	shuffled	06929	06929
12295	12295	12295.jpg	00387.jpg	shuffled	00387	00387
12296	12296	12296.jpg	02305.jpg	shuffled	02305	02305
12297	12297	12297.jpg	09766.jpg	shuffled	09766	09766
12298	12298	12298.jpg	01973.jpg	shuffled	01973	01973
12299	12299	12299.jpg	14682.jpg	shuffled	14682	14682
12300	12300	12300.jpg	05102.jpg	shuffled	05102	05102
12301	12301	12301.jpg	07036.jpg	shuffled	07036	07036
12302	12302	12302.jpg	11084.jpg	shuffled	11084	11084
12303	12303	12303.jpg	15470.jpg	shuffled	15470	15470
12304	12304	12304.jpg	09941.jpg	shuffled	09941	09941
12305	12305	12305.jpg	10923.jpg	shuffled	10923	10923
12306	12306	12306.jpg	17533.jpg	shuffled	17533	17533
12307	12307	12307.jpg	12411.jpg	shuffled	12411	12411
12308	12308	12308.jpg	01897.jpg	shuffled	01897	01897
12309	12309	12309.jpg	05062.jpg	shuffled	05062	05062
12310	12310	12310.jpg	07870.jpg	shuffled	07870	07870
12311	12311	12311.jpg	15523.jpg	shuffled	15523	15523
12312	12312	12312.jpg	13503.jpg	shuffled	13503	13503
12313	12313	12313.jpg	09384.jpg	shuffled	09384	09384
12314	12314	12314.jpg	01947.jpg	shuffled	01947	01947
12315	12315	12315.jpg	02753.jpg	shuffled	02753	02753
12316	12316	12316.jpg	02941.jpg	shuffled	02941	02941
12317	12317	12317.jpg	04076.jpg	shuffled	04076	04076
12318	12318	12318.jpg	07984.jpg	shuffled	07984	07984
12319	12319	12319.jpg	00590.jpg	shuffled	00590	00590
12320	12320	12320.jpg	01113.jpg	shuffled	01113	01113
12321	12321	12321.jpg	08885.jpg	shuffled	08885	08885
12322	12322	12322.jpg	01034.jpg	shuffled	01034	01034
12323	12323	12323.jpg	09677.jpg	shuffled	09677	09677
12324	12324	12324.jpg	13175.jpg	shuffled	13175	13175
12325	12325	12325.jpg	08481.jpg	shuffled	08481	08481
12326	12326	12326.jpg	00364.jpg	shuffled	00364	00364
12327	12327	12327.jpg	00083.jpg	shuffled	00083	00083
12328	12328	12328.jpg	10394.jpg	shuffled	10394	10394
12329	12329	12329.jpg	10174.jpg	shuffled	10174	10174
12330	12330	12330.jpg	02805.jpg	shuffled	02805	02805
12331	12331	12331.jpg	11031.jpg	shuffled	11031	11031
12332	12332	12332.jpg	07230.jpg	shuffled	07230	07230
12333	12333	12333.jpg	03981.jpg	shuffled	03981	03981
12334	12334	12334.jpg	07590.jpg	shuffled	07590	07590
12335	12335	12335.jpg	12130.jpg	shuffled	12130	12130
12336	12336	12336.jpg	03255.jpg	shuffled	03255	03255
12337	12337	12337.jpg	08522.jpg	shuffled	08522	08522
12338	12338	12338.jpg	09882.jpg	shuffled	09882	09882
12339	12339	12339.jpg	13261.jpg	shuffled	13261	13261
12340	12340	12340.jpg	12819.jpg	shuffled	12819	12819
12341	12341	12341.jpg	01562.jpg	shuffled	01562	01562
12342	12342	12342.jpg	14797.jpg	shuffled	14797	14797
12343	12343	12343.jpg	05665.jpg	shuffled	05665	05665
12344	12344	12344.jpg	13216.jpg	shuffled	13216	13216
12345	12345	12345.jpg	04641.jpg	shuffled	04641	04641
12346	12346	12346.jpg	01444.jpg	shuffled	01444	01444
12347	12347	12347.jpg	17677.jpg	shuffled	17677	17677
12348	12348	12348.jpg	05913.jpg	shuffled	05913	05913
12349	12349	12349.jpg	01994.jpg	shuffled	01994	01994
12350	12350	12350.jpg	17469.jpg	shuffled	17469	17469
12351	12351	12351.jpg	08081.jpg	shuffled	08081	08081
12352	12352	12352.jpg	17152.jpg	shuffled	17152	17152
12353	12353	12353.jpg	17302.jpg	shuffled	17302	17302
12354	12354	12354.jpg	16360.jpg	shuffled	16360	16360
12355	12355	12355.jpg	11184.jpg	shuffled	11184	11184
12356	12356	12356.jpg	07667.jpg	shuffled	07667	07667
12357	12357	12357.jpg	13855.jpg	shuffled	13855	13855
12358	12358	12358.jpg	16704.jpg	shuffled	16704	16704
12359	12359	12359.jpg	12115.jpg	shuffled	12115	12115
12360	12360	12360.jpg	14729.jpg	shuffled	14729	14729
12361	12361	12361.jpg	01802.jpg	shuffled	01802	01802
12362	12362	12362.jpg	08846.jpg	shuffled	08846	08846
12363	12363	12363.jpg	10222.jpg	shuffled	10222	10222
12364	12364	12364.jpg	10746.jpg	shuffled	10746	10746
12365	12365	12365.jpg	12849.jpg	shuffled	12849	12849
12366	12366	12366.jpg	10190.jpg	shuffled	10190	10190
12367	12367	12367.jpg	02143.jpg	shuffled	02143	02143
12368	12368	12368.jpg	07455.jpg	shuffled	07455	07455
12369	12369	12369.jpg	06567.jpg	shuffled	06567	06567
12370	12370	12370.jpg	00772.jpg	shuffled	00772	00772
12371	12371	12371.jpg	03940.jpg	shuffled	03940	03940
12372	12372	12372.jpg	14233.jpg	shuffled	14233	14233
12373	12373	12373.jpg	14170.jpg	shuffled	14170	14170
12374	12374	12374.jpg	13458.jpg	shuffled	13458	13458
12375	12375	12375.jpg	14296.jpg	shuffled	14296	14296
12376	12376	12376.jpg	14348.jpg	shuffled	14348	14348
12377	12377	12377.jpg	01531.jpg	shuffled	01531	01531
12378	12378	12378.jpg	14123.jpg	shuffled	14123	14123
12379	12379	12379.jpg	11750.jpg	shuffled	11750	11750
12380	12380	12380.jpg	10246.jpg	shuffled	10246	10246
12381	12381	12381.jpg	00386.jpg	shuffled	00386	00386
12382	12382	12382.jpg	03989.jpg	shuffled	03989	03989
12383	12383	12383.jpg	06842.jpg	shuffled	06842	06842
12384	12384	12384.jpg	07142.jpg	shuffled	07142	07142
12385	12385	12385.jpg	08218.jpg	shuffled	08218	08218
12386	12386	12386.jpg	07530.jpg	shuffled	07530	07530
12387	12387	12387.jpg	08727.jpg	shuffled	08727	08727
12388	12388	12388.jpg	03400.jpg	shuffled	03400	03400
12389	12389	12389.jpg	07465.jpg	shuffled	07465	07465
12390	12390	12390.jpg	02116.jpg	shuffled	02116	02116
12391	12391	12391.jpg	04839.jpg	shuffled	04839	04839
12392	12392	12392.jpg	12988.jpg	shuffled	12988	12988
12393	12393	12393.jpg	08159.jpg	shuffled	08159	08159
12394	12394	12394.jpg	10239.jpg	shuffled	10239	10239
12395	12395	12395.jpg	13803.jpg	shuffled	13803	13803
12396	12396	12396.jpg	15382.jpg	shuffled	15382	15382
12397	12397	12397.jpg	14521.jpg	shuffled	14521	14521
12398	12398	12398.jpg	13592.jpg	shuffled	13592	13592
12399	12399	12399.jpg	03203.jpg	shuffled	03203	03203
12400	12400	12400.jpg	14607.jpg	shuffled	14607	14607
12401	12401	12401.jpg	13771.jpg	shuffled	13771	13771
12402	12402	12402.jpg	10005.jpg	shuffled	10005	10005
12403	12403	12403.jpg	12575.jpg	shuffled	12575	12575
12404	12404	12404.jpg	16580.jpg	shuffled	16580	16580
12405	12405	12405.jpg	07863.jpg	shuffled	07863	07863
12406	12406	12406.jpg	16773.jpg	shuffled	16773	16773
12407	12407	12407.jpg	16593.jpg	shuffled	16593	16593
12408	12408	12408.jpg	12985.jpg	shuffled	12985	12985
12409	12409	12409.jpg	14023.jpg	shuffled	14023	14023
12410	12410	12410.jpg	07443.jpg	shuffled	07443	07443
12411	12411	12411.jpg	04472.jpg	shuffled	04472	04472
12412	12412	12412.jpg	11371.jpg	shuffled	11371	11371
12413	12413	12413.jpg	06629.jpg	shuffled	06629	06629
12414	12414	12414.jpg	16524.jpg	shuffled	16524	16524
12415	12415	12415.jpg	10290.jpg	shuffled	10290	10290
12416	12416	12416.jpg	04976.jpg	shuffled	04976	04976
12417	12417	12417.jpg	17737.jpg	shuffled	17737	17737
12418	12418	12418.jpg	03261.jpg	shuffled	03261	03261
12419	12419	12419.jpg	04402.jpg	shuffled	04402	04402
12420	12420	12420.jpg	07165.jpg	shuffled	07165	07165
12421	12421	12421.jpg	13347.jpg	shuffled	13347	13347
12422	12422	12422.jpg	13412.jpg	shuffled	13412	13412
12423	12423	12423.jpg	14861.jpg	shuffled	14861	14861
12424	12424	12424.jpg	11055.jpg	shuffled	11055	11055
12425	12425	12425.jpg	17340.jpg	shuffled	17340	17340
12426	12426	12426.jpg	04577.jpg	shuffled	04577	04577
12427	12427	12427.jpg	15493.jpg	shuffled	15493	15493
12428	12428	12428.jpg	16503.jpg	shuffled	16503	16503
12429	12429	12429.jpg	02069.jpg	shuffled	02069	02069
12430	12430	12430.jpg	06132.jpg	shuffled	06132	06132
12431	12431	12431.jpg	13501.jpg	shuffled	13501	13501
12432	12432	12432.jpg	14962.jpg	shuffled	14962	14962
12433	12433	12433.jpg	16931.jpg	shuffled	16931	16931
12434	12434	12434.jpg	06727.jpg	shuffled	06727	06727
12435	12435	12435.jpg	06391.jpg	shuffled	06391	06391
12436	12436	12436.jpg	00973.jpg	shuffled	00973	00973
12437	12437	12437.jpg	12884.jpg	shuffled	12884	12884
12438	12438	12438.jpg	13139.jpg	shuffled	13139	13139
12439	12439	12439.jpg	13432.jpg	shuffled	13432	13432
12440	12440	12440.jpg	04771.jpg	shuffled	04771	04771
12441	12441	12441.jpg	01985.jpg	shuffled	01985	01985
12442	12442	12442.jpg	13527.jpg	shuffled	13527	13527
12443	12443	12443.jpg	02445.jpg	shuffled	02445	02445
12444	12444	12444.jpg	03855.jpg	shuffled	03855	03855
12445	12445	12445.jpg	08840.jpg	shuffled	08840	08840
12446	12446	12446.jpg	06234.jpg	shuffled	06234	06234
12447	12447	12447.jpg	14691.jpg	shuffled	14691	14691
12448	12448	12448.jpg	01537.jpg	shuffled	01537	01537
12449	12449	12449.jpg	17213.jpg	shuffled	17213	17213
12450	12450	12450.jpg	08346.jpg	shuffled	08346	08346
12451	12451	12451.jpg	08968.jpg	shuffled	08968	08968
12452	12452	12452.jpg	11486.jpg	shuffled	11486	11486
12453	12453	12453.jpg	10645.jpg	shuffled	10645	10645
12454	12454	12454.jpg	05653.jpg	shuffled	05653	05653
12455	12455	12455.jpg	17690.jpg	shuffled	17690	17690
12456	12456	12456.jpg	04634.jpg	shuffled	04634	04634
12457	12457	12457.jpg	14452.jpg	shuffled	14452	14452
12458	12458	12458.jpg	14817.jpg	shuffled	14817	14817
12459	12459	12459.jpg	03472.jpg	shuffled	03472	03472
12460	12460	12460.jpg	14821.jpg	shuffled	14821	14821
12461	12461	12461.jpg	09161.jpg	shuffled	09161	09161
12462	12462	12462.jpg	10692.jpg	shuffled	10692	10692
12463	12463	12463.jpg	12921.jpg	shuffled	12921	12921
12464	12464	12464.jpg	05300.jpg	shuffled	05300	05300
12465	12465	12465.jpg	10572.jpg	shuffled	10572	10572
12466	12466	12466.jpg	07068.jpg	shuffled	07068	07068
12467	12467	12467.jpg	05353.jpg	shuffled	05353	05353
12468	12468	12468.jpg	09336.jpg	shuffled	09336	09336
12469	12469	12469.jpg	12228.jpg	shuffled	12228	12228
12470	12470	12470.jpg	10703.jpg	shuffled	10703	10703
12471	12471	12471.jpg	04598.jpg	shuffled	04598	04598
12472	12472	12472.jpg	12551.jpg	shuffled	12551	12551
12473	12473	12473.jpg	01388.jpg	shuffled	01388	01388
12474	12474	12474.jpg	12470.jpg	shuffled	12470	12470
12475	12475	12475.jpg	09114.jpg	shuffled	09114	09114
12476	12476	12476.jpg	11264.jpg	shuffled	11264	11264
12477	12477	12477.jpg	07161.jpg	shuffled	07161	07161
12478	12478	12478.jpg	03716.jpg	shuffled	03716	03716
12479	12479	12479.jpg	07658.jpg	shuffled	07658	07658
12480	12480	12480.jpg	06533.jpg	shuffled	06533	06533
12481	12481	12481.jpg	17570.jpg	shuffled	17570	17570
12482	12482	12482.jpg	10009.jpg	shuffled	10009	10009
12483	12483	12483.jpg	00730.jpg	shuffled	00730	00730
12484	12484	12484.jpg	01419.jpg	shuffled	01419	01419
12485	12485	12485.jpg	15658.jpg	shuffled	15658	15658
12486	12486	12486.jpg	07987.jpg	shuffled	07987	07987
12487	12487	12487.jpg	07344.jpg	shuffled	07344	07344
12488	12488	12488.jpg	17220.jpg	shuffled	17220	17220
12489	12489	12489.jpg	03467.jpg	shuffled	03467	03467
12490	12490	12490.jpg	08397.jpg	shuffled	08397	08397
12491	12491	12491.jpg	09849.jpg	shuffled	09849	09849
12492	12492	12492.jpg	13817.jpg	shuffled	13817	13817
12493	12493	12493.jpg	03977.jpg	shuffled	03977	03977
12494	12494	12494.jpg	09008.jpg	shuffled	09008	09008
12495	12495	12495.jpg	05714.jpg	shuffled	05714	05714
12496	12496	12496.jpg	05622.jpg	shuffled	05622	05622
12497	12497	12497.jpg	09725.jpg	shuffled	09725	09725
12498	12498	12498.jpg	04252.jpg	shuffled	04252	04252
12499	12499	12499.jpg	13510.jpg	shuffled	13510	13510
12500	12500	12500.jpg	17750.jpg	shuffled	17750	17750
12501	12501	12501.jpg	02389.jpg	shuffled	02389	02389
12502	12502	12502.jpg	15141.jpg	shuffled	15141	15141
12503	12503	12503.jpg	03298.jpg	shuffled	03298	03298
12504	12504	12504.jpg	09378.jpg	shuffled	09378	09378
12505	12505	12505.jpg	11393.jpg	shuffled	11393	11393
12506	12506	12506.jpg	10399.jpg	shuffled	10399	10399
12507	12507	12507.jpg	01874.jpg	shuffled	01874	01874
12508	12508	12508.jpg	06206.jpg	shuffled	06206	06206
12509	12509	12509.jpg	16022.jpg	shuffled	16022	16022
12510	12510	12510.jpg	05718.jpg	shuffled	05718	05718
12511	12511	12511.jpg	12370.jpg	shuffled	12370	12370
12512	12512	12512.jpg	11787.jpg	shuffled	11787	11787
12513	12513	12513.jpg	12158.jpg	shuffled	12158	12158
12514	12514	12514.jpg	17967.jpg	shuffled	17967	17967
12515	12515	12515.jpg	00166.jpg	shuffled	00166	00166
12516	12516	12516.jpg	10880.jpg	shuffled	10880	10880
12517	12517	12517.jpg	15385.jpg	shuffled	15385	15385
12518	12518	12518.jpg	02547.jpg	shuffled	02547	02547
12519	12519	12519.jpg	08575.jpg	shuffled	08575	08575
12520	12520	12520.jpg	13495.jpg	shuffled	13495	13495
12521	12521	12521.jpg	15870.jpg	shuffled	15870	15870
12522	12522	12522.jpg	12314.jpg	shuffled	12314	12314
12523	12523	12523.jpg	10643.jpg	shuffled	10643	10643
12524	12524	12524.jpg	03046.jpg	shuffled	03046	03046
12525	12525	12525.jpg	03836.jpg	shuffled	03836	03836
12526	12526	12526.jpg	11402.jpg	shuffled	11402	11402
12527	12527	12527.jpg	14527.jpg	shuffled	14527	14527
12528	12528	12528.jpg	05817.jpg	shuffled	05817	05817
12529	12529	12529.jpg	04965.jpg	shuffled	04965	04965
12530	12530	12530.jpg	10630.jpg	shuffled	10630	10630
12531	12531	12531.jpg	06339.jpg	shuffled	06339	06339
12532	12532	12532.jpg	01717.jpg	shuffled	01717	01717
12533	12533	12533.jpg	17496.jpg	shuffled	17496	17496
12534	12534	12534.jpg	00681.jpg	shuffled	00681	00681
12535	12535	12535.jpg	16507.jpg	shuffled	16507	16507
12536	12536	12536.jpg	16434.jpg	shuffled	16434	16434
12537	12537	12537.jpg	11623.jpg	shuffled	11623	11623
12538	12538	12538.jpg	13153.jpg	shuffled	13153	13153
12539	12539	12539.jpg	04443.jpg	shuffled	04443	04443
12540	12540	12540.jpg	08211.jpg	shuffled	08211	08211
12541	12541	12541.jpg	05231.jpg	shuffled	05231	05231
12542	12542	12542.jpg	04782.jpg	shuffled	04782	04782
12543	12543	12543.jpg	08588.jpg	shuffled	08588	08588
12544	12544	12544.jpg	02311.jpg	shuffled	02311	02311
12545	12545	12545.jpg	16758.jpg	shuffled	16758	16758
12546	12546	12546.jpg	10898.jpg	shuffled	10898	10898
12547	12547	12547.jpg	12881.jpg	shuffled	12881	12881
12548	12548	12548.jpg	15947.jpg	shuffled	15947	15947
12549	12549	12549.jpg	11857.jpg	shuffled	11857	11857
12550	12550	12550.jpg	08420.jpg	shuffled	08420	08420
12551	12551	12551.jpg	02634.jpg	shuffled	02634	02634
12552	12552	12552.jpg	16709.jpg	shuffled	16709	16709
12553	12553	12553.jpg	15447.jpg	shuffled	15447	15447
12554	12554	12554.jpg	12168.jpg	shuffled	12168	12168
12555	12555	12555.jpg	09291.jpg	shuffled	09291	09291
12556	12556	12556.jpg	15808.jpg	shuffled	15808	15808
12557	12557	12557.jpg	12297.jpg	shuffled	12297	12297
12558	12558	12558.jpg	00807.jpg	shuffled	00807	00807
12559	12559	12559.jpg	13759.jpg	shuffled	13759	13759
12560	12560	12560.jpg	04676.jpg	shuffled	04676	04676
12561	12561	12561.jpg	07289.jpg	shuffled	07289	07289
12562	12562	12562.jpg	13830.jpg	shuffled	13830	13830
12563	12563	12563.jpg	14239.jpg	shuffled	14239	14239
12564	12564	12564.jpg	04884.jpg	shuffled	04884	04884
12565	12565	12565.jpg	12353.jpg	shuffled	12353	12353
12566	12566	12566.jpg	00979.jpg	shuffled	00979	00979
12567	12567	12567.jpg	14976.jpg	shuffled	14976	14976
12568	12568	12568.jpg	13824.jpg	shuffled	13824	13824
12569	12569	12569.jpg	08829.jpg	shuffled	08829	08829
12570	12570	12570.jpg	12031.jpg	shuffled	12031	12031
12571	12571	12571.jpg	07815.jpg	shuffled	07815	07815
12572	12572	12572.jpg	03833.jpg	shuffled	03833	03833
12573	12573	12573.jpg	12263.jpg	shuffled	12263	12263
12574	12574	12574.jpg	14758.jpg	shuffled	14758	14758
12575	12575	12575.jpg	11870.jpg	shuffled	11870	11870
12576	12576	12576.jpg	07582.jpg	shuffled	07582	07582
12577	12577	12577.jpg	05357.jpg	shuffled	05357	05357
12578	12578	12578.jpg	06393.jpg	shuffled	06393	06393
12579	12579	12579.jpg	00332.jpg	shuffled	00332	00332
12580	12580	12580.jpg	16140.jpg	shuffled	16140	16140
12581	12581	12581.jpg	03418.jpg	shuffled	03418	03418
12582	12582	12582.jpg	00207.jpg	shuffled	00207	00207
12583	12583	12583.jpg	07414.jpg	shuffled	07414	07414
12584	12584	12584.jpg	07372.jpg	shuffled	07372	07372
12585	12585	12585.jpg	17375.jpg	shuffled	17375	17375
12586	12586	12586.jpg	04579.jpg	shuffled	04579	04579
12587	12587	12587.jpg	15697.jpg	shuffled	15697	15697
12588	12588	12588.jpg	10442.jpg	shuffled	10442	10442
12589	12589	12589.jpg	04946.jpg	shuffled	04946	04946
12590	12590	12590.jpg	00461.jpg	shuffled	00461	00461
12591	12591	12591.jpg	00959.jpg	shuffled	00959	00959
12592	12592	12592.jpg	09713.jpg	shuffled	09713	09713
12593	12593	12593.jpg	14326.jpg	shuffled	14326	14326
12594	12594	12594.jpg	11531.jpg	shuffled	11531	11531
12595	12595	12595.jpg	00138.jpg	shuffled	00138	00138
12596	12596	12596.jpg	00843.jpg	shuffled	00843	00843
12597	12597	12597.jpg	05503.jpg	shuffled	05503	05503
12598	12598	12598.jpg	11692.jpg	shuffled	11692	11692
12599	12599	12599.jpg	03992.jpg	shuffled	03992	03992
12600	12600	12600.jpg	15820.jpg	shuffled	15820	15820
12601	12601	12601.jpg	14842.jpg	shuffled	14842	14842
12602	12602	12602.jpg	02172.jpg	shuffled	02172	02172
12603	12603	12603.jpg	05208.jpg	shuffled	05208	05208
12604	12604	12604.jpg	16577.jpg	shuffled	16577	16577
12605	12605	12605.jpg	00688.jpg	shuffled	00688	00688
12606	12606	12606.jpg	10918.jpg	shuffled	10918	10918
12607	12607	12607.jpg	08049.jpg	shuffled	08049	08049
12608	12608	12608.jpg	00665.jpg	shuffled	00665	00665
12609	12609	12609.jpg	06770.jpg	shuffled	06770	06770
12610	12610	12610.jpg	06064.jpg	shuffled	06064	06064
12611	12611	12611.jpg	09959.jpg	shuffled	09959	09959
12612	12612	12612.jpg	01550.jpg	shuffled	01550	01550
12613	12613	12613.jpg	11519.jpg	shuffled	11519	11519
12614	12614	12614.jpg	16456.jpg	shuffled	16456	16456
12615	12615	12615.jpg	17709.jpg	shuffled	17709	17709
12616	12616	12616.jpg	06986.jpg	shuffled	06986	06986
12617	12617	12617.jpg	17511.jpg	shuffled	17511	17511
12618	12618	12618.jpg	03172.jpg	shuffled	03172	03172
12619	12619	12619.jpg	15302.jpg	shuffled	15302	15302
12620	12620	12620.jpg	13337.jpg	shuffled	13337	13337
12621	12621	12621.jpg	12288.jpg	shuffled	12288	12288
12622	12622	12622.jpg	04623.jpg	shuffled	04623	04623
12623	12623	12623.jpg	04945.jpg	shuffled	04945	04945
12624	12624	12624.jpg	15358.jpg	shuffled	15358	15358
12625	12625	12625.jpg	17034.jpg	shuffled	17034	17034
12626	12626	12626.jpg	00237.jpg	shuffled	00237	00237
12627	12627	12627.jpg	10389.jpg	shuffled	10389	10389
12628	12628	12628.jpg	17816.jpg	shuffled	17816	17816
12629	12629	12629.jpg	01006.jpg	shuffled	01006	01006
12630	12630	12630.jpg	03449.jpg	shuffled	03449	03449
12631	12631	12631.jpg	06575.jpg	shuffled	06575	06575
12632	12632	12632.jpg	15139.jpg	shuffled	15139	15139
12633	12633	12633.jpg	01258.jpg	shuffled	01258	01258
12634	12634	12634.jpg	04409.jpg	shuffled	04409	04409
12635	12635	12635.jpg	04567.jpg	shuffled	04567	04567
12636	12636	12636.jpg	05314.jpg	shuffled	05314	05314
12637	12637	12637.jpg	02310.jpg	shuffled	02310	02310
12638	12638	12638.jpg	01005.jpg	shuffled	01005	01005
12639	12639	12639.jpg	03370.jpg	shuffled	03370	03370
12640	12640	12640.jpg	17780.jpg	shuffled	17780	17780
12641	12641	12641.jpg	00319.jpg	shuffled	00319	00319
12642	12642	12642.jpg	02587.jpg	shuffled	02587	02587
12643	12643	12643.jpg	00394.jpg	shuffled	00394	00394
12644	12644	12644.jpg	14569.jpg	shuffled	14569	14569
12645	12645	12645.jpg	07545.jpg	shuffled	07545	07545
12646	12646	12646.jpg	03753.jpg	shuffled	03753	03753
12647	12647	12647.jpg	15176.jpg	shuffled	15176	15176
12648	12648	12648.jpg	02118.jpg	shuffled	02118	02118
12649	12649	12649.jpg	16553.jpg	shuffled	16553	16553
12650	12650	12650.jpg	05438.jpg	shuffled	05438	05438
12651	12651	12651.jpg	05509.jpg	shuffled	05509	05509
12652	12652	12652.jpg	16210.jpg	shuffled	16210	16210
12653	12653	12653.jpg	06844.jpg	shuffled	06844	06844
12654	12654	12654.jpg	06032.jpg	shuffled	06032	06032
12655	12655	12655.jpg	13284.jpg	shuffled	13284	13284
12656	12656	12656.jpg	06460.jpg	shuffled	06460	06460
12657	12657	12657.jpg	12172.jpg	shuffled	12172	12172
12658	12658	12658.jpg	15397.jpg	shuffled	15397	15397
12659	12659	12659.jpg	11045.jpg	shuffled	11045	11045
12660	12660	12660.jpg	17071.jpg	shuffled	17071	17071
12661	12661	12661.jpg	13266.jpg	shuffled	13266	13266
12662	12662	12662.jpg	14619.jpg	shuffled	14619	14619
12663	12663	12663.jpg	06896.jpg	shuffled	06896	06896
12664	12664	12664.jpg	16335.jpg	shuffled	16335	16335
12665	12665	12665.jpg	03406.jpg	shuffled	03406	03406
12666	12666	12666.jpg	11876.jpg	shuffled	11876	11876
12667	12667	12667.jpg	14982.jpg	shuffled	14982	14982
12668	12668	12668.jpg	00568.jpg	shuffled	00568	00568
12669	12669	12669.jpg	15558.jpg	shuffled	15558	15558
12670	12670	12670.jpg	15220.jpg	shuffled	15220	15220
12671	12671	12671.jpg	03539.jpg	shuffled	03539	03539
12672	12672	12672.jpg	12587.jpg	shuffled	12587	12587
12673	12673	12673.jpg	17559.jpg	shuffled	17559	17559
12674	12674	12674.jpg	13241.jpg	shuffled	13241	13241
12675	12675	12675.jpg	03902.jpg	shuffled	03902	03902
12676	12676	12676.jpg	07534.jpg	shuffled	07534	07534
12677	12677	12677.jpg	06525.jpg	shuffled	06525	06525
12678	12678	12678.jpg	03896.jpg	shuffled	03896	03896
12679	12679	12679.jpg	04099.jpg	shuffled	04099	04099
12680	12680	12680.jpg	06443.jpg	shuffled	06443	06443
12681	12681	12681.jpg	03091.jpg	shuffled	03091	03091
12682	12682	12682.jpg	12495.jpg	shuffled	12495	12495
12683	12683	12683.jpg	12616.jpg	shuffled	12616	12616
12684	12684	12684.jpg	00265.jpg	shuffled	00265	00265
12685	12685	12685.jpg	02122.jpg	shuffled	02122	02122
12686	12686	12686.jpg	06681.jpg	shuffled	06681	06681
12687	12687	12687.jpg	02738.jpg	shuffled	02738	02738
12688	12688	12688.jpg	09548.jpg	shuffled	09548	09548
12689	12689	12689.jpg	10867.jpg	shuffled	10867	10867
12690	12690	12690.jpg	10741.jpg	shuffled	10741	10741
12691	12691	12691.jpg	10306.jpg	shuffled	10306	10306
12692	12692	12692.jpg	05801.jpg	shuffled	05801	05801
12693	12693	12693.jpg	00491.jpg	shuffled	00491	00491
12694	12694	12694.jpg	01565.jpg	shuffled	01565	01565
12695	12695	12695.jpg	14864.jpg	shuffled	14864	14864
12696	12696	12696.jpg	08641.jpg	shuffled	08641	08641
12697	12697	12697.jpg	05084.jpg	shuffled	05084	05084
12698	12698	12698.jpg	06534.jpg	shuffled	06534	06534
12699	12699	12699.jpg	06445.jpg	shuffled	06445	06445
12700	12700	12700.jpg	11180.jpg	shuffled	11180	11180
12701	12701	12701.jpg	15065.jpg	shuffled	15065	15065
12702	12702	12702.jpg	12410.jpg	shuffled	12410	12410
12703	12703	12703.jpg	12001.jpg	shuffled	12001	12001
12704	12704	12704.jpg	15795.jpg	shuffled	15795	15795
12705	12705	12705.jpg	06145.jpg	shuffled	06145	06145
12706	12706	12706.jpg	14509.jpg	shuffled	14509	14509
12707	12707	12707.jpg	07171.jpg	shuffled	07171	07171
12708	12708	12708.jpg	13951.jpg	shuffled	13951	13951
12709	12709	12709.jpg	01943.jpg	shuffled	01943	01943
12710	12710	12710.jpg	17566.jpg	shuffled	17566	17566
12711	12711	12711.jpg	06746.jpg	shuffled	06746	06746
12712	12712	12712.jpg	01134.jpg	shuffled	01134	01134
12713	12713	12713.jpg	07783.jpg	shuffled	07783	07783
12714	12714	12714.jpg	11160.jpg	shuffled	11160	11160
12715	12715	12715.jpg	09194.jpg	shuffled	09194	09194
12716	12716	12716.jpg	12093.jpg	shuffled	12093	12093
12717	12717	12717.jpg	01217.jpg	shuffled	01217	01217
12718	12718	12718.jpg	02351.jpg	shuffled	02351	02351
12719	12719	12719.jpg	09416.jpg	shuffled	09416	09416
12720	12720	12720.jpg	09156.jpg	shuffled	09156	09156
12721	12721	12721.jpg	15555.jpg	shuffled	15555	15555
12722	12722	12722.jpg	13070.jpg	shuffled	13070	13070
12723	12723	12723.jpg	14277.jpg	shuffled	14277	14277
12724	12724	12724.jpg	14409.jpg	shuffled	14409	14409
12725	12725	12725.jpg	12076.jpg	shuffled	12076	12076
12726	12726	12726.jpg	17501.jpg	shuffled	17501	17501
12727	12727	12727.jpg	09621.jpg	shuffled	09621	09621
12728	12728	12728.jpg	13370.jpg	shuffled	13370	13370
12729	12729	12729.jpg	17366.jpg	shuffled	17366	17366
12730	12730	12730.jpg	04575.jpg	shuffled	04575	04575
12731	12731	12731.jpg	09874.jpg	shuffled	09874	09874
12732	12732	12732.jpg	10180.jpg	shuffled	10180	10180
12733	12733	12733.jpg	06771.jpg	shuffled	06771	06771
12734	12734	12734.jpg	15787.jpg	shuffled	15787	15787
12735	12735	12735.jpg	06988.jpg	shuffled	06988	06988
12736	12736	12736.jpg	15834.jpg	shuffled	15834	15834
12737	12737	12737.jpg	05777.jpg	shuffled	05777	05777
12738	12738	12738.jpg	16100.jpg	shuffled	16100	16100
12739	12739	12739.jpg	16691.jpg	shuffled	16691	16691
12740	12740	12740.jpg	11706.jpg	shuffled	11706	11706
12741	12741	12741.jpg	11014.jpg	shuffled	11014	11014
12742	12742	12742.jpg	08026.jpg	shuffled	08026	08026
12743	12743	12743.jpg	00423.jpg	shuffled	00423	00423
12744	12744	12744.jpg	15142.jpg	shuffled	15142	15142
12745	12745	12745.jpg	02612.jpg	shuffled	02612	02612
12746	12746	12746.jpg	12703.jpg	shuffled	12703	12703
12747	12747	12747.jpg	07338.jpg	shuffled	07338	07338
12748	12748	12748.jpg	15206.jpg	shuffled	15206	15206
12749	12749	12749.jpg	12409.jpg	shuffled	12409	12409
12750	12750	12750.jpg	05400.jpg	shuffled	05400	05400
12751	12751	12751.jpg	09197.jpg	shuffled	09197	09197
12752	12752	12752.jpg	11770.jpg	shuffled	11770	11770
12753	12753	12753.jpg	16441.jpg	shuffled	16441	16441
12754	12754	12754.jpg	03404.jpg	shuffled	03404	03404
12755	12755	12755.jpg	16530.jpg	shuffled	16530	16530
12756	12756	12756.jpg	04683.jpg	shuffled	04683	04683
12757	12757	12757.jpg	13383.jpg	shuffled	13383	13383
12758	12758	12758.jpg	04809.jpg	shuffled	04809	04809
12759	12759	12759.jpg	09016.jpg	shuffled	09016	09016
12760	12760	12760.jpg	10382.jpg	shuffled	10382	10382
12761	12761	12761.jpg	14650.jpg	shuffled	14650	14650
12762	12762	12762.jpg	05403.jpg	shuffled	05403	05403
12763	12763	12763.jpg	08608.jpg	shuffled	08608	08608
12764	12764	12764.jpg	03343.jpg	shuffled	03343	03343
12765	12765	12765.jpg	02615.jpg	shuffled	02615	02615
12766	12766	12766.jpg	05349.jpg	shuffled	05349	05349
12767	12767	12767.jpg	07234.jpg	shuffled	07234	07234
12768	12768	12768.jpg	07116.jpg	shuffled	07116	07116
12769	12769	12769.jpg	05426.jpg	shuffled	05426	05426
12770	12770	12770.jpg	11686.jpg	shuffled	11686	11686
12771	12771	12771.jpg	04348.jpg	shuffled	04348	04348
12772	12772	12772.jpg	11228.jpg	shuffled	11228	11228
12773	12773	12773.jpg	15726.jpg	shuffled	15726	15726
12774	12774	12774.jpg	09658.jpg	shuffled	09658	09658
12775	12775	12775.jpg	02555.jpg	shuffled	02555	02555
12776	12776	12776.jpg	07034.jpg	shuffled	07034	07034
12777	12777	12777.jpg	13650.jpg	shuffled	13650	13650
12778	12778	12778.jpg	03148.jpg	shuffled	03148	03148
12779	12779	12779.jpg	04682.jpg	shuffled	04682	04682
12780	12780	12780.jpg	16459.jpg	shuffled	16459	16459
12781	12781	12781.jpg	17842.jpg	shuffled	17842	17842
12782	12782	12782.jpg	05162.jpg	shuffled	05162	05162
12783	12783	12783.jpg	12136.jpg	shuffled	12136	12136
12784	12784	12784.jpg	01048.jpg	shuffled	01048	01048
12785	12785	12785.jpg	00836.jpg	shuffled	00836	00836
12786	12786	12786.jpg	04346.jpg	shuffled	04346	04346
12787	12787	12787.jpg	02222.jpg	shuffled	02222	02222
12788	12788	12788.jpg	03969.jpg	shuffled	03969	03969
12789	12789	12789.jpg	12653.jpg	shuffled	12653	12653
12790	12790	12790.jpg	01185.jpg	shuffled	01185	01185
12791	12791	12791.jpg	17952.jpg	shuffled	17952	17952
12792	12792	12792.jpg	07045.jpg	shuffled	07045	07045
12793	12793	12793.jpg	10955.jpg	shuffled	10955	10955
12794	12794	12794.jpg	08083.jpg	shuffled	08083	08083
12795	12795	12795.jpg	16217.jpg	shuffled	16217	16217
12796	12796	12796.jpg	04650.jpg	shuffled	04650	04650
12797	12797	12797.jpg	10112.jpg	shuffled	10112	10112
12798	12798	12798.jpg	13971.jpg	shuffled	13971	13971
12799	12799	12799.jpg	11004.jpg	shuffled	11004	11004
12800	12800	12800.jpg	09235.jpg	shuffled	09235	09235
12801	12801	12801.jpg	01541.jpg	shuffled	01541	01541
12802	12802	12802.jpg	03380.jpg	shuffled	03380	03380
12803	12803	12803.jpg	17234.jpg	shuffled	17234	17234
12804	12804	12804.jpg	06454.jpg	shuffled	06454	06454
12805	12805	12805.jpg	11763.jpg	shuffled	11763	11763
12806	12806	12806.jpg	09572.jpg	shuffled	09572	09572
12807	12807	12807.jpg	08630.jpg	shuffled	08630	08630
12808	12808	12808.jpg	04023.jpg	shuffled	04023	04023
12809	12809	12809.jpg	07425.jpg	shuffled	07425	07425
12810	12810	12810.jpg	06455.jpg	shuffled	06455	06455
12811	12811	12811.jpg	08483.jpg	shuffled	08483	08483
12812	12812	12812.jpg	07895.jpg	shuffled	07895	07895
12813	12813	12813.jpg	04485.jpg	shuffled	04485	04485
12814	12814	12814.jpg	15224.jpg	shuffled	15224	15224
12815	12815	12815.jpg	06732.jpg	shuffled	06732	06732
12816	12816	12816.jpg	15491.jpg	shuffled	15491	15491
12817	12817	12817.jpg	04369.jpg	shuffled	04369	04369
12818	12818	12818.jpg	07473.jpg	shuffled	07473	07473
12819	12819	12819.jpg	06951.jpg	shuffled	06951	06951
12820	12820	12820.jpg	05789.jpg	shuffled	05789	05789
12821	12821	12821.jpg	03069.jpg	shuffled	03069	03069
12822	12822	12822.jpg	17757.jpg	shuffled	17757	17757
12823	12823	12823.jpg	09137.jpg	shuffled	09137	09137
12824	12824	12824.jpg	04512.jpg	shuffled	04512	04512
12825	12825	12825.jpg	11335.jpg	shuffled	11335	11335
12826	12826	12826.jpg	15195.jpg	shuffled	15195	15195
12827	12827	12827.jpg	01886.jpg	shuffled	01886	01886
12828	12828	12828.jpg	09191.jpg	shuffled	09191	09191
12829	12829	12829.jpg	16679.jpg	shuffled	16679	16679
12830	12830	12830.jpg	16766.jpg	shuffled	16766	16766
12831	12831	12831.jpg	09667.jpg	shuffled	09667	09667
12832	12832	12832.jpg	02639.jpg	shuffled	02639	02639
12833	12833	12833.jpg	03242.jpg	shuffled	03242	03242
12834	12834	12834.jpg	14128.jpg	shuffled	14128	14128
12835	12835	12835.jpg	14448.jpg	shuffled	14448	14448
12836	12836	12836.jpg	07357.jpg	shuffled	07357	07357
12837	12837	12837.jpg	15935.jpg	shuffled	15935	15935
12838	12838	12838.jpg	06369.jpg	shuffled	06369	06369
12839	12839	12839.jpg	09987.jpg	shuffled	09987	09987
12840	12840	12840.jpg	08045.jpg	shuffled	08045	08045
12841	12841	12841.jpg	13686.jpg	shuffled	13686	13686
12842	12842	12842.jpg	10939.jpg	shuffled	10939	10939
12843	12843	12843.jpg	05656.jpg	shuffled	05656	05656
12844	12844	12844.jpg	00873.jpg	shuffled	00873	00873
12845	12845	12845.jpg	10552.jpg	shuffled	10552	10552
12846	12846	12846.jpg	01843.jpg	shuffled	01843	01843
12847	12847	12847.jpg	09147.jpg	shuffled	09147	09147
12848	12848	12848.jpg	00322.jpg	shuffled	00322	00322
12849	12849	12849.jpg	06283.jpg	shuffled	06283	06283
12850	12850	12850.jpg	04719.jpg	shuffled	04719	04719
12851	12851	12851.jpg	15132.jpg	shuffled	15132	15132
12852	12852	12852.jpg	01443.jpg	shuffled	01443	01443
12853	12853	12853.jpg	17403.jpg	shuffled	17403	17403
12854	12854	12854.jpg	17862.jpg	shuffled	17862	17862
12855	12855	12855.jpg	13714.jpg	shuffled	13714	13714
12856	12856	12856.jpg	00526.jpg	shuffled	00526	00526
12857	12857	12857.jpg	09950.jpg	shuffled	09950	09950
12858	12858	12858.jpg	12406.jpg	shuffled	12406	12406
12859	12859	12859.jpg	15021.jpg	shuffled	15021	15021
12860	12860	12860.jpg	12494.jpg	shuffled	12494	12494
12861	12861	12861.jpg	15217.jpg	shuffled	15217	15217
12862	12862	12862.jpg	11203.jpg	shuffled	11203	11203
12863	12863	12863.jpg	15167.jpg	shuffled	15167	15167
12864	12864	12864.jpg	02744.jpg	shuffled	02744	02744
12865	12865	12865.jpg	04503.jpg	shuffled	04503	04503
12866	12866	12866.jpg	13888.jpg	shuffled	13888	13888
12867	12867	12867.jpg	01093.jpg	shuffled	01093	01093
12868	12868	12868.jpg	00415.jpg	shuffled	00415	00415
12869	12869	12869.jpg	12542.jpg	shuffled	12542	12542
12870	12870	12870.jpg	15741.jpg	shuffled	15741	15741
12871	12871	12871.jpg	03164.jpg	shuffled	03164	03164
12872	12872	12872.jpg	08028.jpg	shuffled	08028	08028
12873	12873	12873.jpg	10301.jpg	shuffled	10301	10301
12874	12874	12874.jpg	04651.jpg	shuffled	04651	04651
12875	12875	12875.jpg	05182.jpg	shuffled	05182	05182
12876	12876	12876.jpg	06352.jpg	shuffled	06352	06352
12877	12877	12877.jpg	06450.jpg	shuffled	06450	06450
12878	12878	12878.jpg	11538.jpg	shuffled	11538	11538
12879	12879	12879.jpg	02419.jpg	shuffled	02419	02419
12880	12880	12880.jpg	05915.jpg	shuffled	05915	05915
12881	12881	12881.jpg	00964.jpg	shuffled	00964	00964
12882	12882	12882.jpg	04729.jpg	shuffled	04729	04729
12883	12883	12883.jpg	00241.jpg	shuffled	00241	00241
12884	12884	12884.jpg	13027.jpg	shuffled	13027	13027
12885	12885	12885.jpg	05667.jpg	shuffled	05667	05667
12886	12886	12886.jpg	08360.jpg	shuffled	08360	08360
12887	12887	12887.jpg	11675.jpg	shuffled	11675	11675
12888	12888	12888.jpg	11474.jpg	shuffled	11474	11474
12889	12889	12889.jpg	03403.jpg	shuffled	03403	03403
12890	12890	12890.jpg	02474.jpg	shuffled	02474	02474
12891	12891	12891.jpg	03185.jpg	shuffled	03185	03185
12892	12892	12892.jpg	16557.jpg	shuffled	16557	16557
12893	12893	12893.jpg	16750.jpg	shuffled	16750	16750
12894	12894	12894.jpg	16966.jpg	shuffled	16966	16966
12895	12895	12895.jpg	09323.jpg	shuffled	09323	09323
12896	12896	12896.jpg	16202.jpg	shuffled	16202	16202
12897	12897	12897.jpg	12301.jpg	shuffled	12301	12301
12898	12898	12898.jpg	08758.jpg	shuffled	08758	08758
12899	12899	12899.jpg	12887.jpg	shuffled	12887	12887
12900	12900	12900.jpg	02993.jpg	shuffled	02993	02993
12901	12901	12901.jpg	00535.jpg	shuffled	00535	00535
12902	12902	12902.jpg	11387.jpg	shuffled	11387	11387
12903	12903	12903.jpg	07736.jpg	shuffled	07736	07736
12904	12904	12904.jpg	00161.jpg	shuffled	00161	00161
12905	12905	12905.jpg	09994.jpg	shuffled	09994	09994
12906	12906	12906.jpg	06979.jpg	shuffled	06979	06979
12907	12907	12907.jpg	05142.jpg	shuffled	05142	05142
12908	12908	12908.jpg	17858.jpg	shuffled	17858	17858
12909	12909	12909.jpg	07560.jpg	shuffled	07560	07560
12910	12910	12910.jpg	17465.jpg	shuffled	17465	17465
12911	12911	12911.jpg	08219.jpg	shuffled	08219	08219
12912	12912	12912.jpg	04686.jpg	shuffled	04686	04686
12913	12913	12913.jpg	04667.jpg	shuffled	04667	04667
12914	12914	12914.jpg	06398.jpg	shuffled	06398	06398
12915	12915	12915.jpg	05250.jpg	shuffled	05250	05250
12916	12916	12916.jpg	16521.jpg	shuffled	16521	16521
12917	12917	12917.jpg	08835.jpg	shuffled	08835	08835
12918	12918	12918.jpg	02806.jpg	shuffled	02806	02806
12919	12919	12919.jpg	12227.jpg	shuffled	12227	12227
12920	12920	12920.jpg	17241.jpg	shuffled	17241	17241
12921	12921	12921.jpg	07887.jpg	shuffled	07887	07887
12922	12922	12922.jpg	06883.jpg	shuffled	06883	06883
12923	12923	12923.jpg	06892.jpg	shuffled	06892	06892
12924	12924	12924.jpg	08845.jpg	shuffled	08845	08845
12925	12925	12925.jpg	14118.jpg	shuffled	14118	14118
12926	12926	12926.jpg	07784.jpg	shuffled	07784	07784
12927	12927	12927.jpg	03598.jpg	shuffled	03598	03598
12928	12928	12928.jpg	06877.jpg	shuffled	06877	06877
12929	12929	12929.jpg	10166.jpg	shuffled	10166	10166
12930	12930	12930.jpg	04952.jpg	shuffled	04952	04952
12931	12931	12931.jpg	05540.jpg	shuffled	05540	05540
12932	12932	12932.jpg	04262.jpg	shuffled	04262	04262
12933	12933	12933.jpg	07565.jpg	shuffled	07565	07565
12934	12934	12934.jpg	07800.jpg	shuffled	07800	07800
12935	12935	12935.jpg	00124.jpg	shuffled	00124	00124
12936	12936	12936.jpg	14538.jpg	shuffled	14538	14538
12937	12937	12937.jpg	02666.jpg	shuffled	02666	02666
12938	12938	12938.jpg	06718.jpg	shuffled	06718	06718
12939	12939	12939.jpg	05823.jpg	shuffled	05823	05823
12940	12940	12940.jpg	06194.jpg	shuffled	06194	06194
12941	12941	12941.jpg	04074.jpg	shuffled	04074	04074
12942	12942	12942.jpg	07423.jpg	shuffled	07423	07423
12943	12943	12943.jpg	13967.jpg	shuffled	13967	13967
12944	12944	12944.jpg	13177.jpg	shuffled	13177	13177
12945	12945	12945.jpg	16795.jpg	shuffled	16795	16795
12946	12946	12946.jpg	04953.jpg	shuffled	04953	04953
12947	12947	12947.jpg	08642.jpg	shuffled	08642	08642
12948	12948	12948.jpg	15298.jpg	shuffled	15298	15298
12949	12949	12949.jpg	17507.jpg	shuffled	17507	17507
12950	12950	12950.jpg	07806.jpg	shuffled	07806	07806
12951	12951	12951.jpg	16350.jpg	shuffled	16350	16350
12952	12952	12952.jpg	10507.jpg	shuffled	10507	10507
12953	12953	12953.jpg	12634.jpg	shuffled	12634	12634
12954	12954	12954.jpg	06700.jpg	shuffled	06700	06700
12955	12955	12955.jpg	09915.jpg	shuffled	09915	09915
12956	12956	12956.jpg	13199.jpg	shuffled	13199	13199
12957	12957	12957.jpg	14870.jpg	shuffled	14870	14870
12958	12958	12958.jpg	07729.jpg	shuffled	07729	07729
12959	12959	12959.jpg	05140.jpg	shuffled	05140	05140
12960	12960	12960.jpg	04980.jpg	shuffled	04980	04980
12961	12961	12961.jpg	02865.jpg	shuffled	02865	02865
12962	12962	12962.jpg	03299.jpg	shuffled	03299	03299
12963	12963	12963.jpg	08961.jpg	shuffled	08961	08961
12964	12964	12964.jpg	01594.jpg	shuffled	01594	01594
12965	12965	12965.jpg	07131.jpg	shuffled	07131	07131
12966	12966	12966.jpg	12733.jpg	shuffled	12733	12733
12967	12967	12967.jpg	14886.jpg	shuffled	14886	14886
12968	12968	12968.jpg	10767.jpg	shuffled	10767	10767
12969	12969	12969.jpg	00359.jpg	shuffled	00359	00359
12970	12970	12970.jpg	00399.jpg	shuffled	00399	00399
12971	12971	12971.jpg	06452.jpg	shuffled	06452	06452
12972	12972	12972.jpg	09201.jpg	shuffled	09201	09201
12973	12973	12973.jpg	02881.jpg	shuffled	02881	02881
12974	12974	12974.jpg	00213.jpg	shuffled	00213	00213
12975	12975	12975.jpg	16825.jpg	shuffled	16825	16825
12976	12976	12976.jpg	11824.jpg	shuffled	11824	11824
12977	12977	12977.jpg	03746.jpg	shuffled	03746	03746
12978	12978	12978.jpg	04144.jpg	shuffled	04144	04144
12979	12979	12979.jpg	14241.jpg	shuffled	14241	14241
12980	12980	12980.jpg	14178.jpg	shuffled	14178	14178
12981	12981	12981.jpg	03826.jpg	shuffled	03826	03826
12982	12982	12982.jpg	09647.jpg	shuffled	09647	09647
12983	12983	12983.jpg	11274.jpg	shuffled	11274	11274
12984	12984	12984.jpg	15596.jpg	shuffled	15596	15596
12985	12985	12985.jpg	17304.jpg	shuffled	17304	17304
12986	12986	12986.jpg	09207.jpg	shuffled	09207	09207
12987	12987	12987.jpg	10101.jpg	shuffled	10101	10101
12988	12988	12988.jpg	06935.jpg	shuffled	06935	06935
12989	12989	12989.jpg	00320.jpg	shuffled	00320	00320
12990	12990	12990.jpg	03290.jpg	shuffled	03290	03290
12991	12991	12991.jpg	17085.jpg	shuffled	17085	17085
12992	12992	12992.jpg	08487.jpg	shuffled	08487	08487
12993	12993	12993.jpg	17048.jpg	shuffled	17048	17048
12994	12994	12994.jpg	06183.jpg	shuffled	06183	06183
12995	12995	12995.jpg	07912.jpg	shuffled	07912	07912
12996	12996	12996.jpg	16977.jpg	shuffled	16977	16977
12997	12997	12997.jpg	10441.jpg	shuffled	10441	10441
12998	12998	12998.jpg	00495.jpg	shuffled	00495	00495
12999	12999	12999.jpg	03590.jpg	shuffled	03590	03590
13000	13000	13000.jpg	06581.jpg	shuffled	06581	06581
13001	13001	13001.jpg	12341.jpg	shuffled	12341	12341
13002	13002	13002.jpg	12817.jpg	shuffled	12817	12817
13003	13003	13003.jpg	15659.jpg	shuffled	15659	15659
13004	13004	13004.jpg	16505.jpg	shuffled	16505	16505
13005	13005	13005.jpg	02337.jpg	shuffled	02337	02337
13006	13006	13006.jpg	07766.jpg	shuffled	07766	07766
13007	13007	13007.jpg	16168.jpg	shuffled	16168	16168
13008	13008	13008.jpg	13391.jpg	shuffled	13391	13391
13009	13009	13009.jpg	07524.jpg	shuffled	07524	07524
13010	13010	13010.jpg	14863.jpg	shuffled	14863	14863
13011	13011	13011.jpg	00313.jpg	shuffled	00313	00313
13012	13012	13012.jpg	14636.jpg	shuffled	14636	14636
13013	13013	13013.jpg	00286.jpg	shuffled	00286	00286
13014	13014	13014.jpg	10584.jpg	shuffled	10584	10584
13015	13015	13015.jpg	16303.jpg	shuffled	16303	16303
13016	13016	13016.jpg	16000.jpg	shuffled	16000	16000
13017	13017	13017.jpg	10368.jpg	shuffled	10368	10368
13018	13018	13018.jpg	11869.jpg	shuffled	11869	11869
13019	13019	13019.jpg	13374.jpg	shuffled	13374	13374
13020	13020	13020.jpg	04417.jpg	shuffled	04417	04417
13021	13021	13021.jpg	06449.jpg	shuffled	06449	06449
13022	13022	13022.jpg	16203.jpg	shuffled	16203	16203
13023	13023	13023.jpg	16720.jpg	shuffled	16720	16720
13024	13024	13024.jpg	07488.jpg	shuffled	07488	07488
13025	13025	13025.jpg	03889.jpg	shuffled	03889	03889
13026	13026	13026.jpg	05984.jpg	shuffled	05984	05984
13027	13027	13027.jpg	06833.jpg	shuffled	06833	06833
13028	13028	13028.jpg	00375.jpg	shuffled	00375	00375
13029	13029	13029.jpg	06885.jpg	shuffled	06885	06885
13030	13030	13030.jpg	14705.jpg	shuffled	14705	14705
13031	13031	13031.jpg	17700.jpg	shuffled	17700	17700
13032	13032	13032.jpg	10920.jpg	shuffled	10920	10920
13033	13033	13033.jpg	02090.jpg	shuffled	02090	02090
13034	13034	13034.jpg	12423.jpg	shuffled	12423	12423
13035	13035	13035.jpg	17699.jpg	shuffled	17699	17699
13036	13036	13036.jpg	16136.jpg	shuffled	16136	16136
13037	13037	13037.jpg	01488.jpg	shuffled	01488	01488
13038	13038	13038.jpg	15351.jpg	shuffled	15351	15351
13039	13039	13039.jpg	05716.jpg	shuffled	05716	05716
13040	13040	13040.jpg	01073.jpg	shuffled	01073	01073
13041	13041	13041.jpg	06623.jpg	shuffled	06623	06623
13042	13042	13042.jpg	13017.jpg	shuffled	13017	13017
13043	13043	13043.jpg	15806.jpg	shuffled	15806	15806
13044	13044	13044.jpg	11943.jpg	shuffled	11943	11943
13045	13045	13045.jpg	14911.jpg	shuffled	14911	14911
13046	13046	13046.jpg	15238.jpg	shuffled	15238	15238
13047	13047	13047.jpg	04031.jpg	shuffled	04031	04031
13048	13048	13048.jpg	08308.jpg	shuffled	08308	08308
13049	13049	13049.jpg	12783.jpg	shuffled	12783	12783
13050	13050	13050.jpg	17651.jpg	shuffled	17651	17651
13051	13051	13051.jpg	17027.jpg	shuffled	17027	17027
13052	13052	13052.jpg	17371.jpg	shuffled	17371	17371
13053	13053	13053.jpg	00825.jpg	shuffled	00825	00825
13054	13054	13054.jpg	06171.jpg	shuffled	06171	06171
13055	13055	13055.jpg	13140.jpg	shuffled	13140	13140
13056	13056	13056.jpg	03318.jpg	shuffled	03318	03318
13057	13057	13057.jpg	02114.jpg	shuffled	02114	02114
13058	13058	13058.jpg	08162.jpg	shuffled	08162	08162
13059	13059	13059.jpg	15782.jpg	shuffled	15782	15782
13060	13060	13060.jpg	01763.jpg	shuffled	01763	01763
13061	13061	13061.jpg	14287.jpg	shuffled	14287	14287
13062	13062	13062.jpg	04061.jpg	shuffled	04061	04061
13063	13063	13063.jpg	08842.jpg	shuffled	08842	08842
13064	13064	13064.jpg	02507.jpg	shuffled	02507	02507
13065	13065	13065.jpg	12128.jpg	shuffled	12128	12128
13066	13066	13066.jpg	13388.jpg	shuffled	13388	13388
13067	13067	13067.jpg	14408.jpg	shuffled	14408	14408
13068	13068	13068.jpg	05290.jpg	shuffled	05290	05290
13069	13069	13069.jpg	13102.jpg	shuffled	13102	13102
13070	13070	13070.jpg	03866.jpg	shuffled	03866	03866
13071	13071	13071.jpg	00326.jpg	shuffled	00326	00326
13072	13072	13072.jpg	13844.jpg	shuffled	13844	13844
13073	13073	13073.jpg	14421.jpg	shuffled	14421	14421
13074	13074	13074.jpg	06029.jpg	shuffled	06029	06029
13075	13075	13075.jpg	13414.jpg	shuffled	13414	13414
13076	13076	13076.jpg	05246.jpg	shuffled	05246	05246
13077	13077	13077.jpg	08634.jpg	shuffled	08634	08634
13078	13078	13078.jpg	16751.jpg	shuffled	16751	16751
13079	13079	13079.jpg	06679.jpg	shuffled	06679	06679
13080	13080	13080.jpg	00498.jpg	shuffled	00498	00498
13081	13081	13081.jpg	13233.jpg	shuffled	13233	13233
13082	13082	13082.jpg	01915.jpg	shuffled	01915	01915
13083	13083	13083.jpg	06219.jpg	shuffled	06219	06219
13084	13084	13084.jpg	14149.jpg	shuffled	14149	14149
13085	13085	13085.jpg	09356.jpg	shuffled	09356	09356
13086	13086	13086.jpg	04089.jpg	shuffled	04089	04089
13087	13087	13087.jpg	12296.jpg	shuffled	12296	12296
13088	13088	13088.jpg	15608.jpg	shuffled	15608	15608
13089	13089	13089.jpg	05522.jpg	shuffled	05522	05522
13090	13090	13090.jpg	07448.jpg	shuffled	07448	07448
13091	13091	13091.jpg	02296.jpg	shuffled	02296	02296
13092	13092	13092.jpg	17971.jpg	shuffled	17971	17971
13093	13093	13093.jpg	00118.jpg	shuffled	00118	00118
13094	13094	13094.jpg	12330.jpg	shuffled	12330	12330
13095	13095	13095.jpg	13050.jpg	shuffled	13050	13050
13096	13096	13096.jpg	11689.jpg	shuffled	11689	11689
13097	13097	13097.jpg	02074.jpg	shuffled	02074	02074
13098	13098	13098.jpg	06358.jpg	shuffled	06358	06358
13099	13099	13099.jpg	13637.jpg	shuffled	13637	13637
13100	13100	13100.jpg	01709.jpg	shuffled	01709	01709
13101	13101	13101.jpg	00926.jpg	shuffled	00926	00926
13102	13102	13102.jpg	08896.jpg	shuffled	08896	08896
13103	13103	13103.jpg	15129.jpg	shuffled	15129	15129
13104	13104	13104.jpg	13922.jpg	shuffled	13922	13922
13105	13105	13105.jpg	09497.jpg	shuffled	09497	09497
13106	13106	13106.jpg	11580.jpg	shuffled	11580	11580
13107	13107	13107.jpg	05483.jpg	shuffled	05483	05483
13108	13108	13108.jpg	08214.jpg	shuffled	08214	08214
13109	13109	13109.jpg	02428.jpg	shuffled	02428	02428
13110	13110	13110.jpg	06773.jpg	shuffled	06773	06773
13111	13111	13111.jpg	13540.jpg	shuffled	13540	13540
13112	13112	13112.jpg	03915.jpg	shuffled	03915	03915
13113	13113	13113.jpg	16578.jpg	shuffled	16578	16578
13114	13114	13114.jpg	12513.jpg	shuffled	12513	12513
13115	13115	13115.jpg	15465.jpg	shuffled	15465	15465
13116	13116	13116.jpg	17490.jpg	shuffled	17490	17490
13117	13117	13117.jpg	06272.jpg	shuffled	06272	06272
13118	13118	13118.jpg	09670.jpg	shuffled	09670	09670
13119	13119	13119.jpg	02497.jpg	shuffled	02497	02497
13120	13120	13120.jpg	16917.jpg	shuffled	16917	16917
13121	13121	13121.jpg	07212.jpg	shuffled	07212	07212
13122	13122	13122.jpg	14045.jpg	shuffled	14045	14045
13123	13123	13123.jpg	07157.jpg	shuffled	07157	07157
13124	13124	13124.jpg	01513.jpg	shuffled	01513	01513
13125	13125	13125.jpg	11463.jpg	shuffled	11463	11463
13126	13126	13126.jpg	14778.jpg	shuffled	14778	14778
13127	13127	13127.jpg	15822.jpg	shuffled	15822	15822
13128	13128	13128.jpg	00039.jpg	shuffled	00039	00039
13129	13129	13129.jpg	16762.jpg	shuffled	16762	16762
13130	13130	13130.jpg	07431.jpg	shuffled	07431	07431
13131	13131	13131.jpg	03674.jpg	shuffled	03674	03674
13132	13132	13132.jpg	12906.jpg	shuffled	12906	12906
13133	13133	13133.jpg	00888.jpg	shuffled	00888	00888
13134	13134	13134.jpg	05788.jpg	shuffled	05788	05788
13135	13135	13135.jpg	13322.jpg	shuffled	13322	13322
13136	13136	13136.jpg	08691.jpg	shuffled	08691	08691
13137	13137	13137.jpg	01561.jpg	shuffled	01561	01561
13138	13138	13138.jpg	11185.jpg	shuffled	11185	11185
13139	13139	13139.jpg	11475.jpg	shuffled	11475	11475
13140	13140	13140.jpg	15612.jpg	shuffled	15612	15612
13141	13141	13141.jpg	03697.jpg	shuffled	03697	03697
13142	13142	13142.jpg	16608.jpg	shuffled	16608	16608
13143	13143	13143.jpg	17779.jpg	shuffled	17779	17779
13144	13144	13144.jpg	16126.jpg	shuffled	16126	16126
13145	13145	13145.jpg	09901.jpg	shuffled	09901	09901
13146	13146	13146.jpg	02780.jpg	shuffled	02780	02780
13147	13147	13147.jpg	03649.jpg	shuffled	03649	03649
13148	13148	13148.jpg	17109.jpg	shuffled	17109	17109
13149	13149	13149.jpg	11464.jpg	shuffled	11464	11464
13150	13150	13150.jpg	08116.jpg	shuffled	08116	08116
13151	13151	13151.jpg	00457.jpg	shuffled	00457	00457
13152	13152	13152.jpg	04566.jpg	shuffled	04566	04566
13153	13153	13153.jpg	10625.jpg	shuffled	10625	10625
13154	13154	13154.jpg	15258.jpg	shuffled	15258	15258
13155	13155	13155.jpg	06155.jpg	shuffled	06155	06155
13156	13156	13156.jpg	17629.jpg	shuffled	17629	17629
13157	13157	13157.jpg	13661.jpg	shuffled	13661	13661
13158	13158	13158.jpg	17897.jpg	shuffled	17897	17897
13159	13159	13159.jpg	04885.jpg	shuffled	04885	04885
13160	13160	13160.jpg	14284.jpg	shuffled	14284	14284
13161	13161	13161.jpg	06093.jpg	shuffled	06093	06093
13162	13162	13162.jpg	01621.jpg	shuffled	01621	01621
13163	13163	13163.jpg	06907.jpg	shuffled	06907	06907
13164	13164	13164.jpg	17021.jpg	shuffled	17021	17021
13165	13165	13165.jpg	08486.jpg	shuffled	08486	08486
13166	13166	13166.jpg	02686.jpg	shuffled	02686	02686
13167	13167	13167.jpg	16916.jpg	shuffled	16916	16916
13168	13168	13168.jpg	16890.jpg	shuffled	16890	16890
13169	13169	13169.jpg	08796.jpg	shuffled	08796	08796
13170	13170	13170.jpg	14612.jpg	shuffled	14612	14612
13171	13171	13171.jpg	10508.jpg	shuffled	10508	10508
13172	13172	13172.jpg	01237.jpg	shuffled	01237	01237
13173	13173	13173.jpg	09150.jpg	shuffled	09150	09150
13174	13174	13174.jpg	13865.jpg	shuffled	13865	13865
13175	13175	13175.jpg	03098.jpg	shuffled	03098	03098
13176	13176	13176.jpg	06297.jpg	shuffled	06297	06297
13177	13177	13177.jpg	03496.jpg	shuffled	03496	03496
13178	13178	13178.jpg	01791.jpg	shuffled	01791	01791
13179	13179	13179.jpg	01030.jpg	shuffled	01030	01030
13180	13180	13180.jpg	09925.jpg	shuffled	09925	09925
13181	13181	13181.jpg	10858.jpg	shuffled	10858	10858
13182	13182	13182.jpg	06611.jpg	shuffled	06611	06611
13183	13183	13183.jpg	05205.jpg	shuffled	05205	05205
13184	13184	13184.jpg	08079.jpg	shuffled	08079	08079
13185	13185	13185.jpg	17646.jpg	shuffled	17646	17646
13186	13186	13186.jpg	01216.jpg	shuffled	01216	01216
13187	13187	13187.jpg	03166.jpg	shuffled	03166	03166
13188	13188	13188.jpg	05009.jpg	shuffled	05009	05009
13189	13189	13189.jpg	17331.jpg	shuffled	17331	17331
13190	13190	13190.jpg	17295.jpg	shuffled	17295	17295
13191	13191	13191.jpg	08808.jpg	shuffled	08808	08808
13192	13192	13192.jpg	03909.jpg	shuffled	03909	03909
13193	13193	13193.jpg	14698.jpg	shuffled	14698	14698
13194	13194	13194.jpg	10747.jpg	shuffled	10747	10747
13195	13195	13195.jpg	06038.jpg	shuffled	06038	06038
13196	13196	13196.jpg	16552.jpg	shuffled	16552	16552
13197	13197	13197.jpg	02984.jpg	shuffled	02984	02984
13198	13198	13198.jpg	00610.jpg	shuffled	00610	00610
13199	13199	13199.jpg	16956.jpg	shuffled	16956	16956
13200	13200	13200.jpg	11121.jpg	shuffled	11121	11121
13201	13201	13201.jpg	17462.jpg	shuffled	17462	17462
13202	13202	13202.jpg	12063.jpg	shuffled	12063	12063
13203	13203	13203.jpg	01794.jpg	shuffled	01794	01794
13204	13204	13204.jpg	00703.jpg	shuffled	00703	00703
13205	13205	13205.jpg	02846.jpg	shuffled	02846	02846
13206	13206	13206.jpg	11981.jpg	shuffled	11981	11981
13207	13207	13207.jpg	13242.jpg	shuffled	13242	13242
13208	13208	13208.jpg	02239.jpg	shuffled	02239	02239
13209	13209	13209.jpg	06570.jpg	shuffled	06570	06570
13210	13210	13210.jpg	13471.jpg	shuffled	13471	13471
13211	13211	13211.jpg	11701.jpg	shuffled	11701	11701
13212	13212	13212.jpg	04210.jpg	shuffled	04210	04210
13213	13213	13213.jpg	05361.jpg	shuffled	05361	05361
13214	13214	13214.jpg	08492.jpg	shuffled	08492	08492
13215	13215	13215.jpg	15562.jpg	shuffled	15562	15562
13216	13216	13216.jpg	09854.jpg	shuffled	09854	09854
13217	13217	13217.jpg	00479.jpg	shuffled	00479	00479
13218	13218	13218.jpg	14425.jpg	shuffled	14425	14425
13219	13219	13219.jpg	14344.jpg	shuffled	14344	14344
13220	13220	13220.jpg	10907.jpg	shuffled	10907	10907
13221	13221	13221.jpg	04868.jpg	shuffled	04868	04868
13222	13222	13222.jpg	08459.jpg	shuffled	08459	08459
13223	13223	13223.jpg	00747.jpg	shuffled	00747	00747
13224	13224	13224.jpg	02559.jpg	shuffled	02559	02559
13225	13225	13225.jpg	14811.jpg	shuffled	14811	14811
13226	13226	13226.jpg	11903.jpg	shuffled	11903	11903
13227	13227	13227.jpg	16645.jpg	shuffled	16645	16645
13228	13228	13228.jpg	06312.jpg	shuffled	06312	06312
13229	13229	13229.jpg	03887.jpg	shuffled	03887	03887
13230	13230	13230.jpg	15930.jpg	shuffled	15930	15930
13231	13231	13231.jpg	01302.jpg	shuffled	01302	01302
13232	13232	13232.jpg	05039.jpg	shuffled	05039	05039
13233	13233	13233.jpg	01124.jpg	shuffled	01124	01124
13234	13234	13234.jpg	00573.jpg	shuffled	00573	00573
13235	13235	13235.jpg	01783.jpg	shuffled	01783	01783
13236	13236	13236.jpg	10809.jpg	shuffled	10809	10809
13237	13237	13237.jpg	05698.jpg	shuffled	05698	05698
13238	13238	13238.jpg	13760.jpg	shuffled	13760	13760
13239	13239	13239.jpg	12929.jpg	shuffled	12929	12929
13240	13240	13240.jpg	11370.jpg	shuffled	11370	11370
13241	13241	13241.jpg	01669.jpg	shuffled	01669	01669
13242	13242	13242.jpg	17231.jpg	shuffled	17231	17231
13243	13243	13243.jpg	12912.jpg	shuffled	12912	12912
13244	13244	13244.jpg	02299.jpg	shuffled	02299	02299
13245	13245	13245.jpg	12414.jpg	shuffled	12414	12414
13246	13246	13246.jpg	06906.jpg	shuffled	06906	06906
13247	13247	13247.jpg	12264.jpg	shuffled	12264	12264
13248	13248	13248.jpg	04895.jpg	shuffled	04895	04895
13249	13249	13249.jpg	10056.jpg	shuffled	10056	10056
13250	13250	13250.jpg	13059.jpg	shuffled	13059	13059
13251	13251	13251.jpg	07392.jpg	shuffled	07392	07392
13252	13252	13252.jpg	09057.jpg	shuffled	09057	09057
13253	13253	13253.jpg	15098.jpg	shuffled	15098	15098
13254	13254	13254.jpg	04993.jpg	shuffled	04993	04993
13255	13255	13255.jpg	04631.jpg	shuffled	04631	04631
13256	13256	13256.jpg	15140.jpg	shuffled	15140	15140
13257	13257	13257.jpg	17652.jpg	shuffled	17652	17652
13258	13258	13258.jpg	14648.jpg	shuffled	14648	14648
13259	13259	13259.jpg	04132.jpg	shuffled	04132	04132
13260	13260	13260.jpg	07703.jpg	shuffled	07703	07703
13261	13261	13261.jpg	04710.jpg	shuffled	04710	04710
13262	13262	13262.jpg	16808.jpg	shuffled	16808	16808
13263	13263	13263.jpg	02331.jpg	shuffled	02331	02331
13264	13264	13264.jpg	02786.jpg	shuffled	02786	02786
13265	13265	13265.jpg	17696.jpg	shuffled	17696	17696
13266	13266	13266.jpg	14383.jpg	shuffled	14383	14383
13267	13267	13267.jpg	17376.jpg	shuffled	17376	17376
13268	13268	13268.jpg	03358.jpg	shuffled	03358	03358
13269	13269	13269.jpg	07946.jpg	shuffled	07946	07946
13270	13270	13270.jpg	07952.jpg	shuffled	07952	07952
13271	13271	13271.jpg	04310.jpg	shuffled	04310	04310
13272	13272	13272.jpg	07348.jpg	shuffled	07348	07348
13273	13273	13273.jpg	11772.jpg	shuffled	11772	11772
13274	13274	13274.jpg	01879.jpg	shuffled	01879	01879
13275	13275	13275.jpg	11851.jpg	shuffled	11851	11851
13276	13276	13276.jpg	02862.jpg	shuffled	02862	02862
13277	13277	13277.jpg	10263.jpg	shuffled	10263	10263
13278	13278	13278.jpg	16522.jpg	shuffled	16522	16522
13279	13279	13279.jpg	09369.jpg	shuffled	09369	09369
13280	13280	13280.jpg	00460.jpg	shuffled	00460	00460
13281	13281	13281.jpg	17405.jpg	shuffled	17405	17405
13282	13282	13282.jpg	01726.jpg	shuffled	01726	01726
13283	13283	13283.jpg	01362.jpg	shuffled	01362	01362
13284	13284	13284.jpg	00661.jpg	shuffled	00661	00661
13285	13285	13285.jpg	12535.jpg	shuffled	12535	12535
13286	13286	13286.jpg	01317.jpg	shuffled	01317	01317
13287	13287	13287.jpg	06413.jpg	shuffled	06413	06413
13288	13288	13288.jpg	17808.jpg	shuffled	17808	17808
13289	13289	13289.jpg	16816.jpg	shuffled	16816	16816
13290	13290	13290.jpg	06289.jpg	shuffled	06289	06289
13291	13291	13291.jpg	13632.jpg	shuffled	13632	13632
13292	13292	13292.jpg	15361.jpg	shuffled	15361	15361
13293	13293	13293.jpg	14154.jpg	shuffled	14154	14154
13294	13294	13294.jpg	15038.jpg	shuffled	15038	15038
13295	13295	13295.jpg	16010.jpg	shuffled	16010	16010
13296	13296	13296.jpg	05198.jpg	shuffled	05198	05198
13297	13297	13297.jpg	01770.jpg	shuffled	01770	01770
13298	13298	13298.jpg	08291.jpg	shuffled	08291	08291
13299	13299	13299.jpg	06936.jpg	shuffled	06936	06936
13300	13300	13300.jpg	11250.jpg	shuffled	11250	11250
13301	13301	13301.jpg	15010.jpg	shuffled	15010	15010
13302	13302	13302.jpg	17271.jpg	shuffled	17271	17271
13303	13303	13303.jpg	14211.jpg	shuffled	14211	14211
13304	13304	13304.jpg	15360.jpg	shuffled	15360	15360
13305	13305	13305.jpg	07453.jpg	shuffled	07453	07453
13306	13306	13306.jpg	14317.jpg	shuffled	14317	14317
13307	13307	13307.jpg	07927.jpg	shuffled	07927	07927
13308	13308	13308.jpg	01999.jpg	shuffled	01999	01999
13309	13309	13309.jpg	13813.jpg	shuffled	13813	13813
13310	13310	13310.jpg	16924.jpg	shuffled	16924	16924
13311	13311	13311.jpg	13279.jpg	shuffled	13279	13279
13312	13312	13312.jpg	13482.jpg	shuffled	13482	13482
13313	13313	13313.jpg	10152.jpg	shuffled	10152	10152
13314	13314	13314.jpg	05853.jpg	shuffled	05853	05853
13315	13315	13315.jpg	10047.jpg	shuffled	10047	10047
13316	13316	13316.jpg	05239.jpg	shuffled	05239	05239
13317	13317	13317.jpg	15434.jpg	shuffled	15434	15434
13318	13318	13318.jpg	03104.jpg	shuffled	03104	03104
13319	13319	13319.jpg	11867.jpg	shuffled	11867	11867
13320	13320	13320.jpg	03829.jpg	shuffled	03829	03829
13321	13321	13321.jpg	06462.jpg	shuffled	06462	06462
13322	13322	13322.jpg	11659.jpg	shuffled	11659	11659
13323	13323	13323.jpg	00574.jpg	shuffled	00574	00574
13324	13324	13324.jpg	08016.jpg	shuffled	08016	08016
13325	13325	13325.jpg	14376.jpg	shuffled	14376	14376
13326	13326	13326.jpg	03153.jpg	shuffled	03153	03153
13327	13327	13327.jpg	17826.jpg	shuffled	17826	17826
13328	13328	13328.jpg	15654.jpg	shuffled	15654	15654
13329	13329	13329.jpg	06475.jpg	shuffled	06475	06475
13330	13330	13330.jpg	17215.jpg	shuffled	17215	17215
13331	13331	13331.jpg	13628.jpg	shuffled	13628	13628
13332	13332	13332.jpg	07070.jpg	shuffled	07070	07070
13333	13333	13333.jpg	00724.jpg	shuffled	00724	00724
13334	13334	13334.jpg	05180.jpg	shuffled	05180	05180
13335	13335	13335.jpg	11505.jpg	shuffled	11505	11505
13336	13336	13336.jpg	04341.jpg	shuffled	04341	04341
13337	13337	13337.jpg	10666.jpg	shuffled	10666	10666
13338	13338	13338.jpg	15356.jpg	shuffled	15356	15356
13339	13339	13339.jpg	14190.jpg	shuffled	14190	14190
13340	13340	13340.jpg	02281.jpg	shuffled	02281	02281
13341	13341	13341.jpg	12522.jpg	shuffled	12522	12522
13342	13342	13342.jpg	17162.jpg	shuffled	17162	17162
13343	13343	13343.jpg	05487.jpg	shuffled	05487	05487
13344	13344	13344.jpg	13638.jpg	shuffled	13638	13638
13345	13345	13345.jpg	17524.jpg	shuffled	17524	17524
13346	13346	13346.jpg	15650.jpg	shuffled	15650	15650
13347	13347	13347.jpg	02922.jpg	shuffled	02922	02922
13348	13348	13348.jpg	15171.jpg	shuffled	15171	15171
13349	13349	13349.jpg	10390.jpg	shuffled	10390	10390
13350	13350	13350.jpg	09865.jpg	shuffled	09865	09865
13351	13351	13351.jpg	05364.jpg	shuffled	05364	05364
13352	13352	13352.jpg	10557.jpg	shuffled	10557	10557
13353	13353	13353.jpg	11363.jpg	shuffled	11363	11363
13354	13354	13354.jpg	06388.jpg	shuffled	06388	06388
13355	13355	13355.jpg	00522.jpg	shuffled	00522	00522
13356	13356	13356.jpg	02629.jpg	shuffled	02629	02629
13357	13357	13357.jpg	07574.jpg	shuffled	07574	07574
13358	13358	13358.jpg	10155.jpg	shuffled	10155	10155
13359	13359	13359.jpg	06846.jpg	shuffled	06846	06846
13360	13360	13360.jpg	12740.jpg	shuffled	12740	12740
13361	13361	13361.jpg	11749.jpg	shuffled	11749	11749
13362	13362	13362.jpg	05680.jpg	shuffled	05680	05680
13363	13363	13363.jpg	00097.jpg	shuffled	00097	00097
13364	13364	13364.jpg	07715.jpg	shuffled	07715	07715
13365	13365	13365.jpg	07646.jpg	shuffled	07646	07646
13366	13366	13366.jpg	17692.jpg	shuffled	17692	17692
13367	13367	13367.jpg	06199.jpg	shuffled	06199	06199
13368	13368	13368.jpg	00465.jpg	shuffled	00465	00465
13369	13369	13369.jpg	10948.jpg	shuffled	10948	10948
13370	13370	13370.jpg	05257.jpg	shuffled	05257	05257
13371	13371	13371.jpg	09139.jpg	shuffled	09139	09139
13372	13372	13372.jpg	14745.jpg	shuffled	14745	14745
13373	13373	13373.jpg	15979.jpg	shuffled	15979	15979
13374	13374	13374.jpg	16373.jpg	shuffled	16373	16373
13375	13375	13375.jpg	05689.jpg	shuffled	05689	05689
13376	13376	13376.jpg	07610.jpg	shuffled	07610	07610
13377	13377	13377.jpg	00653.jpg	shuffled	00653	00653
13378	13378	13378.jpg	12081.jpg	shuffled	12081	12081
13379	13379	13379.jpg	06125.jpg	shuffled	06125	06125
13380	13380	13380.jpg	14003.jpg	shuffled	14003	14003
13381	13381	13381.jpg	08882.jpg	shuffled	08882	08882
13382	13382	13382.jpg	02070.jpg	shuffled	02070	02070
13383	13383	13383.jpg	08782.jpg	shuffled	08782	08782
13384	13384	13384.jpg	05035.jpg	shuffled	05035	05035
13385	13385	13385.jpg	00338.jpg	shuffled	00338	00338
13386	13386	13386.jpg	09418.jpg	shuffled	09418	09418
13387	13387	13387.jpg	16919.jpg	shuffled	16919	16919
13388	13388	13388.jpg	00936.jpg	shuffled	00936	00936
13389	13389	13389.jpg	04711.jpg	shuffled	04711	04711
13390	13390	13390.jpg	17337.jpg	shuffled	17337	17337
13391	13391	13391.jpg	15431.jpg	shuffled	15431	15431
13392	13392	13392.jpg	17116.jpg	shuffled	17116	17116
13393	13393	13393.jpg	09966.jpg	shuffled	09966	09966
13394	13394	13394.jpg	06854.jpg	shuffled	06854	06854
13395	13395	13395.jpg	01548.jpg	shuffled	01548	01548
13396	13396	13396.jpg	01830.jpg	shuffled	01830	01830
13397	13397	13397.jpg	02224.jpg	shuffled	02224	02224
13398	13398	13398.jpg	08429.jpg	shuffled	08429	08429
13399	13399	13399.jpg	12206.jpg	shuffled	12206	12206
13400	13400	13400.jpg	14639.jpg	shuffled	14639	14639
13401	13401	13401.jpg	01142.jpg	shuffled	01142	01142
13402	13402	13402.jpg	02962.jpg	shuffled	02962	02962
13403	13403	13403.jpg	13674.jpg	shuffled	13674	13674
13404	13404	13404.jpg	02593.jpg	shuffled	02593	02593
13405	13405	13405.jpg	14545.jpg	shuffled	14545	14545
13406	13406	13406.jpg	08427.jpg	shuffled	08427	08427
13407	13407	13407.jpg	06401.jpg	shuffled	06401	06401
13408	13408	13408.jpg	16834.jpg	shuffled	16834	16834
13409	13409	13409.jpg	15061.jpg	shuffled	15061	15061
13410	13410	13410.jpg	00210.jpg	shuffled	00210	00210
13411	13411	13411.jpg	12280.jpg	shuffled	12280	12280
13412	13412	13412.jpg	01247.jpg	shuffled	01247	01247
13413	13413	13413.jpg	01062.jpg	shuffled	01062	01062
13414	13414	13414.jpg	04788.jpg	shuffled	04788	04788
13415	13415	13415.jpg	06092.jpg	shuffled	06092	06092
13416	13416	13416.jpg	09495.jpg	shuffled	09495	09495
13417	13417	13417.jpg	06007.jpg	shuffled	06007	06007
13418	13418	13418.jpg	13331.jpg	shuffled	13331	13331
13419	13419	13419.jpg	06050.jpg	shuffled	06050	06050
13420	13420	13420.jpg	06789.jpg	shuffled	06789	06789
13421	13421	13421.jpg	12039.jpg	shuffled	12039	12039
13422	13422	13422.jpg	10415.jpg	shuffled	10415	10415
13423	13423	13423.jpg	16540.jpg	shuffled	16540	16540
13424	13424	13424.jpg	17434.jpg	shuffled	17434	17434
13425	13425	13425.jpg	07246.jpg	shuffled	07246	07246
13426	13426	13426.jpg	06026.jpg	shuffled	06026	06026
13427	13427	13427.jpg	11908.jpg	shuffled	11908	11908
13428	13428	13428.jpg	17081.jpg	shuffled	17081	17081
13429	13429	13429.jpg	03941.jpg	shuffled	03941	03941
13430	13430	13430.jpg	09921.jpg	shuffled	09921	09921
13431	13431	13431.jpg	17818.jpg	shuffled	17818	17818
13432	13432	13432.jpg	07384.jpg	shuffled	07384	07384
13433	13433	13433.jpg	00657.jpg	shuffled	00657	00657
13434	13434	13434.jpg	06217.jpg	shuffled	06217	06217
13435	13435	13435.jpg	14678.jpg	shuffled	14678	14678
13436	13436	13436.jpg	17924.jpg	shuffled	17924	17924
13437	13437	13437.jpg	16642.jpg	shuffled	16642	16642
13438	13438	13438.jpg	13389.jpg	shuffled	13389	13389
13439	13439	13439.jpg	11769.jpg	shuffled	11769	11769
13440	13440	13440.jpg	01358.jpg	shuffled	01358	01358
13441	13441	13441.jpg	13351.jpg	shuffled	13351	13351
13442	13442	13442.jpg	17893.jpg	shuffled	17893	17893
13443	13443	13443.jpg	15799.jpg	shuffled	15799	15799
13444	13444	13444.jpg	00429.jpg	shuffled	00429	00429
13445	13445	13445.jpg	09996.jpg	shuffled	09996	09996
13446	13446	13446.jpg	10984.jpg	shuffled	10984	10984
13447	13447	13447.jpg	16731.jpg	shuffled	16731	16731
13448	13448	13448.jpg	10979.jpg	shuffled	10979	10979
13449	13449	13449.jpg	00854.jpg	shuffled	00854	00854
13450	13450	13450.jpg	14184.jpg	shuffled	14184	14184
13451	13451	13451.jpg	07254.jpg	shuffled	07254	07254
13452	13452	13452.jpg	01264.jpg	shuffled	01264	01264
13453	13453	13453.jpg	07466.jpg	shuffled	07466	07466
13454	13454	13454.jpg	09690.jpg	shuffled	09690	09690
13455	13455	13455.jpg	08903.jpg	shuffled	08903	08903
13456	13456	13456.jpg	08458.jpg	shuffled	08458	08458
13457	13457	13457.jpg	08007.jpg	shuffled	08007	08007
13458	13458	13458.jpg	00907.jpg	shuffled	00907	00907
13459	13459	13459.jpg	05222.jpg	shuffled	05222	05222
13460	13460	13460.jpg	16939.jpg	shuffled	16939	16939
13461	13461	13461.jpg	13385.jpg	shuffled	13385	13385
13462	13462	13462.jpg	04781.jpg	shuffled	04781	04781
13463	13463	13463.jpg	11419.jpg	shuffled	11419	11419
13464	13464	13464.jpg	16487.jpg	shuffled	16487	16487
13465	13465	13465.jpg	11336.jpg	shuffled	11336	11336
13466	13466	13466.jpg	12356.jpg	shuffled	12356	12356
13467	13467	13467.jpg	10547.jpg	shuffled	10547	10547
13468	13468	13468.jpg	00930.jpg	shuffled	00930	00930
13469	13469	13469.jpg	11240.jpg	shuffled	11240	11240
13470	13470	13470.jpg	04625.jpg	shuffled	04625	04625
13471	13471	13471.jpg	09900.jpg	shuffled	09900	09900
13472	13472	13472.jpg	15626.jpg	shuffled	15626	15626
13473	13473	13473.jpg	03760.jpg	shuffled	03760	03760
13474	13474	13474.jpg	15078.jpg	shuffled	15078	15078
13475	13475	13475.jpg	01145.jpg	shuffled	01145	01145
13476	13476	13476.jpg	00968.jpg	shuffled	00968	00968
13477	13477	13477.jpg	06628.jpg	shuffled	06628	06628
13478	13478	13478.jpg	07013.jpg	shuffled	07013	07013
13479	13479	13479.jpg	15690.jpg	shuffled	15690	15690
13480	13480	13480.jpg	01522.jpg	shuffled	01522	01522
13481	13481	13481.jpg	15219.jpg	shuffled	15219	15219
13482	13482	13482.jpg	01615.jpg	shuffled	01615	01615
13483	13483	13483.jpg	06134.jpg	shuffled	06134	06134
13484	13484	13484.jpg	13005.jpg	shuffled	13005	13005
13485	13485	13485.jpg	05779.jpg	shuffled	05779	05779
13486	13486	13486.jpg	10987.jpg	shuffled	10987	10987
13487	13487	13487.jpg	06709.jpg	shuffled	06709	06709
13488	13488	13488.jpg	07346.jpg	shuffled	07346	07346
13489	13489	13489.jpg	02581.jpg	shuffled	02581	02581
13490	13490	13490.jpg	10500.jpg	shuffled	10500	10500
13491	13491	13491.jpg	17615.jpg	shuffled	17615	17615
13492	13492	13492.jpg	16865.jpg	shuffled	16865	16865
13493	13493	13493.jpg	14157.jpg	shuffled	14157	14157
13494	13494	13494.jpg	17958.jpg	shuffled	17958	17958
13495	13495	13495.jpg	00802.jpg	shuffled	00802	00802
13496	13496	13496.jpg	15774.jpg	shuffled	15774	15774
13497	13497	13497.jpg	05871.jpg	shuffled	05871	05871
13498	13498	13498.jpg	13780.jpg	shuffled	13780	13780
13499	13499	13499.jpg	03305.jpg	shuffled	03305	03305
13500	13500	13500.jpg	00268.jpg	shuffled	00268	00268
13501	13501	13501.jpg	07286.jpg	shuffled	07286	07286
13502	13502	13502.jpg	16821.jpg	shuffled	16821	16821
13503	13503	13503.jpg	08378.jpg	shuffled	08378	08378
13504	13504	13504.jpg	02733.jpg	shuffled	02733	02733
13505	13505	13505.jpg	17769.jpg	shuffled	17769	17769
13506	13506	13506.jpg	16701.jpg	shuffled	16701	16701
13507	13507	13507.jpg	04645.jpg	shuffled	04645	04645
13508	13508	13508.jpg	06267.jpg	shuffled	06267	06267
13509	13509	13509.jpg	11430.jpg	shuffled	11430	11430
13510	13510	13510.jpg	05673.jpg	shuffled	05673	05673
13511	13511	13511.jpg	12764.jpg	shuffled	12764	12764
13512	13512	13512.jpg	14984.jpg	shuffled	14984	14984
13513	13513	13513.jpg	00132.jpg	shuffled	00132	00132
13514	13514	13514.jpg	03262.jpg	shuffled	03262	03262
13515	13515	13515.jpg	08282.jpg	shuffled	08282	08282
13516	13516	13516.jpg	07906.jpg	shuffled	07906	07906
13517	13517	13517.jpg	13411.jpg	shuffled	13411	13411
13518	13518	13518.jpg	03275.jpg	shuffled	03275	03275
13519	13519	13519.jpg	14203.jpg	shuffled	14203	14203
13520	13520	13520.jpg	05654.jpg	shuffled	05654	05654
13521	13521	13521.jpg	00164.jpg	shuffled	00164	00164
13522	13522	13522.jpg	03209.jpg	shuffled	03209	03209
13523	13523	13523.jpg	02230.jpg	shuffled	02230	02230
13524	13524	13524.jpg	09485.jpg	shuffled	09485	09485
13525	13525	13525.jpg	07429.jpg	shuffled	07429	07429
13526	13526	13526.jpg	01163.jpg	shuffled	01163	01163
13527	13527	13527.jpg	00238.jpg	shuffled	00238	00238
13528	13528	13528.jpg	14937.jpg	shuffled	14937	14937
13529	13529	13529.jpg	15827.jpg	shuffled	15827	15827
13530	13530	13530.jpg	05036.jpg	shuffled	05036	05036
13531	13531	13531.jpg	01538.jpg	shuffled	01538	01538
13532	13532	13532.jpg	14518.jpg	shuffled	14518	14518
13533	13533	13533.jpg	04048.jpg	shuffled	04048	04048
13534	13534	13534.jpg	13146.jpg	shuffled	13146	13146
13535	13535	13535.jpg	17120.jpg	shuffled	17120	17120
13536	13536	13536.jpg	03745.jpg	shuffled	03745	03745
13537	13537	13537.jpg	10525.jpg	shuffled	10525	10525
13538	13538	13538.jpg	04694.jpg	shuffled	04694	04694
13539	13539	13539.jpg	08067.jpg	shuffled	08067	08067
13540	13540	13540.jpg	02398.jpg	shuffled	02398	02398
13541	13541	13541.jpg	00099.jpg	shuffled	00099	00099
13542	13542	13542.jpg	15233.jpg	shuffled	15233	15233
13543	13543	13543.jpg	10894.jpg	shuffled	10894	10894
13544	13544	13544.jpg	03008.jpg	shuffled	03008	03008
13545	13545	13545.jpg	10015.jpg	shuffled	10015	10015
13546	13546	13546.jpg	08552.jpg	shuffled	08552	08552
13547	13547	13547.jpg	17186.jpg	shuffled	17186	17186
13548	13548	13548.jpg	16902.jpg	shuffled	16902	16902
13549	13549	13549.jpg	17697.jpg	shuffled	17697	17697
13550	13550	13550.jpg	01242.jpg	shuffled	01242	01242
13551	13551	13551.jpg	09350.jpg	shuffled	09350	09350
13552	13552	13552.jpg	03115.jpg	shuffled	03115	03115
13553	13553	13553.jpg	05553.jpg	shuffled	05553	05553
13554	13554	13554.jpg	08357.jpg	shuffled	08357	08357
13555	13555	13555.jpg	02905.jpg	shuffled	02905	02905
13556	13556	13556.jpg	11934.jpg	shuffled	11934	11934
13557	13557	13557.jpg	07752.jpg	shuffled	07752	07752
13558	13558	13558.jpg	05727.jpg	shuffled	05727	05727
13559	13559	13559.jpg	13953.jpg	shuffled	13953	13953
13560	13560	13560.jpg	04894.jpg	shuffled	04894	04894
13561	13561	13561.jpg	07511.jpg	shuffled	07511	07511
13562	13562	13562.jpg	06193.jpg	shuffled	06193	06193
13563	13563	13563.jpg	16141.jpg	shuffled	16141	16141
13564	13564	13564.jpg	01110.jpg	shuffled	01110	01110
13565	13565	13565.jpg	07643.jpg	shuffled	07643	07643
13566	13566	13566.jpg	12435.jpg	shuffled	12435	12435
13567	13567	13567.jpg	08398.jpg	shuffled	08398	08398
13568	13568	13568.jpg	12749.jpg	shuffled	12749	12749
13569	13569	13569.jpg	09946.jpg	shuffled	09946	09946
13570	13570	13570.jpg	05607.jpg	shuffled	05607	05607
13571	13571	13571.jpg	02395.jpg	shuffled	02395	02395
13572	13572	13572.jpg	01948.jpg	shuffled	01948	01948
13573	13573	13573.jpg	07140.jpg	shuffled	07140	07140
13574	13574	13574.jpg	01499.jpg	shuffled	01499	01499
13575	13575	13575.jpg	13954.jpg	shuffled	13954	13954
13576	13576	13576.jpg	09995.jpg	shuffled	09995	09995
13577	13577	13577.jpg	07271.jpg	shuffled	07271	07271
13578	13578	13578.jpg	06429.jpg	shuffled	06429	06429
13579	13579	13579.jpg	15564.jpg	shuffled	15564	15564
13580	13580	13580.jpg	03135.jpg	shuffled	03135	03135
13581	13581	13581.jpg	06678.jpg	shuffled	06678	06678
13582	13582	13582.jpg	17329.jpg	shuffled	17329	17329
13583	13583	13583.jpg	05067.jpg	shuffled	05067	05067
13584	13584	13584.jpg	16013.jpg	shuffled	16013	16013
13585	13585	13585.jpg	11688.jpg	shuffled	11688	11688
13586	13586	13586.jpg	13731.jpg	shuffled	13731	13731
13587	13587	13587.jpg	11968.jpg	shuffled	11968	11968
13588	13588	13588.jpg	07893.jpg	shuffled	07893	07893
13589	13589	13589.jpg	09929.jpg	shuffled	09929	09929
13590	13590	13590.jpg	09968.jpg	shuffled	09968	09968
13591	13591	13591.jpg	15599.jpg	shuffled	15599	15599
13592	13592	13592.jpg	14262.jpg	shuffled	14262	14262
13593	13593	13593.jpg	02194.jpg	shuffled	02194	02194
13594	13594	13594.jpg	10268.jpg	shuffled	10268	10268
13595	13595	13595.jpg	01451.jpg	shuffled	01451	01451
13596	13596	13596.jpg	17079.jpg	shuffled	17079	17079
13597	13597	13597.jpg	01758.jpg	shuffled	01758	01758
13598	13598	13598.jpg	04608.jpg	shuffled	04608	04608
13599	13599	13599.jpg	08186.jpg	shuffled	08186	08186
13600	13600	13600.jpg	15563.jpg	shuffled	15563	15563
13601	13601	13601.jpg	08743.jpg	shuffled	08743	08743
13602	13602	13602.jpg	10062.jpg	shuffled	10062	10062
13603	13603	13603.jpg	14649.jpg	shuffled	14649	14649
13604	13604	13604.jpg	15694.jpg	shuffled	15694	15694
13605	13605	13605.jpg	17972.jpg	shuffled	17972	17972
13606	13606	13606.jpg	04268.jpg	shuffled	04268	04268
13607	13607	13607.jpg	08571.jpg	shuffled	08571	08571
13608	13608	13608.jpg	17391.jpg	shuffled	17391	17391
13609	13609	13609.jpg	00078.jpg	shuffled	00078	00078
13610	13610	13610.jpg	08914.jpg	shuffled	08914	08914
13611	13611	13611.jpg	04379.jpg	shuffled	04379	04379
13612	13612	13612.jpg	11568.jpg	shuffled	11568	11568
13613	13613	13613.jpg	00063.jpg	shuffled	00063	00063
13614	13614	13614.jpg	09259.jpg	shuffled	09259	09259
13615	13615	13615.jpg	07130.jpg	shuffled	07130	07130
13616	13616	13616.jpg	13168.jpg	shuffled	13168	13168
13617	13617	13617.jpg	04366.jpg	shuffled	04366	04366
13618	13618	13618.jpg	00336.jpg	shuffled	00336	00336
13619	13619	13619.jpg	00960.jpg	shuffled	00960	00960
13620	13620	13620.jpg	12969.jpg	shuffled	12969	12969
13621	13621	13621.jpg	17020.jpg	shuffled	17020	17020
13622	13622	13622.jpg	15910.jpg	shuffled	15910	15910
13623	13623	13623.jpg	16163.jpg	shuffled	16163	16163
13624	13624	13624.jpg	00682.jpg	shuffled	00682	00682
13625	13625	13625.jpg	06875.jpg	shuffled	06875	06875
13626	13626	13626.jpg	03652.jpg	shuffled	03652	03652
13627	13627	13627.jpg	09805.jpg	shuffled	09805	09805
13628	13628	13628.jpg	10168.jpg	shuffled	10168	10168
13629	13629	13629.jpg	14554.jpg	shuffled	14554	14554
13630	13630	13630.jpg	02262.jpg	shuffled	02262	02262
13631	13631	13631.jpg	12375.jpg	shuffled	12375	12375
13632	13632	13632.jpg	05169.jpg	shuffled	05169	05169
13633	13633	13633.jpg	15282.jpg	shuffled	15282	15282
13634	13634	13634.jpg	01359.jpg	shuffled	01359	01359
13635	13635	13635.jpg	10714.jpg	shuffled	10714	10714
13636	13636	13636.jpg	11930.jpg	shuffled	11930	11930
13637	13637	13637.jpg	03022.jpg	shuffled	03022	03022
13638	13638	13638.jpg	15689.jpg	shuffled	15689	15689
13639	13639	13639.jpg	11417.jpg	shuffled	11417	11417
13640	13640	13640.jpg	15701.jpg	shuffled	15701	15701
13641	13641	13641.jpg	06717.jpg	shuffled	06717	06717
13642	13642	13642.jpg	16304.jpg	shuffled	16304	16304
13643	13643	13643.jpg	09524.jpg	shuffled	09524	09524
13644	13644	13644.jpg	02909.jpg	shuffled	02909	02909
13645	13645	13645.jpg	02675.jpg	shuffled	02675	02675
13646	13646	13646.jpg	01586.jpg	shuffled	01586	01586
13647	13647	13647.jpg	09719.jpg	shuffled	09719	09719
13648	13648	13648.jpg	02571.jpg	shuffled	02571	02571
13649	13649	13649.jpg	13018.jpg	shuffled	13018	13018
13650	13650	13650.jpg	05260.jpg	shuffled	05260	05260
13651	13651	13651.jpg	16452.jpg	shuffled	16452	16452
13652	13652	13652.jpg	07204.jpg	shuffled	07204	07204
13653	13653	13653.jpg	10792.jpg	shuffled	10792	10792
13654	13654	13654.jpg	08445.jpg	shuffled	08445	08445
13655	13655	13655.jpg	04017.jpg	shuffled	04017	04017
13656	13656	13656.jpg	14196.jpg	shuffled	14196	14196
13657	13657	13657.jpg	08814.jpg	shuffled	08814	08814
13658	13658	13658.jpg	15691.jpg	shuffled	15691	15691
13659	13659	13659.jpg	05392.jpg	shuffled	05392	05392
13660	13660	13660.jpg	00671.jpg	shuffled	00671	00671
13661	13661	13661.jpg	10036.jpg	shuffled	10036	10036
13662	13662	13662.jpg	00422.jpg	shuffled	00422	00422
13663	13663	13663.jpg	00281.jpg	shuffled	00281	00281
13664	13664	13664.jpg	03592.jpg	shuffled	03592	03592
13665	13665	13665.jpg	16969.jpg	shuffled	16969	16969
13666	13666	13666.jpg	01807.jpg	shuffled	01807	01807
13667	13667	13667.jpg	12998.jpg	shuffled	12998	12998
13668	13668	13668.jpg	17603.jpg	shuffled	17603	17603
13669	13669	13669.jpg	04189.jpg	shuffled	04189	04189
13670	13670	13670.jpg	17205.jpg	shuffled	17205	17205
13671	13671	13671.jpg	07980.jpg	shuffled	07980	07980
13672	13672	13672.jpg	08788.jpg	shuffled	08788	08788
13673	13673	13673.jpg	11484.jpg	shuffled	11484	11484
13674	13674	13674.jpg	14406.jpg	shuffled	14406	14406
13675	13675	13675.jpg	14942.jpg	shuffled	14942	14942
13676	13676	13676.jpg	17923.jpg	shuffled	17923	17923
13677	13677	13677.jpg	00306.jpg	shuffled	00306	00306
13678	13678	13678.jpg	00615.jpg	shuffled	00615	00615
13679	13679	13679.jpg	10201.jpg	shuffled	10201	10201
13680	13680	13680.jpg	05127.jpg	shuffled	05127	05127
13681	13681	13681.jpg	15271.jpg	shuffled	15271	15271
13682	13682	13682.jpg	02313.jpg	shuffled	02313	02313
13683	13683	13683.jpg	02550.jpg	shuffled	02550	02550
13684	13684	13684.jpg	17285.jpg	shuffled	17285	17285
13685	13685	13685.jpg	14083.jpg	shuffled	14083	14083
13686	13686	13686.jpg	01255.jpg	shuffled	01255	01255
13687	13687	13687.jpg	00032.jpg	shuffled	00032	00032
13688	13688	13688.jpg	15652.jpg	shuffled	15652	15652
13689	13689	13689.jpg	10504.jpg	shuffled	10504	10504
13690	13690	13690.jpg	14282.jpg	shuffled	14282	14282
13691	13691	13691.jpg	16240.jpg	shuffled	16240	16240
13692	13692	13692.jpg	07174.jpg	shuffled	07174	07174
13693	13693	13693.jpg	08167.jpg	shuffled	08167	08167
13694	13694	13694.jpg	13765.jpg	shuffled	13765	13765
13695	13695	13695.jpg	12384.jpg	shuffled	12384	12384
13696	13696	13696.jpg	15798.jpg	shuffled	15798	15798
13697	13697	13697.jpg	00832.jpg	shuffled	00832	00832
13698	13698	13698.jpg	09425.jpg	shuffled	09425	09425
13699	13699	13699.jpg	16516.jpg	shuffled	16516	16516
13700	13700	13700.jpg	11762.jpg	shuffled	11762	11762
13701	13701	13701.jpg	17641.jpg	shuffled	17641	17641
13702	13702	13702.jpg	07587.jpg	shuffled	07587	07587
13703	13703	13703.jpg	11112.jpg	shuffled	11112	11112
13704	13704	13704.jpg	11099.jpg	shuffled	11099	11099
13705	13705	13705.jpg	04950.jpg	shuffled	04950	04950
13706	13706	13706.jpg	02505.jpg	shuffled	02505	02505
13707	13707	13707.jpg	13013.jpg	shuffled	13013	13013
13708	13708	13708.jpg	12349.jpg	shuffled	12349	12349
13709	13709	13709.jpg	05451.jpg	shuffled	05451	05451
13710	13710	13710.jpg	00464.jpg	shuffled	00464	00464
13711	13711	13711.jpg	07549.jpg	shuffled	07549	07549
13712	13712	13712.jpg	00776.jpg	shuffled	00776	00776
13713	13713	13713.jpg	14641.jpg	shuffled	14641	14641
13714	13714	13714.jpg	16184.jpg	shuffled	16184	16184
13715	13715	13715.jpg	01151.jpg	shuffled	01151	01151
13716	13716	13716.jpg	03121.jpg	shuffled	03121	03121
13717	13717	13717.jpg	00181.jpg	shuffled	00181	00181
13718	13718	13718.jpg	12596.jpg	shuffled	12596	12596
13719	13719	13719.jpg	05905.jpg	shuffled	05905	05905
13720	13720	13720.jpg	11448.jpg	shuffled	11448	11448
13721	13721	13721.jpg	13917.jpg	shuffled	13917	13917
13722	13722	13722.jpg	00239.jpg	shuffled	00239	00239
13723	13723	13723.jpg	12541.jpg	shuffled	12541	12541
13724	13724	13724.jpg	06674.jpg	shuffled	06674	06674
13725	13725	13725.jpg	01560.jpg	shuffled	01560	01560
13726	13726	13726.jpg	05160.jpg	shuffled	05160	05160
13727	13727	13727.jpg	09792.jpg	shuffled	09792	09792
13728	13728	13728.jpg	17388.jpg	shuffled	17388	17388
13729	13729	13729.jpg	04898.jpg	shuffled	04898	04898
13730	13730	13730.jpg	01673.jpg	shuffled	01673	01673
13731	13731	13731.jpg	07832.jpg	shuffled	07832	07832
13732	13732	13732.jpg	15748.jpg	shuffled	15748	15748
13733	13733	13733.jpg	06017.jpg	shuffled	06017	06017
13734	13734	13734.jpg	09172.jpg	shuffled	09172	09172
13735	13735	13735.jpg	09047.jpg	shuffled	09047	09047
13736	13736	13736.jpg	17568.jpg	shuffled	17568	17568
13737	13737	13737.jpg	11814.jpg	shuffled	11814	11814
13738	13738	13738.jpg	07421.jpg	shuffled	07421	07421
13739	13739	13739.jpg	07847.jpg	shuffled	07847	07847
13740	13740	13740.jpg	03258.jpg	shuffled	03258	03258
13741	13741	13741.jpg	04212.jpg	shuffled	04212	04212
13742	13742	13742.jpg	01116.jpg	shuffled	01116	01116
13743	13743	13743.jpg	11230.jpg	shuffled	11230	11230
13744	13744	13744.jpg	17416.jpg	shuffled	17416	17416
13745	13745	13745.jpg	02176.jpg	shuffled	02176	02176
13746	13746	13746.jpg	14320.jpg	shuffled	14320	14320
13747	13747	13747.jpg	07249.jpg	shuffled	07249	07249
13748	13748	13748.jpg	02771.jpg	shuffled	02771	02771
13749	13749	13749.jpg	05138.jpg	shuffled	05138	05138
13750	13750	13750.jpg	08231.jpg	shuffled	08231	08231
13751	13751	13751.jpg	07351.jpg	shuffled	07351	07351
13752	13752	13752.jpg	01607.jpg	shuffled	01607	01607
13753	13753	13753.jpg	02015.jpg	shuffled	02015	02015
13754	13754	13754.jpg	06110.jpg	shuffled	06110	06110
13755	13755	13755.jpg	08433.jpg	shuffled	08433	08433
13756	13756	13756.jpg	13426.jpg	shuffled	13426	13426
13757	13757	13757.jpg	03848.jpg	shuffled	03848	03848
13758	13758	13758.jpg	00404.jpg	shuffled	00404	00404
13759	13759	13759.jpg	01194.jpg	shuffled	01194	01194
13760	13760	13760.jpg	08585.jpg	shuffled	08585	08585
13761	13761	13761.jpg	02032.jpg	shuffled	02032	02032
13762	13762	13762.jpg	14020.jpg	shuffled	14020	14020
13763	13763	13763.jpg	17903.jpg	shuffled	17903	17903
13764	13764	13764.jpg	06509.jpg	shuffled	06509	06509
13765	13765	13765.jpg	12812.jpg	shuffled	12812	12812
13766	13766	13766.jpg	02746.jpg	shuffled	02746	02746
13767	13767	13767.jpg	09602.jpg	shuffled	09602	09602
13768	13768	13768.jpg	16656.jpg	shuffled	16656	16656
13769	13769	13769.jpg	02935.jpg	shuffled	02935	02935
13770	13770	13770.jpg	16714.jpg	shuffled	16714	16714
13771	13771	13771.jpg	02046.jpg	shuffled	02046	02046
13772	13772	13772.jpg	08713.jpg	shuffled	08713	08713
13773	13773	13773.jpg	16359.jpg	shuffled	16359	16359
13774	13774	13774.jpg	03921.jpg	shuffled	03921	03921
13775	13775	13775.jpg	06838.jpg	shuffled	06838	06838
13776	13776	13776.jpg	08724.jpg	shuffled	08724	08724
13777	13777	13777.jpg	04732.jpg	shuffled	04732	04732
13778	13778	13778.jpg	10269.jpg	shuffled	10269	10269
13779	13779	13779.jpg	09965.jpg	shuffled	09965	09965
13780	13780	13780.jpg	10060.jpg	shuffled	10060	10060
13781	13781	13781.jpg	00558.jpg	shuffled	00558	00558
13782	13782	13782.jpg	00551.jpg	shuffled	00551	00551
13783	13783	13783.jpg	00600.jpg	shuffled	00600	00600
13784	13784	13784.jpg	07052.jpg	shuffled	07052	07052
13785	13785	13785.jpg	08910.jpg	shuffled	08910	08910
13786	13786	13786.jpg	02619.jpg	shuffled	02619	02619
13787	13787	13787.jpg	03644.jpg	shuffled	03644	03644
13788	13788	13788.jpg	14429.jpg	shuffled	14429	14429
13789	13789	13789.jpg	05360.jpg	shuffled	05360	05360
13790	13790	13790.jpg	16370.jpg	shuffled	16370	16370
13791	13791	13791.jpg	13287.jpg	shuffled	13287	13287
13792	13792	13792.jpg	16045.jpg	shuffled	16045	16045
13793	13793	13793.jpg	03142.jpg	shuffled	03142	03142
13794	13794	13794.jpg	13043.jpg	shuffled	13043	13043
13795	13795	13795.jpg	09543.jpg	shuffled	09543	09543
13796	13796	13796.jpg	04333.jpg	shuffled	04333	04333
13797	13797	13797.jpg	12810.jpg	shuffled	12810	12810
13798	13798	13798.jpg	16265.jpg	shuffled	16265	16265
13799	13799	13799.jpg	12663.jpg	shuffled	12663	12663
13800	13800	13800.jpg	11059.jpg	shuffled	11059	11059
13801	13801	13801.jpg	09241.jpg	shuffled	09241	09241
13802	13802	13802.jpg	14035.jpg	shuffled	14035	14035
13803	13803	13803.jpg	06044.jpg	shuffled	06044	06044
13804	13804	13804.jpg	07350.jpg	shuffled	07350	07350
13805	13805	13805.jpg	10700.jpg	shuffled	10700	10700
13806	13806	13806.jpg	04597.jpg	shuffled	04597	04597
13807	13807	13807.jpg	11150.jpg	shuffled	11150	11150
13808	13808	13808.jpg	15688.jpg	shuffled	15688	15688
13809	13809	13809.jpg	11938.jpg	shuffled	11938	11938
13810	13810	13810.jpg	11612.jpg	shuffled	11612	11612
13811	13811	13811.jpg	10279.jpg	shuffled	10279	10279
13812	13812	13812.jpg	11630.jpg	shuffled	11630	11630
13813	13813	13813.jpg	12272.jpg	shuffled	12272	12272
13814	13814	13814.jpg	09911.jpg	shuffled	09911	09911
13815	13815	13815.jpg	06143.jpg	shuffled	06143	06143
13816	13816	13816.jpg	12779.jpg	shuffled	12779	12779
13817	13817	13817.jpg	00475.jpg	shuffled	00475	00475
13818	13818	13818.jpg	00079.jpg	shuffled	00079	00079
13819	13819	13819.jpg	00438.jpg	shuffled	00438	00438
13820	13820	13820.jpg	04787.jpg	shuffled	04787	04787
13821	13821	13821.jpg	11999.jpg	shuffled	11999	11999
13822	13822	13822.jpg	02265.jpg	shuffled	02265	02265
13823	13823	13823.jpg	10408.jpg	shuffled	10408	10408
13824	13824	13824.jpg	13207.jpg	shuffled	13207	13207
13825	13825	13825.jpg	14553.jpg	shuffled	14553	14553
13826	13826	13826.jpg	07195.jpg	shuffled	07195	07195
13827	13827	13827.jpg	02036.jpg	shuffled	02036	02036
13828	13828	13828.jpg	13968.jpg	shuffled	13968	13968
13829	13829	13829.jpg	13002.jpg	shuffled	13002	13002
13830	13830	13830.jpg	02388.jpg	shuffled	02388	02388
13831	13831	13831.jpg	07975.jpg	shuffled	07975	07975
13832	13832	13832.jpg	14799.jpg	shuffled	14799	14799
13833	13833	13833.jpg	02844.jpg	shuffled	02844	02844
13834	13834	13834.jpg	06423.jpg	shuffled	06423	06423
13835	13835	13835.jpg	11105.jpg	shuffled	11105	11105
13836	13836	13836.jpg	09390.jpg	shuffled	09390	09390
13837	13837	13837.jpg	01270.jpg	shuffled	01270	01270
13838	13838	13838.jpg	08836.jpg	shuffled	08836	08836
13839	13839	13839.jpg	08454.jpg	shuffled	08454	08454
13840	13840	13840.jpg	04286.jpg	shuffled	04286	04286
13841	13841	13841.jpg	17607.jpg	shuffled	17607	17607
13842	13842	13842.jpg	01122.jpg	shuffled	01122	01122
13843	13843	13843.jpg	13902.jpg	shuffled	13902	13902
13844	13844	13844.jpg	15906.jpg	shuffled	15906	15906
13845	13845	13845.jpg	02149.jpg	shuffled	02149	02149
13846	13846	13846.jpg	06094.jpg	shuffled	06094	06094
13847	13847	13847.jpg	11404.jpg	shuffled	11404	11404
13848	13848	13848.jpg	05556.jpg	shuffled	05556	05556
13849	13849	13849.jpg	11724.jpg	shuffled	11724	11724
13850	13850	13850.jpg	00986.jpg	shuffled	00986	00986
13851	13851	13851.jpg	08777.jpg	shuffled	08777	08777
13852	13852	13852.jpg	05981.jpg	shuffled	05981	05981
13853	13853	13853.jpg	10381.jpg	shuffled	10381	10381
13854	13854	13854.jpg	12292.jpg	shuffled	12292	12292
13855	13855	13855.jpg	13786.jpg	shuffled	13786	13786
13856	13856	13856.jpg	07323.jpg	shuffled	07323	07323
13857	13857	13857.jpg	16290.jpg	shuffled	16290	16290
13858	13858	13858.jpg	11029.jpg	shuffled	11029	11029
13859	13859	13859.jpg	06059.jpg	shuffled	06059	06059
13860	13860	13860.jpg	11608.jpg	shuffled	11608	11608
13861	13861	13861.jpg	05902.jpg	shuffled	05902	05902
13862	13862	13862.jpg	12324.jpg	shuffled	12324	12324
13863	13863	13863.jpg	06012.jpg	shuffled	06012	06012
13864	13864	13864.jpg	03229.jpg	shuffled	03229	03229
13865	13865	13865.jpg	14951.jpg	shuffled	14951	14951
13866	13866	13866.jpg	09093.jpg	shuffled	09093	09093
13867	13867	13867.jpg	07849.jpg	shuffled	07849	07849
13868	13868	13868.jpg	14953.jpg	shuffled	14953	14953
13869	13869	13869.jpg	10202.jpg	shuffled	10202	10202
13870	13870	13870.jpg	17902.jpg	shuffled	17902	17902
13871	13871	13871.jpg	12847.jpg	shuffled	12847	12847
13872	13872	13872.jpg	02115.jpg	shuffled	02115	02115
13873	13873	13873.jpg	07406.jpg	shuffled	07406	07406
13874	13874	13874.jpg	00206.jpg	shuffled	00206	00206
13875	13875	13875.jpg	00725.jpg	shuffled	00725	00725
13876	13876	13876.jpg	05833.jpg	shuffled	05833	05833
13877	13877	13877.jpg	15908.jpg	shuffled	15908	15908
13878	13878	13878.jpg	09847.jpg	shuffled	09847	09847
13879	13879	13879.jpg	16576.jpg	shuffled	16576	16576
13880	13880	13880.jpg	11333.jpg	shuffled	11333	11333
13881	13881	13881.jpg	03631.jpg	shuffled	03631	03631
13882	13882	13882.jpg	03325.jpg	shuffled	03325	03325
13883	13883	13883.jpg	04432.jpg	shuffled	04432	04432
13884	13884	13884.jpg	17083.jpg	shuffled	17083	17083
13885	13885	13885.jpg	07647.jpg	shuffled	07647	07647
13886	13886	13886.jpg	15678.jpg	shuffled	15678	15678
13887	13887	13887.jpg	10321.jpg	shuffled	10321	10321
13888	13888	13888.jpg	12468.jpg	shuffled	12468	12468
13889	13889	13889.jpg	00297.jpg	shuffled	00297	00297
13890	13890	13890.jpg	07472.jpg	shuffled	07472	07472
13891	13891	13891.jpg	12796.jpg	shuffled	12796	12796
13892	13892	13892.jpg	01266.jpg	shuffled	01266	01266
13893	13893	13893.jpg	06243.jpg	shuffled	06243	06243
13894	13894	13894.jpg	07910.jpg	shuffled	07910	07910
13895	13895	13895.jpg	03683.jpg	shuffled	03683	03683
13896	13896	13896.jpg	00195.jpg	shuffled	00195	00195
13897	13897	13897.jpg	03919.jpg	shuffled	03919	03919
13898	13898	13898.jpg	03005.jpg	shuffled	03005	03005
13899	13899	13899.jpg	16356.jpg	shuffled	16356	16356
13900	13900	13900.jpg	02407.jpg	shuffled	02407	02407
13901	13901	13901.jpg	16382.jpg	shuffled	16382	16382
13902	13902	13902.jpg	07077.jpg	shuffled	07077	07077
13903	13903	13903.jpg	05737.jpg	shuffled	05737	05737
13904	13904	13904.jpg	03586.jpg	shuffled	03586	03586
13905	13905	13905.jpg	04923.jpg	shuffled	04923	04923
13906	13906	13906.jpg	08064.jpg	shuffled	08064	08064
13907	13907	13907.jpg	02933.jpg	shuffled	02933	02933
13908	13908	13908.jpg	04812.jpg	shuffled	04812	04812
13909	13909	13909.jpg	12149.jpg	shuffled	12149	12149
13910	13910	13910.jpg	08652.jpg	shuffled	08652	08652
13911	13911	13911.jpg	07577.jpg	shuffled	07577	07577
13912	13912	13912.jpg	04368.jpg	shuffled	04368	04368
13913	13913	13913.jpg	16836.jpg	shuffled	16836	16836
13914	13914	13914.jpg	09928.jpg	shuffled	09928	09928
13915	13915	13915.jpg	03193.jpg	shuffled	03193	03193
13916	13916	13916.jpg	07285.jpg	shuffled	07285	07285
13917	13917	13917.jpg	11257.jpg	shuffled	11257	11257
13918	13918	13918.jpg	02861.jpg	shuffled	02861	02861
13919	13919	13919.jpg	10156.jpg	shuffled	10156	10156
13920	13920	13920.jpg	15987.jpg	shuffled	15987	15987
13921	13921	13921.jpg	10836.jpg	shuffled	10836	10836
13922	13922	13922.jpg	05722.jpg	shuffled	05722	05722
13923	13923	13923.jpg	08957.jpg	shuffled	08957	08957
13924	13924	13924.jpg	17909.jpg	shuffled	17909	17909
13925	13925	13925.jpg	13430.jpg	shuffled	13430	13430
13926	13926	13926.jpg	05658.jpg	shuffled	05658	05658
13927	13927	13927.jpg	01416.jpg	shuffled	01416	01416
13928	13928	13928.jpg	04108.jpg	shuffled	04108	04108
13929	13929	13929.jpg	03250.jpg	shuffled	03250	03250
13930	13930	13930.jpg	04759.jpg	shuffled	04759	04759
13931	13931	13931.jpg	14847.jpg	shuffled	14847	14847
13932	13932	13932.jpg	17394.jpg	shuffled	17394	17394
13933	13933	13933.jpg	10779.jpg	shuffled	10779	10779
13934	13934	13934.jpg	00373.jpg	shuffled	00373	00373
13935	13935	13935.jpg	10051.jpg	shuffled	10051	10051
13936	13936	13936.jpg	14614.jpg	shuffled	14614	14614
13937	13937	13937.jpg	03869.jpg	shuffled	03869	03869
13938	13938	13938.jpg	02959.jpg	shuffled	02959	02959
13939	13939	13939.jpg	02051.jpg	shuffled	02051	02051
13940	13940	13940.jpg	11506.jpg	shuffled	11506	11506
13941	13941	13941.jpg	01348.jpg	shuffled	01348	01348
13942	13942	13942.jpg	12092.jpg	shuffled	12092	12092
13943	13943	13943.jpg	14751.jpg	shuffled	14751	14751
13944	13944	13944.jpg	10449.jpg	shuffled	10449	10449
13945	13945	13945.jpg	12316.jpg	shuffled	12316	12316
13946	13946	13946.jpg	12652.jpg	shuffled	12652	12652
13947	13947	13947.jpg	08200.jpg	shuffled	08200	08200
13948	13948	13948.jpg	02213.jpg	shuffled	02213	02213
13949	13949	13949.jpg	14360.jpg	shuffled	14360	14360
13950	13950	13950.jpg	07716.jpg	shuffled	07716	07716
13951	13951	13951.jpg	11451.jpg	shuffled	11451	11451
13952	13952	13952.jpg	03333.jpg	shuffled	03333	03333
13953	13953	13953.jpg	16383.jpg	shuffled	16383	16383
13954	13954	13954.jpg	15063.jpg	shuffled	15063	15063
13955	13955	13955.jpg	01096.jpg	shuffled	01096	01096
13956	13956	13956.jpg	03875.jpg	shuffled	03875	03875
13957	13957	13957.jpg	06706.jpg	shuffled	06706	06706
13958	13958	13958.jpg	05115.jpg	shuffled	05115	05115
13959	13959	13959.jpg	09122.jpg	shuffled	09122	09122
13960	13960	13960.jpg	17039.jpg	shuffled	17039	17039
13961	13961	13961.jpg	06018.jpg	shuffled	06018	06018
13962	13962	13962.jpg	10972.jpg	shuffled	10972	10972
13963	13963	13963.jpg	08259.jpg	shuffled	08259	08259
13964	13964	13964.jpg	12380.jpg	shuffled	12380	12380
13965	13965	13965.jpg	17775.jpg	shuffled	17775	17775
13966	13966	13966.jpg	13552.jpg	shuffled	13552	13552
13967	13967	13967.jpg	16976.jpg	shuffled	16976	16976
13968	13968	13968.jpg	14331.jpg	shuffled	14331	14331
13969	13969	13969.jpg	05603.jpg	shuffled	05603	05603
13970	13970	13970.jpg	12809.jpg	shuffled	12809	12809
13971	13971	13971.jpg	12311.jpg	shuffled	12311	12311
13972	13972	13972.jpg	05301.jpg	shuffled	05301	05301
13973	13973	13973.jpg	17160.jpg	shuffled	17160	17160
13974	13974	13974.jpg	13903.jpg	shuffled	13903	13903
13975	13975	13975.jpg	02907.jpg	shuffled	02907	02907
13976	13976	13976.jpg	01161.jpg	shuffled	01161	01161
13977	13977	13977.jpg	11825.jpg	shuffled	11825	11825
13978	13978	13978.jpg	05016.jpg	shuffled	05016	05016
13979	13979	13979.jpg	14475.jpg	shuffled	14475	14475
13980	13980	13980.jpg	14841.jpg	shuffled	14841	14841
13981	13981	13981.jpg	11194.jpg	shuffled	11194	11194
13982	13982	13982.jpg	02504.jpg	shuffled	02504	02504
13983	13983	13983.jpg	12607.jpg	shuffled	12607	12607
13984	13984	13984.jpg	15165.jpg	shuffled	15165	15165
13985	13985	13985.jpg	15522.jpg	shuffled	15522	15522
13986	13986	13986.jpg	15242.jpg	shuffled	15242	15242
13987	13987	13987.jpg	03435.jpg	shuffled	03435	03435
13988	13988	13988.jpg	10968.jpg	shuffled	10968	10968
13989	13989	13989.jpg	01974.jpg	shuffled	01974	01974
13990	13990	13990.jpg	00904.jpg	shuffled	00904	00904
13991	13991	13991.jpg	15245.jpg	shuffled	15245	15245
13992	13992	13992.jpg	04000.jpg	shuffled	04000	04000
13993	13993	13993.jpg	16835.jpg	shuffled	16835	16835
13994	13994	13994.jpg	07462.jpg	shuffled	07462	07462
13995	13995	13995.jpg	10641.jpg	shuffled	10641	10641
13996	13996	13996.jpg	02524.jpg	shuffled	02524	02524
13997	13997	13997.jpg	08710.jpg	shuffled	08710	08710
13998	13998	13998.jpg	01844.jpg	shuffled	01844	01844
13999	13999	13999.jpg	11755.jpg	shuffled	11755	11755
14000	14000	14000.jpg	06384.jpg	shuffled	06384	06384
14001	14001	14001.jpg	07581.jpg	shuffled	07581	07581
14002	14002	14002.jpg	14274.jpg	shuffled	14274	14274
14003	14003	14003.jpg	16582.jpg	shuffled	16582	16582
14004	14004	14004.jpg	00826.jpg	shuffled	00826	00826
14005	14005	14005.jpg	14589.jpg	shuffled	14589	14589
14006	14006	14006.jpg	05958.jpg	shuffled	05958	05958
14007	14007	14007.jpg	16395.jpg	shuffled	16395	16395
14008	14008	14008.jpg	11860.jpg	shuffled	11860	11860
14009	14009	14009.jpg	08059.jpg	shuffled	08059	08059
14010	14010	14010.jpg	03478.jpg	shuffled	03478	03478
14011	14011	14011.jpg	09452.jpg	shuffled	09452	09452
14012	14012	14012.jpg	01290.jpg	shuffled	01290	01290
14013	14013	14013.jpg	02413.jpg	shuffled	02413	02413
14014	14014	14014.jpg	04072.jpg	shuffled	04072	04072
14015	14015	14015.jpg	16502.jpg	shuffled	16502	16502
14016	14016	14016.jpg	09873.jpg	shuffled	09873	09873
14017	14017	14017.jpg	00107.jpg	shuffled	00107	00107
14018	14018	14018.jpg	07679.jpg	shuffled	07679	07679
14019	14019	14019.jpg	11917.jpg	shuffled	11917	11917
14020	14020	14020.jpg	15996.jpg	shuffled	15996	15996
14021	14021	14021.jpg	11356.jpg	shuffled	11356	11356
14022	14022	14022.jpg	01468.jpg	shuffled	01468	01468
14023	14023	14023.jpg	13086.jpg	shuffled	13086	13086
14024	14024	14024.jpg	09731.jpg	shuffled	09731	09731
14025	14025	14025.jpg	17656.jpg	shuffled	17656	17656
14026	14026	14026.jpg	04351.jpg	shuffled	04351	04351
14027	14027	14027.jpg	15199.jpg	shuffled	15199	15199
14028	14028	14028.jpg	09051.jpg	shuffled	09051	09051
14029	14029	14029.jpg	15444.jpg	shuffled	15444	15444
14030	14030	14030.jpg	10807.jpg	shuffled	10807	10807
14031	14031	14031.jpg	17370.jpg	shuffled	17370	17370
14032	14032	14032.jpg	08712.jpg	shuffled	08712	08712
14033	14033	14033.jpg	00222.jpg	shuffled	00222	00222
14034	14034	14034.jpg	10363.jpg	shuffled	10363	10363
14035	14035	14035.jpg	12171.jpg	shuffled	12171	12171
14036	14036	14036.jpg	12834.jpg	shuffled	12834	12834
14037	14037	14037.jpg	08299.jpg	shuffled	08299	08299
14038	14038	14038.jpg	03066.jpg	shuffled	03066	03066
14039	14039	14039.jpg	16687.jpg	shuffled	16687	16687
14040	14040	14040.jpg	15014.jpg	shuffled	15014	15014
14041	14041	14041.jpg	14897.jpg	shuffled	14897	14897
14042	14042	14042.jpg	16852.jpg	shuffled	16852	16852
14043	14043	14043.jpg	01691.jpg	shuffled	01691	01691
14044	14044	14044.jpg	16409.jpg	shuffled	16409	16409
14045	14045	14045.jpg	14869.jpg	shuffled	14869	14869
14046	14046	14046.jpg	15670.jpg	shuffled	15670	15670
14047	14047	14047.jpg	09809.jpg	shuffled	09809	09809
14048	14048	14048.jpg	02502.jpg	shuffled	02502	02502
14049	14049	14049.jpg	06828.jpg	shuffled	06828	06828
14050	14050	14050.jpg	00856.jpg	shuffled	00856	00856
14051	14051	14051.jpg	16529.jpg	shuffled	16529	16529
14052	14052	14052.jpg	09737.jpg	shuffled	09737	09737
14053	14053	14053.jpg	11278.jpg	shuffled	11278	11278
14054	14054	14054.jpg	05525.jpg	shuffled	05525	05525
14055	14055	14055.jpg	00059.jpg	shuffled	00059	00059
14056	14056	14056.jpg	09140.jpg	shuffled	09140	09140
14057	14057	14057.jpg	17760.jpg	shuffled	17760	17760
14058	14058	14058.jpg	14099.jpg	shuffled	14099	14099
14059	14059	14059.jpg	13899.jpg	shuffled	13899	13899
14060	14060	14060.jpg	08988.jpg	shuffled	08988	08988
14061	14061	14061.jpg	11461.jpg	shuffled	11461	11461
14062	14062	14062.jpg	07619.jpg	shuffled	07619	07619
14063	14063	14063.jpg	04036.jpg	shuffled	04036	04036
14064	14064	14064.jpg	11083.jpg	shuffled	11083	11083
14065	14065	14065.jpg	15507.jpg	shuffled	15507	15507
14066	14066	14066.jpg	04446.jpg	shuffled	04446	04446
14067	14067	14067.jpg	02472.jpg	shuffled	02472	02472
14068	14068	14068.jpg	03512.jpg	shuffled	03512	03512
14069	14069	14069.jpg	11101.jpg	shuffled	11101	11101
14070	14070	14070.jpg	03027.jpg	shuffled	03027	03027
14071	14071	14071.jpg	04969.jpg	shuffled	04969	04969
14072	14072	14072.jpg	10794.jpg	shuffled	10794	10794
14073	14073	14073.jpg	11650.jpg	shuffled	11650	11650
14074	14074	14074.jpg	14884.jpg	shuffled	14884	14884
14075	14075	14075.jpg	14571.jpg	shuffled	14571	14571
14076	14076	14076.jpg	06719.jpg	shuffled	06719	06719
14077	14077	14077.jpg	06723.jpg	shuffled	06723	06723
14078	14078	14078.jpg	03713.jpg	shuffled	03713	03713
14079	14079	14079.jpg	17361.jpg	shuffled	17361	17361
14080	14080	14080.jpg	16520.jpg	shuffled	16520	16520
14081	14081	14081.jpg	06037.jpg	shuffled	06037	06037
14082	14082	14082.jpg	00939.jpg	shuffled	00939	00939
14083	14083	14083.jpg	00042.jpg	shuffled	00042	00042
14084	14084	14084.jpg	08707.jpg	shuffled	08707	08707
14085	14085	14085.jpg	12376.jpg	shuffled	12376	12376
14086	14086	14086.jpg	08425.jpg	shuffled	08425	08425
14087	14087	14087.jpg	11380.jpg	shuffled	11380	11380
14088	14088	14088.jpg	11398.jpg	shuffled	11398	11398
14089	14089	14089.jpg	08519.jpg	shuffled	08519	08519
14090	14090	14090.jpg	09042.jpg	shuffled	09042	09042
14091	14091	14091.jpg	14047.jpg	shuffled	14047	14047
14092	14092	14092.jpg	03499.jpg	shuffled	03499	03499
14093	14093	14093.jpg	13126.jpg	shuffled	13126	13126
14094	14094	14094.jpg	04966.jpg	shuffled	04966	04966
14095	14095	14095.jpg	11948.jpg	shuffled	11948	11948
14096	14096	14096.jpg	15711.jpg	shuffled	15711	15711
14097	14097	14097.jpg	07046.jpg	shuffled	07046	07046
14098	14098	14098.jpg	15882.jpg	shuffled	15882	15882
14099	14099	14099.jpg	07717.jpg	shuffled	07717	07717
14100	14100	14100.jpg	17716.jpg	shuffled	17716	17716
14101	14101	14101.jpg	06878.jpg	shuffled	06878	06878
14102	14102	14102.jpg	02751.jpg	shuffled	02751	02751
14103	14103	14103.jpg	04481.jpg	shuffled	04481	04481
14104	14104	14104.jpg	17229.jpg	shuffled	17229	17229
14105	14105	14105.jpg	17273.jpg	shuffled	17273	17273
14106	14106	14106.jpg	03518.jpg	shuffled	03518	03518
14107	14107	14107.jpg	16837.jpg	shuffled	16837	16837
14108	14108	14108.jpg	14766.jpg	shuffled	14766	14766
14109	14109	14109.jpg	01133.jpg	shuffled	01133	01133
14110	14110	14110.jpg	11062.jpg	shuffled	11062	11062
14111	14111	14111.jpg	02346.jpg	shuffled	02346	02346
14112	14112	14112.jpg	04128.jpg	shuffled	04128	04128
14113	14113	14113.jpg	09674.jpg	shuffled	09674	09674
14114	14114	14114.jpg	06074.jpg	shuffled	06074	06074
14115	14115	14115.jpg	10976.jpg	shuffled	10976	10976
14116	14116	14116.jpg	08503.jpg	shuffled	08503	08503
14117	14117	14117.jpg	08804.jpg	shuffled	08804	08804
14118	14118	14118.jpg	11130.jpg	shuffled	11130	11130
14119	14119	14119.jpg	07586.jpg	shuffled	07586	07586
14120	14120	14120.jpg	03626.jpg	shuffled	03626	03626
14121	14121	14121.jpg	16729.jpg	shuffled	16729	16729
14122	14122	14122.jpg	04859.jpg	shuffled	04859	04859
14123	14123	14123.jpg	02108.jpg	shuffled	02108	02108
14124	14124	14124.jpg	09395.jpg	shuffled	09395	09395
14125	14125	14125.jpg	17065.jpg	shuffled	17065	17065
14126	14126	14126.jpg	10336.jpg	shuffled	10336	10336
14127	14127	14127.jpg	17428.jpg	shuffled	17428	17428
14128	14128	14128.jpg	00087.jpg	shuffled	00087	00087
14129	14129	14129.jpg	03814.jpg	shuffled	03814	03814
14130	14130	14130.jpg	01907.jpg	shuffled	01907	01907
14131	14131	14131.jpg	01818.jpg	shuffled	01818	01818
14132	14132	14132.jpg	00204.jpg	shuffled	00204	00204
14133	14133	14133.jpg	15174.jpg	shuffled	15174	15174
14134	14134	14134.jpg	01845.jpg	shuffled	01845	01845
14135	14135	14135.jpg	01001.jpg	shuffled	01001	01001
14136	14136	14136.jpg	14968.jpg	shuffled	14968	14968
14137	14137	14137.jpg	13425.jpg	shuffled	13425	13425
14138	14138	14138.jpg	13763.jpg	shuffled	13763	13763
14139	14139	14139.jpg	16897.jpg	shuffled	16897	16897
14140	14140	14140.jpg	05124.jpg	shuffled	05124	05124
14141	14141	14141.jpg	10848.jpg	shuffled	10848	10848
14142	14142	14142.jpg	05362.jpg	shuffled	05362	05362
14143	14143	14143.jpg	12044.jpg	shuffled	12044	12044
14144	14144	14144.jpg	09362.jpg	shuffled	09362	09362
14145	14145	14145.jpg	07790.jpg	shuffled	07790	07790
14146	14146	14146.jpg	10881.jpg	shuffled	10881	10881
14147	14147	14147.jpg	07082.jpg	shuffled	07082	07082
14148	14148	14148.jpg	11153.jpg	shuffled	11153	11153
14149	14149	14149.jpg	09335.jpg	shuffled	09335	09335
14150	14150	14150.jpg	00093.jpg	shuffled	00093	00093
14151	14151	14151.jpg	12958.jpg	shuffled	12958	12958
14152	14152	14152.jpg	12716.jpg	shuffled	12716	12716
14153	14153	14153.jpg	06910.jpg	shuffled	06910	06910
14154	14154	14154.jpg	11718.jpg	shuffled	11718	11718
14155	14155	14155.jpg	10825.jpg	shuffled	10825	10825
14156	14156	14156.jpg	04065.jpg	shuffled	04065	04065
14157	14157	14157.jpg	10028.jpg	shuffled	10028	10028
14158	14158	14158.jpg	05890.jpg	shuffled	05890	05890
14159	14159	14159.jpg	11599.jpg	shuffled	11599	11599
14160	14160	14160.jpg	09880.jpg	shuffled	09880	09880
14161	14161	14161.jpg	17481.jpg	shuffled	17481	17481
14162	14162	14162.jpg	10294.jpg	shuffled	10294	10294
14163	14163	14163.jpg	03336.jpg	shuffled	03336	03336
14164	14164	14164.jpg	05165.jpg	shuffled	05165	05165
14165	14165	14165.jpg	09665.jpg	shuffled	09665	09665
14166	14166	14166.jpg	08924.jpg	shuffled	08924	08924
14167	14167	14167.jpg	15967.jpg	shuffled	15967	15967
14168	14168	14168.jpg	01909.jpg	shuffled	01909	01909
14169	14169	14169.jpg	02876.jpg	shuffled	02876	02876
14170	14170	14170.jpg	13777.jpg	shuffled	13777	13777
14171	14171	14171.jpg	02030.jpg	shuffled	02030	02030
14172	14172	14172.jpg	12401.jpg	shuffled	12401	12401
14173	14173	14173.jpg	08376.jpg	shuffled	08376	08376
14174	14174	14174.jpg	01067.jpg	shuffled	01067	01067
14175	14175	14175.jpg	13248.jpg	shuffled	13248	13248
14176	14176	14176.jpg	10467.jpg	shuffled	10467	10467
14177	14177	14177.jpg	08384.jpg	shuffled	08384	08384
14178	14178	14178.jpg	15513.jpg	shuffled	15513	15513
14179	14179	14179.jpg	09116.jpg	shuffled	09116	09116
14180	14180	14180.jpg	02797.jpg	shuffled	02797	02797
14181	14181	14181.jpg	00070.jpg	shuffled	00070	00070
14182	14182	14182.jpg	13393.jpg	shuffled	13393	13393
14183	14183	14183.jpg	11296.jpg	shuffled	11296	11296
14184	14184	14184.jpg	00919.jpg	shuffled	00919	00919
14185	14185	14185.jpg	05847.jpg	shuffled	05847	05847
14186	14186	14186.jpg	13528.jpg	shuffled	13528	13528
14187	14187	14187.jpg	01459.jpg	shuffled	01459	01459
14188	14188	14188.jpg	10845.jpg	shuffled	10845	10845
14189	14189	14189.jpg	16933.jpg	shuffled	16933	16933
14190	14190	14190.jpg	11647.jpg	shuffled	11647	11647
14191	14191	14191.jpg	15743.jpg	shuffled	15743	15743
14192	14192	14192.jpg	16616.jpg	shuffled	16616	16616
14193	14193	14193.jpg	08886.jpg	shuffled	08886	08886
14194	14194	14194.jpg	15776.jpg	shuffled	15776	15776
14195	14195	14195.jpg	12566.jpg	shuffled	12566	12566
14196	14196	14196.jpg	16622.jpg	shuffled	16622	16622
14197	14197	14197.jpg	11616.jpg	shuffled	11616	11616
14198	14198	14198.jpg	07601.jpg	shuffled	07601	07601
14199	14199	14199.jpg	06009.jpg	shuffled	06009	06009
14200	14200	14200.jpg	13897.jpg	shuffled	13897	13897
14201	14201	14201.jpg	10116.jpg	shuffled	10116	10116
14202	14202	14202.jpg	13673.jpg	shuffled	13673	13673
14203	14203	14203.jpg	06158.jpg	shuffled	06158	06158
14204	14204	14204.jpg	17794.jpg	shuffled	17794	17794
14205	14205	14205.jpg	11163.jpg	shuffled	11163	11163
14206	14206	14206.jpg	11581.jpg	shuffled	11581	11581
14207	14207	14207.jpg	04911.jpg	shuffled	04911	04911
14208	14208	14208.jpg	08143.jpg	shuffled	08143	08143
14209	14209	14209.jpg	05299.jpg	shuffled	05299	05299
14210	14210	14210.jpg	08230.jpg	shuffled	08230	08230
14211	14211	14211.jpg	14680.jpg	shuffled	14680	14680
14212	14212	14212.jpg	01977.jpg	shuffled	01977	01977
14213	14213	14213.jpg	11026.jpg	shuffled	11026	11026
14214	14214	14214.jpg	15208.jpg	shuffled	15208	15208
14215	14215	14215.jpg	04647.jpg	shuffled	04647	04647
14216	14216	14216.jpg	04861.jpg	shuffled	04861	04861
14217	14217	14217.jpg	00537.jpg	shuffled	00537	00537
14218	14218	14218.jpg	14947.jpg	shuffled	14947	14947
14219	14219	14219.jpg	10172.jpg	shuffled	10172	10172
14220	14220	14220.jpg	02321.jpg	shuffled	02321	02321
14221	14221	14221.jpg	02466.jpg	shuffled	02466	02466
14222	14222	14222.jpg	11793.jpg	shuffled	11793	11793
14223	14223	14223.jpg	13467.jpg	shuffled	13467	13467
14224	14224	14224.jpg	06690.jpg	shuffled	06690	06690
14225	14225	14225.jpg	05578.jpg	shuffled	05578	05578
14226	14226	14226.jpg	14121.jpg	shuffled	14121	14121
14227	14227	14227.jpg	10847.jpg	shuffled	10847	10847
14228	14228	14228.jpg	16208.jpg	shuffled	16208	16208
14229	14229	14229.jpg	01483.jpg	shuffled	01483	01483
14230	14230	14230.jpg	00646.jpg	shuffled	00646	00646
14231	14231	14231.jpg	05431.jpg	shuffled	05431	05431
14232	14232	14232.jpg	04257.jpg	shuffled	04257	04257
14233	14233	14233.jpg	16708.jpg	shuffled	16708	16708
14234	14234	14234.jpg	04979.jpg	shuffled	04979	04979
14235	14235	14235.jpg	01104.jpg	shuffled	01104	01104
14236	14236	14236.jpg	05384.jpg	shuffled	05384	05384
14237	14237	14237.jpg	12873.jpg	shuffled	12873	12873
14238	14238	14238.jpg	03623.jpg	shuffled	03623	03623
14239	14239	14239.jpg	12952.jpg	shuffled	12952	12952
14240	14240	14240.jpg	05118.jpg	shuffled	05118	05118
14241	14241	14241.jpg	12696.jpg	shuffled	12696	12696
14242	14242	14242.jpg	14390.jpg	shuffled	14390	14390
14243	14243	14243.jpg	12488.jpg	shuffled	12488	12488
14244	14244	14244.jpg	00834.jpg	shuffled	00834	00834
14245	14245	14245.jpg	05820.jpg	shuffled	05820	05820
14246	14246	14246.jpg	13190.jpg	shuffled	13190	13190
14247	14247	14247.jpg	03550.jpg	shuffled	03550	03550
14248	14248	14248.jpg	08392.jpg	shuffled	08392	08392
14249	14249	14249.jpg	06420.jpg	shuffled	06420	06420
14250	14250	14250.jpg	03207.jpg	shuffled	03207	03207
14251	14251	14251.jpg	11564.jpg	shuffled	11564	11564
14252	14252	14252.jpg	14777.jpg	shuffled	14777	14777
14253	14253	14253.jpg	02685.jpg	shuffled	02685	02685
14254	14254	14254.jpg	12555.jpg	shuffled	12555	12555
14255	14255	14255.jpg	02565.jpg	shuffled	02565	02565
14256	14256	14256.jpg	05970.jpg	shuffled	05970	05970
14257	14257	14257.jpg	00451.jpg	shuffled	00451	00451
14258	14258	14258.jpg	06345.jpg	shuffled	06345	06345
14259	14259	14259.jpg	13712.jpg	shuffled	13712	13712
14260	14260	14260.jpg	06736.jpg	shuffled	06736	06736
14261	14261	14261.jpg	12776.jpg	shuffled	12776	12776
14262	14262	14262.jpg	00746.jpg	shuffled	00746	00746
14263	14263	14263.jpg	05927.jpg	shuffled	05927	05927
14264	14264	14264.jpg	11598.jpg	shuffled	11598	11598
14265	14265	14265.jpg	02480.jpg	shuffled	02480	02480
14266	14266	14266.jpg	13183.jpg	shuffled	13183	13183
14267	14267	14267.jpg	13061.jpg	shuffled	13061	13061
14268	14268	14268.jpg	12463.jpg	shuffled	12463	12463
14269	14269	14269.jpg	09119.jpg	shuffled	09119	09119
14270	14270	14270.jpg	06827.jpg	shuffled	06827	06827
14271	14271	14271.jpg	02513.jpg	shuffled	02513	02513
14272	14272	14272.jpg	17569.jpg	shuffled	17569	17569
14273	14273	14273.jpg	06588.jpg	shuffled	06588	06588
14274	14274	14274.jpg	15747.jpg	shuffled	15747	15747
14275	14275	14275.jpg	17168.jpg	shuffled	17168	17168
14276	14276	14276.jpg	02506.jpg	shuffled	02506	02506
14277	14277	14277.jpg	10649.jpg	shuffled	10649	10649
14278	14278	14278.jpg	17807.jpg	shuffled	17807	17807
14279	14279	14279.jpg	11532.jpg	shuffled	11532	11532
14280	14280	14280.jpg	17680.jpg	shuffled	17680	17680
14281	14281	14281.jpg	07955.jpg	shuffled	07955	07955
14282	14282	14282.jpg	05872.jpg	shuffled	05872	05872
14283	14283	14283.jpg	11569.jpg	shuffled	11569	11569
14284	14284	14284.jpg	11454.jpg	shuffled	11454	11454
14285	14285	14285.jpg	14987.jpg	shuffled	14987	14987
14286	14286	14286.jpg	04764.jpg	shuffled	04764	04764
14287	14287	14287.jpg	15019.jpg	shuffled	15019	15019
14288	14288	14288.jpg	09187.jpg	shuffled	09187	09187
14289	14289	14289.jpg	08330.jpg	shuffled	08330	08330
14290	14290	14290.jpg	08747.jpg	shuffled	08747	08747
14291	14291	14291.jpg	17606.jpg	shuffled	17606	17606
14292	14292	14292.jpg	10241.jpg	shuffled	10241	10241
14293	14293	14293.jpg	14994.jpg	shuffled	14994	14994
14294	14294	14294.jpg	03904.jpg	shuffled	03904	03904
14295	14295	14295.jpg	00514.jpg	shuffled	00514	00514
14296	14296	14296.jpg	08633.jpg	shuffled	08633	08633
14297	14297	14297.jpg	04173.jpg	shuffled	04173	04173
14298	14298	14298.jpg	05440.jpg	shuffled	05440	05440
14299	14299	14299.jpg	01665.jpg	shuffled	01665	01665
14300	14300	14300.jpg	04191.jpg	shuffled	04191	04191
14301	14301	14301.jpg	09998.jpg	shuffled	09998	09998
14302	14302	14302.jpg	08668.jpg	shuffled	08668	08668
14303	14303	14303.jpg	00468.jpg	shuffled	00468	00468
14304	14304	14304.jpg	13352.jpg	shuffled	13352	13352
14305	14305	14305.jpg	02858.jpg	shuffled	02858	02858
14306	14306	14306.jpg	02278.jpg	shuffled	02278	02278
14307	14307	14307.jpg	09673.jpg	shuffled	09673	09673
14308	14308	14308.jpg	16872.jpg	shuffled	16872	16872
14309	14309	14309.jpg	07568.jpg	shuffled	07568	07568
14310	14310	14310.jpg	07502.jpg	shuffled	07502	07502
14311	14311	14311.jpg	02929.jpg	shuffled	02929	02929
14312	14312	14312.jpg	17173.jpg	shuffled	17173	17173
14313	14313	14313.jpg	03663.jpg	shuffled	03663	03663
14314	14314	14314.jpg	12901.jpg	shuffled	12901	12901
14315	14315	14315.jpg	15192.jpg	shuffled	15192	15192
14316	14316	14316.jpg	04957.jpg	shuffled	04957	04957
14317	14317	14317.jpg	00106.jpg	shuffled	00106	00106
14318	14318	14318.jpg	14939.jpg	shuffled	14939	14939
14319	14319	14319.jpg	07905.jpg	shuffled	07905	07905
14320	14320	14320.jpg	12976.jpg	shuffled	12976	12976
14321	14321	14321.jpg	15203.jpg	shuffled	15203	15203
14322	14322	14322.jpg	15674.jpg	shuffled	15674	15674
14323	14323	14323.jpg	16807.jpg	shuffled	16807	16807
14324	14324	14324.jpg	16068.jpg	shuffled	16068	16068
14325	14325	14325.jpg	08198.jpg	shuffled	08198	08198
14326	14326	14326.jpg	12003.jpg	shuffled	12003	12003
14327	14327	14327.jpg	11641.jpg	shuffled	11641	11641
14328	14328	14328.jpg	14173.jpg	shuffled	14173	14173
14329	14329	14329.jpg	05500.jpg	shuffled	05500	05500
14330	14330	14330.jpg	07856.jpg	shuffled	07856	07856
14331	14331	14331.jpg	07509.jpg	shuffled	07509	07509
14332	14332	14332.jpg	03771.jpg	shuffled	03771	03771
14333	14333	14333.jpg	07405.jpg	shuffled	07405	07405
14334	14334	14334.jpg	08243.jpg	shuffled	08243	08243
14335	14335	14335.jpg	00984.jpg	shuffled	00984	00984
14336	14336	14336.jpg	08733.jpg	shuffled	08733	08733
14337	14337	14337.jpg	05443.jpg	shuffled	05443	05443
14338	14338	14338.jpg	17031.jpg	shuffled	17031	17031
14339	14339	14339.jpg	16968.jpg	shuffled	16968	16968
14340	14340	14340.jpg	16799.jpg	shuffled	16799	16799
14341	14341	14341.jpg	17068.jpg	shuffled	17068	17068
14342	14342	14342.jpg	02258.jpg	shuffled	02258	02258
14343	14343	14343.jpg	05955.jpg	shuffled	05955	05955
14344	14344	14344.jpg	09894.jpg	shuffled	09894	09894
14345	14345	14345.jpg	10879.jpg	shuffled	10879	10879
14346	14346	14346.jpg	00882.jpg	shuffled	00882	00882
14347	14347	14347.jpg	13873.jpg	shuffled	13873	13873
14348	14348	14348.jpg	00731.jpg	shuffled	00731	00731
14349	14349	14349.jpg	03508.jpg	shuffled	03508	03508
14350	14350	14350.jpg	10613.jpg	shuffled	10613	10613
14351	14351	14351.jpg	04068.jpg	shuffled	04068	04068
14352	14352	14352.jpg	04073.jpg	shuffled	04073	04073
14353	14353	14353.jpg	15184.jpg	shuffled	15184	15184
14354	14354	14354.jpg	08783.jpg	shuffled	08783	08783
14355	14355	14355.jpg	13890.jpg	shuffled	13890	13890
14356	14356	14356.jpg	02831.jpg	shuffled	02831	02831
14357	14357	14357.jpg	15898.jpg	shuffled	15898	15898
14358	14358	14358.jpg	02112.jpg	shuffled	02112	02112
14359	14359	14359.jpg	00840.jpg	shuffled	00840	00840
14360	14360	14360.jpg	05719.jpg	shuffled	05719	05719
14361	14361	14361.jpg	07501.jpg	shuffled	07501	07501
14362	14362	14362.jpg	03272.jpg	shuffled	03272	03272
14363	14363	14363.jpg	08263.jpg	shuffled	08263	08263
14364	14364	14364.jpg	06189.jpg	shuffled	06189	06189
14365	14365	14365.jpg	00791.jpg	shuffled	00791	00791
14366	14366	14366.jpg	01027.jpg	shuffled	01027	01027
14367	14367	14367.jpg	03531.jpg	shuffled	03531	03531
14368	14368	14368.jpg	03888.jpg	shuffled	03888	03888
14369	14369	14369.jpg	14477.jpg	shuffled	14477	14477
14370	14370	14370.jpg	02165.jpg	shuffled	02165	02165
14371	14371	14371.jpg	13008.jpg	shuffled	13008	13008
14372	14372	14372.jpg	16173.jpg	shuffled	16173	16173
14373	14373	14373.jpg	10118.jpg	shuffled	10118	10118
14374	14374	14374.jpg	10134.jpg	shuffled	10134	10134
14375	14375	14375.jpg	16469.jpg	shuffled	16469	16469
14376	14376	14376.jpg	05091.jpg	shuffled	05091	05091
14377	14377	14377.jpg	01153.jpg	shuffled	01153	01153
14378	14378	14378.jpg	15456.jpg	shuffled	15456	15456
14379	14379	14379.jpg	05583.jpg	shuffled	05583	05583
14380	14380	14380.jpg	17278.jpg	shuffled	17278	17278
14381	14381	14381.jpg	06927.jpg	shuffled	06927	06927
14382	14382	14382.jpg	13664.jpg	shuffled	13664	13664
14383	14383	14383.jpg	15342.jpg	shuffled	15342	15342
14384	14384	14384.jpg	11072.jpg	shuffled	11072	11072
14385	14385	14385.jpg	04620.jpg	shuffled	04620	04620
14386	14386	14386.jpg	08883.jpg	shuffled	08883	08883
14387	14387	14387.jpg	00456.jpg	shuffled	00456	00456
14388	14388	14388.jpg	15813.jpg	shuffled	15813	15813
14389	14389	14389.jpg	14207.jpg	shuffled	14207	14207
14390	14390	14390.jpg	02473.jpg	shuffled	02473	02473
14391	14391	14391.jpg	17279.jpg	shuffled	17279	17279
14392	14392	14392.jpg	10437.jpg	shuffled	10437	10437
14393	14393	14393.jpg	07085.jpg	shuffled	07085	07085
14394	14394	14394.jpg	05002.jpg	shuffled	05002	05002
14395	14395	14395.jpg	01155.jpg	shuffled	01155	01155
14396	14396	14396.jpg	07579.jpg	shuffled	07579	07579
14397	14397	14397.jpg	07269.jpg	shuffled	07269	07269
14398	14398	14398.jpg	06714.jpg	shuffled	06714	06714
14399	14399	14399.jpg	02696.jpg	shuffled	02696	02696
14400	14400	14400.jpg	14161.jpg	shuffled	14161	14161
14401	14401	14401.jpg	07168.jpg	shuffled	07168	07168
14402	14402	14402.jpg	04820.jpg	shuffled	04820	04820
14403	14403	14403.jpg	16744.jpg	shuffled	16744	16744
14404	14404	14404.jpg	08275.jpg	shuffled	08275	08275
14405	14405	14405.jpg	07555.jpg	shuffled	07555	07555
14406	14406	14406.jpg	00496.jpg	shuffled	00496	00496
14407	14407	14407.jpg	17316.jpg	shuffled	17316	17316
14408	14408	14408.jpg	07386.jpg	shuffled	07386	07386
14409	14409	14409.jpg	08327.jpg	shuffled	08327	08327
14410	14410	14410.jpg	16806.jpg	shuffled	16806	16806
14411	14411	14411.jpg	13599.jpg	shuffled	13599	13599
14412	14412	14412.jpg	00578.jpg	shuffled	00578	00578
14413	14413	14413.jpg	02549.jpg	shuffled	02549	02549
14414	14414	14414.jpg	03968.jpg	shuffled	03968	03968
14415	14415	14415.jpg	06150.jpg	shuffled	06150	06150
14416	14416	14416.jpg	05744.jpg	shuffled	05744	05744
14417	14417	14417.jpg	03984.jpg	shuffled	03984	03984
14418	14418	14418.jpg	03775.jpg	shuffled	03775	03775
14419	14419	14419.jpg	03703.jpg	shuffled	03703	03703
14420	14420	14420.jpg	07222.jpg	shuffled	07222	07222
14421	14421	14421.jpg	16463.jpg	shuffled	16463	16463
14422	14422	14422.jpg	07276.jpg	shuffled	07276	07276
14423	14423	14423.jpg	03738.jpg	shuffled	03738	03738
14424	14424	14424.jpg	15735.jpg	shuffled	15735	15735
14425	14425	14425.jpg	09808.jpg	shuffled	09808	09808
14426	14426	14426.jpg	09581.jpg	shuffled	09581	09581
14427	14427	14427.jpg	11485.jpg	shuffled	11485	11485
14428	14428	14428.jpg	02551.jpg	shuffled	02551	02551
14429	14429	14429.jpg	17873.jpg	shuffled	17873	17873
14430	14430	14430.jpg	10148.jpg	shuffled	10148	10148
14431	14431	14431.jpg	08734.jpg	shuffled	08734	08734
14432	14432	14432.jpg	10774.jpg	shuffled	10774	10774
14433	14433	14433.jpg	07354.jpg	shuffled	07354	07354
14434	14434	14434.jpg	04784.jpg	shuffled	04784	04784
14435	14435	14435.jpg	00331.jpg	shuffled	00331	00331
14436	14436	14436.jpg	09940.jpg	shuffled	09940	09940
14437	14437	14437.jpg	17339.jpg	shuffled	17339	17339
14438	14438	14438.jpg	04691.jpg	shuffled	04691	04691
14439	14439	14439.jpg	06501.jpg	shuffled	06501	06501
14440	14440	14440.jpg	03692.jpg	shuffled	03692	03692
14441	14441	14441.jpg	13433.jpg	shuffled	13433	13433
14442	14442	14442.jpg	02834.jpg	shuffled	02834	02834
14443	14443	14443.jpg	00582.jpg	shuffled	00582	00582
14444	14444	14444.jpg	14683.jpg	shuffled	14683	14683
14445	14445	14445.jpg	05244.jpg	shuffled	05244	05244
14446	14446	14446.jpg	01655.jpg	shuffled	01655	01655
14447	14447	14447.jpg	01523.jpg	shuffled	01523	01523
14448	14448	14448.jpg	02534.jpg	shuffled	02534	02534
14449	14449	14449.jpg	13357.jpg	shuffled	13357	13357
14450	14450	14450.jpg	16971.jpg	shuffled	16971	16971
14451	14451	14451.jpg	02422.jpg	shuffled	02422	02422
14452	14452	14452.jpg	14980.jpg	shuffled	14980	14980
14453	14453	14453.jpg	12661.jpg	shuffled	12661	12661
14454	14454	14454.jpg	13041.jpg	shuffled	13041	13041
14455	14455	14455.jpg	05778.jpg	shuffled	05778	05778
14456	14456	14456.jpg	01437.jpg	shuffled	01437	01437
14457	14457	14457.jpg	01311.jpg	shuffled	01311	01311
14458	14458	14458.jpg	00405.jpg	shuffled	00405	00405
14459	14459	14459.jpg	12844.jpg	shuffled	12844	12844
14460	14460	14460.jpg	03860.jpg	shuffled	03860	03860
14461	14461	14461.jpg	09797.jpg	shuffled	09797	09797
14462	14462	14462.jpg	01128.jpg	shuffled	01128	01128
14463	14463	14463.jpg	16116.jpg	shuffled	16116	16116
14464	14464	14464.jpg	09468.jpg	shuffled	09468	09468
14465	14465	14465.jpg	11193.jpg	shuffled	11193	11193
14466	14466	14466.jpg	15230.jpg	shuffled	15230	15230
14467	14467	14467.jpg	12707.jpg	shuffled	12707	12707
14468	14468	14468.jpg	17119.jpg	shuffled	17119	17119
14469	14469	14469.jpg	00767.jpg	shuffled	00767	00767
14470	14470	14470.jpg	09112.jpg	shuffled	09112	09112
14471	14471	14471.jpg	03720.jpg	shuffled	03720	03720
14472	14472	14472.jpg	12141.jpg	shuffled	12141	12141
14473	14473	14473.jpg	01299.jpg	shuffled	01299	01299
14474	14474	14474.jpg	01967.jpg	shuffled	01967	01967
14475	14475	14475.jpg	12816.jpg	shuffled	12816	12816
14476	14476	14476.jpg	01235.jpg	shuffled	01235	01235
14477	14477	14477.jpg	02255.jpg	shuffled	02255	02255
14478	14478	14478.jpg	10149.jpg	shuffled	10149	10149
14479	14479	14479.jpg	16336.jpg	shuffled	16336	16336
14480	14480	14480.jpg	16157.jpg	shuffled	16157	16157
14481	14481	14481.jpg	08446.jpg	shuffled	08446	08446
14482	14482	14482.jpg	09828.jpg	shuffled	09828	09828
14483	14483	14483.jpg	11459.jpg	shuffled	11459	11459
14484	14484	14484.jpg	13913.jpg	shuffled	13913	13913
14485	14485	14485.jpg	03949.jpg	shuffled	03949	03949
14486	14486	14486.jpg	02591.jpg	shuffled	02591	02591
14487	14487	14487.jpg	00833.jpg	shuffled	00833	00833
14488	14488	14488.jpg	14381.jpg	shuffled	14381	14381
14489	14489	14489.jpg	00156.jpg	shuffled	00156	00156
14490	14490	14490.jpg	07616.jpg	shuffled	07616	07616
14491	14491	14491.jpg	00412.jpg	shuffled	00412	00412
14492	14492	14492.jpg	07015.jpg	shuffled	07015	07015
14493	14493	14493.jpg	10821.jpg	shuffled	10821	10821
14494	14494	14494.jpg	01545.jpg	shuffled	01545	01545
14495	14495	14495.jpg	04544.jpg	shuffled	04544	04544
14496	14496	14496.jpg	16987.jpg	shuffled	16987	16987
14497	14497	14497.jpg	01168.jpg	shuffled	01168	01168
14498	14498	14498.jpg	02568.jpg	shuffled	02568	02568
14499	14499	14499.jpg	08401.jpg	shuffled	08401	08401
14500	14500	14500.jpg	12218.jpg	shuffled	12218	12218
14501	14501	14501.jpg	15286.jpg	shuffled	15286	15286
14502	14502	14502.jpg	00935.jpg	shuffled	00935	00935
14503	14503	14503.jpg	12721.jpg	shuffled	12721	12721
14504	14504	14504.jpg	10082.jpg	shuffled	10082	10082
14505	14505	14505.jpg	12143.jpg	shuffled	12143	12143
14506	14506	14506.jpg	12002.jpg	shuffled	12002	12002
14507	14507	14507.jpg	03339.jpg	shuffled	03339	03339
14508	14508	14508.jpg	15157.jpg	shuffled	15157	15157
14509	14509	14509.jpg	12820.jpg	shuffled	12820	12820
14510	14510	14510.jpg	12774.jpg	shuffled	12774	12774
14511	14511	14511.jpg	08916.jpg	shuffled	08916	08916
14512	14512	14512.jpg	06154.jpg	shuffled	06154	06154
14513	14513	14513.jpg	02602.jpg	shuffled	02602	02602
14514	14514	14514.jpg	10715.jpg	shuffled	10715	10715
14515	14515	14515.jpg	00424.jpg	shuffled	00424	00424
14516	14516	14516.jpg	16842.jpg	shuffled	16842	16842
14517	14517	14517.jpg	01889.jpg	shuffled	01889	01889
14518	14518	14518.jpg	04698.jpg	shuffled	04698	04698
14519	14519	14519.jpg	03991.jpg	shuffled	03991	03991
14520	14520	14520.jpg	12903.jpg	shuffled	12903	12903
14521	14521	14521.jpg	13942.jpg	shuffled	13942	13942
14522	14522	14522.jpg	05303.jpg	shuffled	05303	05303
14523	14523	14523.jpg	15895.jpg	shuffled	15895	15895
14524	14524	14524.jpg	01589.jpg	shuffled	01589	01589
14525	14525	14525.jpg	08695.jpg	shuffled	08695	08695
14526	14526	14526.jpg	12624.jpg	shuffled	12624	12624
14527	14527	14527.jpg	13722.jpg	shuffled	13722	13722
14528	14528	14528.jpg	11648.jpg	shuffled	11648	11648
14529	14529	14529.jpg	05344.jpg	shuffled	05344	05344
14530	14530	14530.jpg	15530.jpg	shuffled	15530	15530
14531	14531	14531.jpg	02802.jpg	shuffled	02802	02802
14532	14532	14532.jpg	16874.jpg	shuffled	16874	16874
14533	14533	14533.jpg	14155.jpg	shuffled	14155	14155
14534	14534	14534.jpg	11236.jpg	shuffled	11236	11236
14535	14535	14535.jpg	12060.jpg	shuffled	12060	12060
14536	14536	14536.jpg	05150.jpg	shuffled	05150	05150
14537	14537	14537.jpg	10545.jpg	shuffled	10545	10545
14538	14538	14538.jpg	08504.jpg	shuffled	08504	08504
14539	14539	14539.jpg	16378.jpg	shuffled	16378	16378
14540	14540	14540.jpg	05167.jpg	shuffled	05167	05167
14541	14541	14541.jpg	16026.jpg	shuffled	16026	16026
14542	14542	14542.jpg	02119.jpg	shuffled	02119	02119
14543	14543	14543.jpg	13939.jpg	shuffled	13939	13939
14544	14544	14544.jpg	04204.jpg	shuffled	04204	04204
14545	14545	14545.jpg	04860.jpg	shuffled	04860	04860
14546	14546	14546.jpg	01275.jpg	shuffled	01275	01275
14547	14547	14547.jpg	15089.jpg	shuffled	15089	15089
14548	14548	14548.jpg	15330.jpg	shuffled	15330	15330
14549	14549	14549.jpg	10542.jpg	shuffled	10542	10542
14550	14550	14550.jpg	00862.jpg	shuffled	00862	00862
14551	14551	14551.jpg	07691.jpg	shuffled	07691	07691
14552	14552	14552.jpg	01446.jpg	shuffled	01446	01446
14553	14553	14553.jpg	11620.jpg	shuffled	11620	11620
14554	14554	14554.jpg	09896.jpg	shuffled	09896	09896
14555	14555	14555.jpg	07400.jpg	shuffled	07400	07400
14556	14556	14556.jpg	14364.jpg	shuffled	14364	14364
14557	14557	14557.jpg	17572.jpg	shuffled	17572	17572
14558	14558	14558.jpg	15426.jpg	shuffled	15426	15426
14559	14559	14559.jpg	12436.jpg	shuffled	12436	12436
14560	14560	14560.jpg	05259.jpg	shuffled	05259	05259
14561	14561	14561.jpg	16241.jpg	shuffled	16241	16241
14562	14562	14562.jpg	10772.jpg	shuffled	10772	10772
14563	14563	14563.jpg	13856.jpg	shuffled	13856	13856
14564	14564	14564.jpg	13769.jpg	shuffled	13769	13769
14565	14565	14565.jpg	15429.jpg	shuffled	15429	15429
14566	14566	14566.jpg	02544.jpg	shuffled	02544	02544
14567	14567	14567.jpg	05286.jpg	shuffled	05286	05286
14568	14568	14568.jpg	03381.jpg	shuffled	03381	03381
14569	14569	14569.jpg	06129.jpg	shuffled	06129	06129
14570	14570	14570.jpg	02588.jpg	shuffled	02588	02588
14571	14571	14571.jpg	03891.jpg	shuffled	03891	03891
14572	14572	14572.jpg	11390.jpg	shuffled	11390	11390
14573	14573	14573.jpg	09296.jpg	shuffled	09296	09296
14574	14574	14574.jpg	16096.jpg	shuffled	16096	16096
14575	14575	14575.jpg	15269.jpg	shuffled	15269	15269
14576	14576	14576.jpg	11089.jpg	shuffled	11089	11089
14577	14577	14577.jpg	06175.jpg	shuffled	06175	06175
14578	14578	14578.jpg	11003.jpg	shuffled	11003	11003
14579	14579	14579.jpg	17127.jpg	shuffled	17127	17127
14580	14580	14580.jpg	07820.jpg	shuffled	07820	07820
14581	14581	14581.jpg	09087.jpg	shuffled	09087	09087
14582	14582	14582.jpg	08240.jpg	shuffled	08240	08240
14583	14583	14583.jpg	09712.jpg	shuffled	09712	09712
14584	14584	14584.jpg	11316.jpg	shuffled	11316	11316
14585	14585	14585.jpg	10791.jpg	shuffled	10791	10791
14586	14586	14586.jpg	06411.jpg	shuffled	06411	06411
14587	14587	14587.jpg	07598.jpg	shuffled	07598	07598
14588	14588	14588.jpg	05220.jpg	shuffled	05220	05220
14589	14589	14589.jpg	12641.jpg	shuffled	12641	12641
14590	14590	14590.jpg	01735.jpg	shuffled	01735	01735
14591	14591	14591.jpg	17558.jpg	shuffled	17558	17558
14592	14592	14592.jpg	06978.jpg	shuffled	06978	06978
14593	14593	14593.jpg	15254.jpg	shuffled	15254	15254
14594	14594	14594.jpg	13847.jpg	shuffled	13847	13847
14595	14595	14595.jpg	11865.jpg	shuffled	11865	11865
14596	14596	14596.jpg	10114.jpg	shuffled	10114	10114
14597	14597	14597.jpg	15783.jpg	shuffled	15783	15783
14598	14598	14598.jpg	03002.jpg	shuffled	03002	03002
14599	14599	14599.jpg	16759.jpg	shuffled	16759	16759
14600	14600	14600.jpg	09279.jpg	shuffled	09279	09279
14601	14601	14601.jpg	05044.jpg	shuffled	05044	05044
14602	14602	14602.jpg	01090.jpg	shuffled	01090	01090
14603	14603	14603.jpg	03260.jpg	shuffled	03260	03260
14604	14604	14604.jpg	00879.jpg	shuffled	00879	00879
14605	14605	14605.jpg	05707.jpg	shuffled	05707	05707
14606	14606	14606.jpg	17248.jpg	shuffled	17248	17248
14607	14607	14607.jpg	09326.jpg	shuffled	09326	09326
14608	14608	14608.jpg	08389.jpg	shuffled	08389	08389
14609	14609	14609.jpg	03615.jpg	shuffled	03615	03615
14610	14610	14610.jpg	01619.jpg	shuffled	01619	01619
14611	14611	14611.jpg	16803.jpg	shuffled	16803	16803
14612	14612	14612.jpg	01940.jpg	shuffled	01940	01940
14613	14613	14613.jpg	07632.jpg	shuffled	07632	07632
14614	14614	14614.jpg	15390.jpg	shuffled	15390	15390
14615	14615	14615.jpg	17151.jpg	shuffled	17151	17151
14616	14616	14616.jpg	12142.jpg	shuffled	12142	12142
14617	14617	14617.jpg	01650.jpg	shuffled	01650	01650
14618	14618	14618.jpg	08027.jpg	shuffled	08027	08027
14619	14619	14619.jpg	11008.jpg	shuffled	11008	11008
14620	14620	14620.jpg	00071.jpg	shuffled	00071	00071
14621	14621	14621.jpg	12512.jpg	shuffled	12512	12512
14622	14622	14622.jpg	03619.jpg	shuffled	03619	03619
14623	14623	14623.jpg	16918.jpg	shuffled	16918	16918
14624	14624	14624.jpg	12008.jpg	shuffled	12008	12008
14625	14625	14625.jpg	04247.jpg	shuffled	04247	04247
14626	14626	14626.jpg	14519.jpg	shuffled	14519	14519
14627	14627	14627.jpg	11513.jpg	shuffled	11513	11513
14628	14628	14628.jpg	08663.jpg	shuffled	08663	08663
14629	14629	14629.jpg	15909.jpg	shuffled	15909	15909
14630	14630	14630.jpg	04555.jpg	shuffled	04555	04555
14631	14631	14631.jpg	04808.jpg	shuffled	04808	04808
14632	14632	14632.jpg	01559.jpg	shuffled	01559	01559
14633	14633	14633.jpg	06808.jpg	shuffled	06808	06808
14634	14634	14634.jpg	17197.jpg	shuffled	17197	17197
14635	14635	14635.jpg	01324.jpg	shuffled	01324	01324
14636	14636	14636.jpg	17510.jpg	shuffled	17510	17510
14637	14637	14637.jpg	10025.jpg	shuffled	10025	10025
14638	14638	14638.jpg	12957.jpg	shuffled	12957	12957
14639	14639	14639.jpg	16674.jpg	shuffled	16674	16674
14640	14640	14640.jpg	08051.jpg	shuffled	08051	08051
14641	14641	14641.jpg	17143.jpg	shuffled	17143	17143
14642	14642	14642.jpg	13535.jpg	shuffled	13535	13535
14643	14643	14643.jpg	07489.jpg	shuffled	07489	07489
14644	14644	14644.jpg	13815.jpg	shuffled	13815	13815
14645	14645	14645.jpg	07322.jpg	shuffled	07322	07322
14646	14646	14646.jpg	14580.jpg	shuffled	14580	14580
14647	14647	14647.jpg	17224.jpg	shuffled	17224	17224
14648	14648	14648.jpg	03228.jpg	shuffled	03228	03228
14649	14649	14649.jpg	10759.jpg	shuffled	10759	10759
14650	14650	14650.jpg	08502.jpg	shuffled	08502	08502
14651	14651	14651.jpg	07713.jpg	shuffled	07713	07713
14652	14652	14652.jpg	01524.jpg	shuffled	01524	01524
14653	14653	14653.jpg	01226.jpg	shuffled	01226	01226
14654	14654	14654.jpg	15907.jpg	shuffled	15907	15907
14655	14655	14655.jpg	13108.jpg	shuffled	13108	13108
14656	14656	14656.jpg	02569.jpg	shuffled	02569	02569
14657	14657	14657.jpg	10628.jpg	shuffled	10628	10628
14658	14658	14658.jpg	15978.jpg	shuffled	15978	15978
14659	14659	14659.jpg	17911.jpg	shuffled	17911	17911
14660	14660	14660.jpg	16909.jpg	shuffled	16909	16909
14661	14661	14661.jpg	05389.jpg	shuffled	05389	05389
14662	14662	14662.jpg	06786.jpg	shuffled	06786	06786
14663	14663	14663.jpg	06042.jpg	shuffled	06042	06042
14664	14664	14664.jpg	09550.jpg	shuffled	09550	09550
14665	14665	14665.jpg	09268.jpg	shuffled	09268	09268
14666	14666	14666.jpg	11231.jpg	shuffled	11231	11231
14667	14667	14667.jpg	00264.jpg	shuffled	00264	00264
14668	14668	14668.jpg	14565.jpg	shuffled	14565	14565
14669	14669	14669.jpg	17718.jpg	shuffled	17718	17718
14670	14670	14670.jpg	04070.jpg	shuffled	04070	04070
14671	14671	14671.jpg	16858.jpg	shuffled	16858	16858
14672	14672	14672.jpg	11879.jpg	shuffled	11879	11879
14673	14673	14673.jpg	04853.jpg	shuffled	04853	04853
14674	14674	14674.jpg	13872.jpg	shuffled	13872	13872
14675	14675	14675.jpg	16664.jpg	shuffled	16664	16664
14676	14676	14676.jpg	01789.jpg	shuffled	01789	01789
14677	14677	14677.jpg	14411.jpg	shuffled	14411	14411
14678	14678	14678.jpg	08815.jpg	shuffled	08815	08815
14679	14679	14679.jpg	13456.jpg	shuffled	13456	13456
14680	14680	14680.jpg	06728.jpg	shuffled	06728	06728
14681	14681	14681.jpg	16490.jpg	shuffled	16490	16490
14682	14682	14682.jpg	07369.jpg	shuffled	07369	07369
14683	14683	14683.jpg	14309.jpg	shuffled	14309	14309
14684	14684	14684.jpg	12012.jpg	shuffled	12012	12012
14685	14685	14685.jpg	11177.jpg	shuffled	11177	11177
14686	14686	14686.jpg	07733.jpg	shuffled	07733	07733
14687	14687	14687.jpg	09759.jpg	shuffled	09759	09759
14688	14688	14688.jpg	04928.jpg	shuffled	04928	04928
14689	14689	14689.jpg	05891.jpg	shuffled	05891	05891
14690	14690	14690.jpg	06275.jpg	shuffled	06275	06275
14691	14691	14691.jpg	17253.jpg	shuffled	17253	17253
14692	14692	14692.jpg	09683.jpg	shuffled	09683	09683
14693	14693	14693.jpg	07216.jpg	shuffled	07216	07216
14694	14694	14694.jpg	06232.jpg	shuffled	06232	06232
14695	14695	14695.jpg	06122.jpg	shuffled	06122	06122
14696	14696	14696.jpg	00918.jpg	shuffled	00918	00918
14697	14697	14697.jpg	08479.jpg	shuffled	08479	08479
14698	14698	14698.jpg	05543.jpg	shuffled	05543	05543
14699	14699	14699.jpg	07779.jpg	shuffled	07779	07779
14700	14700	14700.jpg	02522.jpg	shuffled	02522	02522
14701	14701	14701.jpg	06960.jpg	shuffled	06960	06960
14702	14702	14702.jpg	10945.jpg	shuffled	10945	10945
14703	14703	14703.jpg	05855.jpg	shuffled	05855	05855
14704	14704	14704.jpg	12447.jpg	shuffled	12447	12447
14705	14705	14705.jpg	13125.jpg	shuffled	13125	13125
14706	14706	14706.jpg	07318.jpg	shuffled	07318	07318
14707	14707	14707.jpg	11871.jpg	shuffled	11871	11871
14708	14708	14708.jpg	00502.jpg	shuffled	00502	00502
14709	14709	14709.jpg	07486.jpg	shuffled	07486	07486
14710	14710	14710.jpg	10869.jpg	shuffled	10869	10869
14711	14711	14711.jpg	17219.jpg	shuffled	17219	17219
14712	14712	14712.jpg	07840.jpg	shuffled	07840	07840
14713	14713	14713.jpg	02355.jpg	shuffled	02355	02355
14714	14714	14714.jpg	17731.jpg	shuffled	17731	17731
14715	14715	14715.jpg	01700.jpg	shuffled	01700	01700
14716	14716	14716.jpg	08644.jpg	shuffled	08644	08644
14717	14717	14717.jpg	04560.jpg	shuffled	04560	04560
14718	14718	14718.jpg	00685.jpg	shuffled	00685	00685
14719	14719	14719.jpg	07026.jpg	shuffled	07026	07026
14720	14720	14720.jpg	02007.jpg	shuffled	02007	02007
14721	14721	14721.jpg	08006.jpg	shuffled	08006	08006
14722	14722	14722.jpg	02142.jpg	shuffled	02142	02142
14723	14723	14723.jpg	03052.jpg	shuffled	03052	03052
14724	14724	14724.jpg	11273.jpg	shuffled	11273	11273
14725	14725	14725.jpg	00017.jpg	shuffled	00017	00017
14726	14726	14726.jpg	09149.jpg	shuffled	09149	09149
14727	14727	14727.jpg	00208.jpg	shuffled	00208	00208
14728	14728	14728.jpg	16598.jpg	shuffled	16598	16598
14729	14729	14729.jpg	05951.jpg	shuffled	05951	05951
14730	14730	14730.jpg	10985.jpg	shuffled	10985	10985
14731	14731	14731.jpg	10728.jpg	shuffled	10728	10728
14732	14732	14732.jpg	09186.jpg	shuffled	09186	09186
14733	14733	14733.jpg	07753.jpg	shuffled	07753	07753
14734	14734	14734.jpg	06909.jpg	shuffled	06909	06909
14735	14735	14735.jpg	00376.jpg	shuffled	00376	00376
14736	14736	14736.jpg	05735.jpg	shuffled	05735	05735
14737	14737	14737.jpg	14845.jpg	shuffled	14845	14845
14738	14738	14738.jpg	10435.jpg	shuffled	10435	10435
14739	14739	14739.jpg	13290.jpg	shuffled	13290	13290
14740	14740	14740.jpg	08558.jpg	shuffled	08558	08558
14741	14741	14741.jpg	05398.jpg	shuffled	05398	05398
14742	14742	14742.jpg	05986.jpg	shuffled	05986	05986
14743	14743	14743.jpg	17203.jpg	shuffled	17203	17203
14744	14744	14744.jpg	04294.jpg	shuffled	04294	04294
14745	14745	14745.jpg	03664.jpg	shuffled	03664	03664
14746	14746	14746.jpg	07543.jpg	shuffled	07543	07543
14747	14747	14747.jpg	17314.jpg	shuffled	17314	17314
14748	14748	14748.jpg	06547.jpg	shuffled	06547	06547
14749	14749	14749.jpg	10951.jpg	shuffled	10951	10951
14750	14750	14750.jpg	13009.jpg	shuffled	13009	13009
14751	14751	14751.jpg	14593.jpg	shuffled	14593	14593
14752	14752	14752.jpg	17978.jpg	shuffled	17978	17978
14753	14753	14753.jpg	14169.jpg	shuffled	14169	14169
14754	14754	14754.jpg	04644.jpg	shuffled	04644	04644
14755	14755	14755.jpg	11557.jpg	shuffled	11557	11557
14756	14756	14756.jpg	02242.jpg	shuffled	02242	02242
14757	14757	14757.jpg	15022.jpg	shuffled	15022	15022
14758	14758	14758.jpg	05864.jpg	shuffled	05864	05864
14759	14759	14759.jpg	13239.jpg	shuffled	13239	13239
14760	14760	14760.jpg	17648.jpg	shuffled	17648	17648
14761	14761	14761.jpg	16101.jpg	shuffled	16101	16101
14762	14762	14762.jpg	11966.jpg	shuffled	11966	11966
14763	14763	14763.jpg	02860.jpg	shuffled	02860	02860
14764	14764	14764.jpg	07882.jpg	shuffled	07882	07882
14765	14765	14765.jpg	08964.jpg	shuffled	08964	08964
14766	14766	14766.jpg	06640.jpg	shuffled	06640	06640
14767	14767	14767.jpg	16420.jpg	shuffled	16420	16420
14768	14768	14768.jpg	14539.jpg	shuffled	14539	14539
14769	14769	14769.jpg	17581.jpg	shuffled	17581	17581
14770	14770	14770.jpg	11136.jpg	shuffled	11136	11136
14771	14771	14771.jpg	14055.jpg	shuffled	14055	14055
14772	14772	14772.jpg	17296.jpg	shuffled	17296	17296
14773	14773	14773.jpg	17799.jpg	shuffled	17799	17799
14774	14774	14774.jpg	00612.jpg	shuffled	00612	00612
14775	14775	14775.jpg	15159.jpg	shuffled	15159	15159
14776	14776	14776.jpg	09802.jpg	shuffled	09802	09802
14777	14777	14777.jpg	01303.jpg	shuffled	01303	01303
14778	14778	14778.jpg	00141.jpg	shuffled	00141	00141
14779	14779	14779.jpg	12841.jpg	shuffled	12841	12841
14780	14780	14780.jpg	12792.jpg	shuffled	12792	12792
14781	14781	14781.jpg	04496.jpg	shuffled	04496	04496
14782	14782	14782.jpg	04543.jpg	shuffled	04543	04543
14783	14783	14783.jpg	00317.jpg	shuffled	00317	00317
14784	14784	14784.jpg	11723.jpg	shuffled	11723	11723
14785	14785	14785.jpg	08563.jpg	shuffled	08563	08563
14786	14786	14786.jpg	03510.jpg	shuffled	03510	03510
14787	14787	14787.jpg	09079.jpg	shuffled	09079	09079
14788	14788	14788.jpg	10475.jpg	shuffled	10475	10475
14789	14789	14789.jpg	15509.jpg	shuffled	15509	15509
14790	14790	14790.jpg	06477.jpg	shuffled	06477	06477
14791	14791	14791.jpg	03334.jpg	shuffled	03334	03334
14792	14792	14792.jpg	14703.jpg	shuffled	14703	14703
14793	14793	14793.jpg	09569.jpg	shuffled	09569	09569
14794	14794	14794.jpg	13098.jpg	shuffled	13098	13098
14795	14795	14795.jpg	15340.jpg	shuffled	15340	15340
14796	14796	14796.jpg	12880.jpg	shuffled	12880	12880
14797	14797	14797.jpg	10344.jpg	shuffled	10344	10344
14798	14798	14798.jpg	01884.jpg	shuffled	01884	01884
14799	14799	14799.jpg	13886.jpg	shuffled	13886	13886
14800	14800	14800.jpg	01511.jpg	shuffled	01511	01511
14801	14801	14801.jpg	13977.jpg	shuffled	13977	13977
14802	14802	14802.jpg	09740.jpg	shuffled	09740	09740
14803	14803	14803.jpg	12631.jpg	shuffled	12631	12631
14804	14804	14804.jpg	12088.jpg	shuffled	12088	12088
14805	14805	14805.jpg	00583.jpg	shuffled	00583	00583
14806	14806	14806.jpg	15420.jpg	shuffled	15420	15420
14807	14807	14807.jpg	15301.jpg	shuffled	15301	15301
14808	14808	14808.jpg	08190.jpg	shuffled	08190	08190
14809	14809	14809.jpg	14046.jpg	shuffled	14046	14046
14810	14810	14810.jpg	09671.jpg	shuffled	09671	09671
14811	14811	14811.jpg	02981.jpg	shuffled	02981	02981
14812	14812	14812.jpg	12665.jpg	shuffled	12665	12665
14813	14813	14813.jpg	07865.jpg	shuffled	07865	07865
14814	14814	14814.jpg	15231.jpg	shuffled	15231	15231
14815	14815	14815.jpg	07563.jpg	shuffled	07563	07563
14816	14816	14816.jpg	00158.jpg	shuffled	00158	00158
14817	14817	14817.jpg	13192.jpg	shuffled	13192	13192
14818	14818	14818.jpg	01429.jpg	shuffled	01429	01429
14819	14819	14819.jpg	16476.jpg	shuffled	16476	16476
14820	14820	14820.jpg	00585.jpg	shuffled	00585	00585
14821	14821	14821.jpg	15240.jpg	shuffled	15240	15240
14822	14822	14822.jpg	16610.jpg	shuffled	16610	16610
14823	14823	14823.jpg	09379.jpg	shuffled	09379	09379
14824	14824	14824.jpg	04186.jpg	shuffled	04186	04186
14825	14825	14825.jpg	08279.jpg	shuffled	08279	08279
14826	14826	14826.jpg	12852.jpg	shuffled	12852	12852
14827	14827	14827.jpg	10020.jpg	shuffled	10020	10020
14828	14828	14828.jpg	13543.jpg	shuffled	13543	13543
14829	14829	14829.jpg	00114.jpg	shuffled	00114	00114
14830	14830	14830.jpg	16809.jpg	shuffled	16809	16809
14831	14831	14831.jpg	06347.jpg	shuffled	06347	06347
14832	14832	14832.jpg	16880.jpg	shuffled	16880	16880
14833	14833	14833.jpg	16405.jpg	shuffled	16405	16405
14834	14834	14834.jpg	13716.jpg	shuffled	13716	13716
14835	14835	14835.jpg	00805.jpg	shuffled	00805	00805
14836	14836	14836.jpg	09644.jpg	shuffled	09644	09644
14837	14837	14837.jpg	00571.jpg	shuffled	00571	00571
14838	14838	14838.jpg	02353.jpg	shuffled	02353	02353
14839	14839	14839.jpg	06383.jpg	shuffled	06383	06383
14840	14840	14840.jpg	10182.jpg	shuffled	10182	10182
14841	14841	14841.jpg	00793.jpg	shuffled	00793	00793
14842	14842	14842.jpg	04081.jpg	shuffled	04081	04081
14843	14843	14843.jpg	08457.jpg	shuffled	08457	08457
14844	14844	14844.jpg	16406.jpg	shuffled	16406	16406
14845	14845	14845.jpg	08542.jpg	shuffled	08542	08542
14846	14846	14846.jpg	07923.jpg	shuffled	07923	07923
14847	14847	14847.jpg	10827.jpg	shuffled	10827	10827
14848	14848	14848.jpg	04182.jpg	shuffled	04182	04182
14849	14849	14849.jpg	00732.jpg	shuffled	00732	00732
14850	14850	14850.jpg	06300.jpg	shuffled	06300	06300
14851	14851	14851.jpg	00123.jpg	shuffled	00123	00123
14852	14852	14852.jpg	14304.jpg	shuffled	14304	14304
14853	14853	14853.jpg	05265.jpg	shuffled	05265	05265
14854	14854	14854.jpg	05346.jpg	shuffled	05346	05346
14855	14855	14855.jpg	01635.jpg	shuffled	01635	01635
14856	14856	14856.jpg	15964.jpg	shuffled	15964	15964
14857	14857	14857.jpg	14899.jpg	shuffled	14899	14899
14858	14858	14858.jpg	13991.jpg	shuffled	13991	13991
14859	14859	14859.jpg	15772.jpg	shuffled	15772	15772
14860	14860	14860.jpg	00894.jpg	shuffled	00894	00894
14861	14861	14861.jpg	07016.jpg	shuffled	07016	07016
14862	14862	14862.jpg	00594.jpg	shuffled	00594	00594
14863	14863	14863.jpg	04521.jpg	shuffled	04521	04521
14864	14864	14864.jpg	02642.jpg	shuffled	02642	02642
14865	14865	14865.jpg	03407.jpg	shuffled	03407	03407
14866	14866	14866.jpg	05852.jpg	shuffled	05852	05852
14867	14867	14867.jpg	06510.jpg	shuffled	06510	06510
14868	14868	14868.jpg	08766.jpg	shuffled	08766	08766
14869	14869	14869.jpg	12129.jpg	shuffled	12129	12129
14870	14870	14870.jpg	07054.jpg	shuffled	07054	07054
14871	14871	14871.jpg	03765.jpg	shuffled	03765	03765
14872	14872	14872.jpg	06204.jpg	shuffled	06204	06204
14873	14873	14873.jpg	11144.jpg	shuffled	11144	11144
14874	14874	14874.jpg	01222.jpg	shuffled	01222	01222
14875	14875	14875.jpg	15490.jpg	shuffled	15490	15490
14876	14876	14876.jpg	02308.jpg	shuffled	02308	02308
14877	14877	14877.jpg	06972.jpg	shuffled	06972	06972
14878	14878	14878.jpg	13243.jpg	shuffled	13243	13243
14879	14879	14879.jpg	15916.jpg	shuffled	15916	15916
14880	14880	14880.jpg	03908.jpg	shuffled	03908	03908
14881	14881	14881.jpg	17969.jpg	shuffled	17969	17969
14882	14882	14882.jpg	14394.jpg	shuffled	14394	14394
14883	14883	14883.jpg	09086.jpg	shuffled	09086	09086
14884	14884	14884.jpg	17374.jpg	shuffled	17374	17374
14885	14885	14885.jpg	06258.jpg	shuffled	06258	06258
14886	14886	14886.jpg	06866.jpg	shuffled	06866	06866
14887	14887	14887.jpg	15546.jpg	shuffled	15546	15546
14888	14888	14888.jpg	17591.jpg	shuffled	17591	17591
14889	14889	14889.jpg	04743.jpg	shuffled	04743	04743
14890	14890	14890.jpg	04342.jpg	shuffled	04342	04342
14891	14891	14891.jpg	04321.jpg	shuffled	04321	04321
14892	14892	14892.jpg	16790.jpg	shuffled	16790	16790
14893	14893	14893.jpg	03222.jpg	shuffled	03222	03222
14894	14894	14894.jpg	00126.jpg	shuffled	00126	00126
14895	14895	14895.jpg	17822.jpg	shuffled	17822	17822
14896	14896	14896.jpg	12300.jpg	shuffled	12300	12300
14897	14897	14897.jpg	01788.jpg	shuffled	01788	01788
14898	14898	14898.jpg	01815.jpg	shuffled	01815	01815
14899	14899	14899.jpg	07526.jpg	shuffled	07526	07526
14900	14900	14900.jpg	11053.jpg	shuffled	11053	11053
14901	14901	14901.jpg	07689.jpg	shuffled	07689	07689
14902	14902	14902.jpg	17654.jpg	shuffled	17654	17654
14903	14903	14903.jpg	15532.jpg	shuffled	15532	15532
14904	14904	14904.jpg	06101.jpg	shuffled	06101	06101
14905	14905	14905.jpg	14663.jpg	shuffled	14663	14663
14906	14906	14906.jpg	07644.jpg	shuffled	07644	07644
14907	14907	14907.jpg	01729.jpg	shuffled	01729	01729
14908	14908	14908.jpg	11338.jpg	shuffled	11338	11338
14909	14909	14909.jpg	06982.jpg	shuffled	06982	06982
14910	14910	14910.jpg	00240.jpg	shuffled	00240	00240
14911	14911	14911.jpg	02847.jpg	shuffled	02847	02847
14912	14912	14912.jpg	04477.jpg	shuffled	04477	04477
14913	14913	14913.jpg	00639.jpg	shuffled	00639	00639
14914	14914	14914.jpg	13053.jpg	shuffled	13053	13053
14915	14915	14915.jpg	01426.jpg	shuffled	01426	01426
14916	14916	14916.jpg	06020.jpg	shuffled	06020	06020
14917	14917	14917.jpg	11812.jpg	shuffled	11812	11812
14918	14918	14918.jpg	08706.jpg	shuffled	08706	08706
14919	14919	14919.jpg	05734.jpg	shuffled	05734	05734
14920	14920	14920.jpg	05614.jpg	shuffled	05614	05614
14921	14921	14921.jpg	05798.jpg	shuffled	05798	05798
14922	14922	14922.jpg	04956.jpg	shuffled	04956	04956
14923	14923	14923.jpg	10087.jpg	shuffled	10087	10087
14924	14924	14924.jpg	01734.jpg	shuffled	01734	01734
14925	14925	14925.jpg	10098.jpg	shuffled	10098	10098
14926	14926	14926.jpg	17764.jpg	shuffled	17764	17764
14927	14927	14927.jpg	02180.jpg	shuffled	02180	02180
14928	14928	14928.jpg	09784.jpg	shuffled	09784	09784
14929	14929	14929.jpg	12925.jpg	shuffled	12925	12925
14930	14930	14930.jpg	04574.jpg	shuffled	04574	04574
14931	14931	14931.jpg	01975.jpg	shuffled	01975	01975
14932	14932	14932.jpg	15407.jpg	shuffled	15407	15407
14933	14933	14933.jpg	03191.jpg	shuffled	03191	03191
14934	14934	14934.jpg	15843.jpg	shuffled	15843	15843
14935	14935	14935.jpg	05419.jpg	shuffled	05419	05419
14936	14936	14936.jpg	03758.jpg	shuffled	03758	03758
14937	14937	14937.jpg	03948.jpg	shuffled	03948	03948
14938	14938	14938.jpg	03687.jpg	shuffled	03687	03687
14939	14939	14939.jpg	09360.jpg	shuffled	09360	09360
14940	14940	14940.jpg	02961.jpg	shuffled	02961	02961
14941	14941	14941.jpg	12429.jpg	shuffled	12429	12429
14942	14942	14942.jpg	01136.jpg	shuffled	01136	01136
14943	14943	14943.jpg	07755.jpg	shuffled	07755	07755
14944	14944	14944.jpg	05093.jpg	shuffled	05093	05093
14945	14945	14945.jpg	08173.jpg	shuffled	08173	08173
14946	14946	14946.jpg	15579.jpg	shuffled	15579	15579
14947	14947	14947.jpg	11202.jpg	shuffled	11202	11202
14948	14948	14948.jpg	12872.jpg	shuffled	12872	12872
14949	14949	14949.jpg	13841.jpg	shuffled	13841	13841
14950	14950	14950.jpg	16786.jpg	shuffled	16786	16786
14951	14951	14951.jpg	07936.jpg	shuffled	07936	07936
14952	14952	14952.jpg	13007.jpg	shuffled	13007	13007
14953	14953	14953.jpg	07156.jpg	shuffled	07156	07156
14954	14954	14954.jpg	13944.jpg	shuffled	13944	13944
14955	14955	14955.jpg	06023.jpg	shuffled	06023	06023
14956	14956	14956.jpg	05635.jpg	shuffled	05635	05635
14957	14957	14957.jpg	05901.jpg	shuffled	05901	05901
14958	14958	14958.jpg	07262.jpg	shuffled	07262	07262
14959	14959	14959.jpg	10686.jpg	shuffled	10686	10686
14960	14960	14960.jpg	03056.jpg	shuffled	03056	03056
14961	14961	14961.jpg	10633.jpg	shuffled	10633	10633
14962	14962	14962.jpg	06071.jpg	shuffled	06071	06071
14963	14963	14963.jpg	08358.jpg	shuffled	08358	08358
14964	14964	14964.jpg	09204.jpg	shuffled	09204	09204
14965	14965	14965.jpg	05691.jpg	shuffled	05691	05691
14966	14966	14966.jpg	12945.jpg	shuffled	12945	12945
14967	14967	14967.jpg	01088.jpg	shuffled	01088	01088
14968	14968	14968.jpg	09917.jpg	shuffled	09917	09917
14969	14969	14969.jpg	13359.jpg	shuffled	13359	13359
14970	14970	14970.jpg	16698.jpg	shuffled	16698	16698
14971	14971	14971.jpg	16585.jpg	shuffled	16585	16585
14972	14972	14972.jpg	17237.jpg	shuffled	17237	17237
14973	14973	14973.jpg	03329.jpg	shuffled	03329	03329
14974	14974	14974.jpg	09951.jpg	shuffled	09951	09951
14975	14975	14975.jpg	14604.jpg	shuffled	14604	14604
14976	14976	14976.jpg	08105.jpg	shuffled	08105	08105
14977	14977	14977.jpg	08859.jpg	shuffled	08859	08859
14978	14978	14978.jpg	07898.jpg	shuffled	07898	07898
14979	14979	14979.jpg	06149.jpg	shuffled	06149	06149
14980	14980	14980.jpg	02498.jpg	shuffled	02498	02498
14981	14981	14981.jpg	06848.jpg	shuffled	06848	06848
14982	14982	14982.jpg	17299.jpg	shuffled	17299	17299
14983	14983	14983.jpg	08312.jpg	shuffled	08312	08312
14984	14984	14984.jpg	07796.jpg	shuffled	07796	07796
14985	14985	14985.jpg	11808.jpg	shuffled	11808	11808
14986	14986	14986.jpg	14816.jpg	shuffled	14816	14816
14987	14987	14987.jpg	00081.jpg	shuffled	00081	00081
14988	14988	14988.jpg	06415.jpg	shuffled	06415	06415
14989	14989	14989.jpg	02316.jpg	shuffled	02316	02316
14990	14990	14990.jpg	00927.jpg	shuffled	00927	00927
14991	14991	14991.jpg	15476.jpg	shuffled	15476	15476
14992	14992	14992.jpg	15303.jpg	shuffled	15303	15303
14993	14993	14993.jpg	01689.jpg	shuffled	01689	01689
14994	14994	14994.jpg	08938.jpg	shuffled	08938	08938
14995	14995	14995.jpg	13729.jpg	shuffled	13729	13729
14996	14996	14996.jpg	13728.jpg	shuffled	13728	13728
14997	14997	14997.jpg	10778.jpg	shuffled	10778	10778
14998	14998	14998.jpg	09125.jpg	shuffled	09125	09125
14999	14999	14999.jpg	01714.jpg	shuffled	01714	01714
15000	15000	15000.jpg	08203.jpg	shuffled	08203	08203
15001	15001	15001.jpg	15375.jpg	shuffled	15375	15375
15002	15002	15002.jpg	02059.jpg	shuffled	02059	02059
15003	15003	15003.jpg	16658.jpg	shuffled	16658	16658
15004	15004	15004.jpg	09529.jpg	shuffled	09529	09529
15005	15005	15005.jpg	09789.jpg	shuffled	09789	09789
15006	15006	15006.jpg	13362.jpg	shuffled	13362	13362
15007	15007	15007.jpg	06564.jpg	shuffled	06564	06564
15008	15008	15008.jpg	01556.jpg	shuffled	01556	01556
15009	15009	15009.jpg	17106.jpg	shuffled	17106	17106
15010	15010	15010.jpg	09821.jpg	shuffled	09821	09821
15011	15011	15011.jpg	08854.jpg	shuffled	08854	08854
15012	15012	15012.jpg	03558.jpg	shuffled	03558	03558
15013	15013	15013.jpg	00228.jpg	shuffled	00228	00228
15014	15014	15014.jpg	08038.jpg	shuffled	08038	08038
15015	15015	15015.jpg	10092.jpg	shuffled	10092	10092
15016	15016	15016.jpg	03728.jpg	shuffled	03728	03728
15017	15017	15017.jpg	09053.jpg	shuffled	09053	09053
15018	15018	15018.jpg	11740.jpg	shuffled	11740	11740
15019	15019	15019.jpg	12604.jpg	shuffled	12604	12604
15020	15020	15020.jpg	15299.jpg	shuffled	15299	15299
15021	15021	15021.jpg	13464.jpg	shuffled	13464	13464
15022	15022	15022.jpg	02249.jpg	shuffled	02249	02249
15023	15023	15023.jpg	06504.jpg	shuffled	06504	06504
15024	15024	15024.jpg	11217.jpg	shuffled	11217	11217
15025	15025	15025.jpg	15988.jpg	shuffled	15988	15988
15026	15026	15026.jpg	05112.jpg	shuffled	05112	05112
15027	15027	15027.jpg	17235.jpg	shuffled	17235	17235
15028	15028	15028.jpg	14009.jpg	shuffled	14009	14009
15029	15029	15029.jpg	08949.jpg	shuffled	08949	08949
15030	15030	15030.jpg	11155.jpg	shuffled	11155	11155
15031	15031	15031.jpg	13734.jpg	shuffled	13734	13734
15032	15032	15032.jpg	04576.jpg	shuffled	04576	04576
15033	15033	15033.jpg	17676.jpg	shuffled	17676	17676
15034	15034	15034.jpg	02154.jpg	shuffled	02154	02154
15035	15035	15035.jpg	03786.jpg	shuffled	03786	03786
15036	15036	15036.jpg	07529.jpg	shuffled	07529	07529
15037	15037	15037.jpg	07206.jpg	shuffled	07206	07206
15038	15038	15038.jpg	05648.jpg	shuffled	05648	05648
15039	15039	15039.jpg	15805.jpg	shuffled	15805	15805
15040	15040	15040.jpg	13636.jpg	shuffled	13636	13636
15041	15041	15041.jpg	14229.jpg	shuffled	14229	14229
15042	15042	15042.jpg	07427.jpg	shuffled	07427	07427
15043	15043	15043.jpg	12091.jpg	shuffled	12091	12091
15044	15044	15044.jpg	03071.jpg	shuffled	03071	03071
15045	15045	15045.jpg	07092.jpg	shuffled	07092	07092
15046	15046	15046.jpg	03162.jpg	shuffled	03162	03162
15047	15047	15047.jpg	02812.jpg	shuffled	02812	02812
15048	15048	15048.jpg	02800.jpg	shuffled	02800	02800
15049	15049	15049.jpg	16268.jpg	shuffled	16268	16268
15050	15050	15050.jpg	17555.jpg	shuffled	17555	17555
15051	15051	15051.jpg	04612.jpg	shuffled	04612	04612
15052	15052	15052.jpg	00771.jpg	shuffled	00771	00771
15053	15053	15053.jpg	05809.jpg	shuffled	05809	05809
15054	15054	15054.jpg	15639.jpg	shuffled	15639	15639
15055	15055	15055.jpg	15899.jpg	shuffled	15899	15899
15056	15056	15056.jpg	07069.jpg	shuffled	07069	07069
15057	15057	15057.jpg	16457.jpg	shuffled	16457	16457
15058	15058	15058.jpg	09796.jpg	shuffled	09796	09796
15059	15059	15059.jpg	08447.jpg	shuffled	08447	08447
15060	15060	15060.jpg	06651.jpg	shuffled	06651	06651
15061	15061	15061.jpg	03963.jpg	shuffled	03963	03963
15062	15062	15062.jpg	09193.jpg	shuffled	09193	09193
15063	15063	15063.jpg	11215.jpg	shuffled	11215	11215
15064	15064	15064.jpg	15095.jpg	shuffled	15095	15095
15065	15065	15065.jpg	14616.jpg	shuffled	14616	14616
15066	15066	15066.jpg	11423.jpg	shuffled	11423	11423
15067	15067	15067.jpg	05529.jpg	shuffled	05529	05529
15068	15068	15068.jpg	00660.jpg	shuffled	00660	00660
15069	15069	15069.jpg	01152.jpg	shuffled	01152	01152
15070	15070	15070.jpg	05528.jpg	shuffled	05528	05528
15071	15071	15071.jpg	00602.jpg	shuffled	00602	00602
15072	15072	15072.jpg	14070.jpg	shuffled	14070	14070
15073	15073	15073.jpg	08313.jpg	shuffled	08313	08313
15074	15074	15074.jpg	09533.jpg	shuffled	09533	09533
15075	15075	15075.jpg	05592.jpg	shuffled	05592	05592
15076	15076	15076.jpg	00003.jpg	shuffled	00003	00003
15077	15077	15077.jpg	15707.jpg	shuffled	15707	15707
15078	15078	15078.jpg	01491.jpg	shuffled	01491	01491
15079	15079	15079.jpg	16104.jpg	shuffled	16104	16104
15080	15080	15080.jpg	15962.jpg	shuffled	15962	15962
15081	15081	15081.jpg	03609.jpg	shuffled	03609	03609
15082	15082	15082.jpg	08849.jpg	shuffled	08849	08849
15083	15083	15083.jpg	09006.jpg	shuffled	09006	09006
15084	15084	15084.jpg	09010.jpg	shuffled	09010	09010
15085	15085	15085.jpg	16873.jpg	shuffled	16873	16873
15086	15086	15086.jpg	04622.jpg	shuffled	04622	04622
15087	15087	15087.jpg	09749.jpg	shuffled	09749	09749
15088	15088	15088.jpg	02526.jpg	shuffled	02526	02526
15089	15089	15089.jpg	00478.jpg	shuffled	00478	00478
15090	15090	15090.jpg	14024.jpg	shuffled	14024	14024
15091	15091	15091.jpg	04913.jpg	shuffled	04913	04913
15092	15092	15092.jpg	01981.jpg	shuffled	01981	01981
15093	15093	15093.jpg	02465.jpg	shuffled	02465	02465
15094	15094	15094.jpg	09557.jpg	shuffled	09557	09557
15095	15095	15095.jpg	10519.jpg	shuffled	10519	10519
15096	15096	15096.jpg	17871.jpg	shuffled	17871	17871
15097	15097	15097.jpg	08175.jpg	shuffled	08175	08175
15098	15098	15098.jpg	12013.jpg	shuffled	12013	12013
15099	15099	15099.jpg	07041.jpg	shuffled	07041	07041
15100	15100	15100.jpg	01711.jpg	shuffled	01711	01711
15101	15101	15101.jpg	10438.jpg	shuffled	10438	10438
15102	15102	15102.jpg	08246.jpg	shuffled	08246	08246
15103	15103	15103.jpg	09502.jpg	shuffled	09502	09502
15104	15104	15104.jpg	09600.jpg	shuffled	09600	09600
15105	15105	15105.jpg	08415.jpg	shuffled	08415	08415
15106	15106	15106.jpg	17401.jpg	shuffled	17401	17401
15107	15107	15107.jpg	05214.jpg	shuffled	05214	05214
15108	15108	15108.jpg	09736.jpg	shuffled	09736	09736
15109	15109	15109.jpg	05176.jpg	shuffled	05176	05176
15110	15110	15110.jpg	17057.jpg	shuffled	17057	17057
15111	15111	15111.jpg	10527.jpg	shuffled	10527	10527
15112	15112	15112.jpg	06131.jpg	shuffled	06131	06131
15113	15113	15113.jpg	00770.jpg	shuffled	00770	00770
15114	15114	15114.jpg	00811.jpg	shuffled	00811	00811
15115	15115	15115.jpg	15945.jpg	shuffled	15945	15945
15116	15116	15116.jpg	02855.jpg	shuffled	02855	02855
15117	15117	15117.jpg	10335.jpg	shuffled	10335	10335
15118	15118	15118.jpg	08861.jpg	shuffled	08861	08861
15119	15119	15119.jpg	14286.jpg	shuffled	14286	14286
15120	15120	15120.jpg	13587.jpg	shuffled	13587	13587
15121	15121	15121.jpg	09271.jpg	shuffled	09271	09271
15122	15122	15122.jpg	16017.jpg	shuffled	16017	16017
15123	15123	15123.jpg	12254.jpg	shuffled	12254	12254
15124	15124	15124.jpg	01696.jpg	shuffled	01696	01696
15125	15125	15125.jpg	10295.jpg	shuffled	10295	10295
15126	15126	15126.jpg	01118.jpg	shuffled	01118	01118
15127	15127	15127.jpg	06165.jpg	shuffled	06165	06165
15128	15128	15128.jpg	12700.jpg	shuffled	12700	12700
15129	15129	15129.jpg	08775.jpg	shuffled	08775	08775
15130	15130	15130.jpg	07531.jpg	shuffled	07531	07531
15131	15131	15131.jpg	01760.jpg	shuffled	01760	01760
15132	15132	15132.jpg	06496.jpg	shuffled	06496	06496
15133	15133	15133.jpg	03522.jpg	shuffled	03522	03522
15134	15134	15134.jpg	00629.jpg	shuffled	00629	00629
15135	15135	15135.jpg	10915.jpg	shuffled	10915	10915
15136	15136	15136.jpg	04385.jpg	shuffled	04385	04385
15137	15137	15137.jpg	03028.jpg	shuffled	03028	03028
15138	15138	15138.jpg	03200.jpg	shuffled	03200	03200
15139	15139	15139.jpg	07792.jpg	shuffled	07792	07792
15140	15140	15140.jpg	09471.jpg	shuffled	09471	09471
15141	15141	15141.jpg	05154.jpg	shuffled	05154	05154
15142	15142	15142.jpg	09071.jpg	shuffled	09071	09071
15143	15143	15143.jpg	04800.jpg	shuffled	04800	04800
15144	15144	15144.jpg	05999.jpg	shuffled	05999	05999
15145	15145	15145.jpg	03054.jpg	shuffled	03054	03054
15146	15146	15146.jpg	00328.jpg	shuffled	00328	00328
15147	15147	15147.jpg	17602.jpg	shuffled	17602	17602
15148	15148	15148.jpg	09506.jpg	shuffled	09506	09506
15149	15149	15149.jpg	05794.jpg	shuffled	05794	05794
15150	15150	15150.jpg	17408.jpg	shuffled	17408	17408
15151	15151	15151.jpg	08133.jpg	shuffled	08133	08133
15152	15152	15152.jpg	06852.jpg	shuffled	06852	06852
15153	15153	15153.jpg	07663.jpg	shuffled	07663	07663
15154	15154	15154.jpg	02762.jpg	shuffled	02762	02762
15155	15155	15155.jpg	11791.jpg	shuffled	11791	11791
15156	15156	15156.jpg	10841.jpg	shuffled	10841	10841
15157	15157	15157.jpg	11826.jpg	shuffled	11826	11826
15158	15158	15158.jpg	08718.jpg	shuffled	08718	08718
15159	15159	15159.jpg	15226.jpg	shuffled	15226	15226
15160	15160	15160.jpg	05732.jpg	shuffled	05732	05732
15161	15161	15161.jpg	08656.jpg	shuffled	08656	08656
15162	15162	15162.jpg	04062.jpg	shuffled	04062	04062
15163	15163	15163.jpg	07494.jpg	shuffled	07494	07494
15164	15164	15164.jpg	17580.jpg	shuffled	17580	17580
15165	15165	15165.jpg	11666.jpg	shuffled	11666	11666
15166	15166	15166.jpg	01042.jpg	shuffled	01042	01042
15167	15167	15167.jpg	08098.jpg	shuffled	08098	08098
15168	15168	15168.jpg	12082.jpg	shuffled	12082	12082
15169	15169	15169.jpg	14603.jpg	shuffled	14603	14603
15170	15170	15170.jpg	01761.jpg	shuffled	01761	01761
15171	15171	15171.jpg	06647.jpg	shuffled	06647	06647
15172	15172	15172.jpg	01908.jpg	shuffled	01908	01908
15173	15173	15173.jpg	13073.jpg	shuffled	13073	13073
15174	15174	15174.jpg	07160.jpg	shuffled	07160	07160
15175	15175	15175.jpg	09607.jpg	shuffled	09607	09607
15176	15176	15176.jpg	04877.jpg	shuffled	04877	04877
15177	15177	15177.jpg	08058.jpg	shuffled	08058	08058
15178	15178	15178.jpg	11216.jpg	shuffled	11216	11216
15179	15179	15179.jpg	04870.jpg	shuffled	04870	04870
15180	15180	15180.jpg	09561.jpg	shuffled	09561	09561
15181	15181	15181.jpg	01440.jpg	shuffled	01440	01440
15182	15182	15182.jpg	08832.jpg	shuffled	08832	08832
15183	15183	15183.jpg	14407.jpg	shuffled	14407	14407
15184	15184	15184.jpg	10876.jpg	shuffled	10876	10876
15185	15185	15185.jpg	03684.jpg	shuffled	03684	03684
15186	15186	15186.jpg	08603.jpg	shuffled	08603	08603
15187	15187	15187.jpg	13176.jpg	shuffled	13176	13176
15188	15188	15188.jpg	14941.jpg	shuffled	14941	14941
15189	15189	15189.jpg	11092.jpg	shuffled	11092	11092
15190	15190	15190.jpg	02869.jpg	shuffled	02869	02869
15191	15191	15191.jpg	13795.jpg	shuffled	13795	13795
15192	15192	15192.jpg	09337.jpg	shuffled	09337	09337
15193	15193	15193.jpg	14339.jpg	shuffled	14339	14339
15194	15194	15194.jpg	17543.jpg	shuffled	17543	17543
15195	15195	15195.jpg	14829.jpg	shuffled	14829	14829
15196	15196	15196.jpg	17500.jpg	shuffled	17500	17500
15197	15197	15197.jpg	07056.jpg	shuffled	07056	07056
15198	15198	15198.jpg	03495.jpg	shuffled	03495	03495
15199	15199	15199.jpg	15981.jpg	shuffled	15981	15981
15200	15200	15200.jpg	14992.jpg	shuffled	14992	14992
15201	15201	15201.jpg	17005.jpg	shuffled	17005	17005
15202	15202	15202.jpg	05312.jpg	shuffled	05312	05312
15203	15203	15203.jpg	11880.jpg	shuffled	11880	11880
15204	15204	15204.jpg	15221.jpg	shuffled	15221	15221
15205	15205	15205.jpg	02490.jpg	shuffled	02490	02490
15206	15206	15206.jpg	03464.jpg	shuffled	03464	03464
15207	15207	15207.jpg	17812.jpg	shuffled	17812	17812
15208	15208	15208.jpg	05792.jpg	shuffled	05792	05792
15209	15209	15209.jpg	01356.jpg	shuffled	01356	01356
15210	15210	15210.jpg	11015.jpg	shuffled	11015	11015
15211	15211	15211.jpg	06107.jpg	shuffled	06107	06107
15212	15212	15212.jpg	04199.jpg	shuffled	04199	04199
15213	15213	15213.jpg	05790.jpg	shuffled	05790	05790
15214	15214	15214.jpg	07112.jpg	shuffled	07112	07112
15215	15215	15215.jpg	14543.jpg	shuffled	14543	14543
15216	15216	15216.jpg	02923.jpg	shuffled	02923	02923
15217	15217	15217.jpg	07170.jpg	shuffled	07170	07170
15218	15218	15218.jpg	08970.jpg	shuffled	08970	08970
15219	15219	15219.jpg	05762.jpg	shuffled	05762	05762
15220	15220	15220.jpg	05903.jpg	shuffled	05903	05903
15221	15221	15221.jpg	03198.jpg	shuffled	03198	03198
15222	15222	15222.jpg	01199.jpg	shuffled	01199	01199
15223	15223	15223.jpg	03144.jpg	shuffled	03144	03144
15224	15224	15224.jpg	07241.jpg	shuffled	07241	07241
15225	15225	15225.jpg	01386.jpg	shuffled	01386	01386
15226	15226	15226.jpg	05358.jpg	shuffled	05358	05358
15227	15227	15227.jpg	13084.jpg	shuffled	13084	13084
15228	15228	15228.jpg	06819.jpg	shuffled	06819	06819
15229	15229	15229.jpg	02911.jpg	shuffled	02911	02911
15230	15230	15230.jpg	06287.jpg	shuffled	06287	06287
15231	15231	15231.jpg	15223.jpg	shuffled	15223	15223
15232	15232	15232.jpg	12803.jpg	shuffled	12803	12803
15233	15233	15233.jpg	05288.jpg	shuffled	05288	05288
15234	15234	15234.jpg	05723.jpg	shuffled	05723	05723
15235	15235	15235.jpg	17621.jpg	shuffled	17621	17621
15236	15236	15236.jpg	04289.jpg	shuffled	04289	04289
15237	15237	15237.jpg	02420.jpg	shuffled	02420	02420
15238	15238	15238.jpg	03197.jpg	shuffled	03197	03197
15239	15239	15239.jpg	16730.jpg	shuffled	16730	16730
15240	15240	15240.jpg	11743.jpg	shuffled	11743	11743
15241	15241	15241.jpg	03731.jpg	shuffled	03731	03731
15242	15242	15242.jpg	07233.jpg	shuffled	07233	07233
15243	15243	15243.jpg	05224.jpg	shuffled	05224	05224
15244	15244	15244.jpg	11110.jpg	shuffled	11110	11110
15245	15245	15245.jpg	17711.jpg	shuffled	17711	17711
15246	15246	15246.jpg	08784.jpg	shuffled	08784	08784
15247	15247	15247.jpg	04687.jpg	shuffled	04687	04687
15248	15248	15248.jpg	05826.jpg	shuffled	05826	05826
15249	15249	15249.jpg	02668.jpg	shuffled	02668	02668
15250	15250	15250.jpg	05179.jpg	shuffled	05179	05179
15251	15251	15251.jpg	10419.jpg	shuffled	10419	10419
15252	15252	15252.jpg	08233.jpg	shuffled	08233	08233
15253	15253	15253.jpg	04004.jpg	shuffled	04004	04004
15254	15254	15254.jpg	15904.jpg	shuffled	15904	15904
15255	15255	15255.jpg	03551.jpg	shuffled	03551	03551
15256	15256	15256.jpg	11182.jpg	shuffled	11182	11182
15257	15257	15257.jpg	16282.jpg	shuffled	16282	16282
15258	15258	15258.jpg	01072.jpg	shuffled	01072	01072
15259	15259	15259.jpg	17102.jpg	shuffled	17102	17102
15260	15260	15260.jpg	06010.jpg	shuffled	06010	06010
15261	15261	15261.jpg	16216.jpg	shuffled	16216	16216
15262	15262	15262.jpg	04170.jpg	shuffled	04170	04170
15263	15263	15263.jpg	09501.jpg	shuffled	09501	09501
15264	15264	15264.jpg	01600.jpg	shuffled	01600	01600
15265	15265	15265.jpg	14851.jpg	shuffled	14851	14851
15266	15266	15266.jpg	13996.jpg	shuffled	13996	13996
15267	15267	15267.jpg	11237.jpg	shuffled	11237	11237
15268	15268	15268.jpg	02421.jpg	shuffled	02421	02421
15269	15269	15269.jpg	06201.jpg	shuffled	06201	06201
15270	15270	15270.jpg	13715.jpg	shuffled	13715	13715
15271	15271	15271.jpg	05319.jpg	shuffled	05319	05319
15272	15272	15272.jpg	13946.jpg	shuffled	13946	13946
15273	15273	15273.jpg	14525.jpg	shuffled	14525	14525
15274	15274	15274.jpg	06799.jpg	shuffled	06799	06799
15275	15275	15275.jpg	14249.jpg	shuffled	14249	14249
15276	15276	15276.jpg	02184.jpg	shuffled	02184	02184
15277	15277	15277.jpg	03972.jpg	shuffled	03972	03972
15278	15278	15278.jpg	12586.jpg	shuffled	12586	12586
15279	15279	15279.jpg	15615.jpg	shuffled	15615	15615
15280	15280	15280.jpg	09153.jpg	shuffled	09153	09153
15281	15281	15281.jpg	05038.jpg	shuffled	05038	05038
15282	15282	15282.jpg	05207.jpg	shuffled	05207	05207
15283	15283	15283.jpg	06479.jpg	shuffled	06479	06479
15284	15284	15284.jpg	16496.jpg	shuffled	16496	16496
15285	15285	15285.jpg	12911.jpg	shuffled	12911	12911
15286	15286	15286.jpg	10057.jpg	shuffled	10057	10057
15287	15287	15287.jpg	04876.jpg	shuffled	04876	04876
15288	15288	15288.jpg	11427.jpg	shuffled	11427	11427
15289	15289	15289.jpg	10705.jpg	shuffled	10705	10705
15290	15290	15290.jpg	16426.jpg	shuffled	16426	16426
15291	15291	15291.jpg	12588.jpg	shuffled	12588	12588
15292	15292	15292.jpg	10877.jpg	shuffled	10877	10877
15293	15293	15293.jpg	08013.jpg	shuffled	08013	08013
15294	15294	15294.jpg	00001.jpg	shuffled	00001	00001
15295	15295	15295.jpg	02391.jpg	shuffled	02391	02391
15296	15296	15296.jpg	14305.jpg	shuffled	14305	14305
15297	15297	15297.jpg	05213.jpg	shuffled	05213	05213
15298	15298	15298.jpg	13700.jpg	shuffled	13700	13700
15299	15299	15299.jpg	04984.jpg	shuffled	04984	04984
15300	15300	15300.jpg	11233.jpg	shuffled	11233	11233
15301	15301	15301.jpg	11326.jpg	shuffled	11326	11326
15302	15302	15302.jpg	08048.jpg	shuffled	08048	08048
15303	15303	15303.jpg	16904.jpg	shuffled	16904	16904
15304	15304	15304.jpg	01323.jpg	shuffled	01323	01323
15305	15305	15305.jpg	09694.jpg	shuffled	09694	09694
15306	15306	15306.jpg	06920.jpg	shuffled	06920	06920
15307	15307	15307.jpg	03659.jpg	shuffled	03659	03659
15308	15308	15308.jpg	17437.jpg	shuffled	17437	17437
15309	15309	15309.jpg	17888.jpg	shuffled	17888	17888
15310	15310	15310.jpg	04936.jpg	shuffled	04936	04936
15311	15311	15311.jpg	03482.jpg	shuffled	03482	03482
15312	15312	15312.jpg	07732.jpg	shuffled	07732	07732
15313	15313	15313.jpg	16864.jpg	shuffled	16864	16864
15314	15314	15314.jpg	17365.jpg	shuffled	17365	17365
15315	15315	15315.jpg	00903.jpg	shuffled	00903	00903
15316	15316	15316.jpg	06255.jpg	shuffled	06255	06255
15317	15317	15317.jpg	10409.jpg	shuffled	10409	10409
15318	15318	15318.jpg	16366.jpg	shuffled	16366	16366
15319	15319	15319.jpg	04735.jpg	shuffled	04735	04735
15320	15320	15320.jpg	04269.jpg	shuffled	04269	04269
15321	15321	15321.jpg	01872.jpg	shuffled	01872	01872
15322	15322	15322.jpg	13588.jpg	shuffled	13588	13588
15323	15323	15323.jpg	05122.jpg	shuffled	05122	05122
15324	15324	15324.jpg	08820.jpg	shuffled	08820	08820
15325	15325	15325.jpg	14658.jpg	shuffled	14658	14658
15326	15326	15326.jpg	09438.jpg	shuffled	09438	09438
15327	15327	15327.jpg	17560.jpg	shuffled	17560	17560
15328	15328	15328.jpg	06380.jpg	shuffled	06380	06380
15329	15329	15329.jpg	03873.jpg	shuffled	03873	03873
15330	15330	15330.jpg	01455.jpg	shuffled	01455	01455
15331	15331	15331.jpg	01986.jpg	shuffled	01986	01986
15332	15332	15332.jpg	16312.jpg	shuffled	16312	16312
15333	15333	15333.jpg	03284.jpg	shuffled	03284	03284
15334	15334	15334.jpg	07307.jpg	shuffled	07307	07307
15335	15335	15335.jpg	04167.jpg	shuffled	04167	04167
15336	15336	15336.jpg	11134.jpg	shuffled	11134	11134
15337	15337	15337.jpg	10446.jpg	shuffled	10446	10446
15338	15338	15338.jpg	07826.jpg	shuffled	07826	07826
15339	15339	15339.jpg	17350.jpg	shuffled	17350	17350
15340	15340	15340.jpg	12759.jpg	shuffled	12759	12759
15341	15341	15341.jpg	12999.jpg	shuffled	12999	12999
15342	15342	15342.jpg	09000.jpg	shuffled	09000	09000
15343	15343	15343.jpg	05893.jpg	shuffled	05893	05893
15344	15344	15344.jpg	17347.jpg	shuffled	17347	17347
15345	15345	15345.jpg	07063.jpg	shuffled	07063	07063
15346	15346	15346.jpg	13952.jpg	shuffled	13952	13952
15347	15347	15347.jpg	01840.jpg	shuffled	01840	01840
15348	15348	15348.jpg	06954.jpg	shuffled	06954	06954
15349	15349	15349.jpg	14932.jpg	shuffled	14932	14932
15350	15350	15350.jpg	10533.jpg	shuffled	10533	10533
15351	15351	15351.jpg	17243.jpg	shuffled	17243	17243
15352	15352	15352.jpg	11813.jpg	shuffled	11813	11813
15353	15353	15353.jpg	11034.jpg	shuffled	11034	11034
15354	15354	15354.jpg	16541.jpg	shuffled	16541	16541
15355	15355	15355.jpg	06228.jpg	shuffled	06228	06228
15356	15356	15356.jpg	16019.jpg	shuffled	16019	16019
15357	15357	15357.jpg	09639.jpg	shuffled	09639	09639
15358	15358	15358.jpg	10624.jpg	shuffled	10624	10624
15359	15359	15359.jpg	10537.jpg	shuffled	10537	10537
15360	15360	15360.jpg	01495.jpg	shuffled	01495	01495
15361	15361	15361.jpg	00013.jpg	shuffled	00013	00013
15362	15362	15362.jpg	11747.jpg	shuffled	11747	11747
15363	15363	15363.jpg	13575.jpg	shuffled	13575	13575
15364	15364	15364.jpg	09706.jpg	shuffled	09706	09706
15365	15365	15365.jpg	03974.jpg	shuffled	03974	03974
15366	15366	15366.jpg	05111.jpg	shuffled	05111	05111
15367	15367	15367.jpg	06057.jpg	shuffled	06057	06057
15368	15368	15368.jpg	13097.jpg	shuffled	13097	13097
15369	15369	15369.jpg	10040.jpg	shuffled	10040	10040
15370	15370	15370.jpg	16229.jpg	shuffled	16229	16229
15371	15371	15371.jpg	05856.jpg	shuffled	05856	05856
15372	15372	15372.jpg	17417.jpg	shuffled	17417	17417
15373	15373	15373.jpg	02760.jpg	shuffled	02760	02760
15374	15374	15374.jpg	07620.jpg	shuffled	07620	07620
15375	15375	15375.jpg	02177.jpg	shuffled	02177	02177
15376	15376	15376.jpg	04415.jpg	shuffled	04415	04415
15377	15377	15377.jpg	12734.jpg	shuffled	12734	12734
15378	15378	15378.jpg	00316.jpg	shuffled	00316	00316
15379	15379	15379.jpg	04149.jpg	shuffled	04149	04149
15380	15380	15380.jpg	10754.jpg	shuffled	10754	10754
15381	15381	15381.jpg	08771.jpg	shuffled	08771	08771
15382	15382	15382.jpg	04709.jpg	shuffled	04709	04709
15383	15383	15383.jpg	16899.jpg	shuffled	16899	16899
15384	15384	15384.jpg	05570.jpg	shuffled	05570	05570
15385	15385	15385.jpg	16227.jpg	shuffled	16227	16227
15386	15386	15386.jpg	08096.jpg	shuffled	08096	08096
15387	15387	15387.jpg	00914.jpg	shuffled	00914	00914
15388	15388	15388.jpg	10896.jpg	shuffled	10896	10896
15389	15389	15389.jpg	15854.jpg	shuffled	15854	15854
15390	15390	15390.jpg	07387.jpg	shuffled	07387	07387
15391	15391	15391.jpg	01804.jpg	shuffled	01804	01804
15392	15392	15392.jpg	09222.jpg	shuffled	09222	09222
15393	15393	15393.jpg	00403.jpg	shuffled	00403	00403
15394	15394	15394.jpg	16771.jpg	shuffled	16771	16771
15395	15395	15395.jpg	12223.jpg	shuffled	12223	12223
15396	15396	15396.jpg	06465.jpg	shuffled	06465	06465
15397	15397	15397.jpg	08626.jpg	shuffled	08626	08626
15398	15398	15398.jpg	15152.jpg	shuffled	15152	15152
15399	15399	15399.jpg	16125.jpg	shuffled	16125	16125
15400	15400	15400.jpg	09489.jpg	shuffled	09489	09489
15401	15401	15401.jpg	02457.jpg	shuffled	02457	02457
15402	15402	15402.jpg	06052.jpg	shuffled	06052	06052
15403	15403	15403.jpg	04133.jpg	shuffled	04133	04133
15404	15404	15404.jpg	13271.jpg	shuffled	13271	13271
15405	15405	15405.jpg	11189.jpg	shuffled	11189	11189
15406	15406	15406.jpg	08805.jpg	shuffled	08805	08805
15407	15407	15407.jpg	17705.jpg	shuffled	17705	17705
15408	15408	15408.jpg	17803.jpg	shuffled	17803	17803
15409	15409	15409.jpg	13901.jpg	shuffled	13901	13901
15410	15410	15410.jpg	14747.jpg	shuffled	14747	14747
15411	15411	15411.jpg	15214.jpg	shuffled	15214	15214
15412	15412	15412.jpg	09324.jpg	shuffled	09324	09324
15413	15413	15413.jpg	17292.jpg	shuffled	17292	17292
15414	15414	15414.jpg	11494.jpg	shuffled	11494	11494
15415	15415	15415.jpg	14905.jpg	shuffled	14905	14905
15416	15416	15416.jpg	03806.jpg	shuffled	03806	03806
15417	15417	15417.jpg	17674.jpg	shuffled	17674	17674
15418	15418	15418.jpg	04639.jpg	shuffled	04639	04639
15419	15419	15419.jpg	12920.jpg	shuffled	12920	12920
15420	15420	15420.jpg	04283.jpg	shuffled	04283	04283
15421	15421	15421.jpg	00233.jpg	shuffled	00233	00233
15422	15422	15422.jpg	08343.jpg	shuffled	08343	08343
15423	15423	15423.jpg	03532.jpg	shuffled	03532	03532
15424	15424	15424.jpg	00651.jpg	shuffled	00651	00651
15425	15425	15425.jpg	01484.jpg	shuffled	01484	01484
15426	15426	15426.jpg	00890.jpg	shuffled	00890	00890
15427	15427	15427.jpg	02275.jpg	shuffled	02275	02275
15428	15428	15428.jpg	05793.jpg	shuffled	05793	05793
15429	15429	15429.jpg	04326.jpg	shuffled	04326	04326
15430	15430	15430.jpg	08950.jpg	shuffled	08950	08950
15431	15431	15431.jpg	02399.jpg	shuffled	02399	02399
15432	15432	15432.jpg	13961.jpg	shuffled	13961	13961
15433	15433	15433.jpg	12354.jpg	shuffled	12354	12354
15434	15434	15434.jpg	05317.jpg	shuffled	05317	05317
15435	15435	15435.jpg	12089.jpg	shuffled	12089	12089
15436	15436	15436.jpg	09926.jpg	shuffled	09926	09926
15437	15437	15437.jpg	04136.jpg	shuffled	04136	04136
15438	15438	15438.jpg	15594.jpg	shuffled	15594	15594
15439	15439	15439.jpg	17681.jpg	shuffled	17681	17681
15440	15440	15440.jpg	06539.jpg	shuffled	06539	06539
15441	15441	15441.jpg	09218.jpg	shuffled	09218	09218
15442	15442	15442.jpg	04745.jpg	shuffled	04745	04745
15443	15443	15443.jpg	02081.jpg	shuffled	02081	02081
15444	15444	15444.jpg	07333.jpg	shuffled	07333	07333
15445	15445	15445.jpg	03394.jpg	shuffled	03394	03394
15446	15446	15446.jpg	15914.jpg	shuffled	15914	15914
15447	15447	15447.jpg	13234.jpg	shuffled	13234	13234
15448	15448	15448.jpg	10685.jpg	shuffled	10685	10685
15449	15449	15449.jpg	07804.jpg	shuffled	07804	07804
15450	15450	15450.jpg	05291.jpg	shuffled	05291	05291
15451	15451	15451.jpg	09788.jpg	shuffled	09788	09788
15452	15452	15452.jpg	16940.jpg	shuffled	16940	16940
15453	15453	15453.jpg	04322.jpg	shuffled	04322	04322
15454	15454	15454.jpg	11687.jpg	shuffled	11687	11687
15455	15455	15455.jpg	16525.jpg	shuffled	16525	16525
15456	15456	15456.jpg	00147.jpg	shuffled	00147	00147
15457	15457	15457.jpg	14225.jpg	shuffled	14225	14225
15458	15458	15458.jpg	08400.jpg	shuffled	08400	08400
15459	15459	15459.jpg	12249.jpg	shuffled	12249	12249
15460	15460	15460.jpg	00469.jpg	shuffled	00469	00469
15461	15461	15461.jpg	12323.jpg	shuffled	12323	12323
15462	15462	15462.jpg	06813.jpg	shuffled	06813	06813
15463	15463	15463.jpg	11125.jpg	shuffled	11125	11125
15464	15464	15464.jpg	00291.jpg	shuffled	00291	00291
15465	15465	15465.jpg	13568.jpg	shuffled	13568	13568
15466	15466	15466.jpg	13825.jpg	shuffled	13825	13825
15467	15467	15467.jpg	10484.jpg	shuffled	10484	10484
15468	15468	15468.jpg	05962.jpg	shuffled	05962	05962
15469	15469	15469.jpg	17983.jpg	shuffled	17983	17983
15470	15470	15470.jpg	07325.jpg	shuffled	07325	07325
15471	15471	15471.jpg	01855.jpg	shuffled	01855	01855
15472	15472	15472.jpg	14420.jpg	shuffled	14420	14420
15473	15473	15473.jpg	12320.jpg	shuffled	12320	12320
15474	15474	15474.jpg	10488.jpg	shuffled	10488	10488
15475	15475	15475.jpg	16891.jpg	shuffled	16891	16891
15476	15476	15476.jpg	00637.jpg	shuffled	00637	00637
15477	15477	15477.jpg	15821.jpg	shuffled	15821	15821
15478	15478	15478.jpg	13491.jpg	shuffled	13491	13491
15479	15479	15479.jpg	17792.jpg	shuffled	17792	17792
15480	15480	15480.jpg	04008.jpg	shuffled	04008	04008
15481	15481	15481.jpg	17908.jpg	shuffled	17908	17908
15482	15482	15482.jpg	04208.jpg	shuffled	04208	04208
15483	15483	15483.jpg	13626.jpg	shuffled	13626	13626
15484	15484	15484.jpg	15003.jpg	shuffled	15003	15003
15485	15485	15485.jpg	14970.jpg	shuffled	14970	14970
15486	15486	15486.jpg	02471.jpg	shuffled	02471	02471
15487	15487	15487.jpg	04039.jpg	shuffled	04039	04039
15488	15488	15488.jpg	04827.jpg	shuffled	04827	04827
15489	15489	15489.jpg	10592.jpg	shuffled	10592	10592
15490	15490	15490.jpg	03770.jpg	shuffled	03770	03770
15491	15491	15491.jpg	11781.jpg	shuffled	11781	11781
15492	15492	15492.jpg	10340.jpg	shuffled	10340	10340
15493	15493	15493.jpg	03529.jpg	shuffled	03529	03529
15494	15494	15494.jpg	06016.jpg	shuffled	06016	06016
15495	15495	15495.jpg	02868.jpg	shuffled	02868	02868
15496	15496	15496.jpg	11878.jpg	shuffled	11878	11878
15497	15497	15497.jpg	04591.jpg	shuffled	04591	04591
15498	15498	15498.jpg	00045.jpg	shuffled	00045	00045
15499	15499	15499.jpg	08625.jpg	shuffled	08625	08625
15500	15500	15500.jpg	06247.jpg	shuffled	06247	06247
15501	15501	15501.jpg	01038.jpg	shuffled	01038	01038
15502	15502	15502.jpg	04029.jpg	shuffled	04029	04029
15503	15503	15503.jpg	17028.jpg	shuffled	17028	17028
15504	15504	15504.jpg	13735.jpg	shuffled	13735	13735
15505	15505	15505.jpg	14488.jpg	shuffled	14488	14488
15506	15506	15506.jpg	04449.jpg	shuffled	04449	04449
15507	15507	15507.jpg	12176.jpg	shuffled	12176	12176
15508	15508	15508.jpg	00401.jpg	shuffled	00401	00401
15509	15509	15509.jpg	08001.jpg	shuffled	08001	08001
15510	15510	15510.jpg	02859.jpg	shuffled	02859	02859
15511	15511	15511.jpg	09244.jpg	shuffled	09244	09244
15512	15512	15512.jpg	17815.jpg	shuffled	17815	17815
15513	15513	15513.jpg	15190.jpg	shuffled	15190	15190
15514	15514	15514.jpg	15023.jpg	shuffled	15023	15023
15515	15515	15515.jpg	08348.jpg	shuffled	08348	08348
15516	15516	15516.jpg	05470.jpg	shuffled	05470	05470
15517	15517	15517.jpg	02343.jpg	shuffled	02343	02343
15518	15518	15518.jpg	04977.jpg	shuffled	04977	04977
15519	15519	15519.jpg	15672.jpg	shuffled	15672	15672
15520	15520	15520.jpg	17188.jpg	shuffled	17188	17188
15521	15521	15521.jpg	00398.jpg	shuffled	00398	00398
15522	15522	15522.jpg	07478.jpg	shuffled	07478	07478
15523	15523	15523.jpg	01730.jpg	shuffled	01730	01730
15524	15524	15524.jpg	00618.jpg	shuffled	00618	00618
15525	15525	15525.jpg	00329.jpg	shuffled	00329	00329
15526	15526	15526.jpg	14424.jpg	shuffled	14424	14424
15527	15527	15527.jpg	06595.jpg	shuffled	06595	06595
15528	15528	15528.jpg	01719.jpg	shuffled	01719	01719
15529	15529	15529.jpg	06463.jpg	shuffled	06463	06463
15530	15530	15530.jpg	05235.jpg	shuffled	05235	05235
15531	15531	15531.jpg	06179.jpg	shuffled	06179	06179
15532	15532	15532.jpg	10027.jpg	shuffled	10027	10027
15533	15533	15533.jpg	11063.jpg	shuffled	11063	11063
15534	15534	15534.jpg	08995.jpg	shuffled	08995	08995
15535	15535	15535.jpg	16989.jpg	shuffled	16989	16989
15536	15536	15536.jpg	04614.jpg	shuffled	04614	04614
15537	15537	15537.jpg	12048.jpg	shuffled	12048	12048
15538	15538	15538.jpg	09829.jpg	shuffled	09829	09829
15539	15539	15539.jpg	05542.jpg	shuffled	05542	05542
15540	15540	15540.jpg	07634.jpg	shuffled	07634	07634
15541	15541	15541.jpg	10679.jpg	shuffled	10679	10679
15542	15542	15542.jpg	08942.jpg	shuffled	08942	08942
15543	15543	15543.jpg	15559.jpg	shuffled	15559	15559
15544	15544	15544.jpg	16863.jpg	shuffled	16863	16863
15545	15545	15545.jpg	11093.jpg	shuffled	11093	11093
15546	15546	15546.jpg	04372.jpg	shuffled	04372	04372
15547	15547	15547.jpg	01731.jpg	shuffled	01731	01731
15548	15548	15548.jpg	11013.jpg	shuffled	11013	11013
15549	15549	15549.jpg	11811.jpg	shuffled	11811	11811
15550	15550	15550.jpg	08095.jpg	shuffled	08095	08095
15551	15551	15551.jpg	09656.jpg	shuffled	09656	09656
15552	15552	15552.jpg	07402.jpg	shuffled	07402	07402
15553	15553	15553.jpg	11703.jpg	shuffled	11703	11703
15554	15554	15554.jpg	14653.jpg	shuffled	14653	14653
15555	15555	15555.jpg	01647.jpg	shuffled	01647	01647
15556	15556	15556.jpg	01462.jpg	shuffled	01462	01462
15557	15557	15557.jpg	13454.jpg	shuffled	13454	13454
15558	15558	15558.jpg	01749.jpg	shuffled	01749	01749
15559	15559	15559.jpg	15438.jpg	shuffled	15438	15438
15560	15560	15560.jpg	04661.jpg	shuffled	04661	04661
15561	15561	15561.jpg	11914.jpg	shuffled	11914	11914
15562	15562	15562.jpg	10988.jpg	shuffled	10988	10988
15563	15563	15563.jpg	11214.jpg	shuffled	11214	11214
15564	15564	15564.jpg	16090.jpg	shuffled	16090	16090
15565	15565	15565.jpg	10305.jpg	shuffled	10305	10305
15566	15566	15566.jpg	12781.jpg	shuffled	12781	12781
15567	15567	15567.jpg	09127.jpg	shuffled	09127	09127
15568	15568	15568.jpg	01349.jpg	shuffled	01349	01349
15569	15569	15569.jpg	14480.jpg	shuffled	14480	14480
15570	15570	15570.jpg	09081.jpg	shuffled	09081	09081
15571	15571	15571.jpg	02009.jpg	shuffled	02009	02009
15572	15572	15572.jpg	09216.jpg	shuffled	09216	09216
15573	15573	15573.jpg	16787.jpg	shuffled	16787	16787
15574	15574	15574.jpg	17214.jpg	shuffled	17214	17214
15575	15575	15575.jpg	01157.jpg	shuffled	01157	01157
15576	15576	15576.jpg	17058.jpg	shuffled	17058	17058
15577	15577	15577.jpg	00652.jpg	shuffled	00652	00652
15578	15578	15578.jpg	17321.jpg	shuffled	17321	17321
15579	15579	15579.jpg	14226.jpg	shuffled	14226	14226
15580	15580	15580.jpg	12529.jpg	shuffled	12529	12529
15581	15581	15581.jpg	05874.jpg	shuffled	05874	05874
15582	15582	15582.jpg	12755.jpg	shuffled	12755	12755
15583	15583	15583.jpg	06162.jpg	shuffled	06162	06162
15584	15584	15584.jpg	17421.jpg	shuffled	17421	17421
15585	15585	15585.jpg	10436.jpg	shuffled	10436	10436
15586	15586	15586.jpg	10854.jpg	shuffled	10854	10854
15587	15587	15587.jpg	15050.jpg	shuffled	15050	15050
15588	15588	15588.jpg	15145.jpg	shuffled	15145	15145
15589	15589	15589.jpg	03610.jpg	shuffled	03610	03610
15590	15590	15590.jpg	10102.jpg	shuffled	10102	10102
15591	15591	15591.jpg	16349.jpg	shuffled	16349	16349
15592	15592	15592.jpg	13080.jpg	shuffled	13080	13080
15593	15593	15593.jpg	17069.jpg	shuffled	17069	17069
15594	15594	15594.jpg	11349.jpg	shuffled	11349	11349
15595	15595	15595.jpg	06597.jpg	shuffled	06597	06597
15596	15596	15596.jpg	13584.jpg	shuffled	13584	13584
15597	15597	15597.jpg	07190.jpg	shuffled	07190	07190
15598	15598	15598.jpg	09761.jpg	shuffled	09761	09761
15599	15599	15599.jpg	08878.jpg	shuffled	08878	08878
15600	15600	15600.jpg	12995.jpg	shuffled	12995	12995
15601	15601	15601.jpg	06925.jpg	shuffled	06925	06925
15602	15602	15602.jpg	08268.jpg	shuffled	08268	08268
15603	15603	15603.jpg	00598.jpg	shuffled	00598	00598
15604	15604	15604.jpg	12248.jpg	shuffled	12248	12248
15605	15605	15605.jpg	00452.jpg	shuffled	00452	00452
15606	15606	15606.jpg	09715.jpg	shuffled	09715	09715
15607	15607	15607.jpg	09584.jpg	shuffled	09584	09584
15608	15608	15608.jpg	03498.jpg	shuffled	03498	03498
15609	15609	15609.jpg	03856.jpg	shuffled	03856	03856
15610	15610	15610.jpg	09594.jpg	shuffled	09594	09594
15611	15611	15611.jpg	00435.jpg	shuffled	00435	00435
15612	15612	15612.jpg	02322.jpg	shuffled	02322	02322
15613	15613	15613.jpg	05460.jpg	shuffled	05460	05460
15614	15614	15614.jpg	04805.jpg	shuffled	04805	04805
15615	15615	15615.jpg	15249.jpg	shuffled	15249	15249
15616	15616	15616.jpg	15991.jpg	shuffled	15991	15991
15617	15617	15617.jpg	11533.jpg	shuffled	11533	11533
15618	15618	15618.jpg	10187.jpg	shuffled	10187	10187
15619	15619	15619.jpg	15900.jpg	shuffled	15900	15900
15620	15620	15620.jpg	02325.jpg	shuffled	02325	02325
15621	15621	15621.jpg	11439.jpg	shuffled	11439	11439
15622	15622	15622.jpg	00509.jpg	shuffled	00509	00509
15623	15623	15623.jpg	15859.jpg	shuffled	15859	15859
15624	15624	15624.jpg	03778.jpg	shuffled	03778	03778
15625	15625	15625.jpg	05628.jpg	shuffled	05628	05628
15626	15626	15626.jpg	06226.jpg	shuffled	06226	06226
15627	15627	15627.jpg	02624.jpg	shuffled	02624	02624
15628	15628	15628.jpg	14299.jpg	shuffled	14299	14299
15629	15629	15629.jpg	02853.jpg	shuffled	02853	02853
15630	15630	15630.jpg	12977.jpg	shuffled	12977	12977
15631	15631	15631.jpg	11348.jpg	shuffled	11348	11348
15632	15632	15632.jpg	04275.jpg	shuffled	04275	04275
15633	15633	15633.jpg	14032.jpg	shuffled	14032	14032
15634	15634	15634.jpg	04428.jpg	shuffled	04428	04428
15635	15635	15635.jpg	16001.jpg	shuffled	16001	16001
15636	15636	15636.jpg	04192.jpg	shuffled	04192	04192
15637	15637	15637.jpg	16271.jpg	shuffled	16271	16271
15638	15638	15638.jpg	01670.jpg	shuffled	01670	01670
15639	15639	15639.jpg	16121.jpg	shuffled	16121	16121
15640	15640	15640.jpg	10416.jpg	shuffled	10416	10416
15641	15641	15641.jpg	04206.jpg	shuffled	04206	04206
15642	15642	15642.jpg	14943.jpg	shuffled	14943	14943
15643	15643	15643.jpg	07805.jpg	shuffled	07805	07805
15644	15644	15644.jpg	15415.jpg	shuffled	15415	15415
15645	15645	15645.jpg	12407.jpg	shuffled	12407	12407
15646	15646	15646.jpg	09192.jpg	shuffled	09192	09192
15647	15647	15647.jpg	00739.jpg	shuffled	00739	00739
15648	15648	15648.jpg	01074.jpg	shuffled	01074	01074
15649	15649	15649.jpg	06593.jpg	shuffled	06593	06593
15650	15650	15650.jpg	09092.jpg	shuffled	09092	09092
15651	15651	15651.jpg	10011.jpg	shuffled	10011	10011
15652	15652	15652.jpg	01829.jpg	shuffled	01829	01829
15653	15653	15653.jpg	12416.jpg	shuffled	12416	12416
15654	15654	15654.jpg	10427.jpg	shuffled	10427	10427
15655	15655	15655.jpg	02375.jpg	shuffled	02375	02375
15656	15656	15656.jpg	00597.jpg	shuffled	00597	00597
15657	15657	15657.jpg	16341.jpg	shuffled	16341	16341
15658	15658	15658.jpg	02712.jpg	shuffled	02712	02712
15659	15659	15659.jpg	07395.jpg	shuffled	07395	07395
15660	15660	15660.jpg	05031.jpg	shuffled	05031	05031
15661	15661	15661.jpg	11113.jpg	shuffled	11113	11113
15662	15662	15662.jpg	13818.jpg	shuffled	13818	13818
15663	15663	15663.jpg	00075.jpg	shuffled	00075	00075
15664	15664	15664.jpg	09021.jpg	shuffled	09021	09021
15665	15665	15665.jpg	12907.jpg	shuffled	12907	12907
15666	15666	15666.jpg	14533.jpg	shuffled	14533	14533
15667	15667	15667.jpg	01029.jpg	shuffled	01029	01029
15668	15668	15668.jpg	15790.jpg	shuffled	15790	15790
15669	15669	15669.jpg	15845.jpg	shuffled	15845	15845
15670	15670	15670.jpg	03385.jpg	shuffled	03385	03385
15671	15671	15671.jpg	01860.jpg	shuffled	01860	01860
15672	15672	15672.jpg	17551.jpg	shuffled	17551	17551
15673	15673	15673.jpg	05107.jpg	shuffled	05107	05107
15674	15674	15674.jpg	17752.jpg	shuffled	17752	17752
15675	15675	15675.jpg	11085.jpg	shuffled	11085	11085
15676	15676	15676.jpg	15327.jpg	shuffled	15327	15327
15677	15677	15677.jpg	10074.jpg	shuffled	10074	10074
15678	15678	15678.jpg	06027.jpg	shuffled	06027	06027
15679	15679	15679.jpg	12965.jpg	shuffled	12965	12965
15680	15680	15680.jpg	16445.jpg	shuffled	16445	16445
15681	15681	15681.jpg	17471.jpg	shuffled	17471	17471
15682	15682	15682.jpg	02765.jpg	shuffled	02765	02765
15683	15683	15683.jpg	06568.jpg	shuffled	06568	06568
15684	15684	15684.jpg	01641.jpg	shuffled	01641	01641
15685	15685	15685.jpg	02202.jpg	shuffled	02202	02202
15686	15686	15686.jpg	05936.jpg	shuffled	05936	05936
15687	15687	15687.jpg	17035.jpg	shuffled	17035	17035
15688	15688	15688.jpg	12664.jpg	shuffled	12664	12664
15689	15689	15689.jpg	03450.jpg	shuffled	03450	03450
15690	15690	15690.jpg	17164.jpg	shuffled	17164	17164
15691	15691	15691.jpg	07166.jpg	shuffled	07166	07166
15692	15692	15692.jpg	16994.jpg	shuffled	16994	16994
15693	15693	15693.jpg	01612.jpg	shuffled	01612	01612
15694	15694	15694.jpg	08897.jpg	shuffled	08897	08897
15695	15695	15695.jpg	04826.jpg	shuffled	04826	04826
15696	15696	15696.jpg	13236.jpg	shuffled	13236	13236
15697	15697	15697.jpg	09287.jpg	shuffled	09287	09287
15698	15698	15698.jpg	16421.jpg	shuffled	16421	16421
15699	15699	15699.jpg	12640.jpg	shuffled	12640	12640
15700	15700	15700.jpg	10096.jpg	shuffled	10096	10096
15701	15701	15701.jpg	15494.jpg	shuffled	15494	15494
15702	15702	15702.jpg	13281.jpg	shuffled	13281	13281
15703	15703	15703.jpg	17341.jpg	shuffled	17341	17341
15704	15704	15704.jpg	01230.jpg	shuffled	01230	01230
15705	15705	15705.jpg	05926.jpg	shuffled	05926	05926
15706	15706	15706.jpg	10575.jpg	shuffled	10575	10575
15707	15707	15707.jpg	06609.jpg	shuffled	06609	06609
15708	15708	15708.jpg	17513.jpg	shuffled	17513	17513
15709	15709	15709.jpg	03243.jpg	shuffled	03243	03243
15710	15710	15710.jpg	15942.jpg	shuffled	15942	15942
15711	15711	15711.jpg	13836.jpg	shuffled	13836	13836
15712	15712	15712.jpg	07187.jpg	shuffled	07187	07187
15713	15713	15713.jpg	12611.jpg	shuffled	12611	12611
15714	15714	15714.jpg	09334.jpg	shuffled	09334	09334
15715	15715	15715.jpg	03327.jpg	shuffled	03327	03327
15716	15716	15716.jpg	12450.jpg	shuffled	12450	12450
15717	15717	15717.jpg	04921.jpg	shuffled	04921	04921
15718	15718	15718.jpg	16982.jpg	shuffled	16982	16982
15719	15719	15719.jpg	14606.jpg	shuffled	14606	14606
15720	15720	15720.jpg	02529.jpg	shuffled	02529	02529
15721	15721	15721.jpg	16560.jpg	shuffled	16560	16560
15722	15722	15722.jpg	13372.jpg	shuffled	13372	13372
15723	15723	15723.jpg	01160.jpg	shuffled	01160	01160
15724	15724	15724.jpg	09440.jpg	shuffled	09440	09440
15725	15725	15725.jpg	00942.jpg	shuffled	00942	00942
15726	15726	15726.jpg	14237.jpg	shuffled	14237	14237
15727	15727	15727.jpg	09293.jpg	shuffled	09293	09293
15728	15728	15728.jpg	13651.jpg	shuffled	13651	13651
15729	15729	15729.jpg	17953.jpg	shuffled	17953	17953
15730	15730	15730.jpg	14831.jpg	shuffled	14831	14831
15731	15731	15731.jpg	13787.jpg	shuffled	13787	13787
15732	15732	15732.jpg	04297.jpg	shuffled	04297	04297
15733	15733	15733.jpg	17216.jpg	shuffled	17216	17216
15734	15734	15734.jpg	12751.jpg	shuffled	12751	12751
15735	15735	15735.jpg	05448.jpg	shuffled	05448	05448
15736	15736	15736.jpg	13548.jpg	shuffled	13548	13548
15737	15737	15737.jpg	11181.jpg	shuffled	11181	11181
15738	15738	15738.jpg	09430.jpg	shuffled	09430	09430
15739	15739	15739.jpg	12348.jpg	shuffled	12348	12348
15740	15740	15740.jpg	05550.jpg	shuffled	05550	05550
15741	15741	15741.jpg	11668.jpg	shuffled	11668	11668
15742	15742	15742.jpg	04922.jpg	shuffled	04922	04922
15743	15743	15743.jpg	17030.jpg	shuffled	17030	17030
15744	15744	15744.jpg	03001.jpg	shuffled	03001	03001
15745	15745	15745.jpg	14106.jpg	shuffled	14106	14106
15746	15746	15746.jpg	17294.jpg	shuffled	17294	17294
15747	15747	15747.jpg	01236.jpg	shuffled	01236	01236
15748	15748	15748.jpg	11725.jpg	shuffled	11725	11725
15749	15749	15749.jpg	08973.jpg	shuffled	08973	08973
15750	15750	15750.jpg	17650.jpg	shuffled	17650	17650
15751	15751	15751.jpg	02819.jpg	shuffled	02819	02819
15752	15752	15752.jpg	13525.jpg	shuffled	13525	13525
15753	15753	15753.jpg	10064.jpg	shuffled	10064	10064
15754	15754	15754.jpg	15627.jpg	shuffled	15627	15627
15755	15755	15755.jpg	05066.jpg	shuffled	05066	05066
15756	15756	15756.jpg	00704.jpg	shuffled	00704	00704
15757	15757	15757.jpg	01893.jpg	shuffled	01893	01893
15758	15758	15758.jpg	00595.jpg	shuffled	00595	00595
15759	15759	15759.jpg	05652.jpg	shuffled	05652	05652
15760	15760	15760.jpg	01285.jpg	shuffled	01285	01285
15761	15761	15761.jpg	01119.jpg	shuffled	01119	01119
15762	15762	15762.jpg	16433.jpg	shuffled	16433	16433
15763	15763	15763.jpg	03601.jpg	shuffled	03601	03601
15764	15764	15764.jpg	08039.jpg	shuffled	08039	08039
15765	15765	15765.jpg	07008.jpg	shuffled	07008	07008
15766	15766	15766.jpg	16167.jpg	shuffled	16167	16167
15767	15767	15767.jpg	02848.jpg	shuffled	02848	02848
15768	15768	15768.jpg	06399.jpg	shuffled	06399	06399
15769	15769	15769.jpg	11611.jpg	shuffled	11611	11611
15770	15770	15770.jpg	09741.jpg	shuffled	09741	09741
15771	15771	15771.jpg	02141.jpg	shuffled	02141	02141
15772	15772	15772.jpg	00592.jpg	shuffled	00592	00592
15773	15773	15773.jpg	13829.jpg	shuffled	13829	13829
15774	15774	15774.jpg	03501.jpg	shuffled	03501	03501
15775	15775	15775.jpg	17833.jpg	shuffled	17833	17833
15776	15776	15776.jpg	07917.jpg	shuffled	07917	07917
15777	15777	15777.jpg	07944.jpg	shuffled	07944	07944
15778	15778	15778.jpg	12846.jpg	shuffled	12846	12846
15779	15779	15779.jpg	03847.jpg	shuffled	03847	03847
15780	15780	15780.jpg	16652.jpg	shuffled	16652	16652
15781	15781	15781.jpg	05494.jpg	shuffled	05494	05494
15782	15782	15782.jpg	11721.jpg	shuffled	11721	11721
15783	15783	15783.jpg	03572.jpg	shuffled	03572	03572
15784	15784	15784.jpg	16945.jpg	shuffled	16945	16945
15785	15785	15785.jpg	06528.jpg	shuffled	06528	06528
15786	15786	15786.jpg	05961.jpg	shuffled	05961	05961
15787	15787	15787.jpg	02509.jpg	shuffled	02509	02509
15788	15788	15788.jpg	08827.jpg	shuffled	08827	08827
15789	15789	15789.jpg	04675.jpg	shuffled	04675	04675
15790	15790	15790.jpg	09423.jpg	shuffled	09423	09423
15791	15791	15791.jpg	00762.jpg	shuffled	00762	00762
15792	15792	15792.jpg	08667.jpg	shuffled	08667	08667
15793	15793	15793.jpg	09338.jpg	shuffled	09338	09338
15794	15794	15794.jpg	00908.jpg	shuffled	00908	00908
15795	15795	15795.jpg	12326.jpg	shuffled	12326	12326
15796	15796	15796.jpg	07129.jpg	shuffled	07129	07129
15797	15797	15797.jpg	12591.jpg	shuffled	12591	12591
15798	15798	15798.jpg	00946.jpg	shuffled	00946	00946
15799	15799	15799.jpg	13198.jpg	shuffled	13198	13198
15800	15800	15800.jpg	04093.jpg	shuffled	04093	04093
15801	15801	15801.jpg	14356.jpg	shuffled	14356	14356
15802	15802	15802.jpg	09012.jpg	shuffled	09012	09012
15803	15803	15803.jpg	11123.jpg	shuffled	11123	11123
15804	15804	15804.jpg	06265.jpg	shuffled	06265	06265
15805	15805	15805.jpg	14761.jpg	shuffled	14761	14761
15806	15806	15806.jpg	11963.jpg	shuffled	11963	11963
15807	15807	15807.jpg	03942.jpg	shuffled	03942	03942
15808	15808	15808.jpg	15603.jpg	shuffled	15603	15603
15809	15809	15809.jpg	14920.jpg	shuffled	14920	14920
15810	15810	15810.jpg	12175.jpg	shuffled	12175	12175
15811	15811	15811.jpg	08889.jpg	shuffled	08889	08889
15812	15812	15812.jpg	11606.jpg	shuffled	11606	11606
15813	15813	15813.jpg	13064.jpg	shuffled	13064	13064
15814	15814	15814.jpg	05264.jpg	shuffled	05264	05264
15815	15815	15815.jpg	03671.jpg	shuffled	03671	03671
15816	15816	15816.jpg	16273.jpg	shuffled	16273	16273
15817	15817	15817.jpg	00127.jpg	shuffled	00127	00127
15818	15818	15818.jpg	00638.jpg	shuffled	00638	00638
15819	15819	15819.jpg	02489.jpg	shuffled	02489	02489
15820	15820	15820.jpg	11704.jpg	shuffled	11704	11704
15821	15821	15821.jpg	17838.jpg	shuffled	17838	17838
15822	15822	15822.jpg	07761.jpg	shuffled	07761	07761
15823	15823	15823.jpg	00235.jpg	shuffled	00235	00235
15824	15824	15824.jpg	04506.jpg	shuffled	04506	04506
15825	15825	15825.jpg	07931.jpg	shuffled	07931	07931
15826	15826	15826.jpg	08591.jpg	shuffled	08591	08591
15827	15827	15827.jpg	02508.jpg	shuffled	02508	02508
15828	15828	15828.jpg	09942.jpg	shuffled	09942	09942
15829	15829	15829.jpg	03063.jpg	shuffled	03063	03063
15830	15830	15830.jpg	16812.jpg	shuffled	16812	16812
15831	15831	15831.jpg	00185.jpg	shuffled	00185	00185
15832	15832	15832.jpg	08841.jpg	shuffled	08841	08841
15833	15833	15833.jpg	06962.jpg	shuffled	06962	06962
15834	15834	15834.jpg	15212.jpg	shuffled	15212	15212
15835	15835	15835.jpg	03310.jpg	shuffled	03310	03310
15836	15836	15836.jpg	13130.jpg	shuffled	13130	13130
15837	15837	15837.jpg	07797.jpg	shuffled	07797	07797
15838	15838	15838.jpg	09072.jpg	shuffled	09072	09072
15839	15839	15839.jpg	11096.jpg	shuffled	11096	11096
15840	15840	15840.jpg	00740.jpg	shuffled	00740	00740
15841	15841	15841.jpg	12975.jpg	shuffled	12975	12975
15842	15842	15842.jpg	08673.jpg	shuffled	08673	08673
15843	15843	15843.jpg	13695.jpg	shuffled	13695	13695
15844	15844	15844.jpg	07010.jpg	shuffled	07010	07010
15845	15845	15845.jpg	11935.jpg	shuffled	11935	11935
15846	15846	15846.jpg	02577.jpg	shuffled	02577	02577
15847	15847	15847.jpg	14126.jpg	shuffled	14126	14126
15848	15848	15848.jpg	01283.jpg	shuffled	01283	01283
15849	15849	15849.jpg	05001.jpg	shuffled	05001	05001
15850	15850	15850.jpg	07631.jpg	shuffled	07631	07631
15851	15851	15851.jpg	08600.jpg	shuffled	08600	08600
15852	15852	15852.jpg	12066.jpg	shuffled	12066	12066
15853	15853	15853.jpg	04511.jpg	shuffled	04511	04511
15854	15854	15854.jpg	06102.jpg	shuffled	06102	06102
15855	15855	15855.jpg	02775.jpg	shuffled	02775	02775
15856	15856	15856.jpg	07837.jpg	shuffled	07837	07837
15857	15857	15857.jpg	09895.jpg	shuffled	09895	09895
15858	15858	15858.jpg	15538.jpg	shuffled	15538	15538
15859	15859	15859.jpg	14830.jpg	shuffled	14830	14830
15860	15860	15860.jpg	07993.jpg	shuffled	07993	07993
15861	15861	15861.jpg	08289.jpg	shuffled	08289	08289
15862	15862	15862.jpg	10782.jpg	shuffled	10782	10782
15863	15863	15863.jpg	06561.jpg	shuffled	06561	06561
15864	15864	15864.jpg	09431.jpg	shuffled	09431	09431
15865	15865	15865.jpg	07199.jpg	shuffled	07199	07199
15866	15866	15866.jpg	17550.jpg	shuffled	17550	17550
15867	15867	15867.jpg	04155.jpg	shuffled	04155	04155
15868	15868	15868.jpg	10521.jpg	shuffled	10521	10521
15869	15869	15869.jpg	06476.jpg	shuffled	06476	06476
15870	15870	15870.jpg	09229.jpg	shuffled	09229	09229
15871	15871	15871.jpg	16584.jpg	shuffled	16584	16584
15872	15872	15872.jpg	10826.jpg	shuffled	10826	10826
15873	15873	15873.jpg	07584.jpg	shuffled	07584	07584
15874	15874	15874.jpg	11815.jpg	shuffled	11815	11815
15875	15875	15875.jpg	17926.jpg	shuffled	17926	17926
15876	15876	15876.jpg	17885.jpg	shuffled	17885	17885
15877	15877	15877.jpg	08416.jpg	shuffled	08416	08416
15878	15878	15878.jpg	14702.jpg	shuffled	14702	14702
15879	15879	15879.jpg	08477.jpg	shuffled	08477	08477
15880	15880	15880.jpg	01682.jpg	shuffled	01682	01682
15881	15881	15881.jpg	02152.jpg	shuffled	02152	02152
15882	15882	15882.jpg	04084.jpg	shuffled	04084	04084
15883	15883	15883.jpg	16568.jpg	shuffled	16568	16568
15884	15884	15884.jpg	10256.jpg	shuffled	10256	10256
15885	15885	15885.jpg	15730.jpg	shuffled	15730	15730
15886	15886	15886.jpg	12854.jpg	shuffled	12854	12854
15887	15887	15887.jpg	02972.jpg	shuffled	02972	02972
15888	15888	15888.jpg	14486.jpg	shuffled	14486	14486
15889	15889	15889.jpg	00934.jpg	shuffled	00934	00934
15890	15890	15890.jpg	08145.jpg	shuffled	08145	08145
15891	15891	15891.jpg	11000.jpg	shuffled	11000	11000
15892	15892	15892.jpg	12815.jpg	shuffled	12815	12815
15893	15893	15893.jpg	01201.jpg	shuffled	01201	01201
15894	15894	15894.jpg	02709.jpg	shuffled	02709	02709
15895	15895	15895.jpg	02087.jpg	shuffled	02087	02087
15896	15896	15896.jpg	15745.jpg	shuffled	15745	15745
15897	15897	15897.jpg	11509.jpg	shuffled	11509	11509
15898	15898	15898.jpg	12964.jpg	shuffled	12964	12964
15899	15899	15899.jpg	02530.jpg	shuffled	02530	02530
15900	15900	15900.jpg	01103.jpg	shuffled	01103	01103
15901	15901	15901.jpg	04184.jpg	shuffled	04184	04184
15902	15902	15902.jpg	01162.jpg	shuffled	01162	01162
15903	15903	15903.jpg	14642.jpg	shuffled	14642	14642
15904	15904	15904.jpg	03251.jpg	shuffled	03251	03251
15905	15905	15905.jpg	14586.jpg	shuffled	14586	14586
15906	15906	15906.jpg	02049.jpg	shuffled	02049	02049
15907	15907	15907.jpg	04453.jpg	shuffled	04453	04453
15908	15908	15908.jpg	14732.jpg	shuffled	14732	14732
15909	15909	15909.jpg	06039.jpg	shuffled	06039	06039
15910	15910	15910.jpg	01591.jpg	shuffled	01591	01591
15911	15911	15911.jpg	02323.jpg	shuffled	02323	02323
15912	15912	15912.jpg	07252.jpg	shuffled	07252	07252
15913	15913	15913.jpg	08153.jpg	shuffled	08153	08153
15914	15914	15914.jpg	04216.jpg	shuffled	04216	04216
15915	15915	15915.jpg	16546.jpg	shuffled	16546	16546
15916	15916	15916.jpg	10756.jpg	shuffled	10756	10756
15917	15917	15917.jpg	12269.jpg	shuffled	12269	12269
15918	15918	15918.jpg	15973.jpg	shuffled	15973	15973
15919	15919	15919.jpg	00741.jpg	shuffled	00741	00741
15920	15920	15920.jpg	16458.jpg	shuffled	16458	16458
15921	15921	15921.jpg	09888.jpg	shuffled	09888	09888
15922	15922	15922.jpg	15986.jpg	shuffled	15986	15986
15923	15923	15923.jpg	04924.jpg	shuffled	04924	04924
15924	15924	15924.jpg	00778.jpg	shuffled	00778	00778
15925	15925	15925.jpg	06769.jpg	shuffled	06769	06769
15926	15926	15926.jpg	13613.jpg	shuffled	13613	13613
15927	15927	15927.jpg	11693.jpg	shuffled	11693	11693
15928	15928	15928.jpg	02478.jpg	shuffled	02478	02478
15929	15929	15929.jpg	06141.jpg	shuffled	06141	06141
15930	15930	15930.jpg	06945.jpg	shuffled	06945	06945
15931	15931	15931.jpg	11171.jpg	shuffled	11171	11171
15932	15932	15932.jpg	02560.jpg	shuffled	02560	02560
15933	15933	15933.jpg	04563.jpg	shuffled	04563	04563
15934	15934	15934.jpg	03247.jpg	shuffled	03247	03247
15935	15935	15935.jpg	14677.jpg	shuffled	14677	14677
15936	15936	15936.jpg	02499.jpg	shuffled	02499	02499
15937	15937	15937.jpg	10520.jpg	shuffled	10520	10520
15938	15938	15938.jpg	13448.jpg	shuffled	13448	13448
15939	15939	15939.jpg	06439.jpg	shuffled	06439	06439
15940	15940	15940.jpg	07342.jpg	shuffled	07342	07342
15941	15941	15941.jpg	13205.jpg	shuffled	13205	13205
15942	15942	15942.jpg	04344.jpg	shuffled	04344	04344
15943	15943	15943.jpg	08895.jpg	shuffled	08895	08895
15944	15944	15944.jpg	17008.jpg	shuffled	17008	17008
15945	15945	15945.jpg	05354.jpg	shuffled	05354	05354
15946	15946	15946.jpg	04997.jpg	shuffled	04997	04997
15947	15947	15947.jpg	10469.jpg	shuffled	10469	10469
15948	15948	15948.jpg	07136.jpg	shuffled	07136	07136
15949	15949	15949.jpg	05692.jpg	shuffled	05692	05692
15950	15950	15950.jpg	14453.jpg	shuffled	14453	14453
15951	15951	15951.jpg	05611.jpg	shuffled	05611	05611
15952	15952	15952.jpg	04972.jpg	shuffled	04972	04972
15953	15953	15953.jpg	04721.jpg	shuffled	04721	04721
15954	15954	15954.jpg	08620.jpg	shuffled	08620	08620
15955	15955	15955.jpg	14808.jpg	shuffled	14808	14808
15956	15956	15956.jpg	06238.jpg	shuffled	06238	06238
15957	15957	15957.jpg	03398.jpg	shuffled	03398	03398
15958	15958	15958.jpg	15811.jpg	shuffled	15811	15811
15959	15959	15959.jpg	04548.jpg	shuffled	04548	04548
15960	15960	15960.jpg	07459.jpg	shuffled	07459	07459
15961	15961	15961.jpg	13321.jpg	shuffled	13321	13321
15962	15962	15962.jpg	08396.jpg	shuffled	08396	08396
15963	15963	15963.jpg	17754.jpg	shuffled	17754	17754
15964	15964	15964.jpg	05770.jpg	shuffled	05770	05770
15965	15965	15965.jpg	17622.jpg	shuffled	17622	17622
15966	15966	15966.jpg	00292.jpg	shuffled	00292	00292
15967	15967	15967.jpg	06147.jpg	shuffled	06147	06147
15968	15968	15968.jpg	17575.jpg	shuffled	17575	17575
15969	15969	15969.jpg	07938.jpg	shuffled	07938	07938
15970	15970	15970.jpg	13536.jpg	shuffled	13536	13536
15971	15971	15971.jpg	00040.jpg	shuffled	00040	00040
15972	15972	15972.jpg	03952.jpg	shuffled	03952	03952
15973	15973	15973.jpg	10916.jpg	shuffled	10916	10916
15974	15974	15974.jpg	01402.jpg	shuffled	01402	01402
15975	15975	15975.jpg	01601.jpg	shuffled	01601	01601
15976	15976	15976.jpg	11035.jpg	shuffled	11035	11035
15977	15977	15977.jpg	05810.jpg	shuffled	05810	05810
15978	15978	15978.jpg	08912.jpg	shuffled	08912	08912
15979	15979	15979.jpg	10378.jpg	shuffled	10378	10378
15980	15980	15980.jpg	14638.jpg	shuffled	14638	14638
15981	15981	15981.jpg	03680.jpg	shuffled	03680	03680
15982	15982	15982.jpg	00623.jpg	shuffled	00623	00623
15983	15983	15983.jpg	06814.jpg	shuffled	06814	06814
15984	15984	15984.jpg	07799.jpg	shuffled	07799	07799
15985	15985	15985.jpg	02987.jpg	shuffled	02987	02987
15986	15986	15986.jpg	17431.jpg	shuffled	17431	17431
15987	15987	15987.jpg	10167.jpg	shuffled	10167	10167
15988	15988	15988.jpg	07393.jpg	shuffled	07393	07393
15989	15989	15989.jpg	02350.jpg	shuffled	02350	02350
15990	15990	15990.jpg	06213.jpg	shuffled	06213	06213
15991	15991	15991.jpg	00713.jpg	shuffled	00713	00713
15992	15992	15992.jpg	03988.jpg	shuffled	03988	03988
15993	15993	15993.jpg	12962.jpg	shuffled	12962	12962
15994	15994	15994.jpg	11156.jpg	shuffled	11156	11156
15995	15995	15995.jpg	05983.jpg	shuffled	05983	05983
15996	15996	15996.jpg	01081.jpg	shuffled	01081	01081
15997	15997	15997.jpg	16435.jpg	shuffled	16435	16435
15998	15998	15998.jpg	00432.jpg	shuffled	00432	00432
15999	15999	15999.jpg	12103.jpg	shuffled	12103	12103
16000	16000	16000.jpg	13711.jpg	shuffled	13711	13711
16001	16001	16001.jpg	04304.jpg	shuffled	04304	04304
16002	16002	16002.jpg	13101.jpg	shuffled	13101	13101
16003	16003	16003.jpg	16200.jpg	shuffled	16200	16200
16004	16004	16004.jpg	04323.jpg	shuffled	04323	04323
16005	16005	16005.jpg	09145.jpg	shuffled	09145	09145
16006	16006	16006.jpg	01642.jpg	shuffled	01642	01642
16007	16007	16007.jpg	04499.jpg	shuffled	04499	04499
16008	16008	16008.jpg	13849.jpg	shuffled	13849	13849
16009	16009	16009.jpg	01906.jpg	shuffled	01906	01906
16010	16010	16010.jpg	14599.jpg	shuffled	14599	14599
16011	16011	16011.jpg	16648.jpg	shuffled	16648	16648
16012	16012	16012.jpg	09517.jpg	shuffled	09517	09517
16013	16013	16013.jpg	04903.jpg	shuffled	04903	04903
16014	16014	16014.jpg	07409.jpg	shuffled	07409	07409
16015	16015	16015.jpg	10680.jpg	shuffled	10680	10680
16016	16016	16016.jpg	14501.jpg	shuffled	14501	14501
16017	16017	16017.jpg	01624.jpg	shuffled	01624	01624
16018	16018	16018.jpg	15913.jpg	shuffled	15913	15913
16019	16019	16019.jpg	07986.jpg	shuffled	07986	07986
16020	16020	16020.jpg	14347.jpg	shuffled	14347	14347
16021	16021	16021.jpg	02517.jpg	shuffled	02517	02517
16022	16022	16022.jpg	00120.jpg	shuffled	00120	00120
16023	16023	16023.jpg	00165.jpg	shuffled	00165	00165
16024	16024	16024.jpg	02027.jpg	shuffled	02027	02027
16025	16025	16025.jpg	10529.jpg	shuffled	10529	10529
16026	16026	16026.jpg	12455.jpg	shuffled	12455	12455
16027	16027	16027.jpg	16735.jpg	shuffled	16735	16735
16028	16028	16028.jpg	04395.jpg	shuffled	04395	04395
16029	16029	16029.jpg	09461.jpg	shuffled	09461	09461
16030	16030	16030.jpg	02824.jpg	shuffled	02824	02824
16031	16031	16031.jpg	10924.jpg	shuffled	10924	10924
16032	16032	16032.jpg	03635.jpg	shuffled	03635	03635
16033	16033	16033.jpg	08549.jpg	shuffled	08549	08549
16034	16034	16034.jpg	16559.jpg	shuffled	16559	16559
16035	16035	16035.jpg	07251.jpg	shuffled	07251	07251
16036	16036	16036.jpg	01571.jpg	shuffled	01571	01571
16037	16037	16037.jpg	14950.jpg	shuffled	14950	14950
16038	16038	16038.jpg	03576.jpg	shuffled	03576	03576
16039	16039	16039.jpg	12100.jpg	shuffled	12100	12100
16040	16040	16040.jpg	00390.jpg	shuffled	00390	00390
16041	16041	16041.jpg	01263.jpg	shuffled	01263	01263
16042	16042	16042.jpg	10850.jpg	shuffled	10850	10850
16043	16043	16043.jpg	08514.jpg	shuffled	08514	08514
16044	16044	16044.jpg	09585.jpg	shuffled	09585	09585
16045	16045	16045.jpg	17211.jpg	shuffled	17211	17211
16046	16046	16046.jpg	16667.jpg	shuffled	16667	16667
16047	16047	16047.jpg	13737.jpg	shuffled	13737	13737
16048	16048	16048.jpg	02910.jpg	shuffled	02910	02910
16049	16049	16049.jpg	00744.jpg	shuffled	00744	00744
16050	16050	16050.jpg	17352.jpg	shuffled	17352	17352
16051	16051	16051.jpg	14318.jpg	shuffled	14318	14318
16052	16052	16052.jpg	06851.jpg	shuffled	06851	06851
16053	16053	16053.jpg	01581.jpg	shuffled	01581	01581
16054	16054	16054.jpg	06834.jpg	shuffled	06834	06834
16055	16055	16055.jpg	13805.jpg	shuffled	13805	13805
16056	16056	16056.jpg	15488.jpg	shuffled	15488	15488
16057	16057	16057.jpg	09054.jpg	shuffled	09054	09054
16058	16058	16058.jpg	13085.jpg	shuffled	13085	13085
16059	16059	16059.jpg	09190.jpg	shuffled	09190	09190
16060	16060	16060.jpg	14985.jpg	shuffled	14985	14985
16061	16061	16061.jpg	02084.jpg	shuffled	02084	02084
16062	16062	16062.jpg	12475.jpg	shuffled	12475	12475
16063	16063	16063.jpg	11049.jpg	shuffled	11049	11049
16064	16064	16064.jpg	02778.jpg	shuffled	02778	02778
16065	16065	16065.jpg	09015.jpg	shuffled	09015	09015
16066	16066	16066.jpg	15839.jpg	shuffled	15839	15839
16067	16067	16067.jpg	06966.jpg	shuffled	06966	06966
16068	16068	16068.jpg	00786.jpg	shuffled	00786	00786
16069	16069	16069.jpg	00108.jpg	shuffled	00108	00108
16070	16070	16070.jpg	06022.jpg	shuffled	06022	06022
16071	16071	16071.jpg	16923.jpg	shuffled	16923	16923
16072	16072	16072.jpg	09648.jpg	shuffled	09648	09648
16073	16073	16073.jpg	07725.jpg	shuffled	07725	07725
16074	16074	16074.jpg	01504.jpg	shuffled	01504	01504
16075	16075	16075.jpg	04527.jpg	shuffled	04527	04527
16076	16076	16076.jpg	17877.jpg	shuffled	17877	17877
16077	16077	16077.jpg	12010.jpg	shuffled	12010	12010
16078	16078	16078.jpg	03187.jpg	shuffled	03187	03187
16079	16079	16079.jpg	01932.jpg	shuffled	01932	01932
16080	16080	16080.jpg	08325.jpg	shuffled	08325	08325
16081	16081	16081.jpg	04356.jpg	shuffled	04356	04356
16082	16082	16082.jpg	00540.jpg	shuffled	00540	00540
16083	16083	16083.jpg	12258.jpg	shuffled	12258	12258
16084	16084	16084.jpg	04666.jpg	shuffled	04666	04666
16085	16085	16085.jpg	03020.jpg	shuffled	03020	03020
16086	16086	16086.jpg	08124.jpg	shuffled	08124	08124
16087	16087	16087.jpg	04007.jpg	shuffled	04007	04007
16088	16088	16088.jpg	07541.jpg	shuffled	07541	07541
16089	16089	16089.jpg	12426.jpg	shuffled	12426	12426
16090	16090	16090.jpg	06230.jpg	shuffled	06230	06230
16091	16091	16091.jpg	05575.jpg	shuffled	05575	05575
16092	16092	16092.jpg	17309.jpg	shuffled	17309	17309
16093	16093	16093.jpg	07327.jpg	shuffled	07327	07327
16094	16094	16094.jpg	14194.jpg	shuffled	14194	14194
16095	16095	16095.jpg	15029.jpg	shuffled	15029	15029
16096	16096	16096.jpg	00780.jpg	shuffled	00780	00780
16097	16097	16097.jpg	07490.jpg	shuffled	07490	07490
16098	16098	16098.jpg	16527.jpg	shuffled	16527	16527
16099	16099	16099.jpg	04796.jpg	shuffled	04796	04796
16100	16100	16100.jpg	01850.jpg	shuffled	01850	01850
16101	16101	16101.jpg	15807.jpg	shuffled	15807	15807
16102	16102	16102.jpg	07712.jpg	shuffled	07712	07712
16103	16103	16103.jpg	08349.jpg	shuffled	08349	08349
16104	16104	16104.jpg	08216.jpg	shuffled	08216	08216
16105	16105	16105.jpg	10551.jpg	shuffled	10551	10551
16106	16106	16106.jpg	15151.jpg	shuffled	15151	15151
16107	16107	16107.jpg	12056.jpg	shuffled	12056	12056
16108	16108	16108.jpg	02349.jpg	shuffled	02349	02349
16109	16109	16109.jpg	08295.jpg	shuffled	08295	08295
16110	16110	16110.jpg	07236.jpg	shuffled	07236	07236
16111	16111	16111.jpg	09577.jpg	shuffled	09577	09577
16112	16112	16112.jpg	11339.jpg	shuffled	11339	11339
16113	16113	16113.jpg	04967.jpg	shuffled	04967	04967
16114	16114	16114.jpg	06853.jpg	shuffled	06853	06853
16115	16115	16115.jpg	00144.jpg	shuffled	00144	00144
16116	16116	16116.jpg	03603.jpg	shuffled	03603	03603
16117	16117	16117.jpg	10343.jpg	shuffled	10343	10343
16118	16118	16118.jpg	05738.jpg	shuffled	05738	05738
16119	16119	16119.jpg	15026.jpg	shuffled	15026	15026
16120	16120	16120.jpg	03965.jpg	shuffled	03965	03965
16121	16121	16121.jpg	14379.jpg	shuffled	14379	14379
16122	16122	16122.jpg	12766.jpg	shuffled	12766	12766
16123	16123	16123.jpg	13881.jpg	shuffled	13881	13881
16124	16124	16124.jpg	12531.jpg	shuffled	12531	12531
16125	16125	16125.jpg	12528.jpg	shuffled	12528	12528
16126	16126	16126.jpg	00327.jpg	shuffled	00327	00327
16127	16127	16127.jpg	03439.jpg	shuffled	03439	03439
16128	16128	16128.jpg	16793.jpg	shuffled	16793	16793
16129	16129	16129.jpg	17881.jpg	shuffled	17881	17881
16130	16130	16130.jpg	07179.jpg	shuffled	07179	07179
16131	16131	16131.jpg	10535.jpg	shuffled	10535	10535
16132	16132	16132.jpg	09267.jpg	shuffled	09267	09267
16133	16133	16133.jpg	13368.jpg	shuffled	13368	13368
16134	16134	16134.jpg	14037.jpg	shuffled	14037	14037
16135	16135	16135.jpg	09666.jpg	shuffled	09666	09666
16136	16136	16136.jpg	10330.jpg	shuffled	10330	10330
16137	16137	16137.jpg	10199.jpg	shuffled	10199	10199
16138	16138	16138.jpg	03675.jpg	shuffled	03675	03675
16139	16139	16139.jpg	04680.jpg	shuffled	04680	04680
16140	16140	16140.jpg	05417.jpg	shuffled	05417	05417
16141	16141	16141.jpg	06688.jpg	shuffled	06688	06688
16142	16142	16142.jpg	05469.jpg	shuffled	05469	05469
16143	16143	16143.jpg	10113.jpg	shuffled	10113	10113
16144	16144	16144.jpg	01399.jpg	shuffled	01399	01399
16145	16145	16145.jpg	06737.jpg	shuffled	06737	06737
16146	16146	16146.jpg	16266.jpg	shuffled	16266	16266
16147	16147	16147.jpg	07839.jpg	shuffled	07839	07839
16148	16148	16148.jpg	00710.jpg	shuffled	00710	00710
16149	16149	16149.jpg	08739.jpg	shuffled	08739	08739
16150	16150	16150.jpg	17544.jpg	shuffled	17544	17544
16151	16151	16151.jpg	08821.jpg	shuffled	08821	08821
16152	16152	16152.jpg	09036.jpg	shuffled	09036	09036
16153	16153	16153.jpg	15372.jpg	shuffled	15372	15372
16154	16154	16154.jpg	11829.jpg	shuffled	11829	11829
16155	16155	16155.jpg	14757.jpg	shuffled	14757	14757
16156	16156	16156.jpg	10632.jpg	shuffled	10632	10632
16157	16157	16157.jpg	10755.jpg	shuffled	10755	10755
16158	16158	16158.jpg	09785.jpg	shuffled	09785	09785
16159	16159	16159.jpg	16688.jpg	shuffled	16688	16688
16160	16160	16160.jpg	04146.jpg	shuffled	04146	04146
16161	16161	16161.jpg	06900.jpg	shuffled	06900	06900
16162	16162	16162.jpg	16407.jpg	shuffled	16407	16407
16163	16163	16163.jpg	02405.jpg	shuffled	02405	02405
16164	16164	16164.jpg	00250.jpg	shuffled	00250	00250
16165	16165	16165.jpg	01215.jpg	shuffled	01215	01215
16166	16166	16166.jpg	05433.jpg	shuffled	05433	05433
16167	16167	16167.jpg	00541.jpg	shuffled	00541	00541
16168	16168	16168.jpg	08193.jpg	shuffled	08193	08193
16169	16169	16169.jpg	09649.jpg	shuffled	09649	09649
16170	16170	16170.jpg	15034.jpg	shuffled	15034	15034
16171	16171	16171.jpg	11591.jpg	shuffled	11591	11591
16172	16172	16172.jpg	15885.jpg	shuffled	15885	15885
16173	16173	16173.jpg	00408.jpg	shuffled	00408	00408
16174	16174	16174.jpg	07623.jpg	shuffled	07623	07623
16175	16175	16175.jpg	07909.jpg	shuffled	07909	07909
16176	16176	16176.jpg	15581.jpg	shuffled	15581	15581
16177	16177	16177.jpg	12123.jpg	shuffled	12123	12123
16178	16178	16178.jpg	09819.jpg	shuffled	09819	09819
16179	16179	16179.jpg	14750.jpg	shuffled	14750	14750
16180	16180	16180.jpg	02079.jpg	shuffled	02079	02079
16181	16181	16181.jpg	01319.jpg	shuffled	01319	01319
16182	16182	16182.jpg	14136.jpg	shuffled	14136	14136
16183	16183	16183.jpg	16745.jpg	shuffled	16745	16745
16184	16184	16184.jpg	02716.jpg	shuffled	02716	02716
16185	16185	16185.jpg	15544.jpg	shuffled	15544	15544
16186	16186	16186.jpg	09605.jpg	shuffled	09605	09605
16187	16187	16187.jpg	17147.jpg	shuffled	17147	17147
16188	16188	16188.jpg	01332.jpg	shuffled	01332	01332
16189	16189	16189.jpg	08029.jpg	shuffled	08029	08029
16190	16190	16190.jpg	00140.jpg	shuffled	00140	00140
16191	16191	16191.jpg	03035.jpg	shuffled	03035	03035
16192	16192	16192.jpg	02483.jpg	shuffled	02483	02483
16193	16193	16193.jpg	03384.jpg	shuffled	03384	03384
16194	16194	16194.jpg	12340.jpg	shuffled	12340	12340
16195	16195	16195.jpg	01686.jpg	shuffled	01686	01686
16196	16196	16196.jpg	03149.jpg	shuffled	03149	03149
16197	16197	16197.jpg	05989.jpg	shuffled	05989	05989
16198	16198	16198.jpg	12270.jpg	shuffled	12270	12270
16199	16199	16199.jpg	16841.jpg	shuffled	16841	16841
16200	16200	16200.jpg	04655.jpg	shuffled	04655	04655
16201	16201	16201.jpg	09363.jpg	shuffled	09363	09363
16202	16202	16202.jpg	00155.jpg	shuffled	00155	00155
16203	16203	16203.jpg	03931.jpg	shuffled	03931	03931
16204	16204	16204.jpg	14880.jpg	shuffled	14880	14880
16205	16205	16205.jpg	16514.jpg	shuffled	16514	16514
16206	16206	16206.jpg	11166.jpg	shuffled	11166	11166
16207	16207	16207.jpg	10352.jpg	shuffled	10352	10352
16208	16208	16208.jpg	08730.jpg	shuffled	08730	08730
16209	16209	16209.jpg	08377.jpg	shuffled	08377	08377
16210	16210	16210.jpg	15485.jpg	shuffled	15485	15485
16211	16211	16211.jpg	05049.jpg	shuffled	05049	05049
16212	16212	16212.jpg	03996.jpg	shuffled	03996	03996
16213	16213	16213.jpg	10883.jpg	shuffled	10883	10883
16214	16214	16214.jpg	01000.jpg	shuffled	01000	01000
16215	16215	16215.jpg	10385.jpg	shuffled	10385	10385
16216	16216	16216.jpg	00563.jpg	shuffled	00563	00563
16217	16217	16217.jpg	09224.jpg	shuffled	09224	09224
16218	16218	16218.jpg	09237.jpg	shuffled	09237	09237
16219	16219	16219.jpg	06888.jpg	shuffled	06888	06888
16220	16220	16220.jpg	17096.jpg	shuffled	17096	17096
16221	16221	16221.jpg	05415.jpg	shuffled	05415	05415
16222	16222	16222.jpg	10942.jpg	shuffled	10942	10942
16223	16223	16223.jpg	14852.jpg	shuffled	14852	14852
16224	16224	16224.jpg	07424.jpg	shuffled	07424	07424
16225	16225	16225.jpg	05914.jpg	shuffled	05914	05914
16226	16226	16226.jpg	12629.jpg	shuffled	12629	12629
16227	16227	16227.jpg	15099.jpg	shuffled	15099	15099
16228	16228	16228.jpg	07624.jpg	shuffled	07624	07624
16229	16229	16229.jpg	15712.jpg	shuffled	15712	15712
16230	16230	16230.jpg	03319.jpg	shuffled	03319	03319
16231	16231	16231.jpg	03947.jpg	shuffled	03947	03947
16232	16232	16232.jpg	04699.jpg	shuffled	04699	04699
16233	16233	16233.jpg	15695.jpg	shuffled	15695	15695
16234	16234	16234.jpg	09317.jpg	shuffled	09317	09317
16235	16235	16235.jpg	01988.jpg	shuffled	01988	01988
16236	16236	16236.jpg	02512.jpg	shuffled	02512	02512
16237	16237	16237.jpg	11279.jpg	shuffled	11279	11279
16238	16238	16238.jpg	17734.jpg	shuffled	17734	17734
16239	16239	16239.jpg	01339.jpg	shuffled	01339	01339
16240	16240	16240.jpg	14556.jpg	shuffled	14556	14556
16241	16241	16241.jpg	00812.jpg	shuffled	00812	00812
16242	16242	16242.jpg	04439.jpg	shuffled	04439	04439
16243	16243	16243.jpg	16223.jpg	shuffled	16223	16223
16244	16244	16244.jpg	08342.jpg	shuffled	08342	08342
16245	16245	16245.jpg	09470.jpg	shuffled	09470	09470
16246	16246	16246.jpg	08395.jpg	shuffled	08395	08395
16247	16247	16247.jpg	13211.jpg	shuffled	13211	13211
16248	16248	16248.jpg	03382.jpg	shuffled	03382	03382
16249	16249	16249.jpg	09835.jpg	shuffled	09835	09835
16250	16250	16250.jpg	09654.jpg	shuffled	09654	09654
16251	16251	16251.jpg	16901.jpg	shuffled	16901	16901
16252	16252	16252.jpg	06617.jpg	shuffled	06617	06617
16253	16253	16253.jpg	16143.jpg	shuffled	16143	16143
16254	16254	16254.jpg	07859.jpg	shuffled	07859	07859
16255	16255	16255.jpg	01527.jpg	shuffled	01527	01527
16256	16256	16256.jpg	01819.jpg	shuffled	01819	01819
16257	16257	16257.jpg	01439.jpg	shuffled	01439	01439
16258	16258	16258.jpg	06180.jpg	shuffled	06180	06180
16259	16259	16259.jpg	07812.jpg	shuffled	07812	07812
16260	16260	16260.jpg	14487.jpg	shuffled	14487	14487
16261	16261	16261.jpg	12922.jpg	shuffled	12922	12922
16262	16262	16262.jpg	15362.jpg	shuffled	15362	15362
16263	16263	16263.jpg	11009.jpg	shuffled	11009	11009
16264	16264	16264.jpg	03995.jpg	shuffled	03995	03995
16265	16265	16265.jpg	11480.jpg	shuffled	11480	11480
16266	16266	16266.jpg	06382.jpg	shuffled	06382	06382
16267	16267	16267.jpg	03709.jpg	shuffled	03709	03709
16268	16268	16268.jpg	17221.jpg	shuffled	17221	17221
16269	16269	16269.jpg	15187.jpg	shuffled	15187	15187
16270	16270	16270.jpg	10002.jpg	shuffled	10002	10002
16271	16271	16271.jpg	16588.jpg	shuffled	16588	16588
16272	16272	16272.jpg	16182.jpg	shuffled	16182	16182
16273	16273	16273.jpg	08725.jpg	shuffled	08725	08725
16274	16274	16274.jpg	14015.jpg	shuffled	14015	14015
16275	16275	16275.jpg	17574.jpg	shuffled	17574	17574
16276	16276	16276.jpg	16092.jpg	shuffled	16092	16092
16277	16277	16277.jpg	15653.jpg	shuffled	15653	15653
16278	16278	16278.jpg	14042.jpg	shuffled	14042	14042
16279	16279	16279.jpg	06223.jpg	shuffled	06223	06223
16280	16280	16280.jpg	11912.jpg	shuffled	11912	11912
16281	16281	16281.jpg	03754.jpg	shuffled	03754	03754
16282	16282	16282.jpg	02631.jpg	shuffled	02631	02631
16283	16283	16283.jpg	00846.jpg	shuffled	00846	00846
16284	16284	16284.jpg	16813.jpg	shuffled	16813	16813
16285	16285	16285.jpg	07608.jpg	shuffled	07608	07608
16286	16286	16286.jpg	03842.jpg	shuffled	03842	03842
16287	16287	16287.jpg	13046.jpg	shuffled	13046	13046
16288	16288	16288.jpg	10451.jpg	shuffled	10451	10451
16289	16289	16289.jpg	17454.jpg	shuffled	17454	17454
16290	16290	16290.jpg	02801.jpg	shuffled	02801	02801
16291	16291	16291.jpg	02520.jpg	shuffled	02520	02520
16292	16292	16292.jpg	09329.jpg	shuffled	09329	09329
16293	16293	16293.jpg	05273.jpg	shuffled	05273	05273
16294	16294	16294.jpg	16686.jpg	shuffled	16686	16686
16295	16295	16295.jpg	12758.jpg	shuffled	12758	12758
16296	16296	16296.jpg	10515.jpg	shuffled	10515	10515
16297	16297	16297.jpg	16518.jpg	shuffled	16518	16518
16298	16298	16298.jpg	06329.jpg	shuffled	06329	06329
16299	16299	16299.jpg	00217.jpg	shuffled	00217	00217
16300	16300	16300.jpg	02706.jpg	shuffled	02706	02706
16301	16301	16301.jpg	14102.jpg	shuffled	14102	14102
16302	16302	16302.jpg	15857.jpg	shuffled	15857	15857
16303	16303	16303.jpg	17351.jpg	shuffled	17351	17351
16304	16304	16304.jpg	13423.jpg	shuffled	13423	13423
16305	16305	16305.jpg	07769.jpg	shuffled	07769	07769
16306	16306	16306.jpg	06580.jpg	shuffled	06580	06580
16307	16307	16307.jpg	14499.jpg	shuffled	14499	14499
16308	16308	16308.jpg	11482.jpg	shuffled	11482	11482
16309	16309	16309.jpg	04815.jpg	shuffled	04815	04815
16310	16310	16310.jpg	06332.jpg	shuffled	06332	06332
16311	16311	16311.jpg	04505.jpg	shuffled	04505	04505
16312	16312	16312.jpg	05204.jpg	shuffled	05204	05204
16313	16313	16313.jpg	13082.jpg	shuffled	13082	13082
16314	16314	16314.jpg	11065.jpg	shuffled	11065	11065
16315	16315	16315.jpg	02276.jpg	shuffled	02276	02276
16316	16316	16316.jpg	04678.jpg	shuffled	04678	04678
16317	16317	16317.jpg	07101.jpg	shuffled	07101	07101
16318	16318	16318.jpg	10936.jpg	shuffled	10936	10936
16319	16319	16319.jpg	13596.jpg	shuffled	13596	13596
16320	16320	16320.jpg	01212.jpg	shuffled	01212	01212
16321	16321	16321.jpg	10935.jpg	shuffled	10935	10935
16322	16322	16322.jpg	04978.jpg	shuffled	04978	04978
16323	16323	16323.jpg	16122.jpg	shuffled	16122	16122
16324	16324	16324.jpg	09366.jpg	shuffled	09366	09366
16325	16325	16325.jpg	08352.jpg	shuffled	08352	08352
16326	16326	16326.jpg	10267.jpg	shuffled	10267	10267
16327	16327	16327.jpg	10752.jpg	shuffled	10752	10752
16328	16328	16328.jpg	16675.jpg	shuffled	16675	16675
16329	16329	16329.jpg	15838.jpg	shuffled	15838	15838
16330	16330	16330.jpg	14176.jpg	shuffled	14176	14176
16331	16331	16331.jpg	10179.jpg	shuffled	10179	10179
16332	16332	16332.jpg	01542.jpg	shuffled	01542	01542
16333	16333	16333.jpg	11502.jpg	shuffled	11502	11502
16334	16334	16334.jpg	03114.jpg	shuffled	03114	03114
16335	16335	16335.jpg	10823.jpg	shuffled	10823	10823
16336	16336	16336.jpg	17336.jpg	shuffled	17336	17336
16337	16337	16337.jpg	12838.jpg	shuffled	12838	12838
16338	16338	16338.jpg	02943.jpg	shuffled	02943	02943
16339	16339	16339.jpg	08171.jpg	shuffled	08171	08171
16340	16340	16340.jpg	11751.jpg	shuffled	11751	11751
16341	16341	16341.jpg	10887.jpg	shuffled	10887	10887
16342	16342	16342.jpg	03354.jpg	shuffled	03354	03354
16343	16343	16343.jpg	06409.jpg	shuffled	06409	06409
16344	16344	16344.jpg	17869.jpg	shuffled	17869	17869
16345	16345	16345.jpg	10426.jpg	shuffled	10426	10426
16346	16346	16346.jpg	01293.jpg	shuffled	01293	01293
16347	16347	16347.jpg	04355.jpg	shuffled	04355	04355
16348	16348	16348.jpg	00799.jpg	shuffled	00799	00799
16349	16349	16349.jpg	05151.jpg	shuffled	05151	05151
16350	16350	16350.jpg	06802.jpg	shuffled	06802	06802
16351	16351	16351.jpg	10491.jpg	shuffled	10491	10491
16352	16352	16352.jpg	13938.jpg	shuffled	13938	13938
16353	16353	16353.jpg	08715.jpg	shuffled	08715	08715
16354	16354	16354.jpg	14422.jpg	shuffled	14422	14422
16355	16355	16355.jpg	12226.jpg	shuffled	12226	12226
16356	16356	16356.jpg	02610.jpg	shuffled	02610	02610
16357	16357	16357.jpg	11978.jpg	shuffled	11978	11978
16358	16358	16358.jpg	14459.jpg	shuffled	14459	14459
16359	16359	16359.jpg	01406.jpg	shuffled	01406	01406
16360	16360	16360.jpg	10904.jpg	shuffled	10904	10904
16361	16361	16361.jpg	11346.jpg	shuffled	11346	11346
16362	16362	16362.jpg	15326.jpg	shuffled	15326	15326
16363	16363	16363.jpg	01385.jpg	shuffled	01385	01385
16364	16364	16364.jpg	17320.jpg	shuffled	17320	17320
16365	16365	16365.jpg	06599.jpg	shuffled	06599	06599
16366	16366	16366.jpg	01472.jpg	shuffled	01472	01472
16367	16367	16367.jpg	09188.jpg	shuffled	09188	09188
16368	16368	16368.jpg	16782.jpg	shuffled	16782	16782
16369	16369	16369.jpg	06876.jpg	shuffled	06876	06876
16370	16370	16370.jpg	17099.jpg	shuffled	17099	17099
16371	16371	16371.jpg	01156.jpg	shuffled	01156	01156
16372	16372	16372.jpg	04153.jpg	shuffled	04153	04153
16373	16373	16373.jpg	16637.jpg	shuffled	16637	16637
16374	16374	16374.jpg	12378.jpg	shuffled	12378	12378
16375	16375	16375.jpg	17668.jpg	shuffled	17668	17668
16376	16376	16376.jpg	04314.jpg	shuffled	04314	04314
16377	16377	16377.jpg	04925.jpg	shuffled	04925	04925
16378	16378	16378.jpg	01154.jpg	shuffled	01154	01154
16379	16379	16379.jpg	01057.jpg	shuffled	01057	01057
16380	16380	16380.jpg	11556.jpg	shuffled	11556	11556
16381	16381	16381.jpg	01425.jpg	shuffled	01425	01425
16382	16382	16382.jpg	15828.jpg	shuffled	15828	15828
16383	16383	16383.jpg	04825.jpg	shuffled	04825	04825
16384	16384	16384.jpg	14058.jpg	shuffled	14058	14058
16385	16385	16385.jpg	00943.jpg	shuffled	00943	00943
16386	16386	16386.jpg	07654.jpg	shuffled	07654	07654
16387	16387	16387.jpg	02837.jpg	shuffled	02837	02837
16388	16388	16388.jpg	09859.jpg	shuffled	09859	09859
16389	16389	16389.jpg	08375.jpg	shuffled	08375	08375
16390	16390	16390.jpg	00225.jpg	shuffled	00225	00225
16391	16391	16391.jpg	09947.jpg	shuffled	09947	09947
16392	16392	16392.jpg	00560.jpg	shuffled	00560	00560
16393	16393	16393.jpg	08871.jpg	shuffled	08871	08871
16394	16394	16394.jpg	11842.jpg	shuffled	11842	11842
16395	16395	16395.jpg	06144.jpg	shuffled	06144	06144
16396	16396	16396.jpg	08726.jpg	shuffled	08726	08726
16397	16397	16397.jpg	14803.jpg	shuffled	14803	14803
16398	16398	16398.jpg	02131.jpg	shuffled	02131	02131
16399	16399	16399.jpg	13224.jpg	shuffled	13224	13224
16400	16400	16400.jpg	06963.jpg	shuffled	06963	06963
16401	16401	16401.jpg	00467.jpg	shuffled	00467	00467
16402	16402	16402.jpg	04139.jpg	shuffled	04139	04139
16403	16403	16403.jpg	04695.jpg	shuffled	04695	04695
16404	16404	16404.jpg	04083.jpg	shuffled	04083	04083
16405	16405	16405.jpg	09472.jpg	shuffled	09472	09472
16406	16406	16406.jpg	06181.jpg	shuffled	06181	06181
16407	16407	16407.jpg	02997.jpg	shuffled	02997	02997
16408	16408	16408.jpg	13551.jpg	shuffled	13551	13551
16409	16409	16409.jpg	09762.jpg	shuffled	09762	09762
16410	16410	16410.jpg	11996.jpg	shuffled	11996	11996
16411	16411	16411.jpg	07485.jpg	shuffled	07485	07485
16412	16412	16412.jpg	17440.jpg	shuffled	17440	17440
16413	16413	16413.jpg	16571.jpg	shuffled	16571	16571
16414	16414	16414.jpg	13879.jpg	shuffled	13879	13879
16415	16415	16415.jpg	08790.jpg	shuffled	08790	08790
16416	16416	16416.jpg	01482.jpg	shuffled	01482	01482
16417	16417	16417.jpg	04397.jpg	shuffled	04397	04397
16418	16418	16418.jpg	10567.jpg	shuffled	10567	10567
16419	16419	16419.jpg	12589.jpg	shuffled	12589	12589
16420	16420	16420.jpg	06944.jpg	shuffled	06944	06944
16421	16421	16421.jpg	12291.jpg	shuffled	12291	12291
16422	16422	16422.jpg	15315.jpg	shuffled	15315	15315
16423	16423	16423.jpg	00057.jpg	shuffled	00057	00057
16424	16424	16424.jpg	12699.jpg	shuffled	12699	12699
16425	16425	16425.jpg	16192.jpg	shuffled	16192	16192
16426	16426	16426.jpg	11753.jpg	shuffled	11753	11753
16427	16427	16427.jpg	11964.jpg	shuffled	11964	11964
16428	16428	16428.jpg	05178.jpg	shuffled	05178	05178
16429	16429	16429.jpg	10422.jpg	shuffled	10422	10422
16430	16430	16430.jpg	16454.jpg	shuffled	16454	16454
16431	16431	16431.jpg	02450.jpg	shuffled	02450	02450
16432	16432	16432.jpg	10218.jpg	shuffled	10218	10218
16433	16433	16433.jpg	04412.jpg	shuffled	04412	04412
16434	16434	16434.jpg	10846.jpg	shuffled	10846	10846
16435	16435	16435.jpg	17844.jpg	shuffled	17844	17844
16436	16436	16436.jpg	02221.jpg	shuffled	02221	02221
16437	16437	16437.jpg	12800.jpg	shuffled	12800	12800
16438	16438	16438.jpg	10550.jpg	shuffled	10550	10550
16439	16439	16439.jpg	06279.jpg	shuffled	06279	06279
16440	16440	16440.jpg	03994.jpg	shuffled	03994	03994
16441	16441	16441.jpg	11805.jpg	shuffled	11805	11805
16442	16442	16442.jpg	14147.jpg	shuffled	14147	14147
16443	16443	16443.jpg	11002.jpg	shuffled	11002	11002
16444	16444	16444.jpg	05347.jpg	shuffled	05347	05347
16445	16445	16445.jpg	05129.jpg	shuffled	05129	05129
16446	16446	16446.jpg	03145.jpg	shuffled	03145	03145
16447	16447	16447.jpg	15891.jpg	shuffled	15891	15891
16448	16448	16448.jpg	12573.jpg	shuffled	12573	12573
16449	16449	16449.jpg	07433.jpg	shuffled	07433	07433
16450	16450	16450.jpg	08010.jpg	shuffled	08010	08010
16451	16451	16451.jpg	02444.jpg	shuffled	02444	02444
16452	16452	16452.jpg	05191.jpg	shuffled	05191	05191
16453	16453	16453.jpg	10797.jpg	shuffled	10797	10797
16454	16454	16454.jpg	17595.jpg	shuffled	17595	17595
16455	16455	16455.jpg	00756.jpg	shuffled	00756	00756
16456	16456	16456.jpg	15848.jpg	shuffled	15848	15848
16457	16457	16457.jpg	02073.jpg	shuffled	02073	02073
16458	16458	16458.jpg	06615.jpg	shuffled	06615	06615
16459	16459	16459.jpg	00162.jpg	shuffled	00162	00162
16460	16460	16460.jpg	06995.jpg	shuffled	06995	06995
16461	16461	16461.jpg	04504.jpg	shuffled	04504	04504
16462	16462	16462.jpg	17357.jpg	shuffled	17357	17357
16463	16463	16463.jpg	09427.jpg	shuffled	09427	09427
16464	16464	16464.jpg	16482.jpg	shuffled	16482	16482
16465	16465	16465.jpg	02297.jpg	shuffled	02297	02297
16466	16466	16466.jpg	17029.jpg	shuffled	17029	17029
16467	16467	16467.jpg	11636.jpg	shuffled	11636	11636
16468	16468	16468.jpg	01649.jpg	shuffled	01649	01649
16469	16469	16469.jpg	08273.jpg	shuffled	08273	08273
16470	16470	16470.jpg	03047.jpg	shuffled	03047	03047
16471	16471	16471.jpg	05574.jpg	shuffled	05574	05574
16472	16472	16472.jpg	17973.jpg	shuffled	17973	17973
16473	16473	16473.jpg	06375.jpg	shuffled	06375	06375
16474	16474	16474.jpg	12434.jpg	shuffled	12434	12434
16475	16475	16475.jpg	00668.jpg	shuffled	00668	00668
16476	16476	16476.jpg	00513.jpg	shuffled	00513	00513
16477	16477	16477.jpg	01628.jpg	shuffled	01628	01628
16478	16478	16478.jpg	01826.jpg	shuffled	01826	01826
16479	16479	16479.jpg	12632.jpg	shuffled	12632	12632
16480	16480	16480.jpg	04872.jpg	shuffled	04872	04872
16481	16481	16481.jpg	03825.jpg	shuffled	03825	03825
16482	16482	16482.jpg	04834.jpg	shuffled	04834	04834
16483	16483	16483.jpg	12319.jpg	shuffled	12319	12319
16484	16484	16484.jpg	09195.jpg	shuffled	09195	09195
16485	16485	16485.jpg	11442.jpg	shuffled	11442	11442
16486	16486	16486.jpg	15333.jpg	shuffled	15333	15333
16487	16487	16487.jpg	08423.jpg	shuffled	08423	08423
16488	16488	16488.jpg	02408.jpg	shuffled	02408	02408
16489	16489	16489.jpg	03599.jpg	shuffled	03599	03599
16490	16490	16490.jpg	05252.jpg	shuffled	05252	05252
16491	16491	16491.jpg	13444.jpg	shuffled	13444	13444
16492	16492	16492.jpg	07957.jpg	shuffled	07957	07957
16493	16493	16493.jpg	15039.jpg	shuffled	15039	15039
16494	16494	16494.jpg	02657.jpg	shuffled	02657	02657
16495	16495	16495.jpg	08843.jpg	shuffled	08843	08843
16496	16496	16496.jpg	01901.jpg	shuffled	01901	01901
16497	16497	16497.jpg	15496.jpg	shuffled	15496	15496
16498	16498	16498.jpg	01012.jpg	shuffled	01012	01012
16499	16499	16499.jpg	06734.jpg	shuffled	06734	06734
16500	16500	16500.jpg	15262.jpg	shuffled	15262	15262
16501	16501	16501.jpg	11678.jpg	shuffled	11678	11678
16502	16502	16502.jpg	12594.jpg	shuffled	12594	12594
16503	16503	16503.jpg	07979.jpg	shuffled	07979	07979
16504	16504	16504.jpg	13438.jpg	shuffled	13438	13438
16505	16505	16505.jpg	16171.jpg	shuffled	16171	16171
16506	16506	16506.jpg	16603.jpg	shuffled	16603	16603
16507	16507	16507.jpg	16725.jpg	shuffled	16725	16725
16508	16508	16508.jpg	16721.jpg	shuffled	16721	16721
16509	16509	16509.jpg	07153.jpg	shuffled	07153	07153
16510	16510	16510.jpg	09783.jpg	shuffled	09783	09783
16511	16511	16511.jpg	06634.jpg	shuffled	06634	06634
16512	16512	16512.jpg	07417.jpg	shuffled	07417	07417
16513	16513	16513.jpg	16631.jpg	shuffled	16631	16631
16514	16514	16514.jpg	05206.jpg	shuffled	05206	05206
16515	16515	16515.jpg	06273.jpg	shuffled	06273	06273
16516	16516	16516.jpg	07872.jpg	shuffled	07872	07872
16517	16517	16517.jpg	17038.jpg	shuffled	17038	17038
16518	16518	16518.jpg	00186.jpg	shuffled	00186	00186
16519	16519	16519.jpg	15534.jpg	shuffled	15534	15534
16520	16520	16520.jpg	00440.jpg	shuffled	00440	00440
16521	16521	16521.jpg	07763.jpg	shuffled	07763	07763
16522	16522	16522.jpg	07922.jpg	shuffled	07922	07922
16523	16523	16523.jpg	08611.jpg	shuffled	08611	08611
16524	16524	16524.jpg	08946.jpg	shuffled	08946	08946
16525	16525	16525.jpg	09406.jpg	shuffled	09406	09406
16526	16526	16526.jpg	07539.jpg	shuffled	07539	07539
16527	16527	16527.jpg	09039.jpg	shuffled	09039	09039
16528	16528	16528.jpg	10734.jpg	shuffled	10734	10734
16529	16529	16529.jpg	16984.jpg	shuffled	16984	16984
16530	16530	16530.jpg	03662.jpg	shuffled	03662	03662
16531	16531	16531.jpg	15611.jpg	shuffled	15611	15611
16532	16532	16532.jpg	17649.jpg	shuffled	17649	17649
16533	16533	16533.jpg	12618.jpg	shuffled	12618	12618
16534	16534	16534.jpg	10476.jpg	shuffled	10476	10476
16535	16535	16535.jpg	12507.jpg	shuffled	12507	12507
16536	16536	16536.jpg	13809.jpg	shuffled	13809	13809
16537	16537	16537.jpg	09518.jpg	shuffled	09518	09518
16538	16538	16538.jpg	04900.jpg	shuffled	04900	04900
16539	16539	16539.jpg	09486.jpg	shuffled	09486	09486
16540	16540	16540.jpg	07104.jpg	shuffled	07104	07104
16541	16541	16541.jpg	03214.jpg	shuffled	03214	03214
16542	16542	16542.jpg	01044.jpg	shuffled	01044	01044
16543	16543	16543.jpg	04311.jpg	shuffled	04311	04311
16544	16544	16544.jpg	12828.jpg	shuffled	12828	12828
16545	16545	16545.jpg	00847.jpg	shuffled	00847	00847
16546	16546	16546.jpg	00925.jpg	shuffled	00925	00925
16547	16547	16547.jpg	05924.jpg	shuffled	05924	05924
16548	16548	16548.jpg	09732.jpg	shuffled	09732	09732
16549	16549	16549.jpg	10629.jpg	shuffled	10629	10629
16550	16550	16550.jpg	06637.jpg	shuffled	06637	06637
16551	16551	16551.jpg	13994.jpg	shuffled	13994	13994
16552	16552	16552.jpg	04558.jpg	shuffled	04558	04558
16553	16553	16553.jpg	13249.jpg	shuffled	13249	13249
16554	16554	16554.jpg	17701.jpg	shuffled	17701	17701
16555	16555	16555.jpg	04213.jpg	shuffled	04213	04213
16556	16556	16556.jpg	02515.jpg	shuffled	02515	02515
16557	16557	16557.jpg	10299.jpg	shuffled	10299	10299
16558	16558	16558.jpg	13798.jpg	shuffled	13798	13798
16559	16559	16559.jpg	01747.jpg	shuffled	01747	01747
16560	16560	16560.jpg	01876.jpg	shuffled	01876	01876
16561	16561	16561.jpg	15597.jpg	shuffled	15597	15597
16562	16562	16562.jpg	10275.jpg	shuffled	10275	10275
16563	16563	16563.jpg	01766.jpg	shuffled	01766	01766
16564	16564	16564.jpg	12735.jpg	shuffled	12735	12735
16565	16565	16565.jpg	12392.jpg	shuffled	12392	12392
16566	16566	16566.jpg	12859.jpg	shuffled	12859	12859
16567	16567	16567.jpg	08069.jpg	shuffled	08069	08069
16568	16568	16568.jpg	10814.jpg	shuffled	10814	10814
16569	16569	16569.jpg	09636.jpg	shuffled	09636	09636
16570	16570	16570.jpg	11507.jpg	shuffled	11507	11507
16571	16571	16571.jpg	05441.jpg	shuffled	05441	05441
16572	16572	16572.jpg	16548.jpg	shuffled	16548	16548
16573	16573	16573.jpg	01233.jpg	shuffled	01233	01233
16574	16574	16574.jpg	05822.jpg	shuffled	05822	05822
16575	16575	16575.jpg	17730.jpg	shuffled	17730	17730
16576	16576	16576.jpg	03379.jpg	shuffled	03379	03379
16577	16577	16577.jpg	12931.jpg	shuffled	12931	12931
16578	16578	16578.jpg	05759.jpg	shuffled	05759	05759
16579	16579	16579.jpg	04437.jpg	shuffled	04437	04437
16580	16580	16580.jpg	03143.jpg	shuffled	03143	03143
16581	16581	16581.jpg	07100.jpg	shuffled	07100	07100
16582	16582	16582.jpg	14093.jpg	shuffled	14093	14093
16583	16583	16583.jpg	14973.jpg	shuffled	14973	14973
16584	16584	16584.jpg	06051.jpg	shuffled	06051	06051
16585	16585	16585.jpg	09798.jpg	shuffled	09798	09798
16586	16586	16586.jpg	01346.jpg	shuffled	01346	01346
16587	16587	16587.jpg	13259.jpg	shuffled	13259	13259
16588	16588	16588.jpg	05918.jpg	shuffled	05918	05918
16589	16589	16589.jpg	13152.jpg	shuffled	13152	13152
16590	16590	16590.jpg	03410.jpg	shuffled	03410	03410
16591	16591	16591.jpg	06708.jpg	shuffled	06708	06708
16592	16592	16592.jpg	08212.jpg	shuffled	08212	08212
16593	16593	16593.jpg	10127.jpg	shuffled	10127	10127
16594	16594	16594.jpg	00745.jpg	shuffled	00745	00745
16595	16595	16595.jpg	15387.jpg	shuffled	15387	15387
16596	16596	16596.jpg	09084.jpg	shuffled	09084	09084
16597	16597	16597.jpg	17011.jpg	shuffled	17011	17011
16598	16598	16598.jpg	13115.jpg	shuffled	13115	13115
16599	16599	16599.jpg	13201.jpg	shuffled	13201	13201
16600	16600	16600.jpg	09333.jpg	shuffled	09333	09333
16601	16601	16601.jpg	08512.jpg	shuffled	08512	08512
16602	16602	16602.jpg	02267.jpg	shuffled	02267	02267
16603	16603	16603.jpg	12775.jpg	shuffled	12775	12775
16604	16604	16604.jpg	11856.jpg	shuffled	11856	11856
16605	16605	16605.jpg	15781.jpg	shuffled	15781	15781
16606	16606	16606.jpg	15758.jpg	shuffled	15758	15758
16607	16607	16607.jpg	00445.jpg	shuffled	00445	00445
16608	16608	16608.jpg	11578.jpg	shuffled	11578	11578
16609	16609	16609.jpg	08382.jpg	shuffled	08382	08382
16610	16610	16610.jpg	03830.jpg	shuffled	03830	03830
16611	16611	16611.jpg	13035.jpg	shuffled	13035	13035
16612	16612	16612.jpg	17223.jpg	shuffled	17223	17223
16613	16613	16613.jpg	11976.jpg	shuffled	11976	11976
16614	16614	16614.jpg	11702.jpg	shuffled	11702	11702
16615	16615	16615.jpg	15759.jpg	shuffled	15759	15759
16616	16616	16616.jpg	04819.jpg	shuffled	04819	04819
16617	16617	16617.jpg	07726.jpg	shuffled	07726	07726
16618	16618	16618.jpg	12106.jpg	shuffled	12106	12106
16619	16619	16619.jpg	07071.jpg	shuffled	07071	07071
16620	16620	16620.jpg	05203.jpg	shuffled	05203	05203
16621	16621	16621.jpg	14085.jpg	shuffled	14085	14085
16622	16622	16622.jpg	16830.jpg	shuffled	16830	16830
16623	16623	16623.jpg	05485.jpg	shuffled	05485	05485
16624	16624	16624.jpg	03031.jpg	shuffled	03031	03031
16625	16625	16625.jpg	13339.jpg	shuffled	13339	13339
16626	16626	16626.jpg	08959.jpg	shuffled	08959	08959
16627	16627	16627.jpg	16159.jpg	shuffled	16159	16159
16628	16628	16628.jpg	11070.jpg	shuffled	11070	11070
16629	16629	16629.jpg	11803.jpg	shuffled	11803	11803
16630	16630	16630.jpg	01834.jpg	shuffled	01834	01834
16631	16631	16631.jpg	06159.jpg	shuffled	06159	06159
16632	16632	16632.jpg	08236.jpg	shuffled	08236	08236
16633	16633	16633.jpg	14857.jpg	shuffled	14857	14857
16634	16634	16634.jpg	12179.jpg	shuffled	12179	12179
16635	16635	16635.jpg	11120.jpg	shuffled	11120	11120
16636	16636	16636.jpg	01304.jpg	shuffled	01304	01304
16637	16637	16637.jpg	03595.jpg	shuffled	03595	03595
16638	16638	16638.jpg	10357.jpg	shuffled	10357	10357
16639	16639	16639.jpg	05158.jpg	shuffled	05158	05158
16640	16640	16640.jpg	00938.jpg	shuffled	00938	00938
16641	16641	16641.jpg	10914.jpg	shuffled	10914	10914
16642	16642	16642.jpg	00347.jpg	shuffled	00347	00347
16643	16643	16643.jpg	01466.jpg	shuffled	01466	01466
16644	16644	16644.jpg	05306.jpg	shuffled	05306	05306
16645	16645	16645.jpg	08701.jpg	shuffled	08701	08701
16646	16646	16646.jpg	05606.jpg	shuffled	05606	05606
16647	16647	16647.jpg	10818.jpg	shuffled	10818	10818
16648	16648	16648.jpg	17592.jpg	shuffled	17592	17592
16649	16649	16649.jpg	07228.jpg	shuffled	07228	07228
16650	16650	16650.jpg	14007.jpg	shuffled	14007	14007
16651	16651	16651.jpg	13566.jpg	shuffled	13566	13566
16652	16652	16652.jpg	05562.jpg	shuffled	05562	05562
16653	16653	16653.jpg	01098.jpg	shuffled	01098	01098
16654	16654	16654.jpg	12503.jpg	shuffled	12503	12503
16655	16655	16655.jpg	01956.jpg	shuffled	01956	01956
16656	16656	16656.jpg	03622.jpg	shuffled	03622	03622
16657	16657	16657.jpg	08227.jpg	shuffled	08227	08227
16658	16658	16658.jpg	12441.jpg	shuffled	12441	12441
16659	16659	16659.jpg	10072.jpg	shuffled	10072	10072
16660	16660	16660.jpg	05749.jpg	shuffled	05749	05749
16661	16661	16661.jpg	03844.jpg	shuffled	03844	03844
16662	16662	16662.jpg	02823.jpg	shuffled	02823	02823
16663	16663	16663.jpg	02124.jpg	shuffled	02124	02124
16664	16664	16664.jpg	03461.jpg	shuffled	03461	03461
16665	16665	16665.jpg	15970.jpg	shuffled	15970	15970
16666	16666	16666.jpg	02566.jpg	shuffled	02566	02566
16667	16667	16667.jpg	17315.jpg	shuffled	17315	17315
16668	16668	16668.jpg	07830.jpg	shuffled	07830	07830
16669	16669	16669.jpg	07293.jpg	shuffled	07293	07293
16670	16670	16670.jpg	07319.jpg	shuffled	07319	07319
16671	16671	16671.jpg	08806.jpg	shuffled	08806	08806
16672	16672	16672.jpg	02268.jpg	shuffled	02268	02268
16673	16673	16673.jpg	10513.jpg	shuffled	10513	10513
16674	16674	16674.jpg	15215.jpg	shuffled	15215	15215
16675	16675	16675.jpg	02533.jpg	shuffled	02533	02533
16676	16676	16676.jpg	01120.jpg	shuffled	01120	01120
16677	16677	16677.jpg	03526.jpg	shuffled	03526	03526
16678	16678	16678.jpg	08121.jpg	shuffled	08121	08121
16679	16679	16679.jpg	07086.jpg	shuffled	07086	07086
16680	16680	16680.jpg	10602.jpg	shuffled	10602	10602
16681	16681	16681.jpg	11039.jpg	shuffled	11039	11039
16682	16682	16682.jpg	04040.jpg	shuffled	04040	04040
16683	16683	16683.jpg	01839.jpg	shuffled	01839	01839
16684	16684	16684.jpg	03990.jpg	shuffled	03990	03990
16685	16685	16685.jpg	02244.jpg	shuffled	02244	02244
16686	16686	16686.jpg	00663.jpg	shuffled	00663	00663
16687	16687	16687.jpg	17193.jpg	shuffled	17193	17193
16688	16688	16688.jpg	01436.jpg	shuffled	01436	01436
16689	16689	16689.jpg	10093.jpg	shuffled	10093	10093
16690	16690	16690.jpg	11795.jpg	shuffled	11795	11795
16691	16691	16691.jpg	08332.jpg	shuffled	08332	08332
16692	16692	16692.jpg	03790.jpg	shuffled	03790	03790
16693	16693	16693.jpg	09864.jpg	shuffled	09864	09864
16694	16694	16694.jpg	00886.jpg	shuffled	00886	00886
16695	16695	16695.jpg	16165.jpg	shuffled	16165	16165
16696	16696	16696.jpg	00555.jpg	shuffled	00555	00555
16697	16697	16697.jpg	17598.jpg	shuffled	17598	17598
16698	16698	16698.jpg	04607.jpg	shuffled	04607	04607
16699	16699	16699.jpg	11224.jpg	shuffled	11224	11224
16700	16700	16700.jpg	02895.jpg	shuffled	02895	02895
16701	16701	16701.jpg	14387.jpg	shuffled	14387	14387
16702	16702	16702.jpg	16592.jpg	shuffled	16592	16592
16703	16703	16703.jpg	09897.jpg	shuffled	09897	09897
16704	16704	16704.jpg	06680.jpg	shuffled	06680	06680
16705	16705	16705.jpg	15729.jpg	shuffled	15729	15729
16706	16706	16706.jpg	02660.jpg	shuffled	02660	02660
16707	16707	16707.jpg	02973.jpg	shuffled	02973	02973
16708	16708	16708.jpg	00157.jpg	shuffled	00157	00157
16709	16709	16709.jpg	05610.jpg	shuffled	05610	05610
16710	16710	16710.jpg	03102.jpg	shuffled	03102	03102
16711	16711	16711.jpg	17412.jpg	shuffled	17412	17412
16712	16712	16712.jpg	08994.jpg	shuffled	08994	08994
16713	16713	16713.jpg	02589.jpg	shuffled	02589	02589
16714	16714	16714.jpg	04318.jpg	shuffled	04318	04318
16715	16715	16715.jpg	17466.jpg	shuffled	17466	17466
16716	16716	16716.jpg	06225.jpg	shuffled	06225	06225
16717	16717	16717.jpg	02635.jpg	shuffled	02635	02635
16718	16718	16718.jpg	13250.jpg	shuffled	13250	13250
16719	16719	16719.jpg	10369.jpg	shuffled	10369	10369
16720	16720	16720.jpg	00945.jpg	shuffled	00945	00945
16721	16721	16721.jpg	04935.jpg	shuffled	04935	04935
16722	16722	16722.jpg	10095.jpg	shuffled	10095	10095
16723	16723	16723.jpg	14302.jpg	shuffled	14302	14302
16724	16724	16724.jpg	02826.jpg	shuffled	02826	02826
16725	16725	16725.jpg	13992.jpg	shuffled	13992	13992
16726	16726	16726.jpg	14291.jpg	shuffled	14291	14291
16727	16727	16727.jpg	06444.jpg	shuffled	06444	06444
16728	16728	16728.jpg	12278.jpg	shuffled	12278	12278
16729	16729	16729.jpg	02688.jpg	shuffled	02688	02688
16730	16730	16730.jpg	10635.jpg	shuffled	10635	10635
16731	16731	16731.jpg	01566.jpg	shuffled	01566	01566
16732	16732	16732.jpg	17588.jpg	shuffled	17588	17588
16733	16733	16733.jpg	05825.jpg	shuffled	05825	05825
16734	16734	16734.jpg	08065.jpg	shuffled	08065	08065
16735	16735	16735.jpg	15993.jpg	shuffled	15993	15993
16736	16736	16736.jpg	03885.jpg	shuffled	03885	03885
16737	16737	16737.jpg	14001.jpg	shuffled	14001	14001
16738	16738	16738.jpg	03286.jpg	shuffled	03286	03286
16739	16739	16739.jpg	02162.jpg	shuffled	02162	02162
16740	16740	16740.jpg	12188.jpg	shuffled	12188	12188
16741	16741	16741.jpg	12458.jpg	shuffled	12458	12458
16742	16742	16742.jpg	02382.jpg	shuffled	02382	02382
16743	16743	16743.jpg	16151.jpg	shuffled	16151	16151
16744	16744	16744.jpg	08283.jpg	shuffled	08283	08283
16745	16745	16745.jpg	03530.jpg	shuffled	03530	03530
16746	16746	16746.jpg	05230.jpg	shuffled	05230	05230
16747	16747	16747.jpg	07493.jpg	shuffled	07493	07493
16748	16748	16748.jpg	02714.jpg	shuffled	02714	02714
16749	16749	16749.jpg	13474.jpg	shuffled	13474	13474
16750	16750	16750.jpg	00246.jpg	shuffled	00246	00246
16751	16751	16751.jpg	01169.jpg	shuffled	01169	01169
16752	16752	16752.jpg	10571.jpg	shuffled	10571	10571
16753	16753	16753.jpg	05684.jpg	shuffled	05684	05684
16754	16754	16754.jpg	15540.jpg	shuffled	15540	15540
16755	16755	16755.jpg	13330.jpg	shuffled	13330	13330
16756	16756	16756.jpg	03655.jpg	shuffled	03655	03655
16757	16757	16757.jpg	03216.jpg	shuffled	03216	03216
16758	16758	16758.jpg	01435.jpg	shuffled	01435	01435
16759	16759	16759.jpg	03361.jpg	shuffled	03361	03361
16760	16760	16760.jpg	09055.jpg	shuffled	09055	09055
16761	16761	16761.jpg	00850.jpg	shuffled	00850	00850
16762	16762	16762.jpg	01041.jpg	shuffled	01041	01041
16763	16763	16763.jpg	13088.jpg	shuffled	13088	13088
16764	16764	16764.jpg	02071.jpg	shuffled	02071	02071
16765	16765	16765.jpg	15960.jpg	shuffled	15960	15960
16766	16766	16766.jpg	17548.jpg	shuffled	17548	17548
16767	16767	16767.jpg	09513.jpg	shuffled	09513	09513
16768	16768	16768.jpg	08828.jpg	shuffled	08828	08828
16769	16769	16769.jpg	10188.jpg	shuffled	10188	10188
16770	16770	16770.jpg	13272.jpg	shuffled	13272	13272
16771	16771	16771.jpg	13022.jpg	shuffled	13022	13022
16772	16772	16772.jpg	17742.jpg	shuffled	17742	17742
16773	16773	16773.jpg	06419.jpg	shuffled	06419	06419
16774	16774	16774.jpg	13790.jpg	shuffled	13790	13790
16775	16775	16775.jpg	06377.jpg	shuffled	06377	06377
16776	16776	16776.jpg	14476.jpg	shuffled	14476	14476
16777	16777	16777.jpg	04533.jpg	shuffled	04533	04533
16778	16778	16778.jpg	09123.jpg	shuffled	09123	09123
16779	16779	16779.jpg	06336.jpg	shuffled	06336	06336
16780	16780	16780.jpg	02998.jpg	shuffled	02998	02998
16781	16781	16781.jpg	15377.jpg	shuffled	15377	15377
16782	16782	16782.jpg	12396.jpg	shuffled	12396	12396
16783	16783	16783.jpg	09813.jpg	shuffled	09813	09813
16784	16784	16784.jpg	02263.jpg	shuffled	02263	02263
16785	16785	16785.jpg	15505.jpg	shuffled	15505	15505
16786	16786	16786.jpg	01002.jpg	shuffled	01002	01002
16787	16787	16787.jpg	17540.jpg	shuffled	17540	17540
16788	16788	16788.jpg	13619.jpg	shuffled	13619	13619
16789	16789	16789.jpg	12565.jpg	shuffled	12565	12565
16790	16790	16790.jpg	05595.jpg	shuffled	05595	05595
16791	16791	16791.jpg	12538.jpg	shuffled	12538	12538
16792	16792	16792.jpg	13294.jpg	shuffled	13294	13294
16793	16793	16793.jpg	02096.jpg	shuffled	02096	02096
16794	16794	16794.jpg	05017.jpg	shuffled	05017	05017
16795	16795	16795.jpg	06644.jpg	shuffled	06644	06644
16796	16796	16796.jpg	15346.jpg	shuffled	15346	15346
16797	16797	16797.jpg	01864.jpg	shuffled	01864	01864
16798	16798	16798.jpg	09060.jpg	shuffled	09060	09060
16799	16799	16799.jpg	03372.jpg	shuffled	03372	03372
16800	16800	16800.jpg	11443.jpg	shuffled	11443	11443
16801	16801	16801.jpg	09290.jpg	shuffled	09290	09290
16802	16802	16802.jpg	10242.jpg	shuffled	10242	10242
16803	16803	16803.jpg	04377.jpg	shuffled	04377	04377
16804	16804	16804.jpg	01688.jpg	shuffled	01688	01688
16805	16805	16805.jpg	03808.jpg	shuffled	03808	03808
16806	16806	16806.jpg	07737.jpg	shuffled	07737	07737
16807	16807	16807.jpg	13887.jpg	shuffled	13887	13887
16808	16808	16808.jpg	01543.jpg	shuffled	01543	01543
16809	16809	16809.jpg	16007.jpg	shuffled	16007	16007
16810	16810	16810.jpg	03468.jpg	shuffled	03468	03468
16811	16811	16811.jpg	17937.jpg	shuffled	17937	17937
16812	16812	16812.jpg	04240.jpg	shuffled	04240	04240
16813	16813	16813.jpg	08756.jpg	shuffled	08756	08756
16814	16814	16814.jpg	01927.jpg	shuffled	01927	01927
16815	16815	16815.jpg	12244.jpg	shuffled	12244	12244
16816	16816	16816.jpg	00777.jpg	shuffled	00777	00777
16817	16817	16817.jpg	04094.jpg	shuffled	04094	04094
16818	16818	16818.jpg	04770.jpg	shuffled	04770	04770
16819	16819	16819.jpg	10115.jpg	shuffled	10115	10115
16820	16820	16820.jpg	10729.jpg	shuffled	10729	10729
16821	16821	16821.jpg	02971.jpg	shuffled	02971	02971
16822	16822	16822.jpg	04564.jpg	shuffled	04564	04564
16823	16823	16823.jpg	13334.jpg	shuffled	13334	13334
16824	16824	16824.jpg	09576.jpg	shuffled	09576	09576
16825	16825	16825.jpg	07499.jpg	shuffled	07499	07499
16826	16826	16826.jpg	12709.jpg	shuffled	12709	12709
16827	16827	16827.jpg	02040.jpg	shuffled	02040	02040
16828	16828	16828.jpg	06080.jpg	shuffled	06080	06080
16829	16829	16829.jpg	12671.jpg	shuffled	12671	12671
16830	16830	16830.jpg	03714.jpg	shuffled	03714	03714
16831	16831	16831.jpg	12192.jpg	shuffled	12192	12192
16832	16832	16832.jpg	01055.jpg	shuffled	01055	01055
16833	16833	16833.jpg	00263.jpg	shuffled	00263	00263
16834	16834	16834.jpg	05334.jpg	shuffled	05334	05334
16835	16835	16835.jpg	01961.jpg	shuffled	01961	01961
16836	16836	16836.jpg	03107.jpg	shuffled	03107	03107
16837	16837	16837.jpg	12756.jpg	shuffled	12756	12756
16838	16838	16838.jpg	08680.jpg	shuffled	08680	08680
16839	16839	16839.jpg	04502.jpg	shuffled	04502	04502
16840	16840	16840.jpg	13058.jpg	shuffled	13058	13058
16841	16841	16841.jpg	03093.jpg	shuffled	03093	03093
16842	16842	16842.jpg	13640.jpg	shuffled	13640	13640
16843	16843	16843.jpg	07088.jpg	shuffled	07088	07088
16844	16844	16844.jpg	00587.jpg	shuffled	00587	00587
16845	16845	16845.jpg	08326.jpg	shuffled	08326	08326
16846	16846	16846.jpg	15270.jpg	shuffled	15270	15270
16847	16847	16847.jpg	04172.jpg	shuffled	04172	04172
16848	16848	16848.jpg	00871.jpg	shuffled	00871	00871
16849	16849	16849.jpg	13170.jpg	shuffled	13170	13170
16850	16850	16850.jpg	00439.jpg	shuffled	00439	00439
16851	16851	16851.jpg	14081.jpg	shuffled	14081	14081
16852	16852	16852.jpg	02818.jpg	shuffled	02818	02818
16853	16853	16853.jpg	04542.jpg	shuffled	04542	04542
16854	16854	16854.jpg	00892.jpg	shuffled	00892	00892
16855	16855	16855.jpg	09579.jpg	shuffled	09579	09579
16856	16856	16856.jpg	04866.jpg	shuffled	04866	04866
16857	16857	16857.jpg	09556.jpg	shuffled	09556	09556
16858	16858	16858.jpg	16742.jpg	shuffled	16742	16742
16859	16859	16859.jpg	13904.jpg	shuffled	13904	13904
16860	16860	16860.jpg	06693.jpg	shuffled	06693	06693
16861	16861	16861.jpg	06091.jpg	shuffled	06091	06091
16862	16862	16862.jpg	03813.jpg	shuffled	03813	03813
16863	16863	16863.jpg	15432.jpg	shuffled	15432	15432
16864	16864	16864.jpg	11060.jpg	shuffled	11060	11060
16865	16865	16865.jpg	05187.jpg	shuffled	05187	05187
16866	16866	16866.jpg	17242.jpg	shuffled	17242	17242
16867	16867	16867.jpg	09484.jpg	shuffled	09484	09484
16868	16868	16868.jpg	12680.jpg	shuffled	12680	12680
16869	16869	16869.jpg	16922.jpg	shuffled	16922	16922
16870	16870	16870.jpg	04750.jpg	shuffled	04750	04750
16871	16871	16871.jpg	17955.jpg	shuffled	17955	17955
16872	16872	16872.jpg	07638.jpg	shuffled	07638	07638
16873	16873	16873.jpg	02016.jpg	shuffled	02016	02016
16874	16874	16874.jpg	09816.jpg	shuffled	09816	09816
16875	16875	16875.jpg	06185.jpg	shuffled	06185	06185
16876	16876	16876.jpg	16053.jpg	shuffled	16053	16053
16877	16877	16877.jpg	13304.jpg	shuffled	13304	13304
16878	16878	16878.jpg	01652.jpg	shuffled	01652	01652
16879	16879	16879.jpg	09445.jpg	shuffled	09445	09445
16880	16880	16880.jpg	05884.jpg	shuffled	05884	05884
16881	16881	16881.jpg	05190.jpg	shuffled	05190	05190
16882	16882	16882.jpg	15338.jpg	shuffled	15338	15338
16883	16883	16883.jpg	12724.jpg	shuffled	12724	12724
16884	16884	16884.jpg	15576.jpg	shuffled	15576	15576
16885	16885	16885.jpg	10967.jpg	shuffled	10967	10967
16886	16886	16886.jpg	08567.jpg	shuffled	08567	08567
16887	16887	16887.jpg	15247.jpg	shuffled	15247	15247
16888	16888	16888.jpg	02557.jpg	shuffled	02557	02557
16889	16889	16889.jpg	14544.jpg	shuffled	14544	14544
16890	16890	16890.jpg	02886.jpg	shuffled	02886	02886
16891	16891	16891.jpg	03584.jpg	shuffled	03584	03584
16892	16892	16892.jpg	08267.jpg	shuffled	08267	08267
16893	16893	16893.jpg	11592.jpg	shuffled	11592	11592
16894	16894	16894.jpg	09277.jpg	shuffled	09277	09277
16895	16895	16895.jpg	02147.jpg	shuffled	02147	02147
16896	16896	16896.jpg	12560.jpg	shuffled	12560	12560
16897	16897	16897.jpg	11570.jpg	shuffled	11570	11570
16898	16898	16898.jpg	01825.jpg	shuffled	01825	01825
16899	16899	16899.jpg	15347.jpg	shuffled	15347	15347
16900	16900	16900.jpg	13707.jpg	shuffled	13707	13707
16901	16901	16901.jpg	12638.jpg	shuffled	12638	12638
16902	16902	16902.jpg	16717.jpg	shuffled	16717	16717
16903	16903	16903.jpg	15547.jpg	shuffled	15547	15547
16904	16904	16904.jpg	02737.jpg	shuffled	02737	02737
16905	16905	16905.jpg	07280.jpg	shuffled	07280	07280
16906	16906	16906.jpg	07314.jpg	shuffled	07314	07314
16907	16907	16907.jpg	00736.jpg	shuffled	00736	00736
16908	16908	16908.jpg	11573.jpg	shuffled	11573	11573
16909	16909	16909.jpg	10117.jpg	shuffled	10117	10117
16910	16910	16910.jpg	10006.jpg	shuffled	10006	10006
16911	16911	16911.jpg	17288.jpg	shuffled	17288	17288
16912	16912	16912.jpg	05939.jpg	shuffled	05939	05939
16913	16913	16913.jpg	00393.jpg	shuffled	00393	00393
16914	16914	16914.jpg	07297.jpg	shuffled	07297	07297
16915	16915	16915.jpg	12762.jpg	shuffled	12762	12762
16916	16916	16916.jpg	05136.jpg	shuffled	05136	05136
16917	16917	16917.jpg	07450.jpg	shuffled	07450	07450
16918	16918	16918.jpg	10355.jpg	shuffled	10355	10355
16919	16919	16919.jpg	08984.jpg	shuffled	08984	08984
16920	16920	16920.jpg	11267.jpg	shuffled	11267	11267
16921	16921	16921.jpg	02121.jpg	shuffled	02121	02121
16922	16922	16922.jpg	03412.jpg	shuffled	03412	03412
16923	16923	16923.jpg	04174.jpg	shuffled	04174	04174
16924	16924	16924.jpg	15681.jpg	shuffled	15681	15681
16925	16925	16925.jpg	05775.jpg	shuffled	05775	05775
16926	16926	16926.jpg	05325.jpg	shuffled	05325	05325
16927	16927	16927.jpg	09286.jpg	shuffled	09286	09286
16928	16928	16928.jpg	02253.jpg	shuffled	02253	02253
16929	16929	16929.jpg	07625.jpg	shuffled	07625	07625
16930	16930	16930.jpg	08158.jpg	shuffled	08158	08158
16931	16931	16931.jpg	00365.jpg	shuffled	00365	00365
16932	16932	16932.jpg	12932.jpg	shuffled	12932	12932
16933	16933	16933.jpg	05474.jpg	shuffled	05474	05474
16934	16934	16934.jpg	17326.jpg	shuffled	17326	17326
16935	16935	16935.jpg	05802.jpg	shuffled	05802	05802
16936	16936	16936.jpg	15461.jpg	shuffled	15461	15461
16937	16937	16937.jpg	04756.jpg	shuffled	04756	04756
16938	16938	16938.jpg	16741.jpg	shuffled	16741	16741
16939	16939	16939.jpg	04263.jpg	shuffled	04263	04263
16940	16940	16940.jpg	08412.jpg	shuffled	08412	08412
16941	16941	16941.jpg	06157.jpg	shuffled	06157	06157
16942	16942	16942.jpg	15628.jpg	shuffled	15628	15628
16943	16943	16943.jpg	09597.jpg	shuffled	09597	09597
16944	16944	16944.jpg	03506.jpg	shuffled	03506	03506
16945	16945	16945.jpg	02053.jpg	shuffled	02053	02053
16946	16946	16946.jpg	07508.jpg	shuffled	07508	07508
16947	16947	16947.jpg	08831.jpg	shuffled	08831	08831
16948	16948	16948.jpg	16332.jpg	shuffled	16332	16332
16949	16949	16949.jpg	03874.jpg	shuffled	03874	03874
16950	16950	16950.jpg	15761.jpg	shuffled	15761	15761
16951	16951	16951.jpg	00351.jpg	shuffled	00351	00351
16952	16952	16952.jpg	08324.jpg	shuffled	08324	08324
16953	16953	16953.jpg	01294.jpg	shuffled	01294	01294
16954	16954	16954.jpg	11076.jpg	shuffled	11076	11076
16955	16955	16955.jpg	12074.jpg	shuffled	12074	12074
16956	16956	16956.jpg	02014.jpg	shuffled	02014	02014
16957	16957	16957.jpg	10237.jpg	shuffled	10237	10237
16958	16958	16958.jpg	07281.jpg	shuffled	07281	07281
16959	16959	16959.jpg	12598.jpg	shuffled	12598	12598
16960	16960	16960.jpg	02028.jpg	shuffled	02028	02028
16961	16961	16961.jpg	03263.jpg	shuffled	03263	03263
16962	16962	16962.jpg	11344.jpg	shuffled	11344	11344
16963	16963	16963.jpg	09837.jpg	shuffled	09837	09837
16964	16964	16964.jpg	07696.jpg	shuffled	07696	07696
16965	16965	16965.jpg	05088.jpg	shuffled	05088	05088
16966	16966	16966.jpg	09975.jpg	shuffled	09975	09975
16967	16967	16967.jpg	17056.jpg	shuffled	17056	17056
16968	16968	16968.jpg	07554.jpg	shuffled	07554	07554
16969	16969	16969.jpg	09989.jpg	shuffled	09989	09989
16970	16970	16970.jpg	06067.jpg	shuffled	06067	06067
16971	16971	16971.jpg	05267.jpg	shuffled	05267	05267
16972	16972	16972.jpg	02873.jpg	shuffled	02873	02873
16973	16973	16973.jpg	04829.jpg	shuffled	04829	04829
16974	16974	16974.jpg	00341.jpg	shuffled	00341	00341
16975	16975	16975.jpg	06202.jpg	shuffled	06202	06202
16976	16976	16976.jpg	00644.jpg	shuffled	00644	00644
16977	16977	16977.jpg	12265.jpg	shuffled	12265	12265
16978	16978	16978.jpg	12162.jpg	shuffled	12162	12162
16979	16979	16979.jpg	03492.jpg	shuffled	03492	03492
16980	16980	16980.jpg	07873.jpg	shuffled	07873	07873
16981	16981	16981.jpg	05907.jpg	shuffled	05907	05907
16982	16982	16982.jpg	07547.jpg	shuffled	07547	07547
16983	16983	16983.jpg	11468.jpg	shuffled	11468	11468
16984	16984	16984.jpg	09631.jpg	shuffled	09631	09631
16985	16985	16985.jpg	04363.jpg	shuffled	04363	04363
16986	16986	16986.jpg	12231.jpg	shuffled	12231	12231
16987	16987	16987.jpg	15329.jpg	shuffled	15329	15329
16988	16988	16988.jpg	17442.jpg	shuffled	17442	17442
16989	16989	16989.jpg	02809.jpg	shuffled	02809	02809
16990	16990	16990.jpg	14243.jpg	shuffled	14243	14243
16991	16991	16991.jpg	14775.jpg	shuffled	14775	14775
16992	16992	16992.jpg	07090.jpg	shuffled	07090	07090
16993	16993	16993.jpg	01784.jpg	shuffled	01784	01784
16994	16994	16994.jpg	10964.jpg	shuffled	10964	10964
16995	16995	16995.jpg	08966.jpg	shuffled	08966	08966
16996	16996	16996.jpg	02604.jpg	shuffled	02604	02604
16997	16997	16997.jpg	06002.jpg	shuffled	06002	06002
16998	16998	16998.jpg	15803.jpg	shuffled	15803	15803
16999	16999	16999.jpg	12747.jpg	shuffled	12747	12747
17000	17000	17000.jpg	12094.jpg	shuffled	12094	12094
17001	17001	17001.jpg	06653.jpg	shuffled	06653	06653
17002	17002	17002.jpg	15492.jpg	shuffled	15492	15492
17003	17003	17003.jpg	05561.jpg	shuffled	05561	05561
17004	17004	17004.jpg	00773.jpg	shuffled	00773	00773
17005	17005	17005.jpg	08110.jpg	shuffled	08110	08110
17006	17006	17006.jpg	14041.jpg	shuffled	14041	14041
17007	17007	17007.jpg	16021.jpg	shuffled	16021	16021
17008	17008	17008.jpg	16823.jpg	shuffled	16823	16823
17009	17009	17009.jpg	14182.jpg	shuffled	14182	14182
17010	17010	17010.jpg	12362.jpg	shuffled	12362	12362
17011	17011	17011.jpg	05688.jpg	shuffled	05688	05688
17012	17012	17012.jpg	13401.jpg	shuffled	13401	13401
17013	17013	17013.jpg	15716.jpg	shuffled	15716	15716
17014	17014	17014.jpg	15403.jpg	shuffled	15403	15403
17015	17015	17015.jpg	11584.jpg	shuffled	11584	11584
17016	17016	17016.jpg	06790.jpg	shuffled	06790	06790
17017	17017	17017.jpg	10131.jpg	shuffled	10131	10131
17018	17018	17018.jpg	15879.jpg	shuffled	15879	15879
17019	17019	17019.jpg	10010.jpg	shuffled	10010	10010
17020	17020	17020.jpg	16276.jpg	shuffled	16276	16276
17021	17021	17021.jpg	06205.jpg	shuffled	06205	06205
17022	17022	17022.jpg	02237.jpg	shuffled	02237	02237
17023	17023	17023.jpg	13605.jpg	shuffled	13605	13605
17024	17024	17024.jpg	05212.jpg	shuffled	05212	05212
17025	17025	17025.jpg	17362.jpg	shuffled	17362	17362
17026	17026	17026.jpg	12621.jpg	shuffled	12621	12621
17027	17027	17027.jpg	05569.jpg	shuffled	05569	05569
17028	17028	17028.jpg	08296.jpg	shuffled	08296	08296
17029	17029	17029.jpg	15411.jpg	shuffled	15411	15411
17030	17030	17030.jpg	02683.jpg	shuffled	02683	02683
17031	17031	17031.jpg	08852.jpg	shuffled	08852	08852
17032	17032	17032.jpg	07596.jpg	shuffled	07596	07596
17033	17033	17033.jpg	01937.jpg	shuffled	01937	01937
17034	17034	17034.jpg	15355.jpg	shuffled	15355	15355
17035	17035	17035.jpg	02393.jpg	shuffled	02393	02393
17036	17036	17036.jpg	14877.jpg	shuffled	14877	14877
17037	17037	17037.jpg	01387.jpg	shuffled	01387	01387
17038	17038	17038.jpg	08762.jpg	shuffled	08762	08762
17039	17039	17039.jpg	10342.jpg	shuffled	10342	10342
17040	17040	17040.jpg	14712.jpg	shuffled	14712	14712
17041	17041	17041.jpg	11358.jpg	shuffled	11358	11358
17042	17042	17042.jpg	06860.jpg	shuffled	06860	06860
17043	17043	17043.jpg	14779.jpg	shuffled	14779	14779
17044	17044	17044.jpg	12374.jpg	shuffled	12374	12374
17045	17045	17045.jpg	07627.jpg	shuffled	07627	07627
17046	17046	17046.jpg	04380.jpg	shuffled	04380	04380
17047	17047	17047.jpg	17049.jpg	shuffled	17049	17049
17048	17048	17048.jpg	11334.jpg	shuffled	11334	11334
17049	17049	17049.jpg	11884.jpg	shuffled	11884	11884
17050	17050	17050.jpg	04067.jpg	shuffled	04067	04067
17051	17051	17051.jpg	16479.jpg	shuffled	16479	16479
17052	17052	17052.jpg	01746.jpg	shuffled	01746	01746
17053	17053	17053.jpg	02854.jpg	shuffled	02854	02854
17054	17054	17054.jpg	07828.jpg	shuffled	07828	07828
17055	17055	17055.jpg	11628.jpg	shuffled	11628	11628
17056	17056	17056.jpg	00729.jpg	shuffled	00729	00729
17057	17057	17057.jpg	16695.jpg	shuffled	16695	16695
17058	17058	17058.jpg	12505.jpg	shuffled	12505	12505
17059	17059	17059.jpg	03206.jpg	shuffled	03206	03206
17060	17060	17060.jpg	01450.jpg	shuffled	01450	01450
17061	17061	17061.jpg	02717.jpg	shuffled	02717	02717
17062	17062	17062.jpg	02955.jpg	shuffled	02955	02955
17063	17063	17063.jpg	14144.jpg	shuffled	14144	14144
17064	17064	17064.jpg	14710.jpg	shuffled	14710	14710
17065	17065	17065.jpg	00601.jpg	shuffled	00601	00601
17066	17066	17066.jpg	15263.jpg	shuffled	15263	15263
17067	17067	17067.jpg	07827.jpg	shuffled	07827	07827
17068	17068	17068.jpg	17103.jpg	shuffled	17103	17103
17069	17069	17069.jpg	11940.jpg	shuffled	11940	11940
17070	17070	17070.jpg	06425.jpg	shuffled	06425	06425
17071	17071	17071.jpg	16772.jpg	shuffled	16772	16772
17072	17072	17072.jpg	01479.jpg	shuffled	01479	01479
17073	17073	17073.jpg	13309.jpg	shuffled	13309	13309
17074	17074	17074.jpg	17618.jpg	shuffled	17618	17618
17075	17075	17075.jpg	11057.jpg	shuffled	11057	11057
17076	17076	17076.jpg	01500.jpg	shuffled	01500	01500
17077	17077	17077.jpg	07390.jpg	shuffled	07390	07390
17078	17078	17078.jpg	06810.jpg	shuffled	06810	06810
17079	17079	17079.jpg	09045.jpg	shuffled	09045	09045
17080	17080	17080.jpg	03794.jpg	shuffled	03794	03794
17081	17081	17081.jpg	01457.jpg	shuffled	01457	01457
17082	17082	17082.jpg	08129.jpg	shuffled	08129	08129
17083	17083	17083.jpg	11545.jpg	shuffled	11545	11545
17084	17084	17084.jpg	05447.jpg	shuffled	05447	05447
17085	17085	17085.jpg	12417.jpg	shuffled	12417	12417
17086	17086	17086.jpg	08943.jpg	shuffled	08943	08943
17087	17087	17087.jpg	12554.jpg	shuffled	12554	12554
17088	17088	17088.jpg	00518.jpg	shuffled	00518	00518
17089	17089	17089.jpg	02761.jpg	shuffled	02761	02761
17090	17090	17090.jpg	16085.jpg	shuffled	16085	16085
17091	17091	17091.jpg	13981.jpg	shuffled	13981	13981
17092	17092	17092.jpg	14189.jpg	shuffled	14189	14189
17093	17093	17093.jpg	08089.jpg	shuffled	08089	08089
17094	17094	17094.jpg	07947.jpg	shuffled	07947	07947
17095	17095	17095.jpg	06436.jpg	shuffled	06436	06436
17096	17096	17096.jpg	01147.jpg	shuffled	01147	01147
17097	17097	17097.jpg	06434.jpg	shuffled	06434	06434
17098	17098	17098.jpg	01210.jpg	shuffled	01210	01210
17099	17099	17099.jpg	01341.jpg	shuffled	01341	01341
17100	17100	17100.jpg	06315.jpg	shuffled	06315	06315
17101	17101	17101.jpg	15306.jpg	shuffled	15306	15306
17102	17102	17102.jpg	00965.jpg	shuffled	00965	00965
17103	17103	17103.jpg	08002.jpg	shuffled	08002	08002
17104	17104	17104.jpg	10569.jpg	shuffled	10569	10569
17105	17105	17105.jpg	16134.jpg	shuffled	16134	16134
17106	17106	17106.jpg	13296.jpg	shuffled	13296	13296
17107	17107	17107.jpg	16066.jpg	shuffled	16066	16066
17108	17108	17108.jpg	11429.jpg	shuffled	11429	11429
17109	17109	17109.jpg	05242.jpg	shuffled	05242	05242
17110	17110	17110.jpg	07864.jpg	shuffled	07864	07864
17111	17111	17111.jpg	04242.jpg	shuffled	04242	04242
17112	17112	17112.jpg	16753.jpg	shuffled	16753	16753
17113	17113	17113.jpg	07268.jpg	shuffled	07268	07268
17114	17114	17114.jpg	07520.jpg	shuffled	07520	07520
17115	17115	17115.jpg	15150.jpg	shuffled	15150	15150
17116	17116	17116.jpg	02523.jpg	shuffled	02523	02523
17117	17117	17117.jpg	17932.jpg	shuffled	17932	17932
17118	17118	17118.jpg	15313.jpg	shuffled	15313	15313
17119	17119	17119.jpg	16413.jpg	shuffled	16413	16413
17120	17120	17120.jpg	05910.jpg	shuffled	05910	05910
17121	17121	17121.jpg	14288.jpg	shuffled	14288	14288
17122	17122	17122.jpg	08018.jpg	shuffled	08018	08018
17123	17123	17123.jpg	06865.jpg	shuffled	06865	06865
17124	17124	17124.jpg	13063.jpg	shuffled	13063	13063
17125	17125	17125.jpg	06673.jpg	shuffled	06673	06673
17126	17126	17126.jpg	12793.jpg	shuffled	12793	12793
17127	17127	17127.jpg	00151.jpg	shuffled	00151	00151
17128	17128	17128.jpg	07152.jpg	shuffled	07152	07152
17129	17129	17129.jpg	17449.jpg	shuffled	17449	17449
17130	17130	17130.jpg	15467.jpg	shuffled	15467	15467
17131	17131	17131.jpg	08094.jpg	shuffled	08094	08094
17132	17132	17132.jpg	11841.jpg	shuffled	11841	11841
17133	17133	17133.jpg	10161.jpg	shuffled	10161	10161
17134	17134	17134.jpg	06151.jpg	shuffled	06151	06151
17135	17135	17135.jpg	17519.jpg	shuffled	17519	17519
17136	17136	17136.jpg	16646.jpg	shuffled	16646	16646
17137	17137	17137.jpg	16506.jpg	shuffled	16506	16506
17138	17138	17138.jpg	03535.jpg	shuffled	03535	03535
17139	17139	17139.jpg	07685.jpg	shuffled	07685	07685
17140	17140	17140.jpg	10364.jpg	shuffled	10364	10364
17141	17141	17141.jpg	09848.jpg	shuffled	09848	09848
17142	17142	17142.jpg	05730.jpg	shuffled	05730	05730
17143	17143	17143.jpg	11168.jpg	shuffled	11168	11168
17144	17144	17144.jpg	15965.jpg	shuffled	15965	15965
17145	17145	17145.jpg	05326.jpg	shuffled	05326	05326
17146	17146	17146.jpg	10927.jpg	shuffled	10927	10927
17147	17147	17147.jpg	17436.jpg	shuffled	17436	17436
17148	17148	17148.jpg	12460.jpg	shuffled	12460	12460
17149	17149	17149.jpg	11221.jpg	shuffled	11221	11221
17150	17150	17150.jpg	15391.jpg	shuffled	15391	15391
17151	17151	17151.jpg	03123.jpg	shuffled	03123	03123
17152	17152	17152.jpg	01777.jpg	shuffled	01777	01777
17153	17153	17153.jpg	03851.jpg	shuffled	03851	03851
17154	17154	17154.jpg	00051.jpg	shuffled	00051	00051
17155	17155	17155.jpg	04358.jpg	shuffled	04358	04358
17156	17156	17156.jpg	15955.jpg	shuffled	15955	15955
17157	17157	17157.jpg	04225.jpg	shuffled	04225	04225
17158	17158	17158.jpg	09566.jpg	shuffled	09566	09566
17159	17159	17159.jpg	14964.jpg	shuffled	14964	14964
17160	17160	17160.jpg	13379.jpg	shuffled	13379	13379
17161	17161	17161.jpg	08057.jpg	shuffled	08057	08057
17162	17162	17162.jpg	03479.jpg	shuffled	03479	03479
17163	17163	17163.jpg	01438.jpg	shuffled	01438	01438
17164	17164	17164.jpg	15541.jpg	shuffled	15541	15541
17165	17165	17165.jpg	06472.jpg	shuffled	06472	06472
17166	17166	17166.jpg	05313.jpg	shuffled	05313	05313
17167	17167	17167.jpg	00759.jpg	shuffled	00759	00759
17168	17168	17168.jpg	13914.jpg	shuffled	13914	13914
17169	17169	17169.jpg	06691.jpg	shuffled	06691	06691
17170	17170	17170.jpg	10830.jpg	shuffled	10830	10830
17171	17171	17171.jpg	17777.jpg	shuffled	17777	17777
17172	17172	17172.jpg	05757.jpg	shuffled	05757	05757
17173	17173	17173.jpg	08406.jpg	shuffled	08406	08406
17174	17174	17174.jpg	11254.jpg	shuffled	11254	11254
17175	17175	17175.jpg	03241.jpg	shuffled	03241	03241
17176	17176	17176.jpg	14431.jpg	shuffled	14431	14431
17177	17177	17177.jpg	06061.jpg	shuffled	06061	06061
17178	17178	17178.jpg	09573.jpg	shuffled	09573	09573
17179	17179	17179.jpg	15812.jpg	shuffled	15812	15812
17180	17180	17180.jpg	02592.jpg	shuffled	02592	02592
17181	17181	17181.jpg	14656.jpg	shuffled	14656	14656
17182	17182	17182.jpg	00885.jpg	shuffled	00885	00885
17183	17183	17183.jpg	00212.jpg	shuffled	00212	00212
17184	17184	17184.jpg	07801.jpg	shuffled	07801	07801
17185	17185	17185.jpg	02038.jpg	shuffled	02038	02038
17186	17186	17186.jpg	02429.jpg	shuffled	02429	02429
17187	17187	17187.jpg	02756.jpg	shuffled	02756	02756
17188	17188	17188.jpg	17509.jpg	shuffled	17509	17509
17189	17189	17189.jpg	11428.jpg	shuffled	11428	11428
17190	17190	17190.jpg	15322.jpg	shuffled	15322	15322
17191	17191	17191.jpg	12950.jpg	shuffled	12950	12950
17192	17192	17192.jpg	15649.jpg	shuffled	15649	15649
17193	17193	17193.jpg	12974.jpg	shuffled	12974	12974
17194	17194	17194.jpg	08974.jpg	shuffled	08974	08974
17195	17195	17195.jpg	06654.jpg	shuffled	06654	06654
17196	17196	17196.jpg	01350.jpg	shuffled	01350	01350
17197	17197	17197.jpg	10690.jpg	shuffled	10690	10690
17198	17198	17198.jpg	03155.jpg	shuffled	03155	03155
17199	17199	17199.jpg	00296.jpg	shuffled	00296	00296
17200	17200	17200.jpg	12746.jpg	shuffled	12746	12746
17201	17201	17201.jpg	04001.jpg	shuffled	04001	04001
17202	17202	17202.jpg	01181.jpg	shuffled	01181	01181
17203	17203	17203.jpg	06899.jpg	shuffled	06899	06899
17204	17204	17204.jpg	16322.jpg	shuffled	16322	16322
17205	17205	17205.jpg	06209.jpg	shuffled	06209	06209
17206	17206	17206.jpg	06976.jpg	shuffled	06976	06976
17207	17207	17207.jpg	09672.jpg	shuffled	09672	09672
17208	17208	17208.jpg	07074.jpg	shuffled	07074	07074
17209	17209	17209.jpg	03602.jpg	shuffled	03602	03602
17210	17210	17210.jpg	16436.jpg	shuffled	16436	16436
17211	17211	17211.jpg	14730.jpg	shuffled	14730	14730
17212	17212	17212.jpg	14916.jpg	shuffled	14916	14916
17213	17213	17213.jpg	00254.jpg	shuffled	00254	00254
17214	17214	17214.jpg	06079.jpg	shuffled	06079	06079
17215	17215	17215.jpg	11905.jpg	shuffled	11905	11905
17216	17216	17216.jpg	13704.jpg	shuffled	13704	13704
17217	17217	17217.jpg	15840.jpg	shuffled	15840	15840
17218	17218	17218.jpg	02123.jpg	shuffled	02123	02123
17219	17219	17219.jpg	02979.jpg	shuffled	02979	02979
17220	17220	17220.jpg	16749.jpg	shuffled	16749	16749
17221	17221	17221.jpg	10817.jpg	shuffled	10817	10817
17222	17222	17222.jpg	10477.jpg	shuffled	10477	10477
17223	17223	17223.jpg	14719.jpg	shuffled	14719	14719
17224	17224	17224.jpg	08559.jpg	shuffled	08559	08559
17225	17225	17225.jpg	15304.jpg	shuffled	15304	15304
17226	17226	17226.jpg	16231.jpg	shuffled	16231	16231
17227	17227	17227.jpg	11183.jpg	shuffled	11183	11183
17228	17228	17228.jpg	10383.jpg	shuffled	10383	10383
17229	17229	17229.jpg	13743.jpg	shuffled	13743	13743
17230	17230	17230.jpg	10761.jpg	shuffled	10761	10761
17231	17231	17231.jpg	16246.jpg	shuffled	16246	16246
17232	17232	17232.jpg	03744.jpg	shuffled	03744	03744
17233	17233	17233.jpg	00245.jpg	shuffled	00245	00245
17234	17234	17234.jpg	06428.jpg	shuffled	06428	06428
17235	17235	17235.jpg	01926.jpg	shuffled	01926	01926
17236	17236	17236.jpg	01003.jpg	shuffled	01003	01003
17237	17237	17237.jpg	09768.jpg	shuffled	09768	09768
17238	17238	17238.jpg	14767.jpg	shuffled	14767	14767
17239	17239	17239.jpg	10273.jpg	shuffled	10273	10273
17240	17240	17240.jpg	00173.jpg	shuffled	00173	00173
17241	17241	17241.jpg	15637.jpg	shuffled	15637	15637
17242	17242	17242.jpg	15446.jpg	shuffled	15446	15446
17243	17243	17243.jpg	06302.jpg	shuffled	06302	06302
17244	17244	17244.jpg	03293.jpg	shuffled	03293	03293
17245	17245	17245.jpg	11952.jpg	shuffled	11952	11952
17246	17246	17246.jpg	10971.jpg	shuffled	10971	10971
17247	17247	17247.jpg	06505.jpg	shuffled	06505	06505
17248	17248	17248.jpg	02200.jpg	shuffled	02200	02200
17249	17249	17249.jpg	00380.jpg	shuffled	00380	00380
17250	17250	17250.jpg	10723.jpg	shuffled	10723	10723
17251	17251	17251.jpg	11566.jpg	shuffled	11566	11566
17252	17252	17252.jpg	12483.jpg	shuffled	12483	12483
17253	17253	17253.jpg	05867.jpg	shuffled	05867	05867
17254	17254	17254.jpg	08511.jpg	shuffled	08511	08511
17255	17255	17255.jpg	08797.jpg	shuffled	08797	08797
17256	17256	17256.jpg	16024.jpg	shuffled	16024	16024
17257	17257	17257.jpg	01627.jpg	shuffled	01627	01627
17258	17258	17258.jpg	16632.jpg	shuffled	16632	16632
17259	17259	17259.jpg	04422.jpg	shuffled	04422	04422
17260	17260	17260.jpg	16589.jpg	shuffled	16589	16589
17261	17261	17261.jpg	06446.jpg	shuffled	06446	06446
17262	17262	17262.jpg	13159.jpg	shuffled	13159	13159
17263	17263	17263.jpg	05374.jpg	shuffled	05374	05374
17264	17264	17264.jpg	17744.jpg	shuffled	17744	17744
17265	17265	17265.jpg	12357.jpg	shuffled	12357	12357
17266	17266	17266.jpg	13846.jpg	shuffled	13846	13846
17267	17267	17267.jpg	10147.jpg	shuffled	10147	10147
17268	17268	17268.jpg	05028.jpg	shuffled	05028	05028
17269	17269	17269.jpg	10387.jpg	shuffled	10387	10387
17270	17270	17270.jpg	04786.jpg	shuffled	04786	04786
17271	17271	17271.jpg	15948.jpg	shuffled	15948	15948
17272	17272	17272.jpg	15309.jpg	shuffled	15309	15309
17273	17273	17273.jpg	16098.jpg	shuffled	16098	16098
17274	17274	17274.jpg	01810.jpg	shuffled	01810	01810
17275	17275	17275.jpg	16018.jpg	shuffled	16018	16018
17276	17276	17276.jpg	00570.jpg	shuffled	00570	00570
17277	17277	17277.jpg	00705.jpg	shuffled	00705	00705
17278	17278	17278.jpg	12065.jpg	shuffled	12065	12065
17279	17279	17279.jpg	16935.jpg	shuffled	16935	16935
17280	17280	17280.jpg	17059.jpg	shuffled	17059	17059
17281	17281	17281.jpg	15007.jpg	shuffled	15007	15007
17282	17282	17282.jpg	14160.jpg	shuffled	14160	14160
17283	17283	17283.jpg	12637.jpg	shuffled	12637	12637
17284	17284	17284.jpg	09215.jpg	shuffled	09215	09215
17285	17285	17285.jpg	10650.jpg	shuffled	10650	10650
17286	17286	17286.jpg	02599.jpg	shuffled	02599	02599
17287	17287	17287.jpg	05693.jpg	shuffled	05693	05693
17288	17288	17288.jpg	14909.jpg	shuffled	14909	14909
17289	17289	17289.jpg	02945.jpg	shuffled	02945	02945
17290	17290	17290.jpg	17444.jpg	shuffled	17444	17444
17291	17291	17291.jpg	12866.jpg	shuffled	12866	12866
17292	17292	17292.jpg	07441.jpg	shuffled	07441	07441
17293	17293	17293.jpg	16794.jpg	shuffled	16794	16794
17294	17294	17294.jpg	00046.jpg	shuffled	00046	00046
17295	17295	17295.jpg	10366.jpg	shuffled	10366	10366
17296	17296	17296.jpg	13779.jpg	shuffled	13779	13779
17297	17297	17297.jpg	02672.jpg	shuffled	02672	02672
17298	17298	17298.jpg	14679.jpg	shuffled	14679	14679
17299	17299	17299.jpg	06146.jpg	shuffled	06146	06146
17300	17300	17300.jpg	16866.jpg	shuffled	16866	16866
17301	17301	17301.jpg	12059.jpg	shuffled	12059	12059
17302	17302	17302.jpg	00290.jpg	shuffled	00290	00290
17303	17303	17303.jpg	16878.jpg	shuffled	16878	16878
17304	17304	17304.jpg	01401.jpg	shuffled	01401	01401
17305	17305	17305.jpg	09056.jpg	shuffled	09056	09056
17306	17306	17306.jpg	05413.jpg	shuffled	05413	05413
17307	17307	17307.jpg	10524.jpg	shuffled	10524	10524
17308	17308	17308.jpg	01877.jpg	shuffled	01877	01877
17309	17309	17309.jpg	13892.jpg	shuffled	13892	13892
17310	17310	17310.jpg	04470.jpg	shuffled	04470	04470
17311	17311	17311.jpg	16299.jpg	shuffled	16299	16299
17312	17312	17312.jpg	14410.jpg	shuffled	14410	14410
17313	17313	17313.jpg	05073.jpg	shuffled	05073	05073
17314	17314	17314.jpg	14142.jpg	shuffled	14142	14142
17315	17315	17315.jpg	05754.jpg	shuffled	05754	05754
17316	17316	17316.jpg	16072.jpg	shuffled	16072	16072
17317	17317	17317.jpg	17886.jpg	shuffled	17886	17886
17318	17318	17318.jpg	06507.jpg	shuffled	06507	06507
17319	17319	17319.jpg	08778.jpg	shuffled	08778	08778
17320	17320	17320.jpg	04434.jpg	shuffled	04434	04434
17321	17321	17321.jpg	06182.jpg	shuffled	06182	06182
17322	17322	17322.jpg	06311.jpg	shuffled	06311	06311
17323	17323	17323.jpg	15605.jpg	shuffled	15605	15605
17324	17324	17324.jpg	17037.jpg	shuffled	17037	17037
17325	17325	17325.jpg	10371.jpg	shuffled	10371	10371
17326	17326	17326.jpg	04547.jpg	shuffled	04547	04547
17327	17327	17327.jpg	17178.jpg	shuffled	17178	17178
17328	17328	17328.jpg	10669.jpg	shuffled	10669	10669
17329	17329	17329.jpg	03341.jpg	shuffled	03341	03341
17330	17330	17330.jpg	05249.jpg	shuffled	05249	05249
17331	17331	17331.jpg	08132.jpg	shuffled	08132	08132
17332	17332	17332.jpg	17463.jpg	shuffled	17463	17463
17333	17333	17333.jpg	08867.jpg	shuffled	08867	08867
17334	17334	17334.jpg	08586.jpg	shuffled	08586	08586
17335	17335	17335.jpg	17209.jpg	shuffled	17209	17209
17336	17336	17336.jpg	00374.jpg	shuffled	00374	00374
17337	17337	17337.jpg	02759.jpg	shuffled	02759	02759
17338	17338	17338.jpg	15549.jpg	shuffled	15549	15549
17339	17339	17339.jpg	03119.jpg	shuffled	03119	03119
17340	17340	17340.jpg	09743.jpg	shuffled	09743	09743
17341	17341	17341.jpg	09144.jpg	shuffled	09144	09144
17342	17342	17342.jpg	12030.jpg	shuffled	12030	12030
17343	17343	17343.jpg	01095.jpg	shuffled	01095	01095
17344	17344	17344.jpg	04640.jpg	shuffled	04640	04640
17345	17345	17345.jpg	07640.jpg	shuffled	07640	07640
17346	17346	17346.jpg	15458.jpg	shuffled	15458	15458
17347	17347	17347.jpg	14673.jpg	shuffled	14673	14673
17348	17348	17348.jpg	16685.jpg	shuffled	16685	16685
17349	17349	17349.jpg	01752.jpg	shuffled	01752	01752
17350	17350	17350.jpg	11853.jpg	shuffled	11853	11853
17351	17351	17351.jpg	10561.jpg	shuffled	10561	10561
17352	17352	17352.jpg	06362.jpg	shuffled	06362	06362
17353	17353	17353.jpg	09810.jpg	shuffled	09810	09810
17354	17354	17354.jpg	03859.jpg	shuffled	03859	03859
17355	17355	17355.jpg	14013.jpg	shuffled	14013	14013
17356	17356	17356.jpg	11154.jpg	shuffled	11154	11154
17357	17357	17357.jpg	10941.jpg	shuffled	10941	10941
17358	17358	17358.jpg	03392.jpg	shuffled	03392	03392
17359	17359	17359.jpg	10424.jpg	shuffled	10424	10424
17360	17360	17360.jpg	09919.jpg	shuffled	09919	09919
17361	17361	17361.jpg	07754.jpg	shuffled	07754	07754
17362	17362	17362.jpg	09499.jpg	shuffled	09499	09499
17363	17363	17363.jpg	09028.jpg	shuffled	09028	09028
17364	17364	17364.jpg	12174.jpg	shuffled	12174	12174
17365	17365	17365.jpg	00187.jpg	shuffled	00187	00187
17366	17366	17366.jpg	13371.jpg	shuffled	13371	13371
17367	17367	17367.jpg	05946.jpg	shuffled	05946	05946
17368	17368	17368.jpg	05236.jpg	shuffled	05236	05236
17369	17369	17369.jpg	02120.jpg	shuffled	02120	02120
17370	17370	17370.jpg	17067.jpg	shuffled	17067	17067
17371	17371	17371.jpg	13440.jpg	shuffled	13440	13440
17372	17372	17372.jpg	13111.jpg	shuffled	13111	13111
17373	17373	17373.jpg	05098.jpg	shuffled	05098	05098
17374	17374	17374.jpg	09443.jpg	shuffled	09443	09443
17375	17375	17375.jpg	00575.jpg	shuffled	00575	00575
17376	17376	17376.jpg	02004.jpg	shuffled	02004	02004
17377	17377	17377.jpg	16644.jpg	shuffled	16644	16644
17378	17378	17378.jpg	10665.jpg	shuffled	10665	10665
17379	17379	17379.jpg	03480.jpg	shuffled	03480	03480
17380	17380	17380.jpg	09608.jpg	shuffled	09608	09608
17381	17381	17381.jpg	11455.jpg	shuffled	11455	11455
17382	17382	17382.jpg	11571.jpg	shuffled	11571	11571
17383	17383	17383.jpg	07661.jpg	shuffled	07661	07661
17384	17384	17384.jpg	13340.jpg	shuffled	13340	13340
17385	17385	17385.jpg	15339.jpg	shuffled	15339	15339
17386	17386	17386.jpg	01820.jpg	shuffled	01820	01820
17387	17387	17387.jpg	01713.jpg	shuffled	01713	01713
17388	17388	17388.jpg	12730.jpg	shuffled	12730	12730
17389	17389	17389.jpg	04440.jpg	shuffled	04440	04440
17390	17390	17390.jpg	14792.jpg	shuffled	14792	14792
17391	17391	17391.jpg	16005.jpg	shuffled	16005	16005
17392	17392	17392.jpg	06850.jpg	shuffled	06850	06850
17393	17393	17393.jpg	08270.jpg	shuffled	08270	08270
17394	17394	17394.jpg	17546.jpg	shuffled	17546	17546
17395	17395	17395.jpg	02900.jpg	shuffled	02900	02900
17396	17396	17396.jpg	09278.jpg	shuffled	09278	09278
17397	17397	17397.jpg	03076.jpg	shuffled	03076	03076
17398	17398	17398.jpg	08085.jpg	shuffled	08085	08085
17399	17399	17399.jpg	13479.jpg	shuffled	13479	13479
17400	17400	17400.jpg	14005.jpg	shuffled	14005	14005
17401	17401	17401.jpg	02294.jpg	shuffled	02294	02294
17402	17402	17402.jpg	10157.jpg	shuffled	10157	10157
17403	17403	17403.jpg	10682.jpg	shuffled	10682	10682
17404	17404	17404.jpg	05877.jpg	shuffled	05877	05877
17405	17405	17405.jpg	02769.jpg	shuffled	02769	02769
17406	17406	17406.jpg	07920.jpg	shuffled	07920	07920
17407	17407	17407.jpg	10251.jpg	shuffled	10251	10251
17408	17408	17408.jpg	13754.jpg	shuffled	13754	13754
17409	17409	17409.jpg	13442.jpg	shuffled	13442	13442
17410	17410	17410.jpg	05548.jpg	shuffled	05548	05548
17411	17411	17411.jpg	14215.jpg	shuffled	14215	14215
17412	17412	17412.jpg	03151.jpg	shuffled	03151	03151
17413	17413	17413.jpg	01569.jpg	shuffled	01569	01569
17414	17414	17414.jpg	09688.jpg	shuffled	09688	09688
17415	17415	17415.jpg	07890.jpg	shuffled	07890	07890
17416	17416	17416.jpg	06726.jpg	shuffled	06726	06726
17417	17417	17417.jpg	09990.jpg	shuffled	09990	09990
17418	17418	17418.jpg	17175.jpg	shuffled	17175	17175
17419	17419	17419.jpg	15860.jpg	shuffled	15860	15860
17420	17420	17420.jpg	12660.jpg	shuffled	12660	12660
17421	17421	17421.jpg	08612.jpg	shuffled	08612	08612
17422	17422	17422.jpg	08888.jpg	shuffled	08888	08888
17423	17423	17423.jpg	04760.jpg	shuffled	04760	04760
17424	17424	17424.jpg	10931.jpg	shuffled	10931	10931
17425	17425	17425.jpg	00562.jpg	shuffled	00562	00562
17426	17426	17426.jpg	11396.jpg	shuffled	11396	11396
17427	17427	17427.jpg	01551.jpg	shuffled	01551	01551
17428	17428	17428.jpg	01477.jpg	shuffled	01477	01477
17429	17429	17429.jpg	01756.jpg	shuffled	01756	01756
17430	17430	17430.jpg	09004.jpg	shuffled	09004	09004
17431	17431	17431.jpg	10471.jpg	shuffled	10471	10471
17432	17432	17432.jpg	10173.jpg	shuffled	10173	10173
17433	17433	17433.jpg	05768.jpg	shuffled	05768	05768
17434	17434	17434.jpg	00912.jpg	shuffled	00912	00912
17435	17435	17435.jpg	02829.jpg	shuffled	02829	02829
17436	17436	17436.jpg	04248.jpg	shuffled	04248	04248
17437	17437	17437.jpg	03364.jpg	shuffled	03364	03364
17438	17438	17438.jpg	04407.jpg	shuffled	04407	04407
17439	17439	17439.jpg	16186.jpg	shuffled	16186	16186
17440	17440	17440.jpg	10079.jpg	shuffled	10079	10079
17441	17441	17441.jpg	06513.jpg	shuffled	06513	06513
17442	17442	17442.jpg	02758.jpg	shuffled	02758	02758
17443	17443	17443.jpg	04230.jpg	shuffled	04230	04230
17444	17444	17444.jpg	16253.jpg	shuffled	16253	16253
17445	17445	17445.jpg	00230.jpg	shuffled	00230	00230
17446	17446	17446.jpg	12395.jpg	shuffled	12395	12395
17447	17447	17447.jpg	07740.jpg	shuffled	07740	07740
17448	17448	17448.jpg	06849.jpg	shuffled	06849	06849
17449	17449	17449.jpg	03653.jpg	shuffled	03653	03653
17450	17450	17450.jpg	10192.jpg	shuffled	10192	10192
17451	17451	17451.jpg	08073.jpg	shuffled	08073	08073
17452	17452	17452.jpg	17899.jpg	shuffled	17899	17899
17453	17453	17453.jpg	07062.jpg	shuffled	07062	07062
17454	17454	17454.jpg	07592.jpg	shuffled	07592	07592
17455	17455	17455.jpg	08518.jpg	shuffled	08518	08518
17456	17456	17456.jpg	13494.jpg	shuffled	13494	13494
17457	17457	17457.jpg	15767.jpg	shuffled	15767	15767
17458	17458	17458.jpg	14692.jpg	shuffled	14692	14692
17459	17459	17459.jpg	07556.jpg	shuffled	07556	07556
17460	17460	17460.jpg	17359.jpg	shuffled	17359	17359
17461	17461	17461.jpg	11542.jpg	shuffled	11542	11542
17462	17462	17462.jpg	03954.jpg	shuffled	03954	03954
17463	17463	17463.jpg	08561.jpg	shuffled	08561	08561
17464	17464	17464.jpg	10580.jpg	shuffled	10580	10580
17465	17465	17465.jpg	06630.jpg	shuffled	06630	06630
17466	17466	17466.jpg	07436.jpg	shuffled	07436	07436
17467	17467	17467.jpg	11889.jpg	shuffled	11889	11889
17468	17468	17468.jpg	06435.jpg	shuffled	06435	06435
17469	17469	17469.jpg	11586.jpg	shuffled	11586	11586
17470	17470	17470.jpg	05605.jpg	shuffled	05605	05605
17471	17471	17471.jpg	15699.jpg	shuffled	15699	15699
17472	17472	17472.jpg	10429.jpg	shuffled	10429	10429
17473	17473	17473.jpg	00533.jpg	shuffled	00533	00533
17474	17474	17474.jpg	16770.jpg	shuffled	16770	16770
17475	17475	17475.jpg	15336.jpg	shuffled	15336	15336
17476	17476	17476.jpg	09532.jpg	shuffled	09532	09532
17477	17477	17477.jpg	09449.jpg	shuffled	09449	09449
17478	17478	17478.jpg	03231.jpg	shuffled	03231	03231
17479	17479	17479.jpg	02315.jpg	shuffled	02315	02315
17480	17480	17480.jpg	09160.jpg	shuffled	09160	09160
17481	17481	17481.jpg	00449.jpg	shuffled	00449	00449
17482	17482	17482.jpg	03413.jpg	shuffled	03413	03413
17483	17483	17483.jpg	07775.jpg	shuffled	07775	07775
17484	17484	17484.jpg	16112.jpg	shuffled	16112	16112
17485	17485	17485.jpg	07445.jpg	shuffled	07445	07445
17486	17486	17486.jpg	16354.jpg	shuffled	16354	16354
17487	17487	17487.jpg	06262.jpg	shuffled	06262	06262
17488	17488	17488.jpg	16376.jpg	shuffled	16376	16376
17489	17489	17489.jpg	11169.jpg	shuffled	11169	11169
17490	17490	17490.jpg	06632.jpg	shuffled	06632	06632
17491	17491	17491.jpg	09399.jpg	shuffled	09399	09399
17492	17492	17492.jpg	15917.jpg	shuffled	15917	15917
17493	17493	17493.jpg	03656.jpg	shuffled	03656	03656
17494	17494	17494.jpg	10386.jpg	shuffled	10386	10386
17495	17495	17495.jpg	16369.jpg	shuffled	16369	16369
17496	17496	17496.jpg	14887.jpg	shuffled	14887	14887
17497	17497	17497.jpg	16455.jpg	shuffled	16455	16455
17498	17498	17498.jpg	15663.jpg	shuffled	15663	15663
17499	17499	17499.jpg	13958.jpg	shuffled	13958	13958
17500	17500	17500.jpg	09202.jpg	shuffled	09202	09202
17501	17501	17501.jpg	03838.jpg	shuffled	03838	03838
17502	17502	17502.jpg	02953.jpg	shuffled	02953	02953
17503	17503	17503.jpg	17504.jpg	shuffled	17504	17504
17504	17504	17504.jpg	16150.jpg	shuffled	16150	16150
17505	17505	17505.jpg	10952.jpg	shuffled	10952	10952
17506	17506	17506.jpg	15984.jpg	shuffled	15984	15984
17507	17507	17507.jpg	13157.jpg	shuffled	13157	13157
17508	17508	17508.jpg	00400.jpg	shuffled	00400	00400
17509	17509	17509.jpg	08030.jpg	shuffled	08030	08030
17510	17510	17510.jpg	13071.jpg	shuffled	13071	13071
17511	17511	17511.jpg	08076.jpg	shuffled	08076	08076
17512	17512	17512.jpg	08032.jpg	shuffled	08032	08032
17513	17513	17513.jpg	06974.jpg	shuffled	06974	06974
17514	17514	17514.jpg	10946.jpg	shuffled	10946	10946
17515	17515	17515.jpg	10203.jpg	shuffled	10203	10203
17516	17516	17516.jpg	00906.jpg	shuffled	00906	00906
17517	17517	17517.jpg	11262.jpg	shuffled	11262	11262
17518	17518	17518.jpg	05159.jpg	shuffled	05159	05159
17519	17519	17519.jpg	12953.jpg	shuffled	12953	12953
17520	17520	17520.jpg	10865.jpg	shuffled	10865	10865
17521	17521	17521.jpg	10024.jpg	shuffled	10024	10024
17522	17522	17522.jpg	16381.jpg	shuffled	16381	16381
17523	17523	17523.jpg	03312.jpg	shuffled	03312	03312
17524	17524	17524.jpg	06491.jpg	shuffled	06491	06491
17525	17525	17525.jpg	05482.jpg	shuffled	05482	05482
17526	17526	17526.jpg	14901.jpg	shuffled	14901	14901
17527	17527	17527.jpg	12046.jpg	shuffled	12046	12046
17528	17528	17528.jpg	02658.jpg	shuffled	02658	02658
17529	17529	17529.jpg	01391.jpg	shuffled	01391	01391
17530	17530	17530.jpg	03876.jpg	shuffled	03876	03876
17531	17531	17531.jpg	05401.jpg	shuffled	05401	05401
17532	17532	17532.jpg	15143.jpg	shuffled	15143	15143
17533	17533	17533.jpg	01699.jpg	shuffled	01699	01699
17534	17534	17534.jpg	16137.jpg	shuffled	16137	16137
17535	17535	17535.jpg	10128.jpg	shuffled	10128	10128
17536	17536	17536.jpg	15324.jpg	shuffled	15324	15324
17537	17537	17537.jpg	04688.jpg	shuffled	04688	04688
17538	17538	17538.jpg	05486.jpg	shuffled	05486	05486
17539	17539	17539.jpg	11709.jpg	shuffled	11709	11709
17540	17540	17540.jpg	07301.jpg	shuffled	07301	07301
17541	17541	17541.jpg	02638.jpg	shuffled	02638	02638
17542	17542	17542.jpg	09214.jpg	shuffled	09214	09214
17543	17543	17543.jpg	07048.jpg	shuffled	07048	07048
17544	17544	17544.jpg	04999.jpg	shuffled	04999	04999
17545	17545	17545.jpg	01555.jpg	shuffled	01555	01555
17546	17546	17546.jpg	13680.jpg	shuffled	13680	13680
17547	17547	17547.jpg	16051.jpg	shuffled	16051	16051
17548	17548	17548.jpg	11778.jpg	shuffled	11778	11778
17549	17549	17549.jpg	13133.jpg	shuffled	13133	13133
17550	17550	17550.jpg	09546.jpg	shuffled	09546	09546
17551	17551	17551.jpg	05368.jpg	shuffled	05368	05368
17552	17552	17552.jpg	10205.jpg	shuffled	10205	10205
17553	17553	17553.jpg	11127.jpg	shuffled	11127	11127
17554	17554	17554.jpg	14469.jpg	shuffled	14469	14469
17555	17555	17555.jpg	13484.jpg	shuffled	13484	13484
17556	17556	17556.jpg	07317.jpg	shuffled	07317	07317
17557	17557	17557.jpg	16041.jpg	shuffled	16041	16041
17558	17558	17558.jpg	00872.jpg	shuffled	00872	00872
17559	17559	17559.jpg	15386.jpg	shuffled	15386	15386
17560	17560	17560.jpg	02594.jpg	shuffled	02594	02594
17561	17561	17561.jpg	02248.jpg	shuffled	02248	02248
17562	17562	17562.jpg	04938.jpg	shuffled	04938	04938
17563	17563	17563.jpg	01728.jpg	shuffled	01728	01728
17564	17564	17564.jpg	16291.jpg	shuffled	16291	16291
17565	17565	17565.jpg	08443.jpg	shuffled	08443	08443
17566	17566	17566.jpg	15436.jpg	shuffled	15436	15436
17567	17567	17567.jpg	00027.jpg	shuffled	00027	00027
17568	17568	17568.jpg	07273.jpg	shuffled	07273	07273
17569	17569	17569.jpg	04159.jpg	shuffled	04159	04159
17570	17570	17570.jpg	15323.jpg	shuffled	15323	15323
17571	17571	17571.jpg	16254.jpg	shuffled	16254	16254
17572	17572	17572.jpg	12689.jpg	shuffled	12689	12689
17573	17573	17573.jpg	03490.jpg	shuffled	03490	03490
17574	17574	17574.jpg	02877.jpg	shuffled	02877	02877
17575	17575	17575.jpg	08770.jpg	shuffled	08770	08770
17576	17576	17576.jpg	14584.jpg	shuffled	14584	14584
17577	17577	17577.jpg	06898.jpg	shuffled	06898	06898
17578	17578	17578.jpg	09931.jpg	shuffled	09931	09931
17579	17579	17579.jpg	11410.jpg	shuffled	11410	11410
17580	17580	17580.jpg	09858.jpg	shuffled	09858	09858
17581	17581	17581.jpg	05336.jpg	shuffled	05336	05336
17582	17582	17582.jpg	12642.jpg	shuffled	12642	12642
17583	17583	17583.jpg	06389.jpg	shuffled	06389	06389
17584	17584	17584.jpg	17940.jpg	shuffled	17940	17940
17585	17585	17585.jpg	17906.jpg	shuffled	17906	17906
17586	17586	17586.jpg	17946.jpg	shuffled	17946	17946
17587	17587	17587.jpg	14216.jpg	shuffled	14216	14216
17588	17588	17588.jpg	05518.jpg	shuffled	05518	05518
17589	17589	17589.jpg	16065.jpg	shuffled	16065	16065
17590	17590	17590.jpg	05280.jpg	shuffled	05280	05280
17591	17591	17591.jpg	07061.jpg	shuffled	07061	07061
17592	17592	17592.jpg	07200.jpg	shuffled	07200	07200
17593	17593	17593.jpg	01838.jpg	shuffled	01838	01838
17594	17594	17594.jpg	05851.jpg	shuffled	05851	05851
17595	17595	17595.jpg	16352.jpg	shuffled	16352	16352
17596	17596	17596.jpg	03188.jpg	shuffled	03188	03188
17597	17597	17597.jpg	04054.jpg	shuffled	04054	04054
17598	17598	17598.jpg	05704.jpg	shuffled	05704	05704
17599	17599	17599.jpg	11307.jpg	shuffled	11307	11307
17600	17600	17600.jpg	10130.jpg	shuffled	10130	10130
17601	17601	17601.jpg	12894.jpg	shuffled	12894	12894
17602	17602	17602.jpg	05733.jpg	shuffled	05733	05733
17603	17603	17603.jpg	10183.jpg	shuffled	10183	10183
17604	17604	17604.jpg	02766.jpg	shuffled	02766	02766
17605	17605	17605.jpg	13136.jpg	shuffled	13136	13136
17606	17606	17606.jpg	06499.jpg	shuffled	06499	06499
17607	17607	17607.jpg	17825.jpg	shuffled	17825	17825
17608	17608	17608.jpg	05908.jpg	shuffled	05908	05908
17609	17609	17609.jpg	14351.jpg	shuffled	14351	14351
17610	17610	17610.jpg	11997.jpg	shuffled	11997	11997
17611	17611	17611.jpg	01851.jpg	shuffled	01851	01851
17612	17612	17612.jpg	06890.jpg	shuffled	06890	06890
17613	17613	17613.jpg	13436.jpg	shuffled	13436	13436
17614	17614	17614.jpg	00804.jpg	shuffled	00804	00804
17615	17615	17615.jpg	14281.jpg	shuffled	14281	14281
17616	17616	17616.jpg	10019.jpg	shuffled	10019	10019
17617	17617	17617.jpg	06958.jpg	shuffled	06958	06958
17618	17618	17618.jpg	06657.jpg	shuffled	06657	06657
17619	17619	17619.jpg	05697.jpg	shuffled	05697	05697
17620	17620	17620.jpg	03841.jpg	shuffled	03841	03841
17621	17621	17621.jpg	16280.jpg	shuffled	16280	16280
17622	17622	17622.jpg	14819.jpg	shuffled	14819	14819
17623	17623	17623.jpg	14002.jpg	shuffled	14002	14002
17624	17624	17624.jpg	13822.jpg	shuffled	13822	13822
17625	17625	17625.jpg	05566.jpg	shuffled	05566	05566
17626	17626	17626.jpg	03678.jpg	shuffled	03678	03678
17627	17627	17627.jpg	04963.jpg	shuffled	04963	04963
17628	17628	17628.jpg	06926.jpg	shuffled	06926	06926
17629	17629	17629.jpg	14875.jpg	shuffled	14875	14875
17630	17630	17630.jpg	14199.jpg	shuffled	14199	14199
17631	17631	17631.jpg	03266.jpg	shuffled	03266	03266
17632	17632	17632.jpg	10191.jpg	shuffled	10191	10191
17633	17633	17633.jpg	03560.jpg	shuffled	03560	03560
17634	17634	17634.jpg	08388.jpg	shuffled	08388	08388
17635	17635	17635.jpg	05517.jpg	shuffled	05517	05517
17636	17636	17636.jpg	05157.jpg	shuffled	05157	05157
17637	17637	17637.jpg	17830.jpg	shuffled	17830	17830
17638	17638	17638.jpg	02287.jpg	shuffled	02287	02287
17639	17639	17639.jpg	01078.jpg	shuffled	01078	01078
17640	17640	17640.jpg	03943.jpg	shuffled	03943	03943
17641	17641	17641.jpg	06431.jpg	shuffled	06431	06431
17642	17642	17642.jpg	00697.jpg	shuffled	00697	00697
17643	17643	17643.jpg	01505.jpg	shuffled	01505	01505
17644	17644	17644.jpg	08485.jpg	shuffled	08485	08485
17645	17645	17645.jpg	02381.jpg	shuffled	02381	02381
17646	17646	17646.jpg	14152.jpg	shuffled	14152	14152
17647	17647	17647.jpg	14091.jpg	shuffled	14091	14091
17648	17648	17648.jpg	02784.jpg	shuffled	02784	02784
17649	17649	17649.jpg	15439.jpg	shuffled	15439	15439
17650	17650	17650.jpg	13870.jpg	shuffled	13870	13870
17651	17651	17651.jpg	11862.jpg	shuffled	11862	11862
17652	17652	17652.jpg	05013.jpg	shuffled	05013	05013
17653	17653	17653.jpg	04142.jpg	shuffled	04142	04142
17654	17654	17654.jpg	01646.jpg	shuffled	01646	01646
17655	17655	17655.jpg	02626.jpg	shuffled	02626	02626
17656	17656	17656.jpg	16767.jpg	shuffled	16767	16767
17657	17657	17657.jpg	04672.jpg	shuffled	04672	04672
17658	17658	17658.jpg	10893.jpg	shuffled	10893	10893
17659	17659	17659.jpg	08337.jpg	shuffled	08337	08337
17660	17660	17660.jpg	15138.jpg	shuffled	15138	15138
17661	17661	17661.jpg	00902.jpg	shuffled	00902	00902
17662	17662	17662.jpg	08952.jpg	shuffled	08952	08952
17663	17663	17663.jpg	07260.jpg	shuffled	07260	07260
17664	17664	17664.jpg	00676.jpg	shuffled	00676	00676
17665	17665	17665.jpg	05973.jpg	shuffled	05973	05973
17666	17666	17666.jpg	16468.jpg	shuffled	16468	16468
17667	17667	17667.jpg	17062.jpg	shuffled	17062	17062
17668	17668	17668.jpg	15054.jpg	shuffled	15054	15054
17669	17669	17669.jpg	02613.jpg	shuffled	02613	02613
17670	17670	17670.jpg	01091.jpg	shuffled	01091	01091
17671	17671	17671.jpg	16911.jpg	shuffled	16911	16911
17672	17672	17672.jpg	05581.jpg	shuffled	05581	05581
17673	17673	17673.jpg	17860.jpg	shuffled	17860	17860
17674	17674	17674.jpg	12695.jpg	shuffled	12695	12695
17675	17675	17675.jpg	14972.jpg	shuffled	14972	14972
17676	17676	17676.jpg	10233.jpg	shuffled	10233	10233
17677	17677	17677.jpg	06921.jpg	shuffled	06921	06921
17678	17678	17678.jpg	07721.jpg	shuffled	07721	07721
17679	17679	17679.jpg	17166.jpg	shuffled	17166	17166
17680	17680	17680.jpg	16819.jpg	shuffled	16819	16819
17681	17681	17681.jpg	16613.jpg	shuffled	16613	16613
17682	17682	17682.jpg	12389.jpg	shuffled	12389	12389
17683	17683	17683.jpg	11593.jpg	shuffled	11593	11593
17684	17684	17684.jpg	06788.jpg	shuffled	06788	06788
17685	17685	17685.jpg	01373.jpg	shuffled	01373	01373
17686	17686	17686.jpg	01806.jpg	shuffled	01806	01806
17687	17687	17687.jpg	12164.jpg	shuffled	12164	12164
17688	17688	17688.jpg	16549.jpg	shuffled	16549	16549
17689	17689	17689.jpg	13885.jpg	shuffled	13885	13885
17690	17690	17690.jpg	03546.jpg	shuffled	03546	03546
17691	17691	17691.jpg	13311.jpg	shuffled	13311	13311
17692	17692	17692.jpg	14133.jpg	shuffled	14133	14133
17693	17693	17693.jpg	16746.jpg	shuffled	16746	16746
17694	17694	17694.jpg	11524.jpg	shuffled	11524	11524
17695	17695	17695.jpg	17644.jpg	shuffled	17644	17644
17696	17696	17696.jpg	09375.jpg	shuffled	09375	09375
17697	17697	17697.jpg	13670.jpg	shuffled	13670	13670
17698	17698	17698.jpg	15020.jpg	shuffled	15020	15020
17699	17699	17699.jpg	00974.jpg	shuffled	00974	00974
17700	17700	17700.jpg	02669.jpg	shuffled	02669	02669
17701	17701	17701.jpg	05504.jpg	shuffled	05504	05504
17702	17702	17702.jpg	08659.jpg	shuffled	08659	08659
17703	17703	17703.jpg	14737.jpg	shuffled	14737	14737
17704	17704	17704.jpg	13054.jpg	shuffled	13054	13054
17705	17705	17705.jpg	12981.jpg	shuffled	12981	12981
17706	17706	17706.jpg	16943.jpg	shuffled	16943	16943
17707	17707	17707.jpg	04961.jpg	shuffled	04961	04961
17708	17708	17708.jpg	02272.jpg	shuffled	02272	02272
17709	17709	17709.jpg	00712.jpg	shuffled	00712	00712
17710	17710	17710.jpg	05149.jpg	shuffled	05149	05149
17711	17711	17711.jpg	01166.jpg	shuffled	01166	01166
17712	17712	17712.jpg	14850.jpg	shuffled	14850	14850
17713	17713	17713.jpg	15724.jpg	shuffled	15724	15724
17714	17714	17714.jpg	07860.jpg	shuffled	07860	07860
17715	17715	17715.jpg	08745.jpg	shuffled	08745	08745
17716	17716	17716.jpg	17795.jpg	shuffled	17795	17795
17717	17717	17717.jpg	05395.jpg	shuffled	05395	05395
17718	17718	17718.jpg	14137.jpg	shuffled	14137	14137
17719	17719	17719.jpg	01651.jpg	shuffled	01651	01651
17720	17720	17720.jpg	12250.jpg	shuffled	12250	12250
17721	17721	17721.jpg	16475.jpg	shuffled	16475	16475
17722	17722	17722.jpg	12222.jpg	shuffled	12222	12222
17723	17723	17723.jpg	05568.jpg	shuffled	05568	05568
17724	17724	17724.jpg	08009.jpg	shuffled	08009	08009
17725	17725	17725.jpg	11894.jpg	shuffled	11894	11894
17726	17726	17726.jpg	00282.jpg	shuffled	00282	00282
17727	17727	17727.jpg	04740.jpg	shuffled	04740	04740
17728	17728	17728.jpg	08191.jpg	shuffled	08191	08191
17729	17729	17729.jpg	12549.jpg	shuffled	12549	12549
17730	17730	17730.jpg	10695.jpg	shuffled	10695	10695
17731	17731	17731.jpg	12190.jpg	shuffled	12190	12190
17732	17732	17732.jpg	11618.jpg	shuffled	11618	11618
17733	17733	17733.jpg	08455.jpg	shuffled	08455	08455
17734	17734	17734.jpg	02968.jpg	shuffled	02968	02968
17735	17735	17735.jpg	14590.jpg	shuffled	14590	14590
17736	17736	17736.jpg	10315.jpg	shuffled	10315	10315
17737	17737	17737.jpg	13318.jpg	shuffled	13318	13318
17738	17738	17738.jpg	11037.jpg	shuffled	11037	11037
17739	17739	17739.jpg	11007.jpg	shuffled	11007	11007
17740	17740	17740.jpg	00420.jpg	shuffled	00420	00420
17741	17741	17741.jpg	11235.jpg	shuffled	11235	11235
17742	17742	17742.jpg	04112.jpg	shuffled	04112	04112
17743	17743	17743.jpg	08489.jpg	shuffled	08489	08489
17744	17744	17744.jpg	02018.jpg	shuffled	02018	02018
17745	17745	17745.jpg	11192.jpg	shuffled	11192	11192
17746	17746	17746.jpg	11041.jpg	shuffled	11041	11041
17747	17747	17747.jpg	08286.jpg	shuffled	08286	08286
17748	17748	17748.jpg	15088.jpg	shuffled	15088	15088
17749	17749	17749.jpg	13169.jpg	shuffled	13169	13169
17750	17750	17750.jpg	07507.jpg	shuffled	07507	07507
17751	17751	17751.jpg	05333.jpg	shuffled	05333	05333
17752	17752	17752.jpg	11925.jpg	shuffled	11925	11925
17753	17753	17753.jpg	03324.jpg	shuffled	03324	03324
17754	17754	17754.jpg	07518.jpg	shuffled	07518	07518
17755	17755	17755.jpg	17864.jpg	shuffled	17864	17864
17756	17756	17756.jpg	17041.jpg	shuffled	17041	17041
17757	17757	17757.jpg	14834.jpg	shuffled	14834	14834
17758	17758	17758.jpg	15588.jpg	shuffled	15588	15588
17759	17759	17759.jpg	17453.jpg	shuffled	17453	17453
17760	17760	17760.jpg	14595.jpg	shuffled	14595	14595
17761	17761	17761.jpg	09251.jpg	shuffled	09251	09251
17762	17762	17762.jpg	14183.jpg	shuffled	14183	14183
17763	17763	17763.jpg	05472.jpg	shuffled	05472	05472
17764	17764	17764.jpg	13705.jpg	shuffled	13705	13705
17765	17765	17765.jpg	08365.jpg	shuffled	08365	08365
17766	17766	17766.jpg	07349.jpg	shuffled	07349	07349
17767	17767	17767.jpg	13544.jpg	shuffled	13544	13544
17768	17768	17768.jpg	00622.jpg	shuffled	00622	00622
17769	17769	17769.jpg	06650.jpg	shuffled	06650	06650
17770	17770	17770.jpg	05567.jpg	shuffled	05567	05567
17771	17771	17771.jpg	04451.jpg	shuffled	04451	04451
17772	17772	17772.jpg	12360.jpg	shuffled	12360	12360
17773	17773	17773.jpg	05608.jpg	shuffled	05608	05608
17774	17774	17774.jpg	12789.jpg	shuffled	12789	12789
17775	17775	17775.jpg	07559.jpg	shuffled	07559	07559
17776	17776	17776.jpg	10464.jpg	shuffled	10464	10464
17777	17777	17777.jpg	02770.jpg	shuffled	02770	02770
17778	17778	17778.jpg	12386.jpg	shuffled	12386	12386
17779	17779	17779.jpg	06778.jpg	shuffled	06778	06778
17780	17780	17780.jpg	14983.jpg	shuffled	14983	14983
17781	17781	17781.jpg	07780.jpg	shuffled	07780	07780
17782	17782	17782.jpg	17343.jpg	shuffled	17343	17343
17783	17783	17783.jpg	06538.jpg	shuffled	06538	06538
17784	17784	17784.jpg	01664.jpg	shuffled	01664	01664
17785	17785	17785.jpg	02235.jpg	shuffled	02235	02235
17786	17786	17786.jpg	14988.jpg	shuffled	14988	14988
17787	17787	17787.jpg	15479.jpg	shuffled	15479	15479
17788	17788	17788.jpg	02186.jpg	shuffled	02186	02186
17789	17789	17789.jpg	01325.jpg	shuffled	01325	01325
17790	17790	17790.jpg	02653.jpg	shuffled	02653	02653
17791	17791	17791.jpg	03232.jpg	shuffled	03232	03232
17792	17792	17792.jpg	02077.jpg	shuffled	02077	02077
17793	17793	17793.jpg	07795.jpg	shuffled	07795	07795
17794	17794	17794.jpg	14254.jpg	shuffled	14254	14254
17795	17795	17795.jpg	10291.jpg	shuffled	10291	10291
17796	17796	17796.jpg	13966.jpg	shuffled	13966	13966
17797	17797	17797.jpg	06200.jpg	shuffled	06200	06200
17798	17798	17798.jpg	10574.jpg	shuffled	10574	10574
17799	17799	17799.jpg	14782.jpg	shuffled	14782	14782
17800	17800	17800.jpg	02663.jpg	shuffled	02663	02663
17801	17801	17801.jpg	03712.jpg	shuffled	03712	03712
17802	17802	17802.jpg	16572.jpg	shuffled	16572	16572
17803	17803	17803.jpg	06772.jpg	shuffled	06772	06772
17804	17804	17804.jpg	10615.jpg	shuffled	10615	10615
17805	17805	17805.jpg	14340.jpg	shuffled	14340	14340
17806	17806	17806.jpg	15024.jpg	shuffled	15024	15024
17807	17807	17807.jpg	09146.jpg	shuffled	09146	09146
17808	17808	17808.jpg	09956.jpg	shuffled	09956	09956
17809	17809	17809.jpg	12197.jpg	shuffled	12197	12197
17810	17810	17810.jpg	17115.jpg	shuffled	17115	17115
17811	17811	17811.jpg	13891.jpg	shuffled	13891	13891
17812	17812	17812.jpg	15392.jpg	shuffled	15392	15392
17813	17813	17813.jpg	17849.jpg	shuffled	17849	17849
17814	17814	17814.jpg	01060.jpg	shuffled	01060	01060
17815	17815	17815.jpg	09212.jpg	shuffled	09212	09212
17816	17816	17816.jpg	10977.jpg	shuffled	10977	10977
17817	17817	17817.jpg	04388.jpg	shuffled	04388	04388
17818	17818	17818.jpg	09364.jpg	shuffled	09364	09364
17819	17819	17819.jpg	02880.jpg	shuffled	02880	02880
17820	17820	17820.jpg	14838.jpg	shuffled	14838	14838
17821	17821	17821.jpg	17208.jpg	shuffled	17208	17208
17822	17822	17822.jpg	01622.jpg	shuffled	01622	01622
17823	17823	17823.jpg	01447.jpg	shuffled	01447	01447
17824	17824	17824.jpg	13925.jpg	shuffled	13925	13925
17825	17825	17825.jpg	07900.jpg	shuffled	07900	07900
17826	17826	17826.jpg	10983.jpg	shuffled	10983	10983
17827	17827	17827.jpg	05904.jpg	shuffled	05904	05904
17828	17828	17828.jpg	03893.jpg	shuffled	03893	03893
17829	17829	17829.jpg	06072.jpg	shuffled	06072	06072
17830	17830	17830.jpg	04413.jpg	shuffled	04413	04413
17831	17831	17831.jpg	05386.jpg	shuffled	05386	05386
17832	17832	17832.jpg	02133.jpg	shuffled	02133	02133
17833	17833	17833.jpg	07002.jpg	shuffled	07002	07002
17834	17834	17834.jpg	10274.jpg	shuffled	10274	10274
17835	17835	17835.jpg	17929.jpg	shuffled	17929	17929
17836	17836	17836.jpg	13627.jpg	shuffled	13627	13627
17837	17837	17837.jpg	05228.jpg	shuffled	05228	05228
17838	17838	17838.jpg	16915.jpg	shuffled	16915	16915
17839	17839	17839.jpg	01836.jpg	shuffled	01836	01836
17840	17840	17840.jpg	05828.jpg	shuffled	05828	05828
17841	17841	17841.jpg	05724.jpg	shuffled	05724	05724
17842	17842	17842.jpg	00368.jpg	shuffled	00368	00368
17843	17843	17843.jpg	17419.jpg	shuffled	17419	17419
17844	17844	17844.jpg	06370.jpg	shuffled	06370	06370
17845	17845	17845.jpg	02793.jpg	shuffled	02793	02793
17846	17846	17846.jpg	02072.jpg	shuffled	02072	02072
17847	17847	17847.jpg	00305.jpg	shuffled	00305	00305
17848	17848	17848.jpg	05238.jpg	shuffled	05238	05238
17849	17849	17849.jpg	13001.jpg	shuffled	13001	13001
17850	17850	17850.jpg	05881.jpg	shuffled	05881	05881
17851	17851	17851.jpg	13477.jpg	shuffled	13477	13477
17852	17852	17852.jpg	06106.jpg	shuffled	06106	06106
17853	17853	17853.jpg	04183.jpg	shuffled	04183	04183
17854	17854	17854.jpg	05640.jpg	shuffled	05640	05640
17855	17855	17855.jpg	07218.jpg	shuffled	07218	07218
17856	17856	17856.jpg	06508.jpg	shuffled	06508	06508
17857	17857	17857.jpg	05919.jpg	shuffled	05919	05919
17858	17858	17858.jpg	01598.jpg	shuffled	01598	01598
17859	17859	17859.jpg	10719.jpg	shuffled	10719	10719
17860	17860	17860.jpg	07447.jpg	shuffled	07447	07447
17861	17861	17861.jpg	07495.jpg	shuffled	07495	07495
17862	17862	17862.jpg	08999.jpg	shuffled	08999	08999
17863	17863	17863.jpg	15877.jpg	shuffled	15877	15877
17864	17864	17864.jpg	07430.jpg	shuffled	07430	07430
17865	17865	17865.jpg	00625.jpg	shuffled	00625	00625
17866	17866	17866.jpg	11025.jpg	shuffled	11025	11025
17867	17867	17867.jpg	10581.jpg	shuffled	10581	10581
17868	17868	17868.jpg	05781.jpg	shuffled	05781	05781
17869	17869	17869.jpg	14012.jpg	shuffled	14012	14012
17870	17870	17870.jpg	12771.jpg	shuffled	12771	12771
17871	17871	17871.jpg	06724.jpg	shuffled	06724	06724
17872	17872	17872.jpg	16236.jpg	shuffled	16236	16236
17873	17873	17873.jpg	01047.jpg	shuffled	01047	01047
17874	17874	17874.jpg	07482.jpg	shuffled	07482	07482
17875	17875	17875.jpg	01671.jpg	shuffled	01671	01671
17876	17876	17876.jpg	17474.jpg	shuffled	17474	17474
17877	17877	17877.jpg	01992.jpg	shuffled	01992	01992
17878	17878	17878.jpg	02426.jpg	shuffled	02426	02426
17879	17879	17879.jpg	09728.jpg	shuffled	09728	09728
17880	17880	17880.jpg	01379.jpg	shuffled	01379	01379
17881	17881	17881.jpg	02583.jpg	shuffled	02583	02583
17882	17882	17882.jpg	05616.jpg	shuffled	05616	05616
17883	17883	17883.jpg	04116.jpg	shuffled	04116	04116
17884	17884	17884.jpg	09456.jpg	shuffled	09456	09456
17885	17885	17885.jpg	12456.jpg	shuffled	12456	12456
17886	17886	17886.jpg	02008.jpg	shuffled	02008	02008
17887	17887	17887.jpg	05492.jpg	shuffled	05492	05492
17888	17888	17888.jpg	16932.jpg	shuffled	16932	16932
17889	17889	17889.jpg	04664.jpg	shuffled	04664	04664
17890	17890	17890.jpg	10209.jpg	shuffled	10209	10209
17891	17891	17891.jpg	06484.jpg	shuffled	06484	06484
17892	17892	17892.jpg	11892.jpg	shuffled	11892	11892
17893	17893	17893.jpg	02362.jpg	shuffled	02362	02362
17894	17894	17894.jpg	10909.jpg	shuffled	10909	10909
17895	17895	17895.jpg	08553.jpg	shuffled	08553	08553
17896	17896	17896.jpg	15210.jpg	shuffled	15210	15210
17897	17897	17897.jpg	02774.jpg	shuffled	02774	02774
17898	17898	17898.jpg	15833.jpg	shuffled	15833	15833
17899	17899	17899.jpg	06040.jpg	shuffled	06040	06040
17900	17900	17900.jpg	09699.jpg	shuffled	09699	09699
17901	17901	17901.jpg	05387.jpg	shuffled	05387	05387
17902	17902	17902.jpg	00816.jpg	shuffled	00816	00816
17903	17903	17903.jpg	10255.jpg	shuffled	10255	10255
17904	17904	17904.jpg	03240.jpg	shuffled	03240	03240
17905	17905	17905.jpg	12649.jpg	shuffled	12649	12649
17906	17906	17906.jpg	03463.jpg	shuffled	03463	03463
17907	17907	17907.jpg	17264.jpg	shuffled	17264	17264
17908	17908	17908.jpg	09525.jpg	shuffled	09525	09525
17909	17909	17909.jpg	02169.jpg	shuffled	02169	02169
17910	17910	17910.jpg	09522.jpg	shuffled	09522	09522
17911	17911	17911.jpg	01017.jpg	shuffled	01017	01017
17912	17912	17912.jpg	13364.jpg	shuffled	13364	13364
17913	17913	17913.jpg	08022.jpg	shuffled	08022	08022
17914	17914	17914.jpg	06745.jpg	shuffled	06745	06745
17915	17915	17915.jpg	03681.jpg	shuffled	03681	03681
17916	17916	17916.jpg	17274.jpg	shuffled	17274	17274
17917	17917	17917.jpg	08754.jpg	shuffled	08754	08754
17918	17918	17918.jpg	13047.jpg	shuffled	13047	13047
17919	17919	17919.jpg	11295.jpg	shuffled	11295	11295
17920	17920	17920.jpg	17461.jpg	shuffled	17461	17461
17921	17921	17921.jpg	11982.jpg	shuffled	11982	11982
17922	17922	17922.jpg	12029.jpg	shuffled	12029	12029
17923	17923	17923.jpg	12520.jpg	shuffled	12520	12520
17924	17924	17924.jpg	07879.jpg	shuffled	07879	07879
17925	17925	17925.jpg	11745.jpg	shuffled	11745	11745
17926	17926	17926.jpg	12871.jpg	shuffled	12871	12871
17927	17927	17927.jpg	10853.jpg	shuffled	10853	10853
17928	17928	17928.jpg	13452.jpg	shuffled	13452	13452
17929	17929	17929.jpg	04091.jpg	shuffled	04091	04091
17930	17930	17930.jpg	04918.jpg	shuffled	04918	04918
17931	17931	17931.jpg	11135.jpg	shuffled	11135	11135
17932	17932	17932.jpg	11576.jpg	shuffled	11576	11576
17933	17933	17933.jpg	08826.jpg	shuffled	08826	08826
17934	17934	17934.jpg	07544.jpg	shuffled	07544	07544
17935	17935	17935.jpg	08156.jpg	shuffled	08156	08156
17936	17936	17936.jpg	13927.jpg	shuffled	13927	13927
17937	17937	17937.jpg	08004.jpg	shuffled	08004	08004
17938	17938	17938.jpg	13226.jpg	shuffled	13226	13226
17939	17939	17939.jpg	09836.jpg	shuffled	09836	09836
17940	17940	17940.jpg	13513.jpg	shuffled	13513	13513
17941	17941	17941.jpg	12676.jpg	shuffled	12676	12676
17942	17942	17942.jpg	11683.jpg	shuffled	11683	11683
17943	17943	17943.jpg	11064.jpg	shuffled	11064	11064
17944	17944	17944.jpg	04324.jpg	shuffled	04324	04324
17945	17945	17945.jpg	09563.jpg	shuffled	09563	09563
17946	17946	17946.jpg	10169.jpg	shuffled	10169	10169
17947	17947	17947.jpg	04603.jpg	shuffled	04603	04603
17948	17948	17948.jpg	11343.jpg	shuffled	11343	11343
17949	17949	17949.jpg	14432.jpg	shuffled	14432	14432
17950	17950	17950.jpg	00089.jpg	shuffled	00089	00089
17951	17951	17951.jpg	05663.jpg	shuffled	05663	05663
17952	17952	17952.jpg	03899.jpg	shuffled	03899	03899
17953	17953	17953.jpg	17259.jpg	shuffled	17259	17259
17954	17954	17954.jpg	07102.jpg	shuffled	07102	07102
17955	17955	17955.jpg	07370.jpg	shuffled	07370	07370
17956	17956	17956.jpg	01121.jpg	shuffled	01121	01121
17957	17957	17957.jpg	04165.jpg	shuffled	04165	04165
17958	17958	17958.jpg	10597.jpg	shuffled	10597	10597
17959	17959	17959.jpg	08469.jpg	shuffled	08469	08469
17960	17960	17960.jpg	07277.jpg	shuffled	07277	07277
17961	17961	17961.jpg	00220.jpg	shuffled	00220	00220
17962	17962	17962.jpg	01679.jpg	shuffled	01679	01679
17963	17963	17963.jpg	13974.jpg	shuffled	13974	13974
17964	17964	17964.jpg	04902.jpg	shuffled	04902	04902
17965	17965	17965.jpg	08247.jpg	shuffled	08247	08247
17966	17966	17966.jpg	14504.jpg	shuffled	14504	14504
17967	17967	17967.jpg	07707.jpg	shuffled	07707	07707
17968	17968	17968.jpg	13300.jpg	shuffled	13300	13300
17969	17969	17969.jpg	07186.jpg	shuffled	07186	07186
17970	17970	17970.jpg	10733.jpg	shuffled	10733	10733
17971	17971	17971.jpg	01610.jpg	shuffled	01610	01610
17972	17972	17972.jpg	01593.jpg	shuffled	01593	01593
17973	17973	17973.jpg	17552.jpg	shuffled	17552	17552
17974	17974	17974.jpg	04832.jpg	shuffled	04832	04832
17975	17975	17975.jpg	16517.jpg	shuffled	16517	16517
17976	17976	17976.jpg	07776.jpg	shuffled	07776	07776
17977	17977	17977.jpg	05747.jpg	shuffled	05747	05747
17978	17978	17978.jpg	06482.jpg	shuffled	06482	06482
17979	17979	17979.jpg	13788.jpg	shuffled	13788	13788
17980	17980	17980.jpg	08344.jpg	shuffled	08344	08344
17981	17981	17981.jpg	16480.jpg	shuffled	16480	16480
17982	17982	17982.jpg	08525.jpg	shuffled	08525	08525
17983	17983	17983.jpg	04301.jpg	shuffled	04301	04301
17984	17984	17984.jpg	12984.jpg	shuffled	12984	12984
17985	17985	17985.jpg	04715.jpg	shuffled	04715	04715
17986	17986	17986.jpg	04768.jpg	shuffled	04768	04768
17987	17987	17987.jpg	16348.jpg	shuffled	16348	16348
17988	17988	17988.jpg	01178.jpg	shuffled	01178	01178
17989	17989	17989.jpg	08467.jpg	shuffled	08467	08467
17990	17990	17990.jpg	10228.jpg	shuffled	10228	10228
